frame_id,filtered_joint_0,filtered_joint_1,filtered_joint_2,filtered_joint_3,filtered_joint_4,filtered_joint_5,filtered_joint_6,filtered_joint_7,filtered_joint_8,filtered_joint_9,filtered_joint_10,filtered_joint_11,filtered_joint_12,filtered_joint_13,filtered_joint_14,filtered_joint_15,filtered_joint_16,filtered_joint_17,filtered_joint_18,filtered_joint_19,filtered_joint_20,filtered_joint_21,filtered_joint_22,filtered_joint_23,filtered_joint_24,filtered_joint_25,filtered_joint_26,filtered_joint_27,filtered_joint_28,filtered_joint_29,filtered_joint_30,filtered_joint_31,filtered_joint_32,filtered_joint_33,filtered_joint_34,filtered_joint_35,filtered_joint_36,filtered_joint_37,filtered_joint_38,filtered_joint_39,filtered_joint_40,filtered_joint_41,filtered_joint_42,filtered_joint_43,filtered_joint_44,filtered_joint_45,filtered_joint_46,filtered_joint_47,filtered_joint_48,filtered_joint_49,filtered_joint_50,filtered_joint_51,filtered_joint_52,filtered_joint_53,filtered_joint_54,filtered_joint_55,filtered_joint_56,filtered_joint_57,filtered_joint_58,filtered_joint_59,filtered_joint_60,filtered_joint_61,filtered_joint_62
0,1.3062888383865356,2.328618049621582,-0.20525747537612915,-12.799734115600586,1.474197506904602,10.353384971618652,-4.02153205871582,0.26679378747940063,1.0913294553756714,-2.977627992630005,0.6814587712287903,-1.0730600357055664,-0.16389834880828857,-0.24695417284965515,-2.159548282623291,1.7710813283920288,0.591448962688446,-2.842346668243408,2.421597719192505,-1.7934139966964722,-4.915188312530518,-1.1703678369522095,-1.2157585620880127,-4.2191643714904785,-1.0469615459442139,1.6710622310638428,-0.02824384719133377,0.037453506141901016,0.11985549330711365,-0.012412810698151588,2.614516019821167,-0.887811541557312,-2.780580759048462,1.0749813318252563,0.8599311113357544,-0.8237706422805786,-1.7051289081573486,-0.8741881847381592,-7.036431312561035,0.8007370829582214,0.3279138207435608,-0.3599716126918793,0.13443231582641602,0.37879568338394165,-0.4402555823326111,-7.5909271240234375,-10.828709602355957,-5.574652194976807,-3.667393684387207,4.457228660583496,-4.989011764526367,0.23896276950836182,0.04739648848772049,-1.1088870763778687,1.552135705947876,1.49476957321167,-0.5278679132461548,0.7160460352897644,3.199514865875244,-3.2180793285369873,0.264995276927948,0.7932844161987305,-0.4486315846443176
1,1.2997045516967773,2.319171905517578,-0.14282505214214325,-6.510488986968994,1.0183128118515015,5.846219062805176,-4.084800720214844,0.27015215158462524,1.184361457824707,-2.914950370788574,0.6727510094642639,-1.0672636032104492,-0.19072169065475464,-0.22679659724235535,-2.241467237472534,1.709185004234314,0.582963228225708,-2.7756505012512207,2.410285472869873,-1.73331880569458,-4.827700614929199,-0.920695960521698,-0.7900557518005371,-3.5392937660217285,-1.0158946514129639,1.6122633218765259,-0.013615002855658531,0.03908524289727211,0.12143837660551071,-0.015030325390398502,2.0129570960998535,-1.7234547138214111,-2.330324649810791,1.154733419418335,0.013285577297210693,-2.652259588241577,-1.6985807418823242,-0.9003680944442749,-7.019647121429443,0.8042523860931396,0.3161701261997223,-0.4145435690879822,0.1459665298461914,0.39467424154281616,-0.4597829580307007,-7.674863815307617,-10.85481071472168,-5.786811828613281,-3.672501564025879,4.405921936035156,-5.039122581481934,0.21642166376113892,0.05776823312044144,-1.1296619176864624,1.5457837581634521,1.452319622039795,-0.5193714499473572,0.7814303040504456,3.205589771270752,-3.2236886024475098,0.33840692043304443,0.7865850925445557,-0.341880202293396
2,1.2672680616378784,2.2564969062805176,-0.20528021454811096,-3.1494944095611572,0.7385161519050598,3.4130358695983887,-2.3909554481506348,0.6198548078536987,1.0854254961013794,-2.9564497470855713,0.7046595811843872,-1.1542962789535522,-0.19624730944633484,-0.21713632345199585,-2.252070426940918,1.698241949081421,0.606135368347168,-2.7391676902770996,2.390554666519165,-1.719116449356079,-4.764084815979004,-1.0200247764587402,-1.0019185543060303,-3.903536558151245,-1.0111255645751953,1.5449665784835815,0.04204358905553818,0.03863077238202095,0.12131736427545547,-0.015567013062536716,1.7249598503112793,-2.2526092529296875,-2.0323233604431152,1.155397891998291,-0.45710936188697815,-3.658870220184326,-1.7464308738708496,-0.8664952516555786,-7.05971097946167,0.7733736634254456,0.3036763668060303,-0.4550051689147949,0.1435675472021103,0.40345823764801025,-0.48202186822891235,-7.6450090408325195,-10.883184432983398,-5.8217973709106445,-3.649322509765625,3.478769302368164,-3.9799275398254395,0.14769122004508972,0.05229233205318451,-1.1247187852859497,0.5521261096000671,1.865856647491455,0.15978360176086426,0.8669034838676453,3.19179105758667,-3.2227749824523926,0.36352699995040894,0.7985597848892212,-0.3046347498893738
3,1.1355209350585938,2.139522075653076,-0.20107057690620422,-2.7506332397460938,-0.13380706310272217,4.636665344238281,-2.480484962463379,2.1248345375061035,1.2733454704284668,-2.943185329437256,0.6887788772583008,-1.1270807981491089,-0.07174387574195862,-0.35271191596984863,-2.2649612426757812,1.695246934890747,0.6002599000930786,-2.7759974002838135,2.409184455871582,-1.715972661972046,-4.830387115478516,-1.1193029880523682,-1.1095185279846191,-4.057070255279541,-1.1125144958496094,1.6419050693511963,0.02029568701982498,0.03421032801270485,0.13136491179466248,-0.02391989156603813,2.0779261589050293,-1.5202730894088745,-2.34157133102417,1.1290087699890137,0.1868908554315567,-2.3647303581237793,-1.8748786449432373,-0.8101641535758972,-7.063892364501953,0.703864336013794,0.34908467531204224,-0.1957380324602127,0.1629166603088379,0.39711862802505493,-0.46750786900520325,-7.738740921020508,-10.917664527893066,-5.914772033691406,-3.6894123554229736,3.9221463203430176,-4.450081825256348,0.06449627876281738,0.00214255228638649,-1.022250771522522,-0.045656025409698486,2.0701417922973633,0.5473785400390625,0.8104166984558105,3.2190937995910645,-3.220203399658203,0.3643501102924347,0.8211085796356201,-0.3142179846763611
4,1.1444096565246582,2.1435627937316895,-0.029265671968460083,-2.511483669281006,-0.7071040272712708,5.338031768798828,-2.4945335388183594,2.949090003967285,2.0607943534851074,-3.0139641761779785,0.6830962300300598,-1.1126078367233276,-0.07510817795991898,-0.35626065731048584,-2.2572576999664307,1.6707706451416016,0.5986013412475586,-2.80176043510437,2.4446260929107666,-1.7686774730682373,-4.892962455749512,-1.1580414772033691,-1.1772356033325195,-4.105591297149658,0.5661989450454712,0.3043106198310852,-5.697483062744141,0.05434701219201088,0.1334749162197113,-0.02516365796327591,2.2756147384643555,-1.1311805248260498,-2.526421070098877,1.1813125610351562,0.5268835425376892,-1.5935603380203247,-1.9140644073486328,-0.7910813093185425,-7.01655387878418,0.6311533451080322,0.3779107630252838,-0.0306711345911026,0.20130953192710876,0.39792969822883606,-0.4392274022102356,-7.688414573669434,-10.835477828979492,-6.1075544357299805,-3.603734254837036,4.161891937255859,-4.626594066619873,0.05023159459233284,0.0065898471511900425,-1.1267204284667969,-0.3887287676334381,2.1538496017456055,0.7862521409988403,0.7541913986206055,3.2776527404785156,-3.16378116607666,0.3173386752605438,0.8098143339157104,-0.3736729025840759
5,1.1319866180419922,2.1471056938171387,0.00969499722123146,-2.4092869758605957,-0.9942339658737183,5.702426910400391,-2.5055437088012695,3.436858654022217,2.487196683883667,-3.091027021408081,0.6815495491027832,-1.173363447189331,-0.06544732302427292,-0.3777557611465454,-2.296290397644043,1.6519640684127808,0.6069530844688416,-2.846637487411499,2.5083892345428467,-1.8131664991378784,-4.912227630615234,-1.1687517166137695,-1.2334017753601074,-4.151556491851807,-0.21936652064323425,0.9842987656593323,-3.1063108444213867,0.04423287510871887,0.13934308290481567,-0.019679533317685127,2.4343514442443848,-0.9320403337478638,-2.6825287342071533,1.18033766746521,0.7055826187133789,-1.1922661066055298,-1.974210500717163,-0.7733615040779114,-6.998088359832764,0.6237732172012329,0.40357333421707153,0.05966300517320633,0.2042035311460495,0.4027443528175354,-0.42232322692871094,-7.556975364685059,-10.695230484008789,-6.161427974700928,-3.57000732421875,4.268472194671631,-4.785288333892822,-0.0016966518014669418,0.001873146160505712,-1.141217827796936,0.4468526840209961,1.7880380153656006,0.08880141377449036,0.740414023399353,3.313152313232422,-3.142589569091797,0.3197338581085205,0.8157788515090942,-0.39349281787872314
6,1.185042142868042,2.0897650718688965,0.07794805616140366,-7.697432994842529,0.3574563264846802,7.969250679016113,-3.165715217590332,1.991448163986206,1.9440836906433105,-3.2109947204589844,0.7246419787406921,-1.2316150665283203,-0.022665435448288918,-0.44476863741874695,-2.2981371879577637,1.6241824626922607,0.6013990640640259,-2.7821340560913086,2.5666260719299316,-1.8755645751953125,-4.754100799560547,-1.0735799074172974,-1.2810430526733398,-4.19831657409668,1.110620141029358,-0.08693450689315796,-7.389338493347168,0.050958096981048584,0.11616212129592896,-0.009249418042600155,2.5098540782928467,-0.8902096152305603,-2.791447639465332,1.1496479511260986,0.7936038970947266,-0.9539116621017456,-1.9773478507995605,-0.7883681058883667,-6.935023307800293,0.6755335330963135,0.4179774522781372,0.07215077430009842,0.18992379307746887,0.4057581424713135,-0.46502894163131714,-7.648554801940918,-10.824079513549805,-6.114253044128418,-3.503126382827759,3.3247179985046387,-3.784503936767578,0.05397816747426987,0.06153297424316406,-0.9491020441055298,0.8960012197494507,1.5556305646896362,-0.25417080521583557,0.7003887295722961,3.3390588760375977,-3.116818904876709,0.32942840456962585,0.8173751831054688,-0.4092218577861786
7,1.1603682041168213,2.0442094802856445,0.09262967854738235,-4.481969833374023,-0.12546320259571075,4.588455677032471,-1.9190077781677246,1.5802878141403198,1.463085412979126,-3.2493643760681152,0.7417564392089844,-1.2179620265960693,-0.04662357643246651,-0.4243544936180115,-2.338757038116455,1.620951533317566,0.6254665851593018,-2.810203790664673,2.5550878047943115,-1.87603759765625,-4.844943046569824,-1.0720328092575073,-1.2698317766189575,-4.177953720092773,1.770225167274475,-0.7027967572212219,-9.636343002319336,0.05348914861679077,0.1008317768573761,-0.00553112430498004,2.523326873779297,-0.8051760196685791,-2.797152280807495,1.1889793872833252,0.859826922416687,-0.7754507064819336,-1.944504737854004,-0.8354032039642334,-6.8480963706970215,0.688625693321228,0.4403557777404785,0.10349094867706299,0.17816710472106934,0.4177737236022949,-0.4561454951763153,-7.612058162689209,-10.715712547302246,-6.237361431121826,-3.548696994781494,2.8810744285583496,-3.2308998107910156,-0.01697385683655739,0.02293931320309639,-0.8764342665672302,1.1292366981506348,1.4425606727600098,-0.5204907655715942,0.6770941019058228,3.3461837768554688,-3.0871336460113525,0.2961113452911377,0.8067700862884521,-0.44384387135505676
8,0.8778074383735657,2.0164198875427246,0.07453761249780655,-2.3036787509918213,-0.03220771253108978,2.614744186401367,-2.5684332847595215,1.0506739616394043,1.1816750764846802,-3.1218528747558594,0.7858680486679077,-1.1220427751541138,-0.36639779806137085,-0.15808077156543732,-2.2496676445007324,1.559091329574585,0.6317558288574219,-2.8822226524353027,3.0251431465148926,-2.86391544342041,-5.518504619598389,-0.8509076833724976,-0.668786883354187,-3.5146842002868652,0.7481069564819336,-0.14633452892303467,-5.226424694061279,0.01116115227341652,0.12001262605190277,-0.02580820769071579,2.4435315132141113,-0.7328033447265625,-2.7607953548431396,0.9991253614425659,0.7605675458908081,0.13276582956314087,-1.8174761533737183,-1.0472934246063232,-6.7057905197143555,0.6085809469223022,0.480289101600647,0.19626715779304504,0.18801268935203552,-1.0643713474273682,-0.233831986784935,-7.305090427398682,-10.255046844482422,-6.665696144104004,-3.7718119621276855,2.8431105613708496,-2.8774757385253906,-0.26575127243995667,-0.17681999504566193,-0.9810183048248291,1.1851887702941895,1.484716773033142,-0.9639078378677368,0.9684109687805176,3.2787632942199707,-3.0444440841674805,1.6332592964172363,1.4326640367507935,0.1348046213388443
9,0.6108042001724243,0.6576553583145142,-0.7863949537277222,-1.1854884624481201,-0.05262114852666855,1.4322373867034912,-2.679324150085449,0.8336008787155151,1.0224484205245972,-3.3493638038635254,0.9661660194396973,-1.2769403457641602,-0.41696590185165405,-0.1731649786233902,-2.0917084217071533,1.5314602851867676,0.5608642101287842,-2.9660115242004395,2.6704015731811523,-2.2539024353027344,-5.3386077880859375,-0.7749936580657959,-0.3647090196609497,-3.139425277709961,0.15543359518051147,0.13082565367221832,-2.8226263523101807,0.010815316811203957,0.14106270670890808,-0.01728878915309906,2.3926639556884766,-0.96424400806427,-3.1043732166290283,1.8821099996566772,0.11379912495613098,-1.6960937976837158,-1.8370490074157715,-1.0898462533950806,-6.558627128601074,-2.718111991882324,0.4439433515071869,2.8170855045318604,0.10139170289039612,-0.36910614371299744,-0.2674419581890106,-7.594108581542969,-10.359342575073242,-6.9548845291137695,-3.6160855293273926,3.4302797317504883,-3.589160919189453,-0.2989766001701355,-0.20273137092590332,-0.7912852764129639,1.2563567161560059,1.6049801111221313,-1.15660560131073,0.9177117347717285,3.041353464126587,-2.7607803344726562,1.7011280059814453,1.4134238958358765,0.734165370464325
10,1.7147033214569092,1.739229440689087,1.3301935195922852,-11.26052188873291,0.7966115474700928,6.767334938049316,-1.84434175491333,1.3937797546386719,0.9149425029754639,-4.169134140014648,1.2067983150482178,-1.3873353004455566,-0.534342348575592,0.2902337908744812,-2.173474073410034,1.5115556716918945,0.3581688702106476,-3.0890989303588867,3.6044466495513916,-2.7563095092773438,-4.538443565368652,-0.034900546073913574,-1.0930687189102173,-3.986867904663086,-0.26128968596458435,1.1223853826522827,-2.3609366416931152,0.02450336515903473,0.13547353446483612,0.0004960177466273308,2.173011064529419,-1.180701494216919,-3.299501657485962,1.253246545791626,-0.46988481283187866,-3.048146963119507,-1.4038653373718262,-1.3131102323532104,-6.456410884857178,-1.1975088119506836,0.3627164363861084,1.3488110303878784,-0.2590124309062958,-1.6384845972061157,0.129055917263031,-8.053820610046387,-11.372884750366211,-5.915219306945801,-3.9149184226989746,3.9358789920806885,-4.554038047790527,-0.2446446418762207,0.47661739587783813,-0.8885830044746399,0.6995181441307068,1.416771650314331,-0.9238097667694092,1.272519826889038,2.764439105987549,-2.6855294704437256,1.3986557722091675,0.9700480699539185,-0.18499541282653809
11,-0.20167499780654907,1.414142370223999,-7.042839050292969,-12.666707038879395,0.6009588837623596,10.610771179199219,-1.3464090824127197,1.5420663356781006,0.8262384533882141,-4.183507919311523,1.3469970226287842,-1.3718984127044678,-1.7473950386047363,0.7635778784751892,-2.8681912422180176,1.0059149265289307,0.26745614409446716,-4.253640174865723,4.386236190795898,-2.847382068634033,-3.6575326919555664,0.9340987205505371,-1.306988000869751,-4.5741963386535645,-0.2273290455341339,0.36425042152404785,-6.059215545654297,0.051339901983737946,0.09775860607624054,-0.06589115411043167,2.028611421585083,-1.3390369415283203,-3.8507742881774902,0.9798130989074707,-0.5235022306442261,-3.7691328525543213,-0.5268614292144775,-1.1187869310379028,-5.05387020111084,-3.435422420501709,0.46597951650619507,2.996150016784668,0.26534461975097656,-1.6532762050628662,-0.10888612270355225,-8.03865909576416,-11.947086334228516,-5.590005874633789,-3.595082998275757,3.903275966644287,-4.816161632537842,-0.23109170794487,0.3294246792793274,-0.5548152923583984,1.0688668489456177,2.194061279296875,-0.3964368402957916,1.9787755012512207,0.9258085489273071,-3.2602996826171875,2.19958758354187,-0.16278928518295288,-1.5330086946487427
12,0.08376289159059525,0.9535856246948242,-3.417959690093994,-12.525344848632812,0.6500962972640991,11.976283073425293,-1.144622564315796,1.6858893632888794,0.7586108446121216,-4.16304349899292,1.5166800022125244,-1.3633321523666382,-0.4259184002876282,0.24280180037021637,-2.5023651123046875,1.0771435499191284,0.2617359161376953,-5.045647621154785,4.379676342010498,-2.6749439239501953,-3.110107183456421,1.371716856956482,-1.225438117980957,-4.7238359451293945,-0.4381342828273773,0.030442669987678528,-7.683771133422852,0.055244624614715576,0.10034747421741486,-0.043540142476558685,1.7899763584136963,-1.2406952381134033,-3.40775203704834,1.0555840730667114,-0.27961060404777527,-3.58567476272583,-0.03346872329711914,-0.9766384363174438,-4.294790744781494,-4.5462493896484375,0.4373045265674591,3.844564437866211,0.5993046164512634,-1.6528055667877197,-0.13260506093502045,-7.339931488037109,-11.891658782958984,-5.341756820678711,-3.6017823219299316,2.8349974155426025,-4.353180885314941,-0.15481986105442047,0.37601345777511597,-0.6768597364425659,1.1382899284362793,2.6153922080993652,-0.05730047821998596,2.238084316253662,-0.07356142997741699,-3.4382317066192627,2.405876636505127,-0.7668932676315308,-2.072009325027466
13,-0.8102934956550598,1.0000793933868408,-8.216479301452637,-12.896346092224121,0.397293359041214,13.608866691589355,-0.6548912525177002,2.1742594242095947,1.3945693969726562,-2.6757009029388428,0.96671062707901,-1.0477997064590454,0.23932644724845886,-0.18027620017528534,-2.1694774627685547,1.124175786972046,0.038648203015327454,-3.6901283264160156,4.452925682067871,-2.43649959564209,-2.6463615894317627,0.12023156881332397,-0.7843321561813354,-3.824493408203125,-0.9665549993515015,0.7090774774551392,-4.262444019317627,0.05100974440574646,0.09738078713417053,-0.02301691845059395,1.7319488525390625,-1.3160755634307861,-3.191711902618408,0.6765317320823669,-0.6011223196983337,-3.6662940979003906,-1.7450435161590576,0.03209543228149414,-2.703369617462158,-4.430955410003662,0.4643772840499878,3.511643409729004,0.05486559867858887,-0.8787736296653748,-0.22227934002876282,-3.6352596282958984,-8.334546089172363,-3.375120162963867,-3.4396140575408936,2.7045440673828125,-3.904067039489746,-6.278226852416992,0.5108020901679993,3.0918920040130615,0.77205890417099,3.171994209289551,0.04715368151664734,2.16188383102417,-0.38774946331977844,-3.241056203842163,2.1280224323272705,-0.6308693885803223,-2.007502317428589
14,-1.1757586002349854,0.9803693294525146,-9.483243942260742,-12.936830520629883,0.6104127168655396,13.84564208984375,-0.38937631249427795,2.5540084838867188,1.72285795211792,-1.8701879978179932,0.617267370223999,-0.9646458029747009,-0.5462988615036011,0.7707093358039856,-2.3936543464660645,1.1336050033569336,-0.07039012014865875,-2.84909725189209,4.046422958374023,-2.1137120723724365,-2.149752378463745,-0.3974665403366089,-0.5247054100036621,-3.340837001800537,-1.381216049194336,-0.008937478065490723,-3.394544839859009,0.0778607726097107,0.07678987830877304,-0.05754883587360382,1.668585181236267,-1.3757977485656738,-2.864903450012207,0.550726056098938,-0.7219391465187073,-3.7431960105895996,-1.9087564945220947,0.5175816416740417,-2.5744102001190186,-4.709609031677246,0.467056542634964,3.456515312194824,0.46701887249946594,-0.5805127620697021,-0.5012892484664917,-4.8735432624816895,-9.164896965026855,-4.442612648010254,-3.1163432598114014,2.0703461170196533,-3.5528368949890137,-4.452468395233154,-0.42086413502693176,0.7447284460067749,0.8204358816146851,2.716171979904175,-0.6583954691886902,1.736572027206421,0.9989582896232605,-3.041586399078369,2.235133171081543,0.4787445068359375,-0.9368066191673279
15,-1.4991610050201416,1.0286767482757568,-11.211536407470703,-13.278280258178711,0.23300625383853912,14.523653030395508,-0.21264362335205078,2.8106117248535156,1.7794241905212402,-2.4419288635253906,1.1078795194625854,-0.6859923601150513,-1.1009509563446045,0.06770676374435425,-2.2932605743408203,1.1414588689804077,-0.08732602745294571,-2.4936962127685547,3.5031514167785645,-1.7847270965576172,-2.1436917781829834,-0.7315441370010376,-0.3259119987487793,-3.0928783416748047,-1.6368882656097412,-0.13008250296115875,-5.381270408630371,0.09316467493772507,0.057143766433000565,-0.08308670669794083,1.6563621759414673,-1.1424959897994995,-2.749951124191284,0.5010848045349121,-0.4504868686199188,-3.6324727535247803,-1.826192855834961,-0.208748459815979,-3.121654748916626,-3.751802921295166,0.47678643465042114,3.27732515335083,0.10557016730308533,-0.4062923789024353,-0.3635134696960449,-2.2145252227783203,-6.993791580200195,-3.7665109634399414,-2.7261850833892822,2.881316661834717,-4.31142520904541,-5.782992839813232,0.8511601686477661,1.9428822994232178,1.3166788816452026,1.1704764366149902,-1.1777124404907227,2.034010410308838,0.26420843601226807,-2.9131131172180176,2.213541030883789,0.024336427450180054,-1.3117053508758545
16,-1.7392559051513672,1.069515347480774,-12.663305282592773,-14.220027923583984,0.5883001089096069,14.716602325439453,-0.18566349148750305,2.911320209503174,1.9211256504058838,-2.747805118560791,1.2877339124679565,-0.5213034152984619,-1.429550290107727,-0.2683992385864258,-2.225193977355957,1.1834524869918823,-0.054633866995573044,-2.183549404144287,3.2191381454467773,-1.6268556118011475,-2.061086416244507,-0.9579322338104248,-0.2757453918457031,-3.0064468383789062,-1.7939503192901611,-0.1421658992767334,-6.542553901672363,0.10141521692276001,0.046228859573602676,-0.09966743737459183,1.9406312704086304,-1.2410342693328857,-2.5463645458221436,0.4984360933303833,-0.34485572576522827,-3.628293991088867,-1.7883672714233398,-0.48987525701522827,-3.5220885276794434,-3.1116557121276855,0.452875554561615,3.149078845977783,-0.061358001083135605,-0.23310062289237976,-0.28299784660339355,-3.139167547225952,-6.879552841186523,-5.492207050323486,-2.381287097930908,3.316619873046875,-4.746725082397461,-6.275227069854736,1.5384345054626465,2.5135765075683594,1.4263359308242798,0.34015828371047974,-1.4254655838012695,1.9763307571411133,-0.11057955026626587,-2.8629519939422607,1.9084410667419434,-0.09568792581558228,-1.479504942893982
17,-0.021828293800354004,1.4211418628692627,-6.51239538192749,-8.049321174621582,-0.42226406931877136,10.083600044250488,-0.32023513317108154,2.306941270828247,1.2134639024734497,-3.193986415863037,1.368896722793579,-1.1220886707305908,-1.619322657585144,-0.5928574204444885,-1.7456923723220825,0.44490301609039307,-0.5489003658294678,-0.8673471212387085,2.8733434677124023,-1.9935332536697388,-2.887256145477295,0.08207464218139648,-0.4877523183822632,-3.480759620666504,-1.3283430337905884,0.2833775281906128,-3.52225399017334,0.07421810179948807,0.058863863348960876,-0.06692104041576385,1.4555983543395996,-1.1082673072814941,-2.1776177883148193,0.6604388356208801,-0.5484133958816528,-4.1372294425964355,-1.5379443168640137,-0.4597770571708679,-3.9032111167907715,-1.4887492656707764,0.5610093474388123,1.9753283262252808,0.1956554651260376,-0.7053781747817993,0.00743439793586731,-3.29386568069458,-7.722055435180664,-5.630125045776367,-2.693626880645752,3.352224588394165,-4.242030620574951,-3.417952537536621,0.6044721603393555,0.7129200100898743,-0.07765614986419678,1.7632485628128052,-1.2071516513824463,1.8724168539047241,1.0470212697982788,-2.980546236038208,0.6508671641349792,0.6836341619491577,-0.7216180562973022
18,0.2799927890300751,1.0911033153533936,-3.7925429344177246,-4.780165195465088,-0.6190897226333618,5.667885780334473,-0.5140707492828369,1.8843051195144653,0.9594582319259644,-3.6390905380249023,1.7637230157852173,-1.440504550933838,-0.5947943329811096,-0.3786247670650482,-1.4974138736724854,0.46380093693733215,-0.34746280312538147,-1.0798358917236328,2.132911443710327,-1.7309134006500244,-3.4120376110076904,-0.30280768871307373,-0.003651231527328491,-2.9233345985412598,-1.1995391845703125,0.9303609728813171,-1.8360878229141235,0.08715927600860596,0.05812983959913254,-0.09305867552757263,1.6996612548828125,-1.2292927503585815,-2.66880464553833,0.522129476070404,-0.8751223683357239,-4.137491703033447,-1.2987264394760132,-0.41744619607925415,-4.899888038635254,-2.8634586334228516,0.6175698041915894,2.843708038330078,0.31596294045448303,-0.8607567548751831,0.1587408483028412,-4.198307037353516,-8.677059173583984,-5.3997087478637695,-2.6634325981140137,3.100991725921631,-3.9824934005737305,-1.854996919631958,0.1830202341079712,0.05403637886047363,-0.9450451135635376,2.215681552886963,-1.3312382698059082,0.3751363158226013,2.00991153717041,-3.313973903656006,-0.19385308027267456,1.816789150238037,-0.2537158131599426
19,0.4462360143661499,0.918260395526886,-2.287274122238159,-2.1321146488189697,-0.38870394229888916,3.369107961654663,-0.5398185849189758,1.8092504739761353,0.9536727070808411,-4.596576690673828,1.4039658308029175,-1.899166464805603,-0.12229041755199432,0.1702703982591629,-1.5091707706451416,0.7148244380950928,0.015970036387443542,-1.3775733709335327,2.1594271659851074,-1.7313079833984375,-4.06898307800293,-0.3520359396934509,0.11956069618463516,-2.8140711784362793,-1.5454015731811523,0.4413948655128479,-3.9910430908203125,0.07629692554473877,0.08148545026779175,-0.06540504097938538,1.6405949592590332,-1.3447802066802979,-2.93725323677063,0.47922587394714355,-0.2794356346130371,-2.7030575275421143,-0.9009425044059753,-0.9411460161209106,-5.080357551574707,-0.9844346642494202,0.7053064107894897,1.2491613626480103,0.4947356879711151,-0.9074795246124268,0.08778796344995499,-3.359236717224121,-8.13930892944336,-4.5491180419921875,-2.494539976119995,3.7844526767730713,-4.400594711303711,0.2230072021484375,1.1782251596450806,-0.16034002602100372,0.28306204080581665,2.458597183227539,-0.42689070105552673,1.0632033348083496,2.120136022567749,-3.5760855674743652,-0.14616088569164276,1.3355684280395508,-0.5532509088516235
20,0.6738715171813965,1.1920092105865479,-2.0568652153015137,-0.4911113381385803,0.16332806646823883,1.5548545122146606,-0.7926478981971741,1.7972774505615234,0.7532293796539307,-4.028008460998535,1.4908944368362427,-1.4438402652740479,-0.1619652509689331,0.5562673211097717,-1.2944806814193726,0.789547324180603,0.23422382771968842,-1.5019052028656006,2.01235032081604,-1.272413969039917,-3.381260633468628,-0.5285868048667908,-0.3908701539039612,-3.2245216369628906,-1.152189016342163,0.5615439414978027,-2.1627137660980225,0.07397196441888809,0.09699993580579758,-0.03406494855880737,1.5662182569503784,-1.537043571472168,-3.090200424194336,1.5760111808776855,-0.831824004650116,-3.8891749382019043,-0.5621077418327332,-1.4717777967453003,-5.725685119628906,0.16394877433776855,0.7812265753746033,0.362544983625412,0.12988977134227753,-1.5929126739501953,0.3484096825122833,-3.050384044647217,-7.86004114151001,-4.254363536834717,-2.8379364013671875,2.857236623764038,-3.765270709991455,1.7695437669754028,1.7842005491256714,-0.2077144831418991,0.6134555339813232,2.4147415161132812,-0.013633370399475098,0.5214350819587708,2.6499457359313965,-2.175191640853882,-0.042424678802490234,1.1466776132583618,-0.6583728790283203
21,0.45083075761795044,1.4513347148895264,-1.3856844902038574,-0.9319350719451904,-0.4626723825931549,3.024352788925171,-0.8350606560707092,1.4925191402435303,0.8709127902984619,-4.588085651397705,1.2550499439239502,-1.6962218284606934,0.21366086602210999,0.16571734845638275,-1.6152541637420654,1.024404764175415,0.13684938848018646,-1.5711243152618408,1.5059053897857666,-1.045904278755188,-2.789590835571289,-0.74757981300354,-0.1626717448234558,-2.907636880874634,-1.7500817775726318,-0.01404482126235962,-2.3579330444335938,0.07399307191371918,0.1030975803732872,-0.0260829608887434,1.27791428565979,-1.729231595993042,-3.041049003601074,1.5524142980575562,0.11908507347106934,-2.3979647159576416,-0.7927287817001343,-1.2727872133255005,-6.347993850708008,0.6511254906654358,0.7767370939254761,-0.11125108599662781,0.08295444399118423,-1.974982500076294,0.7104724645614624,-3.3862595558166504,-7.7590155601501465,-4.79248046875,-2.930427074432373,2.5655226707458496,-3.1773695945739746,0.43680888414382935,0.8836640119552612,-0.2819589078426361,-1.0166029930114746,2.9658827781677246,0.13777978718280792,0.3747407793998718,2.772874593734741,-1.436920166015625,0.1325591802597046,1.0368237495422363,-0.6924604773521423
22,0.42924776673316956,1.2320226430892944,-0.6990903615951538,-1.1631795167922974,-0.7441850900650024,3.9223580360412598,-1.2086460590362549,1.1552921533584595,1.3738117218017578,-4.687911033630371,1.130896806716919,-1.8924431800842285,-0.2411993145942688,-0.5029492974281311,-2.970088481903076,1.0575664043426514,0.13433578610420227,-1.604164481163025,1.4440193176269531,-0.8909856677055359,-2.6276700496673584,-0.9372669458389282,-0.23710304498672485,-2.7728118896484375,0.0035154223442077637,-0.3749227821826935,-6.201230525970459,0.037836696952581406,0.09878966957330704,-0.044362545013427734,-1.011359453201294,0.3113136291503906,-0.9121947884559631,2.463076591491699,-0.5955848693847656,-3.5626935958862305,-1.0061330795288086,-0.9588857889175415,-6.618542671203613,-0.9028153419494629,0.7372205257415771,1.660935401916504,0.04595663398504257,-2.388183355331421,0.8905991315841675,-3.408696174621582,-7.500496864318848,-5.066334247589111,-3.1502790451049805,2.506849765777588,-2.9587035179138184,0.33828338980674744,0.6017290949821472,-0.1578807532787323,0.5832929015159607,2.455564022064209,0.4378201365470886,1.0035598278045654,3.069519519805908,-0.8962889909744263,-0.5998870134353638,0.9025770425796509,-1.1030066013336182
23,0.7745429873466492,2.2222042083740234,-0.7449140548706055,-6.2038140296936035,0.891534686088562,6.316897392272949,-1.402533769607544,1.0864835977554321,1.6276700496673584,-3.288600444793701,0.8804606199264526,-1.1713937520980835,-0.5899199843406677,0.8456978797912598,-1.6872382164001465,1.2637012004852295,0.0857059583067894,-1.811866044998169,1.630137324333191,-0.9307358264923096,-2.873324155807495,-0.6667015552520752,-0.17589318752288818,-2.619371175765991,-1.3566006422042847,-0.25136125087738037,-5.324511528015137,0.013120373710989952,0.09000641852617264,-0.08071578294038773,-2.27801513671875,1.1976550817489624,0.07667171955108643,1.7473381757736206,0.2101166546344757,-2.2380549907684326,-0.9695130586624146,-0.9393683075904846,-5.362109184265137,-1.7436468601226807,0.9238362312316895,2.515493154525757,-0.019530942663550377,-0.8983249068260193,0.7099796533584595,-5.087779998779297,-8.883279800415039,-5.671334743499756,-3.6096127033233643,2.5963306427001953,-2.8284873962402344,-0.5189121961593628,0.16563090682029724,-0.03798535838723183,2.0526537895202637,2.5442371368408203,1.0373483896255493,0.9058983325958252,3.4911651611328125,-1.973954200744629,-0.352119117975235,0.9277281165122986,-1.133486270904541
24,1.7648777961730957,1.688865065574646,-0.9414978623390198,-9.705513954162598,1.9967401027679443,8.044297218322754,-1.4953711032867432,1.2229485511779785,1.9964358806610107,-3.715707302093506,1.3431923389434814,-1.7682154178619385,-0.7823545932769775,1.6484103202819824,-1.1195067167282104,1.2837870121002197,0.13156799972057343,-1.7360427379608154,1.7811946868896484,-0.8833343982696533,-2.9806714057922363,-0.5306218862533569,-0.22694416344165802,-2.5340487957000732,-1.3837103843688965,-0.12228485941886902,-3.309006929397583,-0.0014622136950492859,0.08637091517448425,-0.10441805422306061,-2.9466185569763184,1.5980615615844727,0.5816612243652344,2.6754050254821777,-0.14337317645549774,-3.3149197101593018,-1.2145373821258545,-0.9481209516525269,-6.3306121826171875,-2.237509250640869,1.0403752326965332,3.00551176071167,0.004428917542099953,-0.10990625619888306,0.5673321485519409,-5.181526184082031,-8.820480346679688,-6.594796180725098,-2.2025606632232666,3.3919336795806885,-3.618150234222412,0.6405742764472961,0.7839674949645996,-0.0008114073425531387,2.936976432800293,2.565408945083618,1.3195695877075195,0.9244060516357422,3.7189197540283203,-2.52187442779541,-0.15185292065143585,0.9018710851669312,-1.1156060695648193
25,0.9700318574905396,0.892193078994751,-0.47715094685554504,-11.140169143676758,2.606128215789795,8.859085083007812,-1.7473042011260986,1.1436420679092407,2.2788748741149902,-2.806807518005371,2.1159610748291016,-0.6370857357978821,-0.8918961882591248,1.8908677101135254,-0.7012642025947571,1.3710048198699951,0.1767638921737671,-1.766164779663086,1.8784070014953613,-0.9882158041000366,-3.0657358169555664,-0.41112321615219116,-0.39432644844055176,-2.5811870098114014,-1.3363994359970093,-0.03863454982638359,-2.415005683898926,-0.00957191176712513,0.08372801542282104,-0.12413258850574493,-3.3641929626464844,1.9547662734985352,0.8272923231124878,1.9331330060958862,0.450700581073761,-2.108027935028076,0.03323924541473389,-0.6927937269210815,-4.926366329193115,-0.8204246759414673,0.7837812900543213,1.4228891134262085,-0.042155660688877106,0.24201807379722595,0.49588000774383545,-4.924716472625732,-8.910005569458008,-6.500610828399658,-1.3156639337539673,3.7043023109436035,-3.863612413406372,1.2855303287506104,1.1279500722885132,-0.08206966519355774,3.348525047302246,2.7190849781036377,1.4977807998657227,1.11869215965271,3.967327356338501,-1.8000925779342651,0.017633207142353058,0.9488695859909058,-0.9957022070884705
26,-0.034256160259246826,0.8904219269752502,0.0759865939617157,-11.495282173156738,2.6877942085266113,9.101508140563965,-1.9853084087371826,1.0040760040283203,2.188267707824707,-2.42913556098938,2.4777660369873047,-0.09346309304237366,-1.130416750907898,2.065361976623535,-0.3131920099258423,1.427476167678833,0.15162162482738495,-1.9968042373657227,1.8285119533538818,-1.099487066268921,-3.1557607650756836,-0.4754682779312134,-0.46271032094955444,-2.791368007659912,-1.3639776706695557,0.02907591313123703,-2.038989782333374,-0.013550161384046078,0.08183734118938446,-0.13787057995796204,-3.6148457527160645,2.1696360111236572,0.9774371385574341,1.5836055278778076,0.7196405529975891,-1.4642962217330933,0.7535145878791809,-0.6673849821090698,-4.202549457550049,0.02427533268928528,0.8258625268936157,0.5246752500534058,0.5172645449638367,-1.6090818643569946,0.6150009632110596,-5.371135234832764,-9.335027694702148,-6.369323253631592,-1.068081021308899,3.964503765106201,-3.882783889770508,1.793238639831543,1.7146415710449219,-0.1564629226922989,2.6653006076812744,2.917509078979492,1.073724389076233,0.9771512746810913,4.055581092834473,-1.213550329208374,0.22384612262248993,0.8685047626495361,-0.7258513569831848
27,-0.5980482697486877,0.9579846858978271,0.4033215045928955,-11.630391120910645,2.7895689010620117,9.019231796264648,-2.1128602027893066,0.9299900531768799,2.1589114665985107,-2.209702491760254,2.7587485313415527,0.22691813111305237,-1.2433056831359863,2.1403512954711914,-0.12429910898208618,1.4620516300201416,0.1334751844406128,-2.140702724456787,1.826436996459961,-1.1743721961975098,-3.2742295265197754,-0.4714999198913574,-0.5118553638458252,-2.8878397941589355,-0.02440279722213745,-0.3929458260536194,-5.505023956298828,-0.014246631413698196,0.08067561686038971,-0.14472097158432007,-3.7618978023529053,2.2205538749694824,1.0322613716125488,1.3594098091125488,0.8864375352859497,-1.1046311855316162,1.129765272140503,-0.6184636354446411,-3.8068289756774902,0.46873289346694946,0.8239347338676453,0.03663468360900879,0.7332467436790466,-1.2292121648788452,0.657483696937561,-5.586921691894531,-9.661848068237305,-6.273347854614258,-0.8099972009658813,4.1228413581848145,-3.951134443283081,2.0430452823638916,1.975064754486084,-0.2063157856464386,2.3152191638946533,3.029597759246826,0.8219910264015198,0.934044599533081,4.119930267333984,-0.9077789783477783,0.3053750693798065,0.8492127656936646,-0.6474339365959167
28,-0.884231448173523,0.8982584476470947,0.5410796403884888,-12.078032493591309,2.6666746139526367,9.389498710632324,-2.1524877548217773,0.8395330905914307,2.1616880893707275,-3.000007152557373,2.215907096862793,-0.7788267135620117,-1.3076543807983398,2.3202946186065674,0.13476142287254333,1.4122976064682007,0.16434386372566223,-2.0947046279907227,1.8820009231567383,-1.8085112571716309,-4.054502010345459,0.9883190393447876,-1.0189294815063477,-4.412077903747559,-0.8023366332054138,-0.6517303586006165,-5.07053804397583,-0.01952020265161991,0.07709434628486633,-0.157233327627182,-3.846512794494629,2.3108692169189453,1.0693495273590088,1.2913756370544434,0.9509894251823425,-0.9317728281021118,-0.014857888221740723,-0.8439971208572388,-5.397417068481445,0.6659440398216248,0.7885423898696899,-0.2108844667673111,0.9971442222595215,-2.4955766201019287,0.7017334699630737,-5.886713981628418,-9.642955780029297,-6.453489303588867,-1.5606908798217773,4.337410926818848,-4.478122711181641,2.006138324737549,1.9950239658355713,-0.27700692415237427,1.9347037076950073,3.2374110221862793,0.8039764761924744,0.7983994483947754,4.231710910797119,-0.7454482316970825,0.2396162897348404,0.8568851351737976,-0.6575567722320557
29,-1.0968409776687622,0.8191559314727783,0.42685461044311523,-11.786224365234375,3.149178981781006,9.727075576782227,-1.6936691999435425,1.1813108921051025,2.0502185821533203,-2.5837349891662598,1.342858076095581,-1.2075623273849487,0.39157354831695557,1.0778791904449463,-1.0182218551635742,1.3267534971237183,0.17532435059547424,-2.128380537033081,2.877727746963501,-2.430957794189453,-5.407258987426758,0.19207987189292908,-0.16620010137557983,-4.061546325683594,-0.6401447653770447,-0.396140992641449,-3.3061344623565674,0.005149863660335541,0.08221805095672607,-0.15717199444770813,-1.428621530532837,0.9627854824066162,-1.265247106552124,1.347748875617981,0.9793034791946411,-0.8251776695251465,-0.7229259610176086,-0.8963375687599182,-6.106926918029785,0.700324535369873,0.8072656393051147,-0.3336145281791687,0.5582048892974854,-1.0978597402572632,0.4895097315311432,-6.132895469665527,-9.742847442626953,-6.707233428955078,-1.6614433526992798,4.609979629516602,-5.077666282653809,1.7913976907730103,2.007667064666748,-0.30600062012672424,1.584550380706787,3.436950922012329,0.7055739760398865,0.6053737998008728,4.391135215759277,-0.8587223291397095,0.07656258344650269,1.0408663749694824,-0.7224401235580444
30,-0.47431814670562744,0.8321763277053833,0.5291980504989624,-11.673690795898438,3.158535957336426,10.098882675170898,-2.218595504760742,2.6947083473205566,2.0502707958221436,-2.6286063194274902,2.0096940994262695,-0.44884610176086426,1.0087248086929321,0.38224756717681885,-1.4419399499893188,1.3698999881744385,0.16293561458587646,-2.1567015647888184,3.356016159057617,-2.7309727668762207,-6.020315170288086,-0.16797669231891632,0.4449005126953125,-3.7660939693450928,-0.66388338804245,0.11881658434867859,-1.880575180053711,0.019057588651776314,0.0837055891752243,-0.15407207608222961,-0.09885263442993164,0.13881602883338928,-2.5882158279418945,1.3513869047164917,0.9593312740325928,-0.7734948396682739,-0.9192042350769043,-0.958687424659729,-6.485824108123779,0.7642064690589905,0.8463824987411499,-0.4115385413169861,0.9464409947395325,-2.521627902984619,0.4488462805747986,-6.337234973907471,-9.708173751831055,-6.944836139678955,-1.909827470779419,4.855998992919922,-5.391025543212891,1.8019510507583618,2.114530086517334,-0.3015226423740387,1.4475407600402832,3.45910906791687,0.7126103639602661,0.5117366909980774,4.396296501159668,-0.8285355567932129,0.027879837900400162,1.0554403066635132,-0.6997005939483643
31,-0.17951884865760803,0.5992916822433472,0.2190869152545929,-12.20697021484375,3.064321517944336,10.430580139160156,-1.6518055200576782,2.017221450805664,1.977792501449585,-2.545926094055176,2.215698480606079,-0.05317792296409607,0.9345430731773376,0.22054721415042877,-1.6499863862991333,1.2987666130065918,0.16989898681640625,-2.096942663192749,3.5607457160949707,-2.8636975288391113,-6.339682102203369,-0.3416954576969147,-0.010988160967826843,-3.533519983291626,-0.6599637269973755,0.48433831334114075,-1.2565418481826782,0.029513362795114517,0.08699338138103485,-0.1452736258506775,0.7567651271820068,-0.4233919084072113,-3.333937644958496,1.2879226207733154,0.9743635654449463,-0.716141939163208,-0.9009161591529846,-0.9975805282592773,-6.72095251083374,0.974542498588562,0.9591083526611328,-0.5287387371063232,1.0663774013519287,-3.2522213459014893,0.46254849433898926,-6.656539440155029,-9.818761825561523,-7.2271623611450195,-2.507809638977051,5.254598140716553,-5.780380725860596,2.2675580978393555,2.5259225368499756,-0.3067582845687866,1.5974440574645996,3.3047993183135986,0.74169921875,0.502400279045105,4.264776229858398,-0.6234067678451538,0.11971835792064667,0.9975218772888184,-0.5177561044692993
32,-0.09878572821617126,0.24750782549381256,0.003362402319908142,-11.803350448608398,2.71287202835083,10.434269905090332,-1.3477888107299805,1.6478168964385986,1.9349384307861328,-3.1071829795837402,2.016230583190918,-1.0221834182739258,0.814173698425293,0.13694599270820618,-1.7709460258483887,1.2213280200958252,0.20099779963493347,-2.0317564010620117,3.6160221099853516,-2.8559556007385254,-6.427336692810059,-0.34114840626716614,0.630490779876709,-3.3568921089172363,-0.6468895673751831,0.6195178031921387,-0.8469880819320679,0.03746458888053894,0.08847112953662872,-0.13778571784496307,1.2538349628448486,-0.7574095129966736,-3.804347038269043,1.2384213209152222,0.9821180701255798,-0.6747589707374573,-0.890570878982544,-1.0233187675476074,-6.822620391845703,1.0895159244537354,0.9822436571121216,-0.6031996607780457,1.1304690837860107,-3.6336116790771484,0.5504763126373291,-6.995272636413574,-10.107227325439453,-7.201602935791016,-2.7418973445892334,5.530241012573242,-5.885612964630127,-0.6815117597579956,1.6018284559249878,-0.7492098808288574,1.6653685569763184,3.1890416145324707,0.7455925345420837,0.48646458983421326,4.143881797790527,-0.5020564198493958,0.13317157328128815,0.9356390237808228,-0.4922025203704834
33,0.0033499933779239655,0.050881341099739075,-0.3186834156513214,-11.26335334777832,2.266373634338379,10.509893417358398,-1.732351541519165,-0.3126419186592102,0.9513691663742065,-3.92600679397583,1.2452547550201416,-1.561845302581787,0.6576103568077087,0.10274748504161835,-1.759242296218872,1.3068054914474487,0.13922955095767975,-2.083513021469116,3.6004068851470947,-2.6488823890686035,-6.0356340408325195,-0.40308094024658203,0.32339534163475037,-3.121619701385498,-0.7003951072692871,0.5740219354629517,-0.3921811580657959,0.04175523668527603,0.08947326242923737,-0.1351456344127655,1.8907957077026367,-0.9924032688140869,-3.9031453132629395,1.1454663276672363,0.9793704748153687,-0.6556257009506226,-1.0275187492370605,-0.7150765657424927,-6.907267093658447,1.2206988334655762,0.9721775650978088,-0.6210625767707825,1.135166883468628,-3.696704626083374,0.41466405987739563,-7.247542381286621,-10.114028930664062,-7.434803009033203,-3.1406803131103516,5.538193702697754,-5.752377510070801,-0.5145021677017212,0.6207373738288879,-0.8704718351364136,1.7480499744415283,3.0551562309265137,0.7079786062240601,0.4879351258277893,3.9743103981018066,-0.3815198540687561,0.10484203696250916,0.8611928224563599,-0.5556255578994751
34,0.10460513085126877,0.037588946521282196,-0.4623086452484131,-11.035701751708984,2.1811957359313965,10.516984939575195,-1.9266817569732666,-1.370335578918457,0.37547117471694946,-3.1512045860290527,1.7709836959838867,-0.6108354926109314,0.6389590501785278,-0.023080751299858093,-1.7819595336914062,1.3952078819274902,0.08525633811950684,-2.176403522491455,3.6002068519592285,-2.6258959770202637,-5.8749775886535645,-0.40654468536376953,0.9964637160301208,-2.962369441986084,-0.7027004361152649,0.5715218782424927,-0.1667599380016327,0.047521449625492096,0.08887563645839691,-0.13215093314647675,2.2062313556671143,-1.119732141494751,-3.96942138671875,1.0417128801345825,0.933303952217102,-0.6976733207702637,-1.1237927675247192,-0.5571919679641724,-6.932224273681641,1.2735202312469482,0.9653915166854858,-0.6133217215538025,1.1376473903656006,-3.7582340240478516,0.38519465923309326,-7.363147735595703,-10.095462799072266,-7.514915943145752,-3.3026468753814697,5.424726486206055,-5.663183212280273,-0.35671791434288025,0.13604392111301422,-0.92432701587677,1.7402899265289307,2.992357015609741,0.6893494725227356,0.47935211658477783,3.8753933906555176,-0.3452349305152893,0.11525984853506088,0.807211697101593,-0.5765355825424194
35,0.20263010263442993,0.14905709028244019,-0.47508665919303894,-11.187053680419922,2.2606959342956543,10.439742088317871,-1.4023841619491577,-0.645002543926239,0.548403263092041,-2.7354178428649902,2.039114475250244,-0.0825703889131546,0.8350498080253601,-0.21703879535198212,-1.7589086294174194,1.399332046508789,0.07210341095924377,-2.275904655456543,3.594076633453369,-2.6152608394622803,-5.882503986358643,-0.4706198573112488,1.346146821975708,-2.7932424545288086,0.09224137663841248,-0.2714376449584961,-4.626372814178467,0.04534713551402092,0.08522305637598038,-0.11043532937765121,2.345240831375122,-1.244232177734375,-4.0238447189331055,2.353217124938965,0.07899299263954163,-2.7514610290527344,-1.1404759883880615,-0.5798335075378418,-5.415938377380371,1.2717230319976807,0.9807605147361755,-0.6013038754463196,0.4809643626213074,-1.690807580947876,0.36201733350753784,-7.552581787109375,-10.167567253112793,-7.469820022583008,-3.1691040992736816,5.225221633911133,-5.58029842376709,-0.2687103748321533,-0.07612091302871704,-0.9570001363754272,1.5443743467330933,3.014521598815918,0.67155921459198,0.37986281514167786,3.8457210063934326,-0.40140655636787415,0.1164502501487732,0.7823377251625061,-0.60663902759552
36,0.40398791432380676,0.9692149758338928,-0.13714468479156494,-11.586770057678223,2.3854708671569824,10.444393157958984,-1.2674397230148315,0.5346798896789551,0.6837315559387207,-2.5458695888519287,2.068492889404297,0.18433596193790436,1.0023530721664429,-0.40476855635643005,-1.7406518459320068,1.4740684032440186,0.08020339161157608,-2.417120933532715,3.6596648693084717,-2.668750047683716,-6.030673980712891,-0.5607001185417175,1.3543777465820312,-2.7365081310272217,0.49386537075042725,-0.7582826018333435,-7.0082688331604,0.04186670482158661,0.0853784829378128,-0.104861319065094,-0.5267741680145264,0.4562576413154602,-1.8229618072509766,3.159902572631836,-0.3867605924606323,-3.9742164611816406,-1.0581049919128418,-0.5109609365463257,-4.5374674797058105,-0.5889513492584229,1.1961948871612549,1.2122466564178467,0.11586999893188477,-0.6211270093917847,0.3068472146987915,-7.725994110107422,-10.280744552612305,-7.3506927490234375,-2.8432397842407227,5.020651340484619,-5.521822929382324,-0.2897105813026428,-0.11105939000844955,-0.9956052303314209,1.3666479587554932,3.149894952774048,0.7047722935676575,0.46705111861228943,3.8545875549316406,-1.601741909980774,0.20439383387565613,0.7700445652008057,-0.5028077960014343
37,0.5135549902915955,1.4154967069625854,0.046743497252464294,-11.804271697998047,2.4533660411834717,10.446924209594727,-1.1940109729766846,1.1765937805175781,0.7573692798614502,-2.4427285194396973,2.0844788551330566,0.3295707106590271,1.0933897495269775,-0.5069200992584229,-1.730717420578003,1.514735460281372,0.08461092412471771,-2.493962287902832,3.6953542232513428,-2.6978557109832764,-6.111299514770508,-0.609716534614563,1.358856439590454,-2.705636501312256,0.7124055624008179,-1.0231950283050537,-8.304356575012207,0.039972856640815735,0.08546306192874908,-0.10182826220989227,-2.0895559787750244,1.3815642595291138,-0.6253706216812134,3.598853588104248,-0.6401963233947754,-4.639568328857422,-1.0132834911346436,-0.4734845459461212,-4.059455394744873,-1.6014209985733032,1.3134214878082275,2.1990742683410645,-0.08279290795326233,-0.03906971216201782,0.2768268585205078,-7.820354461669922,-10.342329025268555,-7.285870552062988,-2.665923595428467,4.909336090087891,-5.490004539489746,-0.30113762617111206,-0.13007086515426636,-1.0166118144989014,1.269939661026001,3.2235569953918457,0.7228448987007141,0.5144938826560974,3.85941219329834,-2.2548937797546387,0.25224757194519043,0.7633553147315979,-0.446308970451355
38,0.5897538661956787,1.5195170640945435,-0.10354259610176086,-11.17629623413086,2.2433297634124756,10.514293670654297,-1.1624846458435059,1.5033296346664429,0.7841511368751526,-2.349421977996826,2.10048770904541,0.3951368033885956,1.2356362342834473,-0.557826042175293,-1.7283493280410767,1.4800817966461182,0.13693037629127502,-2.4182534217834473,3.7315611839294434,-2.6296510696411133,-6.037432670593262,-0.5654603242874146,1.3747559785842896,-2.681335687637329,0.8490597605705261,-1.1720846891403198,-8.746927261352539,0.04978705197572708,0.08515956997871399,-0.10914584994316101,-0.046643733978271484,0.17028909921646118,-2.1977458000183105,3.7501773834228516,-0.7293235659599304,-4.974248886108398,-1.2427111864089966,-0.3280222415924072,-5.239833831787109,-1.644444465637207,1.0742881298065186,2.4657745361328125,-0.2198536992073059,0.27035099267959595,0.28668999671936035,-7.590676307678223,-10.181056022644043,-7.220773696899414,-2.906390905380249,5.012564659118652,-5.508314609527588,-0.19535145163536072,-0.2032555639743805,-1.1452991962432861,1.3805984258651733,3.1140434741973877,0.693953812122345,0.49433550238609314,3.8290905952453613,-1.4447895288467407,0.324654757976532,0.7459690570831299,-0.338442862033844
39,0.617779016494751,1.698225498199463,-0.21921271085739136,-10.690808296203613,2.063138961791992,10.489355087280273,-1.1486785411834717,1.6991498470306396,0.7975579500198364,-3.220759630203247,2.0983521938323975,-0.6631856560707092,1.2806665897369385,-0.5368656516075134,-1.7177307605743408,1.4447975158691406,0.1746090203523636,-2.3319196701049805,2.7838709354400635,-1.9200642108917236,-4.725705146789551,-0.4912373423576355,1.4773132801055908,-2.629911184310913,0.94743812084198,-1.2534716129302979,-9.007261276245117,0.05369018018245697,0.08187508583068848,-0.11242349445819855,1.0884673595428467,-0.4798172116279602,-2.9929428100585938,3.80153751373291,-0.7739330530166626,-5.165461540222168,-1.1879773139953613,-0.39762237668037415,-4.613670349121094,-0.8082922101020813,0.8401941657066345,1.3721123933792114,0.3471553325653076,-1.6108461618423462,0.46324706077575684,-7.565903663635254,-10.31314468383789,-6.983273983001709,-3.087815046310425,5.069568634033203,-5.46136474609375,-0.22328662872314453,-0.26187217235565186,-1.180174708366394,1.3922581672668457,3.0562965869903564,0.7564754486083984,0.40503668785095215,3.8244616985321045,-0.956669807434082,0.29872533679008484,0.7230072021484375,-0.3801296055316925
40,0.5932486057281494,1.8037467002868652,-0.11749051511287689,-10.33012866973877,1.9728825092315674,10.464323997497559,-1.114013671875,1.8471031188964844,0.8708773851394653,-2.7063400745391846,2.217444896697998,-0.15966631472110748,1.2141013145446777,-0.5246705412864685,-1.7181670665740967,1.4309186935424805,0.1816643476486206,-2.3479197025299072,3.181166172027588,-2.2096199989318848,-5.414388656616211,-0.4579871594905853,1.5539275407791138,-2.628650188446045,0.99442458152771,-1.2813496589660645,-9.152351379394531,0.05507753789424896,0.08055466413497925,-0.11596532166004181,1.7203373908996582,-0.8439904451370239,-3.4602112770080566,3.8259005546569824,-0.8110312819480896,-5.269228935241699,-1.1558119058609009,-0.40710800886154175,-4.225372791290283,-0.35478365421295166,0.7271984815597534,0.7746347188949585,0.15590783953666687,-0.7393639087677002,0.1130700558423996,-7.560674667358398,-10.349908828735352,-6.824030876159668,-3.2454981803894043,5.08586311340332,-5.421979904174805,-0.23464640974998474,-0.31256425380706787,-1.2360787391662598,1.5061030387878418,3.0134503841400146,0.7631328701972961,0.413712739944458,3.8196070194244385,-0.6693915128707886,0.3537421226501465,0.6927308440208435,-0.31130844354629517
41,0.5097702741622925,1.0046695470809937,-0.377705454826355,-10.068912506103516,1.6962002515792847,10.3321533203125,-1.0966588258743286,1.8876280784606934,0.8594990968704224,-3.445439577102661,2.179982900619507,-0.9805929660797119,1.1649925708770752,-0.5869686603546143,-1.7671412229537964,1.4082963466644287,0.19046922028064728,-2.332050323486328,3.433525562286377,-2.369636058807373,-5.7084641456604,-0.43662112951278687,1.5567817687988281,-2.5987730026245117,1.0069732666015625,-1.2720601558685303,-9.332236289978027,0.057073842734098434,0.08082909137010574,-0.11720728129148483,2.047560691833496,-1.0619499683380127,-3.7791707515716553,3.8737149238586426,-0.7915198802947998,-5.2939453125,-1.1525835990905762,-0.4532594084739685,-4.009369373321533,-0.12055619806051254,0.6593489646911621,0.4586656391620636,0.01900932937860489,-0.29948118329048157,-0.08025455474853516,-7.437495708465576,-10.241860389709473,-6.968413352966309,-3.2266693115234375,5.0983967781066895,-5.3234758377075195,-0.22653406858444214,-0.3343573808670044,-1.2805505990982056,1.9229965209960938,1.2937557697296143,-0.579059362411499,0.5602010488510132,3.855443000793457,-1.7965344190597534,1.4657577276229858,0.0018218159675598145,-1.166153073310852
42,0.4811820685863495,0.46058523654937744,-0.5899002552032471,-9.989564895629883,1.506889820098877,10.262115478515625,-1.0657507181167603,1.8730287551879883,0.8511163592338562,-3.8470940589904785,2.1754212379455566,-1.387862205505371,1.1111102104187012,-0.574962854385376,-1.7674624919891357,1.4199211597442627,0.18962031602859497,-2.3457794189453125,3.5283703804016113,-2.4421932697296143,-5.806572914123535,-0.4609513282775879,0.7990720272064209,-2.7448086738586426,1.0363878011703491,-1.2661869525909424,-9.531606674194336,0.05866803973913193,0.08137017488479614,-0.11803054809570312,2.2363295555114746,-1.1793506145477295,-3.988774299621582,3.8632755279541016,-0.8349069356918335,-5.354390621185303,-1.3712749481201172,-0.2848135232925415,-5.218518257141113,0.01993216574192047,0.6244990825653076,0.2684316039085388,0.4437306225299835,-1.8846192359924316,0.2935948669910431,-7.3091721534729,-10.149209022521973,-7.058084487915039,-3.360717296600342,5.1454243659973145,-5.332977294921875,-0.22768443822860718,-0.3677516579627991,-1.3696019649505615,2.1727938652038574,0.3459737300872803,-1.3518569469451904,0.6466387510299683,3.8981664180755615,-2.4038267135620117,2.121234178543091,-0.3488725423812866,-1.6899816989898682
43,0.5483949184417725,1.0985727310180664,-0.4193316698074341,-10.320676803588867,1.6403090953826904,10.277278900146484,-1.0502235889434814,1.906467080116272,0.8414060473442078,-4.102284908294678,2.193795919418335,-1.6681616306304932,1.064890742301941,-0.5294867157936096,-1.7501542568206787,1.4251959323883057,0.1819848269224167,-2.3460144996643066,3.587301731109619,-2.5036978721618652,-5.8945441246032715,-0.4406099021434784,1.1529490947723389,-2.6778404712677,1.0230721235275269,-1.2504167556762695,-9.510223388671875,0.061469823122024536,0.08191917836666107,-0.12038778513669968,2.3446505069732666,-1.24196195602417,-4.062739372253418,3.884056329727173,-0.83299320936203,-5.374299049377441,-1.4570515155792236,-0.16034796833992004,-5.855002403259277,0.0901092067360878,0.6027244925498962,0.18884974718093872,0.727445662021637,-2.787179708480835,0.5072227716445923,-7.635727405548096,-10.49272346496582,-6.89533805847168,-3.32283878326416,5.103775501251221,-5.353630065917969,-0.2251218855381012,-0.36962395906448364,-1.3173282146453857,2.26284122467041,-0.17268525063991547,-1.7187764644622803,0.6919326782226562,3.887679100036621,-2.70509672164917,1.2901408672332764,0.12454009056091309,-1.0919451713562012
44,0.5434985160827637,1.5960652828216553,-0.2194584161043167,-10.237951278686523,1.6966928243637085,10.235740661621094,-1.0346033573150635,1.9872450828552246,0.903014600276947,-3.1934313774108887,2.272862672805786,-0.696609616279602,0.9896278381347656,-0.45228278636932373,-1.717061996459961,1.3983105421066284,0.16112715005874634,-2.3427371978759766,3.6308767795562744,-2.530855894088745,-5.949017524719238,-0.4263749122619629,1.3712620735168457,-2.6506142616271973,1.0222253799438477,-1.2468593120574951,-9.464115142822266,0.06104277819395065,0.08071917295455933,-0.12313945591449738,2.403804302215576,-1.2716273069381714,-4.037520885467529,3.87644100189209,-0.844188928604126,-5.352534294128418,-1.4227477312088013,-0.10444316267967224,-6.230100631713867,-0.7470927834510803,0.7590928077697754,1.3513665199279785,0.9600454568862915,-3.3122777938842773,0.5670628547668457,-7.80611515045166,-10.599868774414062,-6.840474605560303,-3.2655935287475586,5.198606491088867,-5.389590740203857,-0.26516273617744446,-0.3680342435836792,-1.207287073135376,1.9049773216247559,1.2798433303833008,-0.5889168977737427,0.5190858840942383,3.883378267288208,-1.656675100326538,0.8023454546928406,0.3921135663986206,-0.8096749186515808
45,0.514363706111908,1.040319561958313,-0.41999900341033936,-10.40380859375,1.7771663665771484,10.339141845703125,-1.0692715644836426,2.0222384929656982,0.9153563976287842,-2.7433362007141113,2.3062477111816406,-0.17811565101146698,0.9771241545677185,-0.48946136236190796,-1.7296936511993408,1.4234367609024048,0.16324898600578308,-2.3973820209503174,3.694718360900879,-2.575972080230713,-6.0555572509765625,-0.4430479407310486,1.4486051797866821,-2.647819995880127,0.9904066324234009,-1.257340669631958,-9.461881637573242,0.06125665456056595,0.08085256814956665,-0.12354804575443268,1.9849421977996826,-0.9654291272163391,-3.2270195484161377,3.886638641357422,-0.8304054737091064,-5.34029483795166,-1.272367238998413,-0.2792221009731293,-5.051399230957031,-0.33807075023651123,0.6859696507453918,0.7852208614349365,1.099186658859253,-3.6045994758605957,0.5707594156265259,-7.9301228523254395,-10.610818862915039,-6.965268135070801,-3.149028778076172,5.2132768630981445,-5.397846698760986,-0.2727391719818115,-0.3331798017024994,-1.2530831098556519,1.6838374137878418,2.1084446907043457,0.05181705951690674,0.4432239234447479,3.9089457988739014,-1.0969502925872803,0.5282264947891235,0.5534069538116455,-0.6637412309646606
46,0.448230504989624,0.5776901245117188,-0.5146422386169434,-10.593944549560547,2.0465710163116455,10.45980167388916,-1.1105952262878418,1.9720908403396606,0.8569223880767822,-2.6511659622192383,2.1964683532714844,0.10498844087123871,1.1539725065231323,-0.5621469616889954,-1.680696725845337,0.8934779167175293,-0.17266017198562622,-3.6611108779907227,3.7449822425842285,-2.646824359893799,-6.254088401794434,-0.4604727625846863,1.391320824623108,-2.8143770694732666,1.052941083908081,-1.2465317249298096,-9.561309814453125,0.061858225613832474,0.08339885622262955,-0.12452808022499084,-0.6921210289001465,0.5634549260139465,-1.420449137687683,3.300206422805786,-0.447388231754303,-5.188066005706787,-1.306448221206665,-0.21704158186912537,-5.837403774261475,0.07462888956069946,0.440847247838974,0.23564566671848297,1.1860592365264893,-3.8216395378112793,0.652238130569458,-7.948346138000488,-10.675073623657227,-6.795710563659668,-3.003933906555176,5.066657543182373,-5.393543243408203,-1.6920604705810547,0.07044146955013275,-1.1842182874679565,1.4745240211486816,2.624342203140259,0.36384862661361694,0.370399534702301,3.989744186401367,-0.8818894028663635,0.4196297526359558,0.6618251800537109,-0.6043810248374939
47,0.3878534436225891,0.301577627658844,-0.5918282866477966,-10.778890609741211,2.077820062637329,10.577709197998047,-1.172691822052002,1.909759283065796,0.7548373937606812,-3.467888832092285,2.228722095489502,-0.8961144685745239,1.288975715637207,-0.6056697368621826,-1.649686336517334,0.6446828842163086,-0.34862178564071655,-4.415080547332764,3.7772810459136963,-2.6192662715911865,-6.226079940795898,-0.4168206453323364,0.5799981355667114,-2.9466781616210938,1.1832505464553833,-1.2814884185791016,-9.619953155517578,0.06277813762426376,0.0858771950006485,-0.12197251617908478,0.2172800898551941,0.021993428468704224,-1.8229930400848389,2.8947103023529053,-0.22498878836631775,-5.033411979675293,-1.2660694122314453,-0.20374074578285217,-6.142803192138672,0.31507188081741333,0.3167189955711365,-0.0734025239944458,0.63859623670578,-1.9639784097671509,0.1997213214635849,-7.8539838790893555,-10.778936386108398,-6.414222240447998,-2.8414053916931152,4.930900573730469,-5.317878723144531,-1.0439462661743164,-0.09262259304523468,-1.1756062507629395,1.2859963178634644,2.8746604919433594,0.5926077365875244,0.2683316767215729,4.003865718841553,-0.7269231081008911,0.32853400707244873,0.7277308702468872,-0.6270124912261963
48,0.28664687275886536,0.29394692182540894,-0.5015760660171509,-4.726738929748535,1.5007966756820679,5.8976731300354,-1.1729998588562012,1.8705995082855225,0.6603092551231384,-3.1037240028381348,2.219176769256592,-0.30077940225601196,1.5859692096710205,-0.13434308767318726,-1.489771842956543,0.8356450200080872,-0.021723061800003052,-3.2500789165496826,3.673658847808838,-2.4943957328796387,-6.004175186157227,-0.4860500693321228,-0.25264766812324524,-3.6243081092834473,1.1861600875854492,-1.339624285697937,-9.446176528930664,0.055105164647102356,0.07569625973701477,-0.08815688639879227,-1.387906789779663,0.8792645931243896,-0.756455659866333,2.674990177154541,-0.4423540532588959,-5.448808670043945,-1.3028123378753662,-0.4737660884857178,-6.358483791351318,0.5332696437835693,0.22569060325622559,-0.17519348859786987,0.26023998856544495,-1.0031311511993408,-0.11169744282960892,-6.718595504760742,-9.62608528137207,-6.686346530914307,-2.7395944595336914,5.221435546875,-5.596009254455566,-0.5253301858901978,-0.24843460321426392,-1.0630240440368652,1.0929133892059326,3.034580707550049,0.7119846940040588,0.0861588716506958,4.067105293273926,-0.686272919178009,0.35256636142730713,0.881365180015564,-0.4910174012184143
49,0.40923964977264404,0.32237860560417175,-0.15311256051063538,-8.444320678710938,2.6839637756347656,7.983678817749023,-1.3638694286346436,1.9555165767669678,0.7027183771133423,-3.062993049621582,2.344858407974243,0.07729470729827881,1.1988403797149658,0.11014218628406525,-1.3873975276947021,0.9781767129898071,0.4107877016067505,-2.7856483459472656,4.236942768096924,-2.919997215270996,-5.667503356933594,1.0949293375015259,-0.9399939179420471,-4.797886371612549,2.18759822845459,-1.2608451843261719,-8.50974178314209,0.060125432908535004,0.07989872246980667,-0.0775800421833992,-2.3610763549804688,1.1896517276763916,-0.17572088539600372,2.2560324668884277,-0.923725962638855,-5.016646385192871,-1.3583343029022217,-0.8331491947174072,-6.37364387512207,0.7517859935760498,0.6324763298034668,-0.2200198471546173,0.6232069730758667,-2.1340041160583496,0.3625355362892151,-5.061121940612793,-8.480706214904785,-6.4659624099731445,-2.371523141860962,4.927953720092773,-5.604654312133789,0.7251642346382141,1.0957448482513428,-0.4673340916633606,1.00563645362854,3.296640396118164,0.8867643475532532,0.0196218378841877,4.286081790924072,-0.697843074798584,0.20044724643230438,0.9479554891586304,-0.5133973360061646
50,0.8962109088897705,1.169145941734314,-0.3881390690803528,-4.9910807609558105,1.0440672636032104,4.5665106773376465,-1.3873310089111328,2.1040806770324707,0.6809741258621216,-3.03062105178833,2.2994041442871094,0.23920932412147522,1.7566252946853638,0.19574441015720367,-3.0065648555755615,1.0553998947143555,0.5960144996643066,-2.4020347595214844,3.8217272758483887,-2.8265490531921387,-5.910495758056641,0.6052445769309998,-1.0920794010162354,-4.610898017883301,0.8907742500305176,-0.26705560088157654,-4.911084175109863,0.038494378328323364,0.03538091480731964,-0.04097054898738861,-0.19347858428955078,0.06252098083496094,-2.1810576915740967,3.281694173812866,-1.7599483728408813,-5.43575382232666,-1.1229181289672852,-0.8548648357391357,-5.331197261810303,0.45934945344924927,0.5961887836456299,0.08348873257637024,0.9848189353942871,-2.754405975341797,0.7498859167098999,-3.9662933349609375,-7.817573070526123,-6.713217735290527,-2.8827362060546875,3.7004261016845703,-4.530876636505127,1.288362979888916,1.8318909406661987,-0.08883847296237946,0.8144877552986145,3.4338111877441406,0.9056575298309326,-0.13489773869514465,4.3929619789123535,-0.779335618019104,0.10036946833133698,1.0388405323028564,-0.3657347857952118
51,1.0513873100280762,1.336249589920044,-0.7590597867965698,-2.657979965209961,0.732694149017334,3.0652694702148438,-1.2200566530227661,2.013306140899658,0.7150989770889282,-3.3413846492767334,2.0750937461853027,-0.5037426352500916,1.1299445629119873,0.33222633600234985,-2.2099502086639404,1.0286129713058472,0.3706189692020416,-2.3160958290100098,3.036576747894287,-2.2999789714813232,-5.4239501953125,0.1974862813949585,0.17406916618347168,-3.6775012016296387,-0.13364452123641968,0.38209283351898193,-2.3787245750427246,0.0417909249663353,0.051841095089912415,-0.04143355041742325,0.72861248254776,-0.6243553757667542,-3.214939594268799,3.080033302307129,-1.5801652669906616,-4.763835430145264,-0.7263004183769226,-0.9786311388015747,-5.112832069396973,-2.135638475418091,0.6916611194610596,2.471672296524048,0.3815252482891083,-2.7833428382873535,0.5739501714706421,-3.798593044281006,-8.049031257629395,-5.868518352508545,-2.393268585205078,3.1894242763519287,-3.9547407627105713,0.6437788605690002,0.9377193450927734,-0.5628893375396729,0.9144034385681152,3.257883071899414,0.9393136501312256,-0.04747579246759415,4.171642303466797,-0.6261799335479736,0.9261314868927002,0.26150327920913696,-0.8246287107467651
52,1.0167628526687622,1.5080535411834717,-0.9385650157928467,-1.8485517501831055,0.04844444990158081,1.8265975713729858,-1.0230581760406494,1.678382396697998,0.6805830001831055,-3.528553009033203,1.7334667444229126,-0.6686793565750122,0.5922268033027649,0.5734871029853821,-1.591748833656311,0.768192708492279,0.3726935088634491,-1.7094770669937134,2.5039167404174805,-1.8977599143981934,-4.816229820251465,-0.13975876569747925,0.39122274518013,-3.0446488857269287,-0.6237859129905701,0.7159849405288696,-1.0489649772644043,0.049844369292259216,0.06375198066234589,-0.024536553770303726,-1.6242356300354004,0.6290795803070068,-1.7938274145126343,2.173456907272339,-0.8256233334541321,-4.5778703689575195,-0.6320807933807373,-1.2106077671051025,-5.5823774337768555,-3.298462390899658,0.7330464124679565,3.4196975231170654,-0.1914413422346115,-2.6208715438842773,0.2716849744319916,-4.288466930389404,-8.677314758300781,-4.8953857421875,-2.749760866165161,3.135796070098877,-3.7747535705566406,-4.140079975128174,0.5393851399421692,4.132439613342285,-0.5976197123527527,3.5249686241149902,0.4111015200614929,0.08627673983573914,4.059757232666016,-0.018408238887786865,0.08623090386390686,1.7099578380584717,-0.3219853937625885
53,0.9430744647979736,1.6308540105819702,-0.8151226043701172,-1.4293369054794312,-0.29585394263267517,1.148106575012207,-0.9219223856925964,1.5347480773925781,0.6673645973205566,-2.5433225631713867,2.070343017578125,-0.28937727212905884,0.4449236989021301,0.7078835964202881,-1.1743178367614746,0.6424097418785095,0.37238937616348267,-1.3719087839126587,2.45058536529541,-1.7206988334655762,-4.129049777984619,-0.290533185005188,0.48378631472587585,-2.7350428104400635,-0.9381170272827148,0.9072576761245728,-0.30894145369529724,0.05116940289735794,0.06414142996072769,-0.03452376276254654,-2.784881353378296,1.2927584648132324,-0.9857544898986816,1.6434487104415894,-0.10614567995071411,-2.7128782272338867,-0.6537624597549438,-1.3297455310821533,-5.842231750488281,-3.7916810512542725,0.7632907629013062,3.830097198486328,-0.43603676557540894,-2.549593448638916,0.11878415942192078,-4.369210243225098,-9.178149223327637,-4.005547523498535,-2.958151340484619,3.10892391204834,-3.6506080627441406,-6.47493839263916,0.2840415835380554,6.362306594848633,-1.4493303298950195,3.66910719871521,0.2447940707206726,0.21885380148887634,3.961897850036621,0.28036779165267944,-0.31979477405548096,2.4773106575012207,-0.10509677231311798
54,1.0551350116729736,1.917131781578064,-0.801480233669281,-1.2269593477249146,-0.5378968715667725,0.8138474225997925,-0.9596443176269531,1.471611738204956,0.6774208545684814,-2.11745548248291,2.2806668281555176,-0.041269607841968536,0.48329925537109375,0.7391683459281921,-0.9215699434280396,0.5778204798698425,0.3455240726470947,-1.2619609832763672,2.245574474334717,-1.522918939590454,-4.124177932739258,-0.41782379150390625,0.5599288940429688,-2.547760009765625,-1.0296721458435059,0.8706666231155396,0.047269195318222046,0.05421806126832962,0.05872573330998421,-0.04418238252401352,-0.6773616075515747,-0.17520934343338013,-1.9226298332214355,1.976398229598999,-0.6609988212585449,-3.3255064487457275,-0.6892596483230591,-1.379617691040039,-6.188767433166504,-3.643953323364258,0.7880414724349976,3.8872945308685303,-0.7760850191116333,-2.4502415657043457,0.11513379216194153,-4.9292216300964355,-9.793176651000977,-4.155074119567871,-3.209103584289551,3.1163487434387207,-3.753488540649414,-8.643502235412598,0.37845849990844727,7.474084854125977,-1.9769295454025269,3.592081308364868,-0.013731271028518677,-0.5382283926010132,3.9405698776245117,-1.3210196495056152,0.35375574231147766,1.4829107522964478,-0.7488588094711304
55,1.002805233001709,1.9832899570465088,-0.6148704290390015,-1.1242458820343018,-0.7389636039733887,0.6292766332626343,-0.9744333028793335,1.4469976425170898,0.7148553133010864,-1.872449278831482,2.4260058403015137,0.10130464285612106,0.5507410764694214,0.6980410814285278,-0.8369934558868408,0.4907236695289612,0.2962385416030884,-1.1242306232452393,2.148216485977173,-1.4562232494354248,-4.1610426902771,-0.45478197932243347,0.5868966579437256,-2.4595630168914795,-1.0471901893615723,0.8754562139511108,0.2391667515039444,0.05563984811306,0.055700406432151794,-0.051216043531894684,0.4629737436771393,-0.9618802666664124,-2.4098925590515137,2.1418991088867188,-0.9752708673477173,-3.625546455383301,-0.685889720916748,-1.4057573080062866,-6.340904235839844,-3.546069860458374,0.7810489535331726,3.9317123889923096,-0.8844266533851624,-2.409153938293457,0.10923890024423599,-5.264950752258301,-10.162985801696777,-4.234741687774658,-3.2902283668518066,3.11673641204834,-3.7459888458251953,-9.785966873168945,0.4180770814418793,8.038076400756836,-2.223308563232422,3.600835084915161,-0.14761695265769958,0.5571301579475403,2.0325794219970703,-1.893066644668579,0.7268081307411194,0.9313306212425232,-1.104663372039795
56,1.1208603382110596,2.1659793853759766,-0.5490960478782654,-1.0468859672546387,-0.648006796836853,0.4900825619697571,-1.0405797958374023,1.4632341861724854,0.7016421556472778,-1.8574934005737305,2.429133415222168,0.16519057750701904,0.5831611156463623,0.7631253600120544,-0.8006603121757507,0.5302876234054565,0.32284656167030334,-1.2228018045425415,1.9979777336120605,-1.4214516878128052,-4.1473469734191895,-0.5524026155471802,-0.08418217301368713,-2.58389949798584,-1.1230450868606567,0.8173526525497437,0.35116565227508545,0.05548460781574249,0.06033329293131828,-0.039378054440021515,1.0375314950942993,-1.3409315347671509,-2.795536756515503,1.9278967380523682,-0.7852741479873657,-4.066043853759766,-0.6606829166412354,-1.4083236455917358,-6.38538932800293,-3.7261290550231934,0.7366183400154114,4.144121170043945,-0.7902864217758179,-2.3719563484191895,0.08588571846485138,-5.540489196777344,-10.358192443847656,-4.338804244995117,-3.254817485809326,3.274190902709961,-3.922487258911133,-9.157549858093262,-0.009829968214035034,8.56098747253418,-2.3289313316345215,3.712386131286621,-0.13993653655052185,1.153104305267334,0.9998518228530884,-2.147566318511963,0.986221432685852,0.5446993112564087,-1.2551602125167847
57,1.1169493198394775,2.036540985107422,-0.5609029531478882,-0.9753860235214233,-0.5932891964912415,0.421775221824646,-1.0486745834350586,1.5392098426818848,0.7267588376998901,-1.8619728088378906,2.356174945831299,0.25105559825897217,0.6229842901229858,0.8361188173294067,-0.7707726955413818,0.6272537708282471,0.29420095682144165,-1.3966169357299805,1.960934042930603,-1.4359583854675293,-4.240292549133301,-0.5500338077545166,-0.5047664642333984,-2.7606215476989746,-1.24306058883667,0.9074641466140747,0.4170074760913849,0.05427751690149307,0.06289087235927582,-0.032852210104465485,1.3491811752319336,-1.533560872077942,-3.0176942348480225,1.9106922149658203,-0.6444181203842163,-4.233867168426514,-0.6335821151733398,-1.555424690246582,-6.540590286254883,-3.723409652709961,0.6901703476905823,4.303348064422607,-0.6775001287460327,-2.424940586090088,-0.049445681273937225,-5.344728946685791,-10.245250701904297,-4.158061981201172,-3.035726547241211,3.5426998138427734,-4.088170528411865,-10.302022933959961,0.03569989651441574,8.750062942504883,-2.1014864444732666,3.8135557174682617,-0.17480334639549255,1.47703218460083,0.30758434534072876,-2.2999706268310547,1.1709423065185547,0.18384751677513123,-1.2484214305877686
58,0.5760008096694946,0.9617820978164673,-0.3249863386154175,-0.8756366968154907,-0.46495521068573,0.3825596570968628,-0.9968713521957397,1.5541579723358154,0.6004129648208618,-1.9617366790771484,2.0617175102233887,0.3932414948940277,1.2890537977218628,0.18517661094665527,-1.397559642791748,0.6228286027908325,0.1218966692686081,-1.4067151546478271,1.7377660274505615,-1.3460819721221924,-4.172885417938232,-0.6032408475875854,-0.8050364255905151,-2.7588977813720703,0.36886167526245117,-0.07049787044525146,-3.9364304542541504,0.050976451486349106,0.06320977210998535,-0.034840404987335205,1.4839539527893066,-1.538065791130066,-3.2467310428619385,1.9482661485671997,-0.6292879581451416,-4.483887672424316,-0.584399938583374,-1.6445066928863525,-6.668621063232422,-1.5268962383270264,0.8322607278823853,2.1373629570007324,-0.9088554382324219,-2.380868434906006,0.004023779183626175,-5.227675437927246,-10.236474990844727,-4.182353496551514,-2.8119254112243652,3.6501317024230957,-4.224176406860352,-10.658963203430176,0.1381564736366272,8.746870994567871,-2.1505393981933594,3.1469178199768066,-0.3897041082382202,0.17216771841049194,1.521917700767517,-2.433772563934326,1.4763303995132446,-0.1945139765739441,-1.31614089012146
59,0.3741980791091919,0.6899465918540955,-0.21454854309558868,-0.8448060154914856,-0.42474427819252014,0.33760523796081543,-1.0331379175186157,1.626358985900879,0.5630345940589905,-2.062530994415283,1.9805063009262085,0.4795052707195282,1.886688470840454,-0.26739510893821716,-1.8522346019744873,0.6461220383644104,0.029685840010643005,-1.470726490020752,1.621214509010315,-1.3271546363830566,-4.235496520996094,-0.6247924566268921,-0.9812839031219482,-2.7825613021850586,1.3781522512435913,-0.6289051175117493,-6.42091178894043,0.048112109303474426,0.06500804424285889,-0.037434935569763184,1.5339691638946533,-1.506041407585144,-3.4342684745788574,1.3055161237716675,0.1202566921710968,-2.751206398010254,-0.5316171050071716,-1.716963291168213,-6.667504787445068,-0.3631041347980499,0.9056761860847473,0.9712440371513367,-0.9949711561203003,-2.3689026832580566,0.059340279549360275,-4.955262184143066,-10.22470760345459,-4.142683982849121,-2.6909842491149902,3.730116844177246,-4.322345733642578,-11.007835388183594,0.19237160682678223,8.802949905395508,-2.207123279571533,2.9093730449676514,-0.401619017124176,-0.5068152546882629,2.3284685611724854,-2.439577579498291,1.537613034248352,-0.3721063733100891,-1.3239994049072266
60,0.5671898722648621,1.279296636581421,-0.15110856294631958,-0.8795269727706909,-0.5526382923126221,0.3049165904521942,-1.0452996492385864,1.5598328113555908,0.5737774968147278,-1.9891890287399292,2.1600451469421387,0.38277363777160645,1.4187824726104736,-0.05680149048566818,-1.6395847797393799,0.5841211080551147,0.1729172319173813,-1.4058847427368164,2.4515368938446045,-1.789628028869629,-4.079615116119385,-0.8277356624603271,-1.0244207382202148,-2.8177566528320312,0.21115314960479736,0.06536531448364258,-3.255596876144409,0.04717098921537399,0.06606798619031906,-0.038486432284116745,1.5815150737762451,-1.5554958581924438,-3.2761950492858887,1.7108654975891113,-0.2126048505306244,-3.6583971977233887,-0.545893132686615,-1.8192698955535889,-6.6811628341674805,-0.05934298038482666,0.8344662189483643,0.5112528800964355,-1.1735731363296509,-2.3238844871520996,0.09314204752445221,-4.6220703125,-9.904932022094727,-3.6908836364746094,-2.655632495880127,3.562075614929199,-4.298089027404785,-11.285802841186523,0.150213822722435,8.893388748168945,-2.0392560958862305,2.7846426963806152,-0.523051381111145,-0.03369292616844177,3.034853935241699,-1.520904541015625,1.585481882095337,-0.4300350546836853,-1.3539419174194336
61,0.6698813438415527,1.582606315612793,-0.0841098427772522,-0.8849849700927734,-0.6626570224761963,0.29659637808799744,-1.0523425340652466,1.5223667621612549,0.5730597972869873,-1.9551191329956055,2.282620906829834,0.33722707629203796,1.098284125328064,0.050966568291187286,-1.5115835666656494,0.5340280532836914,0.2576080560684204,-1.3391660451889038,2.855670928955078,-2.045664072036743,-4.046016216278076,-0.9536819458007812,-1.061866283416748,-2.8480851650238037,-0.41611891984939575,0.44174230098724365,-1.5566208362579346,0.04694078117609024,0.06850692629814148,-0.0337831974029541,1.5999269485473633,-1.5737628936767578,-3.231048107147217,1.8679077625274658,-0.38089123368263245,-4.166075706481934,-0.5680725574493408,-1.8068087100982666,-6.618889808654785,-2.1418657302856445,0.7470199465751648,2.4640064239501953,-1.2566111087799072,-2.2902183532714844,0.1244053840637207,-4.456245422363281,-9.68344497680664,-3.4530138969421387,-2.6238951683044434,3.3801751136779785,-4.2686662673950195,-11.347997665405273,0.1302603930234909,8.930681228637695,-1.9586498737335205,2.6566953659057617,-0.6239433288574219,0.24120944738388062,3.4251928329467773,-1.0160305500030518,1.6154301166534424,-0.5016626119613647,-1.366587519645691
62,0.7453606128692627,1.8713003396987915,0.027292199432849884,-0.8786638379096985,-0.7387120723724365,0.296125590801239,-1.0243427753448486,1.496002435684204,0.5984532237052917,-1.90358304977417,2.339864492416382,0.2978171706199646,0.9322762489318848,0.10432691127061844,-1.475982666015625,0.52718186378479,0.29142892360687256,-1.277931571006775,3.0040197372436523,-2.102412223815918,-4.07611608505249,-1.100904107093811,-1.0539367198944092,-2.878108024597168,-0.7684270143508911,0.6906155943870544,-0.6373605132102966,0.04568566009402275,0.0679706558585167,-0.03685576468706131,1.6345024108886719,-1.5745787620544434,-3.111907958984375,1.9879865646362305,-0.46206194162368774,-4.431410789489746,-0.5711144208908081,-1.8811895847320557,-6.539577484130859,-2.354269504547119,0.467686265707016,3.14758563041687,-1.2948570251464844,-2.267371416091919,0.0917806327342987,-4.650005340576172,-9.802694320678711,-3.4759182929992676,-2.7059736251831055,3.3214027881622314,-4.336759090423584,-10.482795715332031,0.39976298809051514,8.791450500488281,-1.7359700202941895,2.590479850769043,-0.701610803604126,-0.19235949218273163,3.444702625274658,-1.949225902557373,1.6466487646102905,-0.5242714285850525,-1.362025260925293
63,0.7005860209465027,1.9075500965118408,0.07570737600326538,-0.8734400272369385,-0.8313146233558655,0.28812676668167114,-1.0434995889663696,1.492868423461914,0.6052667498588562,-1.878002405166626,2.4294235706329346,0.26115497946739197,0.7206504940986633,0.14126834273338318,-1.465362310409546,0.5132797360420227,0.3255976140499115,-1.2588584423065186,3.125293016433716,-2.1693356037139893,-4.158814907073975,-1.1487541198730469,-1.0315338373184204,-2.902453899383545,-0.9554581642150879,0.8808944225311279,-0.1532468944787979,0.04521453380584717,0.06760724633932114,-0.03795696049928665,1.6466524600982666,-1.5930202007293701,-3.1203513145446777,2.0459141731262207,-0.5150606036186218,-4.619240760803223,-0.55689936876297,-1.8663206100463867,-6.517072677612305,-3.354381561279297,0.5264867544174194,3.8397843837738037,-1.319150447845459,-2.2527666091918945,0.09591736644506454,-4.575549602508545,-9.62423038482666,-3.2819769382476807,-2.677609920501709,3.2337098121643066,-4.25092077255249,-10.903156280517578,0.30774566531181335,8.764883041381836,-1.7231709957122803,2.5282468795776367,-0.7644630670547485,-0.23896083235740662,4.056203842163086,-2.404275417327881,1.709780216217041,-0.5247291326522827,-1.3733751773834229
64,0.5354617238044739,1.5438212156295776,0.1275479793548584,-0.870397686958313,-0.007350504398345947,1.5926588773727417,-0.971991240978241,1.4752023220062256,0.6413350105285645,-1.6931952238082886,2.460705280303955,0.25594279170036316,0.4668005406856537,0.4526624083518982,-1.2369252443313599,0.5272907614707947,0.32150769233703613,-1.1753593683242798,2.9863815307617188,-1.9772353172302246,-4.155664443969727,-1.2011492252349854,-0.9758892059326172,-2.9419801235198975,-1.0622072219848633,0.9926575422286987,0.14467935264110565,0.04827013239264488,0.06703032553195953,-0.036763329058885574,1.5520888566970825,-1.4026161432266235,-3.211376667022705,1.5253026485443115,-0.19533509016036987,-4.587377548217773,-0.4939230680465698,-1.7236207723617554,-6.40457820892334,-3.7503159046173096,0.5665806531906128,4.21449089050293,-1.1589332818984985,-2.293842315673828,0.07947835326194763,-4.4580607414245605,-9.674766540527344,-3.034010171890259,-2.8212008476257324,3.04097318649292,-3.8926501274108887,-10.117973327636719,0.3145466446876526,8.998764038085938,-1.916061282157898,2.328784465789795,-0.9519992470741272,-0.7755357027053833,3.5598373413085938,-2.8399038314819336,0.5820891857147217,1.154946208000183,-0.6302353143692017
65,0.5084208250045776,1.510968804359436,-0.12461145967245102,-0.11289578676223755,0.2082614004611969,1.1033048629760742,-0.5967703461647034,1.0143698453903198,0.6976562142372131,-3.14636492729187,1.878753900527954,-0.9867678880691528,0.5455772280693054,0.6968753337860107,-0.9387822151184082,0.40599876642227173,-0.19220951199531555,-3.5304453372955322,2.3577394485473633,-1.2887763977050781,-3.5111708641052246,-0.34175539016723633,-0.9142733812332153,-3.476591110229492,-0.7652112245559692,0.8015890121459961,0.009377025067806244,0.06139438599348068,0.0790993720293045,-0.03412584215402603,1.617998480796814,-1.2995531558990479,-3.532787561416626,1.065346598625183,0.16772960126399994,-2.9304933547973633,-0.8032316565513611,-1.4205060005187988,-5.687090873718262,-3.610785722732544,0.6508966684341431,4.348283767700195,-0.8538253307342529,-1.0468780994415283,-0.09938935935497284,-3.557358741760254,-6.38749885559082,-3.2511250972747803,-3.327484607696533,3.460672378540039,-4.352497100830078,-5.687744140625,0.10838329792022705,5.468019008636475,-1.9283597469329834,2.211904287338257,-1.2914974689483643,0.06813099980354309,3.024693489074707,-2.6673545837402344,1.4271830320358276,0.29757294058799744,-1.358344316482544
66,3.8779048919677734,1.1886346340179443,-1.047404170036316,0.26414990425109863,0.8359005451202393,1.1402283906936646,-0.2878612279891968,0.8785886764526367,0.7446631789207458,-3.591733694076538,2.526947498321533,-1.4196560382843018,-1.6597594022750854,1.3781237602233887,-2.4537320137023926,1.392694115638733,-0.9154610633850098,-2.4989349842071533,1.770511507987976,-1.8153624534606934,-3.9772539138793945,0.16538415849208832,-1.1572550535202026,-3.574118137359619,-0.8108693361282349,0.7568070888519287,-0.1423475444316864,0.034782830625772476,0.10874740034341812,-0.025097312405705452,1.7904798984527588,-1.2942527532577515,-3.522120952606201,0.9825354814529419,0.449088454246521,-1.984178066253662,-1.0005806684494019,-1.2626131772994995,-5.271830081939697,-3.5775113105773926,0.7133427262306213,4.539237022399902,-0.5250560641288757,-0.4811253547668457,-0.08436118811368942,-2.816135883331299,-4.271933078765869,-3.1878621578216553,-3.784048080444336,3.9878122806549072,-4.765477180480957,-3.5303680896759033,0.44083285331726074,3.008249044418335,-1.5195952653884888,2.582427978515625,-1.1534124612808228,0.3042045533657074,3.0146617889404297,-2.9017882347106934,-0.012243032455444336,1.9501157999038696,-0.5861994028091431
67,2.863433837890625,2.4319348335266113,-0.550277054309845,-3.8284687995910645,0.9751061201095581,4.593914985656738,-0.32504361867904663,0.9428037405014038,1.0299166440963745,-2.8772852420806885,2.6333723068237305,-0.5061067938804626,-0.9865193367004395,1.2817091941833496,-1.9359110593795776,1.473759651184082,-0.3489912152290344,-2.3665590286254883,3.030015230178833,-1.7472606897354126,-4.444958686828613,0.03260020166635513,-1.1146632432937622,-3.901031970977783,-1.3860325813293457,-0.16501834988594055,-4.0896100997924805,0.0035623693838715553,0.0909799337387085,-0.05872412025928497,-0.9496643543243408,-0.11457794904708862,-1.7142783403396606,0.9218451380729675,-0.01260310411453247,-3.169233560562134,-0.5200015902519226,-1.3954521417617798,-5.731690406799316,-1.6672037839889526,0.7511746883392334,2.30690336227417,-0.09492693841457367,-0.7635908126831055,-0.046137429773807526,-3.945826530456543,-6.330446720123291,-4.628116130828857,-2.8032889366149902,4.151865005493164,-5.513291835784912,-1.338102102279663,1.020009994506836,1.4989750385284424,-0.3629748523235321,2.941696882247925,-0.19623419642448425,0.3914685845375061,3.1280007362365723,-3.0054290294647217,0.02901384048163891,1.6076984405517578,-0.4138484597206116
68,1.5065362453460693,2.1975247859954834,0.49389418959617615,-1.8384050130844116,0.11765730381011963,4.566464424133301,-0.7948728203773499,1.0688812732696533,1.4930801391601562,-2.5904905796051025,1.8090193271636963,-0.2859615981578827,-1.912209153175354,1.0660337209701538,-2.2631468772888184,0.9520351886749268,-0.13433876633644104,-1.6814836263656616,2.388855457305908,-1.1122889518737793,-3.3185763359069824,-0.2757605314254761,0.1760743260383606,-2.397130250930786,-1.1691868305206299,0.4009578824043274,-1.9652173519134521,0.0023800795897841454,0.06543093919754028,-0.06797342747449875,-0.04328081011772156,-1.0575075149536133,-1.5977132320404053,0.3083542585372925,-0.2044205218553543,-2.9775326251983643,-1.4209929704666138,-1.7040319442749023,-6.762917518615723,-2.5237314701080322,0.5984442234039307,3.2892343997955322,-0.0459749698638916,-0.9553993344306946,-0.20695742964744568,-4.864748001098633,-7.192444801330566,-3.9604506492614746,-2.549525022506714,2.4879379272460938,-4.558778285980225,-1.7433247566223145,0.8036255240440369,1.4017878770828247,-0.47588813304901123,2.3246989250183105,-0.5533119440078735,0.04700019955635071,2.637221574783325,-1.7413480281829834,-0.7399954199790955,2.3313138484954834,-0.7001809477806091
69,0.4590122401714325,1.4701662063598633,0.5522908568382263,-0.7418425679206848,-0.36251100897789,4.806960582733154,-1.4723944664001465,0.998223066329956,1.5058245658874512,-2.478337287902832,1.4360053539276123,-0.2718500792980194,-2.1931254863739014,0.5591466426849365,-2.949765205383301,0.4863680899143219,-0.05234847590327263,-3.2931623458862305,2.1250295639038086,-0.8262414932250977,-2.9508538246154785,-0.02223055064678192,-0.2207922637462616,-3.1097216606140137,-0.9728120565414429,0.7609033584594727,-0.7651878595352173,0.013239430263638496,0.06822618842124939,-0.037444885820150375,0.4422270953655243,-1.6828489303588867,-1.6028800010681152,-0.010618001222610474,-0.28830426931381226,-2.962874174118042,-1.9792736768722534,-1.8149309158325195,-7.351992607116699,-0.9228122234344482,0.4657915234565735,1.5842888355255127,-0.050242580473423004,-1.0441439151763916,-0.3470441401004791,-4.539405345916748,-7.482019901275635,-3.8666787147521973,-2.2216243743896484,1.1152207851409912,-3.9362332820892334,-2.0731966495513916,0.7169520258903503,1.149577021598816,-0.6513900756835938,1.9745209217071533,-0.7771652936935425,-0.07425209879875183,2.37785267829895,-0.9192277789115906,-0.6555395126342773,0.8898870348930359,-1.2780781984329224
70,-0.0044688880443573,1.2479043006896973,0.9368488788604736,0.11483672261238098,-0.471194863319397,5.198210716247559,-0.7470300793647766,1.6444263458251953,1.4248484373092651,-2.3666319847106934,1.199648141860962,-0.16041098535060883,-2.468369483947754,-0.2729761302471161,-3.503904342651367,0.7818583250045776,0.0967993214726448,-2.21236515045166,2.6081275939941406,-1.1302071809768677,-2.537148952484131,-0.4346473217010498,0.16750599443912506,-2.5158021450042725,-1.858217477798462,0.3471235930919647,-2.6434874534606934,0.04459100589156151,0.06972017884254456,-0.02216600999236107,0.6762855648994446,-1.8364057540893555,-2.4035425186157227,1.1021807193756104,-0.7602620124816895,-3.5027012825012207,-0.9291625022888184,-1.8636226654052734,-6.764514923095703,-1.8323811292648315,0.42458784580230713,2.6824662685394287,-0.3431324064731598,-1.6085608005523682,0.01768404245376587,-4.334671974182129,-7.374500751495361,-4.344130039215088,-2.2275171279907227,0.4544839859008789,-3.6330440044403076,-2.3483681678771973,0.6013374328613281,1.4359130859375,-0.12733349204063416,1.8486568927764893,-0.2928107976913452,-0.2330990731716156,2.242495059967041,-0.561165452003479,-0.3425503373146057,0.20356866717338562,-1.8381729125976562
71,-0.1509438157081604,1.3416353464126587,1.2161238193511963,0.43121546506881714,-0.8628113269805908,5.088955879211426,-0.35655057430267334,2.163367748260498,1.3362257480621338,-2.8841347694396973,1.566847324371338,-0.8628956079483032,-2.435607433319092,-0.7196154594421387,-3.3396716117858887,0.6486783027648926,-0.199344664812088,-4.033243656158447,2.72644305229187,-1.2429149150848389,-2.3855690956115723,-0.6564707159996033,0.9020920991897583,-1.5867445468902588,-2.426473617553711,0.11051777005195618,-3.716599702835083,0.0597057119011879,0.07277457416057587,-0.007831985130906105,0.7547241449356079,-1.8626296520233154,-2.9164958000183105,1.0610125064849854,-0.18801723420619965,-2.3030173778533936,-0.42931878566741943,-1.7704999446868896,-6.583524703979492,-2.470134735107422,0.3194284439086914,3.3377528190612793,-0.4291670024394989,-1.7283464670181274,0.3377702832221985,-6.386408805847168,-9.734031677246094,-4.166793346405029,-2.2330455780029297,0.25025075674057007,-3.41093111038208,-2.388052463531494,0.5953589677810669,1.4858379364013672,0.28832876682281494,1.8207392692565918,-0.02700456976890564,-0.2517842650413513,2.232595920562744,-0.34614086151123047,-0.18752305209636688,-0.25030919909477234,-2.2002220153808594
72,-0.696502685546875,0.5099350810050964,1.018953800201416,0.5681437253952026,-1.2258837223052979,4.921558380126953,-0.1515897661447525,2.2587790489196777,1.2634527683258057,-3.0358309745788574,1.7001835107803345,-1.0995110273361206,-2.372637987136841,-0.623166024684906,-3.3490383625030518,0.8544398546218872,-0.05933039262890816,-2.6981663703918457,2.746760368347168,-1.33131742477417,-2.379481792449951,-0.6857003569602966,1.3146799802780151,-1.130558967590332,-1.379973292350769,0.2053249031305313,-1.9960055351257324,0.07152418792247772,0.07229846715927124,0.0017496724613010883,0.799604058265686,-1.502522349357605,-3.094844341278076,0.9167429804801941,0.1123107522726059,-1.6846870183944702,-0.14410972595214844,-1.7772902250289917,-6.351901054382324,-3.06838321685791,0.2575153708457947,3.5283007621765137,-0.4304065704345703,-1.8669127225875854,0.4042781889438629,-5.859161376953125,-9.733794212341309,-4.196374893188477,-2.2451934814453125,0.19302067160606384,-3.338590145111084,-6.670594215393066,0.11844785511493683,5.918948173522949,0.34605664014816284,1.8055164813995361,0.13429172337055206,-0.35358691215515137,2.2416439056396484,-0.28655585646629333,-0.36217451095581055,0.6856029033660889,-1.1854560375213623
73,-1.0445771217346191,0.1240491271018982,0.9440710544586182,0.779377818107605,-1.4093666076660156,4.8876543045043945,-0.062145642936229706,2.1943492889404297,1.224862813949585,-3.256291389465332,1.9297151565551758,-1.2559165954589844,-2.172550678253174,0.46371695399284363,-1.7577283382415771,0.9554321765899658,0.023159388452768326,-1.9413758516311646,2.779866933822632,-1.3666374683380127,-2.3642563819885254,-0.6897344589233398,1.4795598983764648,-0.8630087375640869,-2.3166468143463135,0.11668964475393295,-3.0435521602630615,0.07646971940994263,0.07188746333122253,0.0009909383952617645,0.816443681716919,-1.2567033767700195,-3.1495819091796875,0.8849568367004395,0.3024601638317108,-1.3036105632781982,0.16645517945289612,-1.7591032981872559,-6.1802520751953125,-3.302405834197998,0.2530333995819092,3.5262866020202637,-0.3263828456401825,-1.8512446880340576,0.4409913718700409,-5.645207405090332,-9.259387016296387,-4.28460168838501,-2.2554030418395996,0.168892502784729,-3.393685817718506,-8.933207511901855,-0.18389587104320526,8.114433288574219,-0.9778532981872559,2.0047943592071533,-0.2758847773075104,-0.4061287045478821,2.223205089569092,-0.31875866651535034,-0.08045469969511032,0.0939355194568634,-1.7849633693695068
74,-1.268634557723999,-0.08906763792037964,0.9513671398162842,0.8258789777755737,-1.5490585565567017,4.910610198974609,-0.015152040868997574,2.192932605743408,1.2216696739196777,-2.287175178527832,1.5558600425720215,-0.6321558356285095,-2.043078899383545,1.081787109375,-0.9078987240791321,1.0136973857879639,0.0578092597424984,-1.5502712726593018,2.7638320922851562,-1.3842694759368896,-2.373386859893799,-0.6655411720275879,1.606989860534668,-0.729733943939209,-2.760030746459961,0.03275717794895172,-3.5111732482910156,0.07888617366552353,0.07113292813301086,0.00018754007760435343,0.7782794237136841,-1.0769760608673096,-3.150400161743164,0.8811894655227661,0.366016149520874,-1.1289499998092651,0.32796990871429443,-1.746915340423584,-6.101693153381348,-3.4759247303009033,0.23805555701255798,3.5129013061523438,-0.328116774559021,-1.864802598953247,0.48412859439849854,-5.467402458190918,-9.421042442321777,-4.169513702392578,-2.269894599914551,0.11483648419380188,-3.399343729019165,-8.594778060913086,-0.1948075294494629,7.882761001586914,-0.37275832891464233,1.8643628358840942,-0.07941782474517822,-0.4362632632255554,2.1992838382720947,-0.34979701042175293,0.0618610717356205,-0.2481667548418045,-2.1412642002105713
75,-1.3532295227050781,-0.21314549446105957,0.9091522693634033,0.8369361162185669,-1.609041452407837,4.870118141174316,-0.0014613987877964973,2.1877737045288086,1.18465256690979,-1.7699469327926636,1.3554095029830933,-0.27935904264450073,-1.9819598197937012,1.4321519136428833,-0.4036034941673279,1.0285539627075195,0.08540201187133789,-1.314771056175232,2.7411742210388184,-1.3716859817504883,-2.3413894176483154,-0.9651044011116028,0.8031928539276123,-1.2194069623947144,-1.5691076517105103,0.18641294538974762,-1.8810890913009644,0.07946313917636871,0.07127763330936432,0.0018469570204615593,0.7354817390441895,-0.9744483828544617,-3.209855318069458,0.8729939460754395,0.447197824716568,-1.0285991430282593,0.42861759662628174,-1.8000996112823486,-6.100451946258545,-3.5627410411834717,0.2213057279586792,3.535914897918701,-0.343130886554718,-1.8962397575378418,0.4967884421348572,-5.427324295043945,-9.384757041931152,-4.254209518432617,-2.2478222846984863,0.12451544404029846,-3.366234302520752,-9.732820510864258,-0.3552166223526001,9.076574325561523,-0.07342930138111115,1.809757947921753,0.08499787747859955,-0.4916991591453552,2.2174878120422363,-0.3268699645996094,0.08466239273548126,-0.42073822021484375,-2.374545097351074
76,-0.8332436084747314,0.45942893624305725,1.327094554901123,0.8265377283096313,-1.5689177513122559,4.820687294006348,0.10936173796653748,2.3727288246154785,1.1788878440856934,-2.4300220012664795,1.5582226514816284,-0.7125314474105835,-1.977543830871582,0.6555536985397339,-1.1390748023986816,1.0539271831512451,0.10638454556465149,-1.1931557655334473,2.750159978866577,-1.3247365951538086,-2.2906479835510254,-0.91031813621521,1.2900950908660889,-0.917676568031311,-2.364407539367676,0.18462520837783813,-2.808049201965332,0.08410165458917618,0.07549606263637543,-0.00757084833458066,0.792430579662323,-1.1890313625335693,-3.2274632453918457,0.8300414085388184,0.48023566603660583,-0.9601761102676392,0.11828726530075073,-1.6326123476028442,-6.2028398513793945,-3.638695240020752,0.14688438177108765,3.59857177734375,-0.36278435587882996,-1.9258179664611816,0.5092166066169739,-5.098524570465088,-8.68127155303955,-4.65604829788208,-2.2435851097106934,0.06732719391584396,-3.258074998855591,-10.676748275756836,-0.4937109351158142,10.089794158935547,0.24880638718605042,1.8044633865356445,0.19462738931179047,-0.4464646577835083,2.2303152084350586,-0.22608819603919983,0.226180762052536,-0.5536150932312012,-2.473092794418335
77,-0.5435863137245178,0.9048685431480408,1.541266679763794,0.7800695896148682,-1.613889217376709,4.7858967781066895,0.19954687356948853,2.4721765518188477,1.1418739557266235,-2.371664047241211,1.2511940002441406,-0.3514513075351715,-2.012686252593994,0.23493386805057526,-1.4786728620529175,0.8822792768478394,-0.19703823328018188,-3.3978981971740723,2.833559513092041,-1.3569386005401611,-2.292323589324951,-1.2176640033721924,0.552939772605896,-1.4365801811218262,-2.7895917892456055,0.18098747730255127,-3.2918648719787598,0.08433085680007935,0.07736344635486603,-0.014166135340929031,0.7647866010665894,-1.6212704181671143,-2.6193389892578125,0.8102459907531738,0.4934692680835724,-0.916570782661438,-0.004752643406391144,-1.5878174304962158,-6.25095272064209,-3.675355911254883,0.13112300634384155,3.6113333702087402,-0.43857818841934204,-1.9324796199798584,0.5861790776252747,-6.11168909072876,-10.272872924804688,-4.382551193237305,-2.2317233085632324,-0.010744940489530563,-3.240018367767334,-6.936119079589844,-0.0017171204090118408,6.1073174476623535,-0.017374739050865173,1.7951749563217163,-0.41292592883110046,-0.40685731172561646,2.240644931793213,-0.1500805914402008,-0.11755986511707306,0.5755823254585266,-1.3194646835327148
78,-0.38518887758255005,1.153672695159912,1.663949966430664,0.7953919172286987,-1.6144156455993652,4.716244697570801,0.25262174010276794,2.58512806892395,1.1322503089904785,-2.7877044677734375,1.4836575984954834,-0.774551272392273,-1.8355839252471924,-0.40019193291664124,-2.4013240337371826,0.7503581643104553,-0.34430211782455444,-4.588326930999756,2.8411200046539307,-1.340267539024353,-2.2822418212890625,-1.0564303398132324,1.1723289489746094,-1.0634815692901611,-3.0304818153381348,0.18209978938102722,-3.5498225688934326,0.08445748686790466,0.078366219997406,-0.018535243347287178,0.7836523056030273,-1.6738648414611816,-2.8733062744140625,1.4035844802856445,-0.4034675657749176,-2.298495054244995,-0.08128397911787033,-1.5430192947387695,-6.270823955535889,-3.633580207824707,0.11490809172391891,3.5811214447021484,-0.4811204671859741,-1.917324185371399,0.6401761770248413,-5.692424774169922,-9.2055025100708,-4.978057384490967,-2.2025322914123535,-0.02709062583744526,-3.177299737930298,-4.849300384521484,0.2738059461116791,3.889611005783081,-0.12690845131874084,1.743838906288147,-0.7503687143325806,-0.3528475761413574,2.2676501274108887,-0.09874410182237625,0.16960451006889343,0.012656927108764648,-1.908949375152588
79,-1.5970619916915894,0.4418409466743469,0.9744566082954407,0.7259259223937988,-1.562690019607544,4.671013832092285,0.1926734447479248,2.7281203269958496,1.1622684001922607,-2.577695608139038,1.209055781364441,-0.3542844355106354,-1.9029966592788696,-0.7177842855453491,-2.7369179725646973,0.5288164019584656,-0.3868371248245239,-5.1636271476745605,2.831949234008789,-1.327483892440796,-2.2160279750823975,-1.3928604125976562,0.5494356155395508,-1.544027328491211,-3.004542350769043,0.1173538863658905,-4.336043357849121,0.07982392609119415,0.0731409415602684,-0.017743486911058426,0.8025650382041931,-1.9766426086425781,-2.535820960998535,1.1954686641693115,-0.05528855323791504,-1.702102541923523,-0.11289779841899872,-1.6183538436889648,-6.337477684020996,-3.5742855072021484,0.1850123405456543,3.643401861190796,-0.7336050271987915,-1.8694684505462646,0.7124871015548706,-5.978342533111572,-8.993871688842773,-5.182291030883789,-2.1925337314605713,-0.022813238203525543,-3.2763099670410156,-2.3992302417755127,0.3169475793838501,2.1494948863983154,0.29715561866760254,1.7219693660736084,-0.1882457286119461,-0.3369465470314026,2.2309131622314453,-0.006968829780817032,-0.35396748781204224,1.083237648010254,-0.8877542614936829
80,-2.3654046058654785,0.07901537418365479,0.6643192172050476,0.652281641960144,-1.5347371101379395,4.715113162994385,0.10310111194849014,2.89371919631958,1.253098487854004,-3.0185890197753906,1.2781270742416382,-0.6665580868721008,-2.055004119873047,-0.91058349609375,-2.936204671859741,0.6896764039993286,-0.09245627373456955,-3.284132242202759,2.7146997451782227,-1.228428840637207,-2.1217384338378906,-1.644158124923706,0.27320292592048645,-1.7510621547698975,-1.8105173110961914,0.5637157559394836,-2.0407874584198,0.083328977227211,0.06981770694255829,-0.005550222937017679,0.8345712423324585,-2.0885753631591797,-2.308852195739746,0.41391637921333313,-0.06135133281350136,-2.176750659942627,-0.11660964787006378,-1.6575108766555786,-6.3684587478637695,-1.5429086685180664,0.19687175750732422,1.7902257442474365,-0.7532906532287598,-1.986373782157898,0.6730508804321289,-5.800220489501953,-8.640942573547363,-5.413983345031738,-2.0822770595550537,-0.27156803011894226,-3.291966438293457,-0.5756885409355164,0.44861969351768494,1.0660027265548706,0.6161208152770996,1.677689790725708,0.14982010424137115,-0.26557275652885437,2.1456258296966553,0.11670225858688354,-0.29467952251434326,0.2912255525588989,-1.52571439743042
81,-2.7951502799987793,-0.10652443766593933,0.40600448846817017,0.6141475439071655,-1.5198631286621094,4.6942620277404785,0.02327454462647438,3.0501513481140137,1.3975019454956055,-3.2430238723754883,1.3159064054489136,-0.8295021653175354,-2.1319844722747803,-0.9254233837127686,-3.0987398624420166,0.7906638383865356,0.06143437325954437,-2.2819125652313232,2.64111590385437,-1.1867108345031738,-2.1182897090911865,-1.7360169887542725,0.11867809295654297,-1.9117121696472168,-1.215677261352539,0.8324252963066101,-0.78496253490448,0.08345809578895569,0.06740950047969818,-0.0002868201117962599,0.8652377724647522,-2.1915359497070312,-2.1388356685638428,0.0503535270690918,-0.07543858885765076,-2.478013753890991,-0.05800531432032585,-1.6829822063446045,-6.406201362609863,-0.4183577597141266,0.21766018867492676,0.7789263725280762,-0.7657219767570496,-2.1103391647338867,0.6666147112846375,-5.293041229248047,-8.044065475463867,-5.757649898529053,-2.00417423248291,-0.5376585721969604,-3.294369697570801,0.44398942589759827,0.5470672249794006,0.46704524755477905,0.7938271760940552,1.6578538417816162,0.3082852363586426,-0.21745893359184265,2.1037051677703857,0.17016442120075226,-0.3095175325870514,1.2416915893554688,-0.9906258583068848
82,-3.0118465423583984,-0.20450064539909363,0.22427253425121307,0.5659341812133789,-1.5157661437988281,4.654730796813965,-0.0030485568568110466,3.1329479217529297,1.4930143356323242,-3.404534339904785,1.3308732509613037,-0.94805908203125,-2.169070243835449,-0.9042302370071411,-3.1323113441467285,0.8633231520652771,0.18711203336715698,-1.7158067226409912,2.6640207767486572,-1.175344467163086,-2.0871529579162598,-1.7935672998428345,0.03635084629058838,-1.9897592067718506,-0.9002475738525391,0.971700131893158,-0.11002251505851746,0.08222717046737671,0.06427203118801117,-0.0020169150084257126,-1.1341726779937744,-0.500193178653717,-0.6369749903678894,0.408895343542099,0.07959206402301788,-1.7728453874588013,-0.07025866210460663,-1.6908658742904663,-6.412839412689209,0.2245279997587204,0.24511493742465973,0.2086789608001709,-0.7668474912643433,-2.206251621246338,0.6602818965911865,-5.124082565307617,-7.727148056030273,-5.93476676940918,-1.9579999446868896,-0.6668370962142944,-3.3016066551208496,-1.2568485736846924,0.44421693682670593,1.107574224472046,0.8739984035491943,1.6445878744125366,0.3674675226211548,-0.20850436389446259,2.092843532562256,0.16901877522468567,-0.3584058880805969,1.7751736640930176,-0.7354829907417297
83,-1.9319192171096802,-0.20379748940467834,0.5451726913452148,0.5559821724891663,-1.5385730266571045,4.679203987121582,-0.023794060572981834,3.110157012939453,1.5752592086791992,-3.3850417137145996,1.3296120166778564,-0.9657309651374817,-2.1816253662109375,-0.9005034565925598,-3.165898084640503,0.8226714134216309,0.25222688913345337,-1.363462209701538,2.6158719062805176,-1.0420620441436768,-1.9639359712600708,-1.8167927265167236,-0.013394463807344437,-2.0176897048950195,-1.8321539163589478,0.49043914675712585,-1.9541294574737549,0.08097082376480103,0.06460876762866974,-0.0021018616389483213,-2.221752405166626,0.4381338953971863,0.14765018224716187,0.6401723623275757,0.18377307057380676,-1.4089298248291016,-0.12284684181213379,-1.6957378387451172,-6.456477642059326,-1.3421554565429688,0.20547786355018616,1.7940146923065186,-0.39430972933769226,-1.638890266418457,0.01730954647064209,-4.643317222595215,-7.171623229980469,-6.386685371398926,-1.9485037326812744,-0.7205567359924316,-3.252708911895752,-5.021216869354248,0.07230931520462036,4.675040245056152,0.8640482425689697,1.6251169443130493,0.38130417466163635,-0.2305840253829956,2.0567786693573,0.15005341172218323,-0.46953579783439636,1.7051713466644287,-0.2777281701564789
84,-2.604548931121826,-0.2847818434238434,0.4606015086174011,0.5544701814651489,-1.6037561893463135,4.699230194091797,-0.015686936676502228,3.1401515007019043,1.5835919380187988,-3.3559608459472656,1.3502733707427979,-0.9366593360900879,-2.1000852584838867,-0.8927342891693115,-3.3472251892089844,0.7936017513275146,0.28506261110305786,-1.1735706329345703,2.5640525817871094,-0.9383825063705444,-1.8733330965042114,-1.879226803779602,-0.04086649417877197,-2.0233187675476074,-2.2305097579956055,0.24285531044006348,-2.8821377754211426,0.07980877161026001,0.06301311403512955,-0.005357136018574238,-2.867229461669922,0.9851779937744141,0.6725688576698303,0.7849702835083008,0.2766357660293579,-1.1818652153015137,-0.1590145230293274,-1.678229570388794,-6.520687103271484,-2.1818060874938965,0.21097096800804138,2.6394548416137695,-0.1834014654159546,-1.319488286972046,-0.3487675189971924,-4.328899383544922,-6.879724502563477,-6.55903959274292,-1.9167754650115967,-0.7287536263465881,-3.214716911315918,-4.11306095123291,0.23704412579536438,3.221400737762451,0.8875364661216736,1.614797592163086,0.3886779546737671,-0.2337597757577896,2.0382251739501953,0.14942800998687744,-0.33741310238838196,0.6234325170516968,-1.319856882095337
85,-2.926788330078125,-0.42085105180740356,0.3141510486602783,0.6179369688034058,-1.5222076177597046,4.787492752075195,0.008648565970361233,3.1586036682128906,1.5325891971588135,-3.380052328109741,1.3949311971664429,-0.9729404449462891,-2.3362555503845215,-0.4366503953933716,-3.199026346206665,0.7797904014587402,0.2690761983394623,-1.0812530517578125,2.5068321228027344,-0.9065135717391968,-1.8692688941955566,-1.9369761943817139,-0.08333278447389603,-2.028109550476074,-2.536877155303955,0.0886862725019455,-3.5555667877197266,0.0792337954044342,0.06026223301887512,-0.008164486847817898,-0.6195218563079834,-0.21965336799621582,-0.6922301650047302,1.3604633808135986,-0.42273885011672974,-2.4067740440368652,-0.0503474697470665,-1.6814041137695312,-6.535257339477539,-2.606992721557617,0.2124759554862976,3.0912423133850098,-0.4148997962474823,-1.7888567447662354,0.1495225876569748,-4.252814292907715,-6.835141181945801,-6.7807111740112305,-1.8830710649490356,-0.6493810415267944,-3.1726598739624023,-3.5914483070373535,0.3050920069217682,2.5058817863464355,0.8735591173171997,1.6326932907104492,0.43528252840042114,-0.2668958902359009,2.0603256225585938,0.17079848051071167,-1.0488290786743164,1.0423552989959717,-0.9220927953720093
86,-3.1140856742858887,-0.4469306468963623,0.20536167919635773,0.6149945259094238,-1.5520963668823242,4.763036727905273,-0.011971164494752884,3.184126377105713,1.5342342853546143,-3.424415111541748,1.4259545803070068,-0.9922680854797363,-2.472139835357666,-0.15726955235004425,-3.14400577545166,0.7892982959747314,0.24688194692134857,-1.0398001670837402,2.4801411628723145,-0.9168851375579834,-1.9027206897735596,-1.9356167316436768,-0.09248144179582596,-2.0475196838378906,-2.733585834503174,1.4919637441635132,-3.3393733501434326,0.06559981405735016,0.0657881423830986,-0.00025306735187768936,0.5958064794540405,-0.8618122339248657,-1.4277701377868652,1.669569492340088,-0.8190422058105469,-3.0623464584350586,-0.07818260788917542,-1.6431541442871094,-6.608349800109863,-2.873598575592041,0.21925419569015503,3.3050496578216553,-0.5215741395950317,-2.017463207244873,0.417864590883255,-4.58565616607666,-7.11264181137085,-6.8953351974487305,-1.8299448490142822,-0.6230431795120239,-3.158090829849243,-3.351618528366089,0.34909966588020325,2.1432008743286133,0.8882545232772827,1.6342980861663818,0.44374388456344604,-0.2577023208141327,2.058753728866577,0.17426791787147522,-0.588946521282196,0.24390479922294617,-1.7338776588439941
87,-3.2508392333984375,-0.505291759967804,0.1515151411294937,0.6574548482894897,-1.5773403644561768,4.769321441650391,-0.0053290980868041515,3.253857374191284,1.5140115022659302,-3.3967366218566895,1.451712965965271,-0.997161865234375,-2.2738800048828125,-0.15519271790981293,-3.1570961475372314,0.8322314023971558,0.22586974501609802,-1.0400396585464478,2.5254015922546387,-1.009648323059082,-2.0092456340789795,-1.6291375160217285,0.316764771938324,-1.9469046592712402,-2.803584575653076,2.302914619445801,-3.247457981109619,0.07199329137802124,0.060588814318180084,-0.008415858261287212,0.7377701997756958,-1.6407067775726318,-1.6214253902435303,1.8170992136001587,-1.0041148662567139,-3.4270436763763428,-0.0498083271086216,-1.6358740329742432,-6.574665069580078,-2.9489669799804688,0.22779083251953125,3.4173243045806885,-0.2981906533241272,-1.5003180503845215,-0.14984235167503357,-6.187610149383545,-9.350106239318848,-5.702935218811035,-1.8436717987060547,-0.5565032958984375,-3.210627794265747,-3.257277488708496,0.3751886487007141,2.0351669788360596,0.34553661942481995,1.5483243465423584,-0.2807396948337555,-0.26978325843811035,2.1273818016052246,0.18664300441741943,-1.139279842376709,0.8497151136398315,-1.134922742843628
88,-3.3500471115112305,-0.5943570733070374,0.04819265380501747,0.6307919025421143,-1.5272059440612793,4.813841819763184,-0.7531559467315674,2.106358289718628,1.5442004203796387,-3.3394980430603027,1.4715943336486816,-1.012917160987854,-2.385220527648926,-0.05579359829425812,-3.1032521724700928,0.8610489368438721,0.2283526360988617,-1.0366549491882324,2.579214572906494,-1.0700550079345703,-2.0699985027313232,-1.4057528972625732,0.5468302369117737,-1.9039950370788574,-2.7904508113861084,2.8569369316101074,-3.296797275543213,0.07438827306032181,0.05740707367658615,-0.012596912682056427,0.8262573480606079,-2.0466678142547607,-1.7292397022247314,1.901444911956787,-1.0671888589859009,-3.637784719467163,0.06135931238532066,-1.6717513799667358,-6.546403408050537,-2.9464187622070312,0.2341635376214981,3.4934840202331543,-0.19683969020843506,-1.2418620586395264,-0.4575822651386261,-5.380189895629883,-8.161249160766602,-6.298823356628418,-1.8165737390518188,-0.5800431966781616,-3.254814624786377,-3.2306723594665527,0.3831789791584015,2.0158252716064453,0.04427073895931244,1.505859136581421,-0.6558608412742615,-0.2330535650253296,2.14776873588562,0.21329140663146973,-1.460662603378296,1.1424180269241333,-0.9034379720687866
89,-3.459172487258911,-0.6130625009536743,0.03465776890516281,0.6437056064605713,-1.4064767360687256,4.864187717437744,-1.216654658317566,1.4631285667419434,1.5040199756622314,-2.9822845458984375,1.3084790706634521,-0.42048999667167664,-2.3206586837768555,-0.3559682369232178,-3.379851818084717,0.9040021896362305,0.22296378016471863,-1.0349351167678833,2.056159257888794,-0.7976816296577454,-2.239315986633301,-1.2791657447814941,0.70061856508255,-1.8855748176574707,-2.7388510704040527,1.546053409576416,-4.292390823364258,0.07677772641181946,0.05694533884525299,-0.015259645879268646,0.87167888879776,-2.2356934547424316,-1.7632761001586914,1.9710290431976318,-1.1262197494506836,-3.7651424407958984,0.22744596004486084,-1.7900522947311401,-6.588784217834473,-2.92476749420166,0.21360470354557037,3.6151838302612305,-0.15804187953472137,-1.1028332710266113,-0.6213139891624451,-4.577582836151123,-7.373122692108154,-6.2728424072265625,-1.8264386653900146,-0.5636708736419678,-3.2635879516601562,-3.2356040477752686,0.36886167526245117,2.0709776878356934,-0.16371065378189087,1.531083106994629,-0.8604878187179565,-0.22311298549175262,2.2105822563171387,0.23315295577049255,-1.5868130922317505,1.322189450263977,-0.7854763269424438
90,-3.433769702911377,-0.6025760173797607,0.11329628527164459,0.6266207695007324,-1.3858684301376343,4.826263904571533,-1.4601786136627197,1.146560788154602,1.5206944942474365,-2.806551456451416,1.2333983182907104,-0.0565868616104126,-2.404099464416504,-0.16454669833183289,-3.238142967224121,0.9049060344696045,0.2323385775089264,-1.0285274982452393,2.3656845092773438,-0.9815359115600586,-2.207598924636841,-1.2345986366271973,0.7860166430473328,-1.866894245147705,-2.8187780380249023,0.8275091052055359,-4.328636646270752,0.07832443714141846,0.057232603430747986,-0.01882025972008705,0.8959512710571289,-2.3495864868164062,-1.8102247714996338,1.976000428199768,-1.1716654300689697,-3.865964889526367,0.20909932255744934,-1.7976315021514893,-6.6240339279174805,-2.964155912399292,0.2017061710357666,3.664858341217041,-0.48404520750045776,-1.6740998029708862,0.012823045253753662,-4.346880912780762,-6.9505133628845215,-6.509701728820801,-1.8221815824508667,-0.5075336694717407,-3.276858329772949,-3.2112536430358887,0.3799220025539398,2.0267422199249268,-0.2553611397743225,1.5180535316467285,-0.9986184239387512,-0.20965296030044556,2.236423969268799,0.22298070788383484,-0.8612605333328247,0.3495793640613556,-1.7007384300231934
91,-3.4338231086730957,-0.6260162591934204,0.05632665008306503,0.5851168036460876,-1.3357429504394531,4.8567914962768555,-1.6015398502349854,0.9400215148925781,1.4882721900939941,-2.734102725982666,1.187774419784546,0.09859027713537216,-2.510556697845459,-0.027116302400827408,-3.230898141860962,0.9210137128829956,0.22831499576568604,-1.0508601665496826,1.9581053256988525,-0.8079193830490112,-2.3698062896728516,-1.1867105960845947,0.8200563192367554,-1.8710243701934814,-2.7382216453552246,0.4565355181694031,-4.897712230682373,0.07812835276126862,0.05850212648510933,-0.021648619323968887,0.9112492799758911,-2.4312386512756348,-1.8019918203353882,2.008592128753662,-1.1431362628936768,-3.937497138977051,0.3411531150341034,-1.8746848106384277,-6.643520355224609,-2.9534146785736084,0.18119961023330688,3.7353832721710205,-0.29405656456947327,-1.3238394260406494,-0.3741064965724945,-4.124189853668213,-6.678109169006348,-6.607701778411865,-1.7854381799697876,-0.540170431137085,-3.3340840339660645,-3.2656466960906982,0.36908841133117676,2.065772533416748,-0.3384414315223694,1.5499329566955566,-1.0903499126434326,-0.18802109360694885,2.2534799575805664,0.2064814269542694,-1.2490010261535645,0.8728445768356323,-1.2190128564834595
92,-3.4051284790039062,-0.597074031829834,0.04566853493452072,0.5714256763458252,-1.3464970588684082,4.834680557250977,-1.6734977960586548,0.8471564054489136,1.4857313632965088,-2.6983938217163086,1.1871047019958496,0.2099004089832306,-2.551448345184326,0.00033132079988718033,-3.232337713241577,0.9185351133346558,0.24823801219463348,-1.0143872499465942,1.7691924571990967,-0.6641063690185547,-2.369093418121338,-1.184692144393921,0.8243278861045837,-1.8781085014343262,-2.713101625442505,0.28272080421447754,-5.2141032218933105,0.0664772316813469,0.0670422613620758,-0.004710593726485968,0.8944517970085144,-2.4241936206817627,-1.8262226581573486,2.054476499557495,-1.1976027488708496,-3.9614510536193848,0.31937167048454285,-1.8442691564559937,-6.62663459777832,-2.9674253463745117,0.1671823114156723,3.7272491455078125,-0.5636695027351379,-1.775116205215454,0.1367495208978653,-4.109208106994629,-6.661527633666992,-6.643927574157715,-1.7871617078781128,-0.5061853528022766,-3.315964698791504,-3.215696096420288,0.3851621150970459,2.0664138793945312,-0.3420107662677765,1.5432014465332031,-1.1065514087677002,-0.22127486765384674,2.276411771774292,0.1770443320274353,-0.6811028122901917,0.05463951826095581,-1.966733694076538
93,-3.3812313079833984,-0.610132098197937,0.03515362739562988,0.5922096967697144,-1.3872911930084229,4.871501922607422,-1.1948661804199219,1.0848902463912964,1.2065024375915527,-2.6312265396118164,1.1484041213989258,0.2539922297000885,-2.3482277393341064,-0.3747691214084625,-3.366240978240967,0.9315852522850037,0.23125067353248596,-1.022754192352295,1.5638740062713623,-0.6149428486824036,-2.3987340927124023,-1.1593189239501953,0.8475875854492188,-1.8835296630859375,-2.863290786743164,0.2263689935207367,-4.797490119934082,0.057069867849349976,0.07063663005828857,0.0018302337266504765,0.884315013885498,-2.418069362640381,-1.8493843078613281,2.0406723022460938,-1.2232240438461304,-3.9751181602478027,0.1932210475206375,-1.7250899076461792,-6.575271129608154,-3.026965618133545,0.19971239566802979,3.6982483863830566,-0.6988266706466675,-1.9879860877990723,0.4157419800758362,-4.166971206665039,-6.673285961151123,-6.68202018737793,-1.8031940460205078,-0.5134538412094116,-3.300067901611328,-3.236382007598877,0.37672725319862366,2.062673330307007,-0.3797898590564728,1.550539493560791,-1.1214509010314941,-0.21599937975406647,2.2808547019958496,0.19011470675468445,-0.3612060546875,-0.3812500238418579,-2.3423891067504883
94,-3.387002468109131,-0.6377424001693726,0.011544077657163143,0.5694436430931091,-1.3202595710754395,4.935971260070801,-1.4502723217010498,0.9055356979370117,1.2932506799697876,-2.628544807434082,1.1538722515106201,0.23709043860435486,-2.2206149101257324,-0.5642659664154053,-3.451162815093994,0.9759712219238281,0.20081792771816254,-1.0469173192977905,1.5492297410964966,-0.5824598670005798,-2.4403631687164307,-1.1248347759246826,0.8771469593048096,-1.906693935394287,-2.721313953399658,0.12155826389789581,-5.029328346252441,0.05231291055679321,0.07404740154743195,0.006831705570220947,0.9016592502593994,-2.461171865463257,-1.796858549118042,2.067249298095703,-1.1776294708251953,-4.003722667694092,0.2608698010444641,-1.7241969108581543,-6.594822883605957,-3.1111342906951904,0.19039574265480042,3.707437515258789,-0.7863924503326416,-2.1349334716796875,0.5620886087417603,-3.8724465370178223,-6.520377159118652,-6.637617588043213,-1.745540976524353,-0.5410135984420776,-3.2818892002105713,-3.227060317993164,0.3791513442993164,2.097909927368164,-0.4154262840747833,1.569078803062439,-1.0928211212158203,-0.21916034817695618,2.2643816471099854,0.22928696870803833,-0.9509502053260803,0.39073002338409424,-1.6749520301818848
95,-3.5275895595550537,-0.7144834995269775,0.018620802089571953,0.5085238218307495,-1.2918603420257568,4.956981658935547,-1.6399433612823486,0.7811959981918335,1.3032245635986328,-2.6254148483276367,1.1231961250305176,0.18260149657726288,-2.296696424484253,-0.3250870406627655,-3.360609531402588,1.0094823837280273,0.19938987493515015,-1.061639428138733,1.6762222051620483,-0.5795549154281616,-2.5061416625976562,-1.121776819229126,0.9067352414131165,-1.9510207176208496,-2.7050414085388184,0.07196911424398422,-5.201879501342773,0.06413232535123825,0.06647098064422607,-0.0057538230903446674,0.9109138250350952,-2.4855833053588867,-1.7047009468078613,2.0627050399780273,-1.13917875289917,-4.039336681365967,0.3704061508178711,-1.7116496562957764,-6.580820560455322,-3.1025357246398926,0.18818506598472595,3.7243306636810303,-0.8438718914985657,-2.1908183097839355,0.5808455944061279,-3.706552505493164,-6.354032516479492,-6.711662292480469,-1.6932222843170166,-0.6446700096130371,-3.3785781860351562,-3.259140968322754,0.40682145953178406,2.113426446914673,-0.4870372414588928,1.63925302028656,-1.0937082767486572,-0.21176910400390625,2.287179708480835,0.24320673942565918,-1.2802329063415527,0.847478449344635,-1.241652011871338
96,-3.5636610984802246,-0.7229713201522827,-0.025556042790412903,0.5035004615783691,-1.243631362915039,4.966876983642578,-1.73762845993042,0.7277058362960815,1.3288908004760742,-2.640930652618408,1.1150249242782593,0.18196089565753937,-2.3999733924865723,-0.25513923168182373,-2.5638904571533203,1.0212152004241943,0.20106050372123718,-1.0819687843322754,1.7030649185180664,-0.581969141960144,-2.517141342163086,-1.121375560760498,0.9209184646606445,-1.9712163209915161,-2.7020723819732666,0.06607335805892944,-5.3372344970703125,0.07162365317344666,0.06365091353654861,-0.010433895513415337,0.9139895439147949,-2.4794116020202637,-1.6672441959381104,2.1134567260742188,-1.1662510633468628,-4.0508713722229,0.3763106167316437,-1.709181785583496,-6.616944313049316,-3.1159493923187256,0.1850091814994812,3.748021364212036,-0.8918614983558655,-2.1869568824768066,0.6284492611885071,-3.59155011177063,-6.303354740142822,-6.665682792663574,-1.680745005607605,-0.7045012712478638,-3.421114444732666,-3.2957100868225098,0.3994869589805603,2.197205066680908,-0.4848707914352417,1.6724382638931274,-1.1088638305664062,-0.21670156717300415,2.3004539012908936,0.2733389139175415,-1.4518989324569702,1.1157987117767334,-0.9338817596435547
97,-3.5916860103607178,-0.6927261352539062,0.06752177327871323,0.46537482738494873,-1.2453659772872925,4.990421295166016,-1.7529408931732178,0.6663902401924133,1.333772897720337,-2.642571449279785,1.123610258102417,0.16491878032684326,-2.4712884426116943,-0.095967598259449,-2.8622937202453613,1.010214924812317,0.1886553168296814,-1.0844553709030151,1.7623040676116943,-0.6058475971221924,-2.5510454177856445,-1.0750575065612793,0.8612405061721802,-1.9592838287353516,-2.603574275970459,0.04677385836839676,-5.3003034591674805,0.07464867830276489,0.060385942459106445,-0.015235773287713528,0.9155877828598022,-2.4765639305114746,-1.6545825004577637,2.1390974521636963,-1.117253303527832,-4.055935382843018,0.48411327600479126,-1.7734155654907227,-6.577396392822266,-2.9776360988616943,0.17726236581802368,3.702033042907715,-0.5054529309272766,-1.567931890487671,-0.037335366010665894,-3.572049379348755,-6.397143840789795,-6.443465232849121,-1.6492189168930054,-0.7322765588760376,-3.4067788124084473,-3.3630881309509277,0.3904085159301758,2.232882499694824,-0.45376288890838623,1.6793252229690552,-1.1359028816223145,-0.2244473695755005,2.2468066215515137,0.2552018463611603,-1.5293028354644775,1.2572431564331055,-0.8423722982406616
98,-3.615166664123535,-0.6833356618881226,0.024236414581537247,0.47147583961486816,-1.2044703960418701,4.9166460037231445,-1.8123981952667236,0.690746545791626,1.359985113143921,-2.643584728240967,1.1078178882598877,0.1575276404619217,-2.449281692504883,-0.10595672577619553,-2.190561056137085,1.0250370502471924,0.19367140531539917,-1.0902599096298218,1.7441589832305908,-0.5886005759239197,-2.5880343914031982,-1.092179775238037,0.9137283563613892,-1.984161138534546,-2.602875232696533,0.0071996767073869705,-5.347376823425293,0.07654757797718048,0.05847573280334473,-0.017718805000185966,0.9587868452072144,-2.5144224166870117,-1.6253223419189453,2.120713472366333,-1.0633739233016968,-4.0745391845703125,0.5525878071784973,-1.7833366394042969,-6.510798454284668,-2.9446606636047363,0.19143706560134888,3.663841724395752,-0.6222562193870544,-1.9208064079284668,0.21022674441337585,-3.534895896911621,-6.3313117027282715,-6.399663925170898,-1.6200546026229858,-0.7779526710510254,-3.4146151542663574,-3.3411474227905273,0.3939998149871826,2.2464709281921387,-0.42636924982070923,1.642931580543518,-1.1057665348052979,-0.1664184182882309,2.3038580417633057,0.2653806805610657,-1.6305162906646729,1.3008718490600586,-0.7625517845153809
99,-3.6248221397399902,-0.6665357351303101,-0.05851246416568756,0.4800834655761719,-1.1721348762512207,4.927495956420898,-1.8116061687469482,0.6678999662399292,1.3564181327819824,-2.641418933868408,1.0930042266845703,0.1268811821937561,-2.496156692504883,-0.023492906242609024,-1.7771190404891968,1.0436067581176758,0.17266631126403809,-1.1172912120819092,1.757338285446167,-0.5972214341163635,-2.5979955196380615,-1.048027515411377,0.9042683839797974,-1.97607421875,-2.547593116760254,0.010397171601653099,-5.295652389526367,0.07852001488208771,0.059506386518478394,-0.01584712602198124,0.9595134258270264,-2.5373353958129883,-1.663499355316162,2.0806002616882324,-1.0320895910263062,-4.050350189208984,0.4577043652534485,-1.7714393138885498,-6.45304012298584,-3.07204532623291,0.18701282143592834,3.7337417602539062,-0.3734731674194336,-1.4823386669158936,-0.22718046605587006,-3.6259703636169434,-6.486996650695801,-6.298215866088867,-1.608250617980957,-0.8325428366661072,-3.4687845706939697,-3.4056174755096436,0.42101114988327026,2.236570358276367,-0.42702436447143555,1.662408709526062,-1.1132159233093262,-0.13513202965259552,2.2925994396209717,0.2385455071926117,-1.6159348487854004,1.2852025032043457,-0.7766667604446411
100,-2.251051187515259,0.4182637631893158,0.7264103889465332,0.6886836290359497,-0.9619058966636658,4.917333126068115,-1.8922674655914307,0.7499721050262451,1.3618377447128296,-2.04750919342041,1.1287868022918701,0.23821501433849335,-2.3105316162109375,-0.35753333568573,-2.473284959793091,1.0693035125732422,0.18282462656497955,-1.092849612236023,1.4364980459213257,-0.5261920690536499,-2.411649227142334,-1.0902366638183594,0.8873069286346436,-1.9999901056289673,-2.5627429485321045,1.584881067276001,-4.298568248748779,0.0557384267449379,0.0501425638794899,-0.02376493066549301,0.9836667776107788,-2.597520351409912,-1.7553292512893677,2.0142667293548584,-1.1030619144439697,-4.043095111846924,-0.9356558918952942,-1.7279257774353027,-7.158923149108887,-2.9671497344970703,0.2256173938512802,3.64422869682312,-0.17729265987873077,-1.2222334146499634,-0.3774992823600769,-4.091864585876465,-6.279804229736328,-6.260551452636719,-1.6841777563095093,-0.6820007562637329,-3.4267210960388184,-3.3559675216674805,0.42341119050979614,2.2871689796447754,-0.4654201865196228,1.6329035758972168,-1.1043999195098877,-0.21191740036010742,2.3069286346435547,0.2210424244403839,-0.8351693749427795,0.3429527282714844,-1.6326494216918945
101,-1.7126851081848145,0.5042121410369873,0.906710147857666,0.6054398417472839,-0.8393853306770325,5.188032150268555,-2.0586462020874023,0.7210327386856079,1.3500961065292358,-1.7821952104568481,1.2078776359558105,0.2630162239074707,-2.618659019470215,-0.42206138372421265,-2.7898879051208496,0.941789984703064,0.24938678741455078,-1.0146737098693848,1.5097802877426147,-0.5804375410079956,-2.5401086807250977,-1.5164129734039307,0.40527820587158203,-2.2156481742858887,-2.786133050918579,0.7874240279197693,-4.185031890869141,0.05249454826116562,0.06044742092490196,-0.0005579842254519463,-0.9983246326446533,-0.5197470784187317,-0.33037686347961426,1.8971425294876099,-1.1407968997955322,-4.015843868255615,-1.7196110486984253,-2.03010630607605,-7.562273025512695,-2.257939100265503,0.3442303240299225,2.6940720081329346,-0.0560540109872818,-1.1737112998962402,-0.5067819356918335,-3.6880178451538086,-6.002808570861816,-5.7584638595581055,-1.7064239978790283,-0.5415515899658203,-3.370278835296631,-3.215543270111084,0.3915170431137085,2.062816619873047,0.11889100074768066,1.673559546470642,-0.31363943219184875,-0.2194313406944275,2.326724052429199,0.19511628150939941,-0.6885868310928345,1.3757961988449097,-1.601029634475708
102,-0.5236573219299316,0.7115151882171631,0.36446842551231384,-4.5602874755859375,0.4202154576778412,6.371362686157227,-1.2333191633224487,0.7603381276130676,1.28560471534729,-2.7818453311920166,1.7798657417297363,-0.8263764977455139,-0.999567985534668,0.40154963731765747,-1.960221290588379,0.7743511199951172,0.21494446694850922,-0.9826771020889282,1.4299139976501465,-0.48105987906455994,-2.408099412918091,0.07231229543685913,-0.2505037188529968,-3.552243947982788,-2.7478952407836914,0.06474581360816956,-6.480803489685059,0.016854126006364822,0.06475792080163956,-0.020038122311234474,0.2794584631919861,-0.9929912686347961,-2.0538554191589355,1.6499786376953125,-0.8016835451126099,-4.563394546508789,-1.7854549884796143,-1.628456950187683,-7.154383659362793,-0.8318614363670349,0.4471491575241089,1.2991241216659546,-0.1464536190032959,-0.2681843638420105,-0.2538338899612427,-4.555182456970215,-7.459118843078613,-5.718135356903076,-2.197993755340576,0.6883792877197266,-3.5236783027648926,-3.8996238708496094,0.3946845233440399,2.9467194080352783,-0.30904626846313477,1.7035090923309326,-1.1813714504241943,0.30658549070358276,2.426145553588867,-1.3520127534866333,0.5774391889572144,0.3082547187805176,-1.5744168758392334
103,-0.04223403334617615,1.1216301918029785,0.39948466420173645,-7.398190498352051,1.261860728263855,7.277545928955078,-0.955409049987793,1.057007908821106,1.116281509399414,-3.249556541442871,1.9774693250656128,-0.9490775465965271,-0.314653217792511,0.4888904094696045,-1.3154757022857666,0.6735814213752747,0.1356775015592575,-1.1707323789596558,1.8646976947784424,-0.9961830377578735,-2.462254524230957,-0.26268327236175537,0.05794785916805267,-2.7808494567871094,-0.026065945625305176,-0.6321805715560913,-8.575576782226562,0.04906390979886055,0.05629243701696396,-0.07285134494304657,0.9588869214057922,-1.0738427639007568,-2.492701292037964,1.0663797855377197,-1.221151351928711,-4.55693244934082,-1.5267155170440674,-1.4579424858093262,-6.367547988891602,-1.9146385192871094,0.5040233731269836,2.583378791809082,0.8127663135528564,0.5608917474746704,0.35502031445503235,-3.839886426925659,-5.3118672370910645,-4.412158966064453,-2.393921375274658,2.075399875640869,-3.540699005126953,-6.042301654815674,0.0930866226553917,5.399148941040039,-0.8568271398544312,1.8301372528076172,-1.3474088907241821,0.8752998113632202,2.426835536956787,-2.198789119720459,1.0428680181503296,0.04860413074493408,-1.655435562133789
104,0.08919016271829605,1.0590107440948486,0.6059499979019165,-9.956733703613281,1.6523290872573853,8.360403060913086,-0.21833425760269165,1.5454761981964111,1.3666942119598389,-3.1516973972320557,1.832967758178711,-0.9328694343566895,0.2518741488456726,0.5220953226089478,-0.9734091758728027,0.7025428414344788,0.11177946627140045,-1.3838608264923096,2.1221330165863037,-1.2425806522369385,-2.472294330596924,-0.3286258578300476,-0.03244926035404205,-2.501246929168701,-0.4136590361595154,-0.09827248752117157,-4.696723937988281,0.03736523166298866,0.04334099963307381,-0.10732167959213257,1.5109920501708984,-1.3967955112457275,-2.673769950866699,0.6964160203933716,-1.1525275707244873,-4.304147720336914,0.6462201476097107,-0.5610169172286987,-5.257691383361816,-2.6211636066436768,0.6584025025367737,2.8198318481445312,0.38486596941947937,-0.6381846070289612,0.11544698476791382,-7.005560874938965,-9.163466453552246,-4.4832658767700195,-2.461827516555786,2.909710168838501,-3.67406964302063,-6.7365241050720215,0.21435485780239105,5.678542613983154,-1.1691317558288574,2.544565439224243,-0.9562937021255493,-0.012797623872756958,3.190394401550293,-2.564202308654785,0.08728298544883728,0.8589977622032166,-0.8215941190719604
105,-2.697969675064087,2.0100111961364746,4.767045021057129,-10.695844650268555,1.0242395401000977,10.671915054321289,-0.06294892728328705,2.111226797103882,1.7441012859344482,-3.302241086959839,1.4067785739898682,-0.7920236587524414,0.26785317063331604,0.27985215187072754,-1.8805265426635742,0.9437414407730103,0.09910525381565094,-1.7137314081192017,2.8545544147491455,-1.8474929332733154,-3.0206668376922607,-0.6987857818603516,-0.34465453028678894,-2.6046247482299805,-0.08110785484313965,-0.5623478293418884,-6.909811973571777,0.041261523962020874,0.05037388205528259,-0.09135671705007553,1.7617167234420776,-1.547344446182251,-2.772162675857544,0.5712692737579346,-0.30490633845329285,-2.625237464904785,-0.01122891902923584,-0.8060282468795776,-5.394558429718018,-3.9914064407348633,0.7682924270629883,3.381959915161133,0.029636740684509277,-0.3884892463684082,-0.07624176144599915,-4.884865760803223,-6.044154644012451,-3.915558338165283,-2.050636053085327,3.2968809604644775,-4.150640487670898,-9.20960807800293,0.7704446315765381,6.103466987609863,-1.7600799798965454,3.7130565643310547,-0.4046922028064728,0.4005137085914612,3.2633023262023926,-2.358799934387207,0.8443230390548706,0.29045188426971436,-1.1345161199569702
106,-0.8928495049476624,5.847854137420654,6.379587650299072,-6.196108818054199,0.2507699131965637,7.5100884437561035,-0.37030327320098877,2.0339832305908203,1.2174339294433594,-3.5209014415740967,1.13197922706604,-0.7634049654006958,0.29509982466697693,0.274631530046463,-2.1802573204040527,1.142716646194458,0.25005820393562317,-2.342988967895508,2.8047971725463867,-2.098450183868408,-3.898303985595703,-0.8080309629440308,-0.18559332191944122,-2.683397054672241,0.9685081243515015,-0.9463514089584351,-8.560805320739746,0.047610752284526825,0.05786363035440445,-0.057598985731601715,1.8195478916168213,-1.5525257587432861,-2.88718843460083,0.9961779117584229,-0.4706634283065796,-3.4309396743774414,-0.23983076214790344,-1.0606067180633545,-5.71309757232666,-4.784605026245117,0.7104030847549438,4.143645286560059,-0.1563548743724823,-0.32904675602912903,-0.22608068585395813,-3.441314220428467,-4.304878234863281,-3.7427918910980225,-2.7018489837646484,3.513186454772949,-4.175655364990234,-3.3222169876098633,0.7513067126274109,3.285787343978882,-2.15132212638855,4.089492321014404,-0.48250776529312134,0.5178487300872803,4.5105180740356445,-4.148548603057861,1.3201217651367188,0.08142361044883728,-1.315165638923645
107,0.04457738995552063,8.015775680541992,6.67933464050293,-9.38845443725586,1.0490485429763794,8.584529876708984,-0.3371039032936096,1.6805185079574585,1.2431690692901611,-3.7213428020477295,1.1614035367965698,-1.0865541696548462,0.19057047367095947,0.21659627556800842,-1.9453117847442627,1.3117005825042725,0.36192554235458374,-2.7674365043640137,2.7553000450134277,-2.330325126647949,-4.574063301086426,-0.7411707639694214,-0.04195292294025421,-2.5942983627319336,0.17882183194160461,0.4614860415458679,-5.282405376434326,0.050308749079704285,0.06061705946922302,-0.0458015501499176,0.8716107606887817,-0.8373484015464783,-2.1612653732299805,1.3855218887329102,-0.5538697242736816,-3.8302290439605713,-0.3403934836387634,-1.084804892539978,-5.713403701782227,-5.402880668640137,0.7097880840301514,4.817850112915039,-0.19851110875606537,-0.3823532462120056,-0.3101707994937897,-2.804750442504883,-3.530575752258301,-3.830284595489502,-2.9059386253356934,3.6569385528564453,-4.0999436378479,-1.902963399887085,0.2839075028896332,1.274506688117981,-0.1453688144683838,3.3289976119995117,0.5810741782188416,0.5894625186920166,3.8319640159606934,-3.609701633453369,2.0088727474212646,0.9650395512580872,-0.41661056876182556
108,-2.5123884677886963,6.186224460601807,5.710280418395996,-5.22489595413208,-0.4237520098686218,6.679529666900635,-0.5624854564666748,1.3811122179031372,1.1891939640045166,-4.022047996520996,0.9005668759346008,-1.6948480606079102,0.10187630355358124,0.31751012802124023,-2.067005157470703,1.2712712287902832,0.2844395041465759,-2.5709776878356934,2.950425148010254,-2.4229273796081543,-4.371042251586914,-0.7439595460891724,-0.15765784680843353,-2.6544811725616455,-0.1384570151567459,0.7599607706069946,-2.8809444904327393,0.0556914284825325,0.07366109639406204,-0.0033916588872671127,-1.105060338973999,0.33551400899887085,-0.6789000034332275,1.1809101104736328,-0.5934274196624756,-3.6984541416168213,-0.39361435174942017,-1.179250955581665,-5.609829902648926,-6.69158935546875,0.5760427117347717,5.362276077270508,-0.17928321659564972,-1.5034412145614624,-0.35985082387924194,-3.312955856323242,-5.77523136138916,-5.676254749298096,-3.220789909362793,3.412815809249878,-3.973520278930664,-1.061435580253601,0.048955559730529785,0.561253547668457,0.42574211955070496,2.969022274017334,0.2538226842880249,0.7468741536140442,3.5064287185668945,-3.2366225719451904,2.525297164916992,1.4694247245788574,0.0831151157617569
109,3.085264205932617,4.355877876281738,1.788023591041565,-3.0624284744262695,-0.8586539030075073,5.253493309020996,-1.0959513187408447,1.586771845817566,0.9080032110214233,-3.8929717540740967,0.9460265636444092,-1.1966103315353394,0.5714742541313171,0.05209454894065857,-2.3774752616882324,1.1965792179107666,0.20037522912025452,-2.449799060821533,2.63700008392334,-2.286618947982788,-4.574186325073242,-0.6435034275054932,-0.31786227226257324,-2.720897674560547,-0.6302074790000916,0.783575177192688,-1.4485249519348145,0.051292534917593,0.07211923599243164,-0.00953507050871849,0.08246880769729614,-0.45538824796676636,-2.013413190841675,1.5913699865341187,-1.0224428176879883,-4.794198036193848,-0.8497357368469238,-1.2368040084838867,-6.01377010345459,-3.4575212001800537,0.4390173554420471,2.981074333190918,0.0484687015414238,-2.232135772705078,-0.2212892323732376,-4.281373500823975,-7.916416645050049,-5.700713157653809,-3.1931838989257812,3.3655476570129395,-4.095691680908203,-0.5326539278030396,-0.19020622968673706,0.20770376920700073,0.8111438751220703,1.5621082782745361,-0.4708041548728943,0.7753602266311646,3.2319507598876953,-3.087275266647339,1.7613893747329712,0.8477275371551514,-0.5961434245109558
110,1.6808724403381348,2.482042074203491,1.416217565536499,-1.910585641860962,-0.8176068067550659,4.640477180480957,-1.058652639389038,1.1401236057281494,0.7610257267951965,-4.119843482971191,0.8028345108032227,-1.846822738647461,0.5720869302749634,-0.0645211935043335,-2.6115615367889404,1.0638943910598755,0.18112780153751373,-2.221771717071533,2.8008499145507812,-2.0712218284606934,-4.508244037628174,-0.0652698278427124,-0.784765362739563,-3.182258129119873,-0.9705536365509033,0.9133725166320801,-0.6380270719528198,0.053533077239990234,0.09643727540969849,-0.027554798871278763,0.7478213310241699,-0.8809183239936829,-2.761229991912842,1.9468700885772705,-1.3171416521072388,-5.472589492797852,-1.1425092220306396,-1.2279592752456665,-6.415860176086426,-1.6688123941421509,0.39767488837242126,1.6512960195541382,0.050985537469387054,-2.206395149230957,-0.7454846501350403,-2.8791770935058594,-5.047834873199463,-3.9919166564941406,-2.8857784271240234,3.2933974266052246,-4.1712646484375,-0.16515123844146729,-0.038978077471256256,0.02278342843055725,1.0144670009613037,0.6496084928512573,-0.826422929763794,0.8227899074554443,3.0436131954193115,-3.0876288414001465,1.4955263137817383,0.34122297167778015,-0.8423540592193604
111,0.8111042976379395,1.3418478965759277,0.9601660370826721,-1.2080048322677612,-0.8555243015289307,4.183468818664551,-1.1993815898895264,1.189772605895996,0.9854546189308167,-4.044360637664795,0.8623507022857666,-1.3229358196258545,0.8129706382751465,-0.17293338477611542,-2.7005021572113037,0.9975225925445557,0.17826899886131287,-2.1293654441833496,2.897923469543457,-1.9505350589752197,-4.472145080566406,0.20897221565246582,-0.9914566278457642,-3.435194969177246,-1.149878978729248,0.9606410264968872,-0.21179865300655365,0.03625642508268356,0.11708101630210876,-0.006416884250938892,1.0940800905227661,-1.1146819591522217,-3.2154436111450195,2.0600228309631348,-1.4345647096633911,-5.830156326293945,-1.2043347358703613,-1.264837622642517,-6.543802261352539,-3.9871904850006104,0.4982891082763672,3.233978271484375,0.1274779587984085,-2.643507719039917,-0.3152742087841034,-2.1326003074645996,-3.4797563552856445,-3.0027801990509033,-2.8543996810913086,3.312713146209717,-4.310461521148682,0.024537570774555206,0.032677434384822845,-0.11493111401796341,1.1255836486816406,0.2156595140695572,-1.031584620475769,0.8462449312210083,2.9413905143737793,-3.0644354820251465,1.2748613357543945,0.12725988030433655,-1.0273921489715576
112,0.1999468207359314,0.41964632272720337,0.6095051765441895,-6.88192081451416,0.5138015151023865,6.990627288818359,-1.4105207920074463,1.5000892877578735,0.7801083922386169,-3.9310498237609863,0.9530035257339478,-1.0602935552597046,0.6897894740104675,-0.07926568388938904,-2.629363536834717,0.9651467204093933,0.20983409881591797,-2.0685431957244873,3.043752670288086,-1.860968828201294,-4.463599681854248,-0.23863163590431213,-0.8392466306686401,-3.098888635635376,-1.0562164783477783,0.8221632242202759,0.018017053604125977,0.025718558579683304,0.12815403938293457,-0.0018702702363952994,1.2583898305892944,-1.2773960828781128,-3.4095349311828613,2.081915855407715,-1.4663794040679932,-5.908613681793213,-0.9261654019355774,-1.296177625656128,-5.996305465698242,-5.267228603363037,0.5372471809387207,4.099557876586914,0.2075500786304474,-2.847832679748535,-0.2609632611274719,-3.4852843284606934,-6.733132362365723,-4.34208345413208,-2.97637939453125,3.3151416778564453,-4.389991283416748,0.0729081928730011,-0.13186611235141754,-0.12180665135383606,1.216073989868164,0.06106781214475632,-1.2048559188842773,0.8373662233352661,2.955017566680908,-3.0103564262390137,1.1216490268707275,0.1062256246805191,-1.172964334487915
113,0.12007983028888702,0.8622905611991882,0.8766162395477295,-10.25950813293457,1.2884682416915894,8.576146125793457,-1.5543814897537231,1.80804443359375,0.8705475330352783,-3.7654247283935547,0.9487099051475525,-0.8799592852592468,0.452693372964859,0.14563195407390594,-2.493875503540039,1.0494956970214844,0.22528919577598572,-2.159003496170044,3.218710422515869,-2.223620653152466,-4.336246967315674,-0.42007219791412354,-0.619217038154602,-2.918567657470703,-1.1431081295013428,0.9130054712295532,0.1992233395576477,0.039585892111063004,0.10604643821716309,0.005570308305323124,1.4716863632202148,-1.3114972114562988,-3.246333360671997,1.54700767993927,-1.1340144872665405,-4.833566188812256,-0.6780512928962708,-1.2977675199508667,-5.617502212524414,-5.9574995040893555,0.5247448682785034,4.503126621246338,0.14466609060764313,-2.939436912536621,-0.31761643290519714,-4.5212202072143555,-8.43763256072998,-5.113195896148682,-3.117522716522217,3.2368035316467285,-4.166908264160156,-0.04083658754825592,-0.17286229133605957,-0.31257015466690063,1.5049333572387695,-0.12264615297317505,-1.4474842548370361,0.8788419961929321,2.964527130126953,-2.9380359649658203,1.3471251726150513,-0.006247218698263168,-1.2690327167510986
114,0.39140260219573975,1.201766848564148,0.6647566556930542,-11.12375545501709,1.3832921981811523,9.590478897094727,-1.4413803815841675,1.9452483654022217,0.9117777347564697,-3.6880078315734863,0.9762227535247803,-0.8700748682022095,0.2373870462179184,0.2619746923446655,-2.520416736602783,1.0799832344055176,0.2064359486103058,-2.1612844467163086,3.358656883239746,-2.3518013954162598,-4.140485763549805,-0.579964280128479,-0.4534176290035248,-2.956777811050415,-0.7291438579559326,1.0058019161224365,0.05979853495955467,0.03133422136306763,0.12283079326152802,0.0168533343821764,1.6577036380767822,-1.3813092708587646,-3.116680145263672,1.2373238801956177,-0.8880321979522705,-4.2604875564575195,-0.4990193843841553,-1.3853199481964111,-5.53829288482666,-6.279500484466553,0.49134278297424316,4.905893325805664,-0.018460184335708618,-2.9931435585021973,-0.40665918588638306,-5.571315765380859,-9.54450798034668,-5.382505416870117,-3.3184473514556885,3.4424095153808594,-4.136444091796875,-0.07048968970775604,-0.2573458254337311,-0.4191775321960449,1.385927438735962,1.1785321235656738,-0.8234742879867554,0.9300333261489868,2.8955178260803223,-2.783921480178833,1.6138464212417603,-0.1274998039007187,-1.4063020944595337
115,0.6073251366615295,1.2362757921218872,0.2907850742340088,-11.256826400756836,1.4256505966186523,10.444038391113281,-1.3165712356567383,1.9109008312225342,0.8607312440872192,-3.7082481384277344,0.9825173616409302,-0.8883430361747742,0.14612632989883423,0.30032843351364136,-2.526461124420166,1.1146910190582275,0.14940932393074036,-2.2461013793945312,3.3143155574798584,-2.3461456298828125,-4.165497779846191,-0.7041147947311401,-0.4440147280693054,-3.0179314613342285,-0.8802008032798767,0.8419995903968811,0.4051629900932312,0.02893650531768799,0.13106966018676758,0.023454666137695312,1.7804291248321533,-1.449935793876648,-3.0762951374053955,1.0964933633804321,-0.7734066247940063,-3.9373936653137207,-0.3870978057384491,-1.3839154243469238,-5.501234531402588,-6.51035213470459,0.45991575717926025,5.138260841369629,-0.10044274479150772,-3.0073561668395996,-0.5180416703224182,-6.295153617858887,-10.287184715270996,-5.596032619476318,-3.4733078479766846,3.55558180809021,-4.127045631408691,-0.0436604768037796,-0.2925528883934021,-0.38478145003318787,1.2313728332519531,1.8865151405334473,-0.50121009349823,0.9773108959197998,2.7656753063201904,-2.673271656036377,1.74081289768219,-0.16133269667625427,-1.4500691890716553
116,0.6745604276657104,1.0772755146026611,-0.07175490260124207,-6.499639987945557,-0.03222125768661499,7.877129554748535,-1.260204792022705,1.8935635089874268,0.8783029317855835,-3.595895528793335,0.9097871780395508,-0.7643410563468933,0.25824612379074097,0.2814858555793762,-2.562161445617676,1.1927728652954102,0.16347874701023102,-2.418494701385498,3.2204484939575195,-2.3921213150024414,-4.296220302581787,-0.8039723038673401,-0.40120893716812134,-3.014692783355713,-1.0738240480422974,1.173525333404541,0.0653044581413269,0.04320176690816879,0.10772684216499329,0.02026383951306343,0.8474565148353577,-0.7115128040313721,-2.2855844497680664,1.5712082386016846,-1.0015254020690918,-4.426804065704346,-0.3340301215648651,-1.345351219177246,-5.418430328369141,-3.0147647857666016,0.4187951683998108,2.7661550045013428,-0.11461631953716278,-2.279465436935425,-0.3621363043785095,-6.500678062438965,-10.715764999389648,-5.515193939208984,-3.4544224739074707,3.6411497592926025,-4.184844017028809,-0.08171366155147552,-0.22502121329307556,-0.48980915546417236,1.1754240989685059,2.205012798309326,-0.3593921363353729,0.984799325466156,2.700488567352295,-2.554072380065918,1.998496174812317,-0.373706579208374,-1.4970694780349731
117,0.6505073308944702,0.9507021903991699,-0.3859510123729706,-3.917273759841919,-0.8208479881286621,6.415765762329102,-1.1701003313064575,1.7770884037017822,0.7909104228019714,-3.556400775909424,0.856153130531311,-0.6474911570549011,0.22024977207183838,0.2735641896724701,-2.528940200805664,0.9552291631698608,0.16407281160354614,-4.089313983917236,3.1259775161743164,-2.450146198272705,-4.42481803894043,-0.8239895105361938,-0.28901755809783936,-3.038033962249756,-1.1964831352233887,1.4405317306518555,-0.16746112704277039,0.049549400806427,0.09275314211845398,0.013594836927950382,1.355480670928955,-1.1358873844146729,-2.653960704803467,1.3640434741973877,-0.8812419772148132,-4.005427837371826,-0.6886734962463379,-1.3274319171905518,-6.028622627258301,-1.128330945968628,0.3988291323184967,1.4848031997680664,0.022252332419157028,-1.2642771005630493,-0.40738147497177124,-6.855565547943115,-11.215618133544922,-5.543391704559326,-3.4288973808288574,3.787783622741699,-4.263809680938721,-0.05364842340350151,-0.19715167582035065,-0.7549675107002258,1.8786425590515137,2.2660810947418213,0.393291175365448,0.9904652833938599,2.662149429321289,-2.5094268321990967,2.4340906143188477,0.6615031361579895,-0.48878178000450134
118,-0.25233694911003113,1.1264796257019043,0.18677754700183868,-2.6300182342529297,-1.1046063899993896,5.672329902648926,-1.0646789073944092,1.7094368934631348,0.771920919418335,-3.5745997428894043,0.8755025863647461,-0.7062356472015381,0.09101232141256332,0.43546217679977417,-2.575878143310547,0.8942139744758606,0.16651836037635803,-5.17573356628418,2.926178455352783,-2.5072014331817627,-4.608028411865234,0.32127806544303894,-0.5304610133171082,-4.11344051361084,-1.2117693424224854,1.1501555442810059,-0.13168129324913025,0.052270106971263885,0.08885136991739273,0.004246406722813845,1.0521495342254639,-1.174109935760498,-2.539228916168213,1.73219633102417,-1.1300108432769775,-4.487324237823486,-0.49528640508651733,-1.5195894241333008,-5.808995246887207,-0.5400980114936829,0.5782747864723206,1.1627274751663208,0.2765370309352875,-1.5764825344085693,-0.5598340630531311,-6.4774370193481445,-11.110269546508789,-5.647653579711914,-3.376706600189209,3.804978132247925,-4.209715366363525,1.431686282157898,0.10311152786016464,-0.4479789137840271,1.629957675933838,2.380138635635376,0.06079155206680298,1.057602882385254,2.6756463050842285,-2.5230870246887207,2.7041382789611816,1.2301381826400757,-0.006679028272628784
119,-0.8037023544311523,1.226310133934021,0.4773162305355072,-1.9721555709838867,-1.1961485147476196,5.258840560913086,-0.9748892784118652,1.6592164039611816,0.7670423984527588,-3.5862174034118652,0.9115540981292725,-0.8280818462371826,-0.020253684371709824,0.5443280935287476,-2.6395421028137207,1.152542233467102,0.27248185873031616,-4.191598892211914,2.7413415908813477,-2.5102415084838867,-4.780804634094238,-0.14042545855045319,-0.33919402956962585,-3.591294288635254,-1.2395036220550537,1.0133005380630493,-0.14016246795654297,0.05281800776720047,0.08599911630153656,-0.005384637042880058,0.862749457359314,-1.1390221118927002,-2.4827041625976562,1.9430861473083496,-1.2561635971069336,-4.740564346313477,-0.43188178539276123,-1.6262238025665283,-5.65294075012207,-0.21966789662837982,0.7184702157974243,1.012265682220459,0.30369025468826294,-1.4995901584625244,-0.15223586559295654,-6.298727035522461,-11.076934814453125,-5.759549617767334,-3.33335018157959,3.946725845336914,-4.217397689819336,0.8011884093284607,-0.1922208070755005,-0.9832772612571716,1.6007397174835205,2.449025869369507,-0.15044228732585907,1.0617849826812744,2.664609909057617,-2.520676851272583,2.845045566558838,1.524672508239746,0.30231356620788574
120,-1.1175090074539185,1.2414387464523315,0.6078784465789795,-1.6394344568252563,-1.260414481163025,5.089353561401367,-0.9330577850341797,1.6473747491836548,0.7584853172302246,-3.581695079803467,0.9337286949157715,-0.8561063408851624,-0.06841536611318588,0.6066809892654419,-2.671583890914917,0.9122085571289062,0.24560925364494324,-5.16838264465332,2.637444019317627,-2.5205459594726562,-4.867811679840088,-0.4172937273979187,-0.24159711599349976,-3.243892192840576,-1.2833592891693115,0.9591172337532043,-0.17107003927230835,0.03985123336315155,0.11195993423461914,-0.010865996591746807,0.33452659845352173,-0.517531156539917,-1.9580528736114502,2.110592842102051,-1.3364330530166626,-4.89088249206543,-0.5398226976394653,-1.5436980724334717,-5.947025299072266,-0.051141344010829926,0.8189800977706909,0.9334998726844788,0.3244420289993286,-1.4347915649414062,0.08396162837743759,-6.327119827270508,-11.141504287719727,-6.032221794128418,-3.3235883712768555,4.038865566253662,-4.236204624176025,0.45915722846984863,-0.3588395416736603,-1.3031806945800781,1.6078940629959106,2.4984350204467773,-0.31231361627578735,1.0705969333648682,2.6217687129974365,-2.551046133041382,2.9277663230895996,1.6368088722229004,0.42008957266807556
121,0.34950727224349976,1.080245018005371,0.2881685793399811,-1.5916154384613037,-1.2970936298370361,5.131750583648682,-0.9542632699012756,1.6690906286239624,0.8799773454666138,-4.193925857543945,0.7488977909088135,-1.5876121520996094,-0.21008160710334778,0.7709507346153259,-2.617391347885132,1.3781977891921997,0.09996134787797928,-4.034178733825684,2.509852647781372,-2.5394954681396484,-4.999750137329102,-0.5448522567749023,-0.11198301613330841,-2.879310131072998,-1.3185179233551025,0.9889979362487793,-0.21570026874542236,0.028297865763306618,0.12281253933906555,-0.015275800600647926,0.391279399394989,-0.7053084373474121,-2.1642303466796875,2.1881141662597656,-1.281855583190918,-4.905611991882324,-0.4833053946495056,-1.6817476749420166,-5.674238204956055,0.44854024052619934,0.6604019403457642,0.5132177472114563,0.4055121839046478,-1.4018566608428955,0.17130422592163086,-6.484220504760742,-11.186973571777344,-6.179769515991211,-3.186937093734741,3.98874568939209,-4.180430889129639,0.27569934725761414,-0.46279317140579224,-1.687515377998352,1.2231440544128418,2.5167503356933594,0.6078923344612122,1.0262877941131592,2.5778820514678955,-2.561234474182129,2.9726669788360596,1.6642096042633057,0.5482631325721741
122,-0.42885661125183105,1.082067608833313,0.5139908790588379,-1.539226770401001,-1.4210290908813477,5.0687055587768555,-0.930172324180603,1.628617525100708,0.8405779600143433,-3.9577887058258057,0.837205171585083,-1.2946748733520508,-0.15480853617191315,0.6495537757873535,-2.590721607208252,1.0501878261566162,0.15323060750961304,-4.9679670333862305,2.580225944519043,-2.5119423866271973,-4.8557448387146,-0.6431351900100708,-0.07334578037261963,-2.836393117904663,-1.27493155002594,0.9521715641021729,-0.16578400135040283,0.03832130879163742,0.10227249562740326,-0.01753668300807476,0.5124355554580688,-0.8853392004966736,-2.2694804668426514,2.1260204315185547,-1.332519292831421,-4.961478233337402,-0.44406038522720337,-1.6564075946807861,-5.5876874923706055,-2.900104284286499,0.680742621421814,2.9146292209625244,0.529460608959198,-1.619929313659668,-0.23711393773555756,-6.944762706756592,-11.501591682434082,-5.932647228240967,-3.228163719177246,3.961393356323242,-4.212359428405762,0.17907240986824036,-0.5122900009155273,-1.4986145496368408,1.325486183166504,2.4823598861694336,0.9541003704071045,1.0094916820526123,2.605489492416382,-2.5394906997680664,2.9803969860076904,1.7497122287750244,0.5624192953109741
123,-0.9862692952156067,1.105244755744934,0.6008691787719727,-1.4880993366241455,-1.3712241649627686,5.031926155090332,-0.6109846234321594,1.3631019592285156,0.9606841802597046,-3.887470245361328,0.9739017486572266,-1.358055830001831,-0.2539675235748291,0.7396014928817749,-2.562897205352783,0.7780835032463074,0.1735319197177887,-5.548189163208008,2.530453681945801,-2.497417449951172,-4.848716735839844,-0.6433161497116089,-0.019692162051796913,-2.787074565887451,-0.896852970123291,1.022629737854004,-0.09983868151903152,0.027794189751148224,0.11805404722690582,-0.020051870495080948,0.4872099757194519,-0.8692857027053833,-2.3325746059417725,2.2003402709960938,-1.283502459526062,-4.915860652923584,-0.39421597123146057,-1.704803228378296,-5.525111675262451,-4.472042083740234,0.6930044889450073,4.334755897521973,0.39402058720588684,-1.0101414918899536,-0.40047115087509155,-7.052861213684082,-11.532922744750977,-6.104605674743652,-3.1301193237304688,3.9783153533935547,-4.135616779327393,0.1577877551317215,-0.5657826066017151,-1.614912986755371,1.4701714515686035,2.5091569423675537,0.2676973342895508,1.0516941547393799,2.5492348670959473,-2.5745773315429688,3.0658512115478516,1.7045917510986328,0.5915014743804932
124,-1.131212830543518,1.1049182415008545,0.6285757422447205,-1.3846486806869507,-1.4050469398498535,5.000471591949463,-0.46319764852523804,1.2390094995498657,1.0423320531845093,-4.365113258361816,0.7612804174423218,-1.9164998531341553,-0.251243531703949,0.8524346351623535,-2.579578399658203,0.640453577041626,0.1960766315460205,-5.878191947937012,2.4573352336883545,-2.5188541412353516,-4.904958724975586,-0.6335713863372803,-0.007693990133702755,-2.7288436889648438,-0.7373514771461487,1.0594704151153564,-0.05966953560709953,0.019260823726654053,0.12559197843074799,-0.02893439494073391,0.4816267490386963,-0.8857802748680115,-2.3533761501312256,2.220327138900757,-1.2360789775848389,-4.945249080657959,-0.42489778995513916,-1.7282040119171143,-5.435748100280762,-1.9170379638671875,0.5874937772750854,2.3280742168426514,-0.1606726348400116,-0.28106820583343506,-0.02361680567264557,-6.9914751052856445,-11.534046173095703,-6.097382545471191,-3.0994791984558105,3.956326723098755,-4.116189956665039,0.14520591497421265,-0.6096744537353516,-1.6586295366287231,1.0875831842422485,2.288438320159912,-0.5142373442649841,0.9987777471542358,2.587618827819824,-2.5914499759674072,3.045663595199585,1.7465715408325195,0.6115083694458008
125,-1.2761223316192627,1.1074738502502441,0.6648181080818176,-1.3429646492004395,-1.4179089069366455,4.982885360717773,-0.39672961831092834,1.1707524061203003,1.0700969696044922,-4.593698501586914,0.686968207359314,-2.198265552520752,-0.25265464186668396,0.8841660022735596,-2.5295004844665527,0.5815683603286743,0.18561498820781708,-6.103385925292969,2.46661376953125,-2.503481388092041,-4.866650104522705,-0.6466938853263855,-0.035736098885536194,-2.671936511993408,-0.6355533003807068,1.085878610610962,-0.03869562968611717,0.015652192756533623,0.13044191896915436,-0.028696507215499878,0.47926485538482666,-0.8937280178070068,-2.3706934452056885,2.196223497390747,-1.2150675058364868,-4.93838357925415,-0.4485291838645935,-1.7048707008361816,-5.434083938598633,-0.5435127019882202,0.5180633068084717,1.2427119016647339,-0.3557298481464386,-1.475006103515625,-0.40712812542915344,-6.8915815353393555,-11.445612907409668,-6.263924598693848,-3.096648693084717,3.9341249465942383,-4.134338855743408,0.1384175568819046,-0.6092885732650757,-1.7094733715057373,0.8887937068939209,2.199915885925293,-0.9363394975662231,0.9954177141189575,2.6031222343444824,-2.5696558952331543,3.036773681640625,1.7815301418304443,0.6575457453727722
126,-1.3562037944793701,1.152606725692749,0.7014758586883545,-1.296278476715088,-1.5522315502166748,4.974679946899414,-0.38088536262512207,1.060408592224121,1.0829758644104004,-4.555362701416016,0.651868999004364,-2.272930145263672,-0.23908478021621704,0.7667676210403442,-2.540982723236084,0.5835490226745605,0.20110160112380981,-6.042446136474609,2.586575508117676,-2.5281848907470703,-4.842264175415039,0.402939110994339,-0.41211435198783875,-3.897068738937378,-0.9100550413131714,0.9575848579406738,0.4200289845466614,0.0304252952337265,0.1060270220041275,-0.026559928432106972,0.13429439067840576,-0.3865104913711548,-1.8967986106872559,2.167386293411255,-1.2822738885879517,-4.919899940490723,-0.40434548258781433,-1.7321288585662842,-5.527050971984863,-0.21528449654579163,0.654339611530304,1.0567245483398438,-0.47262459993362427,-0.5326659679412842,-0.10196102410554886,-7.117524147033691,-11.684514999389648,-5.924571990966797,-3.3129844665527344,4.022627353668213,-4.232743263244629,0.05237394571304321,-0.5343878269195557,-1.581221103668213,1.5306122303009033,2.277035713195801,0.11737185716629028,0.921744704246521,2.6913747787475586,-2.527360200881958,2.9589734077453613,1.886369228363037,0.6744863986968994
127,-0.36091652512550354,0.9490715265274048,-0.05155476927757263,-1.1357684135437012,-1.6298928260803223,4.8773956298828125,-0.7083514332771301,1.27681303024292,0.8704315423965454,-4.062755107879639,0.7391900420188904,-1.4960052967071533,0.06362609565258026,0.5204591155052185,-2.525325298309326,1.0319740772247314,0.28279542922973633,-4.637677192687988,2.6948771476745605,-2.5173680782318115,-4.756643295288086,-0.17847512662410736,-0.30733591318130493,-3.452357292175293,-0.9742227792739868,0.7972177267074585,0.588836133480072,0.04076472669839859,0.09333117306232452,-0.013068987987935543,-0.01287715882062912,-0.1328888237476349,-1.6160982847213745,2.2484731674194336,-1.3024537563323975,-4.99847412109375,-0.5927614569664001,-1.5829654932022095,-5.979316234588623,-0.03324686735868454,0.6809374094009399,0.9471533298492432,-0.3186873495578766,-1.56681227684021,-0.44260743260383606,-7.402412414550781,-11.769224166870117,-5.762994766235352,-3.387141466140747,3.9616291522979736,-4.272349834442139,1.5482410192489624,-0.07121816277503967,-0.8973073959350586,1.971221923828125,2.2831785678863525,0.6649233102798462,0.9318939447402954,2.7281064987182617,-2.512195110321045,3.0070292949676514,1.9191994667053223,0.7437292337417603
128,-0.8604855537414551,1.0814590454101562,0.3391510248184204,-1.0731593370437622,-1.5463923215866089,4.821470260620117,-0.782979428768158,1.3618762493133545,0.852388858795166,-4.319238662719727,0.656485915184021,-1.8415685892105103,-0.03254523128271103,0.6134613156318665,-2.6189169883728027,0.8050992488861084,0.25202977657318115,-5.40711784362793,2.7402775287628174,-2.5552499294281006,-4.888833045959473,-0.42985227704048157,-0.15712150931358337,-3.178048610687256,-0.7288153171539307,0.9412485957145691,0.31546470522880554,0.0332995243370533,0.11449054628610611,-0.012170374393463135,-0.1195053979754448,0.027779117226600647,-1.4504765272140503,2.2851314544677734,-1.2687427997589111,-4.940103054046631,-0.6080042123794556,-1.5421562194824219,-6.058036804199219,0.4532555639743805,0.5851269960403442,0.5239067673683167,-0.0038838237524032593,-1.485029697418213,-0.11551006138324738,-7.3971848487854,-11.755468368530273,-5.814000606536865,-3.3349387645721436,4.083796501159668,-4.241497039794922,0.830758273601532,-0.3045448958873749,-1.3503364324569702,1.905074954032898,2.3434200286865234,1.0989017486572266,0.8747228384017944,2.696631908416748,-2.489729404449463,2.9770216941833496,1.9035217761993408,0.7841750383377075
129,-1.0465073585510254,1.0776386260986328,0.5128132104873657,-0.985039234161377,-1.527449369430542,4.74974250793457,-0.847347617149353,1.4433441162109375,0.8276532888412476,-3.8323440551757812,0.726177990436554,-1.306540846824646,0.011711690574884415,0.6304463148117065,-2.679845094680786,0.7714005708694458,0.258025586605072,-5.865012168884277,2.743340015411377,-2.5332398414611816,-4.906089782714844,-0.5569841265678406,-0.14367328584194183,-3.0735111236572266,-0.9411221742630005,0.8494896292686462,0.586189866065979,0.028155721724033356,0.12604376673698425,-0.012275497429072857,-0.17700953781604767,0.12094751745462418,-1.3474689722061157,2.304525852203369,-1.2350263595581055,-4.894306182861328,-0.6320997476577759,-1.5026133060455322,-6.13395881652832,0.777866542339325,0.524604320526123,0.2671014964580536,0.1751253455877304,-1.4459352493286133,0.10329923778772354,-7.504700183868408,-11.79473876953125,-5.607790946960449,-3.3306403160095215,4.137750625610352,-4.254671573638916,0.4717257022857666,-0.4108535647392273,-1.5573043823242188,1.7886273860931396,2.4450206756591797,0.42001551389694214,0.8334572911262512,2.67800235748291,-2.4548397064208984,2.935673713684082,1.8919236660003662,0.81205153465271
130,-1.222916841506958,1.1213016510009766,0.6493948101997375,-0.9181428551673889,-1.602874994277954,4.674308776855469,-0.9604118466377258,1.4961206912994385,0.7943757176399231,-3.6824440956115723,0.7799652218818665,-0.9875040650367737,0.11690283566713333,0.5264149308204651,-2.6388487815856934,1.0773353576660156,0.32608288526535034,-4.512920379638672,2.7190887928009033,-2.4956536293029785,-4.8725457191467285,-0.6332677602767944,-0.11758452653884888,-3.0436713695526123,-0.9921947717666626,0.7375326156616211,0.6971369981765747,-0.00515830609947443,0.13453763723373413,-0.04591008648276329,-0.1767520010471344,0.15452322363853455,-1.3043322563171387,2.26019024848938,-1.3130780458450317,-4.93804931640625,-0.6457248330116272,-1.4948650598526,-6.241546630859375,0.5021553039550781,0.6539724469184875,0.5320987701416016,0.28952789306640625,-1.4466534852981567,0.18722550570964813,-7.635293960571289,-11.83403205871582,-5.469980239868164,-3.3176827430725098,4.068824768066406,-4.251399993896484,0.29607105255126953,-0.4365268647670746,-1.4889867305755615,1.9233758449554443,2.3992605209350586,0.8401963710784912,0.8743164539337158,2.6552088260650635,-2.4769439697265625,2.9580702781677246,1.8789647817611694,0.7335319519042969
131,-1.2247986793518066,1.093747854232788,0.6627503633499146,-0.7955012321472168,-1.6094462871551514,4.54112434387207,-1.0435357093811035,1.5493890047073364,0.8018311262130737,-3.598060131072998,0.8406821489334106,-0.8499605655670166,0.2234831303358078,0.4713406562805176,-2.6244640350341797,1.2702744007110596,0.30382823944091797,-3.7669785022735596,2.7382383346557617,-2.475755214691162,-4.784605503082275,-0.7110500335693359,-0.1225540041923523,-3.010803699493408,-0.9994580149650574,0.6691482067108154,0.6852971911430359,0.024621833115816116,0.11151301860809326,-0.01874528080224991,-0.18396803736686707,0.17182496190071106,-1.304044246673584,2.250598669052124,-1.2908209562301636,-4.949260234832764,-0.8232588768005371,-1.456880807876587,-6.43898344039917,0.36888623237609863,0.656906247138977,0.6461275815963745,0.03442540019750595,-2.0806286334991455,-0.28593695163726807,-7.515860080718994,-11.60464096069336,-5.652497291564941,-3.3870465755462646,4.015969753265381,-4.2671942710876465,0.1391192078590393,-0.38518911600112915,-1.3739728927612305,2.1970200538635254,2.3428053855895996,1.047451376914978,0.8928263187408447,2.6810407638549805,-2.4900124073028564,2.964735507965088,1.9111180305480957,0.6888309717178345
132,-1.1795188188552856,1.1069955825805664,0.6967298984527588,-0.7371050119400024,-1.6330043077468872,4.47855806350708,-1.0277867317199707,1.5522370338439941,0.8060486912727356,-3.895301342010498,0.7753287553787231,-1.440781593322754,0.2223915308713913,0.47727465629577637,-2.588641881942749,1.349204182624817,0.28772053122520447,-3.3722219467163086,2.727341651916504,-2.4721076488494873,-4.7487993240356445,-0.7149227261543274,-0.09187281131744385,-2.9984090328216553,-1.0418944358825684,0.6055921316146851,0.7143216133117676,0.037411559373140335,0.09727604687213898,-0.01522207260131836,0.21239763498306274,-0.37700438499450684,-1.820657730102539,2.1933019161224365,-1.2664248943328857,-4.896042823791504,-0.5831094980239868,-1.5100233554840088,-5.892574310302734,0.3236343264579773,0.6617990136146545,0.7210260629653931,-0.05134379118680954,-2.394073009490967,-0.5968058109283447,-7.458488464355469,-11.533348083496094,-5.784819602966309,-3.3210277557373047,3.967597007751465,-4.209144115447998,0.08188683539628983,-0.40518972277641296,-1.3788199424743652,2.4488534927368164,2.3047444820404053,1.1796302795410156,0.9225486516952515,2.679051399230957,-2.5050530433654785,2.970615863800049,1.9084914922714233,0.6600305438041687
133,-0.29680249094963074,1.033689022064209,0.14198225736618042,-0.8249348402023315,-1.6275124549865723,4.56980037689209,-1.0153716802597046,1.578498363494873,0.8107104897499084,-3.7409274578094482,0.7999840974807739,-1.1091334819793701,0.18677383661270142,0.4106643795967102,-2.578956127166748,1.4171042442321777,0.28083211183547974,-3.1550979614257812,2.7101478576660156,-2.4727933406829834,-4.7864251136779785,-0.7250176668167114,-0.12054864317178726,-3.0307576656341553,-1.0668622255325317,1.1539174318313599,0.03684106469154358,0.04811537265777588,0.08928444981575012,-0.0010775476694107056,0.04361889511346817,-0.10521364212036133,-1.5745534896850586,2.205875873565674,-1.2525968551635742,-4.904623031616211,-0.7669400572776794,-1.4828498363494873,-6.256314277648926,0.27583205699920654,0.6833171844482422,0.7689372301101685,-0.0691056177020073,-2.597527027130127,-0.7075225114822388,-7.171295166015625,-11.293708801269531,-5.952581405639648,-3.3503856658935547,3.964630126953125,-4.226264953613281,0.03772348910570145,-0.36640679836273193,-1.3590975999832153,2.5403892993927,2.3175339698791504,1.244661808013916,0.9926940202713013,2.6396636962890625,-2.521745204925537,3.011425256729126,1.8707526922225952,0.6475281119346619
134,3.7353172302246094,2.676987886428833,-0.5793164968490601,-0.7773274183273315,-1.651111125946045,4.577683448791504,-1.0090715885162354,1.6145803928375244,0.78396075963974,-3.6507532596588135,0.8217124342918396,-0.9036110639572144,0.2503429353237152,0.35724759101867676,-2.648481845855713,1.382612943649292,0.23344743251800537,-2.992703676223755,2.747870922088623,-2.474071979522705,-4.680999279022217,-0.7248460054397583,-0.18863561749458313,-3.0163893699645996,-1.0469985008239746,0.8817188739776611,0.38308632373809814,0.05351279675960541,0.08634025603532791,0.002514719730243087,0.8709787130355835,-0.7034541964530945,-2.2130136489868164,2.170569896697998,-1.3079278469085693,-4.981195449829102,-0.9431127905845642,-1.4534629583358765,-6.542184352874756,0.2783666253089905,0.6604030132293701,0.7786372900009155,0.17031988501548767,-2.311237335205078,-0.6915282011032104,-6.8185834884643555,-11.053215026855469,-5.962526321411133,-3.340336322784424,3.8665976524353027,-4.1929826736450195,1.6603271961212158,0.03440791368484497,-0.8106359243392944,2.629580497741699,2.3206729888916016,1.2609212398529053,1.0593314170837402,2.6237339973449707,-2.582610607147217,3.030890464782715,1.8694348335266113,0.5166948437690735
135,6.000152587890625,3.490255355834961,-1.0954976081848145,-0.7188435196876526,-1.717264175415039,4.599940299987793,-1.0040749311447144,1.6519851684570312,0.7744157910346985,-3.60282564163208,0.824084997177124,-0.8121771812438965,0.2408304214477539,0.35537391901016235,-2.6513671875,1.3850538730621338,0.23035570979118347,-2.8884010314941406,2.8337998390197754,-2.4835691452026367,-4.630654335021973,-0.7650058269500732,-0.24026209115982056,-3.026503562927246,-1.1040902137756348,1.2502970695495605,-0.05263596773147583,0.05926080793142319,0.08660870045423508,0.009104163385927677,1.3169851303100586,-1.043675422668457,-2.56892728805542,2.1397252082824707,-1.3196542263031006,-4.993996620178223,-1.0888121128082275,-1.4126840829849243,-6.738819122314453,0.7212852835655212,0.5369719862937927,0.3675415813922882,0.40248948335647583,-1.8304582834243774,-0.24849337339401245,-6.5633625984191895,-10.85746955871582,-5.962248802185059,-3.3691658973693848,3.8170857429504395,-4.222781181335449,0.8360908627510071,-0.08399810642004013,-0.8160028457641602,1.968589186668396,2.4361448287963867,0.5933623909950256,1.0910385847091675,2.607347011566162,-2.638423204421997,3.0589940547943115,1.8345985412597656,0.45801711082458496
136,3.1052544116973877,2.16890025138855,0.07053160667419434,-0.7432006597518921,-1.666790246963501,4.593193531036377,-1.0087285041809082,1.6874923706054688,0.8841086626052856,-3.6128134727478027,0.8648089170455933,-0.783578097820282,0.2329399585723877,0.3616149127483368,-2.6622283458709717,1.3717271089553833,0.22704902291297913,-2.7807669639587402,2.8766205310821533,-2.4521541595458984,-4.6146135330200195,-0.7640825510025024,-0.2452957034111023,-3.0462183952331543,-1.1490578651428223,1.4717577695846558,-0.34717148542404175,0.04956900700926781,0.11459522694349289,0.015022756531834602,1.544898509979248,-1.173928141593933,-2.743471622467041,2.1284945011138916,-1.27974271774292,-5.060525894165039,-0.7386817336082458,-1.412428617477417,-6.0787811279296875,-2.724161148071289,0.514596700668335,2.6713967323303223,0.16888387501239777,-1.6233644485473633,-0.22559762001037598,-6.481636047363281,-10.801210403442383,-5.873956680297852,-3.374079942703247,3.795954942703247,-4.203862190246582,0.3883209228515625,-0.1782834529876709,-0.9499109387397766,1.6509168148040771,2.5065159797668457,0.1835206300020218,1.0484063625335693,2.612438678741455,-2.5914783477783203,3.0487892627716064,1.8396658897399902,0.5712213516235352
137,1.5908186435699463,1.522660255432129,0.8216989636421204,-0.7187703847885132,-1.5303815603256226,4.508335113525391,-0.779033899307251,1.379159688949585,0.981519341468811,-3.63390851020813,0.8737727403640747,-0.7684834003448486,0.27546003460884094,0.35744524002075195,-2.695180892944336,1.4193971157073975,0.26565372943878174,-2.8409342765808105,2.8307206630706787,-2.492849826812744,-4.78847599029541,-0.736260712146759,-0.19779767096042633,-3.0460498332977295,-1.0894627571105957,1.5493816137313843,-0.5138489603996277,0.0065226200968027115,0.1285482943058014,-0.03488052263855934,1.641571283340454,-1.2139607667922974,-2.8925719261169434,2.1787753105163574,-1.2787532806396484,-5.075038433074951,-0.5993896722793579,-1.4152774810791016,-5.741116523742676,-1.329063892364502,0.5501924753189087,1.8493834733963013,0.2696008086204529,-1.5380606651306152,-0.006775647401809692,-6.270534992218018,-10.623473167419434,-6.038198471069336,-3.3904027938842773,3.937124013900757,-4.234415531158447,0.14486974477767944,-0.23552507162094116,-1.1949955224990845,1.5658812522888184,2.574366569519043,0.037111468613147736,1.0553135871887207,2.5843982696533203,-2.6153573989868164,3.0625357627868652,1.777207851409912,0.5921316146850586
138,0.30163663625717163,0.9250035285949707,0.5891808271408081,-0.7297313213348389,-1.5132287740707397,4.517027854919434,-0.6993812322616577,1.1902490854263306,1.0212528705596924,-3.6725168228149414,0.8745821118354797,-0.7077746987342834,0.39883387088775635,0.2744869589805603,-2.7480618953704834,1.4784786701202393,0.2950628995895386,-2.883363723754883,2.8159871101379395,-2.526134490966797,-4.818443298339844,-0.7022257447242737,-0.21032392978668213,-3.0275373458862305,-1.0759971141815186,1.095262050628662,0.031497806310653687,0.03968130424618721,0.13003981113433838,-0.02655971050262451,1.6967658996582031,-1.2343450784683228,-2.9307780265808105,2.1831676959991455,-1.2963519096374512,-5.087655067443848,-0.8988552093505859,-1.3753595352172852,-6.257308006286621,-0.5884785056114197,0.5746086835861206,1.3809128999710083,0.3769271671772003,-1.4354162216186523,0.12307446449995041,-6.190805435180664,-10.574808120727539,-6.1063337326049805,-3.3703055381774902,3.941904306411743,-4.215440273284912,0.049608953297138214,-0.2286568284034729,-1.2761743068695068,1.4382071495056152,2.5987143516540527,-0.04615774005651474,1.077111005783081,2.575286865234375,-2.621487617492676,3.0876502990722656,1.7490065097808838,0.6152795553207397
139,-0.3885728120803833,0.5729896426200867,0.46749716997146606,-0.7311404347419739,-1.4621062278747559,4.518154144287109,-0.593086302280426,1.1254860162734985,1.088714361190796,-3.6884865760803223,0.9193651676177979,-0.7589949369430542,0.2907257676124573,0.34076833724975586,-2.7680020332336426,1.4367533922195435,0.27555736899375916,-2.8427252769470215,2.7963767051696777,-2.513545274734497,-4.804219722747803,-0.6716099977493286,-0.16796010732650757,-3.0467662811279297,-1.1184232234954834,0.829230010509491,0.347929984331131,0.002644965425133705,0.13291695713996887,-0.055268898606300354,1.715315580368042,-1.243255615234375,-2.980224132537842,2.2280349731445312,-1.2901397943496704,-5.126461029052734,-0.6300649046897888,-1.40794038772583,-5.812783241271973,-0.16400182247161865,0.5632440447807312,1.1223543882369995,0.3884798586368561,-1.4472312927246094,0.17245984077453613,-6.142518997192383,-10.48927116394043,-6.042806148529053,-3.2940006256103516,4.008436679840088,-4.216007709503174,-0.03957342728972435,-0.29248446226119995,-1.3940796852111816,1.461167573928833,2.632911443710327,-0.11761646717786789,1.0253101587295532,2.6351590156555176,-2.639004945755005,3.112149953842163,1.7815074920654297,0.6468902826309204
140,-0.7718856930732727,0.39912092685699463,0.4011531472206116,-0.7597106695175171,-1.4539737701416016,4.591482162475586,-0.5468430519104004,1.0578988790512085,1.1068329811096191,-3.6384871006011963,0.9176461696624756,-0.7581233978271484,0.2830626368522644,0.3750666379928589,-2.7752513885498047,1.4380433559417725,0.273353636264801,-2.8439478874206543,2.811401128768921,-2.510718822479248,-4.807008266448975,-0.6675734519958496,-0.18393786251544952,-3.0332207679748535,-1.1063257455825806,1.2118639945983887,-0.1256076842546463,-0.01894136145710945,0.13646471500396729,-0.0732630044221878,1.7243943214416504,-1.2374389171600342,-2.991438865661621,2.2267706394195557,-1.2759448289871216,-5.102508544921875,-0.47711431980133057,-1.3889189958572388,-5.530027389526367,0.05713660269975662,0.5759944915771484,0.9904545545578003,0.40095874667167664,-1.3930952548980713,0.2383493185043335,-6.202873706817627,-10.427783966064453,-6.193233489990234,-3.3469491004943848,4.015796661376953,-4.209801197052002,-0.08673853427171707,-0.2732964754104614,-1.4621187448501587,2.1310477256774902,2.478520393371582,0.5480397939682007,0.9607304930686951,2.6960678100585938,-2.6228246688842773,3.080073356628418,1.8372026681900024,0.6901068687438965
141,3.6842408180236816,2.4062976837158203,-0.5925350189208984,-0.7518676519393921,-1.471329689025879,4.610601425170898,-0.5330891609191895,1.0148377418518066,1.101867914199829,-3.640275716781616,0.9223966598510742,-0.7199287414550781,0.3910871744155884,0.34159255027770996,-2.7851791381835938,1.4911237955093384,0.2747070789337158,-2.906947612762451,2.798290252685547,-2.5306434631347656,-4.852510452270508,-0.6637464165687561,-0.20114362239837646,-3.034695625305176,-1.1042015552520752,1.469649076461792,-0.4610970616340637,0.004995986819267273,0.14142441749572754,-0.03203519061207771,1.7393229007720947,-1.237037181854248,-3.0194687843322754,2.2708303928375244,-1.2869296073913574,-5.142815589904785,-0.43461573123931885,-1.374632477760315,-5.373390197753906,0.14649569988250732,0.5955971479415894,0.9448755383491516,0.42754143476486206,-1.365654468536377,0.2885785400867462,-6.156801223754883,-10.365341186523438,-6.32042121887207,-3.41264009475708,4.0340728759765625,-4.230137348175049,-0.11054288595914841,-0.25888699293136597,-1.5274863243103027,1.8009828329086304,2.5429563522338867,0.20247194170951843,0.9692883491516113,2.686652898788452,-2.626190185546875,3.0723953247070312,1.825751543045044,0.6865051984786987
142,6.109003067016602,3.4984853267669678,-1.1332416534423828,-0.7475999593734741,-1.4807738065719604,4.621005058288574,-0.5256050825119019,0.9914064407348633,1.0991661548614502,-3.641248941421509,0.9249815940856934,-0.6991454362869263,0.44986778497695923,0.32337790727615356,-2.790581226348877,1.5200071334838867,0.27544355392456055,-2.9412283897399902,2.79115629196167,-2.54148530960083,-4.877269744873047,-0.6616639494895935,-0.21050599217414856,-3.0354981422424316,-1.1030457019805908,1.6099205017089844,-0.6436506509780884,0.01802128553390503,0.14412319660186768,-0.00960143655538559,1.7474461793899536,-1.236818552017212,-3.0347211360931396,2.2948050498962402,-1.2929069995880127,-5.164748668670654,-0.4114904999732971,-1.3668584823608398,-5.2881574630737305,0.19511966407299042,0.6062637567520142,0.9200741052627563,0.4420061707496643,-1.3507227897644043,0.31591033935546875,-6.131731033325195,-10.331363677978516,-6.389629364013672,-3.448385238647461,4.044017314910889,-4.241203308105469,-0.12349581718444824,-0.25104621052742004,-1.5630555152893066,1.6213808059692383,2.5780186653137207,0.01443423330783844,0.9739450216293335,2.681529998779297,-2.628021717071533,3.0682172775268555,1.8195204734802246,0.6845453977584839
143,7.443026065826416,4.050997734069824,-1.4881701469421387,-0.7446072101593018,-1.4639302492141724,4.6133012771606445,-0.6772521734237671,1.2662155628204346,0.9841528534889221,-3.6774282455444336,0.9267229437828064,-0.7090917825698853,0.4171268939971924,0.3005310297012329,-2.8049304485321045,1.4824860095977783,0.24555528163909912,-2.9026525020599365,2.7782955169677734,-2.5146560668945312,-4.856119155883789,-0.7406027317047119,-0.19459214806556702,-3.0642824172973633,-1.120629072189331,1.131838083267212,0.021932214498519897,-0.009505150839686394,0.1425105780363083,-0.04935075715184212,1.7751482725143433,-1.2606751918792725,-3.0222997665405273,2.227499008178711,-1.2823340892791748,-5.128144264221191,-0.3786834478378296,-1.373044490814209,-5.304500102996826,0.24135573208332062,0.6039878129959106,0.8941128849983215,0.4714761972427368,-1.3384058475494385,0.3051239848136902,-6.19339656829834,-10.32408332824707,-6.3790507316589355,-3.532783031463623,4.006095886230469,-4.30013370513916,-0.11792600154876709,-0.26988017559051514,-1.4438337087631226,1.5006709098815918,2.566866874694824,-0.08394361287355423,1.0103031396865845,2.6848878860473633,-2.6459498405456543,3.0948991775512695,1.824367880821228,0.6558530330657959
144,7.872932434082031,4.348818778991699,-1.41178560256958,-0.6670097708702087,-1.5888292789459229,4.575839042663574,-0.5950980186462402,1.1026493310928345,1.0697071552276611,-3.643009662628174,0.8753952980041504,-0.7756378650665283,-0.04178881645202637,0.46818917989730835,-2.7675511837005615,1.0751721858978271,0.22466221451759338,-4.340208053588867,2.835329532623291,-2.511141300201416,-4.774568557739258,0.2690642476081848,-0.5219011306762695,-4.036367893218994,-1.1421771049499512,1.4572161436080933,-0.33705559372901917,0.02032463252544403,0.11192989349365234,-0.022908734157681465,1.8177437782287598,-1.3761084079742432,-3.0315895080566406,2.2696943283081055,-1.2700395584106445,-5.081876754760742,-0.6071699261665344,-1.439900517463684,-5.942556381225586,-3.0334699153900146,0.6164821982383728,2.9573452472686768,0.1462099552154541,-2.08182954788208,-0.12363110482692719,-6.297828674316406,-10.398871421813965,-6.34834098815918,-3.5361897945404053,3.9566643238067627,-4.344047546386719,-0.17614123225212097,-0.20316505432128906,-1.264538288116455,1.4056215286254883,2.593459129333496,-0.17768964171409607,1.0666507482528687,2.676356077194214,-2.734560012817383,2.856289863586426,0.5887011289596558,-0.37965089082717896
145,4.045753479003906,2.4995245933532715,-0.05925643444061279,-0.4541776776313782,-1.5408247709274292,4.37178897857666,-0.2570644021034241,2.0085184574127197,1.6047296524047852,-3.6755199432373047,1.0087502002716064,-0.6958318948745728,0.44884029030799866,0.262211412191391,-2.3593618869781494,0.5847442150115967,0.1414152830839157,-5.031319618225098,2.9522347450256348,-2.4397926330566406,-4.388051509857178,-0.29049888253211975,-0.3306597173213959,-3.483424425125122,-0.972256064414978,1.5280029773712158,-0.545842170715332,0.0330345593392849,0.09493359923362732,-0.01607476733624935,1.8770954608917236,-1.3847050666809082,-3.140515089035034,1.68291175365448,-0.35711079835891724,-3.2356863021850586,-0.5531500577926636,-1.3816895484924316,-5.916408061981201,-4.348112106323242,0.6289712190628052,3.873363971710205,-0.2792995572090149,-2.2824883460998535,-0.25875961780548096,-6.272089004516602,-10.305667877197266,-6.093369483947754,-3.5578629970550537,4.023157596588135,-4.4577436447143555,-0.8878520727157593,-0.6125902533531189,-1.333303451538086,1.309840440750122,2.5942039489746094,-0.040922362357378006,0.9965565800666809,2.875023365020752,-2.892228603363037,2.502645492553711,0.14160989224910736,-0.9408938884735107
146,6.772742748260498,2.1764421463012695,-1.2236028909683228,-7.094881534576416,0.19703155755996704,7.845917701721191,-0.27479034662246704,1.2420470714569092,1.043251395225525,-3.725130081176758,0.9433709383010864,-0.6219732761383057,-1.2010859251022339,2.7215332984924316,-4.636865615844727,0.1858324259519577,0.09935681521892548,-3.0693531036376953,2.658686637878418,-2.701603889465332,-5.355104446411133,-0.18046589195728302,-0.15915028750896454,-3.363976001739502,-1.133299469947815,1.164560079574585,0.0793691873550415,0.032664865255355835,0.11425687372684479,-0.03672612085938454,2.2003684043884277,-1.4107463359832764,-3.1587886810302734,1.3084826469421387,0.5807130336761475,-2.2009224891662598,-3.253344774246216,0.7626534700393677,-5.483521461486816,-3.5185985565185547,0.4281045198440552,4.239231586456299,0.17335113883018494,-2.7429347038269043,-0.03964202105998993,-6.596447944641113,-10.416311264038086,-5.916177749633789,-3.924814224243164,4.767112731933594,-5.045851707458496,-0.09665250778198242,0.2564971148967743,0.010204553604125977,1.4453057050704956,2.9263205528259277,0.027356678619980812,0.9186487197875977,2.964656352996826,-2.8665318489074707,3.1750576496124268,-0.6867772340774536,-2.0834624767303467
147,3.4670262336730957,1.8186843395233154,-0.43627530336380005,-3.9430184364318848,-0.25570788979530334,6.71321439743042,-0.4503076672554016,1.2847329378128052,0.8929996490478516,-3.8045992851257324,0.9693164825439453,-0.6120063066482544,-1.3655532598495483,2.5486764907836914,-5.532589912414551,0.19644522666931152,0.12795808911323547,-3.4036898612976074,2.971935510635376,-2.6653947830200195,-4.648994445800781,-0.16036778688430786,-0.15989524126052856,-2.892068862915039,-1.0970429182052612,1.010040044784546,0.5315441489219666,0.023789938539266586,0.0830082818865776,-0.07861579954624176,1.713283658027649,-1.7149150371551514,-2.4034318923950195,1.8194248676300049,-0.10890227556228638,-3.4004721641540527,-3.0153746604919434,0.2776324152946472,-6.30177116394043,-1.8697367906570435,0.6100566983222961,2.797426700592041,-0.43073076009750366,-3.0560965538024902,0.3092842102050781,-6.890720367431641,-10.521430015563965,-5.7524590492248535,-3.839186191558838,4.605566024780273,-4.978967666625977,0.04956512525677681,0.3325791358947754,-0.5402787923812866,1.0434406995773315,2.8673181533813477,-0.059500984847545624,0.47539395093917847,4.391495704650879,-4.596222400665283,2.624807834625244,2.153404951095581,-1.0487608909606934
148,1.605276107788086,0.9197172522544861,0.07158702611923218,-2.6345739364624023,-0.919434130191803,5.454813003540039,-0.4584081172943115,1.1359927654266357,1.0892643928527832,-3.518378257751465,0.9437452554702759,-0.5528088808059692,-1.7585678100585938,2.1991703510284424,-3.1092629432678223,0.30279454588890076,-0.29897546768188477,-2.901435375213623,2.804917335510254,-2.5630149841308594,-4.074912071228027,-0.09550602734088898,0.3190205693244934,-2.199759006500244,-2.079655885696411,1.959874153137207,-2.4872398376464844,0.025446591898798943,0.07130042463541031,-0.058499936014413834,1.4445278644561768,-2.0677740573883057,-1.4966689348220825,1.9319639205932617,-0.39046749472618103,-3.4401605129241943,-1.8336941003799438,-0.045928582549095154,-5.726048946380615,-0.9384138584136963,0.653438925743103,1.8726319074630737,0.7395873069763184,-1.7591519355773926,-0.6317239999771118,-6.03276252746582,-9.250347137451172,-6.173684120178223,-3.8751964569091797,3.26509165763855,-4.079928398132324,0.7648172378540039,0.32471486926078796,0.27612927556037903,0.8513908386230469,2.7110538482666016,-0.8846192955970764,1.134053349494934,3.4070017337799072,-3.5755951404571533,1.4414469003677368,1.3739829063415527,-1.4250743389129639
149,0.4237506091594696,0.7449647188186646,0.4525288939476013,-2.0679304599761963,-1.42362642288208,4.856935024261475,-0.2794310748577118,0.7793970108032227,1.0307807922363281,-3.599672794342041,0.875941276550293,-0.6501262187957764,-1.8161309957504272,2.102407932281494,-3.395620822906494,0.4464625418186188,-0.32204437255859375,-2.356222629547119,2.7714667320251465,-2.2434499263763428,-3.4478182792663574,-0.09167934954166412,0.8234248161315918,-1.6681984663009644,-2.7979488372802734,2.405395030975342,-4.228854179382324,0.022902175784111023,0.06564460694789886,-0.04037299007177353,1.3223190307617188,-2.311460494995117,-1.1031798124313354,1.5147278308868408,-0.12418737262487411,-1.3661599159240723,-1.6340644359588623,-0.5073238611221313,-5.683402061462402,-0.37833505868911743,0.7349584102630615,1.3049538135528564,0.452335000038147,-2.004807949066162,-0.1574738770723343,-4.985645771026611,-8.286731719970703,-6.624298095703125,-4.050153732299805,2.6897382736206055,-3.756892204284668,0.28780972957611084,0.5022778511047363,0.2954038977622986,0.6340504884719849,2.561441421508789,-1.2112705707550049,1.4735749959945679,2.545320987701416,-2.9864983558654785,0.27134913206100464,2.3532755374908447,-0.610759973526001
150,-0.24067258834838867,0.6532477140426636,0.7057977318763733,-1.6389071941375732,-1.6648532152175903,4.544267654418945,-0.09240235388278961,0.5606217980384827,0.9322187304496765,-3.66461181640625,0.9681269526481628,-0.7361563444137573,-1.9470562934875488,1.9405208826065063,-3.5960545539855957,0.3857179284095764,-0.22594928741455078,-3.5299534797668457,2.7641053199768066,-2.087902545928955,-3.151026964187622,-0.06954823434352875,1.1411888599395752,-1.4031527042388916,-3.163027048110962,2.7092881202697754,-5.36754035949707,0.019593579694628716,0.0656643658876419,-0.02778749354183674,1.2232674360275269,-2.492626428604126,-0.897014856338501,1.3347129821777344,0.04862140119075775,-0.3118245303630829,-1.4304301738739014,-0.5884367227554321,-5.474489212036133,-0.09122516214847565,0.7773778438568115,1.0261871814727783,0.2845724821090698,-2.0914955139160156,0.10258679836988449,-4.6094794273376465,-8.010940551757812,-6.636421203613281,-4.16786527633667,2.3507354259490967,-3.576504707336426,1.123125433921814,0.5192302465438843,0.5720871686935425,0.5602279901504517,2.5103399753570557,-1.3742350339889526,1.6252148151397705,2.0478501319885254,-2.613811492919922,-0.3982391357421875,2.8476479053497314,-0.17654430866241455
151,-0.5550386905670166,0.6874790191650391,0.7116310596466064,-1.4220560789108276,-1.7054831981658936,4.312689781188965,-0.2790433168411255,0.6934963464736938,1.1351441144943237,-3.3274755477905273,0.8508124351501465,-0.7268332242965698,-1.3324766159057617,0.9976687431335449,-2.5873818397521973,0.3675439953804016,-0.3061244487762451,-4.152308940887451,2.7000062465667725,-1.9054971933364868,-2.9436028003692627,-0.017095711082220078,1.1103649139404297,-1.2959222793579102,-3.116304397583008,2.87018084526062,-5.733639717102051,0.0436025932431221,0.062375642359256744,-0.017769454047083855,1.2519745826721191,-2.5535712242126465,-0.70550936460495,1.21268892288208,0.1413252353668213,0.23327790200710297,-1.7670217752456665,-0.8843119740486145,-5.648942947387695,0.0659160315990448,0.74789959192276,0.8291869759559631,0.08261671662330627,-2.048682689666748,0.14068900048732758,-4.750788688659668,-8.119309425354004,-6.627168655395508,-4.158951282501221,2.12764835357666,-3.314420700073242,0.18804985284805298,0.8641520142555237,-0.052783966064453125,0.8063136339187622,2.801030158996582,-1.3363934755325317,0.7678419351577759,3.1380276679992676,-2.1976685523986816,-0.6614990830421448,2.9371085166931152,0.03391917794942856
152,-1.5912117958068848,0.09450966119766235,2.43365478515625,-0.6788225173950195,-1.4967265129089355,4.72728157043457,-0.4311531186103821,0.7250124216079712,1.4095224142074585,-3.871957778930664,0.9929198026657104,-0.9815404415130615,-2.203209638595581,0.4590628147125244,-2.241265296936035,0.5262902975082397,-0.3398851156234741,-4.25180196762085,2.561119794845581,-1.8888819217681885,-2.9735021591186523,-0.5987581014633179,0.7656426429748535,-1.9267537593841553,-2.9942526817321777,3.28727388381958,-5.880059242248535,0.05844336003065109,0.05863438546657562,-0.01222515944391489,1.5476237535476685,-1.7505786418914795,-1.3202792406082153,1.5402271747589111,-0.33215630054473877,-1.5269678831100464,-2.0957438945770264,-0.5557152032852173,-6.520241737365723,0.1488470733165741,0.7522158622741699,0.8153244853019714,-0.33815571665763855,-2.3150501251220703,0.13119040429592133,-3.5764036178588867,-5.695145606994629,-4.417259216308594,-3.840536594390869,1.6967253684997559,-3.0863113403320312,-2.0579166412353516,1.1825435161590576,-0.07063908874988556,0.5118086338043213,2.6112451553344727,-1.6050270795822144,1.3253377676010132,2.933396339416504,-2.6516366004943848,-0.8820649981498718,2.9234325885772705,0.2085149586200714
153,-0.2277035117149353,3.0614514350891113,3.550048589706421,-0.6746765375137329,-1.5614463090896606,4.159610748291016,-0.46500885486602783,2.090280055999756,1.7803308963775635,-3.629673480987549,1.2371571063995361,-0.9078434705734253,-1.6683290004730225,0.7373486161231995,-2.7691121101379395,0.4637719690799713,-0.04422856867313385,-3.882322311401367,3.055184841156006,-2.0300092697143555,-2.6258363723754883,-0.5352487564086914,0.510710597038269,-1.6140775680541992,-2.41147518157959,1.7791110277175903,-4.913480281829834,0.042396072298288345,0.05257679894566536,-0.036477282643318176,1.5842331647872925,-2.247387647628784,-1.3333534002304077,1.759749412536621,-0.8112457990646362,-2.7025344371795654,-2.1007683277130127,-0.3671033978462219,-6.543243408203125,0.4180864989757538,0.4901888966560364,0.36155763268470764,-0.7958453893661499,-2.0914013385772705,0.2748914361000061,-3.219386577606201,-4.1003313064575195,-3.1806600093841553,-3.87131404876709,2.0462958812713623,-2.87890625,-3.1812705993652344,1.3241143226623535,-0.4860130250453949,-2.0695436000823975,3.628066062927246,-0.7547898888587952,1.1062326431274414,3.162371873855591,-2.665123462677002,-0.9405521154403687,2.7102341651916504,0.28887641429901123
154,0.10014790296554565,2.5196433067321777,2.61788272857666,-0.7210983037948608,-1.6173676252365112,4.044342994689941,-0.28051525354385376,2.589658260345459,1.7326563596725464,-3.806182861328125,1.2653684616088867,-1.4971057176589966,-1.9826972484588623,-0.3796277344226837,-2.4892616271972656,0.8469492197036743,-0.16090700030326843,-2.9892125129699707,3.697415351867676,-2.5965328216552734,-2.845560073852539,-0.15090535581111908,-0.3778791129589081,-2.7001473903656006,-2.208688974380493,1.1283023357391357,-4.6508469581604,0.03362724184989929,0.07497306168079376,-0.012280326336622238,1.4265592098236084,-2.249800682067871,-0.7783651947975159,1.869545578956604,-1.1901969909667969,-3.473104953765869,-1.3743617534637451,-1.0883370637893677,-6.772336959838867,-1.5870399475097656,0.4424678087234497,1.7122218608856201,-1.0462238788604736,-2.324645519256592,0.48335766792297363,-2.7080886363983154,-3.3376636505126953,-2.4989795684814453,-4.042631149291992,2.206224203109741,-2.687717914581299,-3.7880682945251465,1.4866821765899658,-0.42293834686279297,-0.7463691234588623,2.805614948272705,-0.612653374671936,1.3855772018432617,2.981673240661621,-2.6051595211029053,0.42585182189941406,2.554575204849243,-0.37827056646347046
155,0.3065323829650879,1.9115086793899536,1.855675220489502,-0.06992393732070923,-1.187779188156128,4.584247589111328,-0.3893902897834778,2.094165802001953,1.5672199726104736,-4.214718818664551,1.144729495048523,-1.9195353984832764,-2.640516519546509,0.7241973280906677,-2.609377145767212,0.8462197184562683,-0.11485506594181061,-2.215904951095581,3.156165599822998,-2.4920005798339844,-3.3101487159729004,-0.23797208070755005,0.03781144320964813,-1.8090664148330688,-1.7158527374267578,1.390910029411316,-2.348743200302124,0.047980740666389465,0.07193545997142792,0.0027392255142331123,1.142162561416626,-1.9695992469787598,-0.7666069865226746,2.0217185020446777,-1.7069430351257324,-3.940307140350342,-0.8023726344108582,-1.6474448442459106,-6.723296165466309,-0.8822622895240784,0.5217493176460266,1.2957732677459717,-1.231421947479248,-2.139171600341797,0.2182050496339798,-4.627109527587891,-5.591978073120117,-5.196751594543457,-3.5396361351013184,2.443819999694824,-3.2684507369995117,-3.923781156539917,1.3148202896118164,-0.015548378229141235,-0.16912402212619781,2.2717247009277344,-0.40895336866378784,1.6034512519836426,2.933732032775879,-2.8344337940216064,1.6944977045059204,2.3638193607330322,-0.42643657326698303
156,0.20113644003868103,1.5898828506469727,1.6047427654266357,-0.20278409123420715,-1.2296868562698364,3.7637529373168945,-0.5115842819213867,1.9213933944702148,1.5227861404418945,-4.16060209274292,1.196998119354248,-1.9163768291473389,-2.194835901260376,0.6164888739585876,-1.9312548637390137,1.017081379890442,-0.22206513583660126,-3.78615140914917,2.8415398597717285,-2.269561290740967,-3.3889856338500977,-0.28462105989456177,0.37470516562461853,-1.248130202293396,-1.2219221591949463,1.0291986465454102,-1.2787004709243774,0.05756762623786926,0.07690440118312836,0.02232849970459938,0.9435796737670898,-1.8124282360076904,-0.8305549621582031,1.4362910985946655,-0.6986398100852966,-2.579224109649658,-0.8677630424499512,-1.553992509841919,-6.764360427856445,-0.38760048151016235,0.5168871879577637,0.8802556991577148,-0.9770520925521851,-1.997558832168579,-0.05469406396150589,-5.5148820877075195,-6.892734527587891,-5.955892562866211,-3.1349034309387207,2.4912796020507812,-3.4643287658691406,-3.7425079345703125,1.1412686109542847,0.2174941450357437,0.14879131317138672,1.883763074874878,-0.35621368885040283,1.5241661071777344,2.5441927909851074,-2.459876537322998,2.348536968231201,2.1011242866516113,-0.218173086643219
157,-0.522034227848053,0.8158285617828369,0.7578385472297668,0.13134022057056427,-0.9850301742553711,4.561246395111084,-0.16798213124275208,2.0131607055664062,1.3625041246414185,-4.187324523925781,1.4158527851104736,-2.1032910346984863,-2.347266435623169,0.6468418836593628,-1.8458123207092285,1.0437469482421875,-0.21809259057044983,-2.918353319168091,2.540538787841797,-2.0322537422180176,-3.4527766704559326,-0.6274114847183228,0.28936612606048584,-1.659347653388977,-1.1590008735656738,1.0904040336608887,-0.4307655394077301,0.0645829290151596,0.0901525616645813,0.02228369191288948,0.8778687715530396,-1.8494794368743896,-0.8943463563919067,1.2807282209396362,-0.1475718468427658,-1.8366085290908813,-0.8644969463348389,-1.63824462890625,-6.906438827514648,-0.006023973226547241,0.5700576305389404,0.6308181285858154,-0.9659109115600586,-1.9443483352661133,-0.02431212179362774,-6.123800754547119,-7.454601287841797,-6.1155009269714355,-2.5580646991729736,1.827751636505127,-3.035660743713379,-1.7294048070907593,0.8738259077072144,0.29084017872810364,-1.7797825336456299,2.6083555221557617,-0.22013625502586365,1.5236988067626953,2.6891207695007324,-2.6924688816070557,2.7011313438415527,2.0874481201171875,-0.1348254233598709
158,-0.5115668177604675,0.410755455493927,0.16796578466892242,0.32965752482414246,-0.8187986016273499,5.167786121368408,-0.019414015114307404,2.166679859161377,1.3062655925750732,-4.311549186706543,1.4727985858917236,-2.2978672981262207,-2.920804977416992,0.44106629490852356,-1.5157158374786377,1.0240602493286133,-0.22132998704910278,-2.454169273376465,2.44260311126709,-2.0380098819732666,-3.554443359375,-0.7469292879104614,-0.09669503569602966,-2.1873581409454346,-1.1248258352279663,1.1099600791931152,0.038899242877960205,0.0687936544418335,0.10049702227115631,0.024322912096977234,0.8474686145782471,-1.8742702007293701,-0.9519476294517517,1.2666208744049072,0.22239632904529572,-1.3287053108215332,-0.7918596267700195,-1.7363324165344238,-6.988152503967285,0.2535092234611511,0.6132819056510925,0.48979055881500244,-0.9987908601760864,-1.9988086223602295,-0.07484836876392365,-6.479424476623535,-7.76229190826416,-6.73087739944458,-2.3377513885498047,1.4325475692749023,-2.804224967956543,-0.49371951818466187,0.7449319362640381,0.3217191696166992,-2.526273488998413,2.746631383895874,-0.19140441715717316,1.6423109769821167,2.7514867782592773,-2.8731589317321777,2.7700319290161133,2.1042637825012207,0.25204014778137207
159,-0.4159189462661743,1.1561728715896606,1.1013693809509277,0.06958509236574173,-1.3104463815689087,4.451443672180176,0.015520332381129265,2.426845073699951,1.1735423803329468,-3.4178414344787598,1.0300575494766235,-1.4540250301361084,-1.9648466110229492,0.2461889535188675,-1.7092056274414062,0.6435427665710449,-0.06428974866867065,-3.833400249481201,2.7544422149658203,-1.6795437335968018,-3.1835155487060547,-1.1527864933013916,-0.27000322937965393,-2.3175864219665527,-0.7729573845863342,0.8694052696228027,-0.007089890539646149,0.07755475491285324,0.0993025004863739,0.03168089687824249,0.9165439605712891,-1.9445850849151611,-1.2056605815887451,1.2168176174163818,0.38202106952667236,-1.0721272230148315,-0.3485667407512665,-1.8074156045913696,-6.7012939453125,-1.0075688362121582,0.3664303421974182,1.2719838619232178,-0.4710659384727478,-1.7991633415222168,-0.2647514343261719,-6.289577960968018,-8.220562934875488,-4.935830593109131,-2.224421501159668,0.8209234476089478,-3.366028070449829,-7.789722442626953,0.6580201983451843,5.8195271492004395,-3.3774876594543457,2.97161865234375,-0.20324015617370605,1.5954244136810303,2.3691134452819824,-2.682373046875,0.909110963344574,1.3343313932418823,-0.31400007009506226
160,-0.40809786319732666,1.6238759756088257,1.571122407913208,-0.1778862178325653,-1.405942440032959,3.9779610633850098,0.04130474105477333,2.6449408531188965,1.2203609943389893,-2.964555025100708,0.7510743141174316,-1.0021061897277832,-2.9593746662139893,0.3769243359565735,-1.480322241783142,1.2822476625442505,0.13393133878707886,-2.7576587200164795,3.039583683013916,-1.794510841369629,-3.053208351135254,-1.401476263999939,-0.37560051679611206,-2.447620391845703,-0.5926327705383301,0.7428342700004578,-0.039105575531721115,0.08378967642784119,0.10083243250846863,0.042682573199272156,1.0092045068740845,-2.170091152191162,-1.2535783052444458,1.2413136959075928,0.5127062201499939,-1.0287072658538818,-0.7701451182365417,-2.1738033294677734,-7.169034957885742,-4.374599456787109,0.2284391224384308,3.245598793029785,-0.31524842977523804,-1.7489261627197266,-0.33818507194519043,-7.273393630981445,-9.344979286193848,-3.7273001670837402,-2.0787272453308105,0.11478596925735474,-3.791836738586426,-12.062801361083984,0.6010777950286865,8.717573165893555,-3.724198818206787,3.1676905155181885,-0.28703761100769043,1.371317982673645,2.5731558799743652,-2.5599350929260254,-0.16758036613464355,0.8991860151290894,-0.6227767467498779
161,0.9611056447029114,0.3344019055366516,0.447629451751709,-0.009949184954166412,-0.4782983362674713,5.1936492919921875,0.004203205928206444,2.744636058807373,1.2118043899536133,-2.7352328300476074,0.6001840829849243,-0.7361742854118347,-2.9933278560638428,-0.175299271941185,-2.38498854637146,1.4355270862579346,0.16764360666275024,-2.1368818283081055,3.284576892852783,-1.7133092880249023,-2.796799421310425,-1.6124744415283203,-0.3162517547607422,-2.5527472496032715,-0.4352317750453949,0.6809899210929871,-0.12914973497390747,0.08127342909574509,0.10168732702732086,0.04054872691631317,-1.569828748703003,-0.22336411476135254,-0.337252140045166,1.1999166011810303,0.5781614780426025,-1.0073672533035278,-0.903548002243042,-2.298259735107422,-7.288694858551025,-3.93731951713562,0.2064075469970703,2.9932658672332764,-0.3447422385215759,-1.9943251609802246,0.002648681402206421,-8.026373863220215,-10.44521713256836,-3.1310181617736816,-1.9328690767288208,-0.024088803678750992,-4.166908264160156,-6.846375465393066,0.5486285090446472,4.803938865661621,-2.0342326164245605,2.365352153778076,-0.42915529012680054,1.2837002277374268,2.3728229999542236,-2.467318058013916,-0.4603056311607361,1.3500607013702393,-0.2672251760959625
162,0.1986282467842102,1.1343700885772705,1.1134847402572632,-0.08185577392578125,0.14641374349594116,5.862400054931641,-2.018594264984131,1.6660727262496948,1.7268096208572388,-2.6067824363708496,0.498045414686203,-0.6098788380622864,-3.019420623779297,-0.5026135444641113,-2.7567241191864014,1.615369439125061,0.2787923216819763,-1.7835277318954468,3.808516502380371,-2.3211822509765625,-2.940884590148926,-1.7714862823486328,-0.40783262252807617,-2.679335594177246,-0.41534483432769775,0.6538320779800415,-0.19216659665107727,0.08042359352111816,0.10338559746742249,0.04789590835571289,-2.840944766998291,0.834907591342926,0.18120931088924408,1.2257893085479736,0.5340498685836792,-0.9615949392318726,-1.0878450870513916,-2.524087429046631,-7.461949348449707,-3.801513195037842,0.1589624136686325,2.7964611053466797,-0.1647704541683197,-1.8936614990234375,-0.33285680413246155,-8.19155216217041,-10.333314895629883,-4.343722820281982,-1.8700177669525146,-0.4382072389125824,-4.215033531188965,-3.4989993572235107,0.2528069019317627,2.554711103439331,-1.441210150718689,1.3168195486068726,0.03682287037372589,1.3110103607177734,2.2575011253356934,-2.376403331756592,0.865858793258667,1.4790089130401611,0.3814239203929901
163,-0.19577965140342712,1.5320727825164795,1.4895472526550293,-0.020719148218631744,0.4994233548641205,6.1743621826171875,-3.1109397411346436,1.1336830854415894,2.0417325496673584,-2.536640167236328,0.4423512816429138,-0.5881260633468628,-2.954516887664795,-0.8009257316589355,-2.947770357131958,1.7825415134429932,0.3631332218647003,-1.5898995399475098,2.797013759613037,-1.7450538873672485,-3.146996021270752,-1.805541753768921,-0.5325452089309692,-2.803708076477051,-0.8356559872627258,1.205180048942566,-0.09762874245643616,0.07965375483036041,0.10322674363851547,0.04891122877597809,-3.6218838691711426,1.36058509349823,0.4090092182159424,1.1887030601501465,-0.07952117919921875,-2.393289089202881,-0.0013611912727355957,-2.5322861671447754,-6.93059778213501,-3.7405648231506348,0.14534930884838104,2.6713435649871826,-0.07661383599042892,-1.846418857574463,-0.4859762489795685,-8.941436767578125,-11.26032829284668,-3.29624605178833,-1.8439933061599731,-0.5723640322685242,-4.15071439743042,-1.9831472635269165,0.4298204481601715,1.5661728382110596,-1.1971043348312378,0.6955783367156982,0.3584456443786621,1.3048293590545654,2.273286819458008,-2.335566520690918,-0.3035105764865875,0.9175549149513245,0.1505585014820099
164,-0.3064810037612915,1.638084888458252,1.6676695346832275,0.12985216081142426,0.7728695273399353,6.682910919189453,-3.9087142944335938,0.6300274133682251,2.1096630096435547,-2.417092800140381,0.41629987955093384,-0.5418581962585449,-3.1191158294677734,-0.8934199213981628,-2.810736894607544,1.5989162921905518,0.2538134455680847,-1.4003843069076538,2.401590347290039,-1.3492980003356934,-3.1704649925231934,-1.6969209909439087,-0.6110497713088989,-2.881361961364746,-0.9883328676223755,1.3690967559814453,0.1578013002872467,0.08133642375469208,0.10537132620811462,0.054580338299274445,-4.059378623962402,1.672780990600586,0.5485696792602539,1.2022947072982788,0.25853633880615234,-1.764538049697876,-0.45081594586372375,-2.504338264465332,-7.115334510803223,-4.113162994384766,0.14060577750205994,2.7589364051818848,-0.20408520102500916,-1.843928575515747,-0.5816159248352051,-9.222646713256836,-11.472427368164062,-2.951523780822754,-1.85708487033844,-0.022583991289138794,-3.250744342803955,-1.2696954011917114,0.4316697120666504,1.0102931261062622,-0.21231740713119507,1.1075812578201294,0.3628312349319458,1.3625900745391846,2.2056725025177,-2.1866023540496826,1.084662675857544,1.5549960136413574,0.36788490414619446
165,4.039236545562744,2.277796745300293,-0.03752624988555908,0.14189277589321136,0.3934582471847534,6.16486120223999,-2.116497278213501,1.7320201396942139,1.6990911960601807,-2.4715850353240967,0.4810657501220703,-0.45232078433036804,-2.9590466022491455,-0.8136075735092163,-3.0892815589904785,1.6230254173278809,0.32493433356285095,-1.335221290588379,2.640634775161743,-1.2426655292510986,-2.8776493072509766,-1.7999396324157715,-0.4406513571739197,-2.814157009124756,-0.6741784811019897,1.0000312328338623,-0.02846561372280121,0.08235087245702744,0.10260273516178131,0.05055401474237442,-4.116109848022461,1.8064706325531006,0.6641323566436768,1.172101378440857,0.37043434381484985,-1.3810601234436035,0.3064787983894348,-2.480642318725586,-6.812602996826172,-3.531914710998535,0.20815934240818024,2.581300973892212,-0.013002336025238037,-1.765413761138916,-0.5851004123687744,-8.9678373336792,-11.47762680053711,-2.7764892578125,-1.8185397386550903,-0.3688569664955139,-3.6094183921813965,-0.8720818161964417,0.519683837890625,0.6331226825714111,-0.2954147458076477,1.4682499170303345,0.503153383731842,1.2622730731964111,2.2139835357666016,-2.205702781677246,1.5939898490905762,1.6777496337890625,0.7053802609443665
166,1.890066146850586,2.138922691345215,0.8838135004043579,0.14265061914920807,0.60174959897995,6.440465927124023,-3.060652256011963,1.129688024520874,2.047210693359375,-2.3447818756103516,0.4255419969558716,-0.5522134304046631,-2.8118138313293457,-0.933643102645874,-3.4294426441192627,1.7187668085098267,0.34948068857192993,-1.2644623517990112,3.473238945007324,-1.985203504562378,-2.7905969619750977,-1.7504955530166626,-0.5102738738059998,-2.8620476722717285,-0.9349991083145142,1.3267459869384766,0.0800454318523407,0.07075993716716766,0.10183145105838776,0.04908423870801926,-4.390132904052734,2.0367982387542725,0.6568052768707275,1.156886339187622,0.4263237714767456,-1.1628963947296143,0.46193310618400574,-2.3868672847747803,-6.849850654602051,-1.8439139127731323,0.10725928843021393,1.3842982053756714,0.047826483845710754,-1.7041860818862915,-0.6769475936889648,-9.439805030822754,-11.787506103515625,-2.471921920776367,-1.8512051105499268,0.0608871728181839,-2.881133556365967,-0.31022337079048157,0.24088385701179504,0.28697195649147034,-2.1649224758148193,2.5079145431518555,0.06350132822990417,1.367912769317627,2.107948064804077,-2.2904014587402344,2.244187116622925,1.72408127784729,0.3774358034133911
167,0.691918134689331,2.140035629272461,1.397021770477295,0.04050925374031067,0.5823318958282471,6.451336860656738,-3.6959075927734375,0.7865261435508728,2.2278642654418945,-2.3741230964660645,0.4142075181007385,-0.5796818733215332,-2.757373571395874,-1.1071300506591797,-3.38226318359375,1.8550715446472168,0.37884607911109924,-1.2487988471984863,2.6201798915863037,-1.5069022178649902,-2.926424264907837,-1.778715968132019,-0.5427175760269165,-2.863912582397461,-1.0576229095458984,1.42488431930542,0.2748104929924011,0.07724933326244354,0.0997604951262474,0.04668397083878517,-4.567537784576416,2.1225461959838867,0.5975264310836792,1.6098887920379639,-0.8730977773666382,-2.5073091983795166,0.7673950791358948,-2.3915176391601562,-6.759396553039551,-2.650433301925659,0.07408805191516876,1.8969476222991943,0.09267678111791611,-1.6457757949829102,-0.6347296237945557,-8.417342185974121,-10.606273651123047,-4.6034836769104,-1.9867534637451172,0.3177677392959595,-2.507704257965088,-0.3909448981285095,0.42026764154434204,0.25947698950767517,-1.5614173412322998,1.3426822423934937,0.30016177892684937,1.392721176147461,2.076192855834961,-2.264671802520752,0.4438491463661194,1.1040775775909424,0.11133429408073425
168,0.182415172457695,1.7764790058135986,1.559906244277954,0.031867578625679016,0.4054180979728699,6.086350440979004,-4.40469217300415,0.3461737334728241,2.0658071041107178,-2.360942840576172,0.4205268323421478,-0.5723518133163452,-2.7678489685058594,-1.4542491436004639,-3.1617016792297363,2.074714422225952,0.3713151812553406,-1.4259884357452393,3.7051379680633545,-2.380018949508667,-2.9039504528045654,-1.1675679683685303,0.38770827651023865,-1.985093593597412,-1.100525140762329,1.4903165102005005,0.4540107846260071,0.080747589468956,0.09881123155355453,0.05136285722255707,-4.624839782714844,2.316336154937744,0.6227340698242188,1.4589972496032715,-0.10986652970314026,-1.7182923555374146,0.7830038070678711,-2.312495708465576,-6.620584487915039,-1.2507743835449219,0.2479180097579956,1.0404341220855713,-0.034749750047922134,-1.5888675451278687,-0.5889633297920227,-8.298356056213379,-10.721612930297852,-4.337509632110596,-1.9976487159729004,0.7616904377937317,-2.307929515838623,-0.035462066531181335,0.2230958491563797,0.09598518162965775,-0.9550727009773254,1.6625537872314453,0.40339064598083496,1.5079063177108765,2.0417609214782715,-2.296520471572876,1.5916563272476196,1.419362187385559,0.19041086733341217
169,0.04076704755425453,1.5376005172729492,1.615941047668457,0.17193041741847992,0.49498575925827026,6.021372318267822,-4.611640930175781,0.2553176283836365,1.9543356895446777,-2.3142566680908203,0.4267258048057556,-0.5662392377853394,-2.859968662261963,-1.55031418800354,-3.093113422393799,2.117919921875,0.41263842582702637,-1.5386559963226318,4.227602481842041,-2.710829257965088,-2.975282669067383,-0.8283688426017761,0.8211715221405029,-1.5150058269500732,-1.145709753036499,1.5503334999084473,0.5149845480918884,0.08029228448867798,0.09760983288288116,0.04975512996315956,-4.7644147872924805,2.441704750061035,0.6497173309326172,1.3722108602523804,0.3426949977874756,-1.3283565044403076,-0.20838499069213867,-1.9660731554031372,-6.716494560241699,-0.6132349967956543,0.15113544464111328,0.5703181624412537,-0.4965614080429077,-1.8577581644058228,-0.023879289627075195,-8.111377716064453,-10.613622665405273,-3.841587781906128,-2.0311779975891113,0.9253400564193726,-2.20398211479187,0.13465739786624908,0.1450103521347046,0.04738404601812363,-0.6217111945152283,1.889325737953186,0.4197750389575958,1.5434887409210205,2.0424017906188965,-2.2470130920410156,2.2072277069091797,1.59921133518219,0.1557999551296234
170,-0.2750489413738251,1.6984821557998657,1.4578766822814941,0.07580947875976562,0.23806238174438477,5.853567123413086,-2.5015883445739746,1.4223823547363281,1.4937217235565186,-2.2988030910491943,0.5895912647247314,-0.2589218020439148,-2.525794744491577,-1.7471122741699219,-3.2375097274780273,1.6598775386810303,0.37721073627471924,-1.350104570388794,2.8672850131988525,-1.7241367101669312,-2.7349586486816406,-1.0403051376342773,0.888995885848999,-1.5542385578155518,-0.7888387441635132,1.396519660949707,0.6230165958404541,0.08178416639566422,0.09112092852592468,0.04106568545103073,-4.642333030700684,2.3593673706054688,0.7083365321159363,1.2409465312957764,-0.1269635558128357,-2.4970133304595947,-0.5145313739776611,-1.8513281345367432,-6.8389692306518555,-0.23907966911792755,0.25997719168663025,0.4547977149486542,-0.34785741567611694,-1.5349491834640503,-0.20659328997135162,-7.6690802574157715,-10.36513900756836,-4.217036247253418,-2.1659250259399414,1.1061044931411743,-2.249910593032837,0.17603108286857605,0.07925388216972351,0.27109605073928833,-2.26985764503479,2.4666173458099365,-0.0373319536447525,1.5293108224868774,2.0341110229492188,-2.174712896347046,2.716238260269165,1.5220320224761963,0.10435892641544342
171,-0.4976065456867218,1.559080719947815,1.4613027572631836,-0.06227763742208481,-0.046495288610458374,5.742700576782227,-1.3099682331085205,1.8902502059936523,1.197167158126831,-2.335190534591675,0.6737197041511536,-0.1304008662700653,-2.5471014976501465,-1.8007769584655762,-3.5438342094421387,1.269347906112671,0.376583456993103,-1.1835708618164062,1.8425432443618774,-1.0837785005569458,-2.2835581302642822,-0.6023910641670227,0.26252633333206177,-2.3914735317230225,-0.7102583646774292,0.9418489933013916,0.4328821301460266,0.0874335914850235,0.09732018411159515,0.04407083988189697,-4.517702579498291,2.172332525253296,0.6957058906555176,1.13120436668396,-0.42823249101638794,-3.081392765045166,-0.7165617942810059,-1.8247222900390625,-6.922353744506836,-0.06111595034599304,0.3983495831489563,0.40857481956481934,-0.5704596042633057,-1.6182737350463867,0.37654370069503784,-6.811300754547119,-9.74334716796875,-4.529208183288574,-2.397608757019043,1.2267550230026245,-2.226924419403076,-0.28509944677352905,0.4851553440093994,0.12329822033643723,-3.014618158340454,2.7021799087524414,-0.39014583826065063,0.6698095798492432,2.299624443054199,-1.373764157295227,1.5979478359222412,0.39049044251441956,-1.2429639101028442
172,-0.5915300846099854,1.294582486152649,1.420982837677002,-0.08586104959249496,-0.10505583882331848,5.812799453735352,-0.6042459011077881,1.9537067413330078,1.076369047164917,-2.432957649230957,0.7106034755706787,-0.12590481340885162,-2.495220184326172,-1.84096097946167,-3.752922296524048,1.0785399675369263,0.3645205497741699,-1.0487797260284424,1.2677583694458008,-0.738845944404602,-2.0091910362243652,-0.30865082144737244,-0.13308174908161163,-2.9255380630493164,-0.737151026725769,0.7238359451293945,0.3072443902492523,0.08861412853002548,0.10187843441963196,0.044365037232637405,-4.471142768859863,2.141589641571045,0.7094861268997192,1.1085082292556763,-0.6427980661392212,-3.475025177001953,-0.8589277863502502,-1.759824514389038,-6.960118770599365,-1.6394908428192139,0.22012397646903992,2.073080062866211,-0.7709150314331055,-1.6698458194732666,0.730202317237854,-6.4957661628723145,-9.651101112365723,-4.6227922439575195,-2.5937767028808594,1.2896887063980103,-2.169255256652832,-0.469310998916626,0.6631559133529663,0.007927998900413513,-3.5822622776031494,2.881046772003174,-0.5635083913803101,0.14338262379169464,2.43449068069458,-0.9690510034561157,0.9759663343429565,-0.28634387254714966,-1.9654345512390137
173,-0.6623787879943848,1.3301777839660645,1.4080121517181396,-0.1101079136133194,-0.12056858837604523,5.879300117492676,-0.9708207845687866,2.089353561401367,1.510308027267456,-2.470412254333496,0.7133172750473022,-0.1259387731552124,-2.4720027446746826,-1.920522928237915,-3.892738103866577,1.0038388967514038,0.35969266295433044,-0.9924677610397339,0.99897301197052,-0.5751559138298035,-1.892812967300415,-0.17319945991039276,-0.3434641361236572,-3.2449631690979004,-0.7277824878692627,0.5821260213851929,0.1985665261745453,0.0897345170378685,0.1030462384223938,0.043571844696998596,-4.405663013458252,2.1120662689208984,0.6900354623794556,1.1189179420471191,-0.7588163614273071,-3.740929126739502,-1.075690746307373,-1.6746954917907715,-6.925997734069824,-0.7911296486854553,0.40489810705184937,1.2967623472213745,-0.8835956454277039,-1.7527556419372559,0.885817289352417,-6.333480358123779,-9.492449760437012,-4.702367782592773,-2.679295539855957,1.2850308418273926,-2.169456958770752,0.2227669060230255,0.4193064570426941,0.1503712236881256,-3.833714723587036,2.9526185989379883,-0.6704241633415222,-0.10261742025613785,2.5093984603881836,-0.7484363317489624,0.6414616107940674,-0.6392734050750732,-2.326676845550537
174,-0.685413658618927,1.3254868984222412,1.3293519020080566,-0.14463169872760773,-0.2945890426635742,5.667423725128174,-0.4222819209098816,2.1633288860321045,1.2594397068023682,-2.4631948471069336,0.7854814529418945,-0.027378659695386887,-2.35625958442688,-1.9306421279907227,-3.802112102508545,0.9839204549789429,0.3581867218017578,-0.9803943037986755,0.8041715621948242,-0.4743880033493042,-1.8632991313934326,-0.6920979022979736,0.11718682944774628,-2.450549602508545,-0.5708674192428589,0.7568564414978027,0.41565826535224915,0.08857417851686478,0.10055868327617645,0.04186775162816048,-4.366003513336182,2.080181837081909,0.7240477204322815,1.0872143507003784,-0.7530676126480103,-3.720418930053711,-0.9568120837211609,-1.7001588344573975,-6.898128509521484,-0.3589651882648468,0.477628231048584,0.8825927376747131,-0.5785549283027649,-1.5289409160614014,0.360611230134964,-5.8859381675720215,-9.12957763671875,-5.066745281219482,-2.6396594047546387,1.281134843826294,-2.229580879211426,-0.23555490374565125,0.6426810026168823,0.07831990718841553,-3.8627519607543945,2.946988105773926,-0.6247704029083252,0.5520909428596497,2.3194828033447266,-1.2715158462524414,0.41088277101516724,-0.7554234266281128,-2.525977611541748
175,-0.6120495796203613,1.5275495052337646,1.4124400615692139,-0.21952536702156067,-0.2653978765010834,5.638406753540039,-0.17524981498718262,2.5688397884368896,1.1399157047271729,-2.5071167945861816,0.8347347974777222,0.04634073004126549,-2.419034004211426,-1.775645136833191,-4.238901138305664,0.9802879095077515,0.36353600025177,-0.9991167783737183,0.7566244602203369,-0.44314372539520264,-2.0175180435180664,-0.9425064325332642,0.4263584017753601,-2.043163537979126,-0.49685999751091003,0.8661304712295532,0.5342531204223633,0.0892898440361023,0.09553699195384979,0.0411033034324646,-4.509636878967285,2.1458301544189453,0.6528648138046265,1.0861645936965942,0.008950471878051758,-2.4275779724121094,-1.0051534175872803,-1.7124154567718506,-6.831719398498535,-0.1578870564699173,0.49368834495544434,0.661236584186554,-0.4726985991001129,-1.4491610527038574,0.07369818538427353,-5.560029983520508,-8.803815841674805,-5.260136604309082,-2.614487409591675,1.243931770324707,-2.281909465789795,-0.5974910855293274,0.7587137818336487,0.08755411207675934,-3.659790515899658,2.9137823581695557,-0.5969843864440918,0.9746687412261963,2.174541473388672,-1.6369779109954834,-0.05705563724040985,0.47577932476997375,-1.2574151754379272
176,-0.5028939247131348,1.6376304626464844,1.4606410264968872,-0.3161364793777466,-0.2974390983581543,5.577491283416748,-0.0499553382396698,2.779815912246704,1.09892737865448,-2.4638683795928955,0.826723039150238,0.023472048342227936,-2.305837869644165,-1.8454453945159912,-4.448056697845459,1.0458793640136719,0.3685349225997925,-1.049528956413269,0.5553465485572815,-1.4155380725860596,-3.2992312908172607,-1.1060645580291748,0.5741971731185913,-1.8143949508666992,-0.47488367557525635,0.9521783590316772,0.6039618253707886,0.08851592987775803,0.09112651646137238,0.03778403252363205,-4.642923831939697,2.148618698120117,0.6095625162124634,1.073775053024292,0.3437192440032959,-1.7599608898162842,-1.035390853881836,-1.6785809993743896,-6.790933609008789,-1.8356940746307373,0.3073585033416748,2.1146881580352783,-0.4143136739730835,-1.4166101217269897,-0.0850553885102272,-5.58531379699707,-8.826287269592285,-5.175291538238525,-2.5856082439422607,1.2617084980010986,-2.296051263809204,-0.8223353624343872,0.8269004225730896,0.07648608833551407,-2.1622772216796875,2.5734307765960693,0.03536441922187805,1.1446175575256348,2.1091463565826416,-1.8179335594177246,0.1360827386379242,0.006048440933227539,-1.9058606624603271
177,-0.506086528301239,1.8374409675598145,1.4689984321594238,-0.17835742235183716,0.1549835205078125,5.850776672363281,-0.028199855238199234,2.8408203125,1.0810266733169556,-2.4494171142578125,0.7324102520942688,-0.06814303994178772,-2.1291799545288086,-2.1792824268341064,-4.142901420593262,1.049879550933838,0.35071703791618347,-1.086378574371338,1.0533440113067627,-1.0760282278060913,-2.9759747982025146,-1.144471287727356,0.6445203423500061,-1.7560325860977173,-0.792687714099884,1.1525484323501587,0.6709949970245361,0.08766034990549088,0.09572473168373108,0.04594258591532707,-4.889444351196289,2.298543930053711,0.6196563243865967,1.0757091045379639,0.5949268937110901,-1.4421344995498657,-1.1136051416397095,-1.5970005989074707,-6.805682182312012,-0.9742447733879089,0.40036851167678833,1.3315680027008057,-0.33848631381988525,-1.4703459739685059,-0.19889214634895325,-6.713388442993164,-9.72705078125,-4.676301002502441,-2.5462048053741455,1.2881724834442139,-2.259770393371582,-0.976838231086731,0.8416876792907715,0.057489801198244095,-1.333873987197876,2.3751611709594727,0.33236366510391235,1.2671210765838623,2.1283247470855713,-1.967948079109192,0.2861718237400055,-0.292524516582489,-2.3220603466033936
178,-0.3672610819339752,1.8638709783554077,1.549912929534912,-0.03848598897457123,0.369040310382843,6.011345863342285,-0.008158526383340359,2.8760318756103516,1.0737913846969604,-2.4214720726013184,0.6840394735336304,-0.08527088165283203,-2.4040863513946533,-1.797720193862915,-3.889782428741455,1.0378108024597168,0.33995264768600464,-1.1074553728103638,1.1796789169311523,-0.863487720489502,-2.7405953407287598,-1.2359421253204346,0.6884202361106873,-1.7436997890472412,-1.0093927383422852,1.2975088357925415,0.6844849586486816,0.08880527317523956,0.09887970983982086,0.050904568284749985,-5.032395839691162,2.324307918548584,0.6153751611709595,1.0875558853149414,0.7043536901473999,-1.2944995164871216,-1.142336368560791,-1.5900118350982666,-6.822587013244629,-0.48849403858184814,0.45821550488471985,0.9069703817367554,-0.29766687750816345,-1.4936455488204956,-0.29306644201278687,-7.259123802185059,-10.169988632202148,-4.297782897949219,-2.5281481742858887,1.3155714273452759,-2.1694796085357666,-1.017532229423523,0.8528220057487488,0.04014796391129494,-0.8716138601303101,2.281193971633911,0.5117659568786621,1.3043537139892578,2.180751323699951,-2.0656676292419434,0.33622920513153076,-0.4617580473423004,-2.5764646530151367
179,-0.4243413209915161,1.9541294574737549,1.5866261720657349,-0.0014954246580600739,0.49169862270355225,6.187961578369141,-0.0009767957963049412,2.961940288543701,1.0662150382995605,-2.3986918926239014,0.6470201015472412,-0.0738866776227951,-2.6198408603668213,-1.520398497581482,-3.7811808586120605,1.0542166233062744,0.3178829550743103,-1.121504306793213,1.266542911529541,-0.7577397227287292,-2.6358442306518555,-1.2534139156341553,0.7807992696762085,-1.7270597219467163,-1.1169188022613525,1.3790297508239746,0.7081876397132874,0.08880749344825745,0.09859561175107956,0.051448822021484375,-5.10965633392334,2.41796875,0.6675607562065125,1.1646592617034912,0.7372162342071533,-1.1545867919921875,-1.1201313734054565,-1.5142900943756104,-6.854030609130859,-0.24754534661769867,0.47615647315979004,0.6732550263404846,-0.320121705532074,-1.8616702556610107,0.13240928947925568,-7.363595962524414,-10.330924987792969,-4.126280784606934,-2.4997000694274902,1.2348861694335938,-2.1795601844787598,-1.03877592086792,0.8581960201263428,0.050507739186286926,-0.6424166560173035,2.21376371383667,0.6126143932342529,1.2777674198150635,2.185668706893921,-2.072828531265259,0.36130428314208984,-0.5260928869247437,-2.695868492126465
180,-0.3980991840362549,2.037222385406494,1.7170021533966064,0.23232309520244598,0.675582230091095,6.552992820739746,-0.0262190792709589,3.026294708251953,1.0473031997680664,-2.408362865447998,0.5834519267082214,-0.13047876954078674,-2.824357509613037,-1.1756515502929688,-3.638990879058838,1.0497565269470215,0.2981848120689392,-1.109607219696045,1.4053130149841309,-0.7377512454986572,-2.6188106536865234,-1.2212110757827759,0.7675180435180664,-1.7472312450408936,-1.123350977897644,1.3603883981704712,0.7384401559829712,0.08884772658348083,0.10225418210029602,0.05432179570198059,-5.304525375366211,2.477243185043335,0.679352879524231,1.1895008087158203,0.8397870063781738,-1.1259284019470215,-1.1147793531417847,-1.4877090454101562,-6.8921685218811035,-0.09330454468727112,0.5176525712013245,0.5458583235740662,-0.31145668029785156,-2.1239449977874756,0.29931527376174927,-6.825810432434082,-10.222323417663574,-5.4594268798828125,-2.462380886077881,1.1663938760757446,-2.179656982421875,-1.0315885543823242,0.8590132594108582,0.02836306020617485,-0.506584882736206,2.1703104972839355,0.6169167757034302,1.4476847648620605,2.3012614250183105,-2.4687516689300537,0.41970589756965637,-0.5103920102119446,-2.804248809814453
