frame_id,raw_joint_0,raw_joint_1,raw_joint_2,raw_joint_3,raw_joint_4,raw_joint_5,raw_joint_6,raw_joint_7,raw_joint_8,raw_joint_9,raw_joint_10,raw_joint_11,raw_joint_12,raw_joint_13,raw_joint_14,raw_joint_15,raw_joint_16,raw_joint_17,raw_joint_18,raw_joint_19,raw_joint_20,raw_joint_21,raw_joint_22,raw_joint_23,raw_joint_24,raw_joint_25,raw_joint_26,raw_joint_27,raw_joint_28,raw_joint_29,raw_joint_30,raw_joint_31,raw_joint_32,raw_joint_33,raw_joint_34,raw_joint_35,raw_joint_36,raw_joint_37,raw_joint_38,raw_joint_39,raw_joint_40,raw_joint_41,raw_joint_42,raw_joint_43,raw_joint_44,raw_joint_45,raw_joint_46,raw_joint_47,raw_joint_48,raw_joint_49,raw_joint_50,raw_joint_51,raw_joint_52,raw_joint_53,raw_joint_54,raw_joint_55,raw_joint_56,raw_joint_57,raw_joint_58,raw_joint_59,raw_joint_60,raw_joint_61,raw_joint_62
0,1.3062888383865356,2.328618049621582,-0.20525747537612915,-12.799734115600586,1.474197506904602,10.353384971618652,-4.02153205871582,0.26679378747940063,1.0913294553756714,-2.977627992630005,0.6814587712287903,-1.0730600357055664,-0.16389834880828857,-0.24695417284965515,-2.159548282623291,1.7710813283920288,0.591448962688446,-2.842346668243408,2.421597719192505,-1.7934139966964722,-4.915188312530518,-1.1703678369522095,-1.2157585620880127,-4.2191643714904785,-1.0469615459442139,1.6710622310638428,-0.02824384719133377,0.037453506141901016,0.11985549330711365,-0.012412810698151588,2.614516019821167,-0.887811541557312,-2.780580759048462,1.0749813318252563,0.8599311113357544,-0.8237706422805786,-1.7051289081573486,-0.8741881847381592,-7.036431312561035,0.8007370829582214,0.3279138207435608,-0.3599716126918793,0.13443231582641602,0.37879568338394165,-0.4402555823326111,-7.5909271240234375,-10.828709602355957,-5.574652194976807,-3.667393684387207,4.457228660583496,-4.989011764526367,0.23896276950836182,0.04739648848772049,-1.1088870763778687,1.552135705947876,1.49476957321167,-0.5278679132461548,0.7160460352897644,3.199514865875244,-3.2180793285369873,0.264995276927948,0.7932844161987305,-0.4486315846443176
1,1.2918450832366943,2.307896375656128,-0.06830185651779175,0.9967437982559204,0.4741407334804535,0.4661872386932373,-4.160322666168213,0.27416086196899414,1.2954102754592896,-2.8401341438293457,0.6623568534851074,-1.0603445768356323,-0.22273966670036316,-0.2027352750301361,-2.3392508029937744,1.6353017091751099,0.5728341341018677,-2.696037769317627,2.396782636642456,-1.6615853309631348,-4.723269939422607,-0.6226721405982971,-0.2819104492664337,-2.7277586460113525,-0.9788111448287964,1.5420773029327393,0.0038468921557068825,0.041032981127500534,0.12332780659198761,-0.018154753372073174,1.2948989868164062,-2.720930337905884,-1.7928712368011475,1.2499302625656128,-0.9973229169845581,-4.834856986999512,-1.6907645463943481,-0.9316180944442749,-6.999612331390381,0.8084484934806824,0.3021520972251892,-0.479684054851532,0.15973450243473053,0.41362789273262024,-0.4830920398235321,-7.7750563621521,-10.885968208312988,-6.040058135986328,-3.678598403930664,4.344679355621338,-5.09893798828125,0.18951517343521118,0.07014858722686768,-1.154460072517395,1.538201928138733,1.4016488790512085,-0.5092295408248901,0.8594770431518555,3.212841033935547,-3.230384349822998,0.426035612821579,0.7785882949829102,-0.21445517241954803
2,1.228549838066101,2.1816842555999756,-0.27983057498931885,0.8623965978622437,0.4045335054397583,0.5086377263069153,-0.3690769672393799,1.0372815132141113,0.9673295021057129,-3.005985975265503,0.7427476644515991,-1.2581838369369507,-0.20284301042556763,-0.20560523867607117,-2.2647271156311035,1.6851798295974731,0.6337951421737671,-2.695619821548462,2.3670027256011963,-1.702163577079773,-4.688149452209473,-1.1385897397994995,-1.2548110485076904,-4.338319301605225,-1.0054329633712769,1.464637041091919,0.10848113149404526,0.03808828815817833,0.12117291241884232,-0.016207637265324593,1.3811886310577393,-2.8842406272888184,-1.6766104698181152,1.1561912298202515,-1.018601894378662,-4.860422611236572,-1.8035478591918945,-0.8260624408721924,-7.1075334548950195,0.7365148663520813,0.28876298666000366,-0.5033026337623596,0.1407039761543274,0.4139433205127716,-0.5085676312446594,-7.609372138977051,-10.917054176330566,-5.863558769226074,-3.6216542720794678,2.3720622062683105,-2.715606927871704,0.06565031409263611,0.04575595259666443,-1.1188184022903442,-0.6339650750160217,2.359480142593384,0.9704651236534119,0.9689295887947083,3.1753196716308594,-3.221684694290161,0.39351189136505127,0.8128534555435181,-0.26017624139785767
3,0.9782593846321106,1.9998937845230103,-0.19604569673538208,-2.2745280265808105,-1.1750659942626953,6.097265243530273,-2.587352752685547,3.921271324157715,1.497658610343933,-2.927351951599121,0.669822633266449,-1.0945945978164673,0.0768711268901825,-0.5145432949066162,-2.280348062515259,1.6916720867156982,0.5932466387748718,-2.8199596405029297,2.4314217567443848,-1.7122201919555664,-4.909529685974121,-1.2378076314926147,-1.2379566431045532,-4.240337371826172,-1.2335386276245117,1.7576168775558472,-0.00566395279020071,0.028933808207511902,0.1433582901954651,-0.03389040380716324,2.499248504638672,-0.6461113095283508,-2.7107090950012207,1.0975091457366943,0.9556093811988831,-0.819965124130249,-2.0282018184661865,-0.7429238557815552,-7.068883419036865,0.6208937168121338,0.40328681468963623,0.1137392669916153,0.18601293861865997,0.3895513117313385,-0.45018306374549866,-7.8506245613098145,-10.958822250366211,-6.025752544403076,-3.7372660636901855,4.451388835906982,-5.011287689208984,-0.03481036052107811,-0.05771932750940323,-0.8999384641647339,-0.7592058181762695,2.3139889240264893,1.010035753250122,0.7429905533790588,3.2516841888427734,-3.2171342372894287,0.36533263325691223,0.8480242490768433,-0.3256571292877197
4,1.1550198793411255,2.148386001586914,0.1758112907409668,-2.2260196208953857,-1.3914268016815186,6.17522668838501,-2.5113024711608887,3.9329726696014404,3.000742197036743,-3.098450183868408,0.676313042640686,-1.0953319072723389,-0.07912401854991913,-0.3604966998100281,-2.2480621337890625,1.641554355621338,0.5966216325759888,-2.832512855529785,2.486931562423706,-1.8315889835357666,-4.967655658721924,-1.2042819261550903,-1.258067011833191,-4.163508892059326,2.5700151920318604,-1.2923249006271362,-12.522577285766602,0.07838340848684311,0.13599355518817902,-0.02664829231798649,2.5115878582000732,-0.6667355298995972,-2.7470688819885254,1.2437456846237183,0.932719886302948,-0.673043966293335,-1.9608389139175415,-0.7683027982711792,-6.960048675537109,0.5443611145019531,0.4123193621635437,0.166362926363945,0.2471376210451126,0.39889782667160034,-0.4054701328277588,-7.6283416748046875,-10.737373352050781,-6.337671279907227,-3.5014634132385254,4.448066711425781,-4.837289810180664,0.03320438787341118,0.011898413300514221,-1.2514218091964722,-0.7982416152954102,2.2537684440612793,1.071386456489563,0.6870774626731873,3.347552537918091,-3.0964319705963135,0.2612229287624359,0.7963327169418335,-0.44464200735092163
5,1.1171575784683228,2.151334762573242,0.05620086193084717,-2.2872989177703857,-1.3369700908660889,6.137390613555908,-2.518685817718506,4.019089221954346,2.9961769580841064,-3.183014154434204,0.679703414440155,-1.245884895324707,-0.05391553044319153,-0.4034136235713959,-2.3428826332092285,1.629515290260315,0.6169222593307495,-2.900205373764038,2.584500789642334,-1.8662713766098022,-4.9352240562438965,-1.181536078453064,-1.3004451990127563,-4.206423759460449,-1.1570661067962646,1.7959747314453125,-0.013327396474778652,0.032160013914108276,0.14634767174720764,-0.013133341446518898,2.6238291263580322,-0.6943342089653015,-2.868868589401245,1.1791740655899048,0.9188888669013977,-0.7132564783096313,-2.0460047721862793,-0.7522100806236267,-6.976046562194824,0.6149638891220093,0.4342057704925537,0.16749142110347748,0.20765797793865204,0.4084914028644562,-0.4021453857421875,-7.400081157684326,-10.527822494506836,-6.225735187530518,-3.5297489166259766,4.395692825317383,-4.974715709686279,-0.06368142366409302,-0.003756999969482422,-1.1585228443145752,1.4442543983459473,1.3513826131820679,-0.7437189221382141,0.7239683866500854,3.3555264472961426,-3.1172938346862793,0.32259291410446167,0.8228985071182251,-0.4171510636806488
6,1.2483723163604736,2.0213193893432617,0.15941911935806274,-14.00969123840332,1.9709175825119019,10.67507266998291,-3.9537365436553955,0.2661168575286865,1.2957905530929565,-3.3541953563690186,0.7760797739028931,-1.3011479377746582,0.028401672840118408,-0.5247593522071838,-2.300342082977295,1.5910207033157349,0.5947694778442383,-2.705138683319092,2.636140823364258,-1.9500467777252197,-4.5653510093688965,-0.9599769115447998,-1.3379104137420654,-4.254132270812988,2.698174476623535,-1.3656249046325684,-12.501825332641602,0.05898573622107506,0.08849188685417175,0.003200613195076585,2.5999786853790283,-0.840277910232544,-2.9214603900909424,1.1130146980285645,0.898671567440033,-0.6693971157073975,-1.9810925722122192,-0.8062809705734253,-6.859745502471924,0.7373179197311401,0.43517106771469116,0.0870569497346878,0.17287859320640564,0.4093555808067322,-0.5160051584243774,-7.757870197296143,-10.977880477905273,-6.057941913604736,-3.423293113708496,2.198194980621338,-2.5899055004119873,0.12043507397174835,0.1327466368675232,-0.7197808623313904,1.4321327209472656,1.278214693069458,-0.6635636687278748,0.6526120901107788,3.3699827194213867,-3.086057662963867,0.34100043773651123,0.819280743598938,-0.42799702286720276
7,1.130915880203247,1.9898316860198975,0.11015456914901733,-0.6437934041023254,-0.7019058465957642,0.5529288053512573,-0.43086063861846924,1.0895015001296997,0.8889361619949341,-3.2951648235321045,0.762185275554657,-1.201664924621582,-0.07522149384021759,-0.3999868929386139,-2.3872432708740234,1.617094874382019,0.6541950106620789,-2.843709707260132,2.5413150787353516,-1.876602292060852,-4.9533772468566895,-1.0701861381530762,-1.2564493417739868,-4.153646945953369,2.557570457458496,-1.4379280805587769,-12.318506240844727,0.05651036649942398,0.08253251761198044,-0.0010927391704171896,2.5394086837768555,-0.7036747336387634,-2.803961753845215,1.235927700996399,0.9388749003410339,-0.5624286532402039,-1.9053012132644653,-0.8915472030639648,-6.744335174560547,0.7042533755302429,0.4670678973197937,0.14090050756931305,0.16413360834121704,0.4321162700653076,-0.4455416798591614,-7.568493843078613,-10.586358070373535,-6.384310722351074,-3.603092908859253,2.3515143394470215,-2.5700833797454834,-0.10166658461093903,-0.02312847226858139,-0.7896934747695923,1.407640814781189,1.3075933456420898,-0.8383867144584656,0.6492881178855896,3.3546884059906006,-3.05169939994812,0.2563420236110687,0.7941112518310547,-0.485170841217041
8,0.540525496006012,1.9832488298416138,0.05294179916381836,0.2964644134044647,0.07910780608654022,0.25879985094070435,-3.343627452850342,0.4184940457344055,0.8457661867141724,-2.969647169113159,0.8385224342346191,-1.0075476169586182,-0.7481000423431396,0.1597600281238556,-2.143324851989746,1.4852511882781982,0.6392630338668823,-2.968188524246216,3.5862300395965576,-4.043107509613037,-6.322509288787842,-0.5869590044021606,0.04865752160549164,-2.722964286804199,-0.4719564914703369,0.5178931951522827,0.037526585161685944,-0.03936416655778885,0.14290806651115417,-0.05001218989491463,2.348283052444458,-0.6464148163795471,-2.717397689819336,0.7725039124488831,0.6420853734016418,1.2168692350387573,-1.6658469438552856,-1.3002185821533203,-6.535924434661865,0.5130345225334167,0.5279560089111328,0.30701059103012085,0.19976501166820526,-2.8335514068603516,0.03153516352176666,-6.938675403594971,-9.705168724060059,-7.176982879638672,-4.038136005401611,2.797794818878174,-2.4556071758270264,-0.5627073645591736,-0.4152650535106659,-1.1058562994003296,1.2519766092300415,1.5350369215011597,-1.4931979179382324,1.3161448240280151,3.1982860565185547,-2.9934868812561035,3.2293617725372314,2.17976975440979,0.8255152702331543
9,0.2920926511287689,-0.9642500281333923,-1.8140573501586914,0.14925257861614227,-0.07698789238929749,0.02072387933731079,-2.8116908073425293,0.5744891166687012,0.8323855400085449,-3.62093448638916,1.1813808679580688,-1.461835503578186,-0.4773271381855011,-0.19117042422294617,-1.90315842628479,1.4984780550003052,0.4762435257434845,-3.0660274028778076,2.246959924697876,-1.525753378868103,-5.123871803283691,-0.6843779683113098,-0.001742868684232235,-2.691493272781372,-0.5520180463790894,0.4616611897945404,0.04669608920812607,0.010402508080005646,0.16618937253952026,-0.007119486108422279,2.3319454193115234,-1.2405059337615967,-3.514488935470581,2.9360952377319336,-0.6582236289978027,-3.879133701324463,-1.860412359237671,-1.1406399011611938,-6.38296365737915,-6.689058303833008,0.4005587697029114,5.945456504821777,-0.002004471607506275,0.46080538630485535,-0.30756089091300964,-7.939099311828613,-10.483835220336914,-7.300076961517334,-3.4302010536193848,4.131161212921143,-4.4386725425720215,-0.3386364281177521,-0.23366078734397888,-0.564808189868927,1.3413071632385254,1.7485339641571045,-1.3866215944290161,0.8571940660476685,2.7579662799835205,-2.4221816062927246,1.7821403741836548,1.3904576301574707,1.4495993852615356
10,3.0323855876922607,3.0302634239196777,3.856684446334839,-23.286705017089844,1.8103083372116089,13.135637283325195,-0.8476549386978149,2.062443971633911,0.7866168022155762,-5.147662162780762,1.4940317869186401,-1.5191097259521484,-0.674450159072876,0.8433752655982971,-2.2710747718811035,1.4877963066101074,0.11621920019388199,-3.2360236644744873,4.7193803787231445,-3.356013298034668,-3.583317518234253,0.8485203385353088,-1.9624840021133423,-4.998427867889404,-0.7587164044380188,2.3059725761413574,-1.8098351955413818,0.040842264890670776,0.12880195677280426,0.021725062280893326,1.9108197689056396,-1.4390785694122314,-3.532419204711914,0.5025960206985474,-1.166606068611145,-4.662041187286377,-0.8867906332015991,-1.5796120166778564,-6.334399223327637,0.6175771951675415,0.2657589316368103,-0.4038122594356537,-0.6892130970954895,-3.153693437576294,0.6023403406143188,-8.602561950683594,-12.582712173461914,-4.674211502075195,-4.271623611450195,4.539393424987793,-5.705775260925293,-0.179790660738945,1.2875300645828247,-1.0047235488891602,0.03484125807881355,1.192114233970642,-0.645930290222168,1.6960406303405762,2.433897018432617,-2.595705509185791,1.0376062393188477,0.4408072531223297,-1.2821625471115112
11,-2.489182710647583,1.0260982513427734,-17.03740882873535,-14.345216751098633,0.36741581559181213,15.198535919189453,-0.7520459890365601,1.719070315361023,0.7203558683395386,-4.20066499710083,1.514346718788147,-1.3534719944000244,-3.1953699588775635,1.3285906314849854,-3.697448492050171,0.40235084295272827,0.159175843000412,-5.6437087059021,5.319428443908691,-2.956092119216919,-2.606023073196411,2.0907561779022217,-1.5623351335525513,-5.275267601013184,-0.1867915242910385,-0.54070645570755,-10.473710060119629,0.08337365090847015,0.052739739418029785,-0.14513500034809113,1.856247067451477,-1.5280359983444214,-4.508807182312012,0.6534261107444763,-0.5875032544136047,-4.629745960235596,0.5199846029281616,-0.8868305683135986,-3.379711151123047,-6.106734275817871,0.5892406702041626,4.962515830993652,0.8912496566772461,-1.6709322929382324,-0.3929084539413452,-8.020561218261719,-12.632487297058105,-5.20181131362915,-3.2133076190948486,3.864359140396118,-5.1290483474731445,-0.21491409838199615,0.15372638404369354,-0.15640950202941895,1.50974440574646,3.1218819618225098,0.2330680936574936,2.821805953979492,-1.2688946723937988,-3.946380853652954,3.1556296348571777,-1.5150140523910522,-3.142080783843994
12,0.424479216337204,0.40383657813072205,0.9089208841323853,-12.356605529785156,0.7087497115135193,13.606243133544922,-0.9037575721740723,1.8575655221939087,0.6778863668441772,-4.13861608505249,1.719223976135254,-1.3531068563461304,1.1514779329299927,-0.3788287341594696,-2.065692186355591,1.1621664762496948,0.25490787625312805,-5.991036891937256,4.3718461990356445,-2.469111204147339,-2.4566662311553955,1.8940849304199219,-1.1280951499938965,-4.9024553298950195,-0.6897644996643066,-0.36801090836524963,-9.622941017150879,0.05990554019808769,0.10343769937753677,-0.0168605949729681,1.505126953125,-1.1233083009719849,-2.8789336681365967,1.146028995513916,0.011513546109199524,-3.3666880130767822,0.5554752945899963,-0.806961178779602,-3.3887064456939697,-5.8722004890441895,0.40307629108428955,4.8572845458984375,0.997939944267273,-1.6522438526153564,-0.16091744601726532,-6.505887031555176,-11.8254976272583,-5.045432090759277,-3.609779119491577,1.559834361076355,-3.8005383014678955,-0.06377704441547394,0.43162471055984497,-0.8225395679473877,1.221157431602478,3.118319034576416,0.34751367568969727,2.5476112365722656,-1.266471266746521,-3.6506223678588867,2.652116060256958,-1.4879891872406006,-2.7153937816619873
13,-1.8774945735931396,1.0555773973464966,-13.944289207458496,-13.33919620513916,0.09553212672472,15.55762004852295,-0.07031765580177307,2.7572081089019775,2.153688907623291,-0.9003167152404785,0.31023314595222473,-0.6711605787277222,1.0334038734436035,-0.6852883100509644,-1.772121787071228,1.1803163290023804,-0.22764310240745544,-2.072096824645996,4.540359973907471,-2.1518778800964355,-2.092806100845337,-1.373618721961975,-0.25780072808265686,-2.7509822845458984,-1.5973107814788818,1.5191380977630615,-0.1785365492105484,0.04595473036170006,0.09383957833051682,0.0014808739069849253,1.6626838445663452,-1.4060540199279785,-2.933833122253418,0.22407135367393494,-0.984898567199707,-3.762526512145996,-3.7880849838256836,1.2361825704574585,-0.8037508726119995,-4.293333530426025,0.4966930150985718,3.114248275756836,-0.5950104594230652,0.04515872150659561,-0.32932010293006897,0.7868662476539612,-4.088557243347168,-1.0276212692260742,-3.246039867401123,2.5488269329071045,-3.3679769039154053,-13.587504386901855,0.6716940999031067,7.590507507324219,0.33490288257598877,3.836388349533081,0.17183662950992584,2.0709259510040283,-0.7627837657928467,-3.005695343017578,1.7963587045669556,-0.46850284934043884,-1.9305026531219482
14,-1.6120004653930664,0.9568422436714172,-10.995332717895508,-12.985156059265137,0.8648051619529724,14.128270149230957,-0.0724412053823471,3.007300615310669,2.1147234439849854,-0.9086779356002808,0.20015031099319458,-0.8653881549835205,-1.48406982421875,1.9058644771575928,-2.6612460613250732,1.1448602676391602,-0.20054501295089722,-1.8451902866363525,3.5611960887908936,-1.7284128665924072,-1.5569689273834229,-1.015423059463501,-0.21479888260364532,-2.7635152339935303,-1.8761811256408691,-0.8660045862197876,-2.3585667610168457,0.10991181433200836,0.052211299538612366,-0.09876827150583267,1.592950463294983,-1.4470857381820679,-2.4748048782348633,0.40055668354034424,-0.8661535382270813,-3.834990978240967,-2.1041743755340576,1.0970879793167114,-2.420476198196411,-5.042227268218994,0.47025465965270996,3.3907105922698975,0.9589905142784119,-0.22449007630348206,-0.8343327045440674,-6.351635456085205,-10.156055450439453,-5.7168378829956055,-2.7304673194885254,1.3133282661437988,-3.1335864067077637,-2.27312970161438,-1.5329586267471313,-2.0569913387298584,0.8781816363334656,2.172074317932129,-1.5005825757980347,1.228893518447876,2.6542184352874756,-2.8034870624542236,2.3629868030548096,1.8032482862472534,0.3412420451641083
15,-1.885193943977356,1.0863393545150757,-13.274534225463867,-13.685853958129883,-0.21748945116996765,15.33297061920166,-0.0016845613718032837,3.1169090270996094,1.84694504737854,-3.1243937015533447,1.6935045719146729,-0.3533744215965271,-1.763018012046814,-0.7714406251907349,-2.173424005508423,1.1508338451385498,-0.1075417697429657,-2.069467782974243,2.8546688556671143,-1.392030119895935,-2.1364574432373047,-1.1303198337554932,-0.0886198878288269,-2.7968993186950684,-1.9420744180679321,-0.274688720703125,-7.752749443054199,0.11143235862255096,0.03369294852018356,-0.11357029527425766,1.6417720317840576,-0.8640125393867493,-2.612736940383911,0.44182997941970825,-0.1264646053314209,-3.5003066062927246,-1.7276396751403809,-1.0757410526275635,-3.7748796939849854,-2.608506441116333,0.48840057849884033,3.063432216644287,-0.3258773684501648,-0.19833213090896606,-0.1990557312965393,0.9594428539276123,-4.402225494384766,-2.9594743251800537,-2.2604682445526123,3.8493411540985107,-5.216923236846924,-7.371189117431641,2.3695271015167236,3.373072862625122,1.9090253114700317,-0.6745613813400269,-1.7976012229919434,2.3890509605407715,-0.6128344535827637,-2.7597596645355225,2.1877670288085938,-0.5180732011795044,-1.7592074871063232
16,-2.025847911834717,1.1182628870010376,-14.396224975585938,-15.344155311584473,1.0124008655548096,14.946917533874512,-0.1534583419561386,3.0315322875976562,2.0902693271636963,-3.1129181385040283,1.5024192333221436,-0.32472044229507446,-1.8217867612838745,-0.6695961952209473,-2.1439454555511475,1.2335786819458008,-0.015610486268997192,-1.8133388757705688,2.880122423171997,-1.4384102821350098,-1.9624834060668945,-1.2281631231307983,-0.2158633917570114,-2.9032771587371826,-1.9814294576644897,-0.15658937394618988,-7.928732872009277,0.11126357316970825,0.03320015221834183,-0.11945922672748566,2.2799525260925293,-1.3586556911468506,-2.3033509254455566,0.4952743649482727,-0.21876785159111023,-3.6233060359954834,-1.7432161569595337,-0.8254455924034119,-4.000071048736572,-2.347536563873291,0.42433398962020874,2.9959964752197266,-0.2606137990951538,-0.026368215680122375,-0.1868894398212433,-4.242877960205078,-6.743189811706543,-7.552104949951172,-1.9695956707000732,3.8362250328063965,-5.266325950622559,-6.862788677215576,2.3588078022003174,3.1947925090789795,1.5572293996810913,-0.6509608030319214,-1.7211989164352417,1.9074809551239014,-0.5579496622085571,-2.8030765056610107,1.5442547798156738,-0.23895642161369324,-1.6798008680343628
17,2.0281996726989746,1.8408650159835815,0.8297111988067627,-0.6835841536521912,-1.6285359859466553,4.553361892700195,-0.4808681607246399,1.585517168045044,0.3687549829483032,-3.7265756130218506,1.4657775163650513,-1.839223027229309,-1.8458466529846191,-0.9801508188247681,-1.173329472541809,-0.43667539954185486,-1.1388874053955078,0.7037532329559326,2.4605813026428223,-2.4312222003936768,-3.8734238147735596,1.3234912157058716,-0.7408168911933899,-4.046928405761719,-0.7725654244422913,0.791332483291626,0.0829627588391304,0.041753944009542465,0.0739457905292511,-0.02783290483057499,0.8766331672668457,-0.9497884511947632,-1.73745858669281,0.8538153171539307,-0.7913923859596252,-4.744726657867432,-1.2390238046646118,-0.4238499402999878,-4.358142375946045,0.4484524130821228,0.6900845170021057,0.5742670297622681,0.5024426579475403,-1.2691179513931274,0.35411229729652405,-3.478523015975952,-8.727718353271484,-5.7947516441345215,-3.0664548873901367,3.3947243690490723,-3.639596462249756,-0.007332459092140198,-0.5103631019592285,-1.4364550113677979,-1.8729140758514404,3.461937189102173,-0.9465587139129639,1.7483787536621094,2.428805351257324,-3.1209139823913574,-0.850250780582428,1.613881230354309,0.18304269015789032
18,0.6402651071548462,0.6971487402915955,-0.5459589958190918,-0.8778979778289795,-0.8540329933166504,0.39701589941978455,-0.7454448938369751,1.3798205852508545,0.6562613248825073,-4.170394420623779,2.2350120544433594,-1.8205852508544922,0.6281460523605347,-0.12290345877408981,-1.2010531425476074,0.4863586723804474,-0.1070144772529602,-1.3334757089614868,1.2490860223770142,-1.4174342155456543,-4.038449287414551,-0.7622271180152893,0.5742018222808838,-2.2579574584960938,-1.0457907915115356,1.702640414237976,0.17662468552589417,0.10260665416717529,0.05725366622209549,-0.12425818294286728,1.9909900426864624,-1.3737561702728271,-3.2551159858703613,0.35703492164611816,-1.2651023864746094,-4.1378045082092285,-1.0131810903549194,-0.3669174909591675,-6.089583873748779,-4.504396915435791,0.6850839257240295,3.8802595138549805,0.45956939458847046,-1.0462262630462646,0.33934956789016724,-5.277904033660889,-9.817010879516602,-5.124669551849365,-2.6273908615112305,2.8011045455932617,-3.672693967819214,0.010643582791090012,-0.32005083560943604,-0.7324479222297668,-1.9804141521453857,2.7557334899902344,-1.479355812072754,-1.412110447883606,3.1592767238616943,-3.7119741439819336,-1.2021634578704834,3.1693930625915527,0.30480122566223145
19,0.6446742415428162,0.7119444012641907,-0.4904923439025879,1.0287624597549438,-0.11370119452476501,0.6251446008682251,-0.5705527663230896,1.7196605205535889,0.94676673412323,-5.7394914627075195,0.9745373129844666,-2.4466538429260254,0.4417194724082947,0.8254656195640564,-1.5232044458389282,1.014461636543274,0.449785977602005,-1.73297119140625,2.1910781860351562,-1.7317792177200317,-4.853153705596924,-0.41079777479171753,0.266634076833725,-2.6836471557617188,-1.9582442045211792,-0.14226529002189636,-6.563331127166748,0.06333095580339432,0.10936415940523148,-0.03239595144987106,1.5700896978378296,-1.482633113861084,-3.257690191268921,0.42801350355148315,0.43161284923553467,-0.9908281564712524,-0.4261229336261749,-1.5662665367126465,-5.2957763671875,1.2584844827651978,0.8100341558456421,-0.6541880965232849,0.7081298828125,-0.9632507562637329,0.003094203770160675,-2.357670545578003,-7.497417449951172,-3.533799886703491,-2.2929394245147705,4.600274085998535,-4.899666786193848,2.703441619873047,2.3661632537841797,-0.41623297333717346,1.749006748199463,2.74855637550354,0.6525945067405701,1.884522795677185,2.251706838607788,-3.88895845413208,-0.08923251926898956,0.7611536979675293,-0.9107946157455444
20,0.945591390132904,1.518772840499878,-1.781834602355957,1.4676917791366577,0.8222675919532776,-0.6107505559921265,-1.0944405794143677,1.7829859256744385,0.5139678120613098,-3.349330425262451,1.5946577787399292,-0.9003347158432007,-0.20932358503341675,1.017017126083374,-1.0382133722305298,0.8787412643432617,0.49474504590034485,-1.6503154039382935,1.8367904424667358,-0.7246494889259338,-2.560352325439453,-0.7393288612365723,-1.0001519918441772,-3.714460849761963,-0.6828261613845825,0.7049612998962402,0.019693441689014435,0.07119674235582352,0.11551898717880249,0.003344523021951318,1.4774377346038818,-1.7665411233901978,-3.2727677822113037,2.885201930999756,-1.491188883781433,-5.30499792098999,-0.1576535701751709,-2.105172634124756,-6.495987415313721,1.534730315208435,0.8718495965003967,-0.6957752108573914,-0.30561286211013794,-2.411087989807129,0.6595039367675781,-2.681718349456787,-7.526689529418945,-3.9025259017944336,-3.247835636138916,1.7504541873931885,-3.006908416748047,3.6155855655670166,2.5075302124023438,-0.2642635703086853,1.00783371925354,2.3623929023742676,0.4796561598777771,-0.12525303661823273,3.2823596000671387,-0.5029982924461365,0.0814012661576271,0.9212058782577515,-0.7838528752326965
21,0.18459552526474,1.760881781578064,-0.5845217704772949,-1.458129644393921,-1.2099052667617798,4.778436660766602,-0.8856871128082275,1.128740668296814,1.0113869905471802,-5.256628036499023,0.9735315442085266,-1.997480034828186,0.6620314121246338,-0.30046725273132324,-1.998149037361145,1.3047451972961426,0.02061723917722702,-1.6537483930587769,0.9013815522193909,-0.7755282521247864,-2.0833370685577393,-1.0089834928512573,0.10971999913454056,-2.529383659362793,-2.463763475418091,-0.7011032104492188,-2.590959072113037,0.07401826977729797,0.11037611216306686,-0.016555165871977806,0.9337767958641052,-1.9586390256881714,-2.982379198074341,1.5242475271224976,1.2541489601135254,-0.6179638504981995,-1.0680122375488281,-1.0352598428726196,-7.090819835662842,1.232649803161621,0.7713781595230103,-0.6768033504486084,0.02692953124642372,-2.431044816970825,1.142652988433838,-3.7871816158294678,-7.638425350189209,-5.434810161590576,-3.040829658508301,2.2173147201538086,-2.475614309310913,-1.1540260314941406,-0.19127216935157776,-0.37058162689208984,-2.962341785430908,3.6237590312957764,0.3185158967971802,0.19963739812374115,2.919610023498535,-0.5556735992431641,0.3414307236671448,0.9056951999664307,-0.7331495881080627
22,0.403484970331192,0.970238208770752,0.12047082185745239,-1.4392071962356567,-1.0802161693572998,4.994272708892822,-1.65458083152771,0.7527572512626648,1.9741029739379883,-4.807069301605225,0.9826998114585876,-2.1266651153564453,-0.7841485738754272,-1.3011112213134766,-4.587302207946777,1.0971500873565674,0.13133540749549866,-1.6436032056808472,1.3701483011245728,-0.7060652375221252,-2.434391498565674,-1.1636892557144165,-0.3259488642215729,-2.6118767261505127,2.096717596054077,-0.8056890368461609,-10.788827896118164,-0.005321786273270845,0.09364748001098633,-0.06618218868970871,-3.7439780235290527,2.747034788131714,1.6289372444152832,3.5500991344451904,-1.448659062385559,-4.952985763549805,-1.2608658075332642,-0.5841936469078064,-6.941486835479736,-2.757695198059082,0.6900510787963867,3.776326894760132,0.0017937598749995232,-2.8814055919647217,1.10560941696167,-3.4354779720306396,-7.19191312789917,-5.393223285675049,-3.412707805633545,2.436814308166504,-2.6976897716522217,0.22067725658416748,0.2651941478252411,-0.0097733736038208,2.493027687072754,1.8464162349700928,0.7959669232368469,1.7541570663452148,3.4236130714416504,-0.2509581446647644,-1.4741801023483276,0.742331862449646,-1.59306001663208
23,1.186708688735962,3.404146432876587,-0.7996120452880859,-12.220626831054688,2.8440310955047607,9.17516803741455,-1.6339702606201172,1.0043494701385498,1.930690884590149,-1.618296504020691,0.5815245509147644,-0.3107045888900757,-1.0061745643615723,2.45552659034729,-0.1559487283229828,1.5097564458847046,0.02765839546918869,-2.059791326522827,1.8522993326187134,-0.9781840443611145,-3.1665520668029785,-0.34373801946640015,-0.10282930731773376,-2.4362149238586426,-2.980119228363037,-0.10387054830789566,-4.278005123138428,-0.016382556408643723,0.07952218502759933,-0.12410925328731537,-3.7899739742279053,2.2556471824645996,1.2570439577102661,0.8929883241653442,1.1718518733978271,-0.6568844318389893,-0.9258010983467102,-0.9160710573196411,-3.8623523712158203,-2.7473156452178955,1.1465922594070435,3.535546064376831,-0.09770096838474274,0.8800623416900635,0.49438098073005676,-7.092039108276367,-10.533854484558105,-6.393500804901123,-4.157901763916016,2.7031409740448,-2.673053503036499,-1.5421139001846313,-0.3549228608608246,0.1051291972398758,3.8065741062164307,2.65008282661438,1.7529823780059814,0.7893235683441162,3.9944679737091064,-3.260322093963623,-0.05636805295944214,0.9577499628067017,-1.1698685884475708
24,2.947002649307251,1.0522383451461792,-1.1761524677276611,-13.885359764099121,3.31598162651062,10.10622787475586,-1.6061875820159912,1.385841727256775,2.436617374420166,-4.225528240203857,1.8955377340316772,-2.480618715286255,-1.0120563507080078,2.6065776348114014,-0.4418272376060486,1.307762861251831,0.1863117814064026,-1.6455353498458862,1.9615061283111572,-0.8267530798912048,-3.1088075637817383,-0.368188738822937,-0.2878817617893219,-2.4322028160095215,-1.4160703420639038,0.03178870305418968,-0.9031762480735779,-0.018868891522288322,0.08203133940696716,-0.1327105462551117,-3.7447049617767334,2.0760116577148438,1.1844478845596313,3.783203125,-0.5653204917907715,-4.600331783294678,-1.5070134401321411,-0.9585685133934021,-7.486677646636963,-2.8270139694213867,1.17948317527771,3.590427875518799,0.03302888944745064,0.831199049949646,0.39705929160118103,-5.293428421020508,-8.745519638061523,-7.697096347808838,-0.5230164527893066,4.341614723205566,-4.560740947723389,2.024609088897705,1.5220524072647095,0.04356171935796738,3.992558717727661,2.5906808376312256,1.6564463376998901,0.9464980363845825,3.990781545639038,-3.175906181335449,0.0871971920132637,0.8710066080093384,-1.094262957572937
25,0.021254628896713257,-0.05876390263438225,0.0771222710609436,-12.852662086486816,3.333531618118286,9.831665992736816,-2.048027276992798,1.048977017402649,2.61601185798645,-1.7218880653381348,3.0383853912353516,0.7131006717681885,-1.0226517915725708,2.1802799701690674,-0.20202404260635376,1.4751132726669312,0.23071253299713135,-1.8021204471588135,1.99444580078125,-1.1134086847305298,-3.167273759841919,-0.2684822082519531,-0.5941243171691895,-2.6374542713165283,-1.2799261808395386,0.061215635389089584,-1.3478703498840332,-0.019252151250839233,0.08057329058647156,-0.1476650834083557,-3.862635850906372,2.3805510997772217,1.1204928159713745,1.0471112728118896,1.1598237752914429,-0.6674070358276367,1.52266263961792,-0.3880194425582886,-3.250171184539795,0.8710952997207642,0.4774947762489319,-0.46622705459594727,-0.09776189923286438,0.6620967388153076,0.4105902910232544,-4.6181721687316895,-9.01686954498291,-6.388185501098633,-0.25700896978378296,4.077164649963379,-4.156611442565918,2.055389881134033,1.5385488271713257,-0.17906454205513,3.8397746086120605,2.902522087097168,1.7105046510696411,1.3506041765213013,4.2638421058654785,-0.9385291337966919,0.21994233131408691,1.004969835281372,-0.8525775671005249
26,-1.2330365180969238,0.8883077502250671,0.7362458109855652,-11.919167518615723,2.785275936126709,9.39087963104248,-2.269404888153076,0.8374812602996826,2.080113172531128,-1.9783228635787964,2.9096388816833496,0.5554385185241699,-1.4151296615600586,2.273648977279663,0.15003499388694763,1.4948840141296387,0.12161026149988174,-2.2721099853515625,1.7689541578292847,-1.2323074340820312,-3.2632203102111816,-0.5522745251655579,-0.5443375706672668,-3.042253017425537,-1.3968969583511353,0.10989931225776672,-1.5901540517807007,-0.01829884573817253,0.07958051562309265,-0.15426911413669586,-3.9140405654907227,2.4261176586151123,1.1566592454910278,1.166387915611267,1.0406639575958252,-0.695898175239563,1.6132798194885254,-0.6370555758476257,-3.338557004928589,1.0325615406036377,0.876093327999115,-0.5474884510040283,1.1850230693817139,-3.818669319152832,0.7571910619735718,-5.904007911682129,-9.842360496520996,-6.212610721588135,-0.7725507616996765,4.2750959396362305,-3.905668020248413,2.399270534515381,2.4149527549743652,-0.24526330828666687,1.8497613668441772,3.154360294342041,0.5675443410873413,0.808199405670166,4.16092586517334,-0.5134173035621643,0.46999460458755493,0.7725762128829956,-0.40374061465263367
27,-1.2710254192352295,1.038631796836853,0.7940486669540405,-11.791666030883789,2.911053419113159,8.9210205078125,-2.2651140689849854,0.8415564894676208,2.1238701343536377,-1.947773814201355,3.094146251678467,0.609345018863678,-1.3780570030212402,2.229863166809082,0.10117515176534653,1.503322958946228,0.11181444674730301,-2.312469005584717,1.8239600658416748,-1.2637596130371094,-3.4156410694122314,-0.4667630195617676,-0.5705180168151855,-3.0029942989349365,1.574596643447876,-0.8966971039772034,-9.64229679107666,-0.015077981166541576,0.07928890734910965,-0.15289802849292755,-3.9374282360076904,2.2813329696655273,1.0977027416229248,1.0917960405349731,1.0855368375778198,-0.6753126978874207,1.5788815021514893,-0.5600680112838745,-3.334472417831421,0.9992648959159851,0.8216335773468018,-0.545920729637146,0.9910564422607422,-0.7757762670516968,0.7081937789916992,-5.8444976806640625,-10.051961898803711,-6.158785343170166,-0.5019323229789734,4.311842918395996,-4.032721996307373,2.3412299156188965,2.285922050476074,-0.26582324504852295,1.8973404169082642,3.163393974304199,0.5215064883232117,0.8825897574424744,4.196742057800293,-0.542791485786438,0.4026930630207062,0.8261846303939819,-0.553830087184906
28,-1.2258373498916626,0.8269655108451843,0.7055163383483887,-12.61236572265625,2.5199804306030273,9.831472396850586,-2.199789524078369,0.7315580248832703,2.1650025844573975,-3.943363666534424,1.567937970161438,-1.9793459177017212,-1.3844650983810425,2.535085916519165,0.44399213790893555,1.3529081344604492,0.20119062066078186,-2.0397984981536865,1.9483256340026855,-2.5654587745666504,-4.9858832359313965,2.730849266052246,-1.6242046356201172,-6.231502532958984,-1.7309266328811646,-0.9606316089630127,-4.551908493041992,-0.02581506408751011,0.0728195309638977,-0.1721688210964203,-3.947514295578003,2.418675661087036,1.1136202812194824,1.2101659774780273,1.0280425548553467,-0.7254384160041809,-1.3811509609222412,-1.1132078170776367,-7.296041488647461,0.9013474583625793,0.7462958097457886,-0.5063386559486389,1.3121485710144043,-4.007187366485596,0.7545528411865234,-6.244565486907959,-9.620405197143555,-6.668517112731934,-2.4567654132843018,4.593534469604492,-5.107168197631836,1.9620836973190308,2.018848419189453,-0.361388236284256,1.4804970026016235,3.4854698181152344,0.7824732065200806,0.6364849209785461,4.365139007568359,-0.5516802668571472,0.16112253069877625,0.8660433292388916,-0.6696399450302124
29,-1.350624918937683,0.7247343063354492,0.29050853848457336,-11.437905311584473,3.725126028060913,10.130026817321777,-1.1459949016571045,1.5892781019210815,1.9171619415283203,-2.0868470668792725,0.30073282122612,-1.719327688217163,2.419877290725708,-0.40514472126960754,-2.39449405670166,1.2246427536010742,0.18843132257461548,-2.1685779094696045,4.066288948059082,-3.1739485263824463,-7.021993637084961,-0.7583603858947754,0.851670503616333,-3.643130302429199,-0.44654250144958496,-0.09105373919010162,-1.20003342628479,0.03459758311510086,0.08833402395248413,-0.15709878504276276,1.457522988319397,-0.6463707685470581,-4.051966190338135,1.4150394201278687,1.0131008625030518,-0.6979390978813171,-1.5681198835372925,-0.9588143229484558,-6.953842639923096,0.7413632869720459,0.8296148180961609,-0.480112761259079,0.03425971046090126,0.5705416202545166,0.23618635535240173,-6.42675256729126,-9.862083435058594,-7.010118007659912,-1.781707763671875,4.935333728790283,-5.793318271636963,1.5350699424743652,2.0227584838867188,-0.34060928225517273,1.1665856838226318,3.6751341819763184,0.5881146788597107,0.3749663829803467,4.5814337730407715,-0.9939332604408264,-0.11806841194629669,1.2604776620864868,-0.7998888492584229
30,0.26876360177993774,0.8477181792259216,0.6513615846633911,-11.539363861083984,3.1697046756744385,10.542693138122559,-2.845179796218872,4.501193046569824,2.050333261489868,-2.6821672916412354,2.8056704998016357,0.4568045139312744,1.7453947067260742,-0.4481014311313629,-1.9477159976959229,1.4214022159576416,0.14814767241477966,-2.190507173538208,3.9269306659698486,-3.0890889167785645,-6.752097129821777,-0.5977624654769897,1.174347996711731,-3.413423538208008,-0.6922193169593811,0.7335017919540405,-0.1789393424987793,0.035658709704875946,0.085481196641922,-0.15037183463573456,1.488441824913025,-0.8447248935699463,-4.167393207550049,1.355729579925537,0.9354912042617798,-0.7118030190467834,-1.153494119644165,-1.0331121683120728,-6.938099384307861,0.840459942817688,0.8930747509002686,-0.5045534372329712,1.4098637104034424,-4.221125602722168,0.40030789375305176,-6.581147193908691,-9.666784286499023,-7.228453636169434,-2.2063143253326416,5.14966344833374,-5.765069961547852,1.814548134803772,2.2420880794525146,-0.2961774468421936,1.283997654914856,3.48555850982666,0.7210093140602112,0.3999656140804291,4.402458190917969,-0.7925027012825012,-0.03023090586066246,1.0728367567062378,-0.6725573539733887
31,0.17237186431884766,0.32130616903305054,-0.1510809063911438,-12.843525886535645,2.951861619949341,10.826515197753906,-0.9752500057220459,1.2085310220718384,1.8912780284881592,-2.4472336769104004,2.4615979194641113,0.4191160798072815,0.8459951877593994,0.027531661093235016,-1.8983235359191895,1.2138575315475464,0.17821091413497925,-2.0256106853485107,3.8051233291625977,-3.0221261978149414,-6.720898151397705,-0.5490569472312927,-0.5551651120185852,-3.2559051513671875,-0.6552850008010864,0.9206476807594299,-0.5116570591926575,0.04199402034282684,0.09091790020465851,-0.13477125763893127,1.7780834436416626,-1.0944781303405762,-4.224077224731445,1.212167501449585,0.9923071265220642,-0.6476818919181824,-0.879086434841156,-1.0440058708190918,-7.00161600112915,1.2256125211715698,1.0936648845672607,-0.66863614320755,1.2095410823822021,-4.124302864074707,0.4789043366909027,-7.0376811027526855,-9.950765609741211,-7.564164638519287,-3.2215981483459473,5.730391025543213,-6.245139122009277,2.8233351707458496,3.0169858932495117,-0.31300783157348633,1.77637779712677,3.120605707168579,0.7764214873313904,0.4912557899951935,4.107785224914551,-0.3785524368286133,0.2293425053358078,0.928386926651001,-0.3005759119987488
32,-0.0024176836013793945,-0.17240314185619354,-0.2541397213935852,-11.321565628051758,2.2933599948883057,10.438673973083496,-0.9848955869674683,1.2068727016448975,1.8837852478027344,-3.7771341800689697,1.7781331539154053,-2.1788482666015625,0.670493483543396,0.03715438395738602,-1.9153311252593994,1.1288925409317017,0.2381192445755005,-1.9539458751678467,3.6820032596588135,-2.846714496612549,-6.531966209411621,-0.34049540758132935,1.3961998224258423,-3.1460583209991455,-0.6312834024429321,0.7808763980865479,-0.35811948776245117,0.046955663710832596,0.09023505449295044,-0.12884768843650818,1.847168207168579,-1.156113624572754,-4.365857124328613,1.1793334484100342,0.9913742542266846,-0.6253617405891418,-0.8782219886779785,-1.0540416240692139,-6.9439778327941895,1.2267552614212036,1.0098594427108765,-0.6920807957649231,1.2069729566574097,-4.088862419128418,0.6554323434829712,-7.399606227874756,-10.451559066772461,-7.1710944175720215,-3.0213189125061035,5.85926628112793,-6.011224746704102,-4.201704025268555,0.49877259135246277,-1.277347445487976,1.7464475631713867,3.050865650177002,0.7502398490905762,0.4674427807331085,3.999574661254883,-0.3572051525115967,0.14923015236854553,0.861771821975708,-0.4617002010345459
33,0.12526550889015198,-0.18382419645786285,-0.7030972242355347,-10.618781089782715,1.7334057092666626,10.6001615524292,-2.191389322280884,-2.6527669429779053,-0.22268006205558777,-4.903405666351318,0.3249703049659729,-2.206019163131714,0.47072669863700867,0.06192604452371597,-1.745271921157837,1.4088367223739624,0.06549913436174393,-2.1452927589416504,3.5817675590515137,-2.401707172393799,-5.568073272705078,-0.4770074486732483,-0.04317277669906616,-2.8407835960388184,-0.7642626762390137,0.5197153091430664,0.1507045477628708,0.04687681794166565,0.09066946804523468,-0.13199429214000702,2.651111364364624,-1.2729063034057617,-4.0210771560668945,1.034509539604187,0.9760907292366028,-0.6327870488166809,-1.190988302230835,-0.3471395969390869,-7.008306503295898,1.377286672592163,0.9601621031761169,-0.6423848271369934,1.1407746076583862,-3.7720162868499756,0.2525501549243927,-7.548667907714844,-10.122148513793945,-7.713165283203125,-3.616692066192627,5.5476861000061035,-5.593339443206787,-0.315149188041687,-0.5503535866737366,-1.0152175426483154,1.8467437028884888,2.8953423500061035,0.6630802750587463,0.4896903932094574,3.7718992233276367,-0.23763996362686157,0.07102613896131516,0.7723293304443359,-0.6313312649726868
34,0.22546952962875366,0.021722320467233658,-0.6337486505508423,-10.763964653015137,2.079522132873535,10.525450706481934,-2.15864634513855,-2.632864236831665,-0.31195637583732605,-2.2263526916503906,2.398526191711426,0.5243486762046814,0.6166956424713135,-0.1732771098613739,-1.8090760707855225,1.500730276107788,0.020830579102039337,-2.287283182144165,3.5999679565429688,-2.5984580516815186,-5.683207988739014,-0.4106792211532593,1.7998796701431274,-2.772278308868408,-0.7054522037506104,0.568537712097168,0.10231677442789078,0.054404351860284805,0.08816227316856384,-0.12857626378536224,2.5827550888061523,-1.2717198133468628,-4.048532962799072,0.9178662896156311,0.8783161044120789,-0.7478639483451843,-1.2387114763259888,-0.36873114109039307,-6.962014675140381,1.3365710973739624,0.9572913646697998,-0.6040817499160767,1.1406084299087524,-3.831679582595825,0.35001814365386963,-7.501141548156738,-10.0733003616333,-7.610543727874756,-3.4959802627563477,5.289285659790039,-5.55671501159668,-0.1683768332004547,-0.44251617789268494,-0.9886119365692139,1.7310268878936768,2.917396068572998,0.6671125888824463,0.4691069424152374,3.757319927215576,-0.3019229769706726,0.12769518792629242,0.7427765130996704,-0.601495087146759
35,0.31963878870010376,0.28211236000061035,-0.4903392791748047,-11.367714881896973,2.3555922508239746,10.347540855407715,-0.77655029296875,0.2207997888326645,0.7548257112503052,-2.2391092777252197,2.3591723442077637,0.5479995012283325,1.0691158771514893,-0.44855910539627075,-1.7313936948776245,1.4042550325393677,0.0564032718539238,-2.3946752548217773,3.586759567260742,-2.6025660037994385,-5.8914875984191895,-0.547104001045227,1.7635502815246582,-2.5913615226745605,1.041133165359497,-1.2776463031768799,-9.949642181396484,0.0427517406642437,0.0808631107211113,-0.08451423794031143,2.5111711025238037,-1.3928430080413818,-4.088808059692383,3.9187095165252686,-0.9407654404640198,-5.202988624572754,-1.160390019416809,-0.6068598628044128,-3.6060056686401367,1.2695776224136353,0.9991059303283691,-0.5869585871696472,-0.30289316177368164,0.7770006656646729,0.33435139060020447,-7.778702735900879,-10.25363540649414,-7.415989875793457,-3.0096991062164307,4.987080097198486,-5.481361389160156,-0.16365914046764374,-0.3293739855289459,-0.9960008859634399,1.310517430305481,3.0409786701202393,0.6503236293792725,0.2611061930656433,3.810302257537842,-0.468456506729126,0.11787118017673492,0.7526465654373169,-0.6425723433494568
36,0.6443410515785217,1.9482061862945557,0.2662438154220581,-12.063896179199219,2.534409761428833,10.449946403503418,-1.106361746788025,1.9428218603134155,0.8452677726745605,-2.319612979888916,2.1035609245300293,0.5029318928718567,1.2020565271377563,-0.6288544535636902,-1.7188591957092285,1.563278317451477,0.08987202495336533,-2.5856850147247314,3.737955093383789,-2.732598066329956,-6.2075395584106445,-0.6682255268096924,1.3642027378082275,-2.6687865257263184,0.9732686281204224,-1.3394109010696411,-9.851447105407715,0.03771224245429039,0.0855640172958374,-0.09820783138275146,-3.954988956451416,2.486067533493042,0.8041483163833618,4.122812271118164,-0.9427129030227661,-5.433773040771484,-0.9597817063331604,-0.4287503957748413,-3.488870143890381,-2.809967517852783,1.4533506631851196,3.3770127296447754,-0.31992924213409424,0.6557098627090454,0.2409927248954773,-7.932989597320557,-10.415838241577148,-7.208494663238525,-2.454267978668213,4.776463508605957,-5.452023506164551,-0.3147777020931244,-0.15276411175727844,-1.0416865348815918,1.1545028686523438,3.3114848136901855,0.7444174885749817,0.5711244940757751,3.865171194076538,-3.034536600112915,0.30936872959136963,0.7553706169128418,-0.37886843085289
37,0.6443410515785217,1.9482061862945557,0.2662438154220581,-12.063896179199219,2.534409761428833,10.449946403503418,-1.106361746788025,1.9428218603134155,0.8452677726745605,-2.319612979888916,2.1035609245300293,0.5029318928718567,1.2020565271377563,-0.6288544535636902,-1.7188591957092285,1.563278317451477,0.08987202495336533,-2.5856850147247314,3.737955093383789,-2.732598066329956,-6.2075395584106445,-0.6682255268096924,1.3642027378082275,-2.6687865257263184,0.9732686281204224,-1.3394109010696411,-9.851447105407715,0.03771224245429039,0.0855640172958374,-0.09820783138275146,-3.954988956451416,2.486067533493042,0.8041483163833618,4.122812271118164,-0.9427129030227661,-5.433773040771484,-0.9597817063331604,-0.4287503957748413,-3.488870143890381,-2.809967517852783,1.4533506631851196,3.3770127296447754,-0.31992924213409424,0.6557098627090454,0.2409927248954773,-7.932989597320557,-10.415838241577148,-7.208494663238525,-2.454267978668213,4.776463508605957,-5.452023506164551,-0.3147777020931244,-0.15276411175727844,-1.0416865348815918,1.1545028686523438,3.3114848136901855,0.7444174885749817,0.5711244940757751,3.865171194076538,-3.034536600112915,0.30936872959136963,0.7553706169128418,-0.37886843085289
38,0.6807096004486084,1.6436822414398193,-0.2829333543777466,-10.426706314086914,1.9926176071166992,10.594710350036621,-1.1248527765274048,1.8933416604995728,0.8161196708679199,-2.2380452156066895,2.1195969581604004,0.4734005331993103,1.4054303169250488,-0.6185904145240784,-1.7255226373672485,1.438717007637024,0.19938209652900696,-2.327882766723633,3.7747802734375,-2.5482378005981445,-5.9492597579956055,-0.5126333832740784,1.3937346935272217,-2.6523284912109375,1.012178659439087,-1.349808692932129,-9.27520751953125,0.0615018755197525,0.08479730039834976,-0.11788059026002884,2.3919026851654053,-1.2755639553070068,-4.074629783630371,3.930806875228882,-0.8357113003730774,-5.373744964599609,-1.5165703296661377,-0.1543893963098526,-6.648807048797607,-1.6958000659942627,0.7888436913490295,2.7841243743896484,-0.3834579288959503,0.6396946907043457,0.29846328496932983,-7.316518783569336,-9.988551139831543,-7.143069267272949,-3.193427324295044,5.135785102844238,-5.530170917510986,-0.06907855719327927,-0.2906133532524109,-1.2989085912704468,1.5126876831054688,2.98332142829895,0.6594676375389099,0.4702732264995575,3.7928969860076904,-0.4777989387512207,0.4110844135284424,0.7252157926559448,-0.2096872180700302
39,0.651231586933136,1.9115427732467651,-0.35728371143341064,-10.111299514770508,1.8480523824691772,10.459587097167969,-1.1321988105773926,1.932892918586731,0.813561201095581,-4.260842323303223,2.0958032608032227,-1.9264647960662842,1.3344175815582275,-0.5118460655212402,-1.7050559520721436,1.4026799201965332,0.21958458423614502,-2.2288663387298584,1.6526490449905396,-1.0730576515197754,-3.1599459648132324,-0.402640163898468,1.5997321605682373,-2.5685276985168457,1.0648685693740845,-1.3506200313568115,-9.318010330200195,0.05834919214248657,0.07795451581478119,-0.1163358986377716,2.443406105041504,-1.255824327468872,-3.942138910293579,3.862844705581665,-0.8271816372871399,-5.393704414367676,-1.1226434707641602,-0.48070138692855835,-3.866243362426758,0.1897907704114914,0.5607651472091675,0.06664939224720001,1.0239723920822144,-3.8563594818115234,0.6739964485168457,-7.5363335609436035,-10.470815658569336,-6.699779510498047,-3.3043739795684814,5.137612819671631,-5.405323028564453,-0.2566317915916443,-0.3318405747413635,-1.2218042612075806,1.4061757326126099,2.987366199493408,0.8311050534248352,0.2984440326690674,3.8189361095428467,-0.37401992082595825,0.26777440309524536,0.6955984830856323,-0.4298895001411438
40,0.5639676451683044,1.9297033548355103,0.003931403160095215,-9.8996000289917,1.8651468753814697,10.43444538116455,-1.0726356506347656,2.023709297180176,0.9583959579467773,-2.092297077178955,2.3596014976501465,0.4413655400276184,1.134644865989685,-0.5101136565208435,-1.7186877727508545,1.4143521785736084,0.19008603692054749,-2.367018461227417,3.655402660369873,-2.5552520751953125,-6.236444473266602,-0.4182977080345154,1.6453790664672852,-2.6271450519561768,1.0505105257034302,-1.3146264553070068,-9.325539588928223,0.05673357844352722,0.0789785161614418,-0.12019306421279907,2.474576473236084,-1.278690218925476,-4.017971992492676,3.8549818992614746,-0.8553140163421631,-5.393092632293701,-1.1174172163009644,-0.4184306263923645,-3.7618765830993652,0.1865522414445877,0.5923197865486145,0.06144837290048599,-0.07237700372934341,0.30089136958122253,-0.304922878742218,-7.554433345794678,-10.393792152404785,-6.633948802947998,-3.433718681335449,5.105312824249268,-5.3749680519104,-0.24820613861083984,-0.3730734586715698,-1.3028091192245483,1.6419954299926758,2.962306499481201,0.7710795402526855,0.42406898736953735,3.813812255859375,-0.32647836208343506,0.41941356658935547,0.6565910577774048,-0.22915920615196228
41,0.41012540459632874,0.05084168165922165,-0.6883140802383423,-9.757107734680176,1.3659350872039795,10.174385070800781,-1.0759429931640625,1.936000943183899,0.8459173440933228,-4.327674388885498,2.135266065597534,-1.960501790046692,1.1063735485076904,-0.6613315343856812,-1.8255997896194458,1.3812928199768066,0.20097926259040833,-2.3131072521209717,3.734757661819458,-2.560641050338745,-6.059491157531738,-0.4111173152923584,1.5601886510849,-2.5631093978881836,1.0219522714614868,-1.2609716653823853,-9.546957969665527,0.059456758201122284,0.0811566635966301,-0.11868975311517715,2.438154458999634,-1.322119951248169,-4.159900665283203,3.9307892322540283,-0.7682298421859741,-5.3234477043151855,-1.1487301588058472,-0.5083485841751099,-3.7515342235565186,0.1590321809053421,0.5783595442771912,0.08150536566972733,-0.1444012075662613,0.2255900651216507,-0.31101876497268677,-7.290462017059326,-10.112887382507324,-7.1407575607299805,-3.2041938304901123,5.1133575439453125,-5.205894470214844,-0.21685068309307098,-0.3603709638118744,-1.3336349725723267,2.420626401901245,-0.7589781880378723,-2.181183099746704,0.7350585460662842,3.898219108581543,-3.1419620513916016,2.793128252029419,-0.8228899240493774,-2.1865484714508057
42,0.44705742597579956,-0.188867449760437,-0.8431891202926636,-9.894851684570312,1.2809172868728638,10.178513526916504,-1.0288569927215576,1.8556017875671387,0.8411102294921875,-4.326533794403076,2.169976234436035,-1.8740041255950928,1.04679274559021,-0.5606319308280945,-1.7678459882736206,1.4337971210479736,0.18860700726509094,-2.3621673583984375,3.64158296585083,-2.5288021564483643,-5.923681735992432,-0.4899933934211731,-0.10537724941968918,-2.919126033782959,1.0714987516403198,-1.2591761350631714,-9.769588470458984,0.06057097762823105,0.08201604336500168,-0.11901326477527618,2.461656093597412,-1.31948721408844,-4.2389702796936035,3.8508148193359375,-0.8866963982582092,-5.426541805267334,-1.6323186159133911,-0.08374612033367157,-6.661832809448242,0.18762777745723724,0.5829001665115356,0.04135645180940628,0.9507042169570923,-3.776738166809082,0.7398446798324585,-7.155997276306152,-10.038614273071289,-7.165122032165527,-3.5207252502441406,5.201559543609619,-5.344318866729736,-0.22905758023262024,-0.40761318802833557,-1.47589910030365,2.4709670543670654,-0.7853575944900513,-2.2743160724639893,0.7498161196708679,3.9491639137268066,-3.1287283897399902,2.903651237487793,-0.7674829959869385,-2.315255880355835
43,0.6286243200302124,1.8601142168045044,-0.2157304883003235,-10.715910911560059,1.7995665073394775,10.295378684997559,-1.0316894054412842,1.9463810920715332,0.8298152685165405,-4.406896591186523,2.215728998184204,-2.002744436264038,1.0097202062606812,-0.47520357370376587,-1.7294939756393433,1.4314922094345093,0.17287063598632812,-2.346295118331909,3.6576457023620605,-2.577113628387451,-5.999552249908447,-0.4163290858268738,1.5753586292266846,-2.597903251647949,1.0071775913238525,-1.2315926551818848,-9.484700202941895,0.06481420248746872,0.08257449418306351,-0.12320153415203094,2.4739489555358887,-1.3166985511779785,-4.151029109954834,3.9088613986968994,-0.8307088613510132,-5.398062705993652,-1.559439778327942,-0.011778175830841064,-6.614748477935791,0.17387686669826508,0.5767329931259155,0.09385594725608826,1.0661054849624634,-3.8645317554473877,0.7622222900390625,-8.025524139404297,-10.902763366699219,-6.701073169708252,-3.2776243686676025,5.054060935974121,-5.378282070159912,-0.2220630645751953,-0.3718588650226593,-1.254931092262268,2.3703274726867676,-0.7917886972427368,-2.1567542552948,0.7459983825683594,3.8751604557037354,-3.064711570739746,0.29809650778770447,0.6896346807479858,-0.3780917823314667
44,0.5376538634300232,2.1899032592773438,0.019122660160064697,-10.139204025268555,1.763995885848999,10.186158180236816,-1.0159580707550049,2.0836668014526367,0.9765543937683105,-2.108567714691162,2.367241859436035,0.46309494972229004,0.8997894525527954,-0.36012738943099976,-1.6775609254837036,1.3662184476852417,0.13623011112213135,-2.3388254642486572,3.6828906536102295,-2.5632734298706055,-6.014040946960449,-0.4093831777572632,1.6318538188934326,-2.618115186691284,1.0212148427963257,-1.2426128387451172,-9.409078598022461,0.06053303927183151,0.07928676903247833,-0.12642402946949005,2.474414348602295,-1.3070377111434937,-4.007418632507324,3.8673510551452637,-0.8575528860092163,-5.326553821563721,-1.381800651550293,-0.0377117395401001,-6.677840709686279,-1.7464289665222168,0.94574373960495,2.739018440246582,1.2376909255981445,-3.9390676021575928,0.6384916305541992,-8.009501457214355,-10.727764129638672,-6.774986267089844,-3.1972625255584717,5.311802864074707,-5.432516098022461,-0.3129579722881317,-0.3661366403102875,-1.0759350061416626,1.477808952331543,3.013671398162842,0.7597532868385315,0.3127652704715729,3.878244400024414,-0.4052140712738037,0.22008268535137177,0.7115058898925781,-0.47273963689804077
45,0.4795866310596466,0.3769470453262329,-0.6593766212463379,-10.601787567138672,1.8732244968414307,10.462567329406738,-1.1106537580490112,2.064008951187134,0.9300882816314697,-2.2060744762420654,2.346097707748413,0.4407908320426941,0.9621989727020264,-0.533840000629425,-1.7447715997695923,1.453428864479065,0.16578173637390137,-2.4626095294952393,3.7709238529205322,-2.6298255920410156,-6.182729721069336,-0.46294987201690674,1.5409268140792847,-2.644484758377075,0.9524258375167847,-1.2698520421981812,-9.459216117858887,0.06151195615530014,0.08101178705692291,-0.12403576821088791,1.4849625825881958,-0.599932074546814,-2.259554862976074,3.8988115787506104,-0.8139527440071106,-5.325685024261475,-1.092863917350769,-0.48784905672073364,-3.6444287300109863,0.15016327798366547,0.5986853241920471,0.10943447053432465,1.2652740478515625,-3.9535329341888428,0.575171947479248,-8.078145980834961,-10.62389087677002,-7.114229679107666,-3.00989031791687,5.230787754058838,-5.40770149230957,-0.2817828953266144,-0.2915753722190857,-1.3077480792999268,1.4198708534240723,3.0975143909454346,0.8166367411613464,0.3526703715324402,3.939464807510376,-0.42882800102233887,0.201021209359169,0.7459367513656616,-0.48954567313194275
46,0.369289755821228,0.025467105209827423,-0.6276142597198486,-10.820900917053223,2.3681490421295166,10.603829383850098,-1.1599218845367432,1.9122313261032104,0.7871719598770142,-2.5411460399627686,2.0654287338256836,0.4429190158843994,1.3650697469711304,-0.6489089727401733,-1.62221097946167,0.2608863413333893,-0.5736221075057983,-5.1695756912231445,3.8049800395965576,-2.731398344039917,-6.491067409515381,-0.4812721014022827,1.3229427337646484,-3.0131897926330566,1.127586007118225,-1.2336294651031494,-9.679994583129883,0.0625762939453125,0.08643826097249985,-0.12569791078567505,-3.887629270553589,2.388425588607788,0.7359851002693176,2.6002047061920166,0.009804844856262207,-5.0063557624816895,-1.3471295833587646,-0.14281906187534332,-6.775627136230469,0.5672526955604553,0.14825397729873657,-0.4203612804412842,1.2897558212280273,-4.080711841583252,0.7494961023330688,-7.970098495483398,-10.751771926879883,-6.593315601348877,-2.830739736557007,4.891643524169922,-5.388406276702881,-3.3862502574920654,0.5522288084030151,-1.1020169258117676,1.2246748208999634,3.24014949798584,0.7363088130950928,0.28347185254096985,4.086190223693848,-0.6251794099807739,0.2900019884109497,0.791239857673645,-0.5335249900817871
47,0.31578361988067627,-0.028007272630929947,-0.683962345123291,-10.999652862548828,2.1151211261749268,10.718450546264648,-1.246814250946045,1.835356593132019,0.6329824924468994,-4.442779541015625,2.2672219276428223,-2.091092824935913,1.450123906135559,-0.6576212048530579,-1.6126703023910522,0.3477056920528412,-0.5586604475975037,-5.315065383911133,3.8158347606658936,-2.586371421813965,-6.192647933959961,-0.36471474170684814,-0.3884468674659729,-3.1046013832092285,1.3387960195541382,-1.3232147693634033,-9.68995189666748,0.0638761967420578,0.08883548527956009,-0.11892203986644745,1.302797555923462,-0.6243284940719604,-2.303494453430176,2.4106850624084473,0.04048094153404236,-4.848807334899902,-1.217870831489563,-0.1878640204668045,-6.507347106933594,0.6020795106887817,0.16855181753635406,-0.44230157136917114,-0.014889446087181568,0.25344085693359375,-0.34043073654174805,-7.741347789764404,-10.902913093566895,-5.9588541984558105,-2.6474015712738037,4.768853187561035,-5.2275614738464355,-0.2703171670436859,-0.28726595640182495,-1.1653263568878174,1.060957908630371,3.1734559535980225,0.865668773651123,0.14649716019630432,4.020721912384033,-0.54194575548172,0.21979644894599915,0.806399941444397,-0.6540268659591675
48,0.16584044694900513,0.28483840823173523,-0.39384549856185913,2.497483015060425,0.8120259046554565,0.31129220128059387,-1.1733676195144653,1.823855996131897,0.5474746823310852,-2.669034719467163,2.207782745361328,0.4098494052886963,1.9404789209365845,0.42826157808303833,-1.2988882064819336,1.0635892152786255,0.3684834837913513,-1.8594605922698975,3.549968957901001,-2.3453423976898193,-5.7392964363098145,-0.5686866044998169,-1.2465451955795288,-4.433169364929199,1.1896330118179321,-1.409018874168396,-9.238747596740723,0.04594622179865837,0.0635436624288559,-0.0477924570441246,-3.303957223892212,1.9025565385818481,0.5166293382644653,2.4127190113067627,-0.7018147110939026,-5.944651126861572,-1.3466711044311523,-0.7960850596427917,-6.615933895111084,0.7937240600585938,0.1170334666967392,-0.2966974973678589,-0.19138948619365692,0.14379563927650452,-0.48342615365982056,-5.363325119018555,-8.249971389770508,-7.011170864105225,-2.6180663108825684,5.568235397338867,-5.928003311157227,0.09372197091579437,-0.43442144989967346,-0.9286388754844666,0.8624376654624939,3.225471258163452,0.8544804453849792,-0.13129384815692902,4.142591953277588,-0.6377503275871277,0.38125282526016235,1.0647525787353516,-0.3286852240562439
49,0.5555739402770996,0.3563164174556732,0.2628350257873535,-12.881855964660645,4.0962653160095215,10.473664283752441,-1.591703176498413,2.0568790435791016,0.753340482711792,-3.014373779296875,2.494879722595215,0.5285873413085938,0.7367393970489502,0.40197494626045227,-1.2651970386505127,1.1483114957809448,0.9270592927932739,-2.2312755584716797,4.909313201904297,-3.4280214309692383,-5.26563024520874,2.982084274291992,-1.7604528665542603,-6.198741912841797,3.38297700881958,-1.1668095588684082,-7.391955375671387,0.06611794233322144,0.08491504192352295,-0.06495486944913864,-3.522711753845215,1.5601489543914795,0.5174800753593445,1.7559384107589722,-1.4983211755752563,-4.500791072845459,-1.424608826637268,-1.2621312141418457,-6.391739368438721,1.0126205682754517,1.118040919303894,-0.2735273540019989,1.056466817855835,-3.483883857727051,0.9286093711853027,-3.0826590061187744,-7.113511562347412,-6.202897548675537,-1.9321705102920532,4.577636241912842,-5.614973545074463,2.21783185005188,2.7002408504486084,0.24371832609176636,0.9014573693275452,3.6094508171081543,1.095392107963562,-0.059800885617733,4.547465801239014,-0.7116538882255554,0.01886846497654915,1.0274417400360107,-0.5401114225387573
50,1.477489948272705,2.1798999309539795,-0.668681263923645,-0.8690803050994873,-0.9134148359298706,0.4875671863555908,-1.41533625125885,2.281416177749634,0.6550188064575195,-2.9919800758361816,2.2451469898223877,0.4324806332588196,2.4224319458007812,0.2979245185852051,-4.939302921295166,1.147578239440918,0.8171126246452332,-1.9441299438476562,3.3261003494262695,-2.715003490447998,-6.2005462646484375,0.020726457238197327,-1.2736178636550903,-4.387696743011475,-0.6571951508522034,0.9191930890083313,-0.615504264831543,0.012674209661781788,-0.017758294939994812,0.0027288098353892565,2.3939003944396973,-1.282892107963562,-4.574751377105713,4.505987167358398,-2.758115291595459,-5.936026573181152,-0.8419108986854553,-0.8807860016822815,-4.0868682861328125,0.11027905344963074,0.5528737902641296,0.4457753598690033,1.4164613485336304,-3.4949557781219482,1.2122513055801392,-2.659438371658325,-7.026016712188721,-7.008357524871826,-3.4929513931274414,2.235173463821411,-3.2491490840911865,1.9606317281723022,2.7106006145477295,0.36295729875564575,0.5863208770751953,3.597546339035034,0.9282096028327942,-0.31934186816215515,4.520540714263916,-0.8766101598739624,-0.019089560955762863,1.1473263502120972,-0.1894756406545639
51,1.2366154193878174,1.5357147455215454,-1.201813817024231,0.12695327401161194,0.3610198497772217,1.2732949256896973,-1.0203875303268433,1.9049524068832397,0.7558324337005615,-3.7123312950134277,1.8073432445526123,-1.3905761241912842,0.38189950585365295,0.49513962864875793,-1.259061574935913,0.9966384172439575,0.10157295316457748,-2.2135133743286133,2.099372386932373,-1.671432375907898,-4.843179225921631,-0.28923922777175903,1.685422420501709,-2.563340902328491,-1.3564541339874268,1.1569565534591675,0.644056499004364,0.04572588950395584,0.07148898392915726,-0.041986215859651566,1.829277515411377,-1.4442534446716309,-4.449044704437256,2.8393185138702393,-1.3655649423599243,-3.9617919921875,-0.25287294387817383,-1.1263662576675415,-4.852178573608398,-5.233176231384277,0.8056228756904602,5.3223557472229,-0.3386033773422241,-2.8178837299346924,0.36394238471984863,-3.5984156131744385,-8.32531452178955,-4.860232830047607,-1.8090094327926636,2.579461097717285,-3.2670295238494873,-0.12563656270503998,-0.12961918115615845,-1.1287457942962646,1.0336689949035645,3.047884464263916,0.9794875979423523,0.05687646567821503,3.907460927963257,-0.4433637857437134,1.91181218624115,-0.6663745641708374,-1.3723928928375244
52,0.9754329323768616,1.7131294012069702,-1.1528335809707642,-0.8823682069778442,-0.7683182954788208,0.3480421304702759,-0.787908673286438,1.2785968780517578,0.6393826603889465,-3.7519683837890625,1.3256796598434448,-0.8655579686164856,-0.049626439809799194,0.8614709377288818,-0.8538253903388977,0.4573388993740082,0.3751697838306427,-0.9853793382644653,1.8681011199951172,-1.4176465272903442,-4.090816974639893,-0.5423153042793274,0.6504306793212891,-2.2892372608184814,-1.2088490724563599,1.1145392656326294,0.5383181571960449,0.059457458555698395,0.07796954363584518,-0.004367252811789513,-4.432740688323975,2.1252570152282715,-0.09749994426965714,1.091310977935791,0.07504463195800781,-4.35589075088501,-0.5196143984794617,-1.4875092506408691,-6.142855644226074,-4.68648099899292,0.7824464440345764,4.551319122314453,-0.8753697276115417,-2.4269354343414307,-0.08911748230457306,-4.873210906982422,-9.42727279663086,-3.733794689178467,-3.1752920150756836,3.071782112121582,-3.5599098205566406,-9.85038948059082,0.06390874087810516,9.73707389831543,-2.4024641513824463,3.8437788486480713,-0.21940520405769348,0.24593204259872437,3.9262049198150635,0.7070656418800354,-0.9163263440132141,3.438922643661499,0.2780008018016815
53,0.855115532875061,1.7774362564086914,-0.6677742004394531,-0.928936243057251,-0.706829845905304,0.33821767568588257,-0.8012004494667053,1.3632972240447998,0.6515862345695496,-1.3672904968261719,2.472459554672241,0.1633811742067337,0.2690936028957367,0.8683075308799744,-0.6760462522506714,0.4922674298286438,0.37202635407447815,-0.9689663648605347,2.386925458908081,-1.5093477964401245,-3.308789014816284,-0.4705069065093994,0.5942758917808533,-2.3654778003692627,-1.3133220672607422,1.1355726718902588,0.5743964314460754,0.05275104194879532,0.06460629403591156,-0.04644511640071869,-4.170300006866455,2.0849666595458984,-0.021188728511333466,1.0107982158660889,0.7526673674583435,-0.4867081046104431,-0.6796429753303528,-1.47195565700531,-6.15241003036499,-4.380417346954346,0.7993922829627991,4.31997537612915,-0.7280009984970093,-2.4645116329193115,-0.0637277215719223,-4.465590476989746,-9.775976181030273,-2.9433815479278564,-3.2068989276885986,3.076847553253174,-3.50242018699646,-9.261969566345215,-0.020752280950546265,9.024014472961426,-2.465985059738159,3.8411598205566406,0.04627922177314758,0.3771059811115265,3.8450868129730225,0.6370053291320801,-0.804452121257782,3.39327073097229,0.15379489958286285
54,1.1888972520828247,2.258850574493408,-0.7851958274841309,-0.985388994216919,-0.8268142938613892,0.41485491394996643,-1.004671573638916,1.3962481021881104,0.6894246339797974,-1.6091145277023315,2.5317223072052,0.25488704442977905,0.5291066765785217,0.7765117883682251,-0.6198744177818298,0.5007227063179016,0.3134559690952301,-1.130720615386963,2.000861167907715,-1.2868367433547974,-4.1183624267578125,-0.5697656869888306,0.650817334651947,-2.3242075443267822,-1.1389578580856323,0.8269893527030945,0.47246426343917847,0.05785712972283363,0.05226122587919235,-0.05571150407195091,1.8383045196533203,-1.9274665117263794,-3.040942430496216,2.3738272190093994,-1.3233059644699097,-4.056777477264404,-0.731631338596344,-1.43914794921875,-6.602413177490234,-3.467616081237793,0.8175854086875916,3.955568790435791,-1.1819876432418823,-2.331648826599121,0.11077648401260376,-5.597685813903809,-10.527313232421875,-4.333558082580566,-3.5086557865142822,3.125211477279663,-3.8762929439544678,-11.232033729553223,0.49116039276123047,8.801172256469727,-2.6067047119140625,3.500138282775879,-0.32232314348220825,-1.4419286251068115,3.9151113033294678,-3.232534646987915,1.1577473878860474,0.29593348503112793,-1.5172929763793945
55,0.9403412938117981,2.062260389328003,-0.3921213150024414,-1.0016406774520874,-0.978969395160675,0.4089614450931549,-0.9920862913131714,1.417616605758667,0.7595394849777222,-1.5799946784973145,2.599491596221924,0.27149009704589844,0.6312438249588013,0.6489490866661072,-0.7360377311706543,0.3867594599723816,0.23740825057029724,-0.9598269462585449,2.0320041179656982,-1.3766109943389893,-4.2050461769104,-0.4988975524902344,0.6190869808197021,-2.354285717010498,-1.0681006908416748,0.8811734318733215,0.4682275652885437,0.05733698606491089,0.05208919197320938,-0.05961185321211815,1.8241485357284546,-1.9008992910385132,-2.9915192127227783,2.3394508361816406,-1.3504054546356201,-3.9836931228637695,-0.6818670630455017,-1.4369592666625977,-6.5225043296813965,-3.429229974746704,0.7727022767066956,3.9847323894500732,-1.0137499570846558,-2.3601088523864746,0.1022024005651474,-5.6656975746154785,-10.604413032531738,-4.329837322235107,-3.38706374168396,3.117199420928955,-3.737036943435669,-11.149682998657227,0.46536824107170105,8.71129035949707,-2.5174014568328857,3.6112842559814453,-0.307431161403656,1.8646178245544434,-0.24491626024246216,-2.575897216796875,1.1721065044403076,0.272930383682251,-1.5293738842010498
56,1.2617781162261963,2.3840484619140625,-0.4705836772918701,-0.9545445442199707,-0.539435088634491,0.32393187284469604,-1.119536280632019,1.4826149940490723,0.6858700513839722,-1.8396410942077637,2.4328668117523193,0.2414487898349762,0.6218597888946533,0.8408139944076538,-0.7572908401489258,0.5775136351585388,0.35460755228996277,-1.3404624462127686,1.818643569946289,-1.379946231842041,-4.130998611450195,-0.6689286231994629,-0.885223388671875,-2.7323153018951416,-1.2135902643203735,0.7479966282844543,0.48485445976257324,0.0552993007004261,0.06586339324712753,-0.025247501209378242,1.7233591079711914,-1.7933906316757202,-3.2558655738830566,1.6724501848220825,-0.5584824085235596,-4.591848850250244,-0.6305944323539734,-1.4113870859146118,-6.4384894371032715,-3.94105863571167,0.6835831999778748,4.397665977478027,-0.6779148578643799,-2.3275551795959473,0.058009907603263855,-5.869388580322266,-10.591204643249512,-4.463020324707031,-3.2125487327575684,3.4621386528015137,-4.133166790008545,-8.407431602478027,-0.520606279373169,9.185165405273438,-2.4550092220306396,3.8455400466918945,-0.13076871633529663,1.8644959926605225,-0.232875794172287,-2.451353073120117,1.2958732843399048,0.08319232612848282,-1.434802532196045
57,1.1122809648513794,1.8820356130599976,-0.5749963521957397,-0.8900393843650818,-0.5279749035835266,0.34023934602737427,-1.0583369731903076,1.6298991441726685,0.756739616394043,-1.8673195838928223,2.269087314605713,0.35354936122894287,0.6705195903778076,0.923248291015625,-0.7350969910621643,0.742998480796814,0.2600077688694,-1.6040934324264526,1.916716456413269,-1.4532744884490967,-4.351237773895264,-0.5472062826156616,-1.006801962852478,-2.9715676307678223,-1.3863186836242676,1.0150268077850342,0.4956003427505493,0.05283665657043457,0.06594374775886536,-0.025062555447220802,1.721185564994812,-1.7634950876235962,-3.2828750610351562,1.8901560306549072,-0.47628360986709595,-4.434191703796387,-0.6012330055236816,-1.731013536453247,-6.7258477210998535,-3.7201638221740723,0.6347271800041199,4.493411064147949,-0.5428714752197266,-2.4881861209869385,-0.21098561584949493,-5.111057281494141,-10.11043643951416,-3.9423165321350098,-2.7742059230804443,3.8632090091705322,-4.285940647125244,-11.668136596679688,0.09004715830087662,8.975754737854004,-1.8299939632415771,3.9343180656433105,-0.21642251312732697,1.8636926412582397,-0.5187488794326782,-2.4818897247314453,1.3914364576339722,-0.24688753485679626,-1.2403775453567505
58,-0.06970878690481186,-0.32111674547195435,-0.043381690979003906,-0.7565696239471436,-0.3117678463459015,0.3357495069503784,-0.9350357055664062,1.5720010995864868,0.4495987296104431,-2.0808207988739014,1.7102349996566772,0.5629633665084839,2.084115505218506,-0.5918282866477966,-2.1457314491271973,0.6175463795661926,-0.08377639949321747,-1.4187688827514648,1.4713789224624634,-1.238799810409546,-4.092423915863037,-0.6667519807815552,-1.1634571552276611,-2.756840467453003,2.292951822280884,-1.2378538846969604,-9.132963180541992,0.04703609645366669,0.06359042972326279,-0.037213634699583054,1.644827127456665,-1.5434430837631226,-3.5201237201690674,1.9931166172027588,-0.6112275719642639,-4.782327651977539,-0.5256929993629456,-1.7508405447006226,-6.821447372436523,1.0949983596801758,1.001868486404419,-0.4480905830860138,-1.1850154399871826,-2.328261375427246,0.06784823536872864,-5.087953090667725,-10.22599983215332,-4.2113494873046875,-2.5447824001312256,3.778369188308716,-4.386520862579346,-11.085029602050781,0.2604549825191498,8.743061065673828,-2.209091901779175,2.351177453994751,-0.6462229490280151,-1.3853992223739624,2.971421003341675,-2.5934865474700928,1.8408606052398682,-0.6461496353149414,-1.3969751596450806
59,0.13331389427185059,0.3654668927192688,-0.08272314071655273,-0.80800461769104,-0.3767460286617279,0.28394484519958496,-1.076427936553955,1.7125426530838013,0.518417477607727,-2.182845115661621,1.8835675716400146,0.5824750661849976,2.600062131881714,-0.8076127171516418,-2.3949625492095947,0.6739264726638794,-0.08038271218538284,-1.5471343994140625,1.4820914268493652,-1.304561972618103,-4.310233116149902,-0.6505177021026611,-1.1916638612747192,-2.810807943344116,2.582904100418091,-1.2954546213150024,-9.386542320251465,0.04469304904341698,0.06715457141399384,-0.04053192958235741,1.59367036819458,-1.4678150415420532,-3.6581249237060547,0.5382900834083557,1.0149595737457275,-0.6829708218574524,-0.4686122238636017,-1.8034518957138062,-6.666172504425049,1.0260701179504395,0.9933093786239624,-0.4207076132297516,-1.097764253616333,-2.3546199798583984,0.12536947429180145,-4.630092144012451,-10.210661888122559,-4.095332622528076,-2.546621084213257,3.825591564178467,-4.4395270347595215,-11.424269676208496,0.2570861279964447,8.869888305664062,-2.274665117263794,2.6258249282836914,-0.41584140062332153,-1.3172913789749146,3.29121732711792,-2.446506977081299,1.610763669013977,-0.5840916633605957,-1.3333797454833984
60,0.7975567579269409,1.9827814102172852,-0.07538264989852905,-0.9209719896316528,-0.7053005695343018,0.26589739322662354,-1.0598167181015015,1.480423092842102,0.5866008400917053,-1.9016435146331787,2.3743536472320557,0.2673088014125824,0.8602609634399414,0.19457608461380005,-1.3857526779174805,0.5101129412651062,0.3438870906829834,-1.328485369682312,3.4426612854003906,-2.3416647911071777,-3.8935458660125732,-1.069981336593628,-1.0759116411209106,-2.8597676753997803,-1.1818491220474243,0.8940894603729248,0.5227190256118774,0.04604761302471161,0.06733319908380508,-0.03974156454205513,1.6382689476013184,-1.614527702331543,-3.0875091552734375,2.194715738296509,-0.6099290251731873,-4.741276264190674,-0.5629338622093201,-1.941389560699463,-6.697465419769287,0.3032451272010803,0.7494655847549438,-0.03782103955745697,-1.3867634534835815,-2.2701478004455566,0.1334899216890335,-4.224351406097412,-9.523228645324707,-3.1515865325927734,-2.6134345531463623,3.3614916801452637,-4.269134521484375,-11.617603302001953,0.09989167749881744,9.001341819763184,-1.8388794660568237,2.635756731033325,-0.6680005788803101,0.5310551524162292,3.8780391216278076,-0.4243197441101074,1.6426210403442383,-0.4991823136806488,-1.3896832466125488
61,0.7924602627754211,1.9446555376052856,-0.004136025905609131,-0.8915000557899475,-0.793982207775116,0.28666484355926514,-1.0607494115829468,1.4776448011398315,0.5722030401229858,-1.914451241493225,2.4289352893829346,0.2828598916530609,0.7157174348831177,0.17960518598556519,-1.3587936162948608,0.47423386573791504,0.3587002754211426,-1.2595264911651611,3.3380701541900635,-2.3512845039367676,-4.005910873413086,-1.104019284248352,-1.106563687324524,-2.884287118911743,-1.1648696660995483,0.8910091519355774,0.4713820815086365,0.046665988862514496,0.07141818851232529,-0.02816912718117237,1.6219046115875244,-1.5955674648284912,-3.1771581172943115,2.0553629398345947,-0.581768274307251,-4.772072792053223,-0.5945473313331604,-1.7919344902038574,-6.544557571411133,-4.6276936531066895,0.6426386833190918,4.794933795928955,-1.3557302951812744,-2.250032424926758,0.16172324120998383,-4.25830602645874,-9.419063568115234,-3.1690778732299805,-2.5860116481781006,3.1630473136901855,-4.233545303344727,-11.422236442565918,0.10644275695085526,8.97519588470459,-1.8624331951141357,2.503969669342041,-0.74437415599823,0.5693498849868774,3.891125440597534,-0.4133816361427307,1.6511781215667725,-0.587161660194397,-1.38168203830719
62,0.8354573249816895,2.2159035205841064,0.16026857495307922,-0.8711185455322266,-0.8294961452484131,0.29556360840797424,-0.9909205436706543,1.4645323753356934,0.6287643909454346,-1.8420666456222534,2.408193826675415,0.2507750689983368,0.7341190576553345,0.16802111268043518,-1.433487057685852,0.5190097689628601,0.3317996561527252,-1.2048383951187134,3.1810977458953857,-2.1701500415802,-4.1120452880859375,-1.2766376733779907,-1.0444715023040771,-2.913944959640503,-1.1889636516571045,0.9876861572265625,0.45992547273635864,0.04418747127056122,0.06733052432537079,-0.04052337631583214,1.6757737398147583,-1.5755525827407837,-2.9696946144104004,2.1313202381134033,-0.558952271938324,-4.748130798339844,-0.5747453570365906,-1.969975233078003,-6.444904804229736,-2.6078073978424072,0.1342563033103943,3.963547945022583,-1.3405096530914307,-2.2400999069213867,0.052837714552879333,-4.881288528442383,-9.945037841796875,-3.503258228302002,-2.8039472103118896,3.251248598098755,-4.418039321899414,-9.450037002563477,0.7214579582214355,8.625255584716797,-1.4701653718948364,2.5114409923553467,-0.7943195700645447,-0.7098941802978516,3.4679908752441406,-3.063145399093628,1.6839133501052856,-0.5512586832046509,-1.3565794229507446
63,0.6471402645111084,1.950819969177246,0.13349872827529907,-0.8672046065330505,-0.9418507218360901,0.27857887744903564,-1.0663663148880005,1.4891273975372314,0.6133998036384583,-1.8474677801132202,2.5363268852233887,0.2173927128314972,0.46804094314575195,0.18536391854286194,-1.4526853561401367,0.49668529629707336,0.36638346314430237,-1.2360916137695312,3.270052194595337,-2.2492194175720215,-4.2575297355651855,-1.2058709859848022,-1.004792332649231,-2.9315147399902344,-1.1787102222442627,1.108022928237915,0.424621045589447,0.044652167707681656,0.06717345863580704,-0.039271414279937744,1.661155343055725,-1.6150329113006592,-3.130430221557617,2.1150600910186768,-0.5783230662345886,-4.843446731567383,-0.5399313569068909,-1.8485721349716187,-6.490209102630615,-4.548177719116211,0.5966745615005493,4.6660356521606445,-1.3481484651565552,-2.2353336811065674,0.10085523128509521,-4.486674785614014,-9.41120433807373,-3.050476551055908,-2.6437532901763916,3.1290342807769775,-4.148458957672119,-11.404924392700195,0.19790810346603394,8.733171463012695,-1.7078931331634521,2.4539616107940674,-0.8394873142242432,-0.29458707571029663,4.786129474639893,-2.947451114654541,1.7851378917694092,-0.525275468826294,-1.3869233131408691
64,0.33835917711257935,1.109652042388916,0.18942812085151672,-0.866766095161438,0.9761840105056763,3.149829149246216,-0.8866344690322876,1.4541149139404297,0.6843883991241455,-1.4725980758666992,2.498044967651367,0.24972118437290192,0.1637895107269287,0.8243616223335266,-0.964248538017273,0.5440151691436768,0.3166256844997406,-1.075689673423767,2.820568084716797,-1.7479326725006104,-4.151904582977295,-1.2636913061141968,-0.9094682931900024,-2.9891610145568848,-1.189629316329956,1.1260648965835571,0.5003025531768799,0.051917482167482376,0.06634168326854706,-0.03533853590488434,1.4392119646072388,-1.1753381490707397,-3.3200302124023438,0.9038684368133545,0.1863090991973877,-4.549344539642334,-0.4187506139278412,-1.5532853603363037,-6.270298004150391,-4.222927570343018,0.6144392490386963,4.661763668060303,-0.9676881432533264,-2.3428728580474854,0.05985572934150696,-4.317818641662598,-9.735089302062988,-2.7380216121673584,-2.9925999641418457,2.810911178588867,-3.464995861053467,-9.180728912353516,0.3226647675037384,9.277939796447754,-2.1463069915771484,2.090693950653076,-1.1758540868759155,-1.4160246849060059,2.967343330383301,-3.359896421432495,-0.7639926671981812,3.1599106788635254,0.256822407245636
65,0.4761431813240051,1.4717541933059692,-0.42560458183288574,0.7913053631782532,0.46562910079956055,0.5191816091537476,-0.14888353645801544,0.4642918109893799,0.7648847103118896,-4.880958080291748,1.1841007471084595,-2.470144271850586,0.6396099328994751,0.9883830547332764,-0.5829002857208252,0.2612171769142151,-0.8054141402244568,-6.3416218757629395,1.6073533296585083,-0.4669892191886902,-2.741863250732422,0.6840702295303345,-0.8407248854637146,-4.114736080169678,-0.4106982946395874,0.5735177993774414,-0.152128204703331,0.07706030458211899,0.09350574016571045,-0.03097757138311863,1.6966723203659058,-1.1765307188034058,-3.916443347930908,0.5163146257400513,0.6011061072349548,-0.9527338147163391,-1.1724416017532349,-1.0586894750595093,-4.830654144287109,-3.4442336559295654,0.7515413761138916,4.507987976074219,-0.4896295964717865,0.44157564640045166,-0.3128969371318817,-2.482225179672241,-2.4636118412017822,-3.510286808013916,-3.931816339492798,3.961651563644409,-4.901398658752441,-0.39954763650894165,-0.13770601153373718,1.2535033226013184,-1.9430400133132935,2.0723891258239746,-1.6967434883117676,1.0751837491989136,2.3859128952026367,-2.4613888263702393,2.435939311981201,-0.7258408069610596,-2.2274603843688965
66,7.899929523468018,0.8038765788078308,-2.148906707763672,0.7142149806022644,1.5850894451141357,1.184302568435669,0.0808718353509903,0.7165119051933289,0.8007736206054688,-4.123353481292725,3.300671339035034,-1.9363781213760376,-4.2921857833862305,2.1913042068481445,-4.2620697021484375,2.570474624633789,-1.7787789106369019,-1.26766037940979,1.069559931755066,-2.4439280033111572,-4.533599376678467,0.7707372903823853,-1.4472930431365967,-3.6905324459075928,-0.8653697967529297,0.703352689743042,-0.3234553635120392,0.0030176301952451468,0.14413712918758392,-0.01432030089199543,1.9963642358779907,-1.2879258394241333,-3.5093884468078613,0.8836870193481445,0.7849357724189758,-0.8545976281166077,-1.2361485958099365,-1.074142575263977,-4.776149272918701,-3.5377931594848633,0.7878822088241577,4.7671709060668945,-0.13261665403842926,0.1941920667886734,-0.06642262637615204,-1.9313666820526123,-1.7466622591018677,-3.1123476028442383,-4.3290300369262695,4.617039203643799,-5.2584357261657715,-0.9551906585693359,0.8376652002334595,0.07211495190858841,-1.0316685438156128,3.0247082710266113,-0.9885856509208679,0.5859965085983276,3.0026869773864746,-3.1816232204437256,-1.730431079864502,3.9226930141448975,0.33548063039779663
67,1.6524983644485474,3.916015148162842,0.04312467575073242,-8.713671684265137,1.1412705183029175,8.716448783874512,-0.3694268465042114,1.0194547176361084,1.370412826538086,-2.02447509765625,2.7604072093963623,0.5843620300292969,-0.18289831280708313,1.1666227579116821,-1.3178080320358276,1.5705246925354004,0.3271823227405548,-2.2085471153259277,4.5334367752075195,-1.6659700870513916,-5.00324010848999,-0.12589894235134125,-1.0638231039047241,-4.291256427764893,-2.0725831985473633,-1.2653661966323853,-8.801307678222656,-0.033704306930303574,0.06977158039808273,-0.0988631621003151,-4.220469951629639,1.2935549020767212,0.44367432594299316,0.8494014143943787,-0.5637066960334778,-4.583789348602295,0.053647324442863464,-1.5540169477462769,-6.280608177185059,0.6130573153495789,0.7963333129882812,-0.3577478528022766,0.41850176453590393,-1.1007591485977173,-0.0005111843347549438,-5.294295310974121,-8.787615776062012,-6.347292423248291,-1.632594347000122,4.347689151763916,-6.4059295654296875,1.2787221670150757,1.711351752281189,-0.30258768796920776,1.0176388025283813,3.370542526245117,0.9463129639625549,0.4956323802471161,3.263288736343384,-3.129141092300415,0.07826059311628342,1.1989679336547852,-0.2081197053194046
68,-0.11314048618078232,1.9177186489105225,1.740281581878662,0.5370581150054932,-0.9058465957641602,4.533697605133057,-1.3556900024414062,1.2193753719329834,2.04594087600708,-2.248154878616333,0.8250206708908081,-0.02318267524242401,-3.017169713973999,0.8085900545120239,-2.6537561416625977,0.32927262783050537,0.12188371270895004,-0.8637351989746094,1.6235274076461792,-0.3543473780155182,-1.9740570783615112,-0.6438390016555786,1.7167786359786987,-0.6019800901412964,-0.910346269607544,1.0765421390533447,0.5705894827842712,0.0009688251302577555,0.03493408486247063,-0.07901397347450256,1.0386346578598022,-2.183046579360962,-1.458573818206787,-0.42394644021987915,-0.4333856701850891,-2.748706579208374,-2.496471881866455,-2.0723717212677,-7.993853569030762,-3.5461361408233643,0.41613566875457764,4.46180534362793,0.012457127682864666,-1.1843538284301758,-0.3989221155643463,-5.961629390716553,-8.221378326416016,-3.1634833812713623,-2.2466166019439697,0.501771092414856,-3.419412136077881,-2.2270236015319824,0.545335590839386,1.285779356956482,-0.610668420791626,1.588212251663208,-0.979542076587677,-0.3641785979270935,2.0513970851898193,-0.23246267437934875,-1.6579324007034302,3.195065975189209,-1.041965126991272
69,-0.7913772463798523,0.6019460558891296,0.6219967603683472,0.5670823454856873,-0.9356696009635925,5.094031810760498,-2.2811262607574463,0.9138811230659485,1.5210371017456055,-2.344464063644409,0.9907527565956116,-0.25500571727752686,-2.528444528579712,-0.045905135571956635,-3.769355535507202,-0.0694810077548027,0.04552020877599716,-5.2169623374938965,1.8101105690002441,-0.48479756712913513,-2.5119173526763916,0.28039854764938354,-0.6945168375968933,-3.960314989089966,-0.7384069561958313,1.190556526184082,0.6672418117523193,0.026201823726296425,0.07156278192996979,-0.0010041294153779745,1.0217593908309937,-2.429295063018799,-1.609047293663025,-0.3913630247116089,-0.3884330987930298,-2.9453771114349365,-2.645672082901001,-1.9473066329956055,-8.05514907836914,0.9881439805030823,0.3074491024017334,-0.450839638710022,-0.055336665362119675,-1.1500749588012695,-0.5142602920532227,-4.151055812835693,-7.827674388885498,-3.754746675491333,-1.8302220106124878,-0.5233393311500549,-3.1931252479553223,-2.466952323913574,0.6134932041168213,0.8485226035118103,-0.8608800768852234,1.5565266609191895,-1.0443705320358276,-0.21898633241653442,2.068253755569458,0.062105871737003326,-0.5547277927398682,-0.8306891918182373,-1.9678921699523926
70,-0.5577086210250854,0.9825987219810486,1.395881175994873,1.1374220848083496,-0.6009266376495361,5.665230751037598,0.1188097670674324,2.4157748222351074,1.3281903266906738,-2.2332935333251953,0.9175177216529846,-0.02739037573337555,-2.796917676925659,-1.266249418258667,-4.165359020233154,1.1345736980438232,0.2748313546180725,-0.9222583770751953,3.184783697128296,-1.4930394887924194,-2.043325185775757,-0.9269335269927979,0.6310028433799744,-1.8068628311157227,-2.9150919914245605,-0.14678955078125,-4.885542392730713,0.08201418817043304,0.07150350511074066,-0.003928197547793388,0.9556722640991211,-2.019700765609741,-3.3592629432678223,2.4304862022399902,-1.3236199617385864,-4.147072792053223,0.32431524991989136,-1.9217439889907837,-6.063266277313232,-2.9180989265441895,0.3754045367240906,3.993318796157837,-0.6927437782287598,-2.2822835445404053,0.45304617285728455,-4.09028959274292,-7.246158599853516,-4.914045333862305,-2.234551429748535,-0.33421242237091064,-3.2711381912231445,-2.6768300533294678,0.4633326530456543,1.777701497077942,0.49821287393569946,1.6984176635742188,0.2853447198867798,-0.4227086305618286,2.080923557281494,-0.13376018404960632,0.03105292096734047,-0.6156634092330933,-2.5067365169525146
71,-0.325785368680954,1.4535185098648071,1.5494835376739502,0.8088647127151489,-1.3302689790725708,4.958542346954346,0.10954996943473816,2.782808303833008,1.2304402589797974,-3.5018579959869385,2.0051591396331787,-1.7014247179031372,-2.396500825881958,-1.2527518272399902,-3.1436333656311035,0.4897063076496124,-0.5528404712677002,-6.206757068634033,2.867671489715576,-1.377449870109558,-2.204634428024292,-0.9212528467178345,1.7789394855499268,-0.4777637720108032,-3.1047794818878174,-0.17190958559513092,-4.997532844543457,0.07774756848812103,0.07642050087451935,0.00927799567580223,0.8483532071113586,-1.8939321041107178,-3.5287888050079346,1.011871576309204,0.49504953622817993,-0.8710004091262817,0.16732561588287354,-1.6593430042266846,-6.367483139038086,-3.2313969135284424,0.19390371441841125,4.119943141937256,-0.5318632125854492,-1.8713300228118896,0.7198450565338135,-8.835488319396973,-12.550514221191406,-3.955113172531128,-2.239644765853882,0.006465360522270203,-3.145803213119507,-2.43542218208313,0.5882227420806885,1.5454314947128296,0.7844889163970947,1.7874150276184082,0.29027819633483887,-0.2740880250930786,2.2207798957824707,-0.08947425335645676,-0.002472903113812208,-0.7920858860015869,-2.6323862075805664
72,-1.3477156162261963,-0.4828338623046875,0.7835995554924011,0.7315897941589355,-1.6592693328857422,4.721742630004883,0.09306412190198898,2.3726677894592285,1.1765862703323364,-3.216905117034912,1.8593418598175049,-1.381949782371521,-2.297473907470703,-0.5080380439758301,-3.3602192401885986,1.1000497341156006,0.10779931396245956,-1.1045351028442383,2.771012544631958,-1.4368401765823364,-2.3722152709960938,-0.7205906510353088,1.8071705102920532,-0.5860276222229004,-0.13080589473247528,0.3184925615787506,0.0578019917011261,0.08563145250082016,0.07173016667366028,0.013186931610107422,0.8531754016876221,-1.0726759433746338,-3.307732343673706,0.744533896446228,0.47080081701278687,-0.9466097950935364,0.19633346796035767,-1.7853955030441284,-6.07542085647583,-3.7824900150299072,0.18361206352710724,3.7557506561279297,-0.4318861961364746,-2.0323140621185303,0.48366615176200867,-5.229805946350098,-9.733510971069336,-4.231686115264893,-2.2596936225891113,0.12470729649066925,-3.252239465713501,-11.782501220703125,-0.45082274079322815,11.210583686828613,0.4149641692638397,1.7873457670211792,0.32682496309280396,-0.47510483860969543,2.252444267272949,-0.21543149650096893,-0.5706493258476257,1.8027654886245728,0.025831453502178192
73,-1.4600602388381958,-0.3365682065486908,0.8546863794326782,1.031519889831543,-1.6283830404281616,4.847184181213379,0.04462040215730667,2.1174416542053223,1.1787993907928467,-3.519446611404419,2.2036983966827393,-1.4426120519638062,-1.9337137937545776,1.7610876560211182,0.14175797998905182,1.0759828090667725,0.12162429839372635,-1.0380239486694336,2.819385051727295,-1.4087975025177002,-2.3460826873779297,-0.6945497989654541,1.6763708591461182,-0.5436442494392395,-3.434718370437622,0.010889117605984211,-4.293968677520752,0.08237301558256149,0.07139687240123749,8.526653982698917e-05,0.8365445733070374,-0.9632786512374878,-3.2149200439453125,0.8470150232315063,0.5294342637062073,-0.8487341403961182,0.5371646881103516,-1.7373942136764526,-5.975360870361328,-3.581749439239502,0.24768345057964325,3.5238826274871826,-0.20221365988254547,-1.8325426578521729,0.48481449484825134,-5.3898186683654785,-8.69310474395752,-4.3899149894714355,-2.267589569091797,0.14009161293506622,-3.459451675415039,-11.634003639221191,-0.5447920560836792,10.735100746154785,-2.5581541061401367,2.2426648139953613,-0.7654967904090881,-0.46884581446647644,2.201195001602173,-0.35719794034957886,0.2558234930038452,-0.61231529712677,-2.500572443008423
74,-1.5360833406448364,-0.34345701336860657,0.960076093673706,0.8813856244087219,-1.715803623199463,4.938011646270752,0.04094243049621582,2.19124174118042,1.217858076095581,-1.130378007888794,1.1096032857894897,0.11240356415510178,-1.888533353805542,1.8195539712905884,0.10651049017906189,1.0832462310791016,0.09916948527097702,-1.083424687385559,2.744692087173462,-1.4053161144256592,-2.3842852115631104,-0.6366625428199768,1.7590981721878052,-0.5706488490104675,-3.289281129837036,-0.06742981821298599,-4.069355010986328,0.08177060633897781,0.07023225724697113,-0.0007714459206908941,0.7327241897583008,-0.8624424338340759,-3.151376724243164,0.8766924738883972,0.441880464553833,-0.9204643964767456,0.5207638740539551,-1.732366919517517,-6.007920742034912,-3.6830477714538574,0.2201770544052124,3.4969234466552734,-0.33018654584884644,-1.8809860944747925,0.535619854927063,-5.255163192749023,-9.614004135131836,-4.032137870788574,-2.2871925830841064,0.05031187832355499,-3.406097412109375,-8.19080638885498,-0.20783236622810364,7.606222152709961,0.3495204448699951,1.696735143661499,0.15509729087352753,-0.47223374247550964,2.170729875564575,-0.38684624433517456,0.23173798620700836,-0.656521201133728,-2.5665667057037354
75,-1.4542073011398315,-0.3612525165081024,0.8587620258331299,0.8501346111297607,-1.680640697479248,4.821783542633057,0.014880597591400146,2.1816158294677734,1.1404668092727661,-1.1525514125823975,1.11613929271698,0.14176103472709656,-1.90900456905365,1.8503689765930176,0.19835448265075684,1.0462875366210938,0.11833842843770981,-1.0336633920669556,2.714128255844116,-1.3566657304763794,-2.3031952381134033,-1.3226815462112427,-0.15626896917819977,-1.8039109706878662,-0.14754821360111237,0.36982598900794983,0.06468033790588379,0.08015184849500656,0.0714503675699234,0.003827739739790559,0.6843958497047424,-0.8520649671554565,-3.280824661254883,0.8632111549377441,0.5441012978553772,-0.9088141322135925,0.5487568378448486,-1.8635835647583008,-6.098970413208008,-3.666370153427124,0.2013120949268341,3.563385248184204,-0.36105266213417053,-1.9337648153305054,0.5119000673294067,-5.379484176635742,-9.341444969177246,-4.355307579040527,-2.221475601196289,0.13606883585453033,-3.3267128467559814,-11.09125804901123,-0.5466908812522888,10.501585006713867,0.28386834263801575,1.7445781230926514,0.2812546491622925,-0.5578709244728088,2.2392170429229736,-0.2995028495788574,0.11187946051359177,-0.62673020362854,-2.653003454208374
76,-0.21255621314048767,1.2622554302215576,1.8259764909744263,0.8141255974769592,-1.5210237503051758,4.761683464050293,0.24164709448814392,2.5935022830963135,1.172006607055664,-3.217928409576416,1.800312876701355,-1.2295929193496704,-1.972272515296936,-0.2714419662952423,-2.0169787406921387,1.0842140913009644,0.13143059611320496,-1.0479881763458252,2.760885715484619,-1.2686951160430908,-2.2300796508789062,-0.8449217677116394,1.8712917566299438,-0.5575124621391296,-3.3137266635894775,0.1824912577867508,-3.9145264625549316,0.08963847905397415,0.08053143322467804,-0.018812524154782295,0.8604082465171814,-1.4451708793640137,-3.248481035232544,0.7787706851959229,0.5196716785430908,-0.8785021305084229,-0.2521422207355499,-1.4326891899108887,-6.325056552886963,-3.7293589115142822,0.058050453662872314,3.673363208770752,-0.38624393939971924,-1.961124300956726,0.5240516662597656,-4.706048965454102,-7.841548442840576,-5.135707855224609,-2.238527297973633,-0.0009362399578094482,-3.128969430923462,-11.80347728729248,-0.6590262651443481,11.299236297607422,0.6334468722343445,1.7981433868408203,0.32548797130584717,-0.39246997237205505,2.245626926422119,-0.10578885674476624,0.39510583877563477,-0.7122251987457275,-2.5907254219055176
77,-0.19783347845077515,1.436572790145874,1.7969160079956055,0.7246023416519165,-1.6675697565078735,4.744369029998779,0.3071974217891693,2.590883255004883,1.0976918935775757,-2.302004098892212,0.884705662727356,0.07955631613731384,-2.0546343326568604,-0.26714399456977844,-1.8840380907058716,0.6773897409439087,-0.559222400188446,-6.02961540222168,2.933109998703003,-1.3953768014907837,-2.2943239212036133,-1.5845311880111694,-0.32697442173957825,-2.0559756755828857,-3.2971177101135254,0.17664526402950287,-3.8693768978118896,0.08460444211959839,0.07959247380495071,-0.02203867770731449,0.7317889332771301,-2.1372177600860596,-1.8934440612792969,0.786616861820221,0.5092657208442688,-0.8645207285881042,-0.15162068605422974,-1.5343475341796875,-6.308383464813232,-3.719115972518921,0.11230924725532532,3.6265666484832764,-0.5290504097938538,-1.9404312372207642,0.6780462265014648,-7.3210649490356445,-12.172706604003906,-4.056087970733643,-2.217564582824707,-0.10393667221069336,-3.2184648513793945,-2.47107195854187,0.5855571627616882,1.3535866737365723,-0.3351050019264221,1.7840877771377563,-1.1381391286849976,-0.35957956314086914,2.2529749870300293,-0.059353191405534744,-0.5278699398040771,1.9234622716903687,0.057576991617679596
78,-0.1961159110069275,1.4506608247756958,1.8103923797607422,0.8136815428733826,-1.6150438785552979,4.633103847503662,0.3159751892089844,2.719954013824463,1.1207630634307861,-3.284316301345825,1.7611407041549683,-1.2795896530151367,-1.6241836547851562,-1.1583174467086792,-3.502657413482666,0.5928889513015747,-0.5200853943824768,-6.009296417236328,2.850144863128662,-1.3203679323196411,-2.270207643508911,-0.8639717102050781,1.911670207977295,-0.6181278228759766,-3.318023204803467,0.18342749774456024,-3.857736825942993,0.08460864424705505,0.0795631855726242,-0.023750482127070427,0.8061715960502625,-1.7366448640823364,-3.176457643508911,2.111829996109009,-1.4741069078445435,-3.948045492172241,-0.1726365089416504,-1.489545464515686,-6.294543743133545,-3.583714246749878,0.0955529659986496,3.545058488845825,-0.5319015383720398,-1.8992338180541992,0.7046303749084473,-5.191964626312256,-7.931423664093018,-5.68889045715332,-2.1676878929138184,-0.04660184681415558,-3.1024351119995117,-2.358344793319702,0.6026873588562012,1.242419719696045,-0.25765466690063477,1.6825610399246216,-1.1531612873077393,-0.28837820887565613,2.2998852729797363,-0.037465691566467285,0.5123816728591919,-0.6592856645584106,-2.6125948429107666
79,-3.043628692626953,-0.40784546732902527,0.1514347493648529,0.6430070996284485,-1.500947117805481,4.617023468017578,0.12111546844244003,2.8988044261932373,1.1980998516082764,-2.3270161151885986,0.8812739849090576,0.1473720371723175,-1.9834645986557007,-1.0968822240829468,-3.1375033855438232,0.2643704116344452,-0.43760958313941956,-5.850340843200684,2.821002721786499,-1.3122246265411377,-2.136991024017334,-1.79444420337677,-0.194088414311409,-2.1176366806030273,-2.973579168319702,0.040069159120321274,-5.2745256423950195,0.07429300993680954,0.0669037252664566,-0.016798395663499832,0.8251404762268066,-2.338056802749634,-2.1329777240753174,0.9470489025115967,0.36031946539878845,-0.9902114272117615,-0.1506340205669403,-1.708277940750122,-6.41703987121582,-3.5035078525543213,0.26869308948516846,3.7177436351776123,-1.034986138343811,-1.8123449087142944,0.7988017797470093,-6.319632053375244,-8.741256713867188,-5.426077365875244,-2.1805989742279053,-0.01770748198032379,-3.3944942951202393,0.5253248810768127,0.3684441149234772,0.07238472998142242,0.8033447265625,1.6958644390106201,0.48273909091949463,-0.31796613335609436,2.1870615482330322,0.10257981717586517,-0.9789353609085083,2.3611490726470947,0.331207275390625
80,-3.282546043395996,-0.35407567024230957,0.29412001371383667,0.5643752217292786,-1.501370906829834,4.767752647399902,-0.0038179755210876465,3.091387987136841,1.3615189790725708,-3.5448670387268066,1.3605748414993286,-1.0393072366714478,-2.236449718475342,-1.1407204866409302,-3.1740853786468506,0.8816887736320496,0.2589349150657654,-1.040650725364685,2.5747437477111816,-1.110190510749817,-2.009188175201416,-1.9441226720809937,-0.05652555078268051,-1.9981915950775146,-0.3852553963661194,1.0965209007263184,0.698972225189209,0.08751282095909119,0.0658508837223053,0.009004410356283188,0.8727757930755615,-2.222184896469116,-2.0379281044006348,-0.5189928412437439,-0.0685882419347763,-2.7433199882507324,-0.12104033678770065,-1.7042511701583862,-6.4054388999938965,0.8818684816360474,0.21102790534496307,-0.421840101480484,-0.7767887115478516,-2.1259193420410156,0.6259772777557373,-5.587602615356445,-8.219664573669434,-5.69054651260376,-1.9506678581237793,-0.5684971213340759,-3.310654640197754,1.6010035276412964,0.6057916879653931,-0.22732050716876984,0.9968573451042175,1.6248348951339722,0.553356409072876,-0.1803765743970871,2.0438215732574463,0.26432371139526367,-0.22390973567962646,-0.6541690826416016,-2.2872231006622314
81,-3.308121681213379,-0.32799625396728516,0.0976639986038208,0.5686283111572266,-1.5021085739135742,4.669373035430908,-0.07201138138771057,3.2368783950805664,1.5698710680007935,-3.510922908782959,1.3610020875930786,-1.0240023136138916,-2.2238729000091553,-0.9431371092796326,-3.2927520275115967,0.9112086296081543,0.24512776732444763,-1.0856013298034668,2.553281545639038,-1.136913776397705,-2.114173173904419,-1.8456655740737915,-0.06577230989933014,-2.1034741401672363,-0.505639374256134,1.153173565864563,0.714067816734314,0.08361221104860306,0.06453491747379303,0.005995903164148331,0.901843249797821,-2.3144357204437256,-1.9358932971954346,-0.3836175799369812,-0.09225399792194366,-2.8376200199127197,0.011948443949222565,-1.7133861780166626,-6.451252460479736,0.9239757657051086,0.2424745261669159,-0.4282231330871582,-0.7805607914924622,-2.2583115100860596,0.658932089805603,-4.687640190124512,-7.331596374511719,-6.167871952056885,-1.9109458923339844,-0.8552806377410889,-3.29723858833313,1.6611402034759521,0.664580225944519,-0.24790742993354797,1.005948543548584,1.6341763734817505,0.49743902683258057,-0.16002728044986725,2.05366587638855,0.23398016393184662,-0.3272290825843811,2.3762269020080566,-0.3519110083580017
82,-3.2705090045928955,-0.3214510977268219,0.007346034049987793,0.5083837509155273,-1.5108758211135864,4.6075439453125,-0.03446944057941437,3.231778860092163,1.60702383518219,-3.597322940826416,1.348738431930542,-1.0895758867263794,-2.2133378982543945,-0.8789327144622803,-3.17238450050354,0.9500538110733032,0.3371286690235138,-1.0400677919387817,2.691361427307129,-1.1617770195007324,-2.0499861240386963,-1.8622628450393677,-0.061920054256916046,-2.082921028137207,-0.5237311720848083,1.1379472017288208,0.6956276893615723,0.08075787127017975,0.06052696332335472,-0.004082063212990761,-3.5207929611206055,1.5186983346939087,1.1557389497756958,0.8368730545043945,0.2646462321281433,-0.9311127662658691,-0.08488502353429794,-1.7002763748168945,-6.42076301574707,0.9919162392616272,0.27788662910461426,-0.47200360894203186,-0.7681910395622253,-2.3207385540008545,0.6527227163314819,-4.922402858734131,-7.348855495452881,-6.146183967590332,-1.9028834104537964,-0.8210325837135315,-3.3102450370788574,-3.287074089050293,0.3214484751224518,1.8721493482589722,0.9696958065032959,1.6287528276443481,0.43811118602752686,-0.1978156417608261,2.079878807067871,0.16765128076076508,-0.4167620539665222,2.411970853805542,-0.43092867732048035
83,-0.6428511738777161,-0.20295818150043488,0.9282189607620239,0.5441028475761414,-1.5657966136932373,4.708416938781738,-0.04855717718601227,3.0829524993896484,1.673431634902954,-3.36177396774292,1.3281066417694092,-0.9868252277374268,-2.1966116428375244,-0.8960549235343933,-3.205989360809326,0.7741470336914062,0.3299520015716553,-0.9428820610046387,2.558398485183716,-0.882968008518219,-1.8168566226959229,-1.8445161581039429,-0.07277354598045349,-2.0510294437408447,-2.94453501701355,-0.08402378857135773,-4.155369758605957,0.0794711709022522,0.06501071155071259,-0.0022032593842595816,-3.5199546813964844,1.5581791400909424,1.0842273235321045,0.9162389039993286,0.3081299662590027,-0.9745376110076904,-0.18561935424804688,-1.701553225517273,-6.5085673332214355,-3.2122459411621094,0.1581646054983139,3.6863696575164795,0.05037437751889229,-0.961652398109436,-0.750182032585144,-4.069445610046387,-6.508513927459717,-6.926122665405273,-1.9371683597564697,-0.7846798300743103,-3.1943416595458984,-9.514599800109863,-0.37162265181541443,8.933388710021973,0.8521711230278015,1.6018751859664917,0.39782047271728516,-0.2569396495819092,2.0137293338775635,0.12741519510746002,-0.6021873354911804,1.6216120719909668,0.2686763405799866
84,-3.4074413776397705,-0.38144975900650024,0.3596521019935608,0.5526654124259949,-1.6815630197525024,4.723134994506836,-0.006009772419929504,3.175954818725586,1.593538522720337,-3.3212485313415527,1.3749358654022217,-0.901957631111145,-2.002753734588623,-0.8834604620933533,-3.563668727874756,0.7589024305343628,0.32425734400749207,-0.9469044208526611,2.5021982192993164,-0.8146242499351501,-1.7651838064193726,-1.9537519216537476,-0.07365880161523819,-2.0300381183624268,-2.7060115337371826,-0.05267610773444176,-3.989866018295288,0.07842167466878891,0.06110844016075134,-0.009242832660675049,-3.6377108097076416,1.638163685798645,1.2991442680358887,0.9578099846839905,0.3874824047088623,-0.9108269214630127,-0.2021864950656891,-1.657330870628357,-6.597331523895264,-3.184065341949463,0.21752789616584778,3.6486246585845947,0.06835168600082397,-0.9382302761077881,-0.7857397794723511,-3.9535906314849854,-6.531295299530029,-6.764772415161133,-1.8789026737213135,-0.7385379672050476,-3.1693670749664307,-3.0290300846099854,0.43368181586265564,1.4862470626831055,0.9155734777450562,1.6024796962738037,0.39747971296310425,-0.2375505417585373,2.016078472137451,0.14868150651454926,-0.17970329523086548,-0.6677979230880737,-2.5638060569763184
85,-3.3114330768585205,-0.5832716226577759,0.13933870196342468,0.6936948895454407,-1.4248661994934082,4.892848968505859,0.03769692778587341,3.180629014968872,1.4717092514038086,-3.4088094234466553,1.4482375383377075,-1.0162478685379028,-2.6181628704071045,0.10775957256555557,-3.022127151489258,0.7633042335510254,0.24999380111694336,-0.9710570573806763,2.438530683517456,-0.8684729337692261,-1.8644174337387085,-2.0059096813201904,-0.13402317464351654,-2.033827781677246,-2.902576446533203,-0.09533943980932236,-4.3594136238098145,0.07854747772216797,0.056978609412908554,-0.011515514925122261,2.063481092453003,-1.657814621925354,-2.321338653564453,2.047407388687134,-1.257555603981018,-3.868900775909424,0.07936424762010574,-1.685193657875061,-6.552649021148682,-3.1145219802856445,0.2142724245786667,3.630523443222046,-0.6912305355072021,-2.349123954772949,0.7443125247955322,-4.161993980407715,-6.781923770904541,-7.045312881469727,-1.8428394794464111,-0.5546370148658752,-3.122457504272461,-2.9688196182250977,0.386318176984787,1.6517940759658813,0.8568748831748962,1.6540546417236328,0.49091267585754395,-0.30644920468330383,2.0867063999176025,0.19630758464336395,-1.8980191946029663,1.542407512664795,-0.4472970962524414
86,-3.3376553058624268,-0.4780608117580414,0.07550394535064697,0.6114822626113892,-1.5877732038497925,4.733844757080078,-0.03658415377140045,3.2145917415618896,1.5361981391906738,-3.477369546890259,1.4629859924316406,-1.015338659286499,-2.6343400478363037,0.17621669173240662,-3.078329563140869,0.800647497177124,0.22038951516151428,-0.9903196096420288,2.4482808113098145,-0.9292653799057007,-1.9426509141921997,-1.933993935585022,-0.10340184718370438,-2.070688486099243,-2.9683897495269775,3.1670026779174805,-3.0813114643096924,0.04932545870542526,0.07238420844078064,0.009190492331981659,2.0464975833892822,-1.6283327341079712,-2.3057563304901123,2.0385377407073975,-1.292094349861145,-3.8448779582977295,-0.11140836030244827,-1.597496747970581,-6.695596694946289,-3.191835880279541,0.22734513878822327,3.5602633953094482,-0.6489071846008301,-2.290342092514038,0.7381742000579834,-4.982956409454346,-7.443883895874023,-7.032156944274902,-1.7665300369262695,-0.5916046500205994,-3.140700340270996,-3.065342903137207,0.4016299545764923,1.7102820873260498,0.9057958126068115,1.6362136602401733,0.453843891620636,-0.2467283308506012,2.0568771362304688,0.17840923368930817,-0.0400022529065609,-0.7091751098632812,-2.7028744220733643
87,-3.414076328277588,-0.5749552249908447,0.08724057674407959,0.7081381678581238,-1.6074732542037964,4.7768235206604,0.002599284052848816,3.337092638015747,1.4898723363876343,-3.3636980056762695,1.4824597835540771,-1.003003478050232,-2.037224531173706,-0.15271368622779846,-3.1727218627929688,0.8834789991378784,0.20078825950622559,-1.040325403213501,2.5794270038604736,-1.1203763484954834,-2.1364004611968994,-1.2633049488067627,0.8052664399147034,-1.8268041610717773,-2.8871395587921143,3.270915985107422,-3.137742280960083,0.07962493598461151,0.054382581263780594,-0.018159469589591026,0.9072269797325134,-2.570443630218506,-1.8525842428207397,1.9931998252868652,-1.2250291109085083,-3.8623690605163574,-0.015939034521579742,-1.6271841526031494,-6.534457683563232,-3.038931131362915,0.2379806786775589,3.551342487335205,-0.03154629096388817,-0.8830218315124512,-0.8274924755096436,-8.099802017211914,-12.020882606506348,-4.2796125411987305,-1.86005699634552,-0.4770771265029907,-3.273339033126831,-3.1446661949157715,0.40633001923561096,1.9062108993530273,-0.3022850453853607,1.4457006454467773,-1.1455280780792236,-0.28420379757881165,2.2093005180358887,0.20141465961933136,-1.7961918115615845,1.572847843170166,-0.4199730455875397
88,-3.4684677124023438,-0.7006708979606628,-0.07513946294784546,0.5989654064178467,-1.467362403869629,4.8669843673706055,-1.6458083391189575,0.7366324067115784,1.5802358388900757,-3.271174192428589,1.495326042175293,-1.0317237377166748,-2.518123149871826,0.06285534054040909,-3.038980484008789,0.895447313785553,0.23131635785102844,-1.0326147079467773,2.643449068069458,-1.142160177230835,-2.142516613006592,-1.139107346534729,0.8214505910873413,-1.8527752161026,-2.774773597717285,3.518252372741699,-3.35569167137146,0.07724706828594208,0.05360914766788483,-0.017587678506970406,0.9318811297416687,-2.531248092651367,-1.8579336404800415,2.0021250247955322,-1.1424778699874878,-3.889338254928589,0.19405588507652283,-1.7145768404006958,-6.512668609619141,-2.9433770179748535,0.24177038669586182,3.584392786026001,-0.07586091011762619,-0.933353066444397,-0.8249197006225586,-4.416403770446777,-6.742154598236084,-7.010112762451172,-1.7842278480529785,-0.6081417798995972,-3.307559013366699,-3.1989145278930664,0.39271673560142517,1.9927375316619873,-0.3153388500213623,1.455169916152954,-1.1036286354064941,-0.18921072781085968,2.1721041202545166,0.24510057270526886,-1.8442848920822144,1.4918063879013062,-0.6271235346794128
89,-3.5894312858581543,-0.6353905200958252,0.018501698970794678,0.6591203212738037,-1.262366771697998,4.924283504486084,-1.7699154615402222,0.6953296065330505,1.4560579061508179,-2.5558924674987793,1.1137746572494507,0.28666773438453674,-2.24359393119812,-0.7142752408981323,-3.7100179195404053,0.9552738070487976,0.21653130650520325,-1.0328823328018188,1.4318078756332397,-0.47255995869636536,-2.4414238929748535,-1.128063678741455,0.8841898441314697,-1.8635872602462769,-2.677258014678955,-0.018698256462812424,-5.480792045593262,0.07962992787361145,0.05639417842030525,-0.018438048660755157,0.9258968234062195,-2.4613261222839355,-1.8039040565490723,2.054089069366455,-1.1966825723648071,-3.9171645641326904,0.4256972372531891,-1.9312635660171509,-6.639372825622559,-2.898922920227051,0.1890643984079361,3.7604522705078125,-0.1117304116487503,-0.9368797540664673,-0.8167543411254883,-3.619541645050049,-6.432366371154785,-6.241829872131348,-1.8382141590118408,-0.544127881526947,-3.2740604877471924,-3.241490602493286,0.35177165269851685,2.1368110179901123,-0.4119701087474823,1.5611920356750488,-1.1047431230545044,-0.2112472951412201,2.285560369491577,0.2568609118461609,-1.737394094467163,1.5367757081985474,-0.6446700692176819
90,-3.403447151184082,-0.5900587439537048,0.20716407895088196,0.6062272787094116,-1.3612691164016724,4.780995845794678,-1.750863790512085,0.7686858177185059,1.5405981540679932,-2.5967857837677,1.1437773704528809,0.3777904510498047,-2.5036990642547607,0.06394586712121964,-3.068990468978882,0.9059848785400391,0.24352893233299255,-1.0208789110183716,2.7351531982421875,-1.2009958028793335,-2.1697394847869873,-1.1814005374908447,0.8879530429840088,-1.844596028327942,-2.914184093475342,-0.030189797282218933,-4.371901988983154,0.08017069101333618,0.05757549777626991,-0.023070424795150757,0.9249243140220642,-2.4855360984802246,-1.8662656545639038,1.9819344282150269,-1.225912094116211,-3.9863126277923584,0.1871996521949768,-1.8066784143447876,-6.666110038757324,-3.011172294616699,0.18750335276126862,3.7241532802581787,-0.8731829524040222,-2.355998992919922,0.769768238067627,-4.071500778198242,-6.446060657501221,-6.7924323081970215,-1.8171000480651855,-0.4405248761177063,-3.292698621749878,-3.182187557220459,0.3931242823600769,1.9739398956298828,-0.36476078629493713,1.5025004148483276,-1.1634995937347412,-0.19358624517917633,2.267270088195801,0.21083848178386688,0.004803780931979418,-0.8113882541656494,-2.7932517528533936
91,-3.433887243270874,-0.6539959907531738,-0.011675834655761719,0.5355751514434814,-1.2759101390838623,4.8932318687438965,-1.7702773809432983,0.6934834718704224,1.449570894241333,-2.6476235389709473,1.1333147287368774,0.283819317817688,-2.6376307010650635,0.13692912459373474,-3.22225022315979,0.9402408003807068,0.223512202501297,-1.0775177478790283,1.4715936183929443,-0.6006799340248108,-2.563427209854126,-1.12954843044281,0.8606882095336914,-1.875954508781433,-2.6420645713806152,0.013718468137085438,-5.576996326446533,0.07789428532123566,0.06001751124858856,-0.02502472512423992,0.9295098781585693,-2.5287039279937744,-1.7921644449234009,2.0474956035614014,-1.1090819835662842,-4.022881984710693,0.4987806975841522,-1.9666602611541748,-6.666780948638916,-2.9405932426452637,0.15672174096107483,3.819566011428833,-0.06727436929941177,-0.9057468175888062,-0.8359695672988892,-3.858372211456299,-6.352951526641846,-6.724680423736572,-1.7415789365768433,-0.5791276693344116,-3.4023916721343994,-3.330573558807373,0.35615673661231995,2.1123619079589844,-0.4376112222671509,1.5879861116409302,-1.1998461484909058,-0.1621999442577362,2.273838996887207,0.18678687512874603,-1.7118321657180786,1.4974462985992432,-0.6439954042434692
92,-3.3708770275115967,-0.5625268816947937,0.03294634819030762,0.5550832152366638,-1.359333872795105,4.808287620544434,-1.759391188621521,0.7363067865371704,1.4826985597610474,-2.6557693481445312,1.186305284500122,0.34276705980300903,-2.6002588272094727,0.03309450298547745,-3.234056234359741,0.9155764579772949,0.2720193564891815,-0.970850944519043,1.543694257736206,-0.4924423098564148,-2.3682427406311035,-1.1822829246520996,0.8294267058372498,-1.8865646123886108,-2.683116912841797,0.07524477690458298,-5.591766834259033,0.052569739520549774,0.07723629474639893,0.015507681295275688,0.874401330947876,-2.4157841205596924,-1.8551459312438965,2.1092467308044434,-1.2626174688339233,-3.990043878555298,0.2933719754219055,-1.8079631328582764,-6.606478214263916,-2.9841489791870117,0.15045039355754852,3.7175393104553223,-0.8854962587356567,-2.3137881755828857,0.7465388774871826,-4.091324806213379,-6.6417341232299805,-6.687169075012207,-1.7892190217971802,-0.4656186103820801,-3.2943360805511475,-3.156071901321411,0.4043486714363098,2.0671794414520264,-0.3462713658809662,1.5351665019989014,-1.1258906126022339,-0.2609686255455017,2.3037846088409424,0.14190636575222015,-0.00322430906817317,-0.922020673751831,-2.859259605407715
93,-3.3527064323425293,-0.6257190108299255,0.022602379322052002,0.6170188784599304,-1.4359855651855469,4.915454387664795,-0.6235417723655701,1.3686641454696655,0.8731975555419922,-2.551051616668701,1.1022084951400757,0.3066229224205017,-2.1056511402130127,-0.8225122094154358,-3.526076555252075,0.9471626877784729,0.21097353100776672,-1.0327415466308594,1.3187930583953857,-0.5562582015991211,-2.434115171432495,-1.129031777381897,0.8753517270088196,-1.890000581741333,-3.0425658226013184,0.15910397469997406,-4.300195693969727,0.04584065079689026,0.07492708414793015,0.009637770242989063,0.8722150325775146,-2.410759210586548,-1.8770313262939453,2.0241947174072266,-1.2538071870803833,-3.991431951522827,0.042639873921871185,-1.5828301906585693,-6.513960361480713,-3.098036289215088,0.2385423332452774,3.6636312007904053,-0.8601585626602173,-2.2420809268951416,0.7487646341323853,-4.235920429229736,-6.687321186065674,-6.727489948272705,-1.822331428527832,-0.5221299529075623,-3.281092882156372,-3.2610740661621094,0.36665889620780945,2.058208465576172,-0.4248853027820587,1.5592985153198242,-1.1392357349395752,-0.20970222353935242,2.2861578464508057,0.2057163268327713,0.020642567425966263,-0.9015547037124634,-2.790794849395752
94,-3.3938915729522705,-0.6706997156143188,-0.016637742519378662,0.542268693447113,-1.2402465343475342,5.01292610168457,-1.755140781402588,0.6914470791816711,1.3967987298965454,-2.6253440380096436,1.1603995561599731,0.21691541373729706,-2.0682880878448486,-0.7904611825942993,-3.5525307655334473,1.0289530754089355,0.16449153423309326,-1.075760006904602,1.5317494869232178,-0.5436861515045166,-2.490054130554199,-1.0836724042892456,0.9124307632446289,-1.9343440532684326,-2.551841974258423,-0.0035503050312399864,-5.306064605712891,0.04663471505045891,0.0781187117099762,0.012801771983504295,0.9223623275756836,-2.5126216411590576,-1.7341606616973877,2.098973512649536,-1.1232051849365234,-4.037866592407227,0.3416195511817932,-1.7231309413909912,-6.618161678314209,-3.2116034030914307,0.1792747974395752,3.7184066772460938,-0.8909164667129517,-2.3103387355804443,0.7367769479751587,-3.5208840370178223,-6.337856292724609,-6.584615707397461,-1.676722764968872,-0.5739105939865112,-3.260190010070801,-3.215933084487915,0.3820449411869049,2.139970302581787,-0.45796412229537964,1.591208577156067,-1.0586469173431396,-0.22293347120285034,2.244718313217163,0.27604544162750244,-1.6549053192138672,1.3122131824493408,-0.8782577514648438
95,-3.6954030990600586,-0.8060863614082336,0.027068018913269043,0.43580618500709534,-1.2579610347747803,4.982060432434082,-1.8663465976715088,0.6327763795852661,1.3151301145553589,-2.6216790676116943,1.0865793228149414,0.11756012588739395,-2.387511968612671,-0.039588235318660736,-3.252519130706787,1.049483299255371,0.19768527150154114,-1.0792126655578613,1.8278082609176636,-0.5760872960090637,-2.5846593379974365,-1.1181265115737915,0.9420536756515503,-2.003931999206543,-2.685617685317993,0.01277643907815218,-5.407846450805664,0.07824071496725082,0.0574272982776165,-0.020776689052581787,0.921960711479187,-2.5147225856781006,-1.594696044921875,2.057281017303467,-1.0932813882827759,-4.08184814453125,0.5011554956436157,-1.6966726779937744,-6.564106464385986,-3.092271566390991,0.18554627895355225,3.7444956302642822,-0.9124828577041626,-2.2575254440307617,0.603235125541687,-3.508530855178833,-6.155473232269287,-6.800046443939209,-1.630771517753601,-0.7684007287025452,-3.493992567062378,-3.2974348068237305,0.43985021114349365,2.1319479942321777,-0.5725165605545044,1.7230173349380493,-1.0947673320770264,-0.2029464840888977,2.3143928050994873,0.2598222494125366,-1.6732850074768066,1.39268159866333,-0.7244381904602051
96,-3.606718063354492,-0.7331029176712036,-0.0782882571220398,0.497504323720932,-1.186062216758728,4.978688716888428,-1.854231357574463,0.6638566851615906,1.3595277070999146,-2.6594510078430176,1.1052712202072144,0.18119624257087708,-2.5232510566711426,-0.17164519429206848,-1.612877368927002,1.0352203845977783,0.20305466651916504,-1.1062350273132324,1.735106110572815,-0.5848510265350342,-2.530271053314209,-1.120896577835083,0.9378484487533569,-1.9953229427337646,-2.698528528213501,0.05903581902384758,-5.498802661895752,0.08056575059890747,0.06028471514582634,-0.016020318493247032,0.9176610112190247,-2.4720444679260254,-1.6225334405899048,2.174037218093872,-1.1985663175582886,-4.064640045166016,0.38335856795310974,-1.7062361240386963,-6.660063743591309,-3.13196063041687,0.1812182366847992,3.7762999534606934,-0.9491448998451233,-2.1823477745056152,0.6852719783782959,-3.4542758464813232,-6.242862224578857,-6.6107988357543945,-1.665851354598999,-0.775919497013092,-3.471888542175293,-3.3393611907958984,0.390732079744339,2.297208309173584,-0.482284814119339,1.712050199508667,-1.1269543170928955,-0.22258926928043365,2.316298723220825,0.3093065619468689,-1.6568101644515991,1.4360824823379517,-0.5665079951286316
97,-3.625138282775879,-0.6566237211227417,0.178625226020813,0.4198657274246216,-1.2474365234375,5.018524646759033,-1.7712188959121704,0.593200147151947,1.3396004438400269,-2.6445302963256836,1.133858323097229,0.1445762664079666,-2.5564143657684326,0.09402952343225479,-3.2184860706329346,0.997084379196167,0.1738477349281311,-1.08742356300354,1.8330156803131104,-0.6343503594398499,-2.5915157794952393,-1.019769310951233,0.7900052070617676,-1.9450407028198242,-2.4860010147094727,0.02373678609728813,-5.256220817565918,0.07825954258441925,0.05648867040872574,-0.020967591553926468,0.9174954891204834,-2.4731645584106445,-1.6394685506820679,2.169703722000122,-1.0587666034698486,-4.061980247497559,0.6127932071685791,-1.8500890731811523,-6.530189037322998,-2.8125367164611816,0.1680152714252472,3.6471385955810547,-0.04421178624033928,-0.829025387763977,-0.8320571184158325,-3.548772096633911,-6.509096622467041,-6.178212642669678,-1.6115875244140625,-0.7654309272766113,-3.389666795730591,-3.4435150623321533,0.37957197427749634,2.2754695415496826,-0.41663050651550293,1.687545895576477,-1.1681783199310303,-0.23369325697422028,2.182770252227783,0.23355232179164886,-1.6216970682144165,1.4260801076889038,-0.7331409454345703
98,-3.6431944370269775,-0.6721267104148865,-0.0274316668510437,0.47875842452049255,-1.155655026435852,4.828583717346191,-1.8833701610565186,0.7198198437690735,1.391273856163025,-2.644794225692749,1.088966965675354,0.1487051248550415,-2.423013210296631,-0.11788036674261093,-1.3887393474578857,1.0427297353744507,0.19965893030166626,-1.0971885919570923,1.7224997282028198,-0.5680134892463684,-2.6321866512298584,-1.1126179695129395,0.9763810634613037,-2.0138561725616455,-2.6020405292510986,-0.040038514882326126,-5.403567314147949,0.07881420850753784,0.056195586919784546,-0.02068270370364189,1.0103518962860107,-2.559612512588501,-1.5903956890106201,2.098769187927246,-0.9990601539611816,-4.096745491027832,0.634323239326477,-1.7951788902282715,-6.43130350112915,-2.905298948287964,0.2083568572998047,3.6182539463043213,-0.7616798281669617,-2.3420190811157227,0.5057321786880493,-3.490546941757202,-6.252730846405029,-6.347379684448242,-1.5852422714233398,-0.832474410533905,-3.423969030380249,-3.3149573802948,0.3982866406440735,2.262690782546997,-0.3936704993247986,1.5994898080825806,-1.0697938203811646,-0.09715146571397781,2.3719582557678223,0.2775307893753052,-1.751331090927124,1.352949857711792,-0.6672731637954712
99,-3.6363470554351807,-0.6464822292327881,-0.1572866439819336,0.49035802483558655,-1.1335371732711792,4.940447807312012,-1.810660719871521,0.6406288743019104,1.3521602153778076,-2.63883376121521,1.0753216743469238,0.09029966592788696,-2.552109479904175,0.07494101673364639,-1.2836089134216309,1.0657726526260376,0.14759334921836853,-1.1495572328567505,1.7730697393417358,-0.6075118184089661,-2.6098859310150146,-0.9953247308731079,0.8929764628410339,-1.966421365737915,-2.481604814529419,0.014213898219168186,-5.233911514282227,0.08087444305419922,0.06073664128780365,-0.013612974435091019,0.9603807330131531,-2.564685583114624,-1.7090699672698975,2.0327188968658447,-0.9947466850280762,-4.021476745605469,0.3444455862045288,-1.7572381496429443,-6.384096622467041,-3.224099636077881,0.18173176050186157,3.817178726196289,-0.07651028037071228,-0.9589563608169556,-0.7492967844009399,-3.734682321548462,-6.6728315353393555,-6.177120685577393,-1.594160795211792,-0.8977050185203552,-3.533444404602051,-3.4825727939605713,0.4532535970211029,2.224752426147461,-0.4278063476085663,1.6856578588485718,-1.1221081018447876,-0.09778665751218796,2.279160261154175,0.2065133899450302,-1.59852933883667,1.2664985656738281,-0.7935152053833008
100,-0.6112333536148071,1.7131476402282715,1.663342833518982,0.9376816749572754,-0.7109636068344116,4.905202388763428,-1.9885497093200684,0.8479384183883667,1.3683068752288818,-1.3385815620422363,1.1714990139007568,0.3711099624633789,-2.088958263397217,-0.7562646269798279,-3.3042714595794678,1.0999765396118164,0.19495022296905518,-1.0636746883392334,1.053523302078247,-0.44140705466270447,-2.1892149448394775,-1.1406201124191284,0.867060661315918,-2.0285375118255615,-2.580826759338379,3.464282512664795,-3.108386993408203,0.028544919565320015,0.03896532580256462,-0.03321611136198044,1.0124977827072144,-2.669361114501953,-1.864943027496338,1.935086727142334,-1.1877789497375488,-4.034434795379639,-2.5988569259643555,-1.67598557472229,-8.001508712768555,-2.84194016456604,0.2716982066631317,3.5373806953430176,0.056880541145801544,-0.9117556810379028,-0.5569291114807129,-4.647984981536865,-6.032486915588379,-6.215592861175537,-1.7748091220855713,-0.5023043751716614,-3.3765110969543457,-3.2967023849487305,0.4262760579586029,2.3475663661956787,-0.5112518072128296,1.597684621810913,-1.0938764810562134,-0.3035731613636017,2.324032783508301,0.20014964044094086,0.0968005582690239,-0.7817749977111816,-2.6544032096862793
101,-1.070057988166809,0.6068055033683777,1.1219271421432495,0.5060749053955078,-0.6931372284889221,5.511155128479004,-2.257246255874634,0.6864888668060303,1.336080551147461,-1.465499997138977,1.3022854328155518,0.292620450258255,-2.9864590167999268,-0.49908605217933655,-3.1678049564361572,0.7895820140838623,0.328839510679245,-0.9213581085205078,1.5972545146942139,-0.6451882123947144,-2.6934454441070557,-2.025123357772827,-0.1701011061668396,-2.4730708599090576,-3.0527853965759277,-0.16447007656097412,-4.049508571624756,0.048622459173202515,0.07274793833494186,0.027143262326717377,-3.364152193069458,1.9604116678237915,1.3705345392227173,1.7573357820510864,-1.1858397722244263,-3.9833152294158936,-2.655388355255127,-2.390807628631592,-8.04373550415039,-1.411381483078003,0.48581403493881226,1.559906244277954,0.08866394311189651,-1.115792155265808,-0.6611016988754272,-3.2059617042541504,-5.672168731689453,-5.159142017364502,-1.7329787015914917,-0.3739027976989746,-3.302906036376953,-3.047924518585205,0.35344624519348145,1.795015573501587,0.8163610100746155,1.7220889329910278,0.6302611827850342,-0.22840045392513275,2.3503527641296387,0.16416920721530914,-0.5136168599128723,2.6086618900299072,-1.5632861852645874
102,0.8956397771835327,0.9589648246765137,-0.2827848196029663,-10.726419448852539,1.9237529039382935,7.783858776092529,-0.24815766513347626,0.8072555065155029,1.2086237668991089,-3.9750895500183105,2.4626262187957764,-2.1267430782318115,0.9330792427062988,1.3846626281738281,-0.9698800444602966,0.5744855999946594,0.1738319993019104,-0.9444839954376221,1.334580898284912,-0.36243653297424316,-2.2505249977111816,1.9687130451202393,-1.0332856178283691,-5.1476874351501465,-2.7022523880004883,-0.7978876829147339,-9.221179008483887,-0.02568848803639412,0.06990320235490799,-0.043290819972753525,1.804699420928955,-1.5578848123550415,-4.111105918884277,1.3549484014511108,-0.39689674973487854,-5.21698522567749,-1.8640503883361816,-1.149023413658142,-6.667502403259277,0.8703932166099548,0.5699994564056396,-0.36597180366516113,-0.254360169172287,0.8127086162567139,0.04810057580471039,-5.59028434753418,-9.197461128234863,-5.669996738433838,-2.784761905670166,2.156500816345215,-3.7067854404449463,-4.716185092926025,0.39846542477607727,4.001800537109375,-0.819858729839325,1.7392585277557373,-2.2171499729156494,0.9344717264175415,2.544820785522461,-3.1987617015838623,2.088646173477173,-0.9660288095474243,-1.5426502227783203
103,0.5324226021766663,1.6111687421798706,0.4412822127342224,-10.785687446594238,2.26650071144104,8.359222412109375,-0.6236783862113953,1.4111312627792358,0.914167046546936,-3.8078453540802,2.213341236114502,-1.0955411195755005,0.5029034614562988,0.5931457281112671,-0.5458675026893616,0.5532964468002319,0.041059546172618866,-1.3952068090438843,2.3836822509765625,-1.6110658645629883,-2.5268971920013428,-0.6625546813011169,0.42613473534584045,-1.8600655794143677,3.2228779792785645,-1.4640750885009766,-11.076028823852539,0.08751150220632553,0.046187516301870346,-0.13589248061180115,1.7698948383331299,-1.1703521013259888,-3.0165348052978516,0.3697601556777954,-1.7218539714813232,-4.549218654632568,-1.2178679704666138,-1.2544059753417969,-5.4283318519592285,-3.20710825920105,0.5719119310379028,4.116344928741455,1.9577505588531494,1.5505282878875732,1.0817863941192627,-2.986065149307251,-2.7487752437591553,-2.853264570236206,-2.6277925968170166,3.7310335636138916,-3.561016321182251,-8.599934577941895,-0.2669192850589752,8.326519966125488,-1.5106923580169678,1.9812884330749512,-1.5456013679504395,1.5541523694992065,2.427659034729004,-3.2095539569854736,1.5984327793121338,-0.26133087277412415,-1.752144694328308
104,0.24606621265411377,0.9842641949653625,0.8523997068405151,-13.010767936706543,2.1184163093566895,9.652969360351562,0.6614837646484375,2.128542184829712,1.665602445602417,-3.0348868370056152,1.6604816913604736,-0.9135223627090454,0.9281163215637207,0.5617308020591736,-0.5650973320007324,0.7371129989624023,0.08325328677892685,-1.6382640600204468,2.4294238090515137,-1.536696195602417,-2.484278678894043,-0.40733903646469116,-0.14035286009311676,-2.1674962043762207,-0.8763141632080078,0.5390332341194153,-0.06668495386838913,0.023400964215397835,0.027881363406777382,-0.14846761524677277,2.1700189113616943,-1.7822918891906738,-2.8899049758911133,0.2548042833805084,-1.070613980293274,-4.002408981323242,3.2399706840515137,0.5096088647842407,-3.9328978061676025,-3.4645156860351562,0.8426790237426758,3.102076530456543,-0.12590239942073822,-2.069476366043091,-0.1705225557088852,-10.784306526184082,-13.760973930358887,-4.568143367767334,-2.542884349822998,3.90559458732605,-3.8332691192626953,-7.565191268920898,0.3591081500053406,6.0120439529418945,-1.5419180393218994,3.3973512649536133,-0.4894344210624695,-1.0728856325149536,4.10182523727417,-3.0003819465637207,-1.053362488746643,1.8263336420059204,0.17373067140579224
105,-6.024896144866943,3.145184278488159,9.733985900878906,-11.578092575073242,0.27451297640800476,13.431078910827637,0.12252861261367798,2.78654146194458,2.1945974826812744,-3.4819393157958984,0.8980528116226196,-0.6239015460014343,0.2869267165660858,-0.009304247796535492,-2.96331787109375,1.231650948524475,0.08397652953863144,-2.107485294342041,3.728817939758301,-2.5695536136627197,-3.6752381324768066,-1.1406315565109253,-0.717322051525116,-2.728022813796997,0.3158458173274994,-1.1162968873977661,-9.551490783691406,0.04591238126158714,0.05876876413822174,-0.07229994982481003,2.060997247695923,-1.7270491123199463,-2.8896102905273438,0.4218864440917969,0.7068668603897095,-0.6211863160133362,-0.7960008382797241,-1.0984890460968018,-5.557931423187256,-5.627013206481934,0.899463951587677,4.052950859069824,-0.39438682794570923,-0.09043744206428528,-0.30505332350730896,-2.3534727096557617,-2.320751428604126,-3.237907648086548,-1.5598124265670776,3.7590320110321045,-4.719504356384277,-12.161633491516113,1.4342278242111206,6.610683441162109,-2.465472459793091,5.107839584350586,0.2537335157394409,0.8938677310943604,3.350330114364624,-2.1136186122894287,1.747972846031189,-0.38819965720176697,-1.5080392360687256
106,1.2618536949157715,10.428940773010254,8.304418563842773,-0.8249458074569702,-0.6724913120269775,3.735935688018799,-0.7371804118156433,1.941780924797058,0.5887712240219116,-3.7819080352783203,0.8039616346359253,-0.7292438745498657,0.3276231288909912,0.2683998644351959,-2.538034677505493,1.3802255392074585,0.4302450120449066,-3.0941097736358643,2.745404005050659,-2.3980085849761963,-4.945906162261963,-0.9384328126907349,0.004271992482244968,-2.7774243354797363,2.2213947772979736,-1.4047218561172485,-10.531532287597656,0.0551895797252655,0.06680385768413544,-0.017303673550486565,1.8885786533355713,-1.5587105751037598,-3.0244905948638916,1.5033751726150513,-0.6685213446617126,-4.392675876617432,-0.512704074382782,-1.3644871711730957,-6.093325138092041,-5.731416702270508,0.6413028240203857,5.052840232849121,-0.37836596369743347,-0.2580925524234772,-0.4049376845359802,-1.7182018756866455,-2.2287709712982178,-3.536567211151123,-3.4791769981384277,3.7713820934295654,-4.205513954162598,3.705336570739746,0.7284625172615051,-0.07756954431533813,-2.618333101272583,4.538829326629639,-0.5753932595252991,0.6579071283340454,5.999272346496582,-6.284903526306152,1.8880645036697388,-0.16808545589447021,-1.5308001041412354
107,1.1635481119155884,10.603540420532227,7.037131309509277,-13.199034690856934,2.0019233226776123,9.867051124572754,-0.29747503995895386,1.2586013078689575,1.273888349533081,-3.960601806640625,1.196526288986206,-1.4722851514816284,0.06579777598381042,0.14732182025909424,-1.6648664474487305,1.5134103298187256,0.49545732140541077,-3.2740836143493652,2.6962172985076904,-2.6071057319641113,-5.3806915283203125,-0.6613622903823853,0.12950514256954193,-2.4879446029663086,-0.7637965679168701,2.141968011856079,-1.3691047430038452,0.053529251366853714,0.06390372663736343,-0.0317193940281868,-0.25990569591522217,0.016331544145941734,-1.2947584390640259,1.8502670526504517,-0.6531898975372314,-4.306845664978027,-0.46043136715888977,-1.1136894226074219,-5.71376895904541,-6.140892028808594,0.7090539336204529,5.622622013092041,-0.24883140623569489,-0.4459832012653351,-0.4105459749698639,-2.044908285140991,-2.6063201427459717,-3.9347212314605713,-3.149553060531616,3.8285295963287354,-4.00956916809082,-0.2088545858860016,-0.2740091383457184,-1.1262824535369873,2.249061107635498,2.4212241172790527,1.8506314754486084,0.6749451160430908,3.022000312805176,-2.9665000438690186,2.8310086727142334,2.019778251647949,0.6559603214263916
108,-5.564541339874268,4.002358913421631,4.553556442260742,-0.2550158202648163,-2.1817779541015625,4.405603885650635,-0.8315148949623108,1.0237222909927368,1.1247659921646118,-4.380988121032715,0.5892161130905151,-2.420945167541504,-0.003994554281234741,0.43796712160110474,-2.2122654914855957,1.223012089729309,0.19194740056991577,-2.3364720344543457,3.1833384037017822,-2.5334632396698,-4.128704071044922,-0.7472883462905884,-0.29577040672302246,-2.7263190746307373,-0.5171806812286377,1.1162387132644653,-0.014412148855626583,0.062116533517837524,0.08923126757144928,0.047231413424015045,-3.4645373821258545,1.7355151176452637,1.0905431509017944,0.9366726875305176,-0.6406458616256714,-3.5411593914031982,-0.45714202523231506,-1.2919875383377075,-5.4861979484558105,-8.22987174987793,0.41639602184295654,6.012137413024902,-0.1563316136598587,-2.8416411876678467,-0.41915202140808105,-3.919581413269043,-8.454590797424316,-7.879718780517578,-3.596616268157959,3.121415853500366,-3.8226137161254883,-0.056935958564281464,-0.2314976155757904,-0.29012957215309143,1.1074554920196533,2.5393331050872803,-0.1368049830198288,0.934770405292511,3.117849349975586,-2.791292428970337,3.141733169555664,2.0714900493621826,0.6796185970306396
109,9.766968727111816,2.171063184738159,-2.893824815750122,-0.48117393255233765,-1.3777797222137451,3.5512876510620117,-1.7327290773391724,1.8322598934173584,0.5723564624786377,-3.738898277282715,1.000290036201477,-0.6018829345703125,1.132015347480774,-0.26472190022468567,-2.7480711936950684,1.107422113418579,0.10003089159727097,-2.305152416229248,2.262876272201538,-2.123912811279297,-4.816671848297119,-0.5235927700996399,-0.5090921521186829,-2.8001761436462402,-1.2171913385391235,0.8117626905441284,0.2612994611263275,0.04604174569249153,0.07027877867221832,-0.0168682262301445,1.4999771118164062,-1.3994581699371338,-3.6063709259033203,2.081320285797119,-1.534542202949524,-6.102145195007324,-1.3941904306411743,-1.305503010749817,-6.495938301086426,0.40286311507225037,0.2754554748535156,0.1387249082326889,0.320327490568161,-3.1019506454467773,-0.05589353293180466,-5.4373369216918945,-10.472268104553223,-5.729907989501953,-3.1602320671081543,3.3091254234313965,-4.241522789001465,0.09853261709213257,-0.4756845533847809,-0.21431516110897064,1.2711832523345947,-0.11727128177881241,-1.335763692855835,0.8093628883361816,2.9043166637420654,-2.9090051651000977,0.8495417237281799,0.10563135147094727,-1.406948447227478
110,0.0045037642121315,0.2453155368566513,0.9724069237709045,-0.5356746912002563,-0.7686104774475098,3.908743143081665,-1.0141305923461914,0.6069767475128174,0.5855843424797058,-4.390651226043701,0.6319116353988647,-2.6229567527770996,0.5728181600570679,-0.20372095704078674,-2.890981435775757,0.9055136442184448,0.15815287828445435,-1.9495840072631836,2.9964308738708496,-1.814110517501831,-4.429531097412109,0.6249455809593201,-1.3420897722244263,-3.732966423034668,-1.3768117427825928,1.0683066844940186,0.3294333219528198,0.05620752274990082,0.1254647821187973,-0.049064259976148605,1.542027235031128,-1.388857364654541,-3.653870105743408,2.3712170124053955,-1.668912410736084,-6.2823591232299805,-1.4919817447662354,-1.2174016237258911,-6.895819664001465,0.4663010239601135,0.3483259677886963,0.06399023532867432,0.05398979410529137,-2.1756694316864014,-1.3711967468261719,-1.2054284811019897,-1.6237183809280396,-1.952191710472107,-2.5188400745391846,3.2072744369506836,-4.261472702026367,0.2735227346420288,0.14153720438480377,-0.19794891774654388,1.2571660280227661,-0.43960776925086975,-1.2509115934371948,0.8794049024581909,2.8188018798828125,-3.088050603866577,1.178175687789917,-0.2633722126483917,-1.1362462043762207
111,-0.22710484266281128,-0.019158296287059784,0.4157947301864624,-0.36936092376708984,-0.900784969329834,3.637955665588379,-1.3673642873764038,1.2490369081497192,1.2533468008041382,-3.9542593955993652,0.9333930015563965,-0.6975920796394348,1.1005042791366577,-0.30234089493751526,-2.8066673278808594,0.9182970523834229,0.17485657334327698,-2.0190634727478027,3.013796329498291,-1.8064759969711304,-4.429055213928223,0.5363245010375977,-1.2381759881973267,-3.7371160984039307,-1.3639329671859741,1.0170636177062988,0.29697397351264954,0.015633946284651756,0.1417226642370224,0.018814638257026672,1.5073959827423096,-1.3937166929244995,-3.7576210498809814,2.1950888633728027,-1.5747281312942505,-6.2569708824157715,-1.2781336307525635,-1.3088579177856445,-6.696521759033203,-6.754549980163574,0.6183884739875793,5.123165607452393,0.21878404915332794,-3.1652722358703613,0.1982516348361969,-1.2414400577545166,-1.6080008745193481,-1.8220860958099365,-2.816944122314453,3.3357694149017334,-4.476615905761719,0.25096186995506287,0.11820988357067108,-0.279315710067749,1.2582194805145264,-0.30232882499694824,-1.2764784097671509,0.87424236536026,2.819371223449707,-3.036750555038452,1.0114620923995972,-0.1281397044658661,-1.248265027999878
112,-0.5295685529708862,-0.681150496006012,0.19093471765518188,-13.654658317565918,2.148313522338867,10.341425895690918,-1.6625494956970215,1.8705024719238281,0.53499436378479,-3.79579496383667,1.061212420463562,-0.746787428855896,0.5427528619766235,0.03254187852144241,-2.5444483757019043,0.9265009164810181,0.24751216173171997,-1.9959418773651123,3.2178237438201904,-1.7540571689605713,-4.453399181365967,-0.7729192972183228,-0.6575592756271362,-2.6974525451660156,-0.9444152116775513,0.6568675637245178,0.2923392951488495,0.013139907270669937,0.14137150347232819,0.003556849667802453,1.4545201063156128,-1.4716217517852783,-3.641214609146118,2.108049154281616,-1.504355549812317,-6.002265453338623,-0.5941252112388611,-1.3335869312286377,-5.342780113220215,-6.795161247253418,0.5837498903274536,5.1327667236328125,0.303129106760025,-3.0917274951934814,-0.1961343139410019,-5.099931716918945,-10.61656379699707,-5.940759181976318,-3.1219818592071533,3.318040609359741,-4.484922885894775,0.13064636290073395,-0.3282754719257355,-0.13001371920108795,1.3240890502929688,-0.12346241623163223,-1.4116833209991455,0.8267679810523987,2.9712839126586914,-2.9458041191101074,0.9387653470039368,0.08111782371997833,-1.3467282056808472
113,0.024745643138885498,1.3906580209732056,1.195456624031067,-14.291205406188965,2.213158369064331,10.468719482421875,-1.726102590560913,2.1756386756896973,0.9785013198852539,-3.5677247047424316,0.9435847401618958,-0.6647012233734131,0.16968078911304474,0.41408368945121765,-2.332148790359497,1.1501799821853638,0.2437373399734497,-2.2669825553894043,3.42755126953125,-2.6565043926239014,-4.184230327606201,-0.6366508603096008,-0.3565760850906372,-2.7033255100250244,-1.2468273639678955,1.0214403867721558,0.41552239656448364,0.05613879859447479,0.07965745031833649,0.01445184275507927,1.7262901067733765,-1.352202296257019,-3.051525831222534,0.9085081219673157,-0.7372832298278809,-3.550323247909546,-0.38188692927360535,-1.2996653318405151,-5.165339469909668,-6.781449794769287,0.5098212957382202,4.984851360321045,0.06960387527942657,-3.048781394958496,-0.38524118065834045,-5.757777690887451,-10.47222900390625,-6.0336432456970215,-3.2860000133514404,3.143294095993042,-3.900622844696045,-0.17660939693450928,-0.2217978835105896,-0.5402773022651672,1.8497337102890015,-0.3419385254383087,-1.7371004819869995,0.9283500909805298,2.9758784770965576,-2.8517096042633057,1.616267442703247,-0.14050176739692688,-1.383705735206604
114,0.7152702212333679,1.6069867610931396,0.4118679165840149,-12.155374526977539,1.496479868888855,10.801250457763672,-1.306495189666748,2.1090235710144043,0.960992693901062,-3.5955982208251953,1.0090638399124146,-0.8582761287689209,-0.01961589604616165,0.4008485972881317,-2.552098274230957,1.116375207901001,0.18393155932426453,-2.1640071868896484,3.5257058143615723,-2.50480580329895,-3.906812906265259,-0.7708214521408081,-0.2555091977119446,-3.0023880004882812,-0.23501048982143402,1.1165693998336792,-0.10662753880023956,0.021484512835741043,0.1428656429052353,0.030321450904011726,1.8797452449798584,-1.4646412134170532,-2.9619178771972656,0.8676661252975464,-0.5944123864173889,-3.576425313949585,-0.28531578183174133,-1.4898279905319214,-5.443743705749512,-6.66386079788208,0.4514719843864441,5.386660575866699,-0.21317778527736664,-3.057251214981079,-0.5129461288452148,-6.824775218963623,-10.865741729736328,-5.703969955444336,-3.558283567428589,3.687833786010742,-4.100079536437988,-0.10588546097278595,-0.3581905961036682,-0.5464307069778442,1.243874430656433,2.731698989868164,-0.07861735671758652,0.9911385178565979,2.8131444454193115,-2.599961042404175,1.9322214126586914,-0.27223441004753113,-1.5701552629470825
115,0.8650636672973633,1.2774677276611328,-0.1556105613708496,-11.415667533874512,1.4762121438980103,11.46290111541748,-1.1675914525985718,1.869901418685913,0.7997989654541016,-3.732408285140991,0.9900310635566711,-0.910149097442627,0.037191882729530334,0.3461098372936249,-2.5336756706237793,1.1561203002929688,0.0813388004899025,-2.347344398498535,3.2613871097564697,-2.3393945693969727,-4.195353031158447,-0.8523085117340088,-0.4327908158302307,-3.090928554534912,-1.0605117082595825,0.6464749574661255,0.8174113631248474,0.026074444875121117,0.14090409874916077,0.031334422528743744,1.9269218444824219,-1.5318526029586792,-3.0280890464782715,0.9283894300460815,-0.6365824341773987,-3.5517289638519287,-0.2535012662410736,-1.382238745689392,-5.4569993019104,-6.785910606384277,0.4224025011062622,5.415628433227539,-0.19830219447612762,-3.0243208408355713,-0.6509946584701538,-7.1591715812683105,-11.173689842224121,-5.850912094116211,-3.658159017562866,3.690671443939209,-4.115827560424805,-0.011635467410087585,-0.33457818627357483,-0.34372416138648987,1.0468870401382446,2.731607437133789,-0.11653563380241394,1.0337443351745605,2.610687494277954,-2.5411932468414307,1.892367959022522,-0.20171773433685303,-1.502312183380127
116,0.7548167109489441,0.8874828219413757,-0.5045050382614136,-0.8211681246757507,-1.7724273204803467,4.813107490539551,-1.1929222345352173,1.8728687763214111,0.8992775678634644,-3.4617843627929688,0.8229719996452332,-0.6163246035575867,0.39207923412323,0.2589941918849945,-2.6047754287719727,1.2859762907028198,0.1802728772163391,-2.6242740154266357,3.108403444290161,-2.4470009803771973,-4.452258586883545,-0.923168420791626,-0.3501133322715759,-3.01082706451416,-1.3049447536468506,1.569254994392395,-0.340371698141098,0.06022966653108597,0.07986341416835785,0.016455072909593582,-0.2661973237991333,0.1699146330356598,-1.3417434692382812,2.13785719871521,-1.2738221883773804,-5.0109944343566895,-0.27068525552749634,-1.299318790435791,-5.319590091705322,1.1577844619750977,0.36971110105514526,-0.06533738970756531,-0.13153477013111115,-1.4106101989746094,-0.17603804171085358,-6.746004104614258,-11.227343559265137,-5.418699264526367,-3.431879758834839,3.743288993835449,-4.253835678100586,-0.12713630497455597,-0.14441120624542236,-0.6151766777038574,1.1086400747299194,2.5851917266845703,-0.1901094913482666,0.9937379956245422,2.6226773262023926,-2.4117884635925293,2.3060827255249023,-0.6272091865539551,-1.553171992301941
117,0.6217960119247437,0.7996163368225098,-0.7609949111938477,-0.8348015546798706,-1.7622016668319702,4.67139196395874,-1.0625460147857666,1.6380566358566284,0.6865933537483215,-3.5092575550079346,0.7921322584152222,-0.5080118775367737,0.17489495873451233,0.2641083896160126,-2.4892852306365967,0.6716824173927307,0.16478192806243896,-6.083706855773926,3.0132107734680176,-2.5194084644317627,-4.578320503234863,-0.8478832840919495,-0.1550990343093872,-3.0658957958221436,-1.3428964614868164,1.7592469453811646,-0.4453045129776001,0.057126324623823166,0.07487960159778595,0.005634302273392677,1.961889624595642,-1.6424472332000732,-3.093677282333374,1.1167588233947754,-0.7376641631126404,-3.5024473667144775,-1.1119978427886963,-1.3060424327850342,-6.756985187530518,1.1234331130981445,0.3749964237213135,-0.044697605073451996,0.18562722206115723,-0.0524856299161911,-0.4613889157772064,-7.279181003570557,-11.812274932861328,-5.57705020904541,-3.3984289169311523,3.9628145694732666,-4.358068466186523,-0.02014802023768425,-0.16388487815856934,-1.071476936340332,2.718047618865967,2.3389759063720703,1.2917405366897583,0.9972285032272339,2.6163856983184814,-2.4561350345611572,2.95404314994812,1.8971935510635376,0.7147727608680725
118,-1.3300278186798096,1.3362984657287598,0.8704217672348022,-1.0934704542160034,-1.4433180093765259,4.784918308258057,-0.9388414621353149,1.6286840438842773,0.7492538690567017,-3.596322774887085,0.8985992670059204,-0.7763567566871643,-0.0632535070180893,0.6287136673927307,-2.6319057941436768,0.821382462978363,0.16943752765655518,-6.4725518226623535,2.68768572807312,-2.575305938720703,-4.826718807220459,1.6883403062820435,-0.8186628222465515,-5.397112846374512,-1.2300159931182861,0.8035446405410767,-0.08897227793931961,0.055517710745334625,0.08419396728277206,-0.006912458688020706,0.6900747418403625,-1.2197346687316895,-2.402278184890747,2.1716463565826416,-1.4269566535949707,-5.0625457763671875,-0.26444756984710693,-1.7489604949951172,-5.546834945678711,0.16205331683158875,0.792472243309021,0.7782780528068542,0.580066978931427,-1.9491502046585083,-0.7418109178543091,-6.026080131530762,-10.984519004821777,-5.772106647491455,-3.314408779144287,3.825502634048462,-4.145144939422607,3.2046737670898438,0.46152427792549133,-0.08153830468654633,1.3331122398376465,2.516284942626953,-0.33610057830810547,1.137742280960083,2.6917567253112793,-2.5393927097320557,3.0264840126037598,1.9088962078094482,0.5687886476516724
119,-1.4618462324142456,1.3454740047454834,0.8241211771965027,-1.1868900060653687,-1.305418848991394,4.7652740478515625,-0.8677108883857727,1.5992698669433594,0.7612191438674927,-3.6000850200653076,0.9545873403549194,-0.9735250473022461,-0.1530676782131195,0.6742771863937378,-2.7155354022979736,1.460898756980896,0.3989664912223816,-3.0168745517730713,2.5207090377807617,-2.5138707160949707,-4.987040996551514,-0.6915433406829834,-0.11088592559099197,-2.9680280685424805,-1.2726088762283325,0.8499420285224915,-0.15028609335422516,0.05347201228141785,0.08259448409080505,-0.01688084751367569,0.6366697549819946,-1.0971390008926392,-2.4152326583862305,2.194817543029785,-1.4067471027374268,-5.042848110198975,-0.35619810223579407,-1.753509283065796,-5.466663837432861,0.1628173440694809,0.8858162760734558,0.8326651453971863,0.3361019790172577,-1.4078067541122437,0.3342985510826111,-6.085407257080078,-11.037144660949707,-5.893115997314453,-3.281597137451172,4.115924835205078,-4.22656774520874,0.0485871247947216,-0.5447477698326111,-1.6222424507141113,1.5658633708953857,2.5312540531158447,-0.4025840759277344,1.0667768716812134,2.6514363288879395,-2.5178000926971436,3.0132410526275635,1.876246690750122,0.6711462140083313
120,-1.4920880794525146,1.2594971656799316,0.7637256383895874,-1.2422778606414795,-1.33712637424469,4.8870439529418945,-0.8831251859664917,1.6332398653030396,0.7482709884643555,-3.5762972831726074,0.9601976275444031,-0.8895581364631653,-0.1259041279554367,0.6811091899871826,-2.7098309993743896,0.625331461429596,0.2135324776172638,-6.33433198928833,2.51342511177063,-2.532845973968506,-4.971668243408203,-0.7477808594703674,-0.12509937584400177,-2.829211950302124,-1.3357082605361938,0.8944406509399414,-0.207963228225708,0.024373283609747887,0.14294837415218353,-0.017408886924386024,-0.29599297046661377,0.22431887686252594,-1.3317967653274536,2.3105387687683105,-1.4322476387023926,-5.0703125,-0.6686675548553467,-1.4451903104782104,-6.298062324523926,0.15002237260341644,0.9389549493789673,0.8394800424575806,0.3492125868797302,-1.3574440479278564,0.3659015893936157,-6.361011505126953,-11.218578338623047,-6.357700824737549,-3.3119356632232666,4.148849010467529,-4.25865364074707,0.05088767781853676,-0.5577259659767151,-1.6850371360778809,1.6164339780807495,2.55741286277771,-0.5055332779884338,1.0811153650283813,2.5706307888031006,-2.587296724319458,3.0265069007873535,1.77066171169281,0.5606743097305298
121,2.100628614425659,0.8878341913223267,-0.09345686435699463,-1.534535527229309,-1.3408762216567993,5.182358264923096,-0.9795753955841064,1.695012092590332,1.0249977111816406,-4.924722194671631,0.5282722115516663,-2.460782766342163,-0.37918317317962646,0.9670332670211792,-2.552703857421875,1.9344314336776733,-0.0738929882645607,-2.6803224086761475,2.3575518131256104,-2.562114715576172,-5.157240867614746,-0.6971139907836914,0.04273238778114319,-2.444122552871704,-1.3604851961135864,1.024665355682373,-0.2689736485481262,0.014507053419947624,0.1357668936252594,-0.02053961344063282,0.45902305841445923,-0.9294511079788208,-2.41033673286438,2.2806479930877686,-1.2167084217071533,-4.92319393157959,-0.41584280133247375,-1.8465322256088257,-5.3486223220825195,1.044991135597229,0.47111326456069946,0.01154295727610588,0.5022825598716736,-1.3625435829162598,0.27556174993515015,-6.671745777130127,-11.241247177124023,-6.355891704559326,-3.0238215923309326,3.9289190769195557,-4.113855838775635,0.05671263858675957,-0.5868786573410034,-2.1462810039520264,0.7638825178146362,2.5386128425598145,1.7063071727752686,0.9733976721763611,2.525496244430542,-2.5733957290649414,3.0262629985809326,1.6969168186187744,0.7012590169906616
122,-1.3579598665237427,1.0842431783676147,0.7835462689399719,-1.4766924381256104,-1.5689659118652344,4.9934515953063965,-0.9014159440994263,1.5803065299987793,0.7935483455657959,-3.6759207248687744,0.9426143765449524,-0.9450067281723022,-0.08883118629455566,0.5046469569206238,-2.558887243270874,0.6586547493934631,0.21681609749794006,-6.082594871520996,2.6642277240753174,-2.479053497314453,-4.683851718902588,-0.7604517936706543,-0.027225986123085022,-2.7851648330688477,-1.222904086112976,0.9082134366035461,-0.10620084404945374,0.050285909324884415,0.07775462418794632,-0.020235411822795868,0.6570550203323364,-1.100235104560852,-2.395113468170166,2.0519015789031982,-1.3929945230484009,-5.028163909912109,-0.3972150683403015,-1.6261602640151978,-5.484375953674316,-6.89725399017334,0.7050224542617798,5.781102180480957,0.6774131059646606,-1.8802344799041748,-0.7246271371841431,-7.494494438171387,-11.8771390914917,-5.637667179107666,-3.277374267578125,3.928744316101074,-4.250471591949463,0.06373251974582672,-0.571372389793396,-1.273131012916565,1.447648048400879,2.4413094520568848,1.3673555850982666,0.989442765712738,2.6384434700012207,-2.513535737991333,2.989623785018921,1.8517733812332153,0.5793169140815735
123,-1.6516315937042236,1.1329103708267212,0.7045724391937256,-1.4270704984664917,-1.3117741346359253,4.988023281097412,-0.22998245060443878,1.0461660623550415,1.1040502786636353,-3.8035340309143066,1.1370713710784912,-1.433711290359497,-0.37232983112335205,0.8470880389213562,-2.5296847820281982,0.45328304171562195,0.1977648138999939,-6.240777969360352,2.4710423946380615,-2.4800798892974854,-4.840327262878418,-0.6435322761535645,0.04435211420059204,-2.7282047271728516,-0.44555503129959106,1.1067330837249756,-0.021122276782989502,0.015228369273245335,0.13689188659191132,-0.023054154589772224,0.45709913969039917,-0.8501232266426086,-2.4078876972198486,2.289053201675415,-1.2249928712844849,-4.861408710479736,-0.33471858501434326,-1.762571096420288,-5.450417518615723,-6.348404407501221,0.7076410055160522,6.0299072265625,0.23235100507736206,-0.28226107358932495,-0.5954644680023193,-7.181893825531006,-11.570322036743164,-6.3098649978637695,-3.013087511062622,3.9985148906707764,-4.04401159286499,0.13238108158111572,-0.6296346783638,-1.7537338733673096,1.6428767442703247,2.5411434173583984,-0.5516358017921448,1.102069616317749,2.4820854663848877,-2.6164588928222656,3.1678545475006104,1.6507331132888794,0.6262157559394836
124,-1.3042263984680176,1.1045284271240234,0.6616479754447937,-1.261163592338562,-1.4454200267791748,4.962925434112549,-0.2867899537086487,1.090885043144226,1.1397919654846191,-4.9352569580078125,0.5074824690818787,-2.5830934047698975,-0.24799203872680664,0.9871193170547485,-2.599489688873291,0.47617000341415405,0.22298741340637207,-6.272103309631348,2.370056629180908,-2.544442653656006,-4.972092628479004,-0.6219394207000732,0.006627769209444523,-2.6593358516693115,-0.5469606518745422,1.1034458875656128,-0.011721155606210232,0.009074872359633446,0.13458971679210663,-0.03953712433576584,0.4749623239040375,-0.9054691791534424,-2.378206253051758,2.244184732437134,-1.1794711351394653,-4.9803290367126465,-0.46152153611183167,-1.7561365365982056,-5.32907772064209,1.1327732801437378,0.46154963970184326,-0.06722504645586014,-0.8227887749671936,0.5891987085342407,0.4262198507785797,-6.918200969696045,-11.535386085510254,-6.0887603759765625,-3.0629048347473145,3.930079936981201,-4.093001365661621,0.13018745183944702,-0.6620664000511169,-1.7108123302459717,0.6309022307395935,2.024975299835205,-1.4476029872894287,0.9356135129928589,2.6334362030029297,-2.6115901470184326,3.021566390991211,1.7966811656951904,0.6353899240493774
125,-1.449095368385315,1.1105245351791382,0.7080792188644409,-1.2932080030441284,-1.4332619905471802,4.961893558502197,-0.31738924980163574,1.0892765522003174,1.1032387018203735,-4.866552352905273,0.5982645750045776,-2.5345983505249023,-0.2543390393257141,0.9220424294471741,-2.469724416732788,0.5112792253494263,0.17312732338905334,-6.372190475463867,2.477689027786255,-2.4851315021514893,-4.820922374725342,-0.6623576879501343,-0.06920889019966125,-2.604008197784424,-0.5140407085418701,1.117400884628296,-0.013659878633916378,0.011344707570970058,0.13623110949993134,-0.028412552550435066,0.4764455258846283,-0.9032149314880371,-2.391364574432373,2.1674516201019287,-1.1899869441986084,-4.9301886558532715,-0.47673705220222473,-1.6770187616348267,-5.432097434997559,1.0960121154785156,0.43518686294555664,-0.0528436154127121,-0.5885621905326843,-2.9001643657684326,-0.8649109601974487,-6.772342205047607,-11.34005355834961,-6.462718963623047,-3.0932700634002686,3.907623529434204,-4.156002521514893,0.13031454384326935,-0.6088280081748962,-1.770163655281067,0.6515063643455505,2.094249963760376,-1.440186858177185,0.9914069771766663,2.6216280460357666,-2.5436415672302246,3.0261623859405518,1.823258876800537,0.7124987840652466
126,-1.451794147491455,1.2064801454544067,0.7452327609062195,-1.2405508756637573,-1.7125672101974487,4.9648847579956055,-0.3619726896286011,0.9286953806877136,1.0983487367630005,-4.509603023529053,0.6099724173545837,-2.3620543479919434,-0.22288694977760315,0.6266336441040039,-2.5546886920928955,0.5859131813049316,0.21958735585212708,-5.969705104827881,2.729768991470337,-2.5576725006103516,-4.8131561279296875,1.6558459997177124,-0.8613827228546143,-5.359462261199951,-1.2377171516418457,0.8044453859329224,0.9675910472869873,0.048059381544589996,0.07688388973474503,-0.024009576067328453,-0.27748367190361023,0.2189357578754425,-1.331128478050232,2.1329643726348877,-1.3624955415725708,-4.897836685180664,-0.35160505771636963,-1.7646657228469849,-5.638021469116211,0.17650900781154633,0.8170074224472046,0.8347187042236328,-0.61215740442276,0.5921696424484253,0.2623053193092346,-7.387222766876221,-11.969683647155762,-5.5194993019104,-3.571216344833374,4.128269195556641,-4.350204944610596,-0.050333041697740555,-0.4449816048145294,-1.428131103515625,2.2967264652252197,2.3690903186798096,1.3751468658447266,0.8338039517402649,2.7967183589935303,-2.4768733978271484,2.8661062717437744,2.01151180267334,0.6947078704833984
127,0.8271199464797974,0.7061192989349365,-0.9504187107086182,-0.9441735744476318,-1.722594141960144,4.761270999908447,-1.0992351770401,1.5351266860961914,0.6167254447937012,-3.474748373031616,0.8434218764305115,-0.5686194896697998,0.42496052384376526,0.22644999623298645,-2.506635904312134,1.56724214553833,0.3803102672100067,-2.9608585834503174,2.824152708053589,-2.5044565200805664,-4.654440402984619,-0.8724871277809143,-0.18226592242717743,-2.9215219020843506,-1.0508174896240234,0.6057935357093811,0.7903348207473755,0.053106509149074554,0.07817662507295609,0.0030346328858286142,-0.18855023384094238,0.1698497235774994,-1.2810370922088623,2.345263957977295,-1.326541543006897,-5.092265605926514,-0.8176664710044861,-1.4049149751663208,-6.519167900085449,0.1840445101261139,0.7126862406730652,0.8163623809814453,-0.13493837416172028,-2.8012335300445557,-0.8492240905761719,-7.742473125457764,-11.870338439941406,-5.570126533508301,-3.4756598472595215,3.8888180255889893,-4.319626808166504,3.3338005542755127,0.48164981603622437,-0.08094573020935059,2.4971611499786377,2.290510892868042,1.3185145854949951,0.9440086483955383,2.771951675415039,-2.494093418121338,3.064391851425171,1.958387851715088,0.8263816833496094
128,-1.4568021297454834,1.2394849061965942,0.8055216670036316,-0.9984251260757446,-1.4467209577560425,4.754713535308838,-0.8720600605010986,1.4634130001068115,0.8308520317077637,-4.625392436981201,0.5577650666236877,-2.254054307937622,-0.1473412811756134,0.7244744896888733,-2.7306337356567383,0.5342873334884644,0.21530601382255554,-6.3255696296691895,2.7944700717926025,-2.6004679203033447,-5.046623706817627,-0.7299116253852844,0.02218368649482727,-2.850616455078125,-0.4358817934989929,1.1131727695465088,-0.010848320089280605,0.024388596415519714,0.13974767923355103,-0.011097734794020653,-0.24678346514701843,0.2195623219013214,-1.2527801990509033,2.3288888931274414,-1.2285033464431763,-4.87042760848999,-0.626198947429657,-1.4934436082839966,-6.152001857757568,1.0339750051498413,0.47076165676116943,0.01869344152510166,0.37188512086868286,-1.387408971786499,0.2749336063861847,-7.390944480895996,-11.739049911499023,-5.874884128570557,-3.2726263999938965,4.229623317718506,-4.204668998718262,-0.025673534721136093,-0.5830581188201904,-1.8910999298095703,1.8261178731918335,2.415327787399292,1.6169252395629883,0.8064798712730408,2.659062147140503,-2.4629130363464355,2.9412028789520264,1.884807825088501,0.8324535489082336
129,-1.2685543298721313,1.0730782747268677,0.7201071977615356,-0.8798536658287048,-1.504837989807129,4.66412353515625,-0.9241815805435181,1.5405889749526978,0.7981274127960205,-3.25115704536438,0.809366762638092,-0.6678985357284546,0.06453949213027954,0.6507207751274109,-2.752572536468506,0.7311756610870361,0.2651825249195099,-6.41158390045166,2.746995449066162,-2.5069668292999268,-4.926688194274902,-0.7087365984916687,-0.1276206523180008,-2.948728561401367,-1.1945449113845825,0.7399604916572571,0.9093441963195801,0.022015757858753204,0.13983440399169922,-0.012400979176163673,-0.2456500232219696,0.2321590930223465,-1.2245128154754639,2.32767653465271,-1.1947803497314453,-4.839639663696289,-0.6608616709709167,-1.45541250705719,-6.224583625793457,1.1653423309326172,0.45236068964004517,-0.039437152445316315,0.3888017535209656,-1.3992698192596436,0.3644835650920868,-7.633037567138672,-11.84161376953125,-5.361647129058838,-3.3255093097686768,4.202153205871582,-4.270397663116455,0.04316221550107002,-0.5377501249313354,-1.804353952407837,1.6496282815933228,2.5662970542907715,-0.39034503698349,0.784200131893158,2.6557652950286865,-2.4131927490234375,2.8863182067871094,1.8780795335769653,0.8453267216682434
130,-1.4334901571273804,1.1734203100204468,0.8124270439147949,-0.8382911682128906,-1.692907691001892,4.584266185760498,-1.0953723192214966,1.5591181516647339,0.7546535730361938,-3.503513813018799,0.8441689610481262,-0.6066820025444031,0.24246548116207123,0.402236670255661,-2.5899133682250977,1.4425181150436401,0.4073202610015869,-2.898980140686035,2.690140962600708,-2.4507882595062256,-4.832505226135254,-0.724324643611908,-0.08644337207078934,-3.0080528259277344,-1.053158164024353,0.6038936972618103,0.8295703530311584,-0.044923990964889526,0.14467646181583405,-0.08605840802192688,-0.17644460499286652,0.19460128247737885,-1.2528417110443115,2.207268476486206,-1.4062453508377075,-4.99026346206665,-0.6619886159896851,-1.4856162071228027,-6.369969367980957,0.17304933071136475,0.8083942532539368,0.8484159708023071,0.42608585953712463,-1.447510838508606,0.2874051034450531,-7.7911787033081055,-11.880935668945312,-5.305481433868408,-3.302215576171875,3.986551284790039,-4.247495651245117,0.08639882504940033,-0.46717211604118347,-1.4074385166168213,2.0842201709747314,2.3446383476257324,1.3417502641677856,0.9230884909629822,2.6280009746551514,-2.503328800201416,2.9848039150238037,1.8634963035583496,0.6398060321807861
131,-1.227044939994812,1.0608580112457275,0.6786922812461853,-0.6491085886955261,-1.6172901391983032,4.38214635848999,-1.1427576541900635,1.6129733324050903,0.8107303380966187,-3.4973342418670654,0.9131576418876648,-0.6857801675796509,0.3507039546966553,0.40560057759284973,-2.6072933673858643,1.5005784034729004,0.27726367115974426,-2.8765761852264404,2.761096715927124,-2.4520034790039062,-4.6796345710754395,-0.8038957118988037,-0.12848588824272156,-2.9715709686279297,-1.0081278085708618,0.5875202417373657,0.6711645126342773,0.06016924977302551,0.084029421210289,0.013680314645171165,-0.19258153438568115,0.19247739017009735,-1.303700566291809,2.239149570465088,-1.2642534971237183,-4.962642192840576,-1.0351744890213013,-1.4115403890609741,-6.674656391143799,0.20980803668498993,0.6604081392288208,0.7822394967079163,-0.27008071541786194,-2.8373804092407227,-0.8507329225540161,-7.37329626083374,-11.330826759338379,-5.870361328125,-3.469843626022339,3.9528791904449463,-4.286046981811523,-0.04822823032736778,-0.3239091634750366,-1.2366851568222046,2.5236589908599854,2.275416612625122,1.2948437929153442,0.9149208068847656,2.7118754386901855,-2.5056118965148926,2.972691774368286,1.9494982957839966,0.6354730725288391
132,-1.1254700422286987,1.1228089332580566,0.7372900247573853,-0.6673997044563293,-1.661124587059021,4.40387487411499,-1.0089877843856812,1.5556365251541138,0.8110830783843994,-4.2501068115234375,0.6973189115524292,-2.146022081375122,0.22108852863311768,0.4843578636646271,-2.545882225036621,1.4434196949005127,0.2684933543205261,-2.9010164737701416,2.7143349647521973,-2.4677538871765137,-4.706058502197266,-0.7195454239845276,-0.055249832570552826,-2.983613967895508,-1.0925490856170654,0.5297276973724365,0.7489668726921082,0.052678171545267105,0.08028190582990646,-0.01101655326783657,0.6855242252349854,-1.0321210622787476,-2.43731951713562,2.124908924102783,-1.2373043298721313,-4.832518577575684,-0.29645225405693054,-1.5734577178955078,-5.2403459548950195,0.26961880922317505,0.6676393151283264,0.8104294538497925,-0.15372321009635925,-2.7682197093963623,-0.9678781032562256,-7.390006065368652,-11.448246955871582,-5.942768573760986,-3.2422239780426025,3.909855842590332,-4.139852046966553,0.013570725917816162,-0.42906370759010315,-1.3846055269241333,2.749457836151123,2.259312629699707,1.3374072313308716,0.958027184009552,2.6766767501831055,-2.5230064392089844,2.977634906768799,1.9053564071655273,0.625652551651001
133,0.7568624019622803,0.9461857676506042,-0.5201988220214844,-0.9297739267349243,-1.6209570169448853,4.678712368011475,-1.0005522966384888,1.6098456382751465,0.8162751197814941,-3.556657314300537,0.8294141292572021,-0.7132579684257507,0.14425836503505707,0.3311541974544525,-2.567394971847534,1.4981540441513062,0.2726097106933594,-2.895925521850586,2.689624071121216,-2.473611831665039,-4.8313374519348145,-0.7370676398277283,-0.1547778844833374,-3.069371223449707,-1.0966652631759644,1.8084324598312378,-0.7718416452407837,0.06089210510253906,0.07974518090486526,0.015806233510375023,-0.15784583985805511,0.219212606549263,-1.2807880640029907,2.2208850383758545,-1.236090898513794,-4.914864540100098,-0.9863715767860413,-1.4504139423370361,-6.690496921539307,0.21877232193946838,0.7090025544166565,0.8261269927024841,-0.09030723571777344,-2.8403820991516113,-0.8396809101104736,-6.828482627868652,-11.007660865783691,-6.15283203125,-3.3854286670684814,3.9610888957977295,-4.246702194213867,-0.0149926096200943,-0.32011306285858154,-1.3355557918548584,2.6496520042419434,2.3328006267547607,1.3222874402999878,1.0764238834381104,2.5926482677459717,-2.541670083999634,3.060137987136841,1.8257054090499878,0.6326044201850891
134,8.548304557800293,4.63853120803833,-1.4403033256530762,-0.7205003499984741,-1.6792799234390259,4.587093830108643,-1.0015512704849243,1.6576499938964844,0.752030611038208,-3.5431158542633057,0.8476486802101135,-0.6582866907119751,0.3262229561805725,0.2934860289096832,-2.7314717769622803,1.3414421081542969,0.17688614130020142,-2.7988598346710205,2.7928998470306396,-2.475598096847534,-4.555156707763672,-0.7246412038803101,-0.26990842819213867,-2.9992384910583496,-1.0232878923416138,0.5568057894706726,0.7963861227035522,0.059955496340990067,0.08282588422298431,0.006802672520279884,1.8585665225982666,-1.4175511598587036,-2.975119113922119,2.1284265518188477,-1.3739742040634155,-5.072597503662109,-1.153403401374817,-1.4183849096298218,-6.883416652679443,0.28139203786849976,0.633051335811615,0.7902159690856934,0.45611298084259033,-1.9695042371749878,-0.6724364757537842,-6.397565841674805,-10.766144752502441,-5.974397659301758,-3.328340768814087,3.749579906463623,-4.153254985809326,3.597167491912842,0.5128451585769653,-0.15595807135105133,2.736044406890869,2.3244194984436035,1.2803294658660889,1.1388740539550781,2.6047191619873047,-2.6552629470825195,3.0541255474090576,1.8678618669509888,0.36052417755126953
135,8.703600883483887,4.461021423339844,-1.7116432189941406,-0.6490335464477539,-1.7962285280227661,4.62650728225708,-0.9981106519699097,1.6966336965560913,0.7630223035812378,-3.545616388320923,0.8269170522689819,-0.7030359506607056,0.2294757068157196,0.35313740372657776,-2.654811143875122,1.3879674673080444,0.22666522860527039,-2.763899087905884,2.9363701343536377,-2.494905948638916,-4.570560455322266,-0.8129429817199707,-0.301886647939682,-3.038576602935791,-1.1722383499145508,1.690254807472229,-0.5727410316467285,0.06612199544906616,0.08692912757396698,0.016969731077551842,1.8493660688400269,-1.4497843980789185,-2.9937679767608643,2.102907180786133,-1.3336516618728638,-5.009276866912842,-1.2627278566360474,-1.364007830619812,-6.973535060882568,1.2499803304672241,0.3896371126174927,-0.12316767126321793,0.6796215176582336,-1.2565706968307495,0.28034040331840515,-6.258715629577637,-10.62381649017334,-5.961916923522949,-3.403578519821167,3.7579851150512695,-4.258350849151611,-0.14776873588562012,-0.22533485293388367,-0.8224090933799744,1.1795891523361206,2.573979139328003,-0.20347724854946136,1.1288862228393555,2.587786912918091,-2.7050445079803467,3.0925402641296387,1.793015718460083,0.3879757523536682
136,-0.35027527809143066,0.5916488170623779,1.4623761177062988,-0.7722748517990112,-1.6065412759780884,4.585140228271484,-1.0142834186553955,1.7298760414123535,1.015044927597046,-3.6247355937957764,0.9134194850921631,-0.7494404911994934,0.223521426320076,0.3690645396709442,-2.6751928329467773,1.3558194637298584,0.22310194373130798,-2.6522881984710693,2.927734136581421,-2.4146552085876465,-4.595466613769531,-0.7629804015159607,-0.25130411982536316,-3.069751262664795,-1.202734112739563,1.7361069917678833,-0.6987472772598267,0.03800027072429657,0.14800167083740234,0.02208755537867546,1.8169498443603516,-1.3294057846069336,-2.9518189430236816,2.115088939666748,-1.2321017980575562,-5.139938831329346,-0.32074448466300964,-1.4121235609054565,-5.290918350219727,-6.836859226226807,0.48788827657699585,5.421420574188232,-0.10996224731206894,-1.3761643171310425,-0.19826781749725342,-6.384081840515137,-10.73405647277832,-5.768566131591797,-3.3799455165863037,3.7707319259643555,-4.18127965927124,-0.14616502821445465,-0.29082825779914856,-1.1097519397735596,1.2717232704162598,2.590515613555908,-0.30569183826446533,0.9975177645683289,2.618516683578491,-2.5354421138763428,3.0366082191467285,1.8457145690917969,0.7063489556312561
137,-0.21690547466278076,0.7512682676315308,1.7183388471603394,-0.6896088123321533,-1.3675557374954224,4.407042980194092,-0.504856288433075,1.0111147165298462,1.0977946519851685,-3.6590888500213623,0.8844725489616394,-0.750465452671051,0.32621461153030396,0.3524680435657501,-2.7345149517059326,1.4762990474700928,0.311734676361084,-2.9127535820007324,2.7759318351745605,-2.541426420211792,-4.99600887298584,-0.7030507922172546,-0.14110106229782104,-3.0458486080169678,-1.0183264017105103,1.6420382261276245,-0.7128055095672607,-0.04486021026968956,0.14520353078842163,-0.09444816410541534,1.7569657564163208,-1.2617462873458862,-3.070547580718994,2.2387936115264893,-1.2775723934173584,-5.0923614501953125,-0.43312200903892517,-1.4186779260635376,-5.338059425354004,0.3362104892730713,0.5926817059516907,0.8681775331497192,0.38982272148132324,-1.4362369775772095,0.2544237971305847,-6.018551826477051,-10.41131591796875,-6.234248161315918,-3.4098870754241943,4.105632305145264,-4.270885944366455,-0.14572866261005402,-0.3038522005081177,-1.4875437021255493,1.4643774032592773,2.6553571224212646,-0.13765157759189606,1.063558578491211,2.5509276390075684,-2.6438605785369873,3.078944444656372,1.702654242515564,0.6170914173126221
138,-1.237210750579834,0.21160340309143066,0.31163275241851807,-0.7428149580955505,-1.4927542209625244,4.52740478515625,-0.6043028831481934,0.9647536277770996,1.0686813592910767,-3.718602418899536,0.8755481839179993,-0.6353090405464172,0.5461004972457886,0.17546281218528748,-2.8111839294433594,1.549001932144165,0.3301674425601959,-2.9340105056762695,2.798400640487671,-2.5658648014068604,-4.854214668273926,-0.6615995168685913,-0.22527606785297394,-3.0054399967193604,-1.0599236488342285,0.5531966686248779,0.682457447052002,0.07926156371831894,0.1318201869726181,-0.016627473756670952,1.762649416923523,-1.2586771249771118,-2.9763834476470947,2.188410520553589,-1.3173587322235107,-5.102715015411377,-1.25631582736969,-1.3277111053466797,-6.873466491699219,0.2955300509929657,0.6037534475326538,0.821717381477356,0.5050385594367981,-1.3128933906555176,0.2780716121196747,-6.095634937286377,-10.516717910766602,-6.187664031982422,-3.3463165760040283,3.9476101398468018,-4.1927900314331055,-0.0641002207994461,-0.2204584777355194,-1.3730741739273071,1.2858076095581055,2.6277778148651123,-0.14555302262306213,1.1031297445297241,2.56441068649292,-2.628804922103882,3.117628335952759,1.715343713760376,0.6429103016853333
139,-1.212449550628662,0.15280406177043915,0.32224804162979126,-0.7328224182128906,-1.40108323097229,4.519498348236084,-0.4662061333656311,1.0481808185577393,1.1692405939102173,-3.7075488567352295,0.972821056842804,-0.8201345205307007,0.16168120503425598,0.41988590359687805,-2.7918035984039307,1.3869473934173584,0.25227436423301697,-2.7942166328430176,2.772968053817749,-2.4985179901123047,-4.787241458892822,-0.6350652575492859,-0.11739201098680496,-3.0697193145751953,-1.1690655946731567,0.5116777420043945,0.72564297914505,-0.04156389832496643,0.1363513022661209,-0.08953796327114105,1.7374577522277832,-1.2538918256759644,-3.0392463207244873,2.2815909385681152,-1.2827247381210327,-5.172782897949219,-0.30922016501426697,-1.4468309879302979,-5.282170295715332,0.34267985820770264,0.5496785640716553,0.8137229084968567,0.4022698700428009,-1.4613345861434937,0.2314092516899109,-6.084880828857422,-10.38716983795166,-5.966975688934326,-3.20291805267334,4.08785343170166,-4.2166852951049805,-0.14602702856063843,-0.36867308616638184,-1.5348187685012817,1.4885746240615845,2.6737313270568848,-0.2029140144586563,0.9634774923324585,2.7066264152526855,-2.659914493560791,3.1413941383361816,1.8203024864196777,0.6846228241920471
140,-1.2294317483901978,0.19158047437667847,0.32196077704429626,-0.7938138842582703,-1.4442663192749023,4.67901086807251,-0.4916442632675171,0.9772226214408875,1.12846040725708,-3.5788044929504395,0.9155942797660828,-0.757082998752594,0.27391546964645386,0.41600725054740906,-2.783905029296875,1.4395831823349,0.2707231044769287,-2.845407009124756,2.8293352127075195,-2.5073447227478027,-4.810336589813232,-0.6627552509307861,-0.20300988852977753,-3.017051935195923,-1.0918855667114258,1.6685997247695923,-0.6908515691757202,-0.04470813646912575,0.14069953560829163,-0.09474188089370728,1.7352311611175537,-1.230495810508728,-3.0048255920410156,2.2252614498138428,-1.2590008974075317,-5.073917388916016,-0.29454299807548523,-1.3662139177322388,-5.192512512207031,0.3211011290550232,0.5912142992019653,0.8330107927322388,0.4158543348312378,-1.3284752368927002,0.31699904799461365,-6.274916648864746,-10.354388236999512,-6.372792720794678,-3.410151481628418,4.024582386016846,-4.202393054962158,-0.14303772151470184,-0.25039249658584595,-1.5433344841003418,2.9306581020355225,2.294229745864868,1.3426082134246826,0.8836442232131958,2.7687721252441406,-2.603511095046997,3.0417847633361816,1.9036837816238403,0.741692841053009
141,9.003349304199219,4.802188396453857,-1.7786626815795898,-0.742505669593811,-1.4920469522476196,4.633423805236816,-0.5166717171669006,0.9634374380111694,1.095941185951233,-3.6424107551574707,0.928067147731781,-0.6743372678756714,0.5200319290161133,0.3016357719898224,-2.7970292568206787,1.5544838905334473,0.2763226330280304,-2.9821481704711914,2.7826404571533203,-2.554426670074463,-4.906824111938477,-0.6591781973838806,-0.22168147563934326,-3.0364558696746826,-1.1016658544540405,1.7773572206497192,-0.8615579605102539,0.03356908634305,0.1473446488380432,0.017176883295178413,1.7571426630020142,-1.2365576028823853,-3.0529274940490723,2.323422908782959,-1.3000417947769165,-5.190929412841797,-0.38388681411743164,-1.3575791120529175,-5.186417579650879,0.2531602382659912,0.6189960241317749,0.8904696106910706,0.45927220582962036,-1.3328994512557983,0.3485352396965027,-6.101806163787842,-10.290804862976074,-6.472240447998047,-3.4910526275634766,4.055887699127197,-4.2544121742248535,-0.13895723223686218,-0.24168694019317627,-1.6055132150650024,1.4069968461990356,2.6198713779449463,-0.21001920104026794,0.9795034527778625,2.675414800643921,-2.6302075386047363,3.063230514526367,1.8120828866958618,0.6822059750556946
142,9.003349304199219,4.802188396453857,-1.7786626815795898,-0.742505669593811,-1.4920469522476196,4.633423805236816,-0.5166717171669006,0.9634374380111694,1.095941185951233,-3.6424107551574707,0.928067147731781,-0.6743372678756714,0.5200319290161133,0.3016357719898224,-2.7970292568206787,1.5544838905334473,0.2763226330280304,-2.9821481704711914,2.7826404571533203,-2.554426670074463,-4.906824111938477,-0.6591781973838806,-0.22168147563934326,-3.0364558696746826,-1.1016658544540405,1.7773572206497192,-0.8615579605102539,0.03356908634305,0.1473446488380432,0.017176883295178413,1.7571426630020142,-1.2365576028823853,-3.0529274940490723,2.323422908782959,-1.3000417947769165,-5.190929412841797,-0.38388681411743164,-1.3575791120529175,-5.186417579650879,0.2531602382659912,0.6189960241317749,0.8904696106910706,0.45927220582962036,-1.3328994512557983,0.3485352396965027,-6.101806163787842,-10.290804862976074,-6.472240447998047,-3.4910526275634766,4.055887699127197,-4.2544121742248535,-0.13895723223686218,-0.24168694019317627,-1.6055132150650024,1.4069968461990356,2.6198713779449463,-0.21001920104026794,0.9795034527778625,2.675414800643921,-2.6302075386047363,3.063230514526367,1.8120828866958618,0.6822059750556946
143,9.035398483276367,4.710510730743408,-1.911834955215454,-0.7410348057746887,-1.4438247680664062,4.604104995727539,-0.8582674264907837,1.5942447185516357,0.8468658924102783,-3.720614433288574,0.9288014769554138,-0.7209643721580505,0.37804535031318665,0.27325960993766785,-2.82205867767334,1.437698483467102,0.20987877249717712,-2.8566060066223145,2.762944221496582,-2.482630729675293,-4.830873012542725,-0.8348290324211121,-0.17559640109539032,-3.0986409187316895,-1.141617774963379,0.5611693859100342,0.8164131045341492,-0.042362406849861145,0.14058566093444824,-0.09679801017045975,1.8082152605056763,-1.2891520261764526,-3.007472515106201,2.14715838432312,-1.2697135210037231,-5.084451198577881,-0.3395228981971741,-1.380428433418274,-5.324007511138916,0.29654598236083984,0.6012710928916931,0.863123893737793,0.5066534280776978,-1.323703646659851,0.2922487258911133,-6.26700496673584,-10.315393447875977,-6.366423606872559,-3.6335253715515137,3.9608306884765625,-4.370477199554443,-0.11127753555774689,-0.2923615276813507,-1.301523208618164,1.3565839529037476,2.5535550117492676,-0.20137350261211395,1.053702473640442,2.6888961791992188,-2.6673502922058105,3.1267483234405518,1.8301540613174438,0.6216041445732117
144,8.38609504699707,4.704315662384033,-1.3206082582473755,-0.5743846893310547,-1.7379167079925537,4.531121253967285,-0.4970337152481079,0.9074065685272217,1.1718298196792603,-3.6019248962402344,0.8141273856163025,-0.8550714254379272,-0.5895789861679077,0.6683163642883301,-2.722933053970337,0.5889771580696106,0.19972294569015503,-6.056163787841797,2.9034085273742676,-2.506945848464966,-4.677224159240723,1.474265217781067,-0.9125973582267761,-5.196709156036377,-1.1678982973098755,1.8456075191497803,-0.7655656337738037,0.05593130737543106,0.07542689144611359,0.008654098957777023,1.8685885667800903,-1.5138965845108032,-3.042677879333496,2.320061445236206,-1.255363941192627,-5.026648044586182,-0.8799055218696594,-1.5197041034698486,-6.704180717468262,-6.9425048828125,0.6313962340354919,5.420146942138672,-0.24204795062541962,-2.9692258834838867,-0.6354197263717651,-6.422485828399658,-10.488143920898438,-6.3116841316223145,-3.5402562618255615,3.8976595401763916,-4.396465301513672,-0.24563053250312805,-0.12352978438138962,-1.0505201816558838,1.292164921760559,2.625201463699341,-0.2895906865596771,1.1339107751846313,2.6661720275878906,-2.8403308391571045,2.5714712142944336,-0.8862673044204712,-1.6156924962997437
145,-0.5226038694381714,0.29209253191947937,1.555206060409546,-0.20012810826301575,-1.4835236072540283,4.1282219886779785,0.14643347263336182,3.0898196697235107,2.243365526199341,-3.7143261432647705,1.1679307222366333,-0.600570559501648,1.0344855785369873,0.01634359359741211,-1.872121810913086,-0.0006610080599784851,0.042046599090099335,-5.856273651123047,3.091779947280884,-2.354626178741455,-3.9266810417175293,-0.9584280252456665,-0.1023821011185646,-2.823396921157837,-0.7694277167320251,1.61249840259552,-0.795062780380249,0.048205915838479996,0.07464577257633209,-0.007917322218418121,1.9479414224624634,-1.3949666023254395,-3.2705352306365967,0.9824917912483215,0.7326174378395081,-1.031959056854248,-0.4886685311794281,-1.312205195426941,-5.885195732116699,-5.917350769042969,0.6438789367675781,4.966780185699463,-0.7872140407562256,-2.5220072269439697,-0.4200573265552521,-6.241364479064941,-10.194414138793945,-5.7890191078186035,-3.583733320236206,4.1025285720825195,-4.59345817565918,-1.7373942136764526,-1.101305603981018,-1.4153858423233032,1.1955103874206543,2.5950927734375,0.12233152985572815,0.9128878712654114,3.1121649742126465,-3.0804319381713867,2.0805137157440186,-0.3920658528804779,-1.6108282804489136
146,10.02784538269043,1.7907906770706177,-2.613438844680786,-15.021636962890625,2.271444320678711,11.992852210998535,-0.2959491014480591,0.32713955640792847,0.3730361759662628,-3.7843475341796875,0.865330159664154,-0.5338111519813538,-3.1705400943756104,5.657132148742676,-7.355434417724609,-0.2903333902359009,0.04915323108434677,-0.7274287939071655,2.3082895278930664,-3.01411771774292,-6.509438991546631,-0.04912368953227997,0.045573994517326355,-3.221395254135132,-1.325530767440796,0.7307320833206177,0.8256601095199585,0.03222357854247093,0.1373223215341568,-0.06137685105204582,2.586246967315674,-1.4418308734893799,-3.180600881576538,0.8615410327911377,1.700157642364502,-0.9657644033432007,-6.47646427154541,3.3222739696502686,-4.966800689697266,-2.52843976020813,0.1883375495672226,4.6759538650512695,0.7136630415916443,-3.2925522327423096,0.221910297870636,-6.983623027801514,-10.548380851745605,-5.7046709060668945,-4.362829685211182,5.655144214630127,-5.747854709625244,0.8477722406387329,1.293893575668335,1.6138988733291626,1.6070053577423096,3.3227555751800537,0.10885876417160034,0.8256531953811646,3.071647882461548,-2.835858106613159,3.9776904582977295,-1.6755913496017456,-3.447303295135498
147,-0.4788810610771179,1.3916425704956055,0.5035276412963867,-0.18075966835021973,-0.7961257100105286,5.36115026473999,-0.6598159670829773,1.3356854915618896,0.7136497497558594,-3.899458885192871,1.0002866983413696,-0.6001090407371521,-1.5618716478347778,2.34234356880188,-6.601781368255615,0.20911332964897156,0.16209834814071655,-3.802774667739868,3.345848798751831,-2.622173547744751,-3.806138038635254,-0.13637743890285492,-0.16078446805477142,-2.3287715911865234,-1.0537649393081665,0.8255952596664429,1.0712881088256836,0.013196274638175964,0.045708026736974716,-0.12861791253089905,1.1318691968917847,-2.0779895782470703,-1.5017911195755005,2.4293172359466553,-0.9320697784423828,-4.832329273223877,-2.731318473815918,-0.3013187646865845,-7.27848482131958,0.09844666719436646,0.8272460699081421,1.0763990879058838,-1.151800274848938,-3.4299063682556152,0.725784182548523,-7.241982460021973,-10.646905899047852,-5.557034015655518,-3.7369754314422607,4.41273307800293,-4.8991312980651855,0.2240995466709137,0.4233953356742859,-1.1973698139190674,0.5637497901916504,2.796889543533325,-0.1631796658039093,-0.05370236188173294,6.094659328460693,-6.660888195037842,1.9679960012435913,5.543622016906738,0.1863231211900711
148,-0.6170241832733154,-0.15334554016590118,0.6778029203414917,-1.0727335214614868,-1.7116988897323608,3.952707529067993,-0.46807730197906494,0.9584472179412842,1.3235383033752441,-3.176727533340454,0.9132218360900879,-0.4821471571922302,-2.227694511413574,1.7819782495498657,-0.21663032472133636,0.42973968386650085,-0.8085898160934448,-2.3019134998321533,2.6055543422698975,-2.440807819366455,-3.389651298522949,-0.018083006143569946,0.8906840682029724,-1.373375415802002,-3.2525634765625,3.0936548709869385,-6.090647220611572,0.027424074709415436,0.057325199246406555,-0.03448839858174324,1.1237244606018066,-2.48896861076355,-0.41430050134658813,2.0662975311279297,-0.7265611290931702,-3.487534999847412,-0.4231671988964081,-0.43215101957321167,-5.0388312339782715,0.17327073216438293,0.7052225470542908,0.7687395811080933,2.1365513801574707,-0.21103855967521667,-1.7549697160720825,-5.008650779724121,-7.733104705810547,-6.67648458480835,-3.918180227279663,1.6650184392929077,-3.006779432296753,1.6185864210128784,0.31532758474349976,1.2506444454193115,0.6221481561660767,2.524526834487915,-1.869531512260437,1.9202699661254883,2.231848955154419,-2.3573110103607178,0.028914030641317368,0.44361671805381775,-1.8742653131484985
149,-0.9865913987159729,0.5363692045211792,0.9072446823120117,-1.3915497064590454,-2.0254616737365723,4.143270492553711,-0.0657929927110672,0.35374218225479126,0.9609711170196533,-3.6967110633850098,0.795006275177002,-0.7662902474403381,-1.884842038154602,1.9869064092636108,-3.7374351024627686,0.6179535388946533,-0.34958088397979736,-1.70542311668396,2.7315375804901123,-1.8619974851608276,-2.6992805004119873,-0.08711159229278564,1.4255130290985107,-1.033695101737976,-3.6553475856781006,2.9371964931488037,-6.30775260925293,0.0198650024831295,0.058893464505672455,-0.018735546618700027,1.176443099975586,-2.602339506149292,-0.6334868669509888,1.0166891813278198,0.19366104900836945,1.109495759010315,-1.395774245262146,-1.0580737590789795,-5.632496356964111,0.29020965099334717,0.8322650790214539,0.627338171005249,0.10945287346839905,-2.2980382442474365,0.4086204171180725,-3.7357423305511475,-7.136500358581543,-7.162178993225098,-4.258993625640869,2.002960443496704,-3.371295928955078,-0.2815759479999542,0.7142279744148254,0.31841129064559937,0.3746195137500763,2.38285493850708,-1.6011817455291748,1.8788491487503052,1.5167652368545532,-2.283315658569336,-1.1253520250320435,3.5222198963165283,0.36125603318214417
150,-1.0337692499160767,0.5437686443328857,1.0081150531768799,-1.126798391342163,-1.952796459197998,4.171048164367676,0.13084670901298523,0.2994782328605652,0.8145689964294434,-3.7421271800994873,1.0781655311584473,-0.8388471603393555,-2.103336811065674,1.7472825050354004,-3.8353044986724854,0.3132094144821167,-0.11124422401189804,-4.930991172790527,2.7553184032440186,-1.9022316932678223,-2.7967586517333984,-0.04313117265701294,1.520491600036621,-1.086777687072754,-3.5988070964813232,3.072033405303955,-6.726747035980225,0.01564423367381096,0.06568793952465057,-0.012764666229486465,1.105033278465271,-2.7088773250579834,-0.6509236097335815,1.1198363304138184,0.2548966407775879,0.9466954469680786,-1.1873599290847778,-0.6852580308914185,-5.2251176834106445,0.25148698687553406,0.8280122876167297,0.6934338808059692,0.08432076871395111,-2.1949708461761475,0.4130113124847412,-4.160463809967041,-7.681737899780273,-6.65089225769043,-4.308372497558594,1.9460804462432861,-3.361182928085327,2.1202099323272705,0.5394656658172607,0.9023534655570984,0.4721088409423828,2.4493422508239746,-1.568759560585022,1.806221604347229,1.454038381576538,-2.1689493656158447,-1.1975011825561523,3.4377613067626953,0.34176236391067505
151,-0.9302855730056763,0.7283396124839783,0.7185940742492676,-1.163209080696106,-1.7539818286895752,4.036263465881348,-0.5018295049667358,0.852103590965271,1.377368450164795,-2.925048828125,0.7107786536216736,-0.7157045006752014,-0.5988761186599731,-0.12777787446975708,-1.383367896080017,0.34585049748420715,-0.40182650089263916,-4.895190715789795,2.6234934329986572,-1.6877667903900146,-2.6960084438323975,0.04551486670970917,1.0735715627670288,-1.167925477027893,-3.0605335235595703,3.062232255935669,-6.170638561248779,0.07226123660802841,0.058450017124414444,-0.005811301991343498,1.2862411737442017,-2.6263184547424316,-0.4769165813922882,1.0670334100723267,0.25198227167129517,0.883945882320404,-2.1687984466552734,-1.2374869585037231,-5.857182025909424,0.25348949432373047,0.7127125263214111,0.5940353870391846,-0.158450186252594,-1.9975789785385132,0.18617016077041626,-4.919464588165283,-8.248664855957031,-6.616123676300049,-4.148311138153076,1.8613579273223877,-3.0015809535980225,-0.9281142950057983,1.275871992111206,-0.7986688613891602,1.1000566482543945,3.1480157375335693,-1.2912235260009766,-0.25557130575180054,4.439330577850342,-1.700934648513794,-0.9757424592971802,3.0438945293426514,0.2851414084434509
152,-2.828052043914795,-0.6132952570915222,4.489169120788574,0.20834705233573914,-1.2475414276123047,5.222163200378418,-0.6127208471298218,0.7626319527626038,1.7370374202728271,-4.521885871887207,1.1625479459762573,-1.2855747938156128,-3.242570400238037,-0.18385064601898193,-1.828118920326233,0.7157797813415527,-0.38018396496772766,-4.37056303024292,2.395336389541626,-1.8690487146377563,-3.0091917514801025,-1.2930662631988525,0.35416072607040405,-2.679753541946411,-2.848564386367798,3.7851414680480957,-6.054834842681885,0.07615821808576584,0.054168589413166046,-0.005607146769762039,1.900528907775879,-0.7920770645141602,-2.0541064739227295,1.9311972856521606,-0.8973332047462463,-3.628106117248535,-2.488126754760742,-0.1634817272424698,-7.560277462005615,0.24783869087696075,0.7573679685592651,0.7987773418426514,-0.8404157161712646,-2.633002519607544,0.11985228955745697,-2.1745853424072266,-2.801513195037842,-1.779374599456787,-3.460456609725952,1.1823490858078003,-2.814025640487671,-4.7388410568237305,1.5625951290130615,-0.09195207804441452,0.16026923060417175,2.3847057819366455,-1.9256848096847534,1.9907991886138916,2.689136028289795,-3.193521022796631,-1.1453461647033691,2.9071080684661865,0.41692325472831726
153,1.3998643159866333,6.6029767990112305,4.882645606994629,-0.6697276830673218,-1.6386998891830444,3.482004404067993,-0.5054211616516113,3.7199478149414062,2.2229506969451904,-3.340467691421509,1.5286939144134521,-0.8198743462562561,-1.0298622846603394,1.0695277452468872,-3.3991823196411133,0.38914623856544495,0.30868539214134216,-3.441288471221924,3.6449315547943115,-2.198467493057251,-2.210841178894043,-0.45944011211395264,0.20640793442726135,-1.2408480644226074,-1.7158359289169312,-0.021125372499227524,-3.759711980819702,0.023241031914949417,0.04534608870744705,-0.06542611867189407,1.6279324293136597,-2.840409517288208,-1.3489595651626587,2.021784782409668,-1.3831167221069336,-4.1057634353637695,-2.1067657470703125,-0.14196468889713287,-6.570699214935303,0.7394673228263855,0.1774173527956009,-0.18008658289909363,-1.3421720266342163,-1.8244401216506958,0.44642189145088196,-2.7932286262512207,-2.196662664413452,-1.7045786380767822,-3.9080517292022705,2.4635651111602783,-2.6313350200653076,-4.5221757888793945,1.493101954460144,-0.981829047203064,-5.150805473327637,4.841806888580322,0.26010584831237793,0.8446951508522034,3.4356913566589355,-2.6812219619750977,-1.0103659629821777,2.455747365951538,0.38480085134506226
154,0.4914916455745697,1.8729074001312256,1.5051918029785156,-0.7765101790428162,-1.6841187477111816,3.906752109527588,-0.0602923184633255,3.185746908187866,1.6757491827011108,-4.016875267028809,1.2990431785583496,-2.2004854679107666,-2.3579466342926025,-1.71291983127594,-2.155214786529541,1.3043333292007446,-0.3001815974712372,-1.9231412410736084,4.464021682739258,-3.272770643234253,-3.1078360080718994,0.30787068605422974,-1.4385547637939453,-3.9965476989746094,-1.9666308164596558,0.35145676136016846,-4.3373517990112305,0.02316022664308548,0.1017066165804863,0.016602657735347748,1.2383497953414917,-2.252680540084839,-0.11589689552783966,2.0006051063537598,-1.6425364017486572,-4.392905235290527,-0.5072779059410095,-1.9492461681365967,-7.0457963943481445,-3.980482816696167,0.38550496101379395,3.324458122253418,-1.3450911045074463,-2.603060007095337,0.7321958541870117,-2.0977718830108643,-2.4272959232330322,-1.6852834224700928,-4.24712610244751,2.3971245288848877,-2.4595041275024414,-4.5123796463012695,1.68073308467865,-0.3476485013961792,0.8330538868904114,1.8238866329193115,-0.44299042224884033,1.7190200090408325,2.7659800052642822,-2.533582925796509,2.0568761825561523,2.3687710762023926,-1.1746184825897217
155,0.5528857111930847,1.1856017112731934,0.9458571672439575,0.7073580622673035,-0.6749958395957947,5.228711128234863,-0.5193502902984619,1.5027151107788086,1.369744896888733,-4.702373504638672,1.0007272958755493,-2.4237735271453857,-3.4257302284240723,2.0417912006378174,-2.7527544498443604,0.8453489542007446,-0.05988463759422302,-1.2928372621536255,2.5100960731506348,-2.3672244548797607,-3.8647100925445557,-0.3419002890586853,0.5340054035186768,-0.7454171180725098,-1.127572774887085,1.70437490940094,0.39919033646583557,0.06511396914720535,0.06830958276987076,0.020667491480708122,0.8026891350746155,-1.6351336240768433,-0.7525716423988342,2.2033612728118896,-2.323763132095337,-4.497988224029541,-0.11961101740598679,-2.3148305416107178,-6.664758205413818,-0.04099613055586815,0.6163846254348755,0.7986745238304138,-1.4524859189987183,-1.9177786111831665,-0.09829749912023544,-6.917771339416504,-8.282866477966309,-8.41697883605957,-2.939229726791382,2.727428913116455,-3.9616494178771973,-4.085776329040527,1.1096752882003784,0.4707375168800354,0.5199114680290222,1.6344400644302368,-0.16580438613891602,1.8635190725326538,2.8765063285827637,-3.108109712600708,3.208832025527954,2.1361212730407715,-0.4839304983615875
156,0.07532933354377747,1.2059704065322876,1.3052141666412354,-0.361374169588089,-1.2797104120254517,2.7843596935272217,-0.6574426889419556,1.715161681175232,1.4697473049163818,-4.096004962921143,1.2593892812728882,-1.9126064777374268,-1.6628438234329224,0.48792144656181335,-1.1218063831329346,1.2210323810577393,-0.35003769397735596,-5.660494804382324,2.4659829139709473,-2.0040440559387207,-3.48309063911438,-0.3403041958808899,0.7768423557281494,-0.5785620212554932,-0.6323360800743103,0.5974376201629639,-0.0014312705025076866,0.06901112198829651,0.08283562958240509,0.045711468905210495,0.7065388560295105,-1.6248191595077515,-0.9068872332572937,0.7374887466430664,0.5049333572387695,-0.954551637172699,-0.9458171725273132,-1.4424419403076172,-6.813376426696777,0.20285844802856445,0.5110834240913391,0.384268194437027,-0.6734206080436707,-1.8285208940505981,-0.3804433345794678,-6.574583053588867,-8.445398330688477,-6.862050533294678,-2.651789426803589,2.5479304790496826,-3.69814133644104,-3.5261294841766357,0.9341065883636475,0.49566811323165894,0.5282747149467468,1.420668125152588,-0.2932603359222412,1.429526448249817,2.079214572906494,-2.012782096862793,3.1292383670806885,1.7875550985336304,0.030423082411289215
157,-1.3852555751800537,-0.10813053697347641,-0.253078818321228,0.5301716923713684,-0.6929926872253418,5.51318359375,0.24216264486312866,2.122699737548828,1.1711816787719727,-4.219222068786621,1.677091121673584,-2.3264031410217285,-2.529216766357422,0.6830730438232422,-1.7438228130340576,1.075576663017273,-0.21335071325302124,-1.8824957609176636,2.1812450885772705,-1.7489885091781616,-3.5289218425750732,-1.0365873575210571,0.18750019371509552,-2.1502022743225098,-1.08389413356781,1.1634626388549805,0.5813820362091064,0.07295683026313782,0.10596638172864914,0.022230207920074463,0.7994321584701538,-1.8937058448791504,-0.9704917669296265,1.095038652420044,0.5102169513702393,-0.9501767158508301,-0.8605983257293701,-1.7388132810592651,-7.076032638549805,0.4494493901729584,0.6335251927375793,0.3330739140510559,-0.9526119828224182,-1.8808331489562988,0.011953644454479218,-6.850643634796143,-8.125280380249023,-6.3060197830200195,-1.8695143461227417,1.0357235670089722,-2.5239763259887695,0.6735594272613525,0.5545898079872131,0.37839052081108093,-4.081847667694092,3.473273992538452,-0.0577058345079422,1.5231411457061768,2.8621153831481934,-2.9701054096221924,3.122009754180908,2.0711231231689453,-0.03533650562167168
158,-0.49907225370407104,-0.07276485115289688,-0.5361428260803223,0.5663813352584839,-0.620374321937561,5.891789436340332,0.15792608261108398,2.3499298095703125,1.2391356229782104,-4.459831714630127,1.540772557258606,-2.530125856399536,-3.6054162979125977,0.19543978571891785,-1.1216920614242554,1.0005608797073364,-0.22519433498382568,-1.900090217590332,2.3257012367248535,-2.0448806285858154,-3.6757991313934326,-0.8895931243896484,-0.5575215220451355,-2.817624092102051,-1.084032416343689,1.1333035230636597,0.599520206451416,0.0738198310136795,0.1128448098897934,0.026757050305604935,0.8111810684204102,-1.9038617610931396,-1.0207040309906006,1.249781608581543,0.6640132665634155,-0.7224404811859131,-0.7051551938056946,-1.8534159660339355,-7.085690498352051,0.5633041262626648,0.6648770570755005,0.321451336145401,-1.0380383729934692,-2.0638158321380615,-0.1351715624332428,-6.903919696807861,-8.129570007324219,-7.465428829193115,-2.0747721195220947,0.9608073830604553,-2.5279688835144043,0.9812709093093872,0.5910761952400208,0.35857823491096497,-3.4173312187194824,2.9116859436035156,-0.15710832178592682,1.7838938236236572,2.8259308338165283,-3.088841676712036,2.85227632522583,2.124335765838623,0.7138268351554871
159,-0.30174773931503296,2.0459492206573486,2.2155375480651855,-0.2408534586429596,-1.8973077535629272,3.5963730812072754,0.057220131158828735,2.737394094467163,1.0151158571243286,-2.3510560989379883,0.5015744566917419,-0.4467628002166748,-0.8237553834915161,0.013571299612522125,-1.94016695022583,0.18933352828025818,0.12316318601369858,-5.479735851287842,3.1266722679138184,-1.2516562938690186,-2.740753412246704,-1.6372429132461548,-0.47687458992004395,-2.4730348587036133,-0.35294538736343384,0.5822640657424927,-0.06198536604642868,0.08801254630088806,0.0978766530752182,0.04046383872628212,0.9989966154098511,-2.028517246246338,-1.5085079669952393,1.1573691368103027,0.5725590586662292,-0.7658597230911255,0.18057507276535034,-1.89226496219635,-6.358880996704102,-2.5128695964813232,0.07177300751209259,2.205658197402954,0.1588592678308487,-1.560854434967041,-0.49143147468566895,-6.062965393066406,-8.767583847045898,-2.793151617050171,-2.089143753051758,0.09085114300251007,-4.036631107330322,-16.498682022094727,0.5542769432067871,12.382050514221191,-4.393549919128418,3.240177631378174,-0.21736805140972137,1.5394575595855713,1.9126887321472168,-2.4546396732330322,-1.3121994733810425,0.41529253125190735,-0.9896606802940369
160,-0.3987621068954468,2.1821553707122803,2.1318488121032715,-0.4732832908630371,-1.5199323892593384,3.412782907485962,0.07208260893821716,2.905273199081421,1.276246428489685,-2.4234843254089355,0.418062686920166,-0.4626678228378296,-4.146504878997803,0.5329781770706177,-1.2071129083633423,2.044645309448242,0.3705403208732605,-1.4735872745513916,3.379945993423462,-1.931742548942566,-2.8976657390594482,-1.698327660560608,-0.50164794921875,-2.602837085723877,-0.377386212348938,0.5917512774467468,-0.07732147723436356,0.091232068836689,0.10265866667032242,0.05581485480070114,1.119809865951538,-2.4392688274383545,-1.310775876045227,1.270553708076477,0.668700098991394,-0.9768785834312439,-1.273367166519165,-2.6111464500427246,-7.727359294891357,-8.393695831298828,0.06372426450252533,5.6014275550842285,-0.129255011677742,-1.6889598369598389,-0.42583999037742615,-8.447736740112305,-10.687151908874512,-2.2847232818603516,-1.9048175811767578,-0.7281034588813782,-4.300107955932617,-17.163414001464844,0.5331078767776489,12.176859855651855,-4.138054370880127,3.4017341136932373,-0.3870633840560913,1.1038106679916382,2.8167130947113037,-2.413785457611084,-1.4527857303619385,0.37976953387260437,-0.9913517832756042
161,2.5954716205596924,-1.20479416847229,-0.8934412002563477,0.1905108392238617,0.6289951205253601,6.644769668579102,-0.04008348286151886,2.863638162612915,1.201590657234192,-2.4614999294281006,0.42007216811180115,-0.41874152421951294,-3.0338563919067383,-0.8344675302505493,-3.4648542404174805,1.6184910535812378,0.20788466930389404,-1.3958842754364014,3.5770156383514404,-1.6163818836212158,-2.4907338619232178,-1.8643349409103394,-0.24540939927101135,-2.6782333850860596,-0.24734817445278168,0.6071686744689941,-0.23663200438022614,0.07826987653970718,0.10270778834819794,0.038001637905836105,-4.648322582244873,2.100369691848755,0.7565315365791321,1.1505024433135986,0.6562929749488831,-0.9818944931030273,-1.0627858638763428,-2.4468183517456055,-7.431528091430664,-3.4153552055358887,0.18010929226875305,2.692065715789795,-0.3799479305744171,-2.2872488498687744,0.4094889461994171,-8.925176620483398,-11.758529663085938,-2.4192593097686768,-1.7587637901306152,-0.1898583322763443,-4.614617347717285,-0.6197270154953003,0.48602181673049927,0.1323835253715515,-0.016984395682811737,1.407631278038025,-0.5987957715988159,1.1791141033172607,2.133693218231201,-2.356764316558838,-0.8097206354141235,1.88825261592865,0.1571831852197647
162,-0.71151202917099,2.089261531829834,1.9082908630371094,-0.16768792271614075,0.8921087384223938,6.660662651062012,-4.433130264282227,0.3786328434944153,2.3415517807006836,-2.453455924987793,0.37612637877464294,-0.45912474393844604,-3.0505669116973877,-0.8933161497116089,-3.2004506587982178,1.8300403356552124,0.4114663004875183,-1.3617424964904785,4.43392276763916,-3.0467770099639893,-3.1128735542297363,-1.9612926244735718,-0.5171492099761963,-2.8304390907287598,-0.39160650968551636,0.6214147210121155,-0.2673874497413635,0.07940918207168579,0.10541276633739471,0.05666595697402954,-4.358227729797363,2.098126173019409,0.800076961517334,1.2566726207733154,0.481395423412323,-0.906958281993866,-1.3078334331512451,-2.7936489582061768,-7.66875696182251,-3.639406204223633,0.10232895612716675,2.5615427494049072,0.050055015832185745,-1.773503065109253,-0.7333369255065918,-8.38871955871582,-10.19974136352539,-5.7912821769714355,-1.794994592666626,-0.9325246214866638,-4.272479057312012,0.4966360926628113,-0.10030405968427658,-0.13010630011558533,-0.7333417534828186,0.06522602587938309,0.5930432081222534,1.3436095714569092,2.1198456287384033,-2.2678816318511963,2.448850631713867,1.6329295635223389,1.1556916236877441
163,-0.6665693521499634,2.0067951679229736,1.938438892364502,0.05225731059908867,0.9207975268363953,6.5467400550842285,-4.414831161499023,0.49818986654281616,2.4176440238952637,-2.452913761138916,0.3758713901042938,-0.5621605515480042,-2.8770439624786377,-1.1570096015930176,-3.1758151054382324,1.9820884466171265,0.46380773186683655,-1.3587729930877686,1.5896220207214355,-1.0573515892028809,-3.393023729324341,-1.846192479133606,-0.6814097762107849,-2.952166795730591,-1.3373653888702393,1.8633031845092773,0.015217491425573826,0.07873483747243881,0.10303712636232376,0.050123181194067,-4.554060935974121,1.98806631565094,0.6809253096580505,1.1444348096847534,-0.8119175434112549,-4.102248191833496,1.2955331802368164,-2.5420727729797363,-6.296343803405762,-3.667813301086426,0.12909984588623047,2.5219955444335938,0.028615344315767288,-1.7900269031524658,-0.6687490940093994,-9.836546897888184,-12.36686897277832,-2.0459132194519043,-1.8129287958145142,-0.7325018644332886,-4.073939323425293,-0.1737322360277176,0.6411147713661194,0.3861924707889557,-0.9057244658470154,-0.04597363620996475,0.7423545122146606,1.297451376914978,2.2921297550201416,-2.286820888519287,-1.6993422508239746,0.24736866354942322,-0.12501676380634308
164,-0.43862101435661316,1.7646273374557495,1.8802872896194458,0.3095833957195282,1.0992717742919922,7.289947032928467,-4.860987186431885,0.02883291244506836,2.190749168395996,-2.2743937969207764,0.3852033019065857,-0.4866299629211426,-3.3155910968780518,-1.0038267374038696,-2.647165298461914,1.3797297477722168,0.12332258373498917,-1.1741671562194824,1.929588794708252,-0.8768993616104126,-3.1984786987304688,-1.567264437675476,-0.7047576904296875,-2.9740540981292725,-1.1705775260925293,1.5647577047348022,0.46269840002059937,0.0833449736237526,0.1079312264919281,0.06134733557701111,-4.581599235534668,2.0454373359680176,0.7151576280593872,1.218518614768982,0.6620627641677856,-1.014021873474121,-0.9873129725456238,-2.470977783203125,-7.335848331451416,-4.557918548583984,0.1349436193704605,2.863492488861084,-0.3562428951263428,-1.8409559726715088,-0.6957772970199585,-9.55831527709961,-11.725601196289062,-2.540041446685791,-1.8727116584777832,0.6336674690246582,-2.1764841079711914,-0.41807523369789124,0.4338770806789398,0.346760630607605,0.96318519115448,1.5993733406066895,0.3680661916732788,1.4315369129180908,2.1249637603759766,-2.008789539337158,2.7416722774505615,2.315885066986084,0.6272991299629211
165,9.226553916931152,3.041396141052246,-2.072953462600708,0.15626519918441772,-0.05943053960800171,5.54648494720459,0.022803932428359985,3.04742693901062,1.2090072631835938,-2.536630153656006,0.558374285697937,-0.34544336795806885,-2.7679781913757324,-0.7183386087417603,-3.421769618988037,1.6518033742904663,0.40982863306999207,-1.2574388980865479,2.9259731769561768,-1.115382194519043,-2.5281260013580322,-1.922908902168274,-0.23725321888923645,-2.7339372634887695,-0.2991843819618225,0.5594919323921204,-0.2508053183555603,0.08356178551912308,0.09929798543453217,0.045747946947813034,-4.183827877044678,1.9660508632659912,0.8020750880241394,1.1360607147216797,0.5040026903152466,-0.9233172535896301,1.2104326486587524,-2.452357292175293,-6.4512434005737305,-2.8381011486053467,0.28879547119140625,2.3692643642425537,0.21508599817752838,-1.6716938018798828,-0.5892597436904907,-8.663681983947754,-11.483831405639648,-2.5675573348999023,-1.77252995967865,-0.7821898460388184,-4.037553787231445,-0.3974655866622925,0.6247429251670837,0.18290869891643524,-0.39460489153862,1.8987663984298706,0.6706506013870239,1.1425285339355469,2.2239041328430176,-2.2285025119781494,2.2019541263580322,1.824276089668274,1.1082355976104736
166,-0.6753164529800415,1.973153829574585,1.9835816621780396,0.14355522394180298,0.8503789901733398,6.769444465637207,-4.1876540184021,0.4107069969177246,2.462747573852539,-2.1934220790863037,0.35926535725593567,-0.6714513897895813,-2.6360673904418945,-1.0769249200820923,-3.835479974746704,1.8330496549606323,0.37878069281578064,-1.1800000667572021,4.4670867919921875,-2.8715426921844482,-2.686685562133789,-1.6914759874343872,-0.5933796167373657,-2.919212818145752,-1.2463308572769165,1.7167330980300903,0.20957092940807343,0.05692429095506668,0.10091080516576767,0.047329820692539215,-4.71722412109375,2.3117313385009766,0.6480591297149658,1.1387248039245605,0.49303683638572693,-0.9024826288223267,0.6474930047988892,-2.2749316692352295,-6.894312381744385,0.1709882616996765,-0.01318126916885376,-0.04451826214790344,0.12043552845716476,-1.6311008930206299,-0.7865821123123169,-10.003174781799316,-12.15739631652832,-2.1083717346191406,-1.8901963233947754,0.5738563537597656,-2.011807918548584,0.36044564843177795,-0.09190904349088669,-0.12621501088142395,-4.396482467651367,3.748922824859619,-0.46129459142684937,1.4940109252929688,1.981377363204956,-2.39150333404541,3.0203027725219727,1.7793855667114258,-0.014019024558365345
167,-0.7382653951644897,2.141364097595215,2.0096187591552734,-0.08141300827264786,0.55915367603302,6.464312553405762,-4.454187393188477,0.3769068717956543,2.4435033798217773,-2.409146308898926,0.40067797899246216,-0.6124699711799622,-2.6923904418945312,-1.3142147064208984,-3.325946569442749,2.017773151397705,0.41389843821525574,-1.2301019430160522,1.601915717124939,-0.935972273349762,-3.0885560512542725,-1.8124016523361206,-0.5814443826675415,-2.8661389350891113,-1.2039941549301147,1.5420284271240234,0.5072941184043884,0.08499547094106674,0.09728847444057465,0.04381886497139931,-4.779299259185791,2.224900245666504,0.5267674326896667,2.150620460510254,-2.4241676330566406,-4.112083435058594,1.1320134401321411,-2.397068738937378,-6.651424884796143,-3.613144874572754,0.034492820501327515,2.508877754211426,0.1462128609418869,-1.576053500175476,-0.5843357443809509,-7.196866512298584,-9.196282386779785,-7.147847652435303,-2.148552417755127,0.6243963241577148,-2.0619559288024902,-0.4872990548610687,0.634391188621521,0.22665727138519287,-0.841036319732666,-0.04821110516786575,0.5826543569564819,1.4223339557647705,2.038288116455078,-2.233959197998047,-1.7051454782485962,0.3640027642250061,-0.20630092918872833
168,-0.42575904726982117,1.342515230178833,1.7543351650238037,0.02155233919620514,0.19424277544021606,5.6506805419921875,-5.250741004943848,-0.17945817112922668,1.8723658323287964,-2.345210313796997,0.42806994915008545,-0.563602089881897,-2.780353307723999,-1.8685919046401978,-2.898425579071045,2.3368937969207764,0.3623257875442505,-1.6374930143356323,5.000211238861084,-3.422224998474121,-2.877124309539795,-0.4380640387535095,1.4983221292495728,-0.9360806941986084,-1.1517360210418701,1.56842041015625,0.6679153442382812,0.08492331206798553,0.09767813235521317,0.056947872042655945,-4.693238735198975,2.5476558208465576,0.6528233885765076,1.2788838148117065,0.8011735081672668,-0.7764731645584106,0.8016353249549866,-2.218169927597046,-6.45488977432251,0.41994509100914,0.45541220903396606,0.018046824261546135,-0.18685394525527954,-1.5209383964538574,-0.5343338251113892,-8.156327247619629,-10.85929012298584,-4.020026683807373,-2.0106539726257324,1.2915841341018677,-2.0694661140441895,0.3888642489910126,-0.012260578572750092,-0.09916874766349792,-0.23130223155021667,2.044372081756592,0.5266110301017761,1.645398497581482,2.0006608963012695,-2.3345367908477783,2.961750030517578,1.7957054376602173,0.28480157256126404
169,-0.12831291556358337,1.2524604797363281,1.6828274726867676,0.339118093252182,0.601899266242981,5.943809986114502,-4.858668327331543,0.14686617255210876,1.8212765455245972,-2.2585289478302,0.43412524461746216,-0.5589427947998047,-2.96992826461792,-1.6649833917617798,-3.011242389678955,2.169492244720459,0.4619644582271576,-1.673142910003662,4.851248741149902,-3.1057047843933105,-3.060429096221924,-0.4234797954559326,1.3385800123214722,-0.9538801312446594,-1.1996450424194336,1.6219736337661743,0.5877665877342224,0.07974880933761597,0.09617578238248825,0.047836050391197205,-4.931020259857178,2.5913524627685547,0.6819261908531189,1.2686172723770142,0.8829004764556885,-0.8629047870635986,-1.391767978668213,-1.5525617599487305,-6.8309783935546875,0.1477714329957962,0.035609789192676544,0.009158696979284286,-1.0478084087371826,-2.178722620010376,0.6506400108337402,-7.888189792633057,-10.484718322753906,-3.2496249675750732,-2.0712006092071533,1.1206823587417603,-2.079904317855835,0.3377225399017334,0.051802683621644974,-0.010629270225763321,-0.2237902581691742,2.1600148677825928,0.4393324851989746,1.585961937904358,2.0431668758392334,-2.187917947769165,2.942011594772339,1.8138903379440308,0.11448623239994049
170,-0.6520264744758606,1.890520453453064,1.2692012786865234,-0.038926415145397186,-0.06861724704504013,5.653264045715332,0.017100736498832703,2.815463066101074,0.9439043998718262,-2.2803566455841064,0.7839975357055664,0.10791125893592834,-2.126904249191284,-1.982022762298584,-3.4098703861236572,1.1131298542022705,0.33492204546928406,-1.1250380277633667,1.243525743484497,-0.5463594198226929,-2.4480934143066406,-1.2932852506637573,0.9699552655220032,-1.6010690927505493,-0.3628554344177246,1.2129180431365967,0.7519703507423401,0.08356496691703796,0.08337537199258804,0.030693423002958298,-4.496608257293701,2.2610843181610107,0.778308093547821,1.0842612981796265,-0.6875770688056946,-3.8919944763183594,-0.8799667358398438,-1.714361310005188,-6.985162258148193,0.2075352668762207,0.3898974657058716,0.31690534949302673,-0.17035512626171112,-1.1496243476867676,-0.4246920347213745,-7.141127109527588,-10.068532943725586,-4.665194511413574,-2.326767683029175,1.3218761682510376,-2.3047337532043457,0.22541725635528564,0.0007628947496414185,0.5381325483322144,-4.237187385559082,3.1557083129882812,-0.5829631686210632,1.5123871564865112,2.024214267730713,-2.0884108543395996,3.323824644088745,1.4299060106277466,0.04295574501156807
171,-0.763265073299408,1.3926825523376465,1.4653923511505127,-0.2271069586277008,-0.3861609399318695,5.610363960266113,0.11242316663265228,2.448726177215576,0.8431812524795532,-2.37862491607666,0.7741405963897705,0.02300967276096344,-2.5725343227386475,-1.8648345470428467,-3.909482002258301,0.8031874299049377,0.37583473324775696,-0.9847860336303711,0.6193482279777527,-0.3194073736667633,-1.7447386980056763,-0.07966969907283783,-0.48526644706726074,-3.3908488750457764,-0.6164600253105164,0.39912593364715576,0.2059258669614792,0.09417710453271866,0.10472000390291214,0.04765797778964043,-4.368936061859131,1.9490760564804077,0.6806291937828064,1.0002094507217407,-0.7878457307815552,-3.778944492340088,-0.9577177166938782,-1.7929638624191284,-7.021886348724365,0.15131257474422455,0.5635194778442383,0.353400319814682,-0.8361713290214539,-1.7177351713180542,1.0726120471954346,-5.787402153015137,-9.001138687133789,-4.90183687210083,-2.674160957336426,1.370771050453186,-2.199486494064331,-0.8355333805084229,0.969664454460144,-0.05312241241335869,-3.9036104679107666,2.9833621978759766,-0.8112863302230835,-0.3561443090438843,2.6165575981140137,-0.417702317237854,0.26308733224868774,-0.9601876735687256,-2.8512117862701416
172,-0.7036430239677429,0.9788610339164734,1.372854471206665,-0.11401166766881943,-0.17495733499526978,5.896474361419678,0.23814785480499268,2.029452323913574,0.932176947593689,-2.5496582984924316,0.7546302676200867,-0.12053804099559784,-2.433290958404541,-1.8889271020889282,-4.002502918243408,0.8507798314094543,0.35012149810791016,-0.8878847360610962,0.5816594958305359,-0.3271131217479706,-1.6816893815994263,0.0419757217168808,-0.6053040027618408,-3.563030242919922,-0.769251823425293,0.46360209584236145,0.15727539360523224,0.09002328664064407,0.10731945186853409,0.044716209173202515,-4.415566444396973,2.1048927307128906,0.7259349822998047,1.0814166069030762,-0.8989168405532837,-3.9448888301849365,-1.0288646221160889,-1.6823583841323853,-7.005197525024414,-3.5235366821289062,0.007382884621620178,4.0599365234375,-1.0101910829544067,-1.73140549659729,1.1523511409759521,-6.119124412536621,-9.540990829467773,-4.734499454498291,-2.827934980392456,1.3648102283477783,-2.1004176139831543,-0.689197301864624,0.8756284713745117,-0.12978503108024597,-4.259837627410889,3.094552993774414,-0.7704446315765381,-0.48499318957328796,2.595475673675537,-0.4859604239463806,0.23353075981140137,-1.0942552089691162,-2.827820062637329
173,-0.7469483017921448,1.3726664781570435,1.3925294876098633,-0.1390504539012909,-0.1390855759382248,5.958678722381592,-1.408387303352356,2.251269817352295,2.0282843112945557,-2.5151207447052,0.7165567278862,-0.12597928941249847,-2.444288969039917,-2.015493154525757,-4.059630870819092,0.9146711826324463,0.3539297878742218,-0.9252502918243408,0.6781340837478638,-0.3797653317451477,-1.7538970708847046,-0.011516347527503967,-0.5945895910263062,-3.626248836517334,-0.7165995836257935,0.4129723310470581,0.06884191185235977,0.09107188135385513,0.10444021224975586,0.04262504354119301,-4.327502250671387,2.0768251419067383,0.6668180227279663,1.1313436031341553,-0.89730304479599,-4.058328628540039,-1.3344323635101318,-1.5730801820755005,-6.885268211364746,0.22152674198150635,0.6254559755325317,0.3701015114784241,-1.01809823513031,-1.8517217636108398,1.0715689659118652,-6.139765739440918,-9.30307388305664,-4.797354698181152,-2.781376361846924,1.2794710397720337,-2.1696975231170654,1.0488739013671875,0.1282326579093933,0.32040026783943176,-4.133863925933838,3.0380513668060303,-0.7980454564094543,-0.39625829458236694,2.5988125801086426,-0.4850970506668091,0.24217616021633148,-1.0605518817901611,-2.757878303527832
174,-0.7129095196723938,1.319887399673462,1.2354581356048584,-0.1858414113521576,-0.5023106336593628,5.414515018463135,0.23248805105686188,2.2516305446624756,0.9599878787994385,-2.4545795917510986,0.8716211915016174,0.09026879072189331,-2.2181012630462646,-1.9427210092544556,-3.6939351558685303,0.960144579410553,0.3563891053199768,-0.9659826755523682,0.5716444849967957,-0.3541052043437958,-1.8280696868896484,-1.3114871978759766,0.6670483350753784,-1.5022883415222168,-0.3835638761520386,0.965425431728363,0.6747924089431763,0.08718912303447723,0.0975893884897232,0.039833638817071915,-4.318663597106934,2.0421226024627686,0.7646468877792358,1.0493710041046143,-0.7462055683135986,-3.695936441421509,-0.8149111866950989,-1.7305535078048706,-6.864861965179443,0.1568930447101593,0.5644434094429016,0.3882143497467041,-0.21443943679332733,-1.2617818117141724,-0.2663072347640991,-5.351724147796631,-8.696432113647461,-5.501688480377197,-2.5923471450805664,1.2764842510223389,-2.3013484477996826,-0.7826361656188965,0.9093146920204163,-0.007685007527470589,-3.8974125385284424,2.9402670860290527,-0.5702752470970154,1.333591341972351,2.092787981033325,-1.895896077156067,0.13564960658550262,-0.8940671682357788,-2.7638752460479736
175,-0.5244777202606201,1.7687437534332275,1.5116193294525146,-0.30892306566238403,-0.23055347800254822,5.6037702560424805,0.11962297558784485,3.052882671356201,0.9972444772720337,-2.559544801712036,0.8935267329216003,0.13433675467967987,-2.4939656257629395,-1.590631127357483,-4.760280132293701,0.9759519100189209,0.3699212372303009,-1.0214651823043823,0.6998692750930786,-0.40584859251976013,-2.201603412628174,-1.2414095401763916,0.7954047322273254,-1.556882381439209,-0.4085201621055603,0.9965667128562927,0.6758152842521667,0.09014411270618439,0.08954278379678726,0.040190815925598145,-4.68108606338501,2.224191665649414,0.5678965449333191,1.084911584854126,0.9185423851013184,-0.8843627572059631,-1.062856674194336,-1.7270455360412598,-6.7524495124816895,0.0821322500705719,0.5128586888313293,0.39701220393180847,-0.34634196758270264,-1.3539310693740845,-0.2687789797782898,-5.171006202697754,-8.414965629577637,-5.49098014831543,-2.5844407081604004,1.1995238065719604,-2.344372034072876,-1.0295205116271973,0.8972176909446716,0.0985766351222992,-3.417522668838501,2.874145984649658,-0.5638172626495361,1.479083776473999,2.001530885696411,-2.073216199874878,-0.6156159043312073,1.9454190731048584,0.25681939721107483
176,-0.37259894609451294,1.7690297365188599,1.518176794052124,-0.4314574599266052,-0.3356854319572449,5.504778861999512,0.09960390627384186,3.0316500663757324,1.0500011444091797,-2.4122443199157715,0.8171597123146057,-0.0038254261016845703,-2.170719861984253,-1.928763508796692,-4.697717666625977,1.1241735219955444,0.37450194358825684,-1.1097040176391602,0.31508880853652954,-2.5762481689453125,-4.829163551330566,-1.3012977838516235,0.7506667375564575,-1.5413227081298828,-0.4486513137817383,1.054890513420105,0.6871703863143921,0.08759213984012604,0.08586190640926361,0.0338219478726387,-4.802023410797119,2.151947259902954,0.5578741431236267,1.0589861869812012,0.7433199882507324,-0.963051974773407,-1.071484088897705,-1.6381943225860596,-6.742249488830566,-3.838428497314453,0.08494365215301514,3.8496179580688477,-0.34462183713912964,-1.3777552843093872,-0.27455347776412964,-5.6154937744140625,-8.853110313415527,-5.074015140533447,-2.5511362552642822,1.2829279899597168,-2.312932014465332,-1.0907235145568848,0.9082922339439392,0.06327461451292038,-0.37475258111953735,2.167165756225586,0.7901750802993774,1.3474788665771484,2.0310866832733154,-2.033933401107788,0.3666246831417084,-0.5546513795852661,-2.6798853874206543
177,-0.5098974704742432,2.0759472846984863,1.4789743423461914,-0.013895809650421143,0.6950231194496155,6.176987648010254,-0.0022311657667160034,2.9136393070220947,1.0596592426300049,-2.432166814804077,0.6198326349258423,-0.17750047147274017,-1.9183100461959839,-2.577770948410034,-3.778648614883423,1.0546543598175049,0.32944852113723755,-1.1303642988204956,1.64778470993042,-0.6707682609558105,-2.590115785598755,-1.1903159618377686,0.7284623980522156,-1.6863676309585571,-1.1720383167266846,1.391722559928894,0.7510099411010742,0.08663907647132874,0.10121344774961472,0.05568114295601845,-5.183705806732178,2.477504014968872,0.6317049860954285,1.0780178308486938,0.8947839140892029,-1.0627572536468506,-1.2069666385650635,-1.4996212720870972,-6.823287010192871,0.05403440445661545,0.5113909840583801,0.39678746461868286,-0.24797411262989044,-1.534488320350647,-0.3347747325897217,-8.059927940368652,-10.80225944519043,-4.080674171447754,-2.4991705417633057,1.3197615146636963,-2.216463088989258,-1.1612623929977417,0.859338641166687,0.034814659506082535,-0.34504061937332153,2.1384940147399902,0.686880350112915,1.4133487939834595,2.151217460632324,-2.147014617919922,0.4653274416923523,-0.6489197015762329,-2.818861961364746
178,-0.2015504240989685,1.8954194784164429,1.6464974880218506,0.1284732073545456,0.6245517730712891,6.2030110359191895,0.015764042735099792,2.918062448501587,1.0651549100875854,-2.388115167617798,0.626301109790802,-0.10571573674678802,-2.732231616973877,-1.34226393699646,-3.587644100189209,1.0234049558639526,0.3271036148071289,-1.132614016532898,1.3304802179336548,-0.6097861528396606,-2.459632158279419,-1.3451273441314697,0.7408218383789062,-1.7289787530899048,-1.2680652141571045,1.470542550086975,0.7005873918533325,0.0901719182729721,0.10264568030834198,0.056827496737241745,-5.203031539916992,2.3550617694854736,0.6102648377418518,1.1016969680786133,0.8349722623825073,-1.1182732582092285,-1.1766318082809448,-1.5816694498062134,-6.842764854431152,0.09132811427116394,0.5272652506828308,0.40014439821243286,-0.2489422708749771,-1.521457314491272,-0.40547874569892883,-7.910548210144043,-10.69870662689209,-3.8459603786468506,-2.5065948963165283,1.3482764959335327,-2.0617027282714844,-1.0661070346832275,0.8661126494407654,0.019447674974799156,-0.3198315501213074,2.1690287590026855,0.725911557674408,1.3487967252731323,2.243330717086792,-2.182311773300171,0.3959808051586151,-0.6637656688690186,-2.8801374435424805
179,-0.49247580766677856,2.0618677139282227,1.6304494142532349,0.04265880212187767,0.6381111741065979,6.398780345916748,0.007595762610435486,3.064486026763916,1.05717134475708,-2.371500015258789,0.6028314232826233,-0.06029778718948364,-2.8773787021636963,-1.1893701553344727,-3.65154767036438,1.0737996101379395,0.29153916239738464,-1.1382739543914795,1.3702293634414673,-0.6315123438835144,-2.5108072757720947,-1.2742692232131958,0.8910685777664185,-1.7071970701217651,-1.2452685832977295,1.4763381481170654,0.7364805936813354,0.08881014585494995,0.09825649112462997,0.05209847912192345,-5.201879024505615,2.5297679901123047,0.7298527359962463,1.2566946744918823,0.7764430642127991,-0.9875782132148743,-1.0936261415481567,-1.4239038228988647,-6.891563892364502,0.04006590694189072,0.4975718855857849,0.3942779004573822,-0.34692519903182983,-2.300967216491699,0.640283465385437,-7.48829984664917,-10.523027420043945,-3.921564817428589,-2.465742826461792,1.1385753154754639,-2.1915931701660156,-1.064133644104004,0.8646106719970703,0.06287380307912827,-0.36883270740509033,2.133275032043457,0.7329933047294617,1.2460322380065918,2.1915385723114014,-2.081376314163208,0.39123544096946716,-0.6028869152069092,-2.8383963108062744
180,-0.3667749762535095,2.1364071369171143,1.8726271390914917,0.5114233493804932,0.8950770497322083,6.988716125488281,-0.05634982883930206,3.103111982345581,1.0247286558151245,-2.4199066162109375,0.5075730681419373,-0.19803057610988617,-3.068481206893921,-0.764140248298645,-3.469264507293701,1.0444327592849731,0.27467191219329834,-1.095406174659729,1.5709575414657593,-0.7138917446136475,-2.598478078842163,-1.1827718019485474,0.7516647577285767,-1.7713091373443604,-1.1310288906097412,1.338136911392212,0.7745513916015625,0.0888957604765892,0.10662127286195755,0.05775115638971329,-5.537132740020752,2.547996759414673,0.6934287548065186,1.2191532850265503,0.9622219204902649,-1.0917201042175293,-1.1083909273147583,-1.4559804201126099,-6.937692165374756,0.09080680459737778,0.5671848654747009,0.39378973841667175,-0.3011135756969452,-2.437012195587158,0.4985446035861969,-6.18387508392334,-10.092689514160156,-7.050752639770508,-2.4178340435028076,1.08463716506958,-2.1797726154327393,-1.0230093002319336,0.859988808631897,0.00192980095744133,-0.34444764256477356,2.1184418201446533,0.6220524311065674,1.6505085229873657,2.439239740371704,-2.941349983215332,0.4894176721572876,-0.49165043234825134,-2.9336180686950684
