frame_id,raw_joint_0,raw_joint_1,raw_joint_2,raw_joint_3,raw_joint_4,raw_joint_5,raw_joint_6,raw_joint_7,raw_joint_8,raw_joint_9,raw_joint_10,raw_joint_11,raw_joint_12,raw_joint_13,raw_joint_14,raw_joint_15,raw_joint_16,raw_joint_17,raw_joint_18,raw_joint_19,raw_joint_20,raw_joint_21,raw_joint_22,raw_joint_23,raw_joint_24,raw_joint_25,raw_joint_26,raw_joint_27,raw_joint_28,raw_joint_29,raw_joint_30,raw_joint_31,raw_joint_32,raw_joint_33,raw_joint_34,raw_joint_35,raw_joint_36,raw_joint_37,raw_joint_38,raw_joint_39,raw_joint_40,raw_joint_41,raw_joint_42,raw_joint_43,raw_joint_44,raw_joint_45,raw_joint_46,raw_joint_47,raw_joint_48,raw_joint_49,raw_joint_50,raw_joint_51,raw_joint_52,raw_joint_53,raw_joint_54,raw_joint_55,raw_joint_56,raw_joint_57,raw_joint_58,raw_joint_59,raw_joint_60,raw_joint_61,raw_joint_62
0,-1.9702818393707275,-2.0261685848236084,-0.1646612286567688,3.647167921066284,3.459873914718628,2.136704921722412,-3.172872543334961,1.4886513948440552,0.6777358055114746,-4.340226650238037,1.585499882698059,-1.6705255508422852,-4.985825061798096,1.0898932218551636,-2.8380308151245117,0.7239855527877808,0.14737844467163086,-6.1333794593811035,3.9494516849517822,-4.401473045349121,-6.946965217590332,-5.12149715423584,9.972420692443848,-4.880370140075684,-0.350746214389801,0.30378371477127075,0.3630472421646118,-0.021443108096718788,0.1026616245508194,-0.11151156574487686,2.509411573410034,-2.5694315433502197,-7.417766094207764,-0.13365308940410614,0.16056770086288452,-0.4666628837585449,-0.42377302050590515,-1.5112797021865845,-7.501007080078125,-4.1214494705200195,0.5032104849815369,4.899129390716553,1.002920150756836,-1.516419768333435,0.08742605149745941,-7.943393707275391,-8.640935897827148,-0.030009616166353226,-1.8980756998062134,0.06503264605998993,-4.708627700805664,-0.25953778624534607,0.31746023893356323,1.6705526113510132,-2.4071497917175293,3.416900634765625,-1.4288506507873535,-0.4751250445842743,3.591541051864624,2.402512788772583,-3.6224422454833984,2.322343111038208,2.5925564765930176
1,4.283849716186523,-0.2586629390716553,-0.658755898475647,-6.2367048263549805,-1.6143003702163696,3.2888965606689453,-3.004077672958374,1.5462167263031006,0.7337548732757568,-4.177724361419678,1.8404103517532349,-1.5855380296707153,-4.769687652587891,0.02470395714044571,-1.067682147026062,1.4852548837661743,0.20819756388664246,-3.115408182144165,0.8945191502571106,-2.860063076019287,-5.607559680938721,-3.801846504211426,7.742180347442627,-4.350284576416016,-0.5815302729606628,0.3581148386001587,0.5365546345710754,0.02606913074851036,0.12060461938381195,-0.01739288680255413,-3.372580051422119,3.464562177658081,2.3231937885284424,1.553991436958313,1.1230661869049072,-1.022471308708191,-0.5140707492828369,-1.2379794120788574,-6.980114459991455,-5.090607166290283,0.3303285241127014,5.3125176429748535,0.8327655792236328,-1.4452787637710571,0.10834816098213196,-4.5955915451049805,-7.282129764556885,-1.438435435295105,-1.4592493772506714,-0.2823526859283447,-4.191348075866699,-0.6471540927886963,-0.09611930698156357,-0.19046629965305328,-0.09595198184251785,1.1576038599014282,-0.007500320672988892,-0.9873299598693848,3.6043670177459717,2.5391178131103516,2.2615537643432617,2.3626952171325684,1.6547373533248901
2,4.702126502990723,3.0767109394073486,-0.4567601680755615,-6.12947940826416,-1.744694709777832,3.150510549545288,-3.305133819580078,1.5736415386199951,0.7620453834533691,-4.586480617523193,1.8745355606079102,-1.5771007537841797,-4.8843183517456055,0.190311998128891,-1.3025987148284912,-0.1826665699481964,0.41671258211135864,-1.3319940567016602,3.9702389240264893,-4.783994674682617,-7.600822448730469,-3.770134687423706,8.211691856384277,-4.368062973022461,-0.5472691059112549,0.3125058114528656,0.5304399728775024,0.021619874984025955,0.1176900565624237,-0.017105942592024803,-3.3479442596435547,3.316016435623169,2.200538158416748,1.4958518743515015,1.084254503250122,-1.1596885919570923,-0.5878583788871765,-1.3994914293289185,-7.102926731109619,-4.908269882202148,0.4074211120605469,5.322947025299072,0.659058153629303,-1.5384222269058228,0.36865970492362976,-4.664063453674316,-7.195359230041504,-1.107857584953308,-1.784805178642273,-0.2390788346529007,-4.212838649749756,-0.35556256771087646,-0.20325148105621338,-0.22740623354911804,-0.11058012396097183,1.164891004562378,0.005902834236621857,-1.1105048656463623,3.4551472663879395,2.476205587387085,2.261681079864502,2.2258996963500977,1.1967480182647705
3,4.481614589691162,3.4020256996154785,-0.710460901260376,-0.7340742945671082,0.8270347714424133,2.3186495304107666,-3.1365249156951904,1.7844692468643188,0.9822659492492676,-2.70503306388855,3.1689376831054688,-0.3624199628829956,-4.808997631072998,0.5531584024429321,-1.2566174268722534,1.510319471359253,0.09892407804727554,-3.019191265106201,4.1452860832214355,-4.788115978240967,-7.574002742767334,-4.283843517303467,8.176600456237793,-4.640754222869873,-0.5711896419525146,0.32944193482398987,0.5066457986831665,0.028494464233517647,0.11240293830633163,-0.008509224280714989,-3.4477150440216064,3.3758442401885986,2.2550225257873535,-0.24632488191127777,0.151633620262146,-0.39444082975387573,-0.5655235052108765,-1.868631362915039,-7.1395745277404785,-4.886016368865967,0.3068760633468628,5.257903099060059,0.7603528499603271,-1.5861232280731201,0.25374481081962585,-4.936809539794922,-6.9217529296875,-1.6021428108215332,-1.7908704280853271,-0.7343330383300781,-4.717304706573486,-0.7200234532356262,-0.11512299627065659,-0.26164984703063965,-0.14281165599822998,1.1628878116607666,-0.028742358088493347,-1.577454924583435,3.3070974349975586,1.8654321432113647,0.9713627099990845,2.4144954681396484,1.214102864265442
4,-1.2477409839630127,1.7372792959213257,-14.220008850097656,-0.8084388375282288,0.851942241191864,2.279572010040283,-3.111316680908203,1.6163033246994019,0.5387353897094727,-4.361166000366211,1.8569997549057007,-1.7214652299880981,-4.81463623046875,0.2138439118862152,-1.3700255155563354,1.7548526525497437,0.1707547903060913,-3.262328624725342,3.8375892639160156,-4.711697101593018,-7.545360088348389,-3.4394421577453613,8.373318672180176,-4.3985066413879395,-0.5665653944015503,0.32722407579421997,0.5453314781188965,0.021746959537267685,0.10539543628692627,-0.010387977585196495,-3.497964382171631,3.2909011840820312,2.260690212249756,1.2766392230987549,0.9995637536048889,-1.2595629692077637,-0.4896579086780548,-1.8345478773117065,-7.081936836242676,-1.9664247035980225,0.3512580394744873,2.0817084312438965,0.8015845417976379,-1.4883869886398315,0.14647045731544495,-4.737462520599365,-6.718821048736572,-1.3419471979141235,-1.860663652420044,-0.48670274019241333,-4.6657843589782715,-0.4442598819732666,-0.20818260312080383,-0.17641401290893555,0.1001790314912796,0.5389723777770996,1.2021315097808838,-0.009197154082357883,3.7019636631011963,-3.389338254928589,2.9781038761138916,1.6130832433700562,1.560388207435608
5,-2.030247449874878,-2.652547836303711,-0.12238097190856934,-6.221404075622559,-2.0949065685272217,2.6055335998535156,-3.07991099357605,1.5451425313949585,0.5025342702865601,-4.300658226013184,1.793502926826477,-1.807396650314331,-4.895521640777588,0.04996047168970108,-1.5924259424209595,1.7240748405456543,0.14982426166534424,-3.276029109954834,3.8917293548583984,-4.631599426269531,-7.394870281219482,-3.5459585189819336,7.885376453399658,-4.17203426361084,-1.632634162902832,1.1117439270019531,0.07745403796434402,0.018484536558389664,0.11173507571220398,-0.013331742957234383,-3.539801836013794,3.344709634780884,2.2654993534088135,1.4297915697097778,1.0722509622573853,-1.0887597799301147,-0.6856322288513184,-1.7293567657470703,-7.180829048156738,-4.788325786590576,0.4502914547920227,5.167666435241699,0.7490727305412292,-1.4823312759399414,0.1748773753643036,-3.8521265983581543,-6.6035661697387695,-1.3138043880462646,-2.051785945892334,-0.5930992960929871,-4.95949125289917,-0.4627144932746887,-0.20113933086395264,-0.19191555678844452,0.06820743530988693,0.4949035346508026,1.175731897354126,-0.05880965292453766,3.77612042427063,-3.248222827911377,2.888885498046875,1.7212508916854858,1.6532864570617676
6,-2.0884721279144287,-2.536634922027588,-0.4106733798980713,-0.6547045111656189,0.7325125932693481,2.220804452896118,-2.8038320541381836,1.563843846321106,0.48442068696022034,-3.9976367950439453,1.7604604959487915,-1.6763789653778076,-4.715904712677002,0.1881760060787201,-1.6694782972335815,-0.39016225934028625,0.4019824266433716,-1.1710386276245117,3.838674306869507,-4.545855522155762,-7.341412544250488,-3.838454484939575,8.943928718566895,-4.433148384094238,-0.5252551436424255,0.32061895728111267,0.5264110565185547,0.01984097808599472,0.10593894869089127,-0.009241847321391106,-3.4216978549957275,3.2621707916259766,2.1534924507141113,1.3599334955215454,0.9178130626678467,-1.1831464767456055,-0.5818495154380798,-1.7975590229034424,-7.050242900848389,0.4861987233161926,0.12315824627876282,-0.26820334792137146,0.8756678104400635,-1.3957327604293823,-0.09430724382400513,-4.792051315307617,-6.999425411224365,-1.053620457649231,-1.9698266983032227,-0.5239425301551819,-4.790235996246338,-0.42950230836868286,-0.059287987649440765,-0.155181422829628,0.2676211893558502,0.5138658881187439,1.2980424165725708,-1.6782437562942505,3.5325992107391357,2.123880624771118,2.88252854347229,1.5848236083984375,1.503889560699463
7,-2.103695869445801,-2.5413689613342285,-0.3888120651245117,-0.7286010384559631,0.8456635475158691,2.3029019832611084,-3.107877016067505,1.4861299991607666,0.4714723527431488,-4.367774486541748,1.7222638130187988,-1.7618197202682495,-4.787609577178955,-0.012122534215450287,-1.7265325784683228,1.8207685947418213,0.15553995966911316,-3.312885284423828,3.8934504985809326,-4.612006187438965,-7.3865766525268555,-3.875746011734009,8.958083152770996,-4.435111999511719,-0.5790106058120728,0.33219653367996216,0.5793820023536682,-0.022639337927103043,0.10850480198860168,-0.09304830431938171,-3.578798770904541,3.37823486328125,2.251793146133423,1.3819633722305298,1.0510365962982178,-1.1831281185150146,-0.7692803144454956,-1.7133312225341797,-7.006753444671631,-2.0104904174804688,0.3166780471801758,2.1135005950927734,0.7259901762008667,-1.5190670490264893,0.13944955170154572,-4.937014102935791,-7.063149452209473,-1.2131218910217285,-2.1247873306274414,-0.6267954707145691,-4.961947441101074,-0.41542574763298035,-0.1381855309009552,-0.15203744173049927,0.07263705879449844,0.6456668376922607,1.1622544527053833,-0.11874488741159439,3.6703596115112305,-3.305310010910034,1.1407842636108398,2.5042431354522705,1.6529879570007324
8,-1.7440135478973389,-2.7468626499176025,-0.6409493684768677,-6.1401166915893555,-1.7559680938720703,3.184898853302002,-2.8234760761260986,1.7127729654312134,0.4900234043598175,-4.1898040771484375,1.9325528144836426,-1.718538761138916,-4.702600002288818,-0.03399624675512314,-1.9719043970108032,1.5494130849838257,-0.028704654425382614,-3.2136547565460205,3.735553741455078,-4.511218547821045,-7.083094120025635,-4.260213375091553,9.05954647064209,-4.2759175300598145,-0.5291654467582703,0.291911244392395,0.5098661780357361,-0.02424578182399273,0.10043688863515854,-0.09779906272888184,-3.513949155807495,3.3329219818115234,2.184175729751587,1.3500374555587769,0.9410640597343445,-1.1223986148834229,-0.2643914222717285,-1.1797760725021362,-5.971736907958984,0.4742446541786194,0.060603849589824677,-0.2792049050331116,0.9018978476524353,-1.2623683214187622,0.11684547364711761,-3.617173194885254,-6.567056179046631,-1.2274634838104248,-1.7831794023513794,-1.2410410642623901,-5.346469402313232,-0.5073081851005554,-0.24565032124519348,-0.15468522906303406,0.11988631635904312,0.401178777217865,1.2543344497680664,-0.1744775027036667,2.3974924087524414,-1.3816156387329102,2.792585849761963,1.6931270360946655,1.4213963747024536
9,-1.7197695970535278,-2.671949863433838,-0.7350609302520752,-5.911151885986328,-1.1299883127212524,3.521207571029663,-2.446834087371826,1.715567708015442,0.47085195779800415,-4.9163384437561035,1.3172305822372437,-2.298614263534546,-4.4675469398498535,-0.01476290076971054,-1.9936474561691284,1.429551124572754,-0.09400195628404617,-3.163252592086792,3.6996121406555176,-4.533999443054199,-7.21104621887207,-4.394957065582275,8.758638381958008,-4.326735496520996,-0.5328361988067627,0.2611508369445801,0.5268746614456177,-0.020693205296993256,0.09709887951612473,-0.08646585792303085,-3.596914052963257,3.513779640197754,2.342655658721924,1.222274899482727,0.9194584488868713,-1.1816776990890503,-0.26815322041511536,-1.2687753438949585,-6.198068618774414,0.4333640933036804,0.13058248162269592,-0.10099823027849197,0.9696860313415527,-1.144547700881958,-0.10072797536849976,-3.8001041412353516,-6.84188175201416,-1.5785068273544312,-1.7868468761444092,-1.1751596927642822,-5.43526554107666,-0.5717061161994934,-0.05380722135305405,0.22665201127529144,0.5741539597511292,0.1801169514656067,1.4753590822219849,-0.1864996701478958,2.4807443618774414,-1.5452890396118164,2.777106761932373,1.7619575262069702,1.3700801134109497
10,-1.5118560791015625,-2.637274742126465,-0.9890118837356567,-5.645345687866211,-1.02181077003479,3.8916232585906982,-2.242196798324585,1.96490478515625,0.4508625268936157,-4.342155933380127,1.1164995431900024,-2.0193233489990234,3.2922775745391846,-2.36724591255188,-6.7947096824646,1.429659128189087,-0.03870176523923874,-2.9587976932525635,3.7228527069091797,-4.584108829498291,-7.362782955169678,-3.854257822036743,6.786502361297607,-2.2024762630462646,-0.5196070671081543,0.17350468039512634,0.546196699142456,-0.01569843478500843,0.08563722670078278,-0.060915686190128326,-3.5932955741882324,3.145280599594116,2.1323273181915283,-0.2579125165939331,0.048288747668266296,-0.4286656975746155,0.1535792052745819,-1.6371104717254639,-6.537020683288574,-1.3114372491836548,0.5456497073173523,1.7197375297546387,-0.4624136984348297,-2.7812111377716064,-0.28067201375961304,-3.4594995975494385,-6.501684665679932,-1.9599703550338745,-1.7044992446899414,-0.9169508814811707,-5.4757890701293945,-0.38245725631713867,0.5141206383705139,2.106863021850586,1.522898554801941,-0.1426381766796112,1.7499957084655762,-0.28069329261779785,2.4111857414245605,-1.6622122526168823,-1.132558822631836,0.7931504249572754,-1.558038353919983
11,-1.3690203428268433,-2.787736654281616,-0.8996174335479736,-5.486786842346191,-1.0419737100601196,3.8959672451019287,-2.3271360397338867,2.034252166748047,0.47861331701278687,-3.832373857498169,2.4417803287506104,-1.3285536766052246,-4.446530818939209,0.2095949351787567,-1.9860025644302368,1.3132036924362183,0.00925464928150177,-2.639613151550293,4.098964214324951,-4.65702486038208,-7.157710552215576,-3.7383248805999756,6.318234443664551,-2.1521971225738525,-0.48075878620147705,0.21138328313827515,0.45810094475746155,-0.010580421425402164,0.07249821722507477,-0.04560673236846924,-3.586427927017212,3.106116771697998,2.0542542934417725,-0.21110518276691437,0.11018720269203186,-0.5133493542671204,-0.12602058053016663,-1.3930374383926392,-7.3086466789245605,-1.2590774297714233,0.5181540846824646,1.5685703754425049,0.6870661377906799,-1.244377613067627,-0.040510207414627075,-3.455500602722168,-6.552093505859375,-1.9781063795089722,-1.7502973079681396,-0.9514468312263489,-5.566442489624023,-0.374389111995697,0.6070514917373657,1.984441876411438,-1.7410640716552734,3.07615065574646,-0.5467149019241333,-0.5096858143806458,3.3795061111450195,2.4977071285247803,-2.927856922149658,0.428568571805954,2.6921939849853516
12,-1.553843379020691,-2.808107614517212,-0.6448030471801758,-5.328185081481934,-0.5833606123924255,3.581610918045044,-2.409074306488037,1.8455140590667725,0.5044066309928894,-3.9681396484375,2.19754958152771,-1.2922929525375366,-4.5050153732299805,0.09534547477960587,-1.7296727895736694,1.3911467790603638,-0.07422447204589844,-2.8802828788757324,4.448009014129639,-4.969089508056641,-7.604755878448486,-3.6316628456115723,6.363372325897217,-2.2024552822113037,-0.49473828077316284,0.2516115605831146,0.4594534635543823,-0.010868066921830177,0.08785514533519745,-0.06867633759975433,-3.6323230266571045,3.096782684326172,2.2212061882019043,1.2180815935134888,0.9228835701942444,-1.1189651489257812,0.2318440079689026,-1.3817847967147827,-7.141141414642334,-0.05277123302221298,0.8298461437225342,1.2309094667434692,0.4558902382850647,-1.307414174079895,-0.04031758010387421,-3.350630283355713,-6.442747592926025,-1.8036729097366333,-1.754672884941101,-0.9656131863594055,-5.638543128967285,-0.35879069566726685,0.5957391858100891,1.6708523035049438,-0.1081513836979866,1.2401858568191528,-0.0172341987490654,-0.29644775390625,3.3755111694335938,2.445809841156006,-2.3162050247192383,5.543643474578857,1.3556959629058838
13,-1.8610835075378418,-2.3496851921081543,0.06839317083358765,1.84658682346344,0.8937659859657288,4.917810916900635,-1.7520451545715332,3.201172351837158,0.3105568587779999,-3.9007256031036377,1.31125807762146,-1.4196416139602661,-4.928615570068359,0.8155533075332642,-2.7305572032928467,1.734798789024353,-0.048079196363687515,-2.5799455642700195,5.560724258422852,-4.687107086181641,-6.705333709716797,-4.48215913772583,9.155101776123047,-2.705854892730713,-0.5103001594543457,0.41677430272102356,0.46047982573509216,0.028253953903913498,0.1101704016327858,0.01234518177807331,-3.731757164001465,2.804180860519409,2.0287554264068604,1.049560785293579,1.0593512058258057,-1.190718412399292,0.17814239859580994,-1.5432765483856201,-7.739819526672363,0.45601144433021545,0.20246942341327667,0.05471497029066086,-0.2991497814655304,-3.1514177322387695,0.01863059401512146,-3.0834903717041016,-5.815309047698975,-2.3820807933807373,-1.429142713546753,-0.34243541955947876,-5.038898468017578,-0.45373356342315674,0.13781505823135376,0.5168572068214417,0.471664696931839,0.579500138759613,1.2961317300796509,-1.7337646484375,3.130690097808838,0.9609628915786743,-2.2713491916656494,4.992618083953857,0.9181591868400574
14,-1.7303626537322998,-2.536378860473633,0.16374355554580688,-2.6027629375457764,1.0585646629333496,2.288912773132324,-1.71830153465271,3.0522217750549316,0.19093993306159973,-4.255879878997803,1.1100965738296509,-1.9274747371673584,-4.616507530212402,0.19557532668113708,-3.301276683807373,2.6035313606262207,0.45775923132896423,-2.6988511085510254,4.304294586181641,-2.511796474456787,-6.7269816398620605,-4.5860114097595215,9.569754600524902,-2.4537296295166016,-1.2847803831100464,1.41048264503479,0.2991548776626587,-0.0188402459025383,0.07063918560743332,-0.06225930526852608,-3.7732443809509277,2.757641077041626,2.112281560897827,0.9784866571426392,0.9628961086273193,-1.2659788131713867,0.10630518943071365,-1.694580078125,-7.873710632324219,-3.5676448345184326,0.22708074748516083,3.333482265472412,0.5544708371162415,-1.7605953216552734,0.15157073736190796,-3.0309619903564453,-6.053162574768066,-2.6159422397613525,-1.9752414226531982,-0.31129419803619385,-4.757011413574219,-0.5698885917663574,0.2103326916694641,0.7184009552001953,0.593689501285553,0.4827318787574768,1.343916654586792,-1.674561619758606,2.942458391189575,1.0774551630020142,-0.015659861266613007,2.105564832687378,0.8631255626678467
15,-1.4493268728256226,-2.682774305343628,-0.1722257137298584,3.19330096244812,2.068356990814209,1.852819800376892,0.3586328625679016,-2.720111846923828,-0.5528925657272339,-4.15701150894165,1.9013557434082031,-1.0664103031158447,-4.2259602546691895,-0.5205799341201782,-2.7363228797912598,1.5515978336334229,-0.2441149353981018,-2.4296300411224365,4.6159443855285645,-2.745319128036499,-6.399026870727539,-4.768536567687988,8.236888885498047,-4.4112229347229,-0.5121053457260132,0.2383584827184677,0.6298189163208008,-0.017187802121043205,0.07150875777006149,-0.024190962314605713,-3.594216823577881,3.0486979484558105,2.25349497795105,1.00711190700531,1.0298144817352295,-1.187495470046997,0.04832517355680466,-1.5924516916275024,-7.465382099151611,0.4535217583179474,0.27923116087913513,0.28499093651771545,0.46654370427131653,-1.4196420907974243,-0.031272806227207184,-4.246120452880859,-6.735617160797119,-1.7864505052566528,-4.302366256713867,2.915105104446411,-3.282489776611328,-0.5160874724388123,0.29285094141960144,0.953022301197052,0.9324919581413269,0.2167646288871765,1.3898752927780151,0.9798987507820129,2.609715700149536,-4.254105091094971,-1.6714774370193481,4.991234302520752,0.6945963501930237
16,-1.7312079668045044,-2.5643506050109863,-0.2208518385887146,-0.7776375412940979,0.0023972271010279655,2.5028607845306396,0.6198242902755737,-3.2082386016845703,-1.587928295135498,-3.4999566078186035,2.0279314517974854,-0.605506420135498,2.519395589828491,-1.9781074523925781,-5.670931816101074,2.2072641849517822,-1.2097773551940918,-6.391716480255127,3.620163679122925,-2.0618796348571777,-5.717742443084717,-4.945075511932373,7.701697826385498,-5.4756760597229,-0.5613675117492676,0.300435334444046,0.4933375120162964,0.052185822278261185,0.11803755909204483,0.07078519463539124,-3.6825637817382812,3.5464251041412354,2.5649523735046387,-0.30108267068862915,0.07870347052812576,-0.4478086233139038,-0.9452764391899109,-1.9261970520019531,-6.771687984466553,-7.9206156730651855,-0.053488537669181824,5.8030219078063965,0.18238523602485657,-1.2361711263656616,-0.34436559677124023,-3.6785874366760254,-6.603363513946533,-2.1223695278167725,-2.058279514312744,-1.1243027448654175,-5.0309224128723145,-0.49287885427474976,0.08560269325971603,1.8162564039230347,-0.9381014108657837,2.787245750427246,-0.16229107975959778,0.32349419593811035,5.368152618408203,-5.223480701446533,-0.8930739760398865,-0.004837632179260254,-1.9415713548660278
17,-1.8276426792144775,-2.554978132247925,-0.610107421875,-0.6624302268028259,-0.48640337586402893,2.415074586868286,-2.0599350929260254,2.1834628582000732,0.7130218744277954,-3.6359400749206543,2.209418773651123,-0.5007871389389038,-2.990159511566162,-1.6503294706344604,-2.7108850479125977,2.235501527786255,-1.0945968627929688,-6.0729851722717285,3.8384950160980225,-2.190997362136841,-5.933960914611816,-4.985710144042969,7.378770351409912,-4.74091100692749,-0.5602158904075623,0.21006645262241364,0.584788978099823,0.05013825371861458,0.10948678851127625,0.06119817867875099,-3.647357702255249,3.4816558361053467,2.438493251800537,1.074692726135254,0.7218830585479736,-1.1111700534820557,1.1160002946853638,-2.4760820865631104,-6.577088356018066,-8.089917182922363,-0.02618001401424408,5.906206130981445,0.1390218585729599,-1.230085849761963,-0.28989121317863464,-4.964990139007568,-7.205785751342773,-1.072210431098938,-2.1844370365142822,-1.0546822547912598,-4.9482316970825195,-0.5280308127403259,-0.006546549499034882,2.06197452545166,-0.945239782333374,2.676072597503662,-0.11553771793842316,-1.0889506340026855,3.758218765258789,-4.938260078430176,-0.7393673658370972,-0.08898988366127014,-2.2582263946533203
18,-1.747402310371399,-3.0187089443206787,-0.8391324281692505,-0.5906383991241455,0.439349502325058,2.64977765083313,-1.4115121364593506,2.0182528495788574,0.6512107253074646,-3.0462348461151123,2.3725473880767822,-0.2781336307525635,-3.9284181594848633,0.0726223960518837,-1.1678379774093628,1.7673741579055786,-1.2886239290237427,-6.735352516174316,0.3890516757965088,-0.4464784264564514,-3.1428208351135254,0.25958603620529175,-0.20722052454948425,0.9044150710105896,-0.7556381821632385,0.1341351717710495,0.6974635124206543,0.07281602174043655,0.10079467296600342,0.10567185282707214,1.282212734222412,-2.0592236518859863,-7.659080982208252,-0.5053811073303223,0.05612200126051903,-0.6797968745231628,2.6422455310821533,-3.309539318084717,-7.892889022827148,0.1247168630361557,-0.06662863492965698,0.19013839960098267,0.5913995504379272,-2.431565284729004,-0.20803944766521454,-5.523484706878662,-6.207098960876465,1.1292927265167236,-3.9974453449249268,1.8987818956375122,-1.8879257440567017,-1.6894426345825195,-0.18940836191177368,0.8025766611099243,-0.3103746175765991,1.2829240560531616,-0.2860605716705322,0.9095924496650696,5.818957328796387,-5.372067928314209,-2.228360652923584,0.09136762470006943,-2.1658618450164795
19,-2.7115135192871094,-3.744495391845703,0.8362002372741699,-5.668893337249756,0.1818840503692627,4.134389400482178,-2.0877435207366943,2.2942731380462646,0.5583722591400146,-3.559216022491455,2.5332632064819336,-0.7508382201194763,-3.444126844406128,-1.8581100702285767,-3.4916892051696777,-0.4004192054271698,0.3530954122543335,-0.6488300561904907,0.2565061151981354,0.9733747243881226,-1.999193787574768,-5.048929691314697,10.543102264404297,-0.7267248034477234,-0.6278536915779114,0.046531207859516144,0.6728909611701965,0.0657181665301323,0.09685443341732025,0.023738587275147438,-3.9965715408325195,4.239848613739014,3.0146753787994385,1.5206571817398071,0.94317626953125,-1.1702035665512085,-0.7955222725868225,-1.5972888469696045,-6.252835273742676,0.4467046856880188,-0.06951828300952911,0.10404103994369507,-1.3949064016342163,-2.5477750301361084,1.1740080118179321,-5.755677700042725,-6.964969635009766,1.0362924337387085,-2.2120845317840576,-1.1109282970428467,-4.50849723815918,-1.0627824068069458,-0.414114385843277,0.8638383746147156,-0.16359543800354004,1.9399425983428955,1.03147554397583,-0.4901512861251831,2.989665985107422,-0.5186251401901245,-1.6334303617477417,-0.37739941477775574,-2.2778050899505615
20,10.704959869384766,10.097579956054688,-1.550311803817749,-0.414470374584198,-1.3506337404251099,3.0790889263153076,6.233098983764648,-1.7615373134613037,-3.2090728282928467,-5.20019006729126,1.260363221168518,-2.6947054862976074,2.272703170776367,-1.6974663734436035,-5.900882720947266,0.738699734210968,0.27203458547592163,-4.936602592468262,0.5927196145057678,-0.4714224636554718,-3.7768096923828125,-3.61871075630188,5.677866458892822,-2.0109879970550537,-0.8179938197135925,0.30275464057922363,0.593481719493866,-0.0047452449798583984,0.10716607421636581,-0.11651052534580231,-3.8769795894622803,4.110220432281494,2.8900058269500732,1.0665616989135742,1.0875868797302246,-1.0374751091003418,-2.8232297897338867,-0.9450036883354187,-7.515218257904053,0.4277321994304657,0.16238263249397278,0.23598434031009674,-0.10082705318927765,-0.5056504011154175,-1.5225722789764404,-6.093437194824219,-9.880024909973145,-1.0759780406951904,-2.135880708694458,-0.30893445014953613,-4.8222270011901855,-0.980333149433136,-0.3924442529678345,4.251313209533691,0.09363959729671478,1.5822327136993408,-1.1433866024017334,-0.20586873590946198,2.569251775741577,-1.4978559017181396,0.7931906580924988,2.0302071571350098,-3.2970263957977295
21,11.776518821716309,9.784344673156738,-2.176058053970337,-1.3325170278549194,-1.7835395336151123,3.1822001934051514,-0.3879827857017517,2.4428443908691406,-2.3684329986572266,-3.323498487472534,1.532515287399292,-1.3698909282684326,2.9167938232421875,-2.643900156021118,-6.068775653839111,2.401703119277954,0.5937601923942566,-4.796032428741455,0.8691121339797974,-0.39606064558029175,-3.5187718868255615,-2.665346622467041,1.2907150983810425,-4.5305094718933105,-0.6264265179634094,0.19248396158218384,0.5279695987701416,-0.003218729281798005,0.12484578788280487,-0.10495301336050034,-4.123646259307861,4.479995250701904,3.3083994388580322,1.3153694868087769,1.0613248348236084,-0.9979537129402161,-3.1908154487609863,-0.9802125096321106,-7.671424865722656,-3.823103666305542,0.5795185565948486,4.236142635345459,-0.1642571985721588,-0.517808198928833,-1.3473018407821655,-5.116335391998291,-6.604385852813721,1.989783525466919,-7.8881916999816895,3.287385940551758,-4.266952037811279,-0.7687377333641052,-0.24996918439865112,3.451547384262085,-0.7730795741081238,1.6759229898452759,-0.45512956380844116,-1.5954056978225708,2.9646599292755127,-0.7371957302093506,0.3114640712738037,0.3659600019454956,-2.8012096881866455
22,10.936079025268555,9.745621681213379,-1.7135746479034424,-1.882188081741333,-2.541264533996582,-0.5464658737182617,6.9747538566589355,-2.8698031902313232,-4.016425609588623,-3.0798532962799072,1.5262596607208252,-1.159033179283142,-3.7071545124053955,0.006584741175174713,-3.146669626235962,2.30326509475708,0.6499140858650208,-5.08129358291626,0.7488222718238831,-0.3664117455482483,-3.7994863986968994,-1.0656473636627197,-1.1818547248840332,-2.894033670425415,-0.6831950545310974,0.00991950836032629,0.6679584980010986,-0.0042280759662389755,0.1325445920228958,-0.0882032960653305,-4.1962056159973145,4.732992649078369,3.6703543663024902,1.5859333276748657,0.9942135810852051,-0.931298553943634,-3.3851613998413086,-0.9134259819984436,-8.104828834533691,-1.063283085823059,0.7283508777618408,0.8039332032203674,-0.5672590136528015,-2.3294684886932373,-0.5871961116790771,-5.353751182556152,-6.5636982917785645,2.3045566082000732,-4.4247846603393555,2.8347790241241455,-2.86773681640625,-1.409737467765808,-0.2463323473930359,2.877141237258911,-0.7890202403068542,1.8122316598892212,-0.3529165983200073,-0.9888345003128052,5.686914443969727,-4.62366247177124,0.4071091115474701,0.2714250087738037,-2.794208288192749
23,10.082605361938477,9.474863052368164,-1.3387799263000488,-1.9040168523788452,-2.4284567832946777,-0.5112975835800171,6.901449203491211,-3.0723865032196045,-4.0247321128845215,-3.291325330734253,2.0950746536254883,0.029979929327964783,-4.012555122375488,0.08930764347314835,-2.8770737648010254,2.2519962787628174,-0.37208276987075806,-6.423350811004639,0.8347792625427246,-0.566696286201477,-3.844449758529663,-3.8701839447021484,10.458038330078125,-1.5012801885604858,-0.6105967164039612,0.10643895715475082,0.6046628355979919,0.0008029693854041398,0.13173706829547882,-0.07925168424844742,-4.277121543884277,4.663207054138184,3.7027084827423096,1.6937559843063354,1.1311947107315063,-0.9799520373344421,-3.2387502193450928,-1.1198620796203613,-8.1400785446167,-1.1159452199935913,0.6380788683891296,0.9226497411727905,-0.29981309175491333,-2.395357370376587,-0.5467519760131836,-5.80894136428833,-8.999338150024414,-1.0435341596603394,-7.038309097290039,-4.35541296005249,-2.2303295135498047,-1.1989229917526245,-0.08531185239553452,2.4974968433380127,-0.8280616402626038,1.8346143960952759,-0.35989969968795776,-1.1381160020828247,3.2759625911712646,-1.0227316617965698,-4.09361457824707,2.2191600799560547,2.2298271656036377
24,-3.09175705909729,-1.8110458850860596,0.8156123757362366,-1.0830434560775757,-1.871151328086853,2.9331915378570557,7.691868305206299,-1.8674538135528564,-4.465612411499023,-3.3598904609680176,1.9230612516403198,-1.5773241519927979,-3.4708011150360107,-0.9018243551254272,-2.826679229736328,1.436414361000061,-0.16207841038703918,-6.951000213623047,0.6952937841415405,-0.3896433711051941,-3.759016275405884,-1.5934978723526,-0.30428868532180786,-2.0949718952178955,-0.39241594076156616,0.7878187894821167,-0.2695387005805969,-0.007515619043260813,0.08185536414384842,-0.06612414866685867,-4.454342365264893,4.8562822341918945,3.6777992248535156,1.5611788034439087,0.7182112336158752,-1.1612414121627808,-1.1203012466430664,-0.45343804359436035,-4.416730880737305,3.002027988433838,-1.2796412706375122,-0.4738394618034363,1.1071795225143433,-0.9212993383407593,-0.29088062047958374,-3.739880084991455,-7.482738018035889,-0.9188446402549744,-7.872100353240967,-0.5062527060508728,-4.4842729568481445,-1.0367107391357422,0.13204309344291687,3.349637746810913,-0.014654344879090786,1.820684552192688,-0.7497021555900574,-0.8332002758979797,5.353459358215332,-4.84929895401001,-0.4183841645717621,-0.24247333407402039,-2.341660261154175
25,-3.0569636821746826,-1.8078974485397339,1.6619808673858643,-0.9268816709518433,-0.9662778377532959,3.6903493404388428,7.076132774353027,-2.592501163482666,-4.0869574546813965,-2.5156686305999756,3.239588737487793,-1.0190619230270386,-3.270469903945923,-0.5578656196594238,-3.5116586685180664,1.414959192276001,0.2576332688331604,-6.929600715637207,3.106990337371826,-2.6184351444244385,-6.348745822906494,-1.0464848279953003,-1.3728883266448975,-3.8280727863311768,-0.5817762017250061,1.0673407316207886,-0.5968709588050842,0.05595945939421654,0.11370830982923508,-0.0679604709148407,1.1188979148864746,-0.8565883040428162,-2.8251593112945557,1.4946714639663696,0.8787041306495667,-1.0374315977096558,-0.49429789185523987,-0.35704100131988525,-3.575653553009033,3.198000907897949,-2.080256462097168,-0.6936970353126526,0.38233816623687744,-0.2052954137325287,-1.7379963397979736,-7.584747314453125,-6.7627058029174805,0.5133357644081116,-3.629953622817993,2.313781261444092,-0.7940731644630432,-1.024515986442566,0.17767737805843353,2.7920658588409424,-0.04230611398816109,1.9344227313995361,-1.186464548110962,-0.4204658567905426,2.613283634185791,-1.5251778364181519,-0.6517215967178345,-0.3852350413799286,-2.2394535541534424
26,-3.0708320140838623,-1.6510297060012817,1.5181151628494263,-0.9059585332870483,-1.0342196226119995,3.67248797416687,7.544346332550049,-2.511435031890869,-4.2868123054504395,-2.472740411758423,3.168306827545166,-0.9233715534210205,-3.382235527038574,-0.6336807012557983,-3.461771249771118,1.422629475593567,0.23713529109954834,-6.788533687591553,3.094963788986206,-2.78568172454834,-6.453891754150391,-1.1100430488586426,-0.8942056894302368,-3.3013365268707275,-0.4725739359855652,0.9477659463882446,-0.4769633710384369,0.05406208336353302,0.11499611288309097,-0.06526506692171097,1.1366828680038452,-0.9666818976402283,-2.84732985496521,1.4695196151733398,0.8125413060188293,-1.0313842296600342,-0.5975714921951294,-0.3647354245185852,-3.6279590129852295,3.19596004486084,-1.8283348083496094,-0.7795995473861694,2.327634334564209,-2.4148099422454834,-0.26790663599967957,-7.730461597442627,-7.060541152954102,-0.007530618458986282,-4.070000171661377,2.2142324447631836,-1.0064647197723389,-1.4837666749954224,0.1807040274143219,2.1482760906219482,-0.030221588909626007,1.9432352781295776,-1.0987569093704224,-0.4497620761394501,2.5958352088928223,-1.4933972358703613,-4.065101146697998,-3.9486753940582275,-2.66508150100708
27,-2.5311880111694336,-2.3991127014160156,0.4359109401702881,2.383899688720703,1.8592387437820435,5.068795680999756,8.850727081298828,-0.8522653579711914,-4.257880687713623,-6.174107551574707,0.330521821975708,-3.1230013370513916,-3.178209066390991,-0.7534346580505371,-3.279474973678589,1.7010287046432495,0.2794588506221771,-6.7556657791137695,2.0161399841308594,-0.9381237030029297,-3.5925490856170654,-0.9643479585647583,-2.3792924880981445,-4.719578742980957,-0.2632838487625122,0.76207435131073,-0.30111581087112427,0.04773733764886856,0.12618322670459747,-0.08945554494857788,-4.357693195343018,4.828169822692871,3.645202159881592,1.6972591876983643,0.9306966066360474,-0.9079863429069519,-2.080047130584717,-1.3293579816818237,-7.3040900230407715,-0.8187010288238525,1.1386938095092773,1.3055146932601929,0.7659388780593872,-0.11364947259426117,-1.5916672945022583,-6.185235977172852,-5.724086284637451,0.25836074352264404,-4.336187839508057,3.069159746170044,-2.992058277130127,-1.4376205205917358,-0.19210085272789001,3.1473424434661865,-0.09894442558288574,1.7251137495040894,-1.4799978733062744,-0.4039149582386017,2.452061176300049,-1.696706771850586,0.15980388224124908,-0.35537052154541016,-2.8562633991241455
28,9.570891380310059,9.712580680847168,-0.7525473833084106,-0.3177383840084076,-0.8985087275505066,1.6002904176712036,8.4132719039917,-1.3340177536010742,-4.049675941467285,-3.141265869140625,2.678452253341675,-0.8140296936035156,-3.2512967586517334,-0.5506957769393921,-3.272430658340454,1.3243768215179443,0.16926491260528564,-6.704808235168457,1.9434651136398315,-1.0586575269699097,-3.192516803741455,-0.5846903920173645,-1.5448036193847656,-3.303987741470337,-0.5755494236946106,0.28464141488075256,0.44928768277168274,-0.003072900464758277,0.11422889679670334,-0.10076428949832916,-4.566002368927002,4.979886531829834,3.867382526397705,1.5464541912078857,0.9061124920845032,-0.9651197195053101,-0.9926946759223938,-0.6053435206413269,-3.9821808338165283,-0.8186519145965576,1.092252254486084,1.0859392881393433,-1.1915804147720337,-1.7252638339996338,-1.3092881441116333,-1.7955323457717896,-4.240094184875488,-0.001478489488363266,-4.188577651977539,2.468079090118408,-2.4788930416107178,-2.1307179927825928,-0.45104584097862244,2.8231263160705566,0.029880903661251068,1.644333004951477,-1.4194189310073853,-0.8589615225791931,4.741084575653076,-4.826960563659668,0.16404128074645996,-0.8656424283981323,-3.176104784011841
29,-0.4760727882385254,0.9957091808319092,2.3352890014648438,-0.4470771551132202,-1.3652925491333008,2.1923184394836426,5.8634748458862305,-0.10459244251251221,-1.4156885147094727,-2.960200309753418,3.3398170471191406,-1.1158064603805542,-3.191986083984375,-1.8703536987304688,-4.237287521362305,1.3677219152450562,0.031246714293956757,-6.215850353240967,1.1072685718536377,-0.9314032196998596,-3.361955165863037,-1.2710572481155396,-1.4205894470214844,-3.7653956413269043,-2.1237776279449463,0.2660294771194458,-3.269685983657837,-0.010631042532622814,0.10874901711940765,-0.09335010498762131,-4.671918869018555,5.0771918296813965,3.8810555934906006,-2.26767897605896,2.1573150157928467,-1.0997564792633057,-2.851649045944214,-0.6224788427352905,-7.8762593269348145,-0.22208574414253235,0.10396704822778702,-0.10073535889387131,0.4561701714992523,-1.0460959672927856,-0.43607237935066223,-11.05478572845459,-11.322166442871094,-1.7535362243652344,-2.9536778926849365,-0.5485764741897583,-5.194644451141357,-2.377653121948242,-0.17855077981948853,2.6400692462921143,-0.024275660514831543,1.766842246055603,-1.194970726966858,0.48138630390167236,4.817333221435547,-5.737271308898926,-2.238467216491699,1.490991234779358,4.7924089431762695
30,-1.8735905885696411,-3.795559883117676,1.4268100261688232,-0.6964331269264221,-1.4220601320266724,2.0907516479492188,-2.977872133255005,1.0474367141723633,1.4289650917053223,-2.9994542598724365,3.2110791206359863,-1.0770870447158813,-3.202867031097412,-2.0029408931732178,-3.8291797637939453,-0.4509938061237335,-0.045439280569553375,-5.4081711769104,1.0368568897247314,-0.9170376658439636,-3.330540895462036,-1.276007056236267,-2.2547361850738525,-3.9866435527801514,-2.371415138244629,0.20117157697677612,-2.745471954345703,-0.006822595838457346,0.10597704350948334,-0.10288432985544205,-4.472946643829346,4.743699073791504,3.591930389404297,1.932141661643982,-1.2199801206588745,-3.7864620685577393,-3.1362593173980713,-0.6071949601173401,-7.850945472717285,-5.8661112785339355,0.502168595790863,4.847563743591309,-0.919410228729248,-2.273061752319336,-0.9310287237167358,-9.376993179321289,-11.05786418914795,-2.038304567337036,-4.2867431640625,1.6769224405288696,-2.733642578125,-1.5585798025131226,-0.1910540759563446,3.4573209285736084,-0.011805613525211811,1.709306001663208,-1.2214250564575195,-0.5345848798751831,3.6499099731445312,-5.1727423667907715,-2.2227699756622314,1.489155888557434,5.234557628631592
31,-1.7630631923675537,-3.4150068759918213,1.863556981086731,-0.7409793734550476,-1.867665410041809,2.4873170852661133,-1.4702033996582031,2.2484774589538574,1.4059040546417236,-3.1262805461883545,3.222902297973633,-1.3719152212142944,3.9956178665161133,-3.1007022857666016,-8.182708740234375,1.2419135570526123,-0.32467857003211975,-5.849210739135742,1.3196935653686523,-0.9910315871238708,-3.3658344745635986,-0.7355989217758179,-1.9762510061264038,-4.570385932922363,-0.6048069000244141,0.24247576296329498,0.43490830063819885,0.06189390644431114,0.1047932356595993,-0.012898566201329231,-4.3294172286987305,4.547762393951416,3.5655887126922607,1.7313902378082275,0.6629207730293274,-1.032236933708191,-1.1058026552200317,-2.0464670658111572,-6.538849353790283,-5.704946517944336,0.0877273827791214,4.14937686920166,-0.8951193690299988,-2.237128257751465,-0.9376397132873535,-6.816969871520996,-9.864046096801758,-2.3612313270568848,-2.0484728813171387,2.0673491954803467,-0.19205297529697418,-2.2990214824676514,-0.013319946825504303,2.5508081912994385,-0.15219855308532715,1.7070035934448242,1.2731103897094727,-0.5806995034217834,3.396017551422119,-5.478277206420898,0.038910288363695145,0.15237504243850708,-2.2306017875671387
32,-1.8522145748138428,-3.907921314239502,1.264493465423584,-0.7035652995109558,-1.5312057733535767,2.1639740467071533,-2.0057532787323,2.225444793701172,0.8664307594299316,-3.711726188659668,2.3848190307617188,-0.469826340675354,-1.7002356052398682,-2.033498525619507,-1.9132064580917358,0.9375823140144348,-0.1772235631942749,-6.190086841583252,0.6108227968215942,-0.6613017320632935,-2.751216411590576,-1.0961040258407593,-2.81223726272583,-4.1086907386779785,-0.5673602223396301,0.29988643527030945,0.3481594920158386,-0.01213170401751995,0.11324368417263031,-0.10245338082313538,-5.0437140464782715,5.908710956573486,4.494661808013916,1.534835934638977,0.7912874817848206,-0.9435429573059082,-1.4045732021331787,-2.3179373741149902,-7.014301300048828,-0.1738639771938324,0.8786615133285522,0.7244900465011597,0.2904430329799652,-0.6300485134124756,-0.6541005373001099,-7.901486873626709,-9.773580551147461,-1.435032606124878,-3.2881691455841064,-0.11343108117580414,-5.649859428405762,-2.8747100830078125,-0.3670652508735657,2.819798231124878,-0.14204458892345428,2.054363965988159,1.4251677989959717,-0.9877792596817017,3.2502591609954834,-5.005037307739258,0.2900029718875885,-0.4554179012775421,-3.38645601272583
33,-1.8706436157226562,-4.036164283752441,1.499142050743103,-0.7829785943031311,-1.7695817947387695,2.319303274154663,-2.0499534606933594,2.089463710784912,0.8745325803756714,-3.7279906272888184,2.2956442832946777,-0.476720929145813,-1.6497242450714111,-1.920902967453003,-1.8417872190475464,0.9377048015594482,-0.12624192237854004,-6.167999267578125,1.8764660358428955,-0.8351826667785645,-2.2058286666870117,-1.0659836530685425,-2.8494954109191895,-4.193856239318848,-0.5669523477554321,0.35441526770591736,0.3105508089065552,-0.012026005424559116,0.11480221897363663,-0.10232260823249817,-5.001890659332275,5.9143967628479,4.436776638031006,1.6399729251861572,0.8146398067474365,-0.933144748210907,-1.6614503860473633,-2.060952663421631,-7.11832857131958,-0.1602797657251358,0.8671507835388184,0.6907442808151245,0.49352580308914185,-2.260871410369873,0.3210296928882599,-7.401651382446289,-9.409801483154297,-1.1044355630874634,-2.6696574687957764,1.9586081504821777,-2.3933444023132324,-2.6633529663085938,-0.34221190214157104,2.883551836013794,-0.055848851799964905,2.084897756576538,1.490925669670105,-0.24004653096199036,3.018280267715454,0.15734440088272095,0.5576030611991882,-0.4794957935810089,-3.323275327682495
34,-0.29232871532440186,0.6390587091445923,2.0518689155578613,-0.4087722599506378,-1.868177056312561,2.802515983581543,6.776301860809326,-0.1235141009092331,-1.56055748462677,-4.085160255432129,1.613938331604004,-1.5995208024978638,4.0786590576171875,-3.1264755725860596,-7.411990642547607,1.5261104106903076,-0.7733249068260193,-6.486668109893799,2.4428768157958984,-1.2544561624526978,-2.114567518234253,-0.4509764313697815,-0.8682795166969299,-3.1121864318847656,-0.6192322373390198,0.2201518565416336,0.4323287606239319,0.06597551703453064,0.11002443730831146,0.0071889739483594894,-4.612651348114014,5.835317611694336,4.05045223236084,2.1325912475585938,0.8291404247283936,-0.8478277325630188,-1.515289068222046,-1.9721355438232422,-7.138940334320068,-1.9843190908432007,0.5654421448707581,2.413357973098755,-1.793373465538025,0.15572568774223328,0.155500128865242,-3.2094314098358154,-6.726614952087402,-0.649791419506073,-2.3638246059417725,1.9171550273895264,-2.0859322547912598,-1.1569801568984985,0.16886991262435913,3.7275643348693848,-0.048254162073135376,2.2123236656188965,1.3060786724090576,-0.10329236090183258,2.9624555110931396,0.018172595649957657,0.4987304210662842,-0.27147042751312256,-2.7291696071624756
35,-0.2989617884159088,0.7875036001205444,1.9439297914505005,-0.4368777871131897,-1.553191065788269,2.8097569942474365,6.776706695556641,0.07890145480632782,-1.6788065433502197,-4.505812168121338,1.4830909967422485,-1.5510371923446655,-4.231658458709717,-0.26733019948005676,-0.966314435005188,1.7988042831420898,-0.8815541863441467,-6.416049957275391,2.5934319496154785,-1.5440086126327515,-2.3717386722564697,-0.6996043920516968,-1.8605217933654785,-3.8861708641052246,-0.6829559803009033,0.2451435625553131,0.40885064005851746,0.06960950046777725,0.11303243041038513,0.027699509635567665,-4.39293098449707,5.558660507202148,3.8193445205688477,-0.32084721326828003,0.06282578408718109,-0.482378214597702,-1.6960937976837158,-2.0514211654663086,-6.918734073638916,-7.720208644866943,0.20196199417114258,5.37766170501709,-0.6219563484191895,-1.1588093042373657,-0.10678310692310333,-9.334705352783203,-10.62722110748291,-2.5807535648345947,-2.290937662124634,0.8860854506492615,-5.754354476928711,-1.4656554460525513,0.07468383759260178,3.7740986347198486,-0.04425792396068573,2.0450809001922607,1.5414011478424072,-0.27079111337661743,2.699941396713257,0.4479765295982361,0.37705713510513306,-0.5300657749176025,-2.7277309894561768
36,-1.616621971130371,-3.7191762924194336,1.425229549407959,-0.4391818642616272,-1.9722517728805542,3.0318074226379395,6.487069606781006,0.4757150411605835,-1.9771207571029663,-4.579953193664551,1.6502997875213623,-1.313800573348999,3.8580310344696045,-3.464627265930176,-8.161515235900879,1.139712929725647,-0.779088020324707,-6.7649993896484375,2.396076202392578,-1.3703250885009766,-2.1238648891448975,-0.630301296710968,-0.3875482380390167,-2.584552049636841,-0.14313329756259918,0.7022997736930847,-0.17174622416496277,0.06862834841012955,0.10648386180400848,0.034314729273319244,-4.261948108673096,5.409942626953125,3.68521785736084,2.3679864406585693,0.8506979942321777,-0.6798626184463501,-1.4165397882461548,-1.9661190509796143,-6.9762959480285645,0.2252894788980484,0.2326778769493103,1.3728795051574707,-1.9350277185440063,0.08279460668563843,0.3364124894142151,-2.785288095474243,-6.211722373962402,-0.671697735786438,-2.440117359161377,1.0686514377593994,-5.65397834777832,-1.1249467134475708,0.03656913712620735,3.1435658931732178,-0.47607263922691345,2.0838077068328857,0.7523036003112793,-0.3979246914386749,3.0542590618133545,0.16359011828899384,-0.93180251121521,-0.6441860198974609,-2.5309736728668213
37,-1.3188847303390503,-3.899660110473633,0.6768576502799988,0.4379594624042511,-0.6154510378837585,2.2743568420410156,-1.4664247035980225,1.7766762971878052,0.933830738067627,-4.584133625030518,1.336183786392212,-0.9846727848052979,-0.3966566324234009,-1.2423726320266724,-2.267486572265625,0.3191889822483063,0.0893833264708519,-6.948918342590332,1.815119981765747,-0.876828670501709,-1.7523607015609741,0.26898425817489624,0.20056301355361938,-2.8787899017333984,-0.40867137908935547,1.2382845878601074,-0.21335281431674957,0.0716380849480629,0.10779830813407898,0.017897218465805054,-4.460718154907227,5.541048049926758,3.800546884536743,2.7395853996276855,1.0721850395202637,-0.9088872075080872,-1.305720567703247,-2.3646488189697266,-7.085694313049316,0.6971898674964905,-0.2907183766365051,0.1944282501935959,0.12492404878139496,-2.4110777378082275,0.5664740800857544,-6.190764904022217,-7.595851421356201,0.05980589613318443,-2.656428098678589,1.777853012084961,-1.4555613994598389,2.752575635910034,0.0638187825679779,7.977204322814941,0.06912602484226227,1.7064120769500732,-1.1946555376052856,-0.39121854305267334,2.051274538040161,-1.4770509004592896,-1.0236778259277344,-0.20938608050346375,-2.048454999923706
38,0.13825339078903198,2.4904842376708984,1.6949321031570435,0.26795485615730286,-0.14539627730846405,2.82920503616333,-2.300049304962158,1.1237431764602661,0.9472606182098389,-4.659548759460449,1.5100985765457153,-0.6040958166122437,-0.4801316559314728,-1.1803592443466187,-2.3646674156188965,0.20484322309494019,-0.05018828064203262,-6.86582612991333,1.6334768533706665,-0.8720874190330505,-1.531029462814331,0.3298933506011963,0.12259931862354279,-3.0849430561065674,-0.43073123693466187,1.2261769771575928,-0.2634545862674713,0.07668451964855194,0.10786692053079605,0.050500236451625824,-4.024145126342773,4.950555324554443,3.2247507572174072,2.3368382453918457,0.9288602471351624,-0.7425196170806885,-0.5160385966300964,-0.1876569539308548,-5.325314044952393,0.81099933385849,-0.296633243560791,0.2435029298067093,0.04092211648821831,-2.473407745361328,0.47191122174263,-9.226536750793457,-9.758682250976562,-1.0453373193740845,-2.3873989582061768,1.812574863433838,-1.4500240087509155,2.8079328536987305,0.37678587436676025,7.1470489501953125,0.002636086195707321,1.6248979568481445,-1.3481444120407104,-0.39902371168136597,2.0277717113494873,-1.626047134399414,-1.314924716949463,-0.6590092182159424,-2.1543335914611816
39,-1.4694868326187134,-3.8337602615356445,1.234229326248169,0.5599312782287598,-0.8874824047088623,2.769770622253418,6.302321910858154,0.12046904861927032,-1.0871155261993408,-4.251822471618652,1.1610276699066162,-2.5371551513671875,-4.55078649520874,-0.40627148747444153,-1.960903286933899,0.22378963232040405,-0.1681888997554779,-6.6221771240234375,1.5093141794204712,-3.8640224933624268,-5.999107360839844,0.2680540680885315,0.0654103010892868,-2.855215549468994,-0.08131910860538483,1.1068799495697021,0.1799485981464386,0.05571695789694786,0.09706460684537888,0.011403732001781464,-4.519073009490967,5.650534152984619,3.8148767948150635,2.361999034881592,2.6737406253814697,-7.628118515014648,-1.002846598625183,-2.4757180213928223,-6.827888011932373,0.7814857363700867,-0.2609087824821472,0.15661105513572693,-0.2626528739929199,-2.6294095516204834,0.9368546009063721,-5.983083724975586,-8.263788223266602,-0.8398749828338623,-3.2239763736724854,-0.13742278516292572,-6.15543794631958,2.838988780975342,0.34730827808380127,7.219788551330566,-0.4761710464954376,2.1555423736572266,0.9396167397499084,-0.9416329264640808,3.284543752670288,0.06665324419736862,-1.9065322875976562,-0.12633547186851501,2.6116209030151367
40,-1.2926543951034546,-3.861628532409668,0.6749707460403442,0.8070362210273743,-0.8315951824188232,2.7417781352996826,6.770699501037598,0.2609379291534424,-1.5556116104125977,-4.482128143310547,1.4330849647521973,-1.0367763042449951,-4.444799423217773,-0.4431944191455841,-1.6453821659088135,0.06020129472017288,-0.19560685753822327,-6.282390594482422,2.0088160037994385,-1.0812349319458008,-1.587265968322754,0.368869423866272,-0.2368948608636856,-3.21307110786438,-0.11482194066047668,0.8989607095718384,-0.266520231962204,0.06657005101442337,0.08839082717895508,0.051803380250930786,-4.307947635650635,5.373216152191162,3.574404716491699,2.1335055828094482,1.0229573249816895,-0.8105075359344482,-0.835870087146759,-0.13813374936580658,-4.996479034423828,0.693661630153656,-0.1713201254606247,0.13477788865566254,0.4934476613998413,-2.6605234146118164,1.036522626876831,-6.656070709228516,-8.109856605529785,-0.9495493769645691,-3.2808620929718018,0.5264390110969543,-6.289447784423828,2.3922886848449707,-0.5043059587478638,6.458105087280273,-0.44804397225379944,2.0048556327819824,0.8079467415809631,-0.8839446902275085,3.3192312717437744,0.20993095636367798,0.12484234571456909,-0.10037866234779358,-2.6422119140625
41,-1.3857402801513672,-3.750154972076416,1.9385322332382202,-0.36040472984313965,-2.1403188705444336,3.168508291244507,7.048584461212158,0.694429337978363,-2.169940710067749,-4.653794288635254,1.534820318222046,-1.1017000675201416,-4.928720951080322,7.836246967315674,-0.12430299073457718,1.2332814931869507,-0.8211981058120728,-6.467365741729736,2.2308266162872314,-1.0726537704467773,-2.1290690898895264,-0.6384931802749634,-1.1335111856460571,-3.8126280307769775,-0.1687505692243576,0.7773024439811707,-0.2190878987312317,0.0636986717581749,0.10339400172233582,0.04197501018643379,0.25182297825813293,0.21966612339019775,-2.178325891494751,2.3090789318084717,0.6787753701210022,-0.6950075030326843,-1.3247629404067993,-1.7566629648208618,-6.679110527038574,0.35017603635787964,0.37670356035232544,-0.021216465160250664,0.6386728882789612,-1.690676212310791,0.9437384605407715,-3.1333773136138916,-6.633589744567871,-0.08193345367908478,-2.2329232692718506,0.8366228938102722,-5.763670444488525,-1.5652095079421997,0.04100650176405907,3.5193512439727783,-0.5745894908905029,2.2512245178222656,0.68315190076828,-0.6270444989204407,2.7580606937408447,0.22236762940883636,0.07539509981870651,-0.16490310430526733,-2.8145453929901123
42,-1.454316258430481,-3.600189685821533,1.8987774848937988,-0.2660496234893799,-2.0835111141204834,3.2479913234710693,7.275008201599121,0.692870557308197,-2.0617899894714355,-4.64260196685791,1.538980484008789,-0.9333375692367554,-4.529167175292969,-0.31909897923469543,-1.9040790796279907,1.0487079620361328,-0.7065978646278381,-6.405975818634033,2.1334457397460938,-1.014171838760376,-2.0660624504089355,-0.47245514392852783,-0.40065979957580566,-3.810346841812134,-0.15269367396831512,0.7946596145629883,-0.21112848818302155,0.06165360286831856,0.0959462895989418,0.03470638394355774,-4.475369453430176,5.870212078094482,3.86184024810791,2.2425615787506104,0.8623985052108765,-0.7092441916465759,-0.9113757014274597,0.4239218235015869,-4.824220657348633,0.33006858825683594,0.3703593611717224,-0.03268946707248688,0.6501538157463074,-1.6958584785461426,0.958873987197876,-3.185149669647217,-6.7044854164123535,-0.17707829177379608,-2.271959066390991,0.9390424489974976,-5.783780574798584,-1.5319240093231201,7.640570402145386e-05,3.414482593536377,-0.6360127329826355,2.265960216522217,0.7460857629776001,-0.6895846724510193,2.721362352371216,0.24314995110034943,0.0730913057923317,-0.20935863256454468,-2.695392608642578
43,-1.076647162437439,-4.098002910614014,1.1268506050109863,0.6936325430870056,-0.86801677942276,2.923381805419922,6.804417133331299,0.5336269736289978,-1.9484385251998901,-4.5485758781433105,1.4919315576553345,-1.0168148279190063,-4.536736965179443,-0.5287765264511108,-1.7670612335205078,1.1934633255004883,-0.6613351702690125,-6.60588264465332,2.845609426498413,-1.8130546808242798,-4.243310928344727,0.43435823917388916,-0.14673744142055511,-3.452007532119751,-0.17317499220371246,0.8675286173820496,-0.21824640035629272,0.06763193011283875,0.0966372862458229,0.03689894452691078,-4.424597263336182,5.602583885192871,3.749253273010254,2.0562784671783447,1.1906863451004028,-0.8993054032325745,-1.0730477571487427,0.1112498790025711,-4.7860260009765625,0.7088823914527893,0.17502199113368988,0.518295407295227,0.6996027231216431,-1.863152265548706,0.9087052345275879,-7.870275974273682,-8.97168254852295,-2.0726983547210693,-3.1083855628967285,1.1408442258834839,-6.0972490310668945,-0.916678786277771,0.028044357895851135,2.70373272895813,-0.6134505271911621,2.256422519683838,0.7529921531677246,-0.6329445838928223,3.3847620487213135,0.07196996361017227,-2.1615986824035645,-0.03580930829048157,2.8101437091827393
44,-1.5870513916015625,-3.8206024169921875,1.566157579421997,0.9192105531692505,-0.6324424147605896,2.5417401790618896,6.720340251922607,0.11667497456073761,-1.518221139907837,-3.915499210357666,1.1000704765319824,-0.8839572668075562,-4.859730243682861,-0.6834043264389038,-4.1252593994140625,1.2195751667022705,-0.38830476999282837,-6.755606651306152,2.601179599761963,-1.5019527673721313,-1.9788048267364502,-0.5383315086364746,-2.462320327758789,-4.480761528015137,-0.08939461410045624,1.1143193244934082,0.18434087932109833,0.08584815263748169,0.09521110355854034,0.09466662257909775,-3.3874807357788086,3.6657001972198486,1.9726998805999756,1.5757421255111694,-1.4691948890686035,-4.032641410827637,-0.09299632161855698,-0.7571247220039368,-5.16215181350708,0.7371330857276917,-0.19895488023757935,1.080565333366394,-0.46883848309516907,-0.28361639380455017,-0.4554245173931122,-5.300756931304932,-8.760323524475098,-0.46701815724372864,-2.7091798782348633,1.4956234693527222,-2.564730167388916,-1.0485495328903198,0.31726211309432983,3.363743305206299,-0.010865195654332638,2.626472234725952,1.4840383529663086,-0.4258407950401306,3.456455945968628,0.24268858134746552,-2.406259298324585,-0.3707568347454071,1.6987913846969604
45,-1.3452550172805786,-3.955326557159424,1.190758228302002,0.17278307676315308,-0.4302169680595398,2.277142286300659,6.506943702697754,-0.47364258766174316,-2.346247673034668,-4.16874885559082,1.4413363933563232,-1.2958039045333862,-4.211696147918701,-0.6289030313491821,-4.96249532699585,1.178765058517456,-0.34426653385162354,-1.2682020664215088,2.4285430908203125,-1.242089033126831,-1.5364137887954712,-0.913188099861145,-2.427865743637085,-3.6315972805023193,-0.7090052366256714,0.3191821575164795,0.40181225538253784,-0.01538676768541336,0.12154076248407364,-0.10871414840221405,-3.0229785442352295,3.2407233715057373,1.6925112009048462,1.5369504690170288,1.0891896486282349,-0.5519684553146362,-0.08423770219087601,-0.44596147537231445,-5.733893871307373,-0.29452329874038696,0.7732880711555481,0.45778584480285645,0.25259751081466675,-0.6364395618438721,-0.6454687118530273,-6.830533981323242,-8.156375885009766,-1.923313856124878,-3.0915610790252686,-1.1429210901260376,-5.336737155914307,-2.2631945610046387,-0.4164789021015167,3.047483444213867,-0.2343996912240982,2.0379462242126465,1.663423776626587,-0.550816535949707,2.840961456298828,0.44621723890304565,0.10733912140130997,-0.9182349443435669,-3.265799045562744
46,-1.0673549175262451,-2.8812458515167236,1.757869839668274,3.743152141571045,1.1767280101776123,4.823491096496582,6.989484786987305,0.4544419050216675,-1.8348151445388794,-3.715954303741455,0.8063428401947021,-1.1389342546463013,1.6438050270080566,-2.307138204574585,-5.435468673706055,1.5032727718353271,0.26640188694000244,-4.003316402435303,-0.9478040933609009,-1.7234466075897217,-2.6975231170654297,-0.43222957849502563,1.185827612876892,-4.412036895751953,-0.01055862009525299,0.9588648080825806,0.015376986004412174,0.01581154763698578,0.07297907024621964,-0.000520102446898818,-4.657533645629883,5.877518653869629,3.741999387741089,1.4258975982666016,1.183275818824768,-0.9213064908981323,1.8828699588775635,0.20469121634960175,-6.279346942901611,-2.8818280696868896,0.273628294467926,3.9613254070281982,1.3690687417984009,-3.0746212005615234,1.0426385402679443,-6.310484409332275,-4.973152160644531,2.0918469429016113,-2.0899085998535156,2.274752140045166,-1.1592050790786743,2.535806894302368,-0.9599322080612183,6.658353805541992,-0.2662487328052521,1.3166230916976929,1.6557143926620483,-0.30781129002571106,2.095201253890991,0.7229058146476746,-0.4122316539287567,-0.9764503240585327,-1.8466484546661377
47,-0.22859084606170654,-3.4184963703155518,0.9750703573226929,3.0691230297088623,0.398062527179718,4.161039352416992,1.2368746995925903,-1.0996888875961304,1.5534781217575073,-2.6226565837860107,1.334485650062561,0.5700348019599915,-2.2509772777557373,-0.7345889806747437,-3.9387147426605225,1.4441287517547607,0.09763995558023453,-4.2818803787231445,0.8502511382102966,-1.5529524087905884,-2.3314576148986816,-0.811884880065918,0.7851684093475342,-2.5451278686523438,-0.073176309466362,1.08079993724823,0.12203184515237808,0.029871325939893723,0.07154526561498642,0.009613282978534698,-4.1854166984558105,4.667232990264893,3.0617527961730957,1.2681599855422974,0.9271469116210938,-1.2493058443069458,1.583226203918457,0.31121689081192017,-5.375912189483643,-2.8301217555999756,0.21606206893920898,3.852266311645508,-0.10734059661626816,-2.5695483684539795,0.8915083408355713,-7.279519081115723,-6.866521835327148,0.5527353882789612,-3.0247838497161865,-1.2098591327667236,-3.38423228263855,-1.3776525259017944,0.38767531514167786,2.945100784301758,-0.10647628456354141,1.4118614196777344,1.2127984762191772,-0.17084331810474396,2.197321891784668,0.40201544761657715,0.3895231783390045,-0.942331075668335,-2.9787535667419434
48,-1.2280664443969727,1.7841559648513794,1.3187079429626465,-2.170029878616333,-1.6700342893600464,1.31187903881073,2.0021650791168213,-1.1429033279418945,-0.372220903635025,-3.0919129848480225,0.8571350574493408,-0.45780980587005615,-2.6543333530426025,-0.38553372025489807,-4.432307720184326,1.1519041061401367,0.4313472807407379,-5.409544944763184,1.9241290092468262,-0.42387905716896057,-3.994328260421753,-5.1695075035095215,10.803027153015137,-3.026867389678955,-1.8051495552062988,0.8417282104492188,0.3610966205596924,-0.012688529677689075,0.0930948406457901,-0.06582307070493698,-3.8505659103393555,3.9024195671081543,2.946371078491211,-1.0797821283340454,1.8680475950241089,-2.0472874641418457,-1.2830369472503662,-1.2985550165176392,-6.730957508087158,-1.46231210231781,0.41280215978622437,1.638791799545288,-0.3956506848335266,-2.591869831085205,-0.7625503540039062,-3.6728343963623047,-7.001568794250488,-3.464268922805786,-8.245033264160156,6.717475414276123,-6.12540340423584,-5.0669355392456055,0.5503332018852234,0.8508201837539673,-0.21410611271858215,2.5789976119995117,0.4776648283004761,0.2568548321723938,3.589820146560669,-1.6740318536758423,3.131568670272827,2.2558672428131104,0.9759113788604736
49,-1.3471859693527222,1.756109595298767,2.0534439086914062,0.06656098365783691,0.3334785997867584,4.547938823699951,-6.061980247497559,-6.405943393707275,3.5130622386932373,-2.9906842708587646,0.7346760630607605,-0.9766380786895752,-2.4134182929992676,-0.017705343663692474,-3.6712701320648193,1.6131395101547241,0.26737791299819946,-3.196997880935669,2.122199058532715,-0.3524395227432251,-3.878751516342163,-2.032726287841797,2.7872936725616455,-3.6815483570098877,-3.782259225845337,0.9286481142044067,-0.14745444059371948,-0.02833583764731884,0.11456534266471863,-0.093190036714077,-4.076066970825195,4.151736736297607,3.2479195594787598,0.7652913331985474,0.5519751906394958,-1.2837903499603271,-0.14447927474975586,1.2020591497421265,0.9863957166671753,-1.8220219612121582,0.10010844469070435,2.0126023292541504,0.20914649963378906,-0.5144166946411133,-0.8261882066726685,-4.592447280883789,-5.41065788269043,1.191753625869751,-3.755958318710327,3.3864123821258545,-2.5964932441711426,1.7588459253311157,0.3256871998310089,2.9881885051727295,-1.1305760145187378,2.6505351066589355,-0.33605730533599854,-0.24147909879684448,2.8187358379364014,-2.296793222427368,-1.7940471172332764,2.483355760574341,-1.456860899925232
50,-1.2036482095718384,1.505852460861206,2.0626444816589355,0.5111970901489258,-0.1252247542142868,2.879018783569336,-5.188689231872559,-7.070497512817383,2.130157470703125,-3.304593801498413,0.9571895003318787,-0.8942517042160034,-2.3030853271484375,0.292407363653183,-3.683507204055786,0.18018409609794617,0.11515484005212784,-1.6173717975616455,1.9926453828811646,-0.45064157247543335,-3.833528518676758,-2.3150720596313477,3.4069571495056152,-3.761353015899658,-3.5173487663269043,0.6746507883071899,1.2048520147800446e-05,-0.02944173663854599,0.10426513850688934,-0.10114605724811554,-4.067355632781982,4.091737747192383,3.2641446590423584,0.8033155202865601,0.7003908753395081,-1.2846121788024902,0.4929330050945282,-2.245074987411499,-6.947832107543945,-1.6679843664169312,0.09236298501491547,1.8678596019744873,0.30961742997169495,-0.4466029107570648,-0.8364207744598389,-6.247441291809082,-7.788559436798096,-1.2779860496520996,-8.275762557983398,6.149720668792725,-5.601144313812256,2.0893304347991943,0.7455137968063354,2.104968786239624,-0.538102924823761,1.9108918905258179,-0.24918541312217712,-0.3314681649208069,2.7745187282562256,-2.114445447921753,0.774439811706543,7.138827323913574,-3.1527652740478516
51,-0.8626942038536072,1.5155377388000488,2.5037569999694824,0.30615296959877014,0.4945366084575653,3.1365809440612793,4.358504295349121,0.21503673493862152,-0.3409031331539154,-3.3649699687957764,0.7958388924598694,-0.9674054384231567,-2.266871690750122,-0.10886111110448837,-4.011041641235352,0.9479241371154785,0.3648426830768585,-5.697630405426025,1.6701326370239258,-0.5079463720321655,-3.318061351776123,-1.7786394357681274,2.181866407394409,-3.4656903743743896,-1.2279516458511353,-0.7213043570518494,-7.140172481536865,-0.025545621290802956,0.09802253544330597,-0.107200026512146,-3.9678711891174316,4.138760089874268,3.3595774173736572,3.1911330223083496,-2.281564474105835,-5.227154731750488,-0.7234249711036682,1.279775857925415,0.21649768948554993,-1.337552785873413,0.3385359048843384,1.5315214395523071,0.8117428421974182,-0.24692127108573914,-0.7987461090087891,-3.8033225536346436,-5.0952534675598145,0.9102421998977661,-4.2687249183654785,3.7209157943725586,-2.483485460281372,-0.9384332895278931,-0.7066463232040405,2.1040356159210205,-1.2173583507537842,1.9485310316085815,-0.4352495074272156,1.355597734451294,2.5784623622894287,-3.402010679244995,1.6724172830581665,1.9809792041778564,-3.8011319637298584
52,-0.959197998046875,1.4550117254257202,2.6711714267730713,0.18885929882526398,0.021535910665988922,3.535588502883911,1.626267671585083,-1.4674278497695923,0.665002703666687,-2.5813615322113037,2.6720287799835205,-0.43110191822052,-2.1605288982391357,0.07308337837457657,-3.8767313957214355,1.1579242944717407,0.4062504470348358,-5.606056213378906,1.3866524696350098,-0.8276506066322327,-3.5470151901245117,-1.8163586854934692,0.9829606413841248,-3.1691536903381348,-1.7093226909637451,-1.5742785930633545,-7.525054931640625,-0.023814741522073746,0.11176781356334686,-0.1037990003824234,-4.000560283660889,4.254962921142578,3.37580943107605,3.301100015640259,-2.3486359119415283,-5.241947174072266,-1.1281394958496094,1.0718276500701904,-0.027636326849460602,-1.4897651672363281,0.30214816331863403,1.6064172983169556,0.9010195732116699,-0.36177000403404236,-0.842990517616272,-3.308450698852539,-4.435670375823975,1.1718769073486328,-4.677282333374023,3.6155614852905273,-2.6389145851135254,-5.653107166290283,-0.020521625876426697,2.2028286457061768,-1.30476975440979,1.945878028869629,-0.4808744192123413,-1.5786545276641846,4.068903923034668,-0.7695189714431763,-3.772930383682251,3.982609748840332,-1.560472011566162
53,-0.746828556060791,1.1070950031280518,2.472230911254883,0.17179667949676514,-0.4992641508579254,2.844438314437866,3.6185901165008545,0.006731688976287842,-0.8088630437850952,-1.8713064193725586,2.8813657760620117,-0.5660133361816406,-2.0103635787963867,-0.3528262674808502,-4.357241630554199,1.2643866539001465,0.3645150065422058,-5.872840881347656,1.4239541292190552,-0.30924680829048157,-2.9346272945404053,-2.02524733543396,1.411285400390625,-3.2145118713378906,-2.0949294567108154,-1.4269441366195679,-5.938405990600586,-0.027161072939634323,0.1003217026591301,-0.09912367165088654,-4.140970230102539,4.3845977783203125,3.3847408294677734,1.327067255973816,1.2020589113235474,1.416471004486084,-0.7452634572982788,1.1174346208572388,0.4336748421192169,-2.308260917663574,0.3032633066177368,1.7703754901885986,0.6591580510139465,-0.3188667297363281,-0.6792093515396118,-8.17386245727539,-9.220386505126953,-2.1629443168640137,-4.13310432434082,3.778658390045166,-2.680562973022461,0.012023746967315674,-0.4373571574687958,2.958834409713745,-0.6252294778823853,1.6069738864898682,-0.4967254400253296,-0.1759161651134491,2.2080273628234863,-2.227694272994995,1.1447968482971191,2.0773487091064453,-3.6512973308563232
54,-0.8190361857414246,1.4269812107086182,2.3265607357025146,0.1950453817844391,-0.37598341703414917,2.913193941116333,-4.772903919219971,-9.182161331176758,1.0020830631256104,-1.484473466873169,3.087952136993408,-0.6208223104476929,-1.735898494720459,-0.606978178024292,-4.397068023681641,-0.06330325454473495,0.15792393684387207,-0.814723014831543,1.1237380504608154,0.16807830333709717,-2.3306846618652344,-1.805733561515808,1.7611583471298218,-3.085784912109375,-1.9370197057724,-1.0093029737472534,-5.614943981170654,-0.012518311850726604,0.06858683377504349,-0.0562535896897316,-4.187576770782471,4.429076671600342,3.314168930053711,1.2454966306686401,1.3604589700698853,1.2829593420028687,-0.5203448534011841,1.1093065738677979,0.5809076428413391,-2.33113694190979,0.2803238034248352,1.777076244354248,0.3401806950569153,-1.5172207355499268,-0.5531044006347656,-8.178484916687012,-8.6939697265625,-1.7038047313690186,-7.147920608520508,5.134786128997803,-4.571532726287842,0.3586028814315796,-0.15583279728889465,2.5765023231506348,-0.6247266530990601,1.5962680578231812,-0.6116489171981812,0.23583760857582092,2.79318904876709,0.9035946130752563,1.0298353433609009,1.9711368083953857,-3.3242647647857666
55,-0.769443154335022,1.2030850648880005,2.25229811668396,0.22680696845054626,-0.3636929392814636,3.112741231918335,-4.469486713409424,-8.645342826843262,1.1502083539962769,-1.7378984689712524,2.9561684131622314,-0.634151816368103,-1.8385405540466309,-0.464135080575943,-4.212100505828857,-0.08213233202695847,0.12012099474668503,-0.739145040512085,1.072662353515625,0.12819141149520874,-2.297571897506714,-1.9394160509109497,1.6646454334259033,-3.1343164443969727,-1.5926610231399536,-1.2891358137130737,-5.3863444328308105,-0.011694219894707203,0.06536632031202316,-0.0609872005879879,-4.0713043212890625,4.251442909240723,3.181262254714966,1.2964078187942505,1.3581161499023438,1.279752492904663,-0.5099077224731445,1.16012442111969,0.5678027868270874,-3.196249008178711,0.2227068543434143,4.5838751792907715,0.31762364506721497,-1.510489821434021,-0.5571286678314209,-8.539104461669922,-8.969298362731934,-1.601563811302185,-7.124604225158691,5.14277458190918,-4.551441669464111,0.38466677069664,-0.2592293918132782,2.5376594066619873,-0.51278156042099,1.5694316625595093,-0.6255019903182983,0.27026504278182983,2.759774684906006,0.8424178957939148,1.1049555540084839,1.9668134450912476,-3.384316921234131
56,-1.2236303091049194,1.890654444694519,2.1933014392852783,0.5665108561515808,-0.4982210099697113,2.9525880813598633,3.2202320098876953,0.641769528388977,-0.12418687343597412,-1.5763098001480103,3.0213892459869385,-0.3620438575744629,-2.148780107498169,0.4289802014827728,-3.583253860473633,0.3336487412452698,-0.3458414673805237,-6.034461498260498,1.3546754121780396,-0.0748450756072998,-2.1553332805633545,-2.341111183166504,1.888353705406189,-3.4918880462646484,-2.208153247833252,-1.1312434673309326,-6.81621789932251,-0.019735191017389297,0.059073545038700104,-0.02925465628504753,-3.9947509765625,3.9465086460113525,3.059802293777466,1.0062426328659058,0.6639348268508911,-1.2732875347137451,-0.15209242701530457,1.0675745010375977,0.9637039303779602,-0.9794510006904602,0.6792753338813782,1.563459038734436,0.5208017826080322,-0.1589898020029068,-0.787830114364624,-7.557774543762207,-8.3904390335083,-1.1797791719436646,-3.313774824142456,3.259150743484497,-2.9890661239624023,-7.785314083099365,-1.315887451171875,7.350318908691406,0.30484768748283386,1.2687888145446777,-0.29877525568008423,1.0564764738082886,2.304288387298584,-2.0911340713500977,1.1344901323318481,2.34856915473938,-2.3599462509155273
57,-1.4630720615386963,1.7445300817489624,2.0051472187042236,0.7207149267196655,0.0781601145863533,2.3871233463287354,3.566690683364868,0.6681763529777527,-0.544819712638855,-2.1929211616516113,2.8189749717712402,0.028033778071403503,-2.7699782848358154,0.9238585233688354,-2.9998300075531006,0.39833304286003113,0.09599506109952927,-1.2386698722839355,1.2816931009292603,-0.8922099471092224,-3.2002360820770264,-3.462130308151245,8.540641784667969,-3.1277194023132324,-3.2483904361724854,0.7730052471160889,-5.236862659454346,0.025189489126205444,0.1068575531244278,-0.01847171224653721,-4.245851516723633,4.689809799194336,3.4988715648651123,1.4043257236480713,1.0896340608596802,-1.1864877939224243,-0.890442967414856,-2.1571438312530518,-6.8943190574646,-1.0468600988388062,0.5017625093460083,1.6349782943725586,0.4769524931907654,-1.7134599685668945,-0.634274959564209,-4.842981338500977,-5.768614292144775,0.14509394764900208,-2.5712342262268066,2.1944832801818848,-5.0121965408325195,1.6599057912826538,-0.04343200474977493,3.6040377616882324,-0.3959009647369385,1.7305488586425781,-0.13764339685440063,-0.5344187021255493,2.4030325412750244,1.2657405138015747,0.7100256085395813,6.158050060272217,-3.8871078491210938
58,-1.4620708227157593,1.3857929706573486,1.8864526748657227,0.7049258351325989,0.07409688085317612,2.2680416107177734,2.927629232406616,-2.0831236839294434,-1.2407280206680298,-1.7714588642120361,2.8577725887298584,-0.10383076965808868,-2.698530673980713,0.8163254261016846,-2.5067319869995117,0.40891391038894653,0.14768216013908386,-1.0042628049850464,1.3050276041030884,-0.7706605195999146,-3.195012331008911,-3.78048038482666,9.528682708740234,-2.805020570755005,-2.622392177581787,0.36711663007736206,-2.328733444213867,-0.014953218400478363,0.06024480611085892,-0.045571569353342056,-4.346996784210205,4.946451663970947,3.673870086669922,1.3659543991088867,0.888693630695343,-1.2731890678405762,-0.9327458739280701,-2.0396900177001953,-6.600386142730713,-2.5733449459075928,0.2089216411113739,2.4231607913970947,0.5603848099708557,-1.357244610786438,-0.5858776569366455,-4.351810932159424,-4.875552177429199,0.5871340036392212,-2.613893985748291,2.340480327606201,-4.898323059082031,1.1875410079956055,0.5286855101585388,4.647639274597168,-0.45811542868614197,1.742142677307129,0.16110730171203613,-0.6313956379890442,2.399049997329712,2.083897590637207,-3.1428298950195312,3.6385557651519775,2.489208221435547
59,-0.7630312442779541,1.4896777868270874,1.9075236320495605,1.240835189819336,0.718289315700531,1.491931676864624,3.8834378719329834,-0.26565682888031006,-0.04591625928878784,-0.991020679473877,2.948084831237793,-0.7617616653442383,-2.6503841876983643,1.435637354850769,-2.381598949432373,0.34924572706222534,-0.05564805120229721,-0.9430657625198364,0.7894987463951111,-0.6820040345191956,-3.051734209060669,-4.483852386474609,10.863262176513672,-2.4693334102630615,-0.8627415299415588,0.7806297540664673,0.6924140453338623,0.014953396283090115,0.05296284705400467,0.013865286484360695,-4.102497577667236,4.614370822906494,3.295231342315674,1.4605735540390015,0.8824434876441956,-1.2590060234069824,-1.026906967163086,-2.1170265674591064,-6.944903373718262,-2.6373677253723145,0.2866095304489136,2.4509947299957275,0.21995261311531067,-1.387130618095398,-0.6298251152038574,-4.229061126708984,-6.240633487701416,-0.483449786901474,-2.463818073272705,1.7146927118301392,-4.509902477264404,-3.970438003540039,0.7484999895095825,0.8538534641265869,-0.562531054019928,1.602699875831604,0.3846926689147949,-0.3597799241542816,2.4256086349487305,-1.2510321140289307,-0.1091499850153923,3.2262048721313477,-0.5851934552192688
60,-0.8655754327774048,1.517689824104309,1.8426368236541748,-3.246760845184326,-0.3461836278438568,4.720064640045166,4.267993927001953,0.10575650632381439,-0.6330803632736206,-1.2930898666381836,2.7082295417785645,-0.4425654411315918,-2.1816108226776123,1.2927898168563843,-2.7422051429748535,0.4245685636997223,-0.29800668358802795,-1.0303947925567627,0.5288060903549194,-0.768684983253479,-3.0000030994415283,-4.087324619293213,9.400182723999023,-2.4007058143615723,-2.8456389904022217,-0.09375154227018356,-2.459017276763916,0.026288345456123352,0.10255255550146103,-0.03456168621778488,-4.154279708862305,4.629256248474121,3.3887016773223877,1.4679234027862549,0.7175853848457336,-1.3420268297195435,-0.9682337641716003,-2.340019464492798,-6.874677658081055,-2.717259645462036,0.3582470417022705,2.5191850662231445,0.07683292031288147,-1.5593719482421875,-0.65550696849823,-2.6986961364746094,-4.723442077636719,-0.5072327256202698,-2.8710336685180664,2.0267531871795654,-4.288304805755615,1.1924041509628296,0.276370644569397,5.165684700012207,-0.6978697776794434,1.7807084321975708,-0.12291023880243301,0.25927698612213135,2.832699775695801,-2.4347429275512695,-0.35339391231536865,3.159132957458496,-0.6494151949882507
61,-0.7787972688674927,1.6239502429962158,1.8970359563827515,-1.2648605108261108,-1.1979438066482544,2.755732774734497,4.176092624664307,0.610731840133667,-0.9521709680557251,-1.2541362047195435,2.7913427352905273,-0.5273717641830444,-2.0610809326171875,1.29844069480896,-2.660036563873291,0.4535007178783417,-0.22363817691802979,-1.0981504917144775,0.6734741926193237,-0.8268280625343323,-3.0682268142700195,-3.982506513595581,9.405117988586426,-2.3573925495147705,-2.7627029418945312,0.0916687622666359,-2.454815626144409,0.023307843133807182,0.10103364288806915,-0.03846466913819313,-4.171303749084473,4.634682655334473,3.4574685096740723,1.9849703311920166,-1.9321606159210205,-4.73377799987793,-0.961689293384552,-2.3261709213256836,-6.665844917297363,-3.317275047302246,0.16163653135299683,4.671195983886719,0.06624298542737961,-1.5377362966537476,-0.6320147514343262,-2.5439305305480957,-4.53204870223999,-0.31251803040504456,-2.8011810779571533,1.9726704359054565,-4.457705020904541,0.9007782340049744,0.4221455454826355,4.703780174255371,-0.6788617372512817,1.8265072107315063,-0.09601601958274841,0.21841268241405487,5.4024882316589355,-0.8256098628044128,-0.25501343607902527,3.2155799865722656,-0.7793866991996765
62,-0.40706875920295715,1.0364984273910522,1.7022230625152588,0.9506158828735352,0.6343367695808411,2.59173846244812,3.745124340057373,0.566831648349762,0.1292707622051239,-4.919341087341309,0.7483189702033997,-3.542477607727051,-2.1906418800354004,0.8434460163116455,-2.5041301250457764,0.3951779901981354,-0.2665429711341858,-0.7511279582977295,0.4755961000919342,-0.3350738286972046,-2.699376344680786,-4.136467933654785,10.306848526000977,-2.100322723388672,-3.0890698432922363,-0.13372968137264252,-1.921916127204895,0.02760234661400318,0.11267491430044174,-0.02808188833296299,-3.924152374267578,4.113653659820557,2.8588476181030273,1.420609712600708,0.5780624747276306,-1.3683511018753052,-0.5364483594894409,-2.284600257873535,-7.086045265197754,-3.186959743499756,0.2128678262233734,4.727291584014893,-0.05198915675282478,-1.489277720451355,-0.6569336652755737,-3.3009681701660156,-5.4107584953308105,-0.4658629894256592,-3.1123125553131104,2.5276455879211426,-3.161442756652832,0.9105533957481384,0.3905183970928192,5.561491012573242,-0.6179174184799194,1.7764328718185425,-0.3399818539619446,0.3723551332950592,2.526773452758789,1.5609482526779175,-2.409950017929077,3.0785934925079346,1.8956433534622192
63,-0.4554170072078705,0.8263453841209412,1.6819785833358765,0.9449252486228943,0.6933504343032837,2.495393753051758,4.308534622192383,0.27552032470703125,-0.3992144763469696,-0.8658725619316101,3.184337615966797,-0.7627595663070679,-2.0359675884246826,0.6469943523406982,-2.7307968139648438,0.4569787383079529,-0.4018373191356659,-0.6342289447784424,0.4048331379890442,-0.05148419365286827,-2.6265451908111572,-4.406749725341797,10.885574340820312,-1.9626435041427612,-0.7188386917114258,0.445981502532959,0.827126145362854,0.02397913672029972,0.10126342624425888,-0.03228845074772835,-4.162936687469482,4.537793159484863,3.3739895820617676,1.4346230030059814,0.5674530267715454,-1.2652791738510132,-0.7046401500701904,-2.334479808807373,-6.544744968414307,-3.0619449615478516,0.2587980329990387,2.7996668815612793,0.06431922316551208,-1.2668300867080688,-0.5166187882423401,-3.264850378036499,-5.218733787536621,-0.4709663391113281,-2.700254440307617,1.5259418487548828,-4.6250457763671875,0.8836572766304016,0.6785224080085754,5.6867570877075195,-0.6944913268089294,2.049687623977661,-0.09490550309419632,-0.01766837015748024,3.1931326389312744,-2.2781476974487305,-2.781492233276367,3.0806188583374023,2.196295976638794
64,-0.5036563277244568,1.0311483144760132,1.633147120475769,-0.941710352897644,-0.9221724271774292,3.7690486907958984,4.817586898803711,-0.07197082787752151,-0.6489979028701782,-0.7084274888038635,3.2897374629974365,-0.629524827003479,-1.9293421506881714,0.9585713148117065,-2.197371482849121,0.47834938764572144,-0.4403056204319,-0.6724499464035034,2.4548897743225098,-1.303208589553833,-3.0311200618743896,-4.384278297424316,10.021245956420898,-1.729308843612671,-0.6557101011276245,0.4286094903945923,0.762810230255127,0.01836639828979969,0.10855657607316971,-0.04611688852310181,-3.9931235313415527,3.8409457206726074,2.91337251663208,1.143046498298645,0.8105335235595703,-1.3711481094360352,-0.8419151902198792,-2.1657016277313232,-7.06992244720459,-3.138859510421753,0.3145850896835327,2.9974303245544434,-0.20512692630290985,-1.4861916303634644,-0.04764484614133835,-4.451535701751709,1.8981692790985107,2.755072593688965,-2.5351486206054688,1.7864419221878052,-4.123000144958496,0.5852410793304443,0.7116504311561584,5.7503252029418945,-1.115958333015442,1.6979525089263916,-0.09189222753047943,-0.10050332546234131,2.4940085411071777,1.4572925567626953,-3.0224132537841797,3.1622402667999268,2.526898145675659
65,-0.5753099918365479,0.15229716897010803,1.141111135482788,0.3233983516693115,0.030146032571792603,2.988166570663452,-2.750019073486328,0.9185540080070496,0.7739740610122681,-3.6361145973205566,0.8898451924324036,-2.1101572513580322,-1.7960376739501953,-0.12237336486577988,-3.495213031768799,1.3176926374435425,-0.1531047224998474,-4.699672698974609,-0.2929725646972656,0.5809594392776489,-3.45232892036438,-4.050522804260254,7.1860575675964355,-1.4052002429962158,-0.7299461960792542,0.25173887610435486,0.5474389791488647,0.04514646157622337,0.08236933499574661,-0.10067848861217499,-4.386410713195801,4.4098429679870605,3.527798652648926,0.9453664422035217,0.6867186427116394,-0.8563929200172424,-1.4684209823608398,-1.9170591831207275,-8.297820091247559,-2.989257574081421,0.36599159240722656,2.364028215408325,-0.7637907266616821,-1.5994114875793457,0.5584675073623657,-5.424466609954834,-6.69145393371582,1.328722596168518,-3.808650493621826,0.27387911081314087,-3.8794195652008057,-0.2725471258163452,-0.39000847935676575,-0.4312906265258789,-0.33344295620918274,1.763039231300354,0.02535077929496765,-1.5002071857452393,3.065325975418091,0.20075330138206482,-2.150005578994751,3.6177427768707275,1.8745722770690918
66,-1.1475107669830322,-1.5678889751434326,0.515762209892273,-0.6056226491928101,-1.171708583831787,2.4395790100097656,-4.467629909515381,1.1854994297027588,1.2613039016723633,-4.852573394775391,1.2577273845672607,-0.8483089804649353,-2.19490909576416,-0.12579897046089172,-3.2514827251434326,1.371080756187439,-0.7854128479957581,-3.342233896255493,-0.4987042546272278,-0.17863065004348755,-3.08382511138916,-3.2125091552734375,7.076711177825928,-0.5337982773780823,-0.3936029076576233,0.2560109496116638,0.45653587579727173,0.03839957341551781,0.06285972148180008,-0.06490372866392136,-4.511453628540039,5.889276027679443,4.111615180969238,1.4224541187286377,0.7323711514472961,-0.40850159525871277,-0.4688667953014374,-1.8515468835830688,-6.009884834289551,0.47548773884773254,0.0938396081328392,0.06625724583864212,-1.0330052375793457,-3.0363211631774902,1.2903746366500854,-3.4591450691223145,-6.238186836242676,-2.3704352378845215,-2.3396360874176025,2.414801836013794,-6.173219680786133,-0.24720777571201324,-0.1011447086930275,-0.07498294115066528,-0.29253581166267395,1.8117879629135132,0.6638892889022827,-0.6831491589546204,2.339885711669922,0.039538562297821045,-1.2018574476242065,0.9984152317047119,0.18442195653915405
67,-1.762697696685791,-2.1620686054229736,0.588297963142395,-0.2939005494117737,-1.055795669555664,3.465028762817383,-1.1686899662017822,0.802832305431366,0.9875518083572388,-4.056597709655762,0.9152928590774536,-1.0635744333267212,-1.9900988340377808,0.4934106767177582,-3.065096616744995,1.4742573499679565,0.23440364003181458,-2.1464285850524902,2.1531126499176025,-1.1709290742874146,-2.168370008468628,0.21924403309822083,0.38573145866394043,0.35969871282577515,-0.1826782077550888,0.321102112531662,0.13419470191001892,-0.0007914488087408245,0.07208899408578873,0.09051220864057541,-3.6504931449890137,4.539760112762451,2.731968641281128,1.4517977237701416,0.9556259512901306,-0.20963597297668457,0.04383868724107742,-0.5208008289337158,-6.293766975402832,0.25144392251968384,0.28146839141845703,-0.0007857605814933777,0.44016242027282715,-0.2774442732334137,-1.012878656387329,-3.894111394882202,-6.6774187088012695,-0.5673931837081909,-2.582078218460083,1.8104274272918701,-5.971384525299072,-0.5176455974578857,0.5732555985450745,-0.5376988053321838,-0.21181537210941315,1.7498555183410645,1.359840989112854,-0.6569468379020691,2.1621456146240234,0.7213338613510132,-1.2333426475524902,2.276646137237549,-0.6596924066543579
68,-2.1193246841430664,0.4574129581451416,3.1166040897369385,-0.30809274315834045,-1.153809666633606,3.9617881774902344,-0.5903671979904175,0.9404783248901367,1.2410609722137451,-3.5362887382507324,1.4184004068374634,-1.5397952795028687,-2.3906915187835693,0.7411577701568604,-3.035569906234741,1.8911194801330566,0.31555551290512085,-1.5664294958114624,1.5692437887191772,-0.8363696932792664,-2.1953365802764893,-1.5613940954208374,0.03597531467676163,-2.099172353744507,-0.11908385157585144,0.35790324211120605,0.12597791850566864,0.0017914650961756706,0.053959060460329056,0.08319087326526642,-3.603163242340088,4.2068305015563965,2.717332124710083,-1.4985963106155396,0.5214653015136719,-1.519790768623352,-1.829832911491394,-2.2237236499786377,-7.947541236877441,0.129221111536026,0.22222334146499634,-0.053494445979595184,-1.2268115282058716,-0.3596474826335907,-0.33997437357902527,-4.146968841552734,-7.377946853637695,-1.0952335596084595,-3.333038330078125,0.7705569267272949,-2.0382730960845947,-0.5055821537971497,0.48141777515411377,-0.3687712848186493,-0.39032745361328125,1.2672903537750244,0.9930992722511292,-0.994109034538269,1.9832112789154053,0.48958319425582886,-1.3457304239273071,2.274454116821289,-1.0899934768676758
69,8.519932746887207,7.078886985778809,-1.480431318283081,-0.16219112277030945,-1.2350049018859863,2.802654504776001,-0.8032957911491394,0.9728990197181702,1.498482584953308,-3.0605692863464355,0.4395821690559387,-0.02126757800579071,-1.7202357053756714,-1.6849831342697144,-2.742151975631714,0.9706834554672241,-0.3441971242427826,-1.252974033355713,2.3062195777893066,-1.0927691459655762,-2.1586692333221436,1.3732351064682007,-1.2274545431137085,-5.750973224639893,-0.14073137938976288,0.43721628189086914,0.040008652955293655,0.002406821819022298,0.02060290426015854,0.04760539531707764,-2.7982218265533447,2.427184581756592,0.18825867772102356,1.095085859298706,-1.1319185495376587,-3.0764288902282715,1.6592307090759277,-0.32241684198379517,-4.117881774902344,-0.009680872783064842,0.12703897058963776,0.019071782007813454,-0.3886895179748535,-1.9074316024780273,-0.5684300661087036,-4.276650428771973,-6.934309482574463,-1.4139199256896973,-1.7516090869903564,0.8446625471115112,-1.677038311958313,0.0657099187374115,-0.01894903928041458,-0.050406940281391144,-0.34404897689819336,1.8487261533737183,0.5757083892822266,-0.9305406808853149,2.7479045391082764,0.11071303486824036,-0.46879029273986816,0.22933194041252136,-2.6280083656311035
70,5.3682966232299805,2.8622255325317383,-0.7184118032455444,0.1798306554555893,0.477356880903244,1.9791384935379028,-0.3889821767807007,1.5702016353607178,0.5122576951980591,-2.2431914806365967,0.7035422325134277,0.2921961545944214,-2.54822039604187,-0.5146659016609192,-1.7141733169555664,1.1524537801742554,0.4280258119106293,-1.5478782653808594,2.1128618717193604,-0.8517390489578247,-2.399348497390747,0.9403655529022217,-0.3835337460041046,-2.5721991062164307,-0.08824197947978973,0.4298926293849945,0.06952279061079025,-0.00033791776513680816,0.01402273029088974,0.03628427907824516,-1.4888641834259033,0.8359777927398682,0.06481806188821793,-0.8665485978126526,0.8267436027526855,-1.5250622034072876,-0.10927777737379074,-1.0391041040420532,-1.6574299335479736,-0.10354559123516083,0.10265181958675385,-0.08256637305021286,0.7207596302032471,-0.10232596099376678,-0.9858468770980835,-7.142147541046143,0.7708793878555298,-1.1067932844161987,-1.6747817993164062,1.1992523670196533,-1.954195261001587,-0.8003725409507751,0.4706147015094757,-0.1558380126953125,-0.1205420270562172,1.4581025838851929,-0.8920502662658691,-0.04898666590452194,1.9952070713043213,-1.6232225894927979,0.5057908892631531,0.9365205764770508,-2.6904122829437256
71,-2.4667809009552,1.3845947980880737,-18.172311782836914,-0.8612256050109863,-1.044992208480835,4.227944850921631,-0.5315659642219543,0.821766197681427,1.5997555255889893,-2.3821935653686523,0.7800008058547974,0.15261918306350708,-2.6078474521636963,-0.37258490920066833,-1.3965940475463867,1.0484848022460938,-0.2948598265647888,-1.434141993522644,2.1599597930908203,-0.9689915776252747,-2.5757408142089844,1.400809407234192,-1.1474230289459229,-5.071762561798096,-0.05555625259876251,0.5583908557891846,-0.08680503070354462,0.024524005129933357,0.06315602362155914,-0.07937682420015335,-1.9542266130447388,1.4945882558822632,0.5085028409957886,0.5244742631912231,-0.7115960717201233,-2.851752996444702,1.632603406906128,-1.1755366325378418,-4.396766185760498,-0.42710158228874207,0.3348143696784973,-0.4664692282676697,1.0989090204238892,-0.5799733400344849,-1.3298627138137817,-2.8838768005371094,-6.459851264953613,-1.325884461402893,-2.2009198665618896,0.7866504192352295,-2.1705703735351562,-0.5690425634384155,0.11308936029672623,-0.04393531009554863,-0.08435598015785217,1.2921310663223267,-1.150908350944519,0.2442341446876526,1.7415152788162231,-1.0113463401794434,-0.1608017235994339,0.3110896348953247,-2.4498260021209717
72,-2.3298470973968506,1.3539384603500366,-17.521568298339844,-0.9355462789535522,-1.046159029006958,4.290905475616455,-0.5150365829467773,0.8241339921951294,1.602077603340149,-2.201543092727661,0.7027605772018433,-0.06650032103061676,-1.7062095403671265,-1.801529049873352,-2.845778226852417,1.0262558460235596,-0.25504329800605774,-1.4177350997924805,0.6897704005241394,-1.2482765913009644,-3.5002379417419434,1.2380812168121338,-1.1791598796844482,-5.1712446212768555,-0.053136348724365234,0.5733736157417297,-0.08939654380083084,0.027413148432970047,0.06336037814617157,-0.08201663196086884,-2.0349395275115967,1.637283205986023,0.6362329125404358,0.6240759491920471,-0.8868971467018127,-2.870499849319458,1.6030460596084595,-1.0135819911956787,-4.374959945678711,-0.4613038897514343,0.3213092088699341,-0.5232793688774109,0.8442766666412354,0.08701179176568985,-1.2692198753356934,-3.5282819271087646,-7.020438194274902,-1.2925063371658325,-2.1756582260131836,0.7162219882011414,-2.2070677280426025,-0.49968963861465454,0.10524106025695801,0.020501550287008286,-0.087413489818573,1.3181942701339722,-1.1770492792129517,0.2348552942276001,1.7371052503585815,-1.0157209634780884,-0.07157761603593826,0.34376323223114014,-2.493537187576294
73,-2.185560703277588,1.5307470560073853,-17.328598022460938,-0.9576388597488403,-0.8223876953125,4.396578788757324,-2.2293741703033447,1.8697209358215332,0.6893919110298157,-2.7853434085845947,0.7063232064247131,0.7180935144424438,-1.8079791069030762,-1.7169674634933472,-3.0130412578582764,1.0607209205627441,-0.13957366347312927,-1.2059911489486694,1.487504482269287,-0.7064203023910522,-2.18356990814209,1.4607027769088745,-1.3493198156356812,-6.769570350646973,-4.735802173614502,-0.151933491230011,-5.37998104095459,0.0008857569773681462,0.03706420958042145,0.0466778390109539,-2.072699546813965,1.0331707000732422,0.18212279677391052,0.4333491325378418,-0.5837104320526123,-2.8231191635131836,-0.04162166267633438,-1.0033376216888428,-1.992751121520996,-0.4888222813606262,0.3319743871688843,-0.4346434772014618,0.7398386001586914,0.03253047913312912,-1.3120499849319458,-3.722385883331299,-6.030922889709473,-0.01942809298634529,-2.2699155807495117,0.7050600647926331,-2.3049352169036865,-0.5592494606971741,0.15235446393489838,-0.0405234768986702,-0.7267003655433655,1.5990040302276611,-0.8801808953285217,-1.1038742065429688,2.6857261657714844,-0.02742970734834671,0.2069956362247467,0.35399454832077026,-2.4355485439300537
74,-2.2725229263305664,1.3837946653366089,-17.74626350402832,-0.5138076543807983,-0.8020197153091431,3.6795434951782227,-2.209677219390869,1.8016606569290161,0.6845921277999878,-2.748898506164551,0.6802295446395874,0.5847190618515015,-1.673086166381836,-1.9584176540374756,-3.1313741207122803,0.9898241758346558,-0.2162671983242035,-1.2855297327041626,1.3114382028579712,-0.608601987361908,-2.2317490577697754,1.49852454662323,-1.4189250469207764,-6.95305061340332,-4.345439434051514,-0.1783914715051651,-5.832880973815918,-0.004659382626414299,0.03162546083331108,0.04130605608224869,-2.2031683921813965,1.0011144876480103,-0.04970405250787735,0.4385007619857788,-0.5396611094474792,-3.046489953994751,-0.2390662133693695,-0.819092333316803,-1.7913494110107422,0.43062934279441833,0.37464678287506104,-0.19039922952651978,0.7269812822341919,-0.005444265902042389,-1.3195067644119263,-3.7968227863311768,-5.882597923278809,0.450442910194397,-2.361729145050049,0.08112804591655731,-2.844878673553467,-0.6370422840118408,0.2948092818260193,0.0058761779218912125,-0.6346889138221741,1.5494986772537231,-0.8855027556419373,-1.0530285835266113,2.488034248352051,0.11524312198162079,0.06186496093869209,0.5113002061843872,-2.2874226570129395
75,-0.9802644848823547,-1.2388091087341309,-0.22795796394348145,1.8701962232589722,0.5020421147346497,1.629019021987915,-1.833800196647644,1.5129503011703491,0.9943022727966309,-2.817009687423706,1.435916543006897,0.809271514415741,-2.7205474376678467,1.1350584030151367,-0.7838649153709412,0.6351918578147888,-0.04526621848344803,-5.367773056030273,-0.23363706469535828,0.10328936576843262,0.4988350570201874,-0.22022481262683868,-0.20255263149738312,0.8948855996131897,-0.956839919090271,0.07934176921844482,1.0820358991622925,0.018535403534770012,0.07837072014808655,-0.10818558931350708,-3.807603359222412,3.9172747135162354,2.6781837940216064,0.8253549933433533,0.8432886600494385,-1.9033445119857788,0.44303300976753235,-1.388536810874939,-1.8612779378890991,1.3973257541656494,-0.42897021770477295,-0.37708577513694763,-0.5519592761993408,-0.8251626491546631,-0.19364410638809204,-7.348617076873779,-1.7964894771575928,-3.463840961456299,-2.6592366695404053,0.7423783540725708,-1.5461406707763672,-3.6763339042663574,-0.12385997921228409,0.12416969239711761,-0.6383908987045288,1.097435474395752,-0.2505459785461426,-0.33189377188682556,1.8911361694335938,-1.223024606704712,-2.635993242263794,1.9274793863296509,-0.49802082777023315
76,0.6042870283126831,-2.8053653240203857,0.9034866094589233,0.06899572908878326,-0.7281728982925415,0.938385009765625,-0.20427782833576202,0.7409778833389282,1.4927979707717896,-1.5075920820236206,1.722463846206665,0.6744503378868103,-2.3005058765411377,0.4607151448726654,-1.9965490102767944,-0.07809384912252426,-0.4062506854534149,-5.99029541015625,1.060590147972107,-1.7786118984222412,-1.9891287088394165,-1.548019528388977,-0.3764500319957733,-4.701750755310059,-0.4413380026817322,0.46158677339553833,0.3312607407569885,-0.010754943825304508,0.04287318140268326,0.054200928658246994,-4.368591785430908,4.98618221282959,3.495035171508789,1.243318796157837,1.1995182037353516,-0.6598692536354065,-2.3229377269744873,-2.6496071815490723,-7.266037940979004,0.26514244079589844,-0.0674823448061943,0.3464915454387665,0.02100948989391327,-0.9671362638473511,0.7210428714752197,-3.4451141357421875,-4.240509986877441,-3.8760933876037598,-2.4135875701904297,0.18234564363956451,-1.9119443893432617,-0.23908431828022003,-0.3568962514400482,1.453411340713501,-2.4415361881256104,1.9185539484024048,-1.4957609176635742,1.3845692873001099,1.5087863206863403,-2.9053573608398438,3.328022003173828,0.8693897724151611,0.6240542531013489
77,-1.6027849912643433,1.2312078475952148,-16.255619049072266,0.020726963877677917,-0.5749438405036926,2.2083446979522705,5.241927146911621,0.20613425970077515,-1.3397763967514038,-2.638298511505127,0.016950983554124832,-0.8195868730545044,-2.9430904388427734,-0.18521824479103088,-2.57806396484375,-1.2985368967056274,-0.28020885586738586,-4.0267462730407715,-0.8784919381141663,-3.6599035263061523,-2.316380500793457,1.695062518119812,-1.2417811155319214,-6.416289329528809,1.5038179159164429,0.5891764760017395,-10.300064086914062,0.049949608743190765,0.038317978382110596,0.045213256031274796,-1.7064509391784668,1.6047452688217163,-0.20032742619514465,2.066765785217285,-0.7507579326629639,-4.933446884155273,-0.05441603809595108,0.6855201721191406,-0.04830712825059891,-3.338764190673828,0.32379961013793945,3.7334439754486084,-0.6305201053619385,-1.6016489267349243,-0.13830631971359253,-9.332348823547363,-9.24874210357666,-1.7821933031082153,-1.7903132438659668,1.5443024635314941,-0.9501453042030334,-2.239738702774048,-0.3623989224433899,-0.29958340525627136,-0.34095558524131775,1.3427737951278687,-0.3299323320388794,-1.3287688493728638,2.3179545402526855,-2.341001510620117,-0.5394474864006042,1.225458025932312,-0.2829133868217468
78,-1.2442160844802856,-2.357067108154297,0.6405370235443115,-2.887754201889038,-0.6463738083839417,3.7180848121643066,-1.0364807844161987,1.4827715158462524,0.4627997577190399,-2.4814724922180176,1.0674481391906738,0.14849582314491272,-2.5013773441314697,1.5505599975585938,-1.4189585447311401,0.38625970482826233,-0.6836171746253967,-4.979255676269531,-1.2269537448883057,-2.509920597076416,-2.7680420875549316,-0.6147633790969849,0.3108443319797516,-5.971333026885986,-0.1890348643064499,1.0179215669631958,0.09617841988801956,0.05728538706898689,0.051159683614969254,-0.07518241554498672,-4.081937789916992,5.420076847076416,3.234571933746338,0.5065637230873108,0.6460587382316589,-1.6397286653518677,0.00044010579586029053,0.4200415015220642,-0.4864197373390198,-1.2272228002548218,0.9433361291885376,2.911175489425659,0.3765273690223694,-2.7218716144561768,1.1591863632202148,-7.846278190612793,-7.880535125732422,-0.975749671459198,-3.580598831176758,2.9541687965393066,-4.375491142272949,-2.7742760181427,0.003604613244533539,0.5169516205787659,-0.08285817503929138,2.2188851833343506,0.01590186357498169,-0.0029840245842933655,1.9501644372940063,-1.9139727354049683,-0.5203026533126831,-0.008544102311134338,-3.3985137939453125
79,-2.6288561820983887,-1.5454460382461548,1.6271144151687622,0.5582635998725891,-0.06044793128967285,1.6306378841400146,-1.54045569896698,1.4515092372894287,0.5292357206344604,-4.222342014312744,1.4923566579818726,-1.8020223379135132,-2.274883508682251,2.0358474254608154,-2.4529664516448975,0.6909717321395874,-0.26597538590431213,-4.18741512298584,0.6037569046020508,-0.2888858914375305,-0.7493770122528076,0.9699058532714844,0.46667560935020447,-5.840106010437012,4.997775554656982,-1.6152023077011108,-11.794367790222168,0.04090755432844162,0.04457029327750206,0.01612750068306923,-3.6385514736175537,4.519298553466797,2.4693567752838135,1.534765601158142,-2.0926642417907715,-3.642371416091919,2.0994935035705566,-0.44201457500457764,-4.341887474060059,-1.3317705392837524,0.9152268171310425,3.2826344966888428,-0.4529073238372803,-1.3285654783248901,1.6066721677780151,-5.350650787353516,-6.694886207580566,-0.9116128087043762,-3.8865833282470703,2.3026297092437744,-1.4858429431915283,0.4515596330165863,-1.9175306558609009,1.2159497737884521,-0.3462207317352295,2.5174362659454346,-0.5981763601303101,-0.2788589596748352,3.2224998474121094,-2.1346962451934814,-0.24649515748023987,5.687929630279541,-0.03200952336192131
80,-1.4945517778396606,-1.8352473974227905,0.47870224714279175,-0.8487474322319031,-0.32165586948394775,2.703064441680908,-0.2501596212387085,1.8303933143615723,1.3500336408615112,-3.7508866786956787,1.2025048732757568,-1.7793779373168945,-2.407012462615967,-1.3265984058380127,-2.6612329483032227,-1.5936280488967896,-0.348601371049881,-2.8580636978149414,2.3862524032592773,-1.0600638389587402,-1.4800468683242798,-1.400670051574707,4.522101402282715,-5.543608665466309,-0.14530150592327118,0.8362916111946106,0.02904333919286728,-0.004000124521553516,0.04967875778675079,-0.042936574667692184,-3.0308594703674316,2.957859992980957,1.5420767068862915,0.8678638935089111,-1.3352007865905762,-4.66450834274292,0.07581950724124908,0.44754815101623535,-0.4184053838253021,1.1995183229446411,-0.09447073936462402,-0.0629923865199089,-2.0733187198638916,-2.6126010417938232,1.2228012084960938,-6.559663772583008,-6.71754789352417,0.4579015374183655,-5.223125457763672,1.665962815284729,4.933313369750977,-0.36822402477264404,0.4614904522895813,-0.322771817445755,-1.3816791772842407,2.3105366230010986,0.12338930368423462,-0.053846314549446106,1.7829781770706177,-1.2141315937042236,0.7221680283546448,-0.12220406532287598,-2.2266335487365723
81,-1.5579257011413574,-2.277273178100586,0.6193110942840576,-1.2422195672988892,-0.31739726662635803,2.248807191848755,-0.3383636474609375,1.8000953197479248,1.3440638780593872,-2.120955228805542,2.229278087615967,-0.2019578367471695,-1.8723504543304443,-0.8794658184051514,-3.5742926597595215,-1.409926176071167,-0.47939202189445496,-3.2874627113342285,2.3829407691955566,-1.1807470321655273,-1.1716667413711548,-1.7072362899780273,6.299893856048584,-5.188898086547852,-0.24163945019245148,0.949998676776886,0.05143538862466812,-0.0019100401550531387,0.08193031698465347,0.022815454751253128,-3.0906503200531006,3.482700824737549,1.8197561502456665,0.6576623916625977,-1.361979603767395,-4.485530376434326,0.03558200225234032,0.44212496280670166,-0.4657728672027588,1.603329062461853,-0.5138521194458008,-0.3202997148036957,0.05222507193684578,-2.174665689468384,0.2471681833267212,-7.103728294372559,-7.13299560546875,0.013707410544157028,-5.693826675415039,2.1136364936828613,4.889044761657715,3.7202374935150146,1.5589897632598877,5.501473426818848,-2.17586350440979,2.4119205474853516,-0.9625290036201477,-3.814251184463501,2.3377678394317627,-1.4715821743011475,0.6007637977600098,0.0217893049120903,-2.2555954456329346
82,-1.9980217218399048,-2.244565010070801,0.8260323405265808,-0.6908649802207947,-0.33159419894218445,2.691225290298462,2.4880945682525635,-2.025878429412842,1.1350873708724976,-4.316195487976074,1.147249698638916,-1.4249627590179443,-2.559739351272583,-0.9569805860519409,-2.7894694805145264,-0.9706571698188782,-0.5162643194198608,-2.7485404014587402,-1.8625235557556152,-3.0253138542175293,-3.045457124710083,-1.1004096269607544,0.8801605701446533,-7.011852741241455,1.9224401712417603,-0.9387990236282349,-8.766050338745117,-0.009215432219207287,0.09488437324762344,-0.06991792470216751,2.5287868976593018,-1.6566890478134155,-5.676578044891357,0.4342450499534607,-1.1363364458084106,-4.387946605682373,-1.3607538938522339,-2.375856399536133,-8.433680534362793,0.018473563715815544,0.6233813166618347,0.6065272092819214,-0.6118950247764587,-2.429140090942383,0.10465408861637115,-6.071566104888916,-6.209959506988525,0.5305054187774658,-3.0657386779785156,2.0177323818206787,-1.432357668876648,-2.235006332397461,-0.16005843877792358,-0.179295152425766,-0.8884218335151672,2.1992015838623047,0.14482612907886505,-0.5471458435058594,3.3112263679504395,-1.7266440391540527,-0.6018301248550415,4.976713180541992,0.10196362435817719
83,-2.1298089027404785,-2.6861791610717773,0.7760576009750366,-1.0638911724090576,-0.444472998380661,2.1859078407287598,-0.9188234806060791,2.4831643104553223,1.3205825090408325,-4.494157314300537,0.992474377155304,-1.5806025266647339,-2.624645233154297,-0.852435827255249,-2.452622413635254,-0.11878066509962082,-0.16071754693984985,-3.910870313644409,3.579450845718384,-1.7752188444137573,-1.2138103246688843,0.6122857928276062,-0.8519511818885803,-5.425382614135742,-0.4924456477165222,0.8187445402145386,0.21742433309555054,0.01805676892399788,0.09154123067855835,-0.01470755971968174,-2.8818185329437256,3.090085744857788,1.6263502836227417,4.581026554107666,-1.179473876953125,-4.363234519958496,1.4750515222549438,-2.1465306282043457,-6.387327671051025,0.30477824807167053,0.51229327917099,-0.08744087815284729,-2.3623549938201904,-2.693697214126587,1.2723881006240845,-5.866507053375244,-6.186450004577637,-0.2703516185283661,-2.681337594985962,2.404421329498291,-2.2581787109375,-12.29797077178955,0.0023104995489120483,8.599955558776855,-2.641650915145874,2.611582040786743,-1.2350965738296509,-0.021750103682279587,1.9684008359909058,-1.3757470846176147,0.4831225574016571,0.5255449414253235,-1.9924840927124023
84,-2.153597593307495,-2.738248109817505,0.7770826816558838,-0.7783130407333374,-0.48947057127952576,2.260878801345825,1.7078745365142822,-2.1523804664611816,1.5145293474197388,-4.04366397857666,0.8608560562133789,-2.042496681213379,-2.153992176055908,-0.9558506608009338,-2.589137315750122,1.8758821487426758,-0.3984222114086151,-2.5831639766693115,2.5005414485931396,-1.4714568853378296,-1.7362661361694336,-2.474640130996704,4.564866065979004,-2.384443759918213,-0.4230958819389343,0.6763472557067871,0.2803889214992523,0.006300419569015503,0.08397078514099121,-0.015539661049842834,-3.0259575843811035,3.2602100372314453,1.7411648035049438,4.519018650054932,-1.2356528043746948,-4.412445545196533,0.48418012261390686,-1.016265869140625,-6.530288219451904,-0.05243856459856033,0.6769450902938843,0.8305994868278503,-0.9279170632362366,-2.8367958068847656,1.3486366271972656,-5.8076863288879395,-6.9965596199035645,-1.1838414669036865,-2.5857105255126953,2.314110279083252,-2.2121963500976562,3.2830564975738525,-0.14182260632514954,5.728060722351074,-4.707677841186523,3.431918144226074,-0.918213427066803,0.40624502301216125,3.3139846324920654,0.17881979048252106,0.14265376329421997,-0.15288576483726501,-1.9492026567459106
85,-2.0198171138763428,-2.3988263607025146,1.027817964553833,0.5822774171829224,-0.3046848773956299,1.4782127141952515,3.530074119567871,0.2865799069404602,0.8792829513549805,-4.263491153717041,1.0802509784698486,-1.6768542528152466,-1.969178557395935,-1.0507466793060303,-2.643954277038574,1.1499660015106201,0.1950196921825409,-4.276885032653809,2.2460670471191406,-1.4647536277770996,-1.5168637037277222,-1.1850980520248413,0.9235931038856506,-6.112452983856201,-0.48193031549453735,1.0584510564804077,0.05562911182641983,0.030693363398313522,0.060269542038440704,-0.07922350615262985,-2.9989895820617676,2.775881290435791,1.3943616151809692,2.209014892578125,-1.547052264213562,-4.246156692504883,0.31507381796836853,-1.1376034021377563,-6.118463039398193,0.73316490650177,0.01026078313589096,-0.012953465804457664,0.06912221014499664,-2.393331527709961,-0.14690589904785156,-5.900223731994629,-6.884408950805664,-3.7843308448791504,-3.111576795578003,2.8449814319610596,-2.577725887298584,-0.40157899260520935,-0.1699952781200409,0.4936668872833252,0.07872326672077179,1.0808690786361694,-1.0177100896835327,-0.041277289390563965,1.7092636823654175,-1.209844946861267,0.1484687328338623,-0.7507668733596802,-2.1963517665863037
86,-1.426443338394165,-2.8617117404937744,1.1179373264312744,0.5155829191207886,-0.7744477987289429,2.0186524391174316,3.8977301120758057,0.10511180758476257,-0.4243767559528351,-4.294830799102783,1.1819405555725098,-1.6979718208312988,-2.2854583263397217,1.7639243602752686,-3.593480110168457,-1.1929985284805298,-0.01985526829957962,-4.025792598724365,0.6292281150817871,-3.702178478240967,-5.944112777709961,0.6872632503509521,-0.4569988548755646,-5.1571760177612305,-0.2303916960954666,0.5268404483795166,0.12946531176567078,0.0023283951450139284,0.07689772546291351,0.03544119372963905,-3.6507012844085693,3.898912191390991,2.2410593032836914,0.9571964740753174,-1.2797666788101196,-3.508941173553467,1.4665768146514893,1.4127846956253052,-2.7555410861968994,-2.620893955230713,0.4914400577545166,3.047928810119629,-0.4297456741333008,-1.9099068641662598,0.14233162999153137,-2.9779322147369385,-5.162820816040039,-3.2261619567871094,-4.000863075256348,1.7721697092056274,-5.267331123352051,-1.2083674669265747,0.24311652779579163,1.1871625185012817,0.20057447254657745,2.040212392807007,0.9863317608833313,0.16772767901420593,3.2825613021850586,-0.5991957783699036,-0.6048396229743958,-0.3812676966190338,-3.0170814990997314
87,-0.9653932452201843,1.4362255334854126,2.8473644256591797,-0.48246848583221436,-0.21202783286571503,2.8569788932800293,3.210452079772949,-0.2303505390882492,0.8032666444778442,-2.8745110034942627,1.1945620775222778,-0.815030038356781,-1.7178659439086914,1.6453241109848022,-2.0671074390411377,-0.4477130174636841,-0.49045103788375854,-0.4309327304363251,-0.5170687437057495,-0.2611713409423828,-1.6691166162490845,-1.2016526460647583,-0.8116053938865662,-5.532175540924072,-1.6464875936508179,0.9215267300605774,0.5516493320465088,0.042902227491140366,0.01805536448955536,-0.026490921154618263,-3.189021110534668,3.6165225505828857,1.8170403242111206,0.7837893962860107,1.0860657691955566,-1.3780193328857422,0.8954104781150818,0.9425135254859924,-2.0217254161834717,-3.035832405090332,0.3651675581932068,3.3831865787506104,-0.6225566267967224,-1.433638334274292,0.6241453886032104,-2.444382429122925,-5.194080829620361,-3.460513114929199,-3.9600837230682373,-0.14035682380199432,-4.948183536529541,-1.0306931734085083,-0.8550311326980591,0.4026694893836975,-2.851665496826172,3.021543502807617,-0.44473278522491455,0.11557340621948242,1.8273496627807617,-2.222515106201172,-0.2212563157081604,0.4658454656600952,-3.2382845878601074
88,-1.355668544769287,-1.0177321434020996,-0.2587294578552246,-0.4033970534801483,-0.4323674738407135,2.4304351806640625,-0.3435792922973633,1.7107996940612793,1.1069749593734741,-3.7732152938842773,1.3623453378677368,-0.5659856796264648,-2.2397592067718506,-0.19554772973060608,-1.3502929210662842,0.08770288527011871,-0.08065106719732285,-0.32747647166252136,2.5545191764831543,-1.0306873321533203,-2.3088059425354004,0.9089915752410889,-0.48659446835517883,-7.078670978546143,-2.331416606903076,1.0517970323562622,0.22352634370326996,0.05039580166339874,0.021780487149953842,-0.03911101818084717,2.5826587677001953,-1.4865280389785767,-2.84960675239563,2.4255099296569824,-1.7040034532546997,-3.9277570247650146,-0.5350008010864258,3.5523111820220947,-4.267645359039307,0.4086228907108307,-0.19967666268348694,-0.32521069049835205,0.7103819847106934,-2.4884607791900635,1.5100421905517578,-3.7312254905700684,-5.354753494262695,-3.1976277828216553,-3.7099406719207764,0.29503822326660156,-4.518482685089111,-1.5481934547424316,-0.9470959901809692,0.4180231988430023,-1.0980198383331299,1.6982885599136353,-1.682249665260315,-1.7749049663543701,2.2648284435272217,-2.007585048675537,0.18525049090385437,0.2985268235206604,-3.116533041000366
89,-0.32547441124916077,2.028318405151367,2.2327446937561035,0.11300681531429291,-0.38452208042144775,2.323437213897705,3.02850604057312,0.0457005649805069,0.8421529531478882,-3.5084662437438965,1.4021263122558594,-0.4686938524246216,-3.201322317123413,1.7936811447143555,-0.7166082859039307,0.37336891889572144,0.35543203353881836,-0.3498082458972931,-2.761101484298706,-3.2241578102111816,-2.408625841140747,-1.0092226266860962,-0.570112943649292,-5.8825531005859375,0.959467887878418,1.8914875984191895,-8.274243354797363,0.03816687688231468,0.018347427248954773,-0.13386094570159912,-2.484610080718994,2.6334502696990967,0.4386783242225647,1.6161739826202393,2.729818344116211,-6.890517711639404,-0.6924662590026855,3.400505304336548,-4.485446929931641,-2.7876477241516113,0.33453649282455444,3.1855058670043945,-0.5070244073867798,-1.935015082359314,0.7462756633758545,-3.840446710586548,-5.536964416503906,-4.697082996368408,-3.1965887546539307,0.24616201221942902,-3.7825675010681152,-2.2331459522247314,-0.9569724798202515,-0.05761211737990379,-1.6640498638153076,3.3867015838623047,-0.8452268838882446,-1.9113808870315552,1.9280034303665161,-1.7441608905792236,-0.08193866908550262,1.469746708869934,-2.6083531379699707
90,-0.3304993808269501,1.9409058094024658,2.1100592613220215,0.14963412284851074,-0.7096587419509888,2.150351047515869,3.1996850967407227,0.20134642720222473,0.8507267236709595,-3.6314804553985596,1.3438111543655396,-0.4445018172264099,-2.9411168098449707,1.1742136478424072,-1.0818746089935303,-0.6151087880134583,-0.25082406401634216,-3.4397709369659424,-2.567368745803833,-3.3313136100769043,-2.5359983444213867,0.934632420539856,-0.4690640866756439,-6.460870742797852,0.8821634650230408,2.287118673324585,-7.959815502166748,0.045208465307950974,0.013628366403281689,-0.07997456938028336,-2.552304983139038,2.9524149894714355,1.0087189674377441,1.6962722539901733,2.8813748359680176,-7.051228046417236,-0.7001647353172302,3.4943251609802246,-4.322023868560791,-2.859041213989258,0.14770063757896423,3.0840237140655518,0.312582403421402,-2.5465080738067627,0.9093852043151855,-3.6725757122039795,-5.487680435180664,-3.6870031356811523,-2.9777324199676514,-0.17900203168392181,-4.287682056427002,-2.1626791954040527,-0.9408262968063354,-0.2761482000350952,-1.1473191976547241,1.50997793674469,-1.4200607538223267,-1.9037244319915771,1.8506959676742554,-1.6834967136383057,-0.04100425913929939,1.3539869785308838,-2.628178358078003
91,7.393876552581787,5.54318380355835,-2.1523871421813965,-0.15224027633666992,-0.520875096321106,2.3780405521392822,-2.285073757171631,0.32728320360183716,0.5946781635284424,-3.682305097579956,1.2102243900299072,-0.437320351600647,-1.6873468160629272,-2.394124746322632,-3.025881290435791,-0.522748589515686,-0.18834003806114197,-3.351335048675537,-3.0862317085266113,-3.032212734222412,-2.1153078079223633,-1.13176691532135,-0.485461950302124,-5.6904683113098145,1.0407226085662842,2.162303924560547,-7.95385217666626,0.026944318786263466,0.05570588260889053,0.04682820290327072,-3.0807783603668213,3.4280173778533936,1.2376346588134766,1.708354115486145,2.7715420722961426,-7.185234546661377,-0.5245178937911987,3.3291525840759277,-4.720339298248291,-2.609103202819824,0.18097913265228271,2.4321231842041016,0.15144214034080505,-2.2714147567749023,1.0621813535690308,-3.9461112022399902,-5.586639881134033,-4.832845687866211,1.6717671155929565,0.694577693939209,-3.5237364768981934,-2.173372507095337,-0.922431468963623,-0.3164825141429901,-1.1244733333587646,1.4270637035369873,-1.3029987812042236,-1.8290271759033203,1.74570631980896,-1.6060080528259277,0.08752051740884781,1.4874578714370728,-2.5030593872070312
92,-0.6567192077636719,1.141129732131958,2.372042655944824,-0.20759958028793335,-0.5315250754356384,2.4969167709350586,3.1075847148895264,0.21109223365783691,0.6735017895698547,-2.688652992248535,1.088357925415039,-0.8519514799118042,-3.5406429767608643,0.3452424705028534,-1.9649525880813599,-0.5672322511672974,-0.14657729864120483,-0.1714542806148529,1.0406601428985596,-3.518315315246582,-4.6624979972839355,-0.9911633729934692,-0.6495213508605957,-5.466577529907227,-2.4528379440307617,1.1529220342636108,0.35255885124206543,0.07126488536596298,0.020513353869318962,-0.008882330730557442,-2.551755666732788,2.7879960536956787,0.6599489450454712,0.6086922883987427,1.0099669694900513,-1.5357234477996826,-0.3134487271308899,3.103104829788208,-4.520840644836426,-2.0261876583099365,0.5102131366729736,3.051950693130493,1.4867347478866577,-2.232600450515747,-0.10115115344524384,-3.065999984741211,-4.699321746826172,-4.269989490509033,-3.356689453125,1.9637614488601685,-0.8602693676948547,-1.7576004266738892,-0.7153301239013672,0.16598111391067505,-1.093692660331726,1.6078927516937256,-1.5434774160385132,-1.8068692684173584,2.134373903274536,-1.7790298461914062,-0.06707984954118729,-0.027979344129562378,-3.128999710083008
93,-1.6215013265609741,1.069310188293457,-13.267643928527832,-0.1798585057258606,-0.10451177507638931,2.4194374084472656,3.234438180923462,-0.23471586406230927,0.544540286064148,-3.386902332305908,1.2754572629928589,-0.3753456473350525,-2.3585102558135986,-0.04489436000585556,-3.0265238285064697,-0.6528779864311218,-0.4492453634738922,-0.2271253764629364,0.8546096086502075,-3.2415413856506348,-4.628532886505127,-1.1508437395095825,-1.076857566833496,-5.764005184173584,-2.0929083824157715,1.1909677982330322,0.5513007640838623,0.05973712354898453,0.021876731887459755,-0.02118590660393238,-2.8321750164031982,2.7815303802490234,1.0653630495071411,0.7395877242088318,1.0339235067367554,-1.3631302118301392,1.0856400728225708,0.6808921098709106,-2.239217519760132,-2.775188446044922,0.27130573987960815,3.3129148483276367,-0.29293081164360046,-1.7708220481872559,0.9376131296157837,-3.0623250007629395,-5.448280334472656,-3.3205714225769043,-3.485348701477051,0.01679043471813202,-5.053407669067383,-1.4340265989303589,-0.5816001296043396,0.27746522426605225,-0.6393147110939026,1.3820315599441528,-1.270564079284668,-0.4720851480960846,1.941328525543213,-2.0521984100341797,0.21022015810012817,0.7595455646514893,-3.209514856338501
94,-3.0858800411224365,-0.555764377117157,1.4007904529571533,-0.02619928866624832,-0.10032203793525696,2.5000619888305664,5.6262006759643555,0.46054840087890625,-1.0022722482681274,-3.646425247192383,0.9287910461425781,-1.1065038442611694,-3.3088552951812744,-1.9662911891937256,-4.296070098876953,0.48482853174209595,0.010666139423847198,-6.172630786895752,3.3388991355895996,-1.9823259115219116,-3.7174713611602783,1.1732016801834106,-1.0087449550628662,-4.28890323638916,0.12933173775672913,0.9061430096626282,0.17680659890174866,1.3425371435005218e-05,0.07377149909734726,0.023487811908125877,-3.2345328330993652,2.791912794113159,1.3969249725341797,7.536193370819092,-1.6833999156951904,-4.8944573402404785,1.5867211818695068,-0.07593856751918793,-6.248381614685059,1.1687501668930054,-0.320171594619751,0.32418155670166016,-0.37210556864738464,-1.976519227027893,0.7772725820541382,-6.232744216918945,-8.050566673278809,-2.026447057723999,-3.8485050201416016,0.5438390970230103,-5.442826747894287,-0.9410566091537476,0.09588274359703064,0.6665535569190979,0.22840990126132965,1.3447307348251343,-1.636560320854187,-1.4524329900741577,2.895507574081421,-2.7339818477630615,-0.8197914958000183,-0.3743799030780792,-2.4346234798431396
95,-1.462860107421875,-3.193356513977051,1.1897746324539185,0.10800119489431381,-0.3177177608013153,2.2659239768981934,6.228091239929199,0.46300047636032104,-1.8585916757583618,-4.09884786605835,0.9064614176750183,-1.2613937854766846,-2.4505205154418945,-0.9543715715408325,-3.8267738819122314,1.0087082386016846,-0.3402867615222931,-1.3383408784866333,3.3566126823425293,-1.5908393859863281,-3.2728848457336426,-1.713095784187317,-1.7205595970153809,-3.3036208152770996,-5.6978535652160645,1.1159685850143433,-2.1802515983581543,0.032533351331949234,0.1111859530210495,0.06735502183437347,-3.3619673252105713,3.6417369842529297,2.0604066848754883,1.7876510620117188,0.5986911058425903,-1.098129391670227,1.15058434009552,1.132790207862854,-2.9622864723205566,-4.134787082672119,0.016020700335502625,4.514057636260986,-0.1731599122285843,-1.961443543434143,-0.09711506962776184,-4.787746429443359,-5.856781482696533,0.038517605513334274,-2.015223503112793,1.3665261268615723,-0.22712792456150055,-1.8630903959274292,-0.2945140302181244,0.7367032170295715,-0.7230179905891418,2.0921967029571533,0.8289188742637634,-0.9559421539306641,2.721928358078003,-0.2908056974411011,-0.8413804769515991,-0.6313818693161011,-3.1650664806365967
96,4.948366165161133,2.0756478309631348,-2.1065895557403564,0.21396851539611816,0.07847189158201218,3.466378688812256,4.403689861297607,-1.6589851379394531,-2.401167869567871,-4.642446517944336,0.8195210099220276,-2.1005210876464844,-2.9262962341308594,-1.0423400402069092,-3.9649007320404053,1.2492716312408447,0.13270807266235352,-4.374934196472168,1.0682655572891235,-1.5186710357666016,-3.546696662902832,-1.108777642250061,-2.875587224960327,-4.337069988250732,-0.6536837220191956,0.7556648254394531,-0.1960790753364563,0.016454609110951424,0.09658575057983398,0.03227131813764572,-4.455483913421631,5.5172858238220215,3.9569931030273438,1.9174909591674805,1.075911521911621,-0.47367390990257263,-0.8012829422950745,-1.7734028100967407,-5.16758918762207,1.5221738815307617,-0.28549665212631226,-0.04963459074497223,0.7487834095954895,-2.2301790714263916,0.45051977038383484,-5.600727081298828,-6.587246894836426,1.5432521104812622,-3.0292344093322754,0.3783084750175476,-5.53226375579834,-3.8048481941223145,-1.357987642288208,-0.07954385876655579,-0.8914918303489685,1.7294621467590332,0.06871159374713898,-0.2367531657218933,2.008577823638916,-1.4441412687301636,-0.5122898817062378,-0.644636869430542,-2.337057590484619
97,5.732183933258057,1.7443124055862427,-2.6227219104766846,0.5904937982559204,0.08741281181573868,3.878577709197998,3.554899215698242,-1.6169594526290894,-2.1492772102355957,-4.534990310668945,0.6401882171630859,-2.191530704498291,-2.085784435272217,-0.2077256739139557,-4.237480640411377,1.0848146677017212,0.44546017050743103,0.18512046337127686,1.651736855506897,-0.3306419253349304,-1.5994703769683838,-1.3145081996917725,-3.094597101211548,-4.698910236358643,-0.35624808073043823,1.0394028425216675,0.21572978794574738,0.00026093347696587443,0.06304573267698288,0.030326545238494873,-4.570101737976074,5.193689346313477,4.086652755737305,1.3416738510131836,1.1369589567184448,-0.5473623275756836,-1.0018824338912964,-1.9788081645965576,-5.231544017791748,1.3615742921829224,-0.21380896866321564,-0.12761203944683075,-2.571596384048462,0.5274159908294678,0.28439730405807495,-5.189286708831787,-5.993378162384033,1.6416516304016113,-2.627896785736084,0.9786888957023621,-4.7661824226379395,-4.36553955078125,-1.3248693943023682,0.018301285803318024,0.028674978762865067,1.1192115545272827,-0.9686476588249207,-0.23743930459022522,1.645630121231079,-1.080298900604248,-0.3787607252597809,-0.4914339482784271,-2.312635898590088
98,-0.7517257332801819,-3.7278945446014404,1.3589410781860352,0.0917559340596199,-0.9800800681114197,2.633608341217041,6.3282036781311035,0.03321830928325653,-2.4277825355529785,-4.747856616973877,1.184569001197815,-1.8883914947509766,-2.1458117961883545,-0.11176147311925888,-3.8625285625457764,1.887325406074524,0.6880303621292114,-3.176673412322998,1.6964521408081055,-0.8249045610427856,-1.2582547664642334,-1.825911045074463,-2.735665798187256,-3.809504747390747,-0.2057224065065384,0.6080909967422485,-0.2239384651184082,-0.003103039925917983,0.08098826557397842,0.04510965943336487,-4.66728401184082,5.344992637634277,3.973907947540283,1.4716055393218994,1.1391698122024536,-0.7280913591384888,-1.1772888898849487,-1.4103405475616455,-5.371426105499268,1.1863327026367188,-0.15825827419757843,0.021284935995936394,-0.1329794079065323,-0.20540162920951843,-0.7035908699035645,-4.446487903594971,-5.756465435028076,1.8314251899719238,-2.8327860832214355,1.7334012985229492,-5.268794536590576,-1.4655293226242065,-0.26793769001960754,2.89678692817688,-0.2370929718017578,2.3766613006591797,0.5969497561454773,-0.09207665920257568,3.064393997192383,-0.5842977166175842,0.07142729312181473,-0.20574283599853516,-3.3354039192199707
99,-0.8143739700317383,-3.5855650901794434,1.107944130897522,-0.054985351860523224,-1.030366063117981,2.682837963104248,6.648705959320068,0.005800411105155945,-2.3722877502441406,-4.581159591674805,1.1597341299057007,-1.8211874961853027,-2.157968044281006,-0.45329275727272034,-3.902904987335205,2.0251386165618896,0.574795663356781,-3.334282875061035,1.7721314430236816,-0.8233970403671265,-1.2234501838684082,-1.8909388780593872,-2.4286649227142334,-3.424959659576416,-0.2125972956418991,0.5753205418586731,-0.12556549906730652,0.00445192726328969,0.08649896085262299,0.04266345500946045,-4.53551721572876,5.12882661819458,3.9259397983551025,1.4365615844726562,1.1113799810409546,-0.7198024392127991,-1.1616686582565308,-1.5222781896591187,-5.288051128387451,1.255791425704956,-0.1139783263206482,0.014460520818829536,-0.8701217770576477,-1.1779628992080688,0.5588546991348267,-4.473495006561279,-5.902327060699463,1.6232082843780518,-2.7567942142486572,1.5438424348831177,-5.112151622772217,-1.5068968534469604,-0.2418433129787445,2.691075086593628,-0.21937447786331177,2.484619140625,0.6089739799499512,-0.20824705064296722,3.0831446647644043,-0.6231459975242615,0.135440394282341,-0.09618842601776123,-3.2088730335235596
100,-1.3016618490219116,-3.802828311920166,0.9417702555656433,0.0346175916492939,-0.868516206741333,2.4627082347869873,6.646992206573486,0.5444368720054626,-2.7039177417755127,-4.497264385223389,0.9157708883285522,-2.6308605670928955,-2.349885940551758,-0.966610312461853,-4.63016414642334,2.183001756668091,0.9444901943206787,-2.70800518989563,1.5639047622680664,-0.7414757609367371,-1.579716682434082,-0.014677777886390686,0.12291602045297623,0.9357855916023254,-0.16726048290729523,0.840708315372467,-0.21584054827690125,-0.010300543159246445,0.07459825277328491,0.007354088127613068,-4.645300388336182,5.459158897399902,4.161881923675537,1.5738327503204346,1.1433762311935425,-0.5139285922050476,-1.3626374006271362,-1.839033842086792,-4.984827518463135,0.7297666072845459,0.00306088849902153,0.17547214031219482,0.10236303508281708,-2.165351152420044,0.5854026079177856,-6.439430236816406,-8.522279739379883,-0.09256033599376678,-2.90142560005188,1.5128302574157715,-5.651307582855225,-1.8568294048309326,-1.0808643102645874,2.2724099159240723,-0.47815245389938354,2.3855254650115967,0.26218050718307495,-0.36006277799606323,3.073780059814453,-1.2035982608795166,0.039577681571245193,-0.0009451806545257568,-2.941580295562744
101,-1.3016618490219116,-3.802828311920166,0.9417702555656433,0.0346175916492939,-0.868516206741333,2.4627082347869873,6.646992206573486,0.5444368720054626,-2.7039177417755127,-4.497264385223389,0.9157708883285522,-2.6308605670928955,-2.349885940551758,-0.966610312461853,-4.63016414642334,2.183001756668091,0.9444901943206787,-2.70800518989563,1.5639047622680664,-0.7414757609367371,-1.579716682434082,-0.014677777886390686,0.12291602045297623,0.9357855916023254,-0.16726048290729523,0.840708315372467,-0.21584054827690125,-0.010300543159246445,0.07459825277328491,0.007354088127613068,-4.645300388336182,5.459158897399902,4.161881923675537,1.5738327503204346,1.1433762311935425,-0.5139285922050476,-1.3626374006271362,-1.839033842086792,-4.984827518463135,0.7297666072845459,0.00306088849902153,0.17547214031219482,0.10236303508281708,-2.165351152420044,0.5854026079177856,-6.439430236816406,-8.522279739379883,-0.09256033599376678,-2.90142560005188,1.5128302574157715,-5.651307582855225,-1.8568294048309326,-1.0808643102645874,2.2724099159240723,-0.47815245389938354,2.3855254650115967,0.26218050718307495,-0.36006277799606323,3.073780059814453,-1.2035982608795166,0.039577681571245193,-0.0009451806545257568,-2.941580295562744
102,5.746444225311279,2.148552417755127,-2.9213294982910156,0.48587852716445923,-0.685185432434082,1.8630387783050537,6.058957576751709,0.2253962904214859,-2.833993434906006,-4.471344947814941,0.5549638271331787,-3.1428208351135254,-2.5472075939178467,-1.169913649559021,-4.743807792663574,1.249068021774292,-0.03407052904367447,-0.8775087594985962,1.759649395942688,-0.4350852370262146,-1.5244872570037842,0.09201449155807495,-0.007883436046540737,0.8803532123565674,-0.20047451555728912,0.9034314155578613,-0.29622912406921387,-0.009904073551297188,0.08490698784589767,-0.001106727635487914,-4.467247486114502,5.152315139770508,4.065559387207031,1.451035737991333,1.404633641242981,-0.44387900829315186,-1.353425145149231,-1.4445123672485352,-4.2659478187561035,0.4625994563102722,0.3221736550331116,-0.15086150169372559,0.6787781715393066,-2.2836031913757324,0.3995484411716461,-3.8542520999908447,-4.4681878089904785,2.667867660522461,-3.207271099090576,2.07110595703125,-5.786213397979736,-2.706103563308716,-1.2197387218475342,2.05363130569458,0.04541602358222008,1.5958077907562256,-1.2038334608078003,-0.9556864500045776,2.0904996395111084,-1.8397833108901978,0.45210108160972595,-0.540148138999939,-3.2638776302337646
103,10.075057983398438,8.473973274230957,-2.141141414642334,-0.3537753224372864,-0.8549847602844238,1.629273533821106,6.404353141784668,0.2596557140350342,-2.670978307723999,-5.690517902374268,2.5357825756073,-0.2602307200431824,-2.0557608604431152,-1.1595853567123413,-4.7547807693481445,1.66892409324646,0.0003150328993797302,-6.054574489593506,1.5316880941390991,-0.5310998558998108,-1.3923660516738892,-0.5865864753723145,0.2778245806694031,-3.2410173416137695,-0.25582146644592285,1.040030598640442,-0.22674812376499176,0.040690623223781586,0.10360527783632278,-0.06819731742143631,-4.572999477386475,5.323869228363037,4.0684075355529785,1.3406676054000854,1.2572004795074463,-4.295303821563721,-1.5324867963790894,-1.5108768939971924,-4.635304927825928,0.5051926970481873,0.4912734031677246,-0.11437510699033737,0.12236490845680237,-2.0451786518096924,0.808157205581665,-5.138845920562744,-7.4444966316223145,-0.11085157096385956,-3.2615926265716553,1.593345284461975,-5.661512851715088,-1.983981966972351,-1.123731017112732,1.3726892471313477,-0.4874275028705597,2.397908926010132,0.2241203635931015,-0.32686036825180054,3.0346367359161377,-1.2571392059326172,0.3951786458492279,-0.6419311761856079,-3.4855997562408447
104,9.813090324401855,8.218615531921387,-2.0555813312530518,-3.083392858505249,-0.18076151609420776,4.58898401260376,6.474263668060303,0.26821398735046387,-2.6029603481292725,-5.694321155548096,2.448107957839966,-0.11709626019001007,-2.105381727218628,-1.2068806886672974,-4.645763874053955,1.6863642930984497,-0.08732808381319046,-6.119091033935547,1.426053524017334,-0.608053982257843,-1.4699642658233643,-0.4245564341545105,1.7355761528015137,-3.047370195388794,-0.20149122178554535,1.0678249597549438,-0.18747954070568085,0.04465244337916374,0.09840357303619385,-0.055332500487565994,-4.54520320892334,5.2546257972717285,3.9990758895874023,1.5162088871002197,1.1760764122009277,-0.568759024143219,-1.4642945528030396,-1.4518225193023682,-4.650670051574707,0.5173976421356201,0.5330129861831665,-0.12523779273033142,0.11497160792350769,-1.8341710567474365,0.8487017154693604,-4.744891166687012,-7.65993070602417,-0.48367083072662354,-3.2398929595947266,1.4574517011642456,-5.624627113342285,-1.8022069931030273,-1.1492515802383423,1.1883821487426758,0.102377749979496,1.5984827280044556,-1.1202681064605713,-0.34515029191970825,2.959801435470581,-1.2799320220947266,0.3855306804180145,-0.5895900726318359,-3.3040623664855957
105,10.461712837219238,8.959628105163574,-1.9544296264648438,-0.4133644700050354,-0.924588143825531,2.005173921585083,6.179811000823975,0.11952735483646393,-2.679414749145508,-5.656672954559326,2.4281485080718994,-0.058770373463630676,-1.9736095666885376,-1.3502321243286133,-4.833685398101807,1.9517310857772827,0.7918971180915833,-2.977638006210327,1.449902892112732,-0.5792648792266846,-1.497770071029663,-0.6555752754211426,0.12767183780670166,-3.207894802093506,-0.2553361654281616,0.9325183033943176,-0.21923477947711945,0.017557287588715553,0.07959584146738052,-0.003543904749676585,-4.59249210357666,5.439291000366211,4.062304973602295,1.546889305114746,1.13045072555542,-0.48834770917892456,-1.510737419128418,-1.399015188217163,-4.626014709472656,0.5070383548736572,0.4832531213760376,-0.11162745952606201,0.2847718894481659,-1.7713226079940796,0.7279306650161743,-5.036012172698975,-7.8863067626953125,0.054459672421216965,-3.195317506790161,1.5060118436813354,-5.688767433166504,3.646843910217285,0.8027942776679993,6.7972412109375,0.1045217216014862,1.5725383758544922,-1.2334403991699219,-0.30859774351119995,2.9376420974731445,-1.2062945365905762,0.4190066158771515,-0.6216869354248047,-3.3445451259613037
106,6.587642669677734,1.3873534202575684,-3.413083791732788,-0.3051595389842987,-1.0899477005004883,1.9961203336715698,6.159192085266113,0.03327087312936783,-2.7790439128875732,-5.658520698547363,2.595273971557617,-0.15307162702083588,-1.9690107107162476,-1.1711927652359009,-4.871543884277344,1.0816946029663086,-0.32627981901168823,-1.0626695156097412,1.5494576692581177,-0.4501829147338867,-1.5256247520446777,-0.570722222328186,-0.6161998510360718,-3.8449487686157227,-0.304729163646698,0.9261327981948853,-0.27169084548950195,0.037771761417388916,0.10559447109699249,-0.08981137722730637,-4.579726696014404,5.420662879943848,4.216878414154053,1.3486974239349365,1.1553024053573608,-0.4097271263599396,-1.6824486255645752,-1.189998984336853,-4.134650707244873,0.4656229615211487,0.4394150972366333,-0.12204015254974365,-2.605560302734375,0.16049183905124664,0.20793810486793518,-5.700470924377441,-8.158036231994629,0.6779705882072449,-3.2720370292663574,2.1155378818511963,-5.969397068023682,3.0931293964385986,0.3128887712955475,7.0964813232421875,0.08432795107364655,1.4927160739898682,-1.3089193105697632,-0.4061645567417145,3.331958055496216,-0.5320248007774353,0.5185393691062927,-0.8200105428695679,-3.618393659591675
107,-0.991428554058075,-4.217581272125244,1.1890294551849365,-3.0909695625305176,-0.41422227025032043,4.791146278381348,6.147565841674805,-0.2870030403137207,-2.599802255630493,-5.9940338134765625,2.529252290725708,-0.7037841081619263,-2.3210837841033936,-1.1846832036972046,-4.168404579162598,1.6830294132232666,0.45200756192207336,-3.4217491149902344,2.149763822555542,-0.38893958926200867,-1.725182294845581,-1.2965410947799683,-3.058800220489502,-5.668328285217285,-0.29333484172821045,1.0720380544662476,-0.26921752095222473,0.00869299378246069,0.0806330069899559,0.020219802856445312,-4.509309768676758,5.166539192199707,3.9558606147766113,1.3291399478912354,1.052377462387085,-0.6032286286354065,-1.3572686910629272,-1.3247750997543335,-4.85994291305542,0.5004693269729614,0.4177775979042053,-0.0924236997961998,0.03222017362713814,-2.1025240421295166,0.7547502517700195,-5.043796062469482,-7.58148717880249,0.6703130602836609,-3.3220744132995605,1.2873444557189941,-5.577949523925781,-0.47134849429130554,0.2480906844139099,-0.45862025022506714,0.11372190713882446,1.7116163969039917,-1.3228455781936646,-0.47842729091644287,3.015496015548706,-1.197198510169983,0.06176312640309334,-0.8645988702774048,-2.817518472671509
108,6.5505290031433105,1.8155288696289062,-3.9788010120391846,-2.5197062492370605,-0.6008610725402832,5.162018299102783,-3.307004690170288,2.4790334701538086,0.8266706466674805,-5.83006477355957,2.586747169494629,-0.14147241413593292,-2.2530899047851562,-0.9835584163665771,-4.279842853546143,1.5486301183700562,-0.41017046570777893,-1.0131210088729858,1.7008870840072632,-0.38773444294929504,-1.4697529077529907,-1.5641968250274658,-3.561126470565796,-6.929959774017334,-0.28883183002471924,0.9652654528617859,-0.27933013439178467,0.017246881499886513,0.0561208613216877,-0.0013454507570713758,-4.578562259674072,5.320058822631836,3.9256539344787598,1.2359274625778198,1.0222997665405273,-0.7235417366027832,-1.3970599174499512,-1.2879287004470825,-4.835903167724609,0.479947566986084,0.38050758838653564,-0.1224360540509224,0.9133404493331909,-2.2095119953155518,0.4532049596309662,-5.162974834442139,-5.375383377075195,3.006636619567871,-3.617445945739746,1.1182475090026855,-5.587430953979492,-0.40582969784736633,0.4191712439060211,-0.48586276173591614,0.009060298092663288,1.634871482849121,-1.0683629512786865,-0.26523685455322266,2.106678009033203,-1.5237274169921875,0.15716926753520966,-0.9899959564208984,-2.6752161979675293
109,7.276279926300049,1.4390312433242798,-4.420907020568848,-2.43904185295105,-0.6630604267120361,5.093579292297363,-3.2865259647369385,2.357013702392578,0.7626814842224121,-4.547229290008545,0.7080426216125488,-2.412639617919922,-2.222912549972534,-1.0134849548339844,-4.326245307922363,1.5964703559875488,-0.4883500933647156,-1.1454074382781982,1.5951168537139893,-0.3261655867099762,-1.4801254272460938,-1.8513200283050537,-3.595858335494995,-7.186697959899902,-0.2901577949523926,0.9696794748306274,-0.27915504574775696,0.010110362432897091,0.07166967540979385,0.0017173851374536753,-4.653761386871338,5.600295066833496,4.0142927169799805,1.2924655675888062,1.1657726764678955,-0.5808863043785095,-1.5011407136917114,-1.3384108543395996,-4.905876159667969,0.5373111367225647,0.36586976051330566,-0.12911903858184814,1.0098364353179932,-2.1828155517578125,0.3434506356716156,-5.243462085723877,-7.950318813323975,0.6628440022468567,-3.6268813610076904,1.003442645072937,-5.484046459197998,-0.4047934114933014,0.4446146488189697,-0.5305176377296448,-0.021649014204740524,1.6915466785430908,-1.0862737894058228,-0.286879301071167,2.1823606491088867,-1.578012466430664,0.12158607691526413,-0.9344241619110107,-2.6468770503997803
110,7.368062496185303,1.5257431268692017,-4.365324020385742,1.2725390195846558,0.37674903869628906,3.9092888832092285,-3.4342775344848633,2.5502352714538574,0.7527046203613281,-6.05747127532959,2.66125750541687,-0.20786882936954498,-2.115713596343994,-1.0418387651443481,-4.559523105621338,2.116220712661743,-0.5116745233535767,-6.225346565246582,1.7005730867385864,-0.32041245698928833,-1.432512640953064,-1.8797544240951538,-3.7121694087982178,-7.097804546356201,-0.27700716257095337,0.972342848777771,-0.28289520740509033,0.013398701325058937,0.05403759703040123,-0.00416292529553175,-4.644230365753174,5.575377941131592,4.004720687866211,1.4206933975219727,1.1199127435684204,-0.5543072819709778,-1.3837757110595703,-1.1437370777130127,-4.743495464324951,0.5124241709709167,0.34976518154144287,-0.15648944675922394,1.0321033000946045,-2.1956889629364014,0.28429552912712097,-5.344221115112305,-5.602669715881348,2.8290820121765137,-3.709548234939575,1.1468256711959839,-5.528103351593018,-0.3729502856731415,0.4274413287639618,-0.509637713432312,0.0345640555024147,1.7651301622390747,-1.02472984790802,-0.333609402179718,2.1996524333953857,-1.516223669052124,0.1980944275856018,-0.7614501714706421,-2.6931445598602295
111,-0.8065527677536011,-3.8278579711914062,1.0092425346374512,-0.3382952809333801,-0.5873209834098816,2.3641974925994873,6.7534565925598145,-0.24778982996940613,-1.9730745553970337,-5.389139652252197,2.3563671112060547,0.1073266863822937,-0.8564025163650513,-1.5306365489959717,-2.756187677383423,1.1403416395187378,-0.2544405162334442,-6.034066200256348,1.8596030473709106,-0.8733043670654297,-1.1206183433532715,-0.06100834906101227,3.2924656867980957,-2.7991676330566406,-0.379718542098999,0.9973928928375244,-0.15217216312885284,0.05501629039645195,0.07954813539981842,-0.01706690527498722,-4.549252510070801,5.412962913513184,3.914045572280884,1.7218834161758423,0.997810959815979,-0.4901214838027954,-1.0526633262634277,-0.9926010966300964,-5.21161413192749,0.10495650768280029,-0.0009823106229305267,-0.33267951011657715,0.6196326613426208,-1.5776370763778687,0.7866156101226807,-5.780355453491211,-9.242276191711426,-0.6510019302368164,-3.2157273292541504,1.4811915159225464,-5.800512790679932,-0.4393171966075897,0.16864562034606934,-0.5189819931983948,0.1864137202501297,1.6141207218170166,-1.171278476715088,-0.35296937823295593,2.674622058868408,-0.8597123622894287,-0.6182163953781128,-0.8329873085021973,-2.8990156650543213
112,-0.6165867447853088,-3.7585811614990234,0.9601976275444031,-0.16151288151741028,-0.49331215023994446,2.340837240219116,6.326136112213135,-0.28425174951553345,-1.9437452554702759,-5.316168785095215,2.335333824157715,-0.03164435923099518,-0.956831693649292,-1.5743663311004639,-2.8375418186187744,0.9359733462333679,-0.14649567008018494,-6.037988662719727,1.675215244293213,-0.748485267162323,-1.1431617736816406,-0.33098095655441284,2.029966354370117,-2.6241726875305176,-2.7984414100646973,0.6371861100196838,-3.2385506629943848,0.049494512379169464,0.07815243303775787,-0.03235699608922005,-4.5183000564575195,5.437557220458984,3.9150829315185547,1.6816422939300537,0.9988024830818176,-0.478271484375,-1.0165952444076538,-0.9436202645301819,-5.238340854644775,0.4243350028991699,0.3779941201210022,0.03282161056995392,-2.8106942176818848,0.05510297417640686,0.45493802428245544,-5.214141368865967,-8.836823463439941,-0.8022739887237549,-3.31691575050354,1.4495270252227783,-5.764254570007324,-0.4574914872646332,0.13480564951896667,-0.44880610704421997,-0.4024325907230377,1.8890388011932373,0.5446520447731018,-0.3891699016094208,2.702552556991577,-0.915989875793457,-0.7302640080451965,-0.8426511287689209,-2.7812719345092773
113,-1.3741931915283203,-3.5595057010650635,0.5959272384643555,-0.2736782133579254,-0.934240996837616,2.3660783767700195,6.182967185974121,0.11011660099029541,-1.7036904096603394,-3.3812193870544434,1.5912188291549683,0.12086458504199982,-2.8902218341827393,-1.603814959526062,-4.178520202636719,0.3433726727962494,-0.13232511281967163,-6.374077796936035,3.4276492595672607,-2.1818203926086426,-4.562333106994629,-0.3834027051925659,1.0640168190002441,-2.848525047302246,-0.3115418553352356,0.9208714962005615,-0.16506874561309814,0.039365869015455246,0.08065461367368698,-0.027722163125872612,-4.302733898162842,5.0224690437316895,3.4845571517944336,1.673275113105774,1.4824562072753906,-0.6460181474685669,-0.6018209457397461,-0.4618264436721802,-4.448025226593018,0.28758618235588074,0.38449627161026,0.036366499960422516,-0.69646155834198,-1.1363221406936646,-0.39587557315826416,-5.846833229064941,-9.99216365814209,-0.1535104364156723,-2.7038650512695312,0.48801612854003906,-3.2129058837890625,2.7472243309020996,-0.44365981221199036,7.473682403564453,-0.14898499846458435,2.3996524810791016,0.9668667912483215,-0.33290770649909973,3.2309749126434326,-0.47376739978790283,0.42934906482696533,1.4593464136123657,-2.0260801315307617
114,-1.3231747150421143,-3.515841245651245,0.6138904690742493,-0.04911410063505173,-0.7355581521987915,2.4371185302734375,6.402544975280762,0.19344736635684967,-1.8126777410507202,-4.978944301605225,2.299135446548462,0.2089184671640396,-2.558945894241333,-1.5372637510299683,-4.202869892120361,0.938694417476654,-0.605414092540741,-1.3854475021362305,3.7581429481506348,-2.271329879760742,-4.212937355041504,-0.5773407220840454,1.3903495073318481,-2.6082420349121094,-0.2967495918273926,0.8313087224960327,-0.16619044542312622,0.03979986160993576,0.0885370522737503,-0.03493499755859375,-4.454115867614746,5.301234245300293,3.7121851444244385,1.7457454204559326,1.3493421077728271,-0.4826016128063202,-0.750420868396759,-0.414902925491333,-4.545727252960205,0.3101363778114319,0.3967019319534302,0.00898304395377636,-0.4326167702674866,-1.2610571384429932,-0.2264241874217987,-6.293449878692627,-10.542984962463379,-0.26200807094573975,-2.5118887424468994,0.409030556678772,-3.094001054763794,2.6943466663360596,-0.5014857053756714,6.911409378051758,-0.16651876270771027,2.2776918411254883,0.6983923316001892,-0.13553087413311005,2.0828897953033447,-1.5088750123977661,0.4700995087623596,1.4588876962661743,-2.120716094970703
115,-1.2832437753677368,-3.4152402877807617,0.8146599531173706,-0.3377749025821686,-0.8380290269851685,2.6859447956085205,6.6013407707214355,0.07147678732872009,-2.1018013954162598,-4.774324893951416,2.253917932510376,-0.153855100274086,-0.9526828527450562,-1.602307677268982,-3.3181657791137695,0.7558205723762512,-0.04579392820596695,-6.146053314208984,3.7970542907714844,-2.165938138961792,-4.262227535247803,-0.562938392162323,1.5150994062423706,-2.922983407974243,-0.24396108090877533,0.9041928648948669,-0.11443707346916199,0.04190041124820709,0.08123210817575455,-0.047573626041412354,-4.6186957359313965,5.610346794128418,4.049234867095947,1.8816686868667603,-1.8127673864364624,-4.381298065185547,-1.0487922430038452,-0.9075749516487122,-5.265495300292969,0.32819655537605286,0.3803432583808899,0.036314502358436584,-0.7739315629005432,-1.7693541049957275,0.20899590849876404,-5.054768085479736,-9.146575927734375,-0.16492627561092377,-3.1509525775909424,2.7250828742980957,-5.024499893188477,2.991239070892334,-0.33291950821876526,7.56063175201416,-0.2191302478313446,2.229349374771118,0.7833337187767029,-0.2981135845184326,3.0488152503967285,-0.6997661590576172,-0.24560147523880005,-0.567772626876831,-3.2228846549987793
116,-1.1922675371170044,-3.628812313079834,0.6917737722396851,-0.08523101359605789,-0.4427584409713745,2.6785876750946045,6.202674388885498,0.0989779531955719,-1.8549479246139526,-4.911262035369873,2.3005945682525635,-0.1410701721906662,-2.259514808654785,-1.057650089263916,-4.329035758972168,0.7548201084136963,-0.07849865406751633,-6.385683536529541,3.768460512161255,-2.204359531402588,-4.261417388916016,-0.4792633056640625,1.7315785884857178,-2.854203462600708,-0.48658478260040283,0.08117859810590744,0.34659862518310547,-0.007988803088665009,0.08547250181436539,0.020467981696128845,-4.597731113433838,5.619612216949463,4.002001762390137,1.6223822832107544,1.0713828802108765,-0.4791550636291504,-0.7005813121795654,-0.8961538076400757,-4.796225547790527,0.31097283959388733,0.38154613971710205,0.05032964050769806,-0.6033558249473572,-1.6300280094146729,0.07950590550899506,-2.2349298000335693,-7.54387903213501,-8.222684860229492,-2.692138671875,0.2175077348947525,-3.158017158508301,2.6800475120544434,-0.5492231845855713,7.396998405456543,-0.2310963273048401,2.1674270629882812,0.7637696862220764,-0.3219643235206604,3.016464948654175,-0.6865301728248596,-0.1548014134168625,-0.5445218086242676,-3.211139678955078
117,-1.0865501165390015,-3.5413153171539307,0.8111967444419861,0.021605364978313446,-0.37859538197517395,2.6173527240753174,6.772956371307373,0.16054598987102509,-1.9694100618362427,-5.064541816711426,2.2483408451080322,-0.017595365643501282,-0.8758065700531006,-1.5929811000823975,-3.235062837600708,1.1220488548278809,-0.08198723942041397,-6.099812984466553,3.6971702575683594,-2.1740055084228516,-3.8210959434509277,-0.4142192602157593,2.9784488677978516,-2.9080681800842285,-0.30382680892944336,0.8407989740371704,-0.17233321070671082,0.045183002948760986,0.0843675509095192,-0.04776878282427788,-4.5190911293029785,5.45416259765625,3.9074020385742188,1.673012614250183,1.1663097143173218,-0.24140587449073792,-1.0453506708145142,-0.9923563599586487,-5.341607570648193,0.3606529235839844,0.40710073709487915,0.0041063521057367325,-0.6730679869651794,-1.5536457300186157,0.09690457582473755,-7.302435874938965,-10.63832950592041,0.2475314885377884,-3.3724637031555176,1.8975470066070557,-5.966429233551025,-1.3954120874404907,-0.1424727439880371,2.4732847213745117,0.11907311528921127,1.707707166671753,-1.0580265522003174,-0.2821580171585083,2.2129273414611816,-1.5520832538604736,-0.08315499126911163,-0.567104697227478,-3.303790807723999
118,-0.9873092770576477,-3.619723081588745,1.0902342796325684,0.05524437874555588,-0.9472905397415161,2.6988539695739746,5.933903217315674,0.15138019621372223,-1.900689959526062,-4.878017902374268,2.2189888954162598,-0.25394999980926514,-1.7974984645843506,-0.46446266770362854,-3.6043171882629395,1.2821640968322754,-0.08433864265680313,-5.940165996551514,3.6490418910980225,-2.1401026248931885,-4.315021991729736,-1.29204261302948,-2.718745231628418,-4.046132564544678,-0.12711554765701294,0.7290962338447571,-0.23121780157089233,-0.017528977245092392,0.10550235956907272,-0.09520600736141205,-4.542708396911621,5.478476047515869,3.9835190773010254,1.7650293111801147,0.9423514604568481,-4.380015850067139,-1.0921297073364258,-0.6502540111541748,-5.410380840301514,0.9273724555969238,-0.1372838020324707,0.21441668272018433,-2.8917038440704346,0.15362128615379333,0.470570832490921,-3.943057060241699,-4.572463035583496,1.5055699348449707,-3.3859777450561523,1.7388116121292114,-6.068518161773682,-1.5158134698867798,0.1483883559703827,2.450549364089966,-0.017535746097564697,2.4312491416931152,0.7590016722679138,-0.12987688183784485,3.342952013015747,0.12747298181056976,-4.420987606048584,0.12702110409736633,1.017662763595581
