frame_id,filtered_joint_0,filtered_joint_1,filtered_joint_2,filtered_joint_3,filtered_joint_4,filtered_joint_5,filtered_joint_6,filtered_joint_7,filtered_joint_8,filtered_joint_9,filtered_joint_10,filtered_joint_11,filtered_joint_12,filtered_joint_13,filtered_joint_14,filtered_joint_15,filtered_joint_16,filtered_joint_17,filtered_joint_18,filtered_joint_19,filtered_joint_20,filtered_joint_21,filtered_joint_22,filtered_joint_23,filtered_joint_24,filtered_joint_25,filtered_joint_26,filtered_joint_27,filtered_joint_28,filtered_joint_29,filtered_joint_30,filtered_joint_31,filtered_joint_32,filtered_joint_33,filtered_joint_34,filtered_joint_35,filtered_joint_36,filtered_joint_37,filtered_joint_38,filtered_joint_39,filtered_joint_40,filtered_joint_41,filtered_joint_42,filtered_joint_43,filtered_joint_44,filtered_joint_45,filtered_joint_46,filtered_joint_47,filtered_joint_48,filtered_joint_49,filtered_joint_50,filtered_joint_51,filtered_joint_52,filtered_joint_53,filtered_joint_54,filtered_joint_55,filtered_joint_56,filtered_joint_57,filtered_joint_58,filtered_joint_59,filtered_joint_60,filtered_joint_61,filtered_joint_62
0,0.16224542260169983,0.7153603434562683,0.5659202933311462,0.12094400823116302,0.39328110218048096,0.5088849663734436,-0.012900441884994507,0.019017472863197327,0.33491361141204834,-0.4650440216064453,-0.14930391311645508,0.15071573853492737,-0.4527193009853363,-0.14170515537261963,0.016021927818655968,-0.2965924143791199,-0.16123539209365845,0.14824450016021729,-0.39798298478126526,-0.3185510039329529,-0.040623754262924194,-0.4172999858856201,-0.5739438533782959,-0.0394001342356205,-0.447426974773407,-0.8507735729217529,0.008404750376939774,-0.029378212988376617,0.005169641692191362,0.00480781402438879,-0.06160372495651245,-0.37352046370506287,-0.11188153922557831,-0.10041218996047974,-0.6459722518920898,0.012477025389671326,-0.19986456632614136,-0.9837188124656677,0.055805690586566925,0.21275490522384644,0.08295061439275742,-0.008282504044473171,0.2170754373073578,-0.24707984924316406,-0.002032218500971794,0.20785804092884064,-0.4399844706058502,0.14302359521389008,0.16036537289619446,-0.7269151210784912,0.3745838701725006,0.461969256401062,0.27028852701187134,0.018389228731393814,0.49505287408828735,-0.15370377898216248,0.03834591060876846,0.49579110741615295,-0.29767510294914246,0.19270384311676025,0.45483288168907166,-0.3864840865135193,0.4351968765258789
1,0.1599084734916687,0.7154985666275024,0.5633149147033691,0.12077195942401886,0.39201822876930237,0.5076630711555481,-0.012737125158309937,0.0185838770121336,0.3379632830619812,-0.4723335802555084,-0.14784672856330872,0.1605401486158371,-0.45673832297325134,-0.14211514592170715,0.01589435711503029,-0.2985955476760864,-0.15964019298553467,0.14571449160575867,-0.3995745778083801,-0.31632333993911743,-0.040870748460292816,-0.4192538857460022,-0.5746162533760071,-0.044122710824012756,-0.4515705108642578,-0.8527619242668152,0.004782326985150576,-0.028751268982887268,0.005030389875173569,0.004873058758676052,-0.06062871962785721,-0.37463608384132385,-0.11007528007030487,-0.10093747824430466,-0.6483099460601807,0.012966549955308437,-0.20355552434921265,-0.9907916188240051,0.05852646753191948,0.2127513885498047,0.0796518325805664,-0.006439011078327894,0.21684080362319946,-0.24768918752670288,-0.0014800705248489976,0.20542964339256287,-0.44387397170066833,0.14564159512519836,0.15185530483722687,-0.7311737537384033,0.3744891881942749,0.46352165937423706,0.2706306278705597,0.023103564977645874,0.491108775138855,-0.1567009687423706,0.04792441800236702,0.49376487731933594,-0.2984110713005066,0.19731692969799042,0.45112574100494385,-0.38791337609291077,0.44150203466415405
2,0.1624775230884552,0.7244935035705566,0.5543723702430725,0.1211702823638916,0.3977576196193695,0.49986445903778076,-0.02226163074374199,0.02565436065196991,0.3384447693824768,-0.48375168442726135,-0.1381101906299591,0.16787755489349365,-0.46215206384658813,-0.13796676695346832,0.018036099150776863,-0.299149751663208,-0.15627768635749817,0.14401519298553467,-0.39930784702301025,-0.3134170174598694,-0.03908228874206543,-0.42266646027565,-0.573968768119812,-0.04164231941103935,-0.4553568661212921,-0.8520060181617737,0.007893788628280163,-0.02593310922384262,0.005118822678923607,0.005409968551248312,-0.059254348278045654,-0.376056432723999,-0.1070636659860611,-0.10205845534801483,-0.6504176259040833,0.015184381045401096,-0.20695042610168457,-0.9936076402664185,0.07043931633234024,0.21296334266662598,0.07536010444164276,-0.005588765721768141,0.21794895827770233,-0.2502725124359131,0.001203796360641718,0.2023768424987793,-0.446760356426239,0.14936873316764832,0.14675754308700562,-0.7355133295059204,0.3768935799598694,0.46854567527770996,0.2633434534072876,0.025072000920772552,0.48949694633483887,-0.162561297416687,0.056083738803863525,0.4928252696990967,-0.3007538914680481,0.20478692650794983,0.44827407598495483,-0.3864496052265167,0.4481753706932068
3,0.16121165454387665,0.7293847799301147,0.5495032668113708,0.12187296152114868,0.40105223655700684,0.49723219871520996,-0.022110190242528915,0.023404095321893692,0.33567243814468384,-0.4857271909713745,-0.13762809336185455,0.16858109831809998,-0.46681809425354004,-0.13755092024803162,0.0178166963160038,-0.30031073093414307,-0.15644988417625427,0.14335650205612183,-0.40092968940734863,-0.3141583204269409,-0.038855165243148804,-0.4244583249092102,-0.5746374130249023,-0.03816765174269676,-0.4565200209617615,-0.851594865322113,0.01440286636352539,-0.025990594178438187,0.00516302976757288,0.005325420759618282,-0.05788562819361687,-0.37723344564437866,-0.10510820895433426,-0.10248152911663055,-0.6515198945999146,0.01757022738456726,-0.20901252329349518,-0.993732213973999,0.08350931107997894,0.2126394510269165,0.07442530989646912,-0.005643344484269619,0.21860110759735107,-0.2505857050418854,0.0015144881326705217,0.2006601244211197,-0.4466543197631836,0.1487354040145874,0.14552241563796997,-0.7367269992828369,0.37711429595947266,0.46954917907714844,0.2619532346725464,0.025681082159280777,0.4878205955028534,-0.16089683771133423,0.05649344623088837,0.4915011525154114,-0.2995496988296509,0.20759139955043793,0.44725102186203003,-0.3878070116043091,0.4493304491043091
4,0.16215559840202332,0.736851692199707,0.5434350967407227,0.12043937295675278,0.3991679847240448,0.495281457901001,-0.028804227709770203,0.025495495647192,0.3336138427257538,-0.49354565143585205,-0.1338939070701599,0.1657981276512146,-0.4795529842376709,-0.1294884979724884,0.026014212518930435,-0.3010539412498474,-0.15477325022220612,0.14171624183654785,-0.4030545949935913,-0.3138658106327057,-0.037719905376434326,-0.4273296594619751,-0.5747095346450806,-0.03477143123745918,-0.46015846729278564,-0.8497728109359741,0.024819662794470787,-0.024248884990811348,0.005315712653100491,0.005396602675318718,-0.05636341869831085,-0.3783305585384369,-0.10208187997341156,-0.10682038962841034,-0.6512097716331482,0.018986715003848076,-0.21188905835151672,-0.9945162534713745,0.09214647859334946,0.21294552087783813,0.06880543380975723,-0.003823676146566868,0.21838989853858948,-0.2515607476234436,0.0047099352814257145,0.19965556263923645,-0.44964003562927246,0.15348005294799805,0.1408301591873169,-0.7428605556488037,0.3765716552734375,0.47319716215133667,0.25396960973739624,0.029456529766321182,0.4850948452949524,-0.16751497983932495,0.06832686811685562,0.4873180389404297,-0.3044688105583191,0.21456196904182434,0.4157676100730896,-0.42831432819366455,0.3958951234817505
5,0.16104066371917725,0.7336586713790894,0.5418103337287903,0.11916936188936234,0.39656171202659607,0.49457815289497375,-0.038165509700775146,0.028695033863186836,0.33165132999420166,-0.5004270672798157,-0.12967398762702942,0.16593292355537415,-0.4853803515434265,-0.12311368435621262,0.03206153213977814,-0.3007621765136719,-0.15260659158229828,0.14023271203041077,-0.40200597047805786,-0.31407684087753296,-0.03635745495557785,-0.4277718961238861,-0.574921190738678,-0.0311965961009264,-0.46218085289001465,-0.8480554223060608,0.032574888318777084,-0.023258989676833153,0.005493796430528164,0.005325033329427242,-0.05483535677194595,-0.37906789779663086,-0.09854761511087418,-0.10788555443286896,-0.6512979865074158,0.02231089025735855,-0.21660864353179932,-0.9924839735031128,0.09945780038833618,0.21296057105064392,0.06570129096508026,-0.002741603646427393,0.21806718409061432,-0.2519345283508301,0.007420848123729229,0.20032291114330292,-0.4508429169654846,0.15574027597904205,0.13925328850746155,-0.7475663423538208,0.3778335154056549,0.4744999408721924,0.24947217106819153,0.03236934915184975,0.4830774664878845,-0.1696784794330597,0.07541723549365997,0.4844217300415039,-0.3077576458454132,0.22041815519332886,0.3984663486480713,-0.45267796516418457,0.36854779720306396
6,0.16256588697433472,0.7363283038139343,0.5373029708862305,0.11586357653141022,0.399056613445282,0.491258829832077,-0.049043647944927216,0.03312543407082558,0.3284657597541809,-0.5091578960418701,-0.12117460370063782,0.1665351688861847,-0.48640668392181396,-0.1201784759759903,0.0324876643717289,-0.3014187812805176,-0.15022626519203186,0.13880091905593872,-0.4023335874080658,-0.31374791264533997,-0.03427125886082649,-0.43032166361808777,-0.5740236043930054,-0.02768106572329998,-0.46346789598464966,-0.8465175628662109,0.04513774439692497,-0.021207813173532486,0.005592843517661095,0.005579412914812565,-0.05419236421585083,-0.3795056939125061,-0.09563092887401581,-0.10922547429800034,-0.6511311531066895,0.025944259017705917,-0.21957023441791534,-0.9925565719604492,0.11413195729255676,0.2135535627603531,0.0633847564458847,-0.002661254955455661,0.2192610502243042,-0.2524500787258148,0.011034836061298847,0.20033755898475647,-0.4515954852104187,0.1592857539653778,0.13897594809532166,-0.748926043510437,0.38235700130462646,0.4777771532535553,0.24389734864234924,0.034067098051309586,0.48317116498947144,-0.1726786196231842,0.07887471467256546,0.4829699993133545,-0.3091183304786682,0.22617685794830322,0.3877756595611572,-0.46567288041114807,0.3562597334384918
7,0.16414520144462585,0.7442618608474731,0.517116904258728,0.12223346531391144,0.39643052220344543,0.48910951614379883,-0.08415120840072632,0.06181987747550011,0.34156137704849243,-0.500953197479248,-0.11723621189594269,0.16843031346797943,-0.4501635730266571,-0.11882343888282776,-0.018076501786708832,-0.3065466582775116,-0.14217686653137207,0.13143469393253326,-0.38732075691223145,-0.302341490983963,-0.025537705048918724,-0.4271395206451416,-0.5747533440589905,-0.034551914781332016,-0.456519216299057,-0.8544645309448242,0.05793493241071701,-0.017218003049492836,0.005848039872944355,0.005089864134788513,-0.05077844113111496,-0.37436529994010925,-0.08351331949234009,-0.11656630784273148,-0.6468063592910767,0.0437372550368309,-0.20370256900787354,-0.9674308896064758,0.22038114070892334,0.21166861057281494,0.062044739723205566,-0.010895172134041786,0.2016088366508484,-0.25514915585517883,-0.00038442015647888184,0.19588971138000488,-0.44668716192245483,0.18834638595581055,0.1367039680480957,-0.7657316327095032,0.40852394700050354,0.46284422278404236,0.2497410625219345,0.028975971043109894,0.47024551033973694,-0.1900133490562439,0.06737906485795975,0.46191978454589844,-0.3470402956008911,0.2137080579996109,0.3882971405982971,-0.47253161668777466,0.3677546977996826
8,0.1673538088798523,0.7462276220321655,0.5137653350830078,0.11837992072105408,0.38788485527038574,0.49575766921043396,-0.08210079371929169,0.044421080499887466,0.32966041564941406,-0.5049498677253723,-0.09079357981681824,0.17588770389556885,-0.395841121673584,-0.08448018878698349,-0.033400870859622955,-0.30521997809410095,-0.12845028936862946,0.12833881378173828,-0.38460299372673035,-0.29971790313720703,-0.034437548369169235,-0.42847341299057007,-0.5657604932785034,-0.0317196398973465,-0.4352416396141052,-0.8294675350189209,0.09756217896938324,-0.014758162200450897,0.006027004681527615,0.004635576158761978,-0.05064031481742859,-0.36984267830848694,-0.08040489256381989,-0.11851073056459427,-0.6470754146575928,0.04228590801358223,-0.20412708818912506,-0.9657341241836548,0.23459941148757935,0.21219652891159058,0.05846553295850754,-0.010511383414268494,0.20479999482631683,-0.25935620069503784,0.008197471499443054,0.20162412524223328,-0.44037294387817383,0.22268879413604736,0.13987991213798523,-0.77503502368927,0.4371170699596405,0.45760634541511536,0.24375705420970917,0.02979094348847866,0.4697648286819458,-0.19565613567829132,0.07792980968952179,0.4625874161720276,-0.3450194299221039,0.220664843916893,0.39606520533561707,-0.42892229557037354,0.4139634668827057
9,0.16882435977458954,0.7647806406021118,0.4927101135253906,0.09436313062906265,0.39212024211883545,0.4780409336090088,-0.17696207761764526,0.10059605538845062,0.3040403425693512,-0.5574283599853516,-0.05888279154896736,0.17011958360671997,-0.47691255807876587,-0.0574290007352829,-0.011537885293364525,-0.2969686985015869,-0.09881584346294403,0.11631512641906738,-0.3927003741264343,-0.2957737147808075,-0.05089443922042847,-0.4268057942390442,-0.5467137098312378,-0.028916148468852043,-0.44508659839630127,-0.8094104528427124,0.09351769089698792,-0.0125584676861763,0.006297255400568247,0.003927740268409252,-0.04948650300502777,-0.3681340217590332,-0.08627782762050629,-0.1314905732870102,-0.6430149674415588,0.0214342400431633,-0.215530663728714,-0.9574950933456421,0.25930169224739075,0.2148447036743164,0.04573211818933487,0.008371293544769287,0.19140097498893738,-0.26868167519569397,0.02285936288535595,0.18074063956737518,-0.4489401578903198,0.2535640001296997,0.10031109303236008,-0.7982325553894043,0.4510484039783478,0.4663926362991333,0.19234155118465424,0.05821238085627556,0.445051372051239,-0.21168503165245056,0.13224931061267853,0.4187985062599182,-0.380180299282074,0.26610487699508667,0.3435971140861511,-0.4350842535495758,0.4592394232749939
10,0.14239363372325897,0.7052409052848816,0.4935533404350281,0.06538073718547821,0.3851584196090698,0.47651100158691406,-0.2427426278591156,0.13633641600608826,0.28394389152526855,-0.5402964353561401,-0.06916826963424683,0.16999006271362305,-0.32100188732147217,-0.016001664102077484,-0.031359948217868805,-0.2930468022823334,-0.07244919240474701,0.10991494357585907,-0.3890928626060486,-0.2906886339187622,-0.05505858734250069,-0.42378395795822144,-0.5341960191726685,-0.00982943270355463,-0.45901942253112793,-0.808120608329773,0.09801606833934784,-0.011399627663195133,0.006369549781084061,0.004248212557286024,-0.04721565172076225,-0.3585703670978546,-0.08136897534132004,-0.13096259534358978,-0.6278258562088013,0.03314755856990814,-0.23050647974014282,-0.9295423030853271,0.31776368618011475,0.21587133407592773,0.043362028896808624,0.014242478646337986,0.18972152471542358,-0.2698051929473877,0.04390917345881462,0.15581738948822021,-0.45263969898223877,0.27977895736694336,0.05206514894962311,-0.7839580774307251,0.47580283880233765,0.4668307900428772,0.16906647384166718,0.06967949867248535,0.4397950768470764,-0.2215142697095871,0.1462109535932541,0.39313027262687683,-0.3748830556869507,0.3179742097854614,0.3268592357635498,-0.40780776739120483,0.5113581418991089
11,0.13389575481414795,0.6968176960945129,0.500572919845581,0.05759405344724655,0.3693314790725708,0.4898969531059265,-0.26169532537460327,0.14516820013523102,0.2867419123649597,-0.5236872434616089,-0.06343303620815277,0.17981386184692383,-0.2514621317386627,-0.015424163080751896,-0.04199627786874771,-0.2932571470737457,-0.05043495446443558,0.10230006277561188,-0.3883870244026184,-0.28932738304138184,-0.05134070664644241,-0.41746675968170166,-0.5205267667770386,0.010667768307030201,-0.4480346739292145,-0.7742186188697815,0.13050512969493866,-0.010146042332053185,0.005876348353922367,0.00417606346309185,-0.03839705139398575,-0.35530588030815125,-0.08100752532482147,-0.1148386150598526,-0.6139090061187744,0.057735148817300797,-0.21948152780532837,-0.9251445531845093,0.36068809032440186,0.21272015571594238,0.03983272612094879,0.006050546653568745,0.19604814052581787,-0.2774210572242737,0.04809194058179855,0.15077555179595947,-0.4460185170173645,0.2896330952644348,0.05714217573404312,-0.79183030128479,0.4782172441482544,0.4549061059951782,0.1650838851928711,0.06311047822237015,0.4455115497112274,-0.23585093021392822,0.14444252848625183,0.3901804983615875,-0.372816264629364,0.32439732551574707,0.33849668502807617,-0.4018872380256653,0.5177167654037476
12,0.11654537916183472,0.6812698841094971,0.5027427077293396,0.03355531767010689,0.3618045747280121,0.4931473731994629,-0.3038329482078552,0.14224326610565186,0.29682186245918274,-0.5225521922111511,-0.0916307270526886,0.19983169436454773,-0.18143661320209503,-0.013083366677165031,-0.11309247463941574,-0.2930772602558136,-0.03539549186825752,0.097703717648983,-0.39808738231658936,-0.2835403084754944,-0.05764153599739075,-0.4160762429237366,-0.5070721507072449,0.02576582133769989,-0.4360579550266266,-0.7666895389556885,0.1686440110206604,-0.012012694031000137,0.005464859306812286,0.0049189617857337,-0.0336645282804966,-0.3485824465751648,-0.0645071268081665,-0.12118803709745407,-0.5967415571212769,0.08296087384223938,-0.2481304258108139,-0.9255310893058777,0.36390990018844604,0.21010561287403107,0.034111883491277695,0.004015997517853975,0.20119160413742065,-0.28222301602363586,0.06650036573410034,0.15292009711265564,-0.4538522958755493,0.298309862613678,0.07736045122146606,-0.7376734018325806,0.5259605646133423,0.4450762867927551,0.17228293418884277,0.070709228515625,0.45014476776123047,-0.24066126346588135,0.1544031798839569,0.39106202125549316,-0.3683614730834961,0.3546285033226013,0.3454133868217468,-0.384944885969162,0.5404296517372131
13,0.09818506240844727,0.6757584810256958,0.5042263269424438,0.03682871162891388,0.34967073798179626,0.5190086364746094,-0.30685824155807495,0.1481202095746994,0.31589239835739136,-0.5134550333023071,-0.09776011109352112,0.18230141699314117,-0.1182691901922226,0.02322443760931492,-0.17240296304225922,-0.29207098484039307,-0.04699321091175079,0.11185061931610107,-0.3865256905555725,-0.2926511764526367,-0.04564383998513222,-0.4221559166908264,-0.5045007467269897,0.045797865837812424,-0.4469172954559326,-0.7281146049499512,0.1512388288974762,-0.014867053367197514,0.0049693528562784195,0.005596744827926159,-0.054135389626026154,-0.3579513728618622,-0.07062434405088425,-0.12339000403881073,-0.6046284437179565,0.10067522525787354,-0.23497459292411804,-0.9272544384002686,0.37795257568359375,0.21338209509849548,0.04063639044761658,-0.0005027661100029945,0.2131485491991043,-0.28039267659187317,0.06379595398902893,0.16711223125457764,-0.4534296989440918,0.2762724757194519,0.09871634095907211,-0.7287323474884033,0.5186079740524292,0.46461695432662964,0.167496919631958,0.04383905604481697,0.45521289110183716,-0.22812195122241974,0.13929980993270874,0.39608585834503174,-0.3725711703300476,0.31545740365982056,0.36486196517944336,-0.37824806571006775,0.5203561186790466
14,0.06475627422332764,0.637833833694458,0.5122365951538086,0.024864640086889267,0.34192121028900146,0.5486044883728027,-0.30888015031814575,0.19120100140571594,0.33364009857177734,-0.4594149589538574,-0.12303459644317627,0.21612176299095154,-0.16810071468353271,-0.005222800187766552,-0.18073657155036926,-0.2910958528518677,-0.03647167608141899,0.12876908481121063,-0.38646388053894043,-0.2887052297592163,-0.03693006560206413,-0.4315161108970642,-0.5087172389030457,0.0406121127307415,-0.44454747438430786,-0.7404718399047852,0.18641409277915955,-0.014520675875246525,0.005178655497729778,0.005059101618826389,-0.03729122877120972,-0.3588182032108307,-0.07318548858165741,-0.10456214845180511,-0.6185281276702881,0.09152065217494965,-0.2124713659286499,-0.9176734685897827,0.41072383522987366,0.21380960941314697,0.044596895575523376,-0.011452782899141312,0.22970050573349,-0.28528910875320435,0.04570455849170685,0.18974171578884125,-0.4559195041656494,0.2777245342731476,0.14991134405136108,-0.682068407535553,0.5475448966026306,0.46901780366897583,0.1620633602142334,0.015884850174188614,0.4615679979324341,-0.23046265542507172,0.09663903713226318,0.4242632985115051,-0.3715003728866577,0.29516711831092834,0.3984534740447998,-0.38938063383102417,0.4996473789215088
15,0.00018533319234848022,0.5776889324188232,0.49889254570007324,0.01364899706095457,0.3437425494194031,0.5714672207832336,-0.313716322183609,0.20123432576656342,0.34485533833503723,-0.44983792304992676,-0.12453626841306686,0.2406608760356903,-0.21466973423957825,-0.04785270616412163,-0.12108735740184784,-0.286065936088562,-0.03674393147230148,0.13371172547340393,-0.3810558319091797,-0.28483128547668457,-0.027173105627298355,-0.42099809646606445,-0.5129239559173584,0.028937924653291702,-0.437562495470047,-0.7586842775344849,0.19804063439369202,-0.0152147701010108,0.005678282584995031,0.0034920896869152784,-0.03806101530790329,-0.3613942265510559,-0.06760302186012268,-0.0924520269036293,-0.6285455226898193,0.10041406750679016,-0.18189239501953125,-0.916887640953064,0.43358802795410156,0.21343210339546204,0.050154075026512146,-0.017167378216981888,0.24131974577903748,-0.28339824080467224,0.03796118125319481,0.20199157297611237,-0.4533258378505707,0.2817877531051636,0.1536635160446167,-0.6745420098304749,0.5752867460250854,0.4756205677986145,0.15615719556808472,-0.009741130284965038,0.46880584955215454,-0.23732984066009521,0.0870906412601471,0.43903303146362305,-0.380204975605011,0.2770581841468811,0.4024363160133362,-0.41438454389572144,0.48037779331207275
16,0.011038077063858509,0.5885312557220459,0.4979678988456726,0.006122158840298653,0.35607582330703735,0.5689611434936523,-0.31485772132873535,0.21369773149490356,0.3351650834083557,-0.4908636510372162,-0.0895848274230957,0.2402694821357727,-0.2976734936237335,-0.03481079638004303,-0.05170315131545067,-0.287425696849823,-0.02634187415242195,0.1416250765323639,-0.3788915276527405,-0.27489611506462097,-0.010184367187321186,-0.4102513790130615,-0.5155365467071533,0.018607307225465775,-0.4304378032684326,-0.774747908115387,0.21593841910362244,-0.013865798711776733,0.007041433826088905,0.003019041381776333,-0.0289989672601223,-0.36163365840911865,-0.05598750710487366,-0.0856589823961258,-0.6322143077850342,0.1045679897069931,-0.16337880492210388,-0.912598729133606,0.3987691104412079,0.21385857462882996,0.045939840376377106,-0.020175766199827194,0.2436830997467041,-0.2850109934806824,0.03551005572080612,0.22285699844360352,-0.4557959735393524,0.29024073481559753,0.18169593811035156,-0.6761652827262878,0.5504782199859619,0.48081737756729126,0.14265505969524384,-0.027665674686431885,0.47285979986190796,-0.24373015761375427,0.06428954750299454,0.44968825578689575,-0.3922557234764099,0.2744237184524536,0.4089727997779846,-0.4301815629005432,0.4778869152069092
17,-0.0006567798554897308,0.5814692974090576,0.4802579879760742,0.002199172507971525,0.3778027892112732,0.5554203987121582,-0.32597002387046814,0.2491268664598465,0.3347521424293518,-0.5217246413230896,-0.050743937492370605,0.23845912516117096,-0.2910841405391693,-0.005290401168167591,-0.04237426444888115,-0.2842258810997009,-0.016588058322668076,0.14195041358470917,-0.38590314984321594,-0.2925749123096466,0.004523745272308588,-0.4133193790912628,-0.5269745588302612,0.02650316432118416,0.012143388390541077,-0.2039470672607422,0.3422242999076843,-0.012242043390870094,0.008095250464975834,0.0029307231307029724,-0.022365117445588112,-0.35615915060043335,-0.03928760811686516,-0.07832540571689606,-0.624685525894165,0.12033798545598984,-0.142545685172081,-0.898921012878418,0.39843910932540894,0.2140045017004013,0.041054293513298035,-0.020399101078510284,0.24563825130462646,-0.2843475639820099,0.04242035001516342,0.22569972276687622,-0.45577526092529297,0.3031632900238037,0.19480150938034058,-0.6670199632644653,0.5482726097106934,0.4759276509284973,0.13154596090316772,-0.02384752780199051,0.4689502418041229,-0.252459317445755,0.07759207487106323,0.4563943147659302,-0.39368000626564026,0.28057530522346497,0.4128696322441101,-0.43711015582084656,0.48270586133003235
18,-0.0032407501712441444,0.5682907104492188,0.39306026697158813,-0.015839220955967903,0.3987692594528198,0.5235281586647034,-0.3331068158149719,0.26654133200645447,0.3231465816497803,-0.5436162948608398,-0.004855338484048843,0.2229493409395218,-0.2763039767742157,-0.005103905685245991,-0.04306567460298538,-0.28666558861732483,-0.0013757473789155483,0.13942047953605652,-0.39375030994415283,-0.3049525320529938,0.001232476206496358,-0.4383748173713684,-0.5270498991012573,0.0331532284617424,0.2327854186296463,0.1043882668018341,0.4223393201828003,-0.014429083094000816,0.005819238256663084,0.00335745164193213,-0.020479224622249603,-0.36069396138191223,-0.019025566056370735,-0.07266943901777267,-0.6229854226112366,0.15424682199954987,-0.12805423140525818,-0.8888496160507202,0.4579346776008606,0.22285154461860657,0.03236109018325806,-0.0193464457988739,0.2544737160205841,-0.294090211391449,0.05309372395277023,0.2370733916759491,-0.4505566954612732,0.3246859312057495,0.20159536600112915,-0.6714882850646973,0.5628259181976318,0.4818318784236908,0.12062773108482361,-0.025797992944717407,0.4826993942260742,-0.26789239048957825,0.09708034992218018,0.47639966011047363,-0.38887667655944824,0.3005138337612152,0.42573022842407227,-0.42348170280456543,0.518668532371521
19,-0.01609058678150177,0.5182143449783325,0.2164938598871231,0.003639165312051773,0.43695881962776184,0.5342889428138733,-0.2891930937767029,0.26285332441329956,0.3579462766647339,-0.5436212420463562,0.035594530403614044,0.12599238753318787,-0.08538097143173218,0.1665722131729126,-0.16201190650463104,-0.2956680655479431,0.011671945452690125,0.15632322430610657,-0.45708027482032776,-0.3144790232181549,-0.021072283387184143,-0.4755229949951172,-0.5583702921867371,0.03368754684925079,-0.0914698988199234,-0.35143542289733887,0.2883758246898651,-0.01468984317034483,0.004190733190625906,0.006256216671317816,-0.03651461750268936,-0.41578155755996704,-0.018774859607219696,-0.056314483284950256,-0.6654855608940125,0.2299877107143402,-0.10153667628765106,-0.9037138223648071,0.5546057820320129,0.2562912702560425,0.01787007600069046,-0.021128211170434952,0.2625729441642761,-0.32536059617996216,0.02358177676796913,0.24114970862865448,-0.4769596755504608,0.3187081515789032,0.20156827569007874,-0.7405790090560913,0.6030794382095337,0.542664647102356,0.08972655981779099,-0.04367354139685631,0.5249497890472412,-0.3170393109321594,0.08178148418664932,0.5149002075195312,-0.4016106426715851,0.28413575887680054,0.4825701117515564,-0.4781859815120697,0.5073323249816895
20,-0.014634907245635986,0.5905950665473938,0.2544136345386505,-0.00019862107001245022,0.42102348804473877,0.5547875165939331,-0.2983053922653198,0.25563883781433105,0.3521479666233063,-0.562683641910553,0.11183388531208038,0.146705761551857,-0.16976165771484375,0.11653409898281097,-0.09698061645030975,-0.29137659072875977,0.009590322151780128,0.15157626569271088,-0.4493587017059326,-0.3021647334098816,-0.01530472468584776,-0.44127708673477173,-0.5592057704925537,0.01952475681900978,-0.24796190857887268,-0.5616308450698853,0.22589802742004395,-0.01467171311378479,0.003948759753257036,0.005636769346892834,-0.03366423398256302,-0.41137248277664185,-0.0012506861239671707,-0.040110595524311066,-0.6472169160842896,0.2647641599178314,-0.0871163159608841,-0.8759908676147461,0.5555939674377441,0.24536897242069244,0.023107213899493217,-0.02269599586725235,0.25935661792755127,-0.3157370686531067,0.024863112717866898,0.23544833064079285,-0.4823775291442871,0.3105674088001251,0.19240650534629822,-0.7236717343330383,0.6220079064369202,0.5272884368896484,0.09057538211345673,-0.03912549093365669,0.5089585185050964,-0.3002732992172241,0.0888625904917717,0.5026508569717407,-0.38315489888191223,0.28263288736343384,0.4795691967010498,-0.4691578149795532,0.5006561875343323
21,-0.03063955530524254,0.5964131355285645,0.29587435722351074,-0.0012689274735748768,0.407500684261322,0.5706626772880554,-0.300674706697464,0.25507986545562744,0.3412185311317444,-0.5848866701126099,0.14906257390975952,0.1799348145723343,-0.2213262915611267,0.12266920506954193,-0.04303796961903572,-0.2942642271518707,0.011344444006681442,0.14889581501483917,-0.44955942034721375,-0.28961503505706787,-0.010370949283242226,-0.4406648278236389,-0.5600134134292603,0.02468562126159668,-0.3417404294013977,-0.6699793934822083,0.20922905206680298,-0.01396215707063675,0.004201297648251057,0.0050254701636731625,-0.036984726786613464,-0.39259225130081177,-0.021249357610940933,-0.051928769797086716,-0.64455246925354,0.20486052334308624,-0.08312682062387466,-0.8668348789215088,0.5581313967704773,0.23772871494293213,0.02854803204536438,-0.02244492806494236,0.2524721622467041,-0.3109244704246521,0.029854033142328262,0.22103336453437805,-0.48342031240463257,0.30614709854125977,0.17751449346542358,-0.732724130153656,0.5984100103378296,0.516244649887085,0.08926980197429657,-0.03941529616713524,0.49973419308662415,-0.2842300236225128,0.08856989443302155,0.49386972188949585,-0.39499127864837646,0.2843225300312042,0.4802514314651489,-0.4602578282356262,0.5164773464202881
22,-0.040827177464962006,0.599590539932251,0.32102668285369873,-0.005425494164228439,0.39881694316864014,0.5780458450317383,-0.3091408312320709,0.25176745653152466,0.33324241638183594,-0.5986620187759399,0.15619778633117676,0.20054414868354797,-0.25248217582702637,0.11799376457929611,-0.010290487669408321,-0.29586637020111084,0.012237435206770897,0.14723573625087738,-0.451008677482605,-0.28426438570022583,-0.005606664810329676,-0.44130390882492065,-0.5576789379119873,0.027989553287625313,-0.4014180302619934,-0.7279363870620728,0.2027559131383896,-0.01361631415784359,0.004241934511810541,0.004448740743100643,-0.03940736502408981,-0.3823049068450928,-0.028586186468601227,-0.05757231265306473,-0.6425654292106628,0.17761313915252686,-0.07952794432640076,-0.8616270422935486,0.564736008644104,0.2332366704940796,0.030012276023626328,-0.022070840001106262,0.2479604184627533,-0.3078656792640686,0.03329396992921829,0.22234994173049927,-0.502156138420105,0.2767879068851471,0.1673639863729477,-0.7399097681045532,0.582342267036438,0.5098512172698975,0.08871524035930634,-0.04174145311117172,0.49399247765541077,-0.27832096815109253,0.08491470664739609,0.4874737858772278,-0.4038514792919159,0.28317755460739136,0.4794313907623291,-0.4587078094482422,0.5223070383071899
23,-0.04415525496006012,0.6146752238273621,0.33758431673049927,-0.003880902659147978,0.40238797664642334,0.5679595470428467,-0.30633506178855896,0.2634671926498413,0.3658215403556824,-0.595915675163269,0.140458881855011,0.21074821054935455,-0.24983620643615723,0.09833433479070663,-0.0026353863067924976,-0.2976180911064148,0.014741619117558002,0.1471954584121704,-0.45257943868637085,-0.2866109013557434,0.0013325519394129515,-0.42970579862594604,-0.5472860336303711,0.04811565577983856,-0.4364679455757141,-0.7586835622787476,0.2102607786655426,-0.01371689885854721,0.004233012441545725,0.003728503594174981,-0.03682006523013115,-0.3779742121696472,-0.023557141423225403,-0.060075823217630386,-0.6427682638168335,0.17006176710128784,-0.0766930878162384,-0.8585905432701111,0.5809777975082397,0.23275959491729736,0.027384184300899506,-0.023164231330156326,0.2497585117816925,-0.30678877234458923,0.04169440269470215,0.21196284890174866,-0.49480196833610535,0.2940300703048706,0.16269472241401672,-0.7433847784996033,0.5809981822967529,0.5070793032646179,0.08231592178344727,-0.04097385331988335,0.4926503002643585,-0.28135737776756287,0.08740593492984772,0.4822354316711426,-0.4090026915073395,0.2904409170150757,0.4762951731681824,-0.4534064531326294,0.5331416726112366
24,-0.03158675134181976,0.5551576614379883,0.36626502871513367,0.0005116942338645458,0.4306381344795227,0.5427867770195007,-0.30264919996261597,0.2573944926261902,0.38750892877578735,-0.5985400080680847,0.10498209297657013,0.21827563643455505,-0.25530314445495605,0.07333210855722427,-0.01657153107225895,-0.29559972882270813,0.01202327013015747,0.13946682214736938,-0.4426560699939728,-0.29454660415649414,0.0005074373329989612,-0.42790356278419495,-0.5475946068763733,0.05121197924017906,-0.013347983360290527,-0.19675090909004211,0.3394927978515625,-0.013817302882671356,0.00342093245126307,0.003233244176954031,-0.022401388734579086,-0.37466081976890564,-0.014613758772611618,-0.06064605340361595,-0.6343088150024414,0.1857014000415802,-0.08586903661489487,-0.8669322729110718,0.5828415155410767,0.2325180470943451,0.02445312775671482,-0.02078334614634514,0.2545853555202484,-0.305498868227005,0.04705005884170532,0.21017888188362122,-0.4900168776512146,0.30470359325408936,0.1745036244392395,-0.7512384653091431,0.5850915312767029,0.5075982213020325,0.06937859207391739,-0.03608337789773941,0.49347391724586487,-0.2922542989253998,0.09240323305130005,0.4854550361633301,-0.4082813262939453,0.3009609580039978,0.4768718481063843,-0.4418795108795166,0.523634135723114
25,-0.03393354266881943,0.5346052050590515,0.40446552634239197,-0.004452053923159838,0.4279184341430664,0.5362438559532166,-0.31093376874923706,0.24906659126281738,0.3914068043231964,-0.5613187551498413,0.056290153414011,0.2571779489517212,-0.2225191593170166,0.12067200243473053,0.0005571125075221062,-0.2932485342025757,0.007057900540530682,0.14313313364982605,-0.4179025888442993,-0.3066965341567993,-0.008516968227922916,-0.43527951836586,-0.5463290810585022,0.06628008186817169,0.2337873876094818,0.11972545087337494,0.411409854888916,-0.014723511412739754,0.004644677508622408,0.004102532751858234,-0.021262384951114655,-0.3703608810901642,-0.016652574762701988,-0.065678671002388,-0.6307345628738403,0.18891620635986328,-0.08556055277585983,-0.8695234060287476,0.5475984811782837,0.22955968976020813,0.026197966188192368,-0.020682573318481445,0.2546222507953644,-0.303724080324173,0.05045165866613388,0.21058249473571777,-0.4828189015388489,0.3021894097328186,0.1884830892086029,-0.71864914894104,0.57920241355896,0.4968229830265045,0.09256155788898468,-0.035427115857601166,0.48674869537353516,-0.2918020486831665,0.09609062969684601,0.48508453369140625,-0.4089992642402649,0.29909563064575195,0.47876179218292236,-0.4495033621788025,0.5039291381835938
26,-0.005558931268751621,0.5868389010429382,0.43851998448371887,-0.02119213342666626,0.4047698974609375,0.558346688747406,-0.32888075709342957,0.2524266242980957,0.3690785765647888,-0.5249800682067871,0.0006896965205669403,0.2878980040550232,-0.21059224009513855,0.07648153603076935,-0.08366192877292633,-0.2928850054740906,-0.005255701020359993,0.14810097217559814,-0.3942551612854004,-0.30137521028518677,-0.0013179148081690073,-0.4196615219116211,-0.5276298522949219,0.06183698773384094,-0.05819639563560486,-0.29697385430336,0.3528878092765808,-0.014572853222489357,0.0049814218655228615,0.002863652305677533,-0.0285464096814394,-0.36353790760040283,-0.014451591297984123,-0.05919281765818596,-0.5955448150634766,0.2095310240983963,-0.10156957805156708,-0.8590458035469055,0.559110164642334,0.22281414270401,0.03638824075460434,-0.019923560321331024,0.25545817613601685,-0.29697126150131226,0.047255225479602814,0.2170746624469757,-0.4639384150505066,0.30105701088905334,0.1925269365310669,-0.695015549659729,0.6030501127243042,0.4909955859184265,0.10631150007247925,-0.0401841402053833,0.48216384649276733,-0.27593180537223816,0.10089052468538284,0.4778960347175598,-0.40645602345466614,0.2829233705997467,0.45435309410095215,-0.4518275856971741,0.49440085887908936
27,-0.003892531618475914,0.5976056456565857,0.44385606050491333,-0.03041120059788227,0.39048224687576294,0.5540719032287598,-0.3353373408317566,0.2819083631038666,0.32013654708862305,-0.5090317726135254,-0.05380021408200264,0.28518837690353394,-0.25535550713539124,0.046252261847257614,-0.09122373163700104,-0.28852397203445435,-0.009120493195950985,0.14124518632888794,-0.39692577719688416,-0.28199610114097595,0.014388182200491428,-0.43165355920791626,-0.5201287269592285,0.07192322611808777,-0.23200416564941406,-0.4828779697418213,0.32997262477874756,-0.015447300858795643,0.004659564699977636,0.002083838451653719,-0.02022511698305607,-0.3504669666290283,0.006780264899134636,-0.072713702917099,-0.5772965550422668,0.23871372640132904,-0.13280001282691956,-0.8348881006240845,0.5850651264190674,0.22012192010879517,0.0322398878633976,-0.015475064516067505,0.2503804862499237,-0.2923603355884552,0.05875368416309357,0.23062382638454437,-0.4418697953224182,0.32095351815223694,0.1920776665210724,-0.6552941203117371,0.609706699848175,0.48114266991615295,0.11594812572002411,-0.03301548957824707,0.47260409593582153,-0.27633237838745117,0.11988558620214462,0.46229150891304016,-0.38913506269454956,0.299063503742218,0.43658941984176636,-0.43102991580963135,0.5056428909301758
28,-0.003880342235788703,0.5851956009864807,0.4612101912498474,-0.03687039762735367,0.37010642886161804,0.5578416585922241,-0.3436708450317383,0.2866411805152893,0.29652082920074463,-0.5057656168937683,-0.09528429806232452,0.26563170552253723,-0.23002320528030396,0.020411211997270584,-0.10368841886520386,-0.28853487968444824,-0.01993752270936966,0.13548019528388977,-0.39531242847442627,-0.2787877321243286,0.006219758652150631,-0.43989166617393494,-0.5132074356079102,0.06995054334402084,-0.31938719749450684,-0.592736005783081,0.32440680265426636,-0.013749406673014164,0.006096642464399338,0.0027873418293893337,-0.020104121416807175,-0.3477657437324524,-0.004922197666019201,-0.08345670998096466,-0.5681895017623901,0.23486146330833435,-0.15123702585697174,-0.8211220502853394,0.5835577249526978,0.2171420305967331,0.03647898882627487,-0.011817545630037785,0.24652886390686035,-0.2888810634613037,0.058747973293066025,0.2355177253484726,-0.4321758449077606,0.32040953636169434,0.19031751155853271,-0.6413835287094116,0.6067959666252136,0.4781915247440338,0.12916989624500275,-0.025734834372997284,0.46881622076034546,-0.28015050292015076,0.12181246280670166,0.4537160396575928,-0.382321298122406,0.3037368655204773,0.4254658818244934,-0.42207998037338257,0.5073579549789429
29,-0.012387377209961414,0.5652530193328857,0.5032819509506226,-0.045889515429735184,0.35407620668411255,0.571418046951294,-0.35227882862091064,0.2765679359436035,0.2865714430809021,-0.4646747410297394,-0.09323753416538239,0.2537407875061035,-0.17913827300071716,0.02306574583053589,-0.14495208859443665,-0.2826860249042511,-0.020783640444278717,0.13678498566150665,-0.38432589173316956,-0.28394854068756104,-0.012787776999175549,-0.42321881651878357,-0.5073930025100708,0.06997755169868469,-0.3816985487937927,-0.6229908466339111,0.2880331575870514,-0.01638939045369625,0.005375757347792387,0.0032486028503626585,-0.02756592631340027,-0.34663110971450806,-0.01846981793642044,-0.08492936939001083,-0.5500441193580627,0.22850501537322998,-0.15108777582645416,-0.8121981620788574,0.5189870595932007,0.21535827219486237,0.03941156715154648,-0.009635481983423233,0.24150049686431885,-0.2822535037994385,0.05228431895375252,0.23409545421600342,-0.4210686683654785,0.3234924077987671,0.17187729477882385,-0.6130643486976624,0.6143317818641663,0.4690103530883789,0.14967921376228333,-0.008721727877855301,0.46101534366607666,-0.27447089552879333,0.11605995893478394,0.4383293092250824,-0.37931323051452637,0.2920980453491211,0.41776394844055176,-0.4238239526748657,0.48711705207824707
30,-0.011287184432148933,0.5506076812744141,0.5199042558670044,-0.04487258195877075,0.3449976444244385,0.5742249488830566,-0.3603677451610565,0.2528139054775238,0.28251564502716064,-0.45874643325805664,-0.0839926153421402,0.24946238100528717,-0.1626114547252655,0.02353062480688095,-0.16708657145500183,-0.2822917103767395,-0.022380396723747253,0.13528254628181458,-0.37750017642974854,-0.2900303304195404,-0.023347390815615654,-0.41883963346481323,-0.5089238882064819,0.06931428611278534,-0.43141862750053406,-0.6481841802597046,0.2761555314064026,-0.01837768964469433,0.0048285252414643764,0.0037964829243719578,-0.03528488799929619,-0.35052022337913513,-0.03038826957345009,-0.0982913225889206,-0.5480850338935852,0.22687263786792755,-0.15774859488010406,-0.824593186378479,0.479220449924469,0.2147960364818573,0.03838463872671127,-0.009742937982082367,0.23787325620651245,-0.28158843517303467,0.05481754243373871,0.23204076290130615,-0.4158174991607666,0.3405909836292267,0.19234609603881836,-0.6170922517776489,0.6048833131790161,0.47012296319007874,0.15902328491210938,-0.00222286069765687,0.46067917346954346,-0.27564090490341187,0.12537476420402527,0.4315720200538635,-0.37803852558135986,0.30160993337631226,0.418057918548584,-0.3806101977825165,0.5108411312103271
31,0.004091118928045034,0.5855911374092102,0.5308159589767456,-0.031039655208587646,0.34183469414711,0.5748273134231567,-0.35629552602767944,0.24174171686172485,0.2998272180557251,-0.42905378341674805,-0.08545171469449997,0.24984778463840485,-0.1360563039779663,0.01731838472187519,-0.18531844019889832,-0.28070127964019775,-0.02166825532913208,0.1374848186969757,-0.37715375423431396,-0.2889620065689087,-0.015607939101755619,-0.41859930753707886,-0.5093376636505127,0.08188137412071228,-0.4504510164260864,-0.6587134599685669,0.27311766147613525,-0.018772434443235397,0.004571361001580954,0.0036530718207359314,-0.03471142053604126,-0.35034310817718506,-0.016127418726682663,-0.09297876060009003,-0.5416423678398132,0.21979518234729767,-0.1658819019794464,-0.8125544786453247,0.4876050055027008,0.2156708985567093,0.03557417541742325,-0.011257652193307877,0.23383799195289612,-0.27964287996292114,0.06019018590450287,0.22962048649787903,-0.41636160016059875,0.33578765392303467,0.17288900911808014,-0.6145410537719727,0.6106342077255249,0.46433866024017334,0.16850975155830383,-0.0031247413717210293,0.45255720615386963,-0.2715443968772888,0.11554791033267975,0.42821747064590454,-0.36208224296569824,0.2980838119983673,0.4255588948726654,-0.3861250579357147,0.4926818013191223
32,0.010173911228775978,0.6550662517547607,0.500088095664978,-0.018729889765381813,0.3529861271381378,0.5727719068527222,-0.3495856523513794,0.22380533814430237,0.3318387269973755,-0.40822646021842957,-0.10679057240486145,0.2466825544834137,-0.16200397908687592,-0.004724670201539993,-0.18364980816841125,-0.2849857211112976,-0.024129904806613922,0.14115092158317566,-0.3892606198787689,-0.2785716652870178,-0.016647756099700928,-0.4171965718269348,-0.5057601928710938,0.06668320298194885,-0.42066431045532227,-0.707910418510437,0.2746937870979309,-0.018942177295684814,0.0041286093182861805,0.003916305489838123,-0.04368031769990921,-0.355873167514801,-0.03737664967775345,-0.09147057682275772,-0.5546402931213379,0.2062327265739441,-0.04677144065499306,-0.7757174968719482,0.5624024868011475,0.21742215752601624,0.04243450611829758,-0.01446602400392294,0.23005209863185883,-0.284595251083374,0.030797235667705536,0.21561285853385925,-0.42587006092071533,0.3078162372112274,0.15785172581672668,-0.5944456458091736,0.6080893874168396,0.4724935293197632,0.15752024948596954,-0.014807715080678463,0.4497601389884949,-0.24407503008842468,0.10247425734996796,0.42492085695266724,-0.36337584257125854,0.2782997190952301,0.4230820834636688,-0.37343525886535645,0.486924946308136
33,-0.014187190681695938,0.6002402901649475,0.531976580619812,-0.00393905583769083,0.34774643182754517,0.5883848667144775,-0.3406607508659363,0.21585339307785034,0.34965425729751587,-0.3856889307498932,-0.11753563582897186,0.25251466035842896,-0.0631876140832901,0.03638804703950882,-0.1820029318332672,-0.28490209579467773,-0.02978426218032837,0.14564105868339539,-0.391611248254776,-0.27437901496887207,-0.01833331771194935,-0.41238367557525635,-0.5084004998207092,0.05021721124649048,-0.4095049202442169,-0.7417648434638977,0.2754485011100769,-0.019245203584432602,0.004173514898866415,0.004255499225109816,-0.046874240040779114,-0.3573133945465088,-0.06039804965257645,-0.09102796018123627,-0.5649234056472778,0.1831655651330948,0.024313954636454582,-0.7526997327804565,0.5968226790428162,0.21816623210906982,0.04822663217782974,-0.01743641309440136,0.23078079521656036,-0.284809947013855,0.011148901656270027,0.21247676014900208,-0.42900529503822327,0.29378610849380493,0.15609222650527954,-0.580722451210022,0.607196569442749,0.47663944959640503,0.1613065004348755,-0.022763803601264954,0.45039886236190796,-0.21971005201339722,0.08729410171508789,0.428055077791214,-0.3629056215286255,0.2597629427909851,0.42760923504829407,-0.367867112159729,0.47762531042099
34,-0.0318886861205101,0.5689156651496887,0.5584729909896851,-0.009481094777584076,0.3317699432373047,0.6022544503211975,-0.3163791298866272,0.2455366849899292,0.37209194898605347,-0.39623773097991943,-0.1257151961326599,0.25806885957717896,-0.1469641774892807,0.050770945847034454,-0.14791056513786316,-0.283337265253067,-0.027171429246664047,0.14846006035804749,-0.39716625213623047,-0.2835565209388733,-0.022464539855718613,-0.42773905396461487,-0.5150241851806641,0.05020204186439514,-0.411724716424942,-0.7490820288658142,0.2069159299135208,-0.017535166814923286,0.003972163423895836,0.004218746908009052,-0.03636263683438301,-0.3584594130516052,-0.05841467157006264,-0.0638653114438057,-0.5550589561462402,0.18512265384197235,-0.051116883754730225,-0.8033193945884705,0.5804615616798401,0.2212425023317337,0.04404148831963539,-0.01663563773036003,0.2382957935333252,-0.2854764461517334,0.02130344696342945,0.24030211567878723,-0.42575597763061523,0.30375733971595764,0.17109869420528412,-0.5888068675994873,0.6230610609054565,0.4879739582538605,0.15090934932231903,-0.01974567025899887,0.46006375551223755,-0.23003914952278137,0.07866153120994568,0.43765944242477417,-0.3756871819496155,0.26438724994659424,0.4342971444129944,-0.3879531919956207,0.48305898904800415
35,-0.039231494069099426,0.5405521392822266,0.5773545503616333,-0.010036617517471313,0.3192726969718933,0.6102972030639648,-0.30195432901382446,0.26196765899658203,0.3790019154548645,-0.39563876390457153,-0.13680234551429749,0.2543628513813019,-0.18324771523475647,0.06491781026124954,-0.14437469840049744,-0.2824840247631073,-0.028320712968707085,0.1503692865371704,-0.40243613719940186,-0.28651708364486694,-0.02960295043885708,-0.4355407655239105,-0.5202468037605286,0.04322638362646103,-0.42211055755615234,-0.7543585300445557,0.17387071251869202,-0.016735319048166275,0.0038077733479440212,0.004364510998129845,-0.03084968775510788,-0.3587915301322937,-0.06817705929279327,-0.0480341799557209,-0.5519188046455383,0.17512957751750946,-0.11548957973718643,-0.8332247734069824,0.5601248741149902,0.2221551537513733,0.04319356754422188,-0.0159338116645813,0.24212506413459778,-0.28578490018844604,0.026555292308330536,0.22139118611812592,-0.4313318133354187,0.3114430904388428,0.17917296290397644,-0.5957777500152588,0.6297531127929688,0.494808554649353,0.1511223018169403,-0.017300259321928024,0.4668391942977905,-0.2372438609600067,0.07737131416797638,0.44666850566864014,-0.3848288059234619,0.2675006091594696,0.44223856925964355,-0.39784836769104004,0.48846614360809326
36,-0.04282435402274132,0.5348290205001831,0.5875173211097717,-0.006350599694997072,0.3157975971698761,0.6164107322692871,-0.2982025146484375,0.24911640584468842,0.3808234930038452,-0.4047566056251526,-0.15897119045257568,0.2791275382041931,-0.20117491483688354,0.0825808197259903,-0.1400698870420456,-0.28069090843200684,-0.036399584263563156,0.15326042473316193,-0.3955262005329132,-0.28334078192710876,-0.03674064576625824,-0.42759352922439575,-0.5281772613525391,0.013037264347076416,-0.4272712469100952,-0.7555907964706421,0.1534470021724701,-0.016920093446969986,0.004075599368661642,0.004504470154643059,-0.027696669101715088,-0.35453882813453674,-0.07720213383436203,-0.037275154143571854,-0.549877941608429,0.14982667565345764,0.0035408809781074524,-0.8227156400680542,0.5732354521751404,0.21943345665931702,0.04934071749448776,-0.018031250685453415,0.24385854601860046,-0.2833004593849182,0.025812003761529922,0.21409302949905396,-0.44252169132232666,0.30072087049484253,0.1832258403301239,-0.6322126984596252,0.6006820201873779,0.49164289236068726,0.1729450672864914,-0.017856191843748093,0.4673624634742737,-0.22996005415916443,0.06322632730007172,0.4537290632724762,-0.388164222240448,0.2601814866065979,0.44787395000457764,-0.40156543254852295,0.4815039038658142
37,-0.04681190848350525,0.5288419723510742,0.5995372533798218,0.0008209068328142166,0.3075069785118103,0.6259084939956665,-0.2892265021800995,0.23310986161231995,0.38559991121292114,-0.39340758323669434,-0.17572009563446045,0.29484397172927856,-0.2103172242641449,0.10407891869544983,-0.1335374116897583,-0.2803972363471985,-0.04155606031417847,0.15467184782028198,-0.39596009254455566,-0.2789408266544342,-0.039212629199028015,-0.42619699239730835,-0.5327585339546204,-0.007065230049192905,-0.4311901032924652,-0.7566688656806946,0.12906144559383392,-0.017128318548202515,0.004234421998262405,0.004817965440452099,-0.024203363806009293,-0.35232678055763245,-0.08379855751991272,-0.06395374238491058,-0.5836033225059509,0.10536805540323257,0.06404121220111847,-0.8223836421966553,0.5741407871246338,0.21839639544487,0.05481342226266861,-0.019548308104276657,0.24725280702114105,-0.28250113129615784,0.019779976457357407,0.21027836203575134,-0.453605592250824,0.28917908668518066,0.18531319499015808,-0.6609673500061035,0.5846489667892456,0.48948240280151367,0.18959933519363403,-0.017770858481526375,0.4698641300201416,-0.22446724772453308,0.048524100333452225,0.4641129970550537,-0.39058899879455566,0.2484508901834488,0.45759761333465576,-0.4048512578010559,0.47202035784721375
38,-0.04071628302335739,0.5358268022537231,0.5950815081596375,0.00877048447728157,0.31968218088150024,0.6142703294754028,-0.28295812010765076,0.25344520807266235,0.3857460618019104,-0.3880073130130768,-0.17284944653511047,0.3171897530555725,-0.18015004694461823,0.12861503660678864,-0.1455579251050949,-0.2792958617210388,-0.04580724984407425,0.15758413076400757,-0.3877873420715332,-0.28049153089523315,-0.0377105288207531,-0.4188901484012604,-0.5403270721435547,-0.018563270568847656,-0.43367740511894226,-0.7642612457275391,0.11126437783241272,-0.01601726934313774,0.004012636840343475,0.0036899358965456486,-0.025742540135979652,-0.35682934522628784,-0.09343897551298141,-0.07123864442110062,-0.6034396886825562,0.08012372255325317,0.0913512110710144,-0.8131213188171387,0.5734845995903015,0.21715503931045532,0.06073039770126343,-0.023559261113405228,0.2512081563472748,-0.28271907567977905,0.0212845616042614,0.21916326880455017,-0.4554795026779175,0.28593093156814575,0.19137543439865112,-0.664496660232544,0.5790225267410278,0.48682117462158203,0.19710832834243774,-0.022913578897714615,0.4727519750595093,-0.2147083580493927,0.04204932600259781,0.47272831201553345,-0.3835020363330841,0.24054987728595734,0.470924437046051,-0.398351788520813,0.463412880897522
39,-0.03783196955919266,0.5372734665870667,0.5745881795883179,0.014735942706465721,0.32323601841926575,0.6111642122268677,-0.28153789043426514,0.25408124923706055,0.38782498240470886,-0.38621342182159424,-0.1716572344303131,0.3145800232887268,-0.17812366783618927,0.13892534375190735,-0.15069636702537537,-0.28135401010513306,-0.04942253232002258,0.15528175234794617,-0.38811826705932617,-0.27542951703071594,-0.04039947688579559,-0.41664692759513855,-0.5417839884757996,-0.02506566420197487,-0.43663835525512695,-0.7661819458007812,0.09664341062307358,-0.015495898202061653,0.004000989720225334,0.003161807544529438,-0.014828074723482132,-0.3525349497795105,-0.09219735860824585,-0.07534606754779816,-0.6136773824691772,0.0649922788143158,0.10203640162944794,-0.8140480518341064,0.5737521648406982,0.21610748767852783,0.06478136032819748,-0.02179115079343319,0.2501535415649414,-0.2824001610279083,0.023221159353852272,0.22049473226070404,-0.45833495259284973,0.28468015789985657,0.18755397200584412,-0.6767501831054688,0.580249547958374,0.4812825322151184,0.20463424921035767,-0.018756818026304245,0.47346580028533936,-0.21278654038906097,0.049160562455654144,0.4753592014312744,-0.38453689217567444,0.24266454577445984,0.45607614517211914,-0.4168492257595062,0.45343756675720215
40,-0.034381769597530365,0.5290980339050293,0.5512664914131165,0.017225801944732666,0.3242318034172058,0.6068519353866577,-0.28808367252349854,0.23599839210510254,0.3838600516319275,-0.38820916414260864,-0.16051837801933289,0.3126918077468872,-0.23837041854858398,0.061969734728336334,-0.04268774390220642,-0.28280723094940186,-0.05081664025783539,0.15248027443885803,-0.38387513160705566,-0.27848556637763977,-0.0347224660217762,-0.4106246829032898,-0.5495501756668091,-0.012045050039887428,-0.4259985387325287,-0.7937307357788086,0.1332356035709381,-0.015179473906755447,0.0047122579999268055,0.0027484488673508167,-0.018101783469319344,-0.35674262046813965,-0.0853312611579895,-0.07510095834732056,-0.6254063248634338,0.057756341993808746,0.0038855671882629395,-0.8556400537490845,0.46859145164489746,0.21513375639915466,0.05933506041765213,-0.022853055968880653,0.25233620405197144,-0.2835823595523834,0.024681802839040756,0.22691816091537476,-0.4592496156692505,0.2814813256263733,0.18932801485061646,-0.7278164625167847,0.5270810127258301,0.4760592579841614,0.1986766755580902,-0.015963200479745865,0.4723336696624756,-0.2163710594177246,0.06489908695220947,0.47843581438064575,-0.3884772062301636,0.2423216700553894,0.4491305351257324,-0.42858490347862244,0.44938886165618896
41,-0.08364945650100708,0.45904380083084106,0.5636738538742065,0.035066090524196625,0.3208138942718506,0.6192364692687988,-0.25707364082336426,0.23739729821681976,0.39148545265197754,-0.3650141656398773,-0.1792125105857849,0.32969504594802856,-0.2560277581214905,0.02543710544705391,0.00847695767879486,-0.2818787395954132,-0.06599465012550354,0.1564408242702484,-0.38580793142318726,-0.2814600169658661,-0.04509508237242699,-0.41535642743110657,-0.5626767873764038,-0.02549774944782257,-0.4149635434150696,-0.810465931892395,0.14573204517364502,-0.01604222133755684,0.005457259714603424,0.0035313197877258062,-0.019812293350696564,-0.3569977283477783,-0.09756196290254593,-0.07262922078371048,-0.6300177574157715,0.026563556864857674,-0.04434927552938461,-0.8893718719482422,0.38316622376441956,0.2137528657913208,0.06640233099460602,-0.024652736261487007,0.250802218914032,-0.2781158685684204,0.0089257238432765,0.23358263075351715,-0.4483022093772888,0.2734885513782501,0.18692052364349365,-0.7422510981559753,0.49971458315849304,0.46463489532470703,0.21315047144889832,-0.014357103034853935,0.46744975447654724,-0.21145901083946228,0.040798068046569824,0.4807014763355255,-0.3805260956287384,0.22891342639923096,0.44581666588783264,-0.4179961681365967,0.44526317715644836
42,-0.11074276268482208,0.41266995668411255,0.5809997320175171,0.05369109660387039,0.3068128824234009,0.6276326179504395,-0.21961389482021332,0.20761524140834808,0.3987176716327667,-0.344093382358551,-0.19989238679409027,0.3208175003528595,-0.24722228944301605,-0.0036744680255651474,0.010008271783590317,-0.27920001745224,-0.07916097342967987,0.15813881158828735,-0.38161778450012207,-0.27744588255882263,-0.056349582970142365,-0.4089381694793701,-0.5683419704437256,-0.04877273738384247,-0.40426838397979736,-0.8152603507041931,0.11944309622049332,-0.02196882851421833,0.005813819356262684,0.0033731567673385143,-0.023392286151647568,-0.35581016540527344,-0.11567232757806778,-0.06726760417222977,-0.6283258199691772,-0.005131197161972523,-0.07707690447568893,-0.9187498092651367,0.2875620722770691,0.21104061603546143,0.0770299881696701,-0.02544105052947998,0.2453153133392334,-0.27157512307167053,-0.006475900765508413,0.2190057933330536,-0.457214891910553,0.22100472450256348,0.18254107236862183,-0.7608741521835327,0.46337777376174927,0.44790583848953247,0.2315073311328888,-0.012258759699761868,0.46087411046028137,-0.19796381890773773,0.014253462664783001,0.48126035928726196,-0.36953821778297424,0.20444685220718384,0.44668737053871155,-0.4051133990287781,0.4233902096748352
43,-0.09763477742671967,0.4164813160896301,0.6019560694694519,0.06622965633869171,0.3159812092781067,0.6340047121047974,-0.1489843726158142,0.18635788559913635,0.3970022201538086,-0.320294588804245,-0.1854678839445114,0.31336867809295654,-0.293209433555603,-0.28121381998062134,0.20640332996845245,-0.27689701318740845,-0.11957930028438568,0.1617395430803299,-0.3785356283187866,-0.3200504779815674,-0.07013706117868423,-0.3917040228843689,-0.5740588903427124,-0.11691410839557648,-0.39959484338760376,-0.8225394487380981,0.0264483243227005,-0.024146074429154396,0.005217965692281723,0.004454188048839569,-0.035813428461551666,-0.359007328748703,-0.15266959369182587,-0.05824138596653938,-0.6339123249053955,-0.07553767412900925,-0.018590649589896202,-0.8013824224472046,0.1999252736568451,0.20917247235774994,0.08396986126899719,-0.028907764703035355,0.2371131330728531,-0.27001217007637024,-0.05064816400408745,0.21784833073616028,-0.47671860456466675,0.14899329841136932,0.1931944191455841,-0.7938899397850037,0.35018274188041687,0.4361961781978607,0.2611452341079712,-0.01270517148077488,0.44881001114845276,-0.1542857587337494,-0.06588752567768097,0.47724151611328125,-0.36454787850379944,0.12459677457809448,0.47631052136421204,-0.4473291039466858,0.3447500169277191
44,-0.08880631625652313,0.4377308487892151,0.6247721910476685,0.07031156122684479,0.3171690106391907,0.6508103013038635,-0.07000169903039932,0.14430342614650726,0.3983127474784851,-0.26241958141326904,-0.16752681136131287,0.3099021017551422,-0.17498208582401276,-0.02869771420955658,0.027222663164138794,-0.26774686574935913,-0.1628684401512146,0.17217077314853668,-0.38316625356674194,-0.31623679399490356,-0.08555015921592712,-0.4063831567764282,-0.5749229192733765,-0.159046471118927,-0.4003632962703705,-0.8256044387817383,-0.05852978676557541,-0.024478396400809288,0.0044262222945690155,0.006211072206497192,-0.050553686916828156,-0.3622422516345978,-0.1800662875175476,-0.05755052715539932,-0.6369991302490234,-0.1449328362941742,0.01838359609246254,-0.7313013672828674,0.09620561450719833,0.19857096672058105,0.0991223156452179,-0.04344618692994118,0.22823508083820343,-0.27196452021598816,-0.09283456206321716,0.21713142096996307,-0.4812541902065277,0.08268098533153534,0.1949915885925293,-0.8192562460899353,0.21274788677692413,0.38739633560180664,0.2711896300315857,0.015490547753870487,0.439775288105011,-0.1149192675948143,-0.12679091095924377,0.48762819170951843,-0.3368588387966156,0.05857625603675842,0.4964413046836853,-0.45690497756004333,0.29728102684020996
45,-0.10174229741096497,0.40161633491516113,0.6239246129989624,0.07272902876138687,0.3108493685722351,0.6605044603347778,-0.04380125552415848,0.11442047357559204,0.3987329602241516,-0.2680693566799164,-0.1229754090309143,0.2464219182729721,-0.13234218955039978,0.04666035249829292,-0.03429984673857689,-0.2846273183822632,-0.1849740892648697,0.1742168366909027,-0.37926045060157776,-0.3168240785598755,-0.0947851836681366,-0.4168250560760498,-0.5753564834594727,-0.17497006058692932,-0.38760825991630554,-0.842851996421814,-0.09951081871986389,-0.029317814856767654,0.004333493299782276,0.005607261322438717,-0.059889644384384155,-0.36597156524658203,-0.19617097079753876,-0.06635411828756332,-0.6445212364196777,-0.18681775033473969,-0.038148682564496994,-0.8623851537704468,-0.008810281753540039,0.1995772421360016,0.10274133086204529,-0.04268546774983406,0.22694987058639526,-0.2725641131401062,-0.1131012886762619,0.21687906980514526,-0.4902961850166321,0.04810982197523117,0.18786269426345825,-0.854960024356842,0.15530577301979065,0.369620144367218,0.2721136212348938,0.02950495108962059,0.44260740280151367,-0.10822157561779022,-0.14056351780891418,0.4958646297454834,-0.32805901765823364,0.03522247076034546,0.4827902317047119,-0.501761794090271,0.29170501232147217
46,-0.10337822884321213,0.5034662485122681,0.6083647012710571,0.0881006121635437,0.2887992858886719,0.6654049754142761,-0.06372785568237305,0.09587512910366058,0.3874301016330719,-0.23356002569198608,-0.19314591586589813,0.23286959528923035,-0.057800013571977615,0.10436762869358063,-0.07227247953414917,-0.26917412877082825,-0.16273346543312073,0.17794783413410187,-0.39349257946014404,-0.3249374032020569,-0.09098421037197113,-0.424859881401062,-0.5706042051315308,-0.1793227195739746,-0.4025968909263611,-0.8447988033294678,-0.15159893035888672,-0.03480185568332672,0.0037185531109571457,0.005770416930317879,-0.06804431974887848,-0.37068164348602295,-0.20497286319732666,-0.0737408995628357,-0.648245096206665,-0.2071596384048462,-0.06975732743740082,-0.9240134954452515,-0.044218312948942184,0.20229175686836243,0.10230697691440582,-0.044556714594364166,0.21970978379249573,-0.27605152130126953,-0.139815092086792,0.2063572108745575,-0.5097254514694214,-0.01422528363764286,0.1935226321220398,-0.8586142659187317,0.11825205385684967,0.3747350573539734,0.25317949056625366,0.03806352615356445,0.44256120920181274,-0.10536862909793854,-0.15767362713813782,0.47597697377204895,-0.33341673016548157,-0.00020051375031471252,0.45637762546539307,-0.544405460357666,0.2476559281349182
47,-0.11623099446296692,0.5420913696289062,0.6203151941299438,0.09842607378959656,0.27753138542175293,0.6798413395881653,-0.07887241244316101,0.08692530542612076,0.3836921453475952,-0.1990048587322235,-0.23227396607398987,0.23136784136295319,-0.09977826476097107,0.05132114142179489,-0.1573983132839203,-0.2648336887359619,-0.15444041788578033,0.17969948053359985,-0.4050803780555725,-0.3288896977901459,-0.09368351101875305,-0.4244554042816162,-0.5718710422515869,-0.18578045070171356,-0.40339481830596924,-0.8520512580871582,-0.18954047560691833,-0.04340368136763573,0.0025995182804763317,0.005050363950431347,-0.0692954808473587,-0.3753569722175598,-0.214044451713562,-0.07463936507701874,-0.653872013092041,-0.21406152844429016,-0.11347846686840057,-0.9531509876251221,-0.09125538915395737,0.20658741891384125,0.10004797577857971,-0.043391548097133636,0.20957216620445251,-0.2719101905822754,-0.1708609163761139,0.1997397392988205,-0.5255868434906006,-0.05831094831228256,0.18985360860824585,-0.862327516078949,0.07204920798540115,0.3752691149711609,0.25434190034866333,0.04929836094379425,0.44248706102371216,-0.08465048670768738,-0.18329662084579468,0.47312623262405396,-0.33233755826950073,-0.03731267526745796,0.4687717854976654,-0.5852245092391968,0.21693405508995056
48,-0.11872037500143051,0.5639491677284241,0.6338390111923218,0.10043160617351532,0.27333688735961914,0.6819300651550293,-0.07192845642566681,0.07123059034347534,0.38770654797554016,-0.19138912856578827,-0.24930542707443237,0.2323717623949051,-0.022067982703447342,0.14540919661521912,-0.1372944861650467,-0.27657708525657654,-0.15648293495178223,0.1797766238451004,-0.41096413135528564,-0.32302379608154297,-0.09854668378829956,-0.42276155948638916,-0.5713321566581726,-0.19979315996170044,-0.4083068370819092,-0.8469061851501465,-0.20063060522079468,-0.048593588173389435,0.0009788860334083438,0.004691472742706537,-0.07078316807746887,-0.37618109583854675,-0.22317816317081451,-0.07521442323923111,-0.6494684815406799,-0.21393021941184998,-0.13403090834617615,-0.9836339950561523,-0.13278284668922424,0.20908412337303162,0.10269278287887573,-0.04260154068470001,0.2014462798833847,-0.2664572298526764,-0.18548648059368134,0.2001320719718933,-0.5307799577713013,-0.065475694835186,0.1536097377538681,-0.9207595586776733,0.067768394947052,0.37238526344299316,0.26176759600639343,0.06216412037611008,0.44200706481933594,-0.07137694209814072,-0.19888636469841003,0.47708097100257874,-0.3297770023345947,-0.05268658697605133,0.48174405097961426,-0.5963733792304993,0.20531229674816132
49,-0.14017930626869202,0.4752083122730255,0.6272063851356506,0.08888696879148483,0.28772711753845215,0.66664719581604,-0.10446029901504517,0.09177108108997345,0.3850317597389221,-0.18524563312530518,-0.23523181676864624,0.2374178171157837,0.005089502781629562,0.2225259691476822,-0.07551935315132141,-0.28470659255981445,-0.14370930194854736,0.17770648002624512,-0.4099808931350708,-0.3247370719909668,-0.09462407231330872,-0.42290276288986206,-0.5761175751686096,-0.190238356590271,-0.41223809123039246,-0.8543264865875244,-0.18764318525791168,-0.038301821798086166,0.0025560585781931877,0.005895053036510944,-0.06292422115802765,-0.37955033779144287,-0.2155551016330719,-0.04421950876712799,-0.6549701690673828,-0.16759328544139862,-0.12283791601657867,-0.9984211921691895,-0.10178299248218536,0.2118368297815323,0.09199615567922592,-0.039082836359739304,0.21210920810699463,-0.27399271726608276,-0.1626303493976593,0.19584247469902039,-0.5295166969299316,-0.052095841616392136,0.1720050573348999,-0.9012914299964905,0.09936797618865967,0.42172980308532715,0.2580273151397705,0.038841139525175095,0.44849807024002075,-0.08325811475515366,-0.17347416281700134,0.46728235483169556,-0.32406193017959595,-0.025379028171300888,0.45217663049697876,-0.5824213027954102,0.2286619246006012
50,-0.15081077814102173,0.4567534327507019,0.6140871047973633,0.08292430639266968,0.300752192735672,0.6635526418685913,-0.1288004219532013,0.10871712863445282,0.380118191242218,-0.26637715101242065,-0.2406204342842102,0.28050196170806885,0.027661671862006187,0.2528964877128601,-0.08187903463840485,-0.29078102111816406,-0.13801661133766174,0.17678995430469513,-0.4093095064163208,-0.3233271837234497,-0.09213176369667053,-0.42469388246536255,-0.5776335000991821,-0.18326282501220703,-0.4112493395805359,-0.8650566339492798,-0.1879209280014038,-0.03357056528329849,0.0036815437488257885,0.006133781746029854,-0.054979775100946426,-0.3826209306716919,-0.2123720347881317,-0.048719003796577454,-0.661973237991333,-0.14937445521354675,-0.11846510320901871,-1.0103871822357178,-0.06566941738128662,0.2137758433818817,0.08878688514232635,-0.03580477088689804,0.22091048955917358,-0.2759464979171753,-0.14639511704444885,0.20529606938362122,-0.5120930671691895,-0.011826256290078163,0.18667763471603394,-0.8933873176574707,0.14105069637298584,0.40781888365745544,0.23756623268127441,0.04696809500455856,0.4572819471359253,-0.10044556856155396,-0.14946448802947998,0.46521103382110596,-0.32204729318618774,0.012763036414980888,0.4701365828514099,-0.5353597402572632,0.2823711335659027
51,-0.15138636529445648,0.4612440764904022,0.6310927867889404,0.09212339669466019,0.2956675589084625,0.6819554567337036,-0.09767842292785645,0.11972050368785858,0.4081856310367584,-0.24239760637283325,-0.21846196055412292,0.27616995573043823,-0.026465505361557007,0.2577889561653137,-0.07934325188398361,-0.28792545199394226,-0.14945974946022034,0.1790020912885666,-0.40664157271385193,-0.32520025968551636,-0.089289590716362,-0.4195486307144165,-0.5810678005218506,-0.19112136960029602,-0.3950997591018677,-0.8612947463989258,-0.1850009709596634,-0.036953575909137726,0.0037311057094484568,0.005352350417524576,-0.055310770869255066,-0.3815256357192993,-0.2120082974433899,-0.05457392334938049,-0.6620274186134338,-0.14438018202781677,-0.10239438712596893,-1.00381338596344,-0.053991496562957764,0.20859813690185547,0.09842424094676971,-0.03969588875770569,0.2215723842382431,-0.26953864097595215,-0.14948533475399017,0.2088305950164795,-0.47684451937675476,0.008963240310549736,0.19460274279117584,-0.8741787672042847,0.1404360830783844,0.4145573377609253,0.2804979383945465,0.025559719651937485,0.45590630173683167,-0.08893489837646484,-0.14684462547302246,0.46035873889923096,-0.29490548372268677,0.04099190980195999,0.4639963209629059,-0.49053993821144104,0.31673663854599
52,-0.12178143858909607,0.4876832664012909,0.6222541928291321,0.09749485552310944,0.30917102098464966,0.6784764528274536,-0.11132138967514038,0.2070378065109253,0.3915199339389801,-0.267284095287323,-0.24089404940605164,0.3047029376029968,-0.11771322786808014,0.09638052433729172,-0.040361519902944565,-0.2900424301624298,-0.12144441902637482,0.1716136634349823,-0.4056033194065094,-0.3099570870399475,-0.10266236960887909,-0.40414726734161377,-0.5844936370849609,-0.1813320517539978,-0.3956615924835205,-0.8487625122070312,-0.16651231050491333,-0.033139668405056,0.00396831426769495,0.0052531398832798,-0.06033512204885483,-0.3789703845977783,-0.20460394024848938,-0.0670429989695549,-0.6576290130615234,-0.12818194925785065,-0.1150587871670723,-1.0092521905899048,0.018336359411478043,0.21387526392936707,0.08720419555902481,-0.028159262612462044,0.2292429804801941,-0.2686218023300171,-0.10477389395236969,0.21145355701446533,-0.45967501401901245,0.08547667413949966,0.15416303277015686,-0.8700500726699829,0.2422889769077301,0.44231468439102173,0.25130152702331543,0.02963634766638279,0.4590996503829956,-0.12724244594573975,-0.046461138874292374,0.4631727337837219,-0.31186211109161377,0.1324644535779953,0.45778122544288635,-0.4180576801300049,0.382662832736969
53,-0.08477989584207535,0.47365957498550415,0.6357325315475464,0.1297607272863388,0.25726518034935,0.6076257228851318,0.02298809215426445,0.052451133728027344,0.3391333520412445,-0.12778037786483765,-0.24608014523983002,0.20862233638763428,-0.1114499419927597,-0.015416782349348068,-0.10045391321182251,-0.20446690917015076,-0.20415115356445312,0.15140849351882935,-0.29403403401374817,-0.38854801654815674,-0.11574184894561768,-0.2333066314458847,-0.5477296710014343,-0.19779320061206818,-0.12195400893688202,-0.6339532136917114,-0.242203950881958,-0.06800515204668045,-0.017933296039700508,0.0029166413005441427,-0.12332865595817566,-0.31653356552124023,-0.20852793753147125,-0.010057998821139336,-0.4931280016899109,-0.10609346628189087,0.05468279868364334,-0.679271936416626,-0.024867035448551178,0.0704667717218399,0.14531518518924713,-0.037405457347631454,0.08207525312900543,-0.15299087762832642,-0.16655084490776062,0.1697119027376175,-0.31290364265441895,0.011496908962726593,0.20820735394954681,-0.5727996826171875,0.19189803302288055,0.2380153238773346,0.36103788018226624,0.0014906777068972588,0.2471228390932083,0.02389298379421234,-0.1409272402524948,0.32128292322158813,-0.143575057387352,-0.004786446690559387,0.38818544149398804,-0.26779747009277344,0.2389935851097107
54,-0.01834876835346222,0.4284301698207855,0.6385550498962402,0.1551702916622162,0.2809251844882965,0.5824201703071594,0.04011128842830658,-0.019693559035658836,0.3406747281551361,-0.15759018063545227,-0.2819201648235321,0.19606620073318481,-0.1167721152305603,-0.16113834083080292,-0.049673132598400116,-0.18997831642627716,-0.24667170643806458,0.12128865718841553,-0.2627739906311035,-0.4401865601539612,-0.09635554254055023,-0.1643325537443161,-0.5872609615325928,-0.15080472826957703,-0.16709715127944946,-0.6954312324523926,-0.02392861247062683,-0.07388094067573547,-0.005837144795805216,-0.002867957577109337,-0.1261439025402069,-0.2952299118041992,-0.154744490981102,-0.020912177860736847,-0.5006617307662964,-0.024966247379779816,0.07680206000804901,-0.6189360022544861,0.1084974929690361,0.07836023718118668,0.17017000913619995,-0.026726525276899338,0.0884460061788559,-0.13660477101802826,-0.16004422307014465,0.16429436206817627,-0.2503182888031006,0.07973156124353409,0.29784560203552246,-0.3028988838195801,0.20454800128936768,0.2692946493625641,0.3928448557853699,-0.006016193423420191,0.24838773906230927,0.09410086274147034,-0.03806743025779724,0.33009058237075806,-0.10054771602153778,0.07104220241308212,0.4079645872116089,-0.13468550145626068,0.187942236661911
55,0.24088242650032043,0.5140441060066223,0.4066315293312073,0.3428247570991516,0.22388823330402374,0.2192612588405609,0.31818485260009766,-0.17860397696495056,-0.05497932434082031,0.15668195486068726,-0.4905596971511841,-0.16038107872009277,0.30727049708366394,-0.5832615494728088,-0.15690270066261292,-0.0031711384654045105,-0.22817370295524597,0.017597686499357224,-0.16912107169628143,-0.4608479142189026,-0.09386083483695984,-0.21249018609523773,-0.6419388055801392,-0.17467667162418365,-0.2719683051109314,-0.8012202382087708,-0.0921541303396225,-0.04624965041875839,-0.006987353786826134,-0.0031146197579801083,-0.18434730172157288,-0.28058722615242004,-0.07097664475440979,-0.24355897307395935,-0.4992055892944336,-0.08296576887369156,-0.2706754505634308,-0.6936625242233276,0.038372792303562164,-0.004314981400966644,0.18818698823451996,-0.010142477229237556,-0.12340269982814789,-0.07023689150810242,-0.050558824092149734,-0.19317704439163208,-0.19473466277122498,0.01958630606532097,-0.1879909336566925,-0.3250886797904968,0.058296088129282,0.09975336492061615,0.4541500508785248,0.0009167813695967197,-0.10076223313808441,0.15757009387016296,0.06203016638755798,-0.11717687547206879,0.013063188642263412,0.044370926916599274,-0.14676064252853394,-0.10760005563497543,0.05300258845090866
56,0.34676802158355713,0.6205669641494751,0.2717909514904022,0.44108760356903076,0.23422540724277496,0.01261049509048462,0.5181179642677307,-0.21891999244689941,-0.18139463663101196,0.38892099261283875,-0.5834217071533203,-0.30272743105888367,0.5607988238334656,-0.8445374965667725,-0.13998940587043762,0.09381908178329468,-0.22214186191558838,-0.019875116646289825,-0.11518557369709015,-0.4906434416770935,-0.08128781616687775,-0.20903143286705017,-0.6782642006874084,-0.17851102352142334,-0.3172609210014343,-0.8963935375213623,-0.1723521649837494,-0.02977263182401657,-0.0073163434863090515,-0.0025316367391496897,-0.22262798249721527,-0.28521010279655457,-0.03512847051024437,-0.33609649538993835,-0.5052118301391602,-0.0968376025557518,-0.38673698902130127,-0.6898694634437561,0.02287309803068638,-0.05635462701320648,0.19601482152938843,-0.004406328313052654,-0.24422410130500793,-0.037042729556560516,-0.009442901238799095,-0.3827700912952423,-0.1797330528497696,-0.03602089360356331,-0.469638466835022,-0.35110241174697876,-0.04434206709265709,-0.011568937450647354,0.49705395102500916,-0.0344684012234211,-0.29032590985298157,0.20448538661003113,0.02454374171793461,-0.36306148767471313,0.0683320164680481,-0.03516629338264465,-0.4286127984523773,-0.08232321590185165,-0.07061642408370972
57,0.36888349056243896,0.7322499752044678,0.2205195426940918,0.4967212677001953,0.2654906213283539,-0.0005508069880306721,0.6226590871810913,-0.17868518829345703,-0.17075958847999573,0.5678956508636475,-0.6168771982192993,-0.2716493010520935,0.8136142492294312,-0.9618953466415405,-0.14029210805892944,0.15044662356376648,-0.2103615552186966,-0.01746898517012596,-0.05549578368663788,-0.47883307933807373,-0.0937453880906105,-0.14953084290027618,-0.717538058757782,-0.21336041390895844,-0.29334720969200134,-0.9261276125907898,-0.2172328382730484,-0.02098068967461586,-0.007989039644598961,-0.0011678599985316396,-0.23319219052791595,-0.29342660307884216,-0.04629947990179062,-0.38688766956329346,-0.510474443435669,-0.16789883375167847,-0.4269721508026123,-0.6684516668319702,-0.05876132845878601,-0.0775265321135521,0.20043067634105682,-0.009014548733830452,-0.3017646074295044,-0.02408326044678688,-0.04493549466133118,-0.4793291687965393,-0.1788475066423416,-0.10608730465173721,-0.5975663661956787,-0.35803407430648804,-0.14775045216083527,-0.07713642716407776,0.5212215185165405,-0.03376917541027069,-0.3946443796157837,0.21436429023742676,-0.01667618378996849,-0.478617787361145,0.07029101252555847,-0.1126200333237648,-0.5956279635429382,-0.09742206335067749,-0.16626329720020294
58,0.38058146834373474,0.7683017253875732,0.24187952280044556,0.5285962820053101,0.2720404863357544,0.03145560994744301,0.6866862773895264,-0.22899174690246582,-0.10251208394765854,0.677775502204895,-0.6501753926277161,-0.2158806025981903,0.9622485637664795,-1.001176357269287,-0.13150623440742493,0.17627175152301788,-0.2089107781648636,-0.011075391434133053,-0.032059554010629654,-0.46660611033439636,-0.10762348771095276,-0.12202198803424835,-0.7124292850494385,-0.2439570277929306,-0.30036938190460205,-0.9465992450714111,-0.2692541480064392,-0.016343019902706146,-0.008126351982355118,0.00020758219761773944,-0.24126899242401123,-0.2968435287475586,-0.051204025745391846,-0.41873979568481445,-0.5113562941551208,-0.21283799409866333,-0.533119797706604,-0.6583253145217896,-0.1649314910173416,-0.09795272350311279,0.21061746776103973,-0.016137558966875076,-0.34298476576805115,-0.017008457332849503,-0.06680367887020111,-0.5257707834243774,-0.17419227957725525,-0.17531351745128632,-0.6560631394386292,-0.3638249337673187,-0.22135384380817413,-0.14123092591762543,0.5134227871894836,-0.04591768980026245,-0.4498825669288635,0.22279803454875946,-0.035428937524557114,-0.553340494632721,0.06352702528238297,-0.11137217283248901,-0.661811113357544,-0.11719579994678497,-0.1725807785987854
59,0.3924305737018585,0.7510932087898254,0.26764100790023804,0.5231884717941284,0.30281609296798706,0.05781687796115875,0.7294477224349976,-0.1729874610900879,-0.058838896453380585,0.7482774257659912,-0.6365851163864136,-0.13576751947402954,1.0747883319854736,-1.0091935396194458,-0.10817793011665344,0.19859568774700165,-0.19537684321403503,-0.001531896647065878,-0.014163931831717491,-0.4553753435611725,-0.11660142242908478,-0.09216782450675964,-0.6948275566101074,-0.29283106327056885,-0.27558204531669617,-0.9263138771057129,-0.35312020778656006,-0.011726517230272293,-0.008979001082479954,-0.00013556252815760672,-0.24908071756362915,-0.29709821939468384,-0.07646423578262329,-0.414590984582901,-0.511624813079834,-0.2545652985572815,-0.5575265884399414,-0.6160529255867004,-0.2613438665866852,-0.1144547238945961,0.2044120728969574,-0.024505361914634705,-0.36776554584503174,-0.02964707650244236,-0.08721723407506943,-0.5445035696029663,-0.17986872792243958,-0.21404701471328735,-0.596072256565094,-0.3167775273323059,-0.3090682625770569,-0.17117875814437866,0.505146861076355,-0.056627318263053894,-0.4884420931339264,0.2028411626815796,-0.05283404141664505,-0.5967837572097778,0.037144724279642105,-0.13662172853946686,-0.6828172206878662,-0.14007417857646942,-0.18933051824569702
60,0.37665456533432007,0.710811197757721,0.28940558433532715,0.5372540950775146,0.3121565580368042,0.05447994917631149,0.7572578191757202,-0.14077840745449066,-0.06432874500751495,0.7962968349456787,-0.6357243657112122,-0.17216117680072784,1.2056372165679932,-1.0579323768615723,-0.1472952663898468,0.20157012343406677,-0.1910267472267151,0.006901807151734829,-0.0025585084222257137,-0.4490595757961273,-0.11496248841285706,-0.07664211094379425,-0.699731707572937,-0.29749298095703125,-0.26946741342544556,-0.9171502590179443,-0.3998688757419586,-0.00929432362318039,-0.008450184017419815,-0.0007616346701979637,-0.2694723606109619,-0.28918880224227905,-0.06877773255109787,-0.43832892179489136,-0.4991421103477478,-0.2596885561943054,-0.5987793207168579,-0.6022852063179016,-0.28623220324516296,-0.11643438041210175,0.20662376284599304,-0.03758365288376808,-0.3815835118293762,-0.03314525634050369,-0.10351243615150452,-0.5535818338394165,-0.18116405606269836,-0.24314484000205994,-0.6167916059494019,-0.3527599573135376,-0.32099926471710205,-0.1912558674812317,0.4979979991912842,-0.07814439386129379,-0.5076320171356201,0.19912928342819214,-0.10943526029586792,-0.6146373748779297,0.03205741196870804,-0.17049622535705566,-0.7022972702980042,-0.13978789746761322,-0.2270403951406479
61,0.3663759231567383,0.6932086944580078,0.30320465564727783,0.5443532466888428,0.3202575147151947,0.06109733134508133,0.7528286576271057,-0.13278724253177643,-0.07573699951171875,0.8025413751602173,-0.6267849206924438,-0.19786114990711212,1.175217628479004,-1.0077171325683594,-0.16556523740291595,0.1982136368751526,-0.19046080112457275,0.011529207229614258,0.0008045383729040623,-0.44243910908699036,-0.11752602458000183,-0.07560700178146362,-0.7049329876899719,-0.2958080768585205,-0.27730876207351685,-0.8954285383224487,-0.42946657538414,-0.00878073088824749,-0.007910741493105888,-0.0008515778463333845,-0.2790994346141815,-0.28722459077835083,-0.05813895910978317,-0.457032173871994,-0.4930626153945923,-0.25344976782798767,-0.616834282875061,-0.6158100366592407,-0.2767091989517212,-0.1149643287062645,0.20912501215934753,-0.043469011783599854,-0.3914635181427002,-0.034695811569690704,-0.10284614562988281,-0.566202700138092,-0.18181338906288147,-0.24278950691223145,-0.6466101408004761,-0.37114179134368896,-0.29796701669692993,-0.20044156908988953,0.49405309557914734,-0.083876833319664,-0.5152096748352051,0.20157665014266968,-0.13430432975292206,-0.6300371885299683,0.03431627154350281,-0.18760669231414795,-0.7222900390625,-0.12755626440048218,-0.24248053133487701
62,0.36781102418899536,0.6818935871124268,0.30159300565719604,0.546500563621521,0.3191532492637634,0.05380561202764511,0.7380056381225586,-0.0792001262307167,-0.13915346562862396,0.8130437135696411,-0.5984664559364319,-0.23918843269348145,1.1080880165100098,-0.9302998781204224,-0.20042827725410461,0.1956893801689148,-0.18987420201301575,0.0154534000903368,-0.0073609985411167145,-0.4567103385925293,-0.10457902401685715,-0.06103725731372833,-0.6986052989959717,-0.29559385776519775,-0.25651660561561584,-0.8767868876457214,-0.45740705728530884,-0.008021564222872257,-0.007559184916317463,-0.0012961886823177338,-0.27110689878463745,-0.28935137391090393,-0.059832751750946045,-0.45651060342788696,-0.49306362867355347,-0.24485786259174347,-0.6074084043502808,-0.6232857704162598,-0.28521794080734253,-0.11088286340236664,0.20976117253303528,-0.04619373381137848,-0.3930698037147522,-0.031344279646873474,-0.09750017523765564,-0.566239595413208,-0.18268996477127075,-0.23775842785835266,-0.6565285921096802,-0.38339537382125854,-0.2961809039115906,-0.19963008165359497,0.49459826946258545,-0.09183928370475769,-0.5131082534790039,0.2049294114112854,-0.12241076678037643,-0.6316344738006592,0.036182940006256104,-0.20260784029960632,-0.7258360385894775,-0.1196037158370018,-0.26796334981918335
63,0.3678954243659973,0.6775428652763367,0.31099486351013184,0.5506525635719299,0.3199939727783203,0.05958561599254608,0.729663610458374,-0.0520816370844841,-0.16610673069953918,0.8151603937149048,-0.580899715423584,-0.26148906350135803,1.0608305931091309,-0.8726968765258789,-0.22926786541938782,0.19556796550750732,-0.19030305743217468,0.018780216574668884,-0.009713908657431602,-0.4639759659767151,-0.09979239106178284,-0.051679372787475586,-0.6936008334159851,-0.29748964309692383,-0.2392190545797348,-0.8628996014595032,-0.4839900732040405,-0.008016517385840416,-0.00797996111214161,-0.0005906745791435242,-0.2690594792366028,-0.28861764073371887,-0.06578034907579422,-0.45252034068107605,-0.48886704444885254,-0.24982577562332153,-0.5985907316207886,-0.6265643835067749,-0.3105505108833313,-0.10797251015901566,0.21175551414489746,-0.04800191894173622,-0.39161747694015503,-0.027938231825828552,-0.09558157622814178,-0.5640214681625366,-0.1800535023212433,-0.23101601004600525,-0.6606796979904175,-0.3822973370552063,-0.29642027616500854,-0.19544178247451782,0.49592161178588867,-0.09942129254341125,-0.5072276592254639,0.20861700177192688,-0.12016124278306961,-0.6247392892837524,0.042559996247291565,-0.21436548233032227,-0.7136884331703186,-0.11271095275878906,-0.2863776683807373
64,0.37812161445617676,0.6898395419120789,0.2968117296695709,0.5408822894096375,0.3277050852775574,0.043341368436813354,0.7322181463241577,-0.025624088943004608,-0.15943174064159393,0.8177832365036011,-0.5735058784484863,-0.25931161642074585,1.023148775100708,-0.8513407111167908,-0.24650534987449646,0.2043229043483734,-0.18745797872543335,0.010442727245390415,-0.002862932626157999,-0.4500821828842163,-0.10246747732162476,-0.050470415502786636,-0.6932253241539001,-0.2913457453250885,-0.22575217485427856,-0.88572096824646,-0.4252433776855469,-0.008138224482536316,-0.007815871387720108,-0.0009220462525263429,-0.267657607793808,-0.28502780199050903,-0.061961688101291656,-0.4138695299625397,-0.47296613454818726,-0.2613534927368164,-0.60797119140625,-0.6272910833358765,-0.29683226346969604,-0.11326919496059418,0.2077995091676712,-0.04457927495241165,-0.39508041739463806,-0.03233370929956436,-0.09355339407920837,-0.572812557220459,-0.18317383527755737,-0.22291482985019684,-0.6670092940330505,-0.383426308631897,-0.28157806396484375,-0.20482167601585388,0.48676931858062744,-0.09714639186859131,-0.5189015865325928,0.20090827345848083,-0.1067100465297699,-0.6293257474899292,0.03261510282754898,-0.21290293335914612,-0.71690434217453,-0.12196338921785355,-0.2820322513580322
65,0.38128405809402466,0.715679407119751,0.28266459703445435,0.532299816608429,0.32955402135849,0.03868802636861801,0.741826057434082,-0.030772127211093903,-0.16519123315811157,0.8214365243911743,-0.5677913427352905,-0.27256202697753906,1.0450191497802734,-0.8483102321624756,-0.20078454911708832,0.20300990343093872,-0.1897519826889038,0.012497121468186378,-0.004933170508593321,-0.4485812187194824,-0.08726415038108826,-0.04895848408341408,-0.7012096643447876,-0.262651652097702,-0.21159130334854126,-0.904093325138092,-0.38243797421455383,-0.008250948041677475,-0.008730717934668064,-0.0009677002672106028,-0.27027156949043274,-0.2844284176826477,-0.0565929114818573,-0.39851114153862,-0.47609439492225647,-0.2554439902305603,-0.6066672801971436,-0.6247356534004211,-0.25671830773353577,-0.11146200448274612,0.2075493037700653,-0.048235051333904266,-0.3990432918071747,-0.03537110239267349,-0.08637407422065735,-0.5393572449684143,-0.1892489790916443,-0.229485884308815,-0.6726682186126709,-0.4024246037006378,-0.26613134145736694,-0.1967620700597763,0.48405921459198,-0.11437153816223145,-0.5199055671691895,0.19423383474349976,-0.11230150610208511,-0.6283559799194336,0.034251321107149124,-0.24047502875328064,-0.7176109552383423,-0.13300523161888123,-0.3037453889846802
66,0.39664334058761597,0.7353071570396423,0.2639596164226532,0.5295232534408569,0.33170855045318604,0.028394481167197227,0.7541275024414062,-0.029796309769153595,-0.16566669940948486,0.8284913301467896,-0.5738852024078369,-0.27616071701049805,1.0368973016738892,-0.829774022102356,-0.1890789270401001,0.2011537253856659,-0.19325605034828186,0.013620833866298199,-0.005838243290781975,-0.4491380751132965,-0.07919579744338989,-0.05630587786436081,-0.7000782489776611,-0.250019907951355,-0.2093072533607483,-0.9145320653915405,-0.3479366898536682,-0.007965197786688805,-0.008537061512470245,-0.0007857833988964558,-0.2747258245944977,-0.2834233343601227,-0.04887545853853226,-0.3942648470401764,-0.47668519616127014,-0.23878225684165955,-0.6079986095428467,-0.6181280016899109,-0.2338382601737976,-0.11265687644481659,0.20733852684497833,-0.04726988077163696,-0.40029168128967285,-0.039079442620277405,-0.07296892255544662,-0.525877833366394,-0.19112694263458252,-0.2209259271621704,-0.6689127683639526,-0.4129093289375305,-0.2463526725769043,-0.18673059344291687,0.4811825156211853,-0.12258149683475494,-0.5177502036094666,0.18939901888370514,-0.11047008633613586,-0.6335780024528503,0.03201058879494667,-0.24325993657112122,-0.7123007774353027,-0.14239275455474854,-0.3131144642829895
67,0.42004233598709106,0.7571226358413696,0.24469786882400513,0.5298330187797546,0.3374021053314209,0.0020652245730161667,0.7660882472991943,-0.029585110023617744,-0.15619191527366638,0.8249146342277527,-0.5482292175292969,-0.2891727089881897,1.0087257623672485,-0.7941800355911255,-0.18087005615234375,0.20207658410072327,-0.19580994546413422,0.013937670737504959,-0.005928034894168377,-0.44905298948287964,-0.07943844795227051,-0.059549130499362946,-0.6957689523696899,-0.2574963867664337,-0.2039068639278412,-0.9110727310180664,-0.35060667991638184,-0.008815014734864235,-0.007458070293068886,-0.0019093859009444714,-0.2759247422218323,-0.2807807922363281,-0.042137376964092255,-0.3893062472343445,-0.4768417477607727,-0.22977083921432495,-0.6088605523109436,-0.5940001010894775,-0.23965315520763397,-0.11193664371967316,0.20517227053642273,-0.05121130123734474,-0.39948564767837524,-0.04132106900215149,-0.08763788640499115,-0.519949197769165,-0.19137287139892578,-0.21271148324012756,-0.6697380542755127,-0.4185987412929535,-0.24435600638389587,-0.18273097276687622,0.4906102418899536,-0.12417028844356537,-0.5092276334762573,0.1914481818675995,-0.13737763464450836,-0.6332144737243652,0.03142858296632767,-0.24091064929962158,-0.7202377319335938,-0.1422760784626007,-0.32140517234802246
68,0.4328170716762543,0.7768937945365906,0.2286761999130249,0.5280278325080872,0.3418869972229004,-0.010652566328644753,0.77099609375,-0.023124409839510918,-0.1525576412677765,0.8231012225151062,-0.5308027863502502,-0.30527904629707336,0.9909948706626892,-0.762795627117157,-0.19035089015960693,0.20183107256889343,-0.19745758175849915,0.013719498179852962,-0.005440379958599806,-0.45031964778900146,-0.0781971663236618,-0.05889854580163956,-0.694029688835144,-0.2576034367084503,-0.19317784905433655,-0.9094919562339783,-0.35650569200515747,-0.00976389180868864,-0.006688441149890423,-0.0017271151300519705,-0.2772771120071411,-0.2792113125324249,-0.03621485084295273,-0.3894177973270416,-0.4790017902851105,-0.22097714245319366,-0.6123948693275452,-0.5949550271034241,-0.24305960536003113,-0.11243806779384613,0.20321188867092133,-0.05432872474193573,-0.3984827995300293,-0.04233015328645706,-0.09431558847427368,-0.5166141986846924,-0.19063006341457367,-0.20869138836860657,-0.6663726568222046,-0.4277692437171936,-0.245269775390625,-0.17915154993534088,0.4975280463695526,-0.12761768698692322,-0.5037251710891724,0.19259262084960938,-0.15590691566467285,-0.6301724910736084,0.033748120069503784,-0.24157768487930298,-0.7234348654747009,-0.14602728188037872,-0.3340316414833069
69,0.44076207280158997,0.7763532400131226,0.24063965678215027,0.5237103700637817,0.3364940881729126,0.0028055524453520775,0.7701740264892578,-0.048978619277477264,-0.13079027831554413,0.8268395662307739,-0.5569732189178467,-0.29169583320617676,0.9856191873550415,-0.7544058561325073,-0.17895567417144775,0.20145916938781738,-0.19464319944381714,0.013690085150301456,0.004088032525032759,-0.465312123298645,-0.07037531584501266,-0.05161799490451813,-0.699881911277771,-0.2482617199420929,-0.18588395416736603,-0.9097968339920044,-0.36129873991012573,-0.008601454086601734,-0.008770438842475414,-0.0023767391685396433,-0.27892935276031494,-0.2785329818725586,-0.02958996593952179,-0.3945753574371338,-0.48182395100593567,-0.21162265539169312,-0.6183837652206421,-0.6014053225517273,-0.23910555243492126,-0.10918725281953812,0.2040378898382187,-0.05219940096139908,-0.4002496600151062,-0.03962859511375427,-0.09550032019615173,-0.5217859745025635,-0.19369038939476013,-0.20870175957679749,-0.6851415634155273,-0.398183137178421,-0.21556740999221802,-0.17142704129219055,0.500552237033844,-0.13281862437725067,-0.5013195872306824,0.19196900725364685,-0.15731358528137207,-0.6333200931549072,0.014431718736886978,-0.2156883031129837,-0.7119184136390686,-0.1554824411869049,-0.34616565704345703
70,0.4382227063179016,0.7582722902297974,0.2688831090927124,0.5515657663345337,0.33714914321899414,0.0134275509044528,0.7648565769195557,-0.07802613079547882,-0.08491107076406479,0.8274110555648804,-0.5815465450286865,-0.2682588994503021,1.034864068031311,-0.8151975870132446,-0.14789196848869324,0.2006208747625351,-0.19493520259857178,0.018157200887799263,0.010799934156239033,-0.4709799885749817,-0.0768042504787445,-0.046484850347042084,-0.7005534172058105,-0.25669434666633606,-0.19632133841514587,-0.9144548773765564,-0.3840092420578003,-0.008191623724997044,-0.009506618604063988,-0.0019135428592562675,-0.2802438735961914,-0.2790151536464691,-0.03884076699614525,-0.3992663621902466,-0.4790197014808655,-0.22304299473762512,-0.6318549513816833,-0.6126704216003418,-0.25329744815826416,-0.10366819053888321,0.20231425762176514,-0.05132516473531723,-0.4025108814239502,-0.03350815922021866,-0.10340577363967896,-0.5273544192314148,-0.18874120712280273,-0.22044357657432556,-0.7087830305099487,-0.3866438865661621,-0.2175385057926178,-0.16604861617088318,0.5003237724304199,-0.12100127339363098,-0.5001770257949829,0.19177494943141937,-0.14919313788414001,-0.6333361864089966,0.015864066779613495,-0.21301162242889404,-0.7142770290374756,-0.13847504556179047,-0.3529958724975586
71,0.4441540837287903,0.7536518573760986,0.2692890763282776,0.5668402910232544,0.33716851472854614,0.013682283461093903,0.7581195831298828,-0.09069725126028061,-0.06219923496246338,0.8280056715011597,-0.5920248031616211,-0.2581244707107544,1.0515718460083008,-0.8458191156387329,-0.12722288072109222,0.19856151938438416,-0.19297835230827332,0.018287282437086105,0.016618458554148674,-0.4716355800628662,-0.08266879618167877,-0.04616973176598549,-0.7005593776702881,-0.25622281432151794,-0.20187854766845703,-0.914983868598938,-0.3908916115760803,-0.008002687245607376,-0.009929249063134193,-0.0016612819163128734,-0.2843998670578003,-0.2821376323699951,-0.044972531497478485,-0.40280261635780334,-0.4781825542449951,-0.2242974191904068,-0.608004629611969,-0.6052196621894836,-0.23335182666778564,-0.11009465157985687,0.2019062638282776,-0.05144079402089119,-0.40336379408836365,-0.032274454832077026,-0.10284129530191422,-0.5317395329475403,-0.186940997838974,-0.2190345823764801,-0.7206003665924072,-0.3776817321777344,-0.2157095968723297,-0.16407933831214905,0.49738067388534546,-0.11486811935901642,-0.5000127553939819,0.19144141674041748,-0.1423027366399765,-0.6344702243804932,0.01585611142218113,-0.2084842026233673,-0.7145116329193115,-0.12775366008281708,-0.3454119563102722
72,0.4558121860027313,0.7495701313018799,0.2646818161010742,0.5587109327316284,0.3203601837158203,0.025085287168622017,0.7560415267944336,-0.10487288236618042,-0.04838502034544945,0.8273465037345886,-0.6068955659866333,-0.2585979402065277,1.0723233222961426,-0.8707064390182495,-0.10468398779630661,0.19703027606010437,-0.19793088734149933,0.018828999251127243,0.012277962639927864,-0.4744774103164673,-0.08153513073921204,-0.05270971357822418,-0.7044121026992798,-0.24021750688552856,-0.17947572469711304,-0.906482994556427,-0.4085579514503479,-0.008616795763373375,-0.008425699546933174,-0.0011370236752554774,-0.28985193371772766,-0.2842385172843933,-0.04632993042469025,-0.40909716486930847,-0.4825049340724945,-0.21980926394462585,-0.5962008237838745,-0.6059936285018921,-0.2242068350315094,-0.09912193566560745,0.2123032510280609,-0.04968029260635376,-0.4045931100845337,-0.033678919076919556,-0.09917563199996948,-0.5361345410346985,-0.18572726845741272,-0.21537628769874573,-0.7324237823486328,-0.3767969012260437,-0.22132164239883423,-0.15920642018318176,0.49683547019958496,-0.1137552484869957,-0.5001784563064575,0.19391515851020813,-0.15777599811553955,-0.6322386264801025,0.015747657045722008,-0.21537896990776062,-0.7200140357017517,-0.1218206137418747,-0.3436066508293152
73,0.4660900831222534,0.7516446113586426,0.2533210217952728,0.5750958919525146,0.32121947407722473,0.01880168542265892,0.7577880620956421,-0.11596287786960602,-0.05207229405641556,0.8290109634399414,-0.6140925884246826,-0.2664310932159424,1.0958702564239502,-0.8998332023620605,-0.09166547656059265,0.1953384131193161,-0.20108087360858917,0.017166491597890854,0.009891530498862267,-0.4776977598667145,-0.07993242144584656,-0.05788745731115341,-0.7097640037536621,-0.2258392721414566,-0.17312383651733398,-0.9052715301513672,-0.4120519459247589,-0.00903299544006586,-0.007386359851807356,-0.001052863197401166,-0.2924095094203949,-0.28635117411613464,-0.043269265443086624,-0.4142441749572754,-0.48791319131851196,-0.21508857607841492,-0.5909098386764526,-0.6076117753982544,-0.21019378304481506,-0.10925547033548355,0.20897752046585083,-0.05051318556070328,-0.40622106194496155,-0.03471629321575165,-0.09503717720508575,-0.5408371090888977,-0.1858775019645691,-0.21275074779987335,-0.7419741153717041,-0.3797946870326996,-0.223320871591568,-0.1593291163444519,0.49619603157043457,-0.11053313314914703,-0.5019107460975647,0.19324636459350586,-0.16336768865585327,-0.63350909948349,0.014285780489444733,-0.21640253067016602,-0.7276583313941956,-0.12242263555526733,-0.3394205570220947
74,0.44653528928756714,0.7309159636497498,0.26717251539230347,0.5789005756378174,0.28831765055656433,-0.034007634967565536,0.7713824510574341,-0.15263564884662628,-0.08250835537910461,0.8223848342895508,-0.632217288017273,-0.2533610463142395,1.0936596393585205,-0.9782791137695312,-0.11057449877262115,0.19558024406433105,-0.2017083466053009,0.019388005137443542,0.008545497432351112,-0.4816042184829712,-0.07614599168300629,-0.07627983391284943,-0.7081669569015503,-0.24581268429756165,-0.10792769491672516,-0.7580026388168335,-0.41338974237442017,-0.008232485502958298,-0.008693212643265724,-0.0011167165357619524,-0.29424142837524414,-0.2759045362472534,-0.045117706060409546,-0.41714704036712646,-0.47000885009765625,-0.22910672426223755,-0.49585115909576416,-0.5924053192138672,-0.2752477824687958,-0.10211268067359924,0.2112024426460266,-0.043251026421785355,-0.40294381976127625,-0.010524258948862553,-0.10022369027137756,-0.5568035244941711,-0.16846519708633423,-0.20753410458564758,-0.7339812517166138,-0.3568873405456543,-0.21578475832939148,-0.14569568634033203,0.5172969698905945,-0.11794319748878479,-0.5003979206085205,0.21312306821346283,-0.1388481855392456,-0.6306408047676086,0.04777257516980171,-0.2265731692314148,-0.7379299998283386,-0.1143394261598587,-0.3227120637893677
75,0.2754710912704468,0.5593765377998352,0.46358466148376465,0.414378821849823,0.21537268161773682,0.23988668620586395,0.43660038709640503,-0.16665711998939514,0.0763116329908371,0.4152287542819977,-0.5072208642959595,-0.08466445654630661,0.5803409814834595,-0.6555330157279968,-0.125083327293396,0.026675045490264893,-0.24359743297100067,0.05670226737856865,-0.131673201918602,-0.47566014528274536,-0.12470473349094391,-0.09974253177642822,-0.6490592360496521,-0.22696605324745178,-0.07401730865240097,-0.6879905462265015,-0.27657899260520935,-0.06155560165643692,-0.018260754644870758,-0.0054093231447041035,-0.24387741088867188,-0.25933194160461426,-0.11476960778236389,-0.2526131570339203,-0.4297879934310913,-0.16341328620910645,-0.18360060453414917,-0.5631228089332581,-0.1327010840177536,-0.04444436728954315,0.21795371174812317,-0.03453953191637993,-0.21231397986412048,-0.0075666229240596294,-0.1543077826499939,-0.23516108095645905,-0.1488213837146759,-0.0991305559873581,-0.2203509658575058,-0.1840009093284607,-0.02554350346326828,-0.010531894862651825,0.5035001039505005,-0.02785230055451393,-0.22393083572387695,0.2295319139957428,-0.11863291263580322,-0.2194378525018692,0.07065607607364655,-0.14562468230724335,-0.23712579905986786,-0.06547220051288605,-0.08854810148477554
76,0.21896596252918243,0.5931389331817627,0.4775022864341736,0.20727576315402985,0.28856903314590454,0.33253931999206543,0.060980916023254395,-0.09425759315490723,0.1620710790157318,-0.048368901014328,-0.3281038701534271,0.018005013465881348,0.13789759576320648,-0.38758665323257446,-0.06608448922634125,-0.12277283519506454,-0.14807115495204926,0.05386774241924286,-0.23974087834358215,-0.40437760949134827,-0.11551443487405777,-0.24274785816669464,-0.5817758440971375,-0.12985900044441223,-0.21770106256008148,-0.7172513008117676,-0.07944199442863464,-0.038620006293058395,-0.006740077398717403,-0.0022687986493110657,-0.15814357995986938,-0.2901701331138611,-0.0836176946759224,-0.19863349199295044,-0.4954151511192322,-0.0316246896982193,-0.13987724483013153,-0.5811721086502075,0.12360730022192001,0.06929202377796173,0.13865886628627777,0.00742502324283123,-0.05971263349056244,-0.126071959733963,-0.041697677224874496,-0.10616368055343628,-0.28949105739593506,0.0901193916797638,-0.13243666291236877,-0.39437276124954224,0.24867939949035645,0.1791103482246399,0.3443666100502014,0.0630645900964737,0.03132656216621399,0.02157309651374817,0.03732343018054962,-0.02363409847021103,-0.12386670708656311,0.127165287733078,-0.06576034426689148,-0.16362127661705017,0.2346867322921753
77,0.15591800212860107,0.6584205627441406,0.476601243019104,0.08578962087631226,0.3110049366950989,0.41364628076553345,-0.11039480566978455,0.015125934034585953,0.22355763614177704,-0.2115846425294876,-0.2762899100780487,0.1375415027141571,-0.08995874226093292,-0.2755177617073059,0.007183913141489029,-0.19607338309288025,-0.09545604884624481,0.08114158362150192,-0.31919988989830017,-0.35260361433029175,-0.08937636762857437,-0.3376712501049042,-0.5823706388473511,-0.10078677535057068,-0.3295420706272125,-0.7770169973373413,-0.051301293075084686,-0.026086408644914627,-0.0012645304668694735,0.0008995974203571677,-0.10228830575942993,-0.3220368027687073,-0.10900631546974182,-0.16613516211509705,-0.5746231079101562,-0.03076447919011116,-0.17255958914756775,-0.7731444835662842,0.15303918719291687,0.13611365854740143,0.10309397429227829,0.0013079650234431028,0.07096855342388153,-0.19193071126937866,-0.025209985673427582,0.04907046630978584,-0.3721345067024231,0.15805694460868835,-0.0307990200817585,-0.6078706383705139,0.32488882541656494,0.30018407106399536,0.271108478307724,0.0660024955868721,0.23369622230529785,-0.09300271421670914,0.04403013736009598,0.19445766508579254,-0.22976946830749512,0.1736556738615036,0.15329979360103607,-0.29275569319725037,0.3287448287010193
78,0.11532790958881378,0.6904900670051575,0.478252112865448,0.014569241553544998,0.3300619125366211,0.4455031454563141,-0.20472224056720734,0.08985324203968048,0.2501816153526306,-0.30340781807899475,-0.23864267766475677,0.20979733765125275,-0.16702497005462646,-0.016300752758979797,-0.0783977285027504,-0.23594233393669128,-0.06785754859447479,0.09688863158226013,-0.3627246618270874,-0.322491854429245,-0.0772213488817215,-0.39245641231536865,-0.5779160261154175,-0.09483703970909119,-0.39595407247543335,-0.8136175870895386,-0.0628582239151001,-0.01976063661277294,0.002311813412234187,0.002883120672777295,-0.07257295399904251,-0.3411942720413208,-0.12732475996017456,-0.14527761936187744,-0.6189579963684082,-0.048222362995147705,-0.19334574043750763,-0.8790779113769531,0.18205702304840088,0.17070648074150085,0.08227096498012543,0.0004921939689666033,0.14042054116725922,-0.22445793449878693,-0.03568712994456291,0.12168478965759277,-0.43191754817962646,0.1491834819316864,0.028188055381178856,-0.7314386963844299,0.338966965675354,0.36678943037986755,0.23563425242900848,0.07081443816423416,0.3430554270744324,-0.15442897379398346,0.04403748735785484,0.3201598525047302,-0.29380369186401367,0.1709785759449005,0.28070440888404846,-0.3754504919052124,0.36241719126701355
79,0.09037533402442932,0.7048819065093994,0.4889216125011444,-0.005870236083865166,0.3039245009422302,0.4818964898586273,-0.2593175768852234,0.12751972675323486,0.25851142406463623,-0.3635393977165222,-0.22554518282413483,0.24116221070289612,-0.3131429851055145,-0.21993041038513184,0.1313149482011795,-0.25672703981399536,-0.05787940323352814,0.11359149217605591,-0.3918161392211914,-0.3043295741081238,-0.07655049860477448,-0.4285234808921814,-0.5711884498596191,-0.10224398225545883,-0.4346923232078552,-0.832481861114502,-0.06594102829694748,-0.01663774996995926,0.003594910027459264,0.0044881184585392475,-0.05904446169734001,-0.35117894411087036,-0.1464589387178421,-0.1322852373123169,-0.6388696432113647,-0.08579719811677933,-0.19898545742034912,-0.9210609197616577,0.14418035745620728,0.19086328148841858,0.07137224078178406,-0.0027564712800085545,0.17186152935028076,-0.2463800609111786,-0.06444649398326874,0.15895721316337585,-0.47546952962875366,0.10611262172460556,0.07932113111019135,-0.8027052283287048,0.3096334636211395,0.4059579372406006,0.22798575460910797,0.06611260771751404,0.39809638261795044,-0.1771106719970703,0.01208210177719593,0.3911166191101074,-0.33824247121810913,0.13236767053604126,0.35739997029304504,-0.4612153172492981,0.31661996245384216
80,0.07985752820968628,0.7201272249221802,0.488256573677063,-0.0047908928245306015,0.2813986837863922,0.506818413734436,-0.281815767288208,0.0527520626783371,0.3378143906593323,-0.40975549817085266,-0.21052667498588562,0.25673913955688477,-0.2090356945991516,0.0051894411444664,0.01889106258749962,-0.2725943326950073,-0.06229478865861893,0.1267651468515396,-0.4068756401538849,-0.297416627407074,-0.07476924359798431,-0.4497455954551697,-0.5687982439994812,-0.1139984279870987,-0.4556693434715271,-0.8356950283050537,-0.05865554139018059,-0.016412436962127686,0.0037141633220016956,0.005923953838646412,-0.05629674717783928,-0.3609151840209961,-0.1607610583305359,-0.12179717421531677,-0.6492739915847778,-0.10744839161634445,-0.1912129521369934,-0.9452213644981384,0.1187436506152153,0.20291969180107117,0.06760707497596741,-0.007958047091960907,0.1938386708498001,-0.26102495193481445,-0.08929179608821869,0.18538600206375122,-0.5026165246963501,0.07024036347866058,0.09431177377700806,-0.8581022024154663,0.27298790216445923,0.4243869185447693,0.23390665650367737,0.05149092897772789,0.4260941445827484,-0.178276926279068,-0.025431856513023376,0.42637690901756287,-0.3653511703014374,0.11094953864812851,0.38824859261512756,-0.5172114372253418,0.31396788358688354
81,0.0976538360118866,0.7327967882156372,0.4826880991458893,-0.01209733635187149,0.2942444086074829,0.49227768182754517,-0.3307109475135803,0.09785430133342743,0.3136374354362488,-0.3959038257598877,-0.22945065796375275,0.22798776626586914,-0.19405488669872284,0.061627183109521866,-0.05473519489169121,-0.2829222083091736,-0.05713681876659393,0.12684659659862518,-0.40294772386550903,-0.2868996858596802,-0.07136626541614532,-0.43089258670806885,-0.563383162021637,-0.0831809788942337,-0.4704112112522125,-0.828038215637207,-0.05017160624265671,-0.015243133530020714,0.003436639904975891,0.005952325649559498,-0.0635031908750534,-0.36794620752334595,-0.15403835475444794,-0.11893431842327118,-0.6553080677986145,-0.07251551002264023,-0.19799074530601501,-0.9769890904426575,0.15619322657585144,0.20858938992023468,0.06078318879008293,-0.009446661919355392,0.2135227471590042,-0.2719232439994812,-0.07794696092605591,0.1968298852443695,-0.5162749290466309,0.07859568297863007,0.1225849986076355,-0.8742459416389465,0.2916809320449829,0.4360024631023407,0.22273996472358704,0.05313165485858917,0.4408814609050751,-0.18999862670898438,-0.011236490681767464,0.45236849784851074,-0.3832065463066101,0.12756957113742828,0.4110204875469208,-0.5203984975814819,0.3488607704639435
82,0.11297546327114105,0.7419284582138062,0.4828009307384491,-0.019663076847791672,0.2969365119934082,0.49171769618988037,-0.3547128736972809,0.09792725741863251,0.3044975996017456,-0.38553571701049805,-0.24435435235500336,0.21565982699394226,-0.19062581658363342,0.05813400074839592,-0.10161510109901428,-0.2901930809020996,-0.05544625222682953,0.12746092677116394,-0.3971315622329712,-0.28347188234329224,-0.057465337216854095,-0.4197651445865631,-0.5571879148483276,-0.059306491166353226,-0.4817909300327301,-0.822813093662262,-0.04147171974182129,-0.01526233833283186,0.003697730600833893,0.005585920065641403,-0.06978461146354675,-0.3744288682937622,-0.14633867144584656,-0.12337005138397217,-0.666583240032196,-0.0817844420671463,-0.19990718364715576,-1.0031965970993042,0.15103858709335327,0.21136412024497986,0.05879693850874901,-0.011303897947072983,0.2295106202363968,-0.27379101514816284,-0.06525938212871552,0.207407608628273,-0.5222119092941284,0.10367286205291748,0.13260677456855774,-0.8879177570343018,0.2883378565311432,0.4418618083000183,0.22209328413009644,0.048397697508335114,0.4523151218891144,-0.20269054174423218,-0.007154127117246389,0.4643430709838867,-0.3933718800544739,0.14493873715400696,0.4427679777145386,-0.5327359437942505,0.35302382707595825
83,0.15458424389362335,0.7552449703216553,0.43171608448028564,-0.03629455715417862,0.3174733519554138,0.47707298398017883,-0.34712645411491394,0.08861708641052246,0.2804955840110779,-0.5142064094543457,-0.10063105821609497,0.2024947553873062,-0.22742444276809692,0.06026817113161087,-0.05828636884689331,-0.29541611671447754,-0.04024812579154968,0.12051452696323395,-0.3907517194747925,-0.29228144884109497,-0.039871979504823685,-0.41286060214042664,-0.5469855666160583,-0.021019063889980316,-0.47264760732650757,-0.8154504299163818,0.05307876318693161,-0.012291012331843376,0.005944680422544479,0.004957349505275488,-0.05199557915329933,-0.37280240654945374,-0.13665947318077087,-0.12613338232040405,-0.6714850664138794,-0.03594958037137985,-0.1447857916355133,-0.8807724714279175,0.19979244470596313,0.21428406238555908,0.04661889746785164,-0.01048576831817627,0.24069276452064514,-0.2785642743110657,-0.04227607324719429,0.2157859057188034,-0.5259898900985718,0.13874374330043793,0.1480770856142044,-0.8847304582595825,0.30630654096603394,0.44686537981033325,0.19343236088752747,0.041262298822402954,0.4663271903991699,-0.21785451471805573,0.0014619578141719103,0.47964584827423096,-0.3939869701862335,0.1711038500070572,0.46433690190315247,-0.5387367606163025,0.3649841547012329
84,0.1345929503440857,0.7400968074798584,0.43241822719573975,-0.04140160605311394,0.3596055507659912,0.4593437612056732,-0.31555503606796265,0.11730275303125381,0.2685735523700714,-0.5625615119934082,-0.011984933167696,0.1808510720729828,-0.21789604425430298,0.05944542586803436,-0.047301359474658966,-0.2999902665615082,-0.027773505076766014,0.1129419207572937,-0.4005191922187805,-0.28641003370285034,-0.020980816334486008,-0.41243648529052734,-0.535678505897522,0.029029371216893196,-0.4905288815498352,-0.7852895259857178,0.16546685993671417,-0.013276462443172932,0.006788549944758415,0.005462044849991798,-0.0426156148314476,-0.36985260248184204,-0.10950557887554169,-0.11208640784025192,-0.6693747043609619,0.019210021942853928,-0.13275675475597382,-0.8151906132698059,0.24130333960056305,0.21548569202423096,0.040578149259090424,-0.005238940007984638,0.23942053318023682,-0.2805057168006897,-0.03161796182394028,0.20582228899002075,-0.5424007177352905,0.1288125216960907,0.15278273820877075,-0.887700080871582,0.32262617349624634,0.46948182582855225,0.16612614691257477,0.03101031482219696,0.46463215351104736,-0.22875386476516724,0.01158622931689024,0.48371976613998413,-0.42829570174217224,0.1671023815870285,0.4746791124343872,-0.5613962411880493,0.3609141707420349
85,0.14120182394981384,0.7563661932945251,0.37637293338775635,-0.04952910915017128,0.39539605379104614,0.44206058979034424,-0.3323451280593872,0.16653722524642944,0.25536394119262695,-0.5901267528533936,0.053405486047267914,0.16420383751392365,-0.23757004737854004,0.05961056053638458,-0.16137602925300598,-0.2981971204280853,-0.011627160012722015,0.10687606781721115,-0.41139644384384155,-0.28499674797058105,-0.012104606255888939,-0.41589033603668213,-0.5315547585487366,0.048976145684719086,-0.49720966815948486,-0.7794079184532166,0.22872444987297058,-0.01155291497707367,0.007558392360806465,0.005312005057930946,-0.03713155537843704,-0.3673704266548157,-0.08531548082828522,-0.1179780662059784,-0.6717744469642639,0.04900921881198883,-0.12608414888381958,-0.7799704670906067,0.28267619013786316,0.21752634644508362,0.03380751237273216,-0.0024140900932252407,0.24394088983535767,-0.2837011218070984,-0.023680364713072777,0.21781742572784424,-0.5481539368629456,0.159774050116539,0.1735769659280777,-0.8819469809532166,0.353397399187088,0.48210057616233826,0.14860863983631134,0.019374458119273186,0.47009873390197754,-0.2330068051815033,0.022252146154642105,0.49276024103164673,-0.4245797395706177,0.18319329619407654,0.47785770893096924,-0.5690615773200989,0.36747443675994873
86,0.15574514865875244,0.767457127571106,0.34399279952049255,-0.05174938589334488,0.4161824584007263,0.4350016117095947,-0.3472925126552582,0.19678758084774017,0.2511295676231384,-0.5567028522491455,0.08467844873666763,0.09422190487384796,-0.25723057985305786,0.07105899602174759,-0.22308234870433807,-0.29623299837112427,-0.004401278682053089,0.10153776407241821,-0.40064096450805664,-0.2737913131713867,-0.002516870852559805,-0.4208833575248718,-0.5297926664352417,0.05509170517325401,-0.5046010613441467,-0.7667241096496582,0.2591201663017273,-0.010571736842393875,0.007315503433346748,0.00554679473862052,-0.03488137200474739,-0.36733299493789673,-0.07172137498855591,-0.12646523118019104,-0.669390082359314,0.07354810833930969,-0.1641877293586731,-0.8480202555656433,0.3370768427848816,0.2177702784538269,0.02732614427804947,-0.0011121999705210328,0.24454592168331146,-0.2867974042892456,-0.016128234565258026,0.22925019264221191,-0.5304796695709229,0.1880272775888443,0.18882831931114197,-0.8361534476280212,0.4060290455818176,0.4921795725822449,0.13099193572998047,0.011731569655239582,0.4687129557132721,-0.2378133237361908,0.0287017785012722,0.4904513955116272,-0.4291689395904541,0.1956266164779663,0.47251296043395996,-0.5613783597946167,0.3810345530509949
87,0.15841889381408691,0.7533668279647827,0.36261117458343506,-0.04719621688127518,0.4360951781272888,0.4286268949508667,-0.3775041103363037,0.23539458215236664,0.25315922498703003,-0.5560436844825745,0.09796107560396194,0.06894484162330627,-0.2924450933933258,0.0909411832690239,-0.30057457089424133,-0.2879530191421509,0.004218787886202335,0.1088935062289238,-0.40401047468185425,-0.2632777690887451,0.015131362713873386,-0.4389842450618744,-0.503634512424469,0.08956599980592728,-0.49081605672836304,-0.752773642539978,0.23492857813835144,-0.009869406931102276,0.007769293151795864,0.0046508414670825005,-0.05616288632154465,-0.36541956663131714,-0.04282147437334061,-0.13638123869895935,-0.6373107433319092,0.1063743382692337,-0.1869087517261505,-0.8423629999160767,0.40149229764938354,0.213777095079422,0.026328224688768387,-0.00882856734097004,0.2380262315273285,-0.2852597236633301,-0.00949977245181799,0.21412518620491028,-0.5123112201690674,0.22621366381645203,0.19271621108055115,-0.7765319347381592,0.46778324246406555,0.4897714853286743,0.10641571879386902,-0.0006736032664775848,0.46513092517852783,-0.2527655363082886,0.030034679919481277,0.48262763023376465,-0.43019938468933105,0.2060520350933075,0.46547961235046387,-0.5444085597991943,0.4067094624042511
88,0.16283085942268372,0.726487934589386,0.38605010509490967,-0.018267828971147537,0.43844902515411377,0.4270089864730835,-0.39184755086898804,0.237787127494812,0.2603610157966614,-0.5225909948348999,0.045951999723911285,0.0670301616191864,-0.2642446458339691,0.12046152353286743,-0.3068198561668396,-0.2890534996986389,0.007338451687246561,0.10879980772733688,-0.4151808023452759,-0.25004827976226807,0.030437767505645752,-0.4052199125289917,-0.472667396068573,0.12716615200042725,-0.4704510569572449,-0.7208823561668396,0.2871621251106262,-0.010379956103861332,0.006929933093488216,0.004364086780697107,-0.08087106794118881,-0.3560410737991333,-0.012438634410500526,-0.14061233401298523,-0.6006357669830322,0.1657610535621643,-0.18544775247573853,-0.8139252662658691,0.48137712478637695,0.21504628658294678,0.01235288381576538,-0.014588210731744766,0.23138229548931122,-0.2851358652114868,0.0019966866821050644,0.19956156611442566,-0.5011202692985535,0.2522282600402832,0.1858634352684021,-0.7110487222671509,0.5258228778839111,0.4926115572452545,0.08708644658327103,-0.011601417325437069,0.45809024572372437,-0.2700902223587036,0.03176618367433548,0.46815040707588196,-0.4303027093410492,0.2123945653438568,0.4504418969154358,-0.5405402183532715,0.424835205078125
89,0.1695224791765213,0.7304962277412415,0.3662670850753784,-0.04311833158135414,0.43526288866996765,0.43049371242523193,-0.4181540310382843,0.24933215975761414,0.25527602434158325,-0.5095560550689697,0.02758927084505558,0.06501969695091248,-0.2753449082374573,0.13994178175926208,-0.30123603343963623,-0.2887164354324341,0.012889793142676353,0.10374657809734344,-0.4143553078174591,-0.2521345019340515,0.034493863582611084,-0.40064775943756104,-0.45300939679145813,0.16034865379333496,-0.45786744356155396,-0.702686607837677,0.3186851739883423,-0.010271737352013588,0.006608104333281517,0.004185272380709648,-0.09678915143013,-0.35002750158309937,-0.0010296357795596123,-0.14238473773002625,-0.5815005302429199,0.18807442486286163,-0.18228036165237427,-0.7927788496017456,0.5295141935348511,0.2150612473487854,0.0024704174138605595,-0.015488490462303162,0.2249487042427063,-0.28647440671920776,0.007345115765929222,0.1825176477432251,-0.4998592138290405,0.2635425925254822,0.17190763354301453,-0.6851900815963745,0.55632483959198,0.4921252727508545,0.07129749655723572,-0.014701543375849724,0.45303353667259216,-0.2807469964027405,0.03816504776477814,0.4552139639854431,-0.43741706013679504,0.22367411851882935,0.43668994307518005,-0.5414050817489624,0.43633654713630676
90,0.1400822550058365,0.7016034126281738,0.36948859691619873,-0.05578339099884033,0.43651342391967773,0.42614108324050903,-0.43489694595336914,0.28235167264938354,0.23827725648880005,-0.5576094388961792,0.09394664317369461,0.0512334480881691,-0.29967260360717773,0.1309748888015747,-0.30566251277923584,-0.2880343794822693,0.01835053786635399,0.09362852573394775,-0.40827420353889465,-0.25450271368026733,0.033965855836868286,-0.4065655469894409,-0.4429134726524353,0.1970970630645752,-0.4660101532936096,-0.6665056347846985,0.3046081066131592,-0.008389025926589966,0.007560285273939371,0.004345744848251343,-0.10011862218379974,-0.3467949628829956,-0.007217405829578638,-0.16051995754241943,-0.5638025403022766,0.1527259349822998,-0.20430676639080048,-0.7617048025131226,0.5561889410018921,0.21533441543579102,-0.0004963652463629842,-0.013780700042843819,0.21855604648590088,-0.2881195545196533,0.012707341462373734,0.17432057857513428,-0.482284814119339,0.26865363121032715,0.1699676215648651,-0.669765830039978,0.5496988296508789,0.48442161083221436,0.07230441272258759,-0.01250517275184393,0.4457509517669678,-0.28479647636413574,0.05765388906002045,0.4300883114337921,-0.4390121400356293,0.23526206612586975,0.41319143772125244,-0.504003643989563,0.455403208732605
91,0.10524442791938782,0.6313126087188721,0.44676271080970764,-0.03950663283467293,0.4393032193183899,0.4300420582294464,-0.40448009967803955,0.22936291992664337,0.2881048023700714,-0.5812556743621826,0.09610912203788757,0.07742312550544739,-0.22255194187164307,0.16406646370887756,-0.27162399888038635,-0.29372406005859375,0.024003513157367706,0.10707296431064606,-0.41265013813972473,-0.22664803266525269,0.01006308849900961,-0.3892495036125183,-0.4293811619281769,0.23406410217285156,-0.42360231280326843,-0.6299643516540527,0.42885416746139526,-0.010208451189100742,0.0074120620265603065,0.0038431156426668167,-0.11026585102081299,-0.34078219532966614,-0.004983850754797459,-0.1676696538925171,-0.5340789556503296,0.1953771412372589,-0.2019960582256317,-0.6986991167068481,0.5793653130531311,0.21256229281425476,0.009388665668666363,-0.016147498041391373,0.21401146054267883,-0.28813034296035767,0.021511219441890717,0.1674458384513855,-0.46294426918029785,0.27222752571105957,0.1460268795490265,-0.6165518760681152,0.575751781463623,0.4682704210281372,0.09436798095703125,-0.01409177202731371,0.437358021736145,-0.2949851155281067,0.07977278530597687,0.4160519540309906,-0.41002529859542847,0.2550763189792633,0.4019255042076111,-0.42667123675346375,0.4800991714000702
92,0.14525283873081207,0.6698369979858398,0.419182687997818,-0.02845597080886364,0.4189189076423645,0.44004589319229126,-0.39214998483657837,0.21318402886390686,0.29122602939605713,-0.5560290217399597,0.12994712591171265,0.07428766787052155,-0.2335142195224762,0.1730669140815735,-0.2800297141075134,-0.29413115978240967,0.026897961273789406,0.102140411734581,-0.41654688119888306,-0.2167096883058548,0.011734701693058014,-0.37749531865119934,-0.4148673415184021,0.2670557498931885,-0.43995505571365356,-0.5892693400382996,0.4172409176826477,-0.011403705924749374,0.005360300652682781,0.0033607897348701954,-0.10769474506378174,-0.3366329073905945,0.007007961627095938,-0.16069887578487396,-0.5203014016151428,0.20276376605033875,-0.19761094450950623,-0.652295708656311,0.6028652787208557,0.21097275614738464,0.004540393594652414,-0.020358849316835403,0.20258498191833496,-0.29032307863235474,0.011530986055731773,0.16273054480552673,-0.45128726959228516,0.2761455476284027,0.14248304069042206,-0.5825566053390503,0.5820215940475464,0.4716957211494446,0.08506875485181808,-0.021813541650772095,0.42400750517845154,-0.29280272126197815,0.07395177334547043,0.40388041734695435,-0.4047127068042755,0.2648765444755554,0.3785717487335205,-0.4322749078273773,0.4689805209636688
93,0.15464669466018677,0.6762148141860962,0.4027084708213806,-0.018439626321196556,0.43597957491874695,0.4266262352466583,-0.38995373249053955,0.22310033440589905,0.27408596873283386,-0.6018176078796387,0.12477942556142807,0.09295087307691574,-0.2756228446960449,0.23598358035087585,-0.23857000470161438,-0.29539814591407776,0.02806061878800392,0.10141120105981827,-0.4239886999130249,-0.20549842715263367,0.008309861645102501,-0.3635585904121399,-0.4028024673461914,0.2898945212364197,-0.41511961817741394,-0.5710806846618652,0.45462536811828613,-0.011512074619531631,0.004845687188208103,0.0032708735670894384,-0.10135474801063538,-0.33585286140441895,0.02515416219830513,-0.1573113352060318,-0.5035561323165894,0.22539426386356354,-0.1930145025253296,-0.6209233999252319,0.6424888372421265,0.2100611925125122,-0.0009805005975067616,-0.0199664905667305,0.19707611203193665,-0.2859642505645752,0.015291407704353333,0.14954854547977448,-0.441244900226593,0.29127439856529236,0.13570886850357056,-0.5574254989624023,0.5896116495132446,0.46922701597213745,0.06133643537759781,-0.023745737969875336,0.4172516465187073,-0.30838721990585327,0.09444177895784378,0.38588568568229675,-0.4139154553413391,0.27887842059135437,0.36709797382354736,-0.4263167679309845,0.4832475185394287
94,0.20582333207130432,0.7049641013145447,0.3623022735118866,-0.0017324453219771385,0.43623360991477966,0.40640509128570557,-0.3931887447834015,0.26978862285614014,0.25449520349502563,-0.6625499725341797,0.1596888303756714,0.07075364142656326,-0.28058284521102905,0.25670725107192993,-0.2394964098930359,-0.2985216975212097,0.028082959353923798,0.10069930553436279,-0.4206073582172394,-0.20561474561691284,0.041123438626527786,-0.39759278297424316,-0.41138404607772827,0.2586097717285156,-0.40900689363479614,-0.5834134817123413,0.4588913023471832,-0.010112479329109192,0.00597428809851408,0.0038036233745515347,-0.10109232366085052,-0.33116328716278076,0.0482906810939312,-0.14324381947517395,-0.4969974756240845,0.2556687593460083,-0.1656179279088974,-0.6174204349517822,0.6442146301269531,0.20890651643276215,-0.0010394679848104715,-0.019115660339593887,0.20096006989479065,-0.28663456439971924,0.020759057253599167,0.15599697828292847,-0.4402678310871124,0.30187857151031494,0.15835751593112946,-0.5475330352783203,0.594206690788269,0.4740673303604126,0.0633266270160675,-0.02559483051300049,0.42053788900375366,-0.3201106786727905,0.10623785108327866,0.3975376784801483,-0.4115489721298218,0.2906304597854614,0.3797369599342346,-0.42255130410194397,0.4968556761741638
95,0.2499612420797348,0.7300983667373657,0.33009234070777893,-0.011794931255280972,0.4369070529937744,0.3853997588157654,-0.35977837443351746,0.2618061602115631,0.2859830856323242,-0.6698368191719055,0.214077427983284,0.12721484899520874,-0.40025362372398376,0.15975579619407654,-0.14577169716358185,-0.29512542486190796,0.031824029982089996,0.09351545572280884,-0.4305521547794342,-0.23611870408058167,0.053223609924316406,-0.41943544149398804,-0.42805081605911255,0.25607699155807495,-0.43372493982315063,-0.588538646697998,0.5031365156173706,-0.00998699851334095,0.00571891525760293,0.0031644944101572037,-0.09461358189582825,-0.34269315004348755,0.020498912781476974,-0.14574497938156128,-0.5242814421653748,0.24695760011672974,-0.20589521527290344,-0.6567553281784058,0.6722613573074341,0.21139362454414368,0.0008965720771811903,-0.014053412713110447,0.19192761182785034,-0.2895069718360901,0.015608096495270729,0.1491386890411377,-0.46509093046188354,0.29906848073005676,0.15243057906627655,-0.6073095798492432,0.5843217372894287,0.47447389364242554,0.06438008695840836,-0.028353668749332428,0.4259794354438782,-0.30882132053375244,0.09016980230808258,0.4104660451412201,-0.4162040948867798,0.28142446279525757,0.38588857650756836,-0.46072861552238464,0.49323511123657227
96,0.276955246925354,0.7417939901351929,0.27955448627471924,-0.025696735829114914,0.47682568430900574,0.35704702138900757,-0.4071171283721924,0.3423299193382263,0.2663462162017822,-0.6949237585067749,0.3091987371444702,0.21620196104049683,-0.5512115955352783,0.20126581192016602,-0.00595507025718689,-0.27750465273857117,0.03852219879627228,0.08952964097261429,-0.4282868504524231,-0.2512422800064087,0.06675247848033905,-0.45963993668556213,-0.43234390020370483,0.27837926149368286,-0.46289393305778503,-0.6007270216941833,0.5275766253471375,-0.00760294497013092,0.007444709073752165,0.0024836412630975246,-0.08516304194927216,-0.34990230202674866,0.014253641478717327,-0.1216142550110817,-0.5472047328948975,0.24578864872455597,-0.1982850283384323,-0.7228047847747803,0.6351562738418579,0.21112294495105743,-8.167067426256835e-05,-0.009588297456502914,0.20707491040229797,-0.28650355339050293,0.025371674448251724,0.14630863070487976,-0.48502078652381897,0.2836032211780548,0.14418193697929382,-0.6662929654121399,0.5582340359687805,0.47809386253356934,0.07683522254228592,-0.020015418529510498,0.4320928454399109,-0.29883939027786255,0.09250663220882416,0.4256444573402405,-0.4085158109664917,0.2765083312988281,0.3932703137397766,-0.4619253873825073,0.505474328994751
97,0.30216455459594727,0.7708614468574524,0.2383728176355362,-0.034638166427612305,0.49578094482421875,0.332439124584198,-0.44540488719940186,0.3727325201034546,0.26211273670196533,-0.7017372846603394,0.37569984793663025,0.2630712687969208,-0.5788395404815674,0.23478549718856812,0.031806014478206635,-0.2645321786403656,0.0489749014377594,0.09372386336326599,-0.41746950149536133,-0.25224101543426514,0.08029711246490479,-0.4807296097278595,-0.4320046007633209,0.2961294651031494,-0.46823638677597046,-0.6220676898956299,0.5155381560325623,-0.006942026317119598,0.008570637553930283,0.002906766254454851,-0.07598230242729187,-0.35785603523254395,0.010439567267894745,-0.10044997930526733,-0.5589353442192078,0.2342366725206375,-0.09508252143859863,-0.7849472761154175,0.5970543622970581,0.21053406596183777,-0.0006959105376154184,-0.00978841446340084,0.21434366703033447,-0.28863900899887085,0.025764042511582375,0.17764371633529663,-0.472610205411911,0.29655760526657104,0.14480876922607422,-0.6893913745880127,0.5482155680656433,0.47185224294662476,0.061728037893772125,-0.013596024364233017,0.438932865858078,-0.293409526348114,0.08127893507480621,0.4336049556732178,-0.40225058794021606,0.2659672498703003,0.41102975606918335,-0.4560343325138092,0.5015969276428223
98,0.3108116388320923,0.7785246968269348,0.19611093401908875,-0.030388936400413513,0.5464776754379272,0.29650264978408813,-0.4684099853038788,0.391258180141449,0.23792621493339539,-0.706106424331665,0.39273911714553833,0.24546176195144653,-0.5969651937484741,0.22903981804847717,0.06645013391971588,-0.25842583179473877,0.04694095253944397,0.08236666768789291,-0.41057151556015015,-0.24590492248535156,0.08711908757686615,-0.49159491062164307,-0.41889023780822754,0.324297159910202,-0.47084879875183105,-0.6226686835289001,0.5262399911880493,-0.007918449118733406,0.00747940968722105,0.0018449522322043777,-0.07827307283878326,-0.3533921241760254,0.027685513719916344,-0.09665753692388535,-0.5596667528152466,0.23849907517433167,-0.0850868821144104,-0.730753481388092,0.584868848323822,0.21077696979045868,-0.0015216369647532701,-0.0076457783579826355,0.20109249651432037,-0.28362610936164856,0.0364987850189209,0.165847510099411,-0.48748183250427246,0.2879454791545868,0.1513097733259201,-0.7117968201637268,0.5390507578849792,0.46781256794929504,0.060603778809309006,0.0013208482414484024,0.43724679946899414,-0.29071807861328125,0.09070047736167908,0.4279901385307312,-0.4047614634037018,0.2998247742652893,0.4084572196006775,-0.4386228919029236,0.5214455127716064
99,0.31832167506217957,0.8026701807975769,0.14229385554790497,-0.04932216554880142,0.5523953437805176,0.27226343750953674,-0.48850029706954956,0.43398207426071167,0.22879374027252197,-0.7000128626823425,0.44160693883895874,0.25690919160842896,-0.5986162424087524,0.21720494329929352,0.19992965459823608,-0.25531721115112305,0.05315455049276352,0.07894058525562286,-0.42468971014022827,-0.24833858013153076,0.09352204203605652,-0.4997493028640747,-0.4089873731136322,0.3251255452632904,-0.44505804777145386,-0.6290445327758789,0.5423449277877808,-0.007693542633205652,0.008381839841604233,0.0015298764919862151,-0.08428797870874405,-0.35035672783851624,0.040028251707553864,-0.10857264697551727,-0.5550024509429932,0.24571532011032104,-0.09230011701583862,-0.7066240310668945,0.5811619758605957,0.21035325527191162,0.0010742407757788897,-0.009092042222619057,0.19684575498104095,-0.2820468544960022,0.04714567959308624,0.15284714102745056,-0.4986565411090851,0.28180527687072754,0.1476072371006012,-0.7081713676452637,0.5416303873062134,0.4698880910873413,0.06022079288959503,0.0030127023346722126,0.43008989095687866,-0.2980308532714844,0.08408315479755402,0.42319074273109436,-0.4010525643825531,0.3117656111717224,0.39616554975509644,-0.40929555892944336,0.5268264412879944
100,0.32240819931030273,0.8158087730407715,0.11300976574420929,-0.05962451919913292,0.5556154251098633,0.2590738832950592,-0.4994322657585144,0.457229882478714,0.2238243818283081,-0.6966971158981323,0.46819791197776794,0.26313817501068115,-0.5995147228240967,0.21076509356498718,0.27256137132644653,-0.25362569093704224,0.05653562396764755,0.07707630842924118,-0.43237197399139404,-0.2496628314256668,0.09700615704059601,-0.5041864514350891,-0.403598815202713,0.3255763053894043,-0.4310242533683777,-0.6325138807296753,0.5511082410812378,-0.007571161724627018,0.00887288898229599,0.0013584307162091136,-0.08756093680858612,-0.3487050533294678,0.046744443476200104,-0.11505614221096039,-0.552464485168457,0.24964198470115662,-0.09622512757778168,-0.6934942007064819,0.5791449546813965,0.21012268960475922,0.002486764919012785,-0.009879013523459435,0.19453492760658264,-0.2811875343322754,0.052939094603061676,0.14577311277389526,-0.504737138748169,0.278464138507843,0.14559252560138702,-0.7061986327171326,0.5430340766906738,0.47101742029190063,0.06001240015029907,0.00393331004306674,0.42619550228118896,-0.3020099997520447,0.08048239350318909,0.420579195022583,-0.39903438091278076,0.31826311349868774,0.3894771337509155,-0.39333733916282654,0.5297544002532959
101,0.3419921398162842,0.8187751173973083,0.09903112053871155,-0.0656733289361,0.5457998514175415,0.26271486282348633,-0.5049513578414917,0.4740854501724243,0.20980682969093323,-0.6829753518104553,0.4784240126609802,0.2647508680820465,-0.5958369970321655,0.20747110247612,0.2882041931152344,-0.2535615563392639,0.05954303592443466,0.07292695343494415,-0.4316941499710083,-0.2509126663208008,0.09514124691486359,-0.4996398091316223,-0.40149447321891785,0.3272997736930847,-0.44859829545021057,-0.6186182498931885,0.5691665410995483,-0.007417024113237858,0.009042340330779552,0.0006484006298705935,-0.08640790730714798,-0.3451465368270874,0.06304293870925903,-0.11541923135519028,-0.5426656007766724,0.26836097240448,-0.13772717118263245,-0.698360800743103,0.6056984663009644,0.20898869633674622,0.007220640312880278,-0.007539873942732811,0.18483412265777588,-0.28422021865844727,0.05689900368452072,0.13940250873565674,-0.5028778910636902,0.28885114192962646,0.14783446490764618,-0.6673929691314697,0.5710111260414124,0.47219401597976685,0.05923568457365036,0.00881611555814743,0.42423775792121887,-0.30205315351486206,0.08604510128498077,0.4135667681694031,-0.3951008915901184,0.3312300443649292,0.38395652174949646,-0.3821486830711365,0.5360443592071533
102,0.35305100679397583,0.8229959607124329,0.09584308415651321,-0.0691465511918068,0.5456157922744751,0.2721567153930664,-0.5150555372238159,0.47333571314811707,0.2109915167093277,-0.6840896010398865,0.488178551197052,0.25861871242523193,-0.6190150380134583,0.2093549519777298,0.29612332582473755,-0.2548903226852417,0.057399600744247437,0.06749231368303299,-0.43260902166366577,-0.25373056530952454,0.09487685561180115,-0.5008834600448608,-0.4010177254676819,0.33161795139312744,-0.4606624245643616,-0.6105753183364868,0.5710058808326721,-0.007383061572909355,0.00921907089650631,0.00037279349635355175,-0.08491441607475281,-0.3459932208061218,0.06551037728786469,-0.1094462126493454,-0.5407481789588928,0.2803422808647156,-0.10880846530199051,-0.6611203551292419,0.6279670000076294,0.21116486191749573,0.0034807694610208273,-0.005490893963724375,0.19604358077049255,-0.286257803440094,0.058777131140232086,0.1458524465560913,-0.49719521403312683,0.2924247980117798,0.15337702631950378,-0.6589286923408508,0.5798720121383667,0.4734829068183899,0.06081467121839523,0.01651809737086296,0.43474212288856506,-0.3011412024497986,0.09629479795694351,0.42649543285369873,-0.3894001841545105,0.3336254954338074,0.39364904165267944,-0.3828079104423523,0.5479044914245605
103,0.35787975788116455,0.8235763907432556,0.10773278027772903,-0.06932064890861511,0.5444773435592651,0.2761744260787964,-0.5165441036224365,0.4730907082557678,0.20335876941680908,-0.6824779510498047,0.4987218379974365,0.2545870542526245,-0.6220213174819946,0.20935435593128204,0.2982873022556305,-0.2565110921859741,0.05550850182771683,0.06472711265087128,-0.4215279221534729,-0.23765218257904053,0.09083597362041473,-0.501340389251709,-0.40216463804244995,0.31877219676971436,-0.4680050015449524,-0.6044819355010986,0.5593722462654114,-0.008020712062716484,0.009319244883954525,-0.0001450374402338639,-0.08403730392456055,-0.3447715640068054,0.06198294088244438,-0.10908299684524536,-0.5402230024337769,0.2763046324253082,-0.09174758940935135,-0.6407186388969421,0.6240711808204651,0.21232295036315918,0.003008020343258977,-0.003550363704562187,0.2009740024805069,-0.28570449352264404,0.0578126460313797,0.14601737260818481,-0.49736398458480835,0.2883833050727844,0.15242813527584076,-0.6600120067596436,0.5773909091949463,0.4746577739715576,0.06233453378081322,0.023065602406859398,0.4379468560218811,-0.2975839674472809,0.09833970665931702,0.42839157581329346,-0.3928523659706116,0.3326742649078369,0.3953067660331726,-0.38594406843185425,0.544704020023346
104,0.37021228671073914,0.8142324686050415,0.11988487839698792,-0.028605666011571884,0.5661303997039795,0.2675580382347107,-0.526894211769104,0.484681099653244,0.19453921914100647,-0.6802979707717896,0.5069912672042847,0.2637521028518677,-0.6164770722389221,0.21109610795974731,0.291325181722641,-0.2600148916244507,0.05714555084705353,0.06302152574062347,-0.41147559881210327,-0.22543270885944366,0.09997323155403137,-0.49352574348449707,-0.405543714761734,0.3215630054473877,-0.40419071912765503,-0.6183297634124756,0.5506709814071655,-0.008190547116100788,0.00957442820072174,-0.0003073768166359514,-0.08264419436454773,-0.3413165509700775,0.07073909044265747,-0.1057637482881546,-0.5354104042053223,0.28500330448150635,-0.09620204567909241,-0.6647754907608032,0.6320979595184326,0.21352294087409973,-0.0027558384463191032,-0.00078957574442029,0.19448527693748474,-0.28701502084732056,0.054731011390686035,0.13869155943393707,-0.5016932487487793,0.28593307733535767,0.1480562388896942,-0.651193380355835,0.582138180732727,0.4771345853805542,0.05269861966371536,0.02898523211479187,0.432114839553833,-0.3035161793231964,0.09706445038318634,0.42021211981773376,-0.39977046847343445,0.3340505063533783,0.39779406785964966,-0.3900461494922638,0.5420636534690857
105,0.369141161441803,0.7821180820465088,0.12255494296550751,0.008009282872080803,0.5795305967330933,0.2538071274757385,-0.4838252365589142,0.4354426860809326,0.23805418610572815,-0.6811240911483765,0.5086730718612671,0.29358047246932983,-0.6117128729820251,0.20751847326755524,0.3025990128517151,-0.2605004906654358,0.05889623984694481,0.0666022002696991,-0.4009411931037903,-0.21683922410011292,0.11615981161594391,-0.4824453592300415,-0.4058048725128174,0.3365824818611145,-0.36523255705833435,-0.6195833683013916,0.5548933148384094,-0.008020216599106789,0.00938472617417574,7.639257819391787e-05,-0.08062787353992462,-0.34983372688293457,0.07515256106853485,-0.09535332024097443,-0.5072475075721741,0.31219321489334106,-0.09199579060077667,-0.666460394859314,0.6632586717605591,0.21493911743164062,-0.00829230435192585,-0.006094102282077074,0.19343915581703186,-0.2886536717414856,0.058877892792224884,0.13690924644470215,-0.4900292158126831,0.30145612359046936,0.15919142961502075,-0.6244702339172363,0.6035510301589966,0.47897371649742126,0.04907352849841118,0.01838691718876362,0.43503454327583313,-0.3100527822971344,0.09005925804376602,0.4275084137916565,-0.4006018042564392,0.3395717144012451,0.4160562753677368,-0.3931088447570801,0.5466742515563965
106,0.3474210500717163,0.7509646415710449,0.15685014426708221,0.023562487214803696,0.5776211023330688,0.24098747968673706,-0.4592723846435547,0.40308475494384766,0.24206605553627014,-0.6789053678512573,0.49874556064605713,0.29869306087493896,-0.6080557703971863,0.20510995388031006,0.3048219084739685,-0.262600839138031,0.05896235257387161,0.06780348718166351,-0.39648330211639404,-0.20846211910247803,0.12132322043180466,-0.4454714059829712,-0.3961375951766968,0.3147512972354889,-0.33386263251304626,-0.6204701662063599,0.5487523078918457,-0.007844602689146996,0.009438542649149895,0.0004009988624602556,-0.08127039670944214,-0.353829562664032,0.07398951053619385,-0.08981446176767349,-0.4900047779083252,0.32671666145324707,-0.09330293536186218,-0.6641542911529541,0.6815211772918701,0.21615134179592133,-0.0123183224350214,-0.010491359047591686,0.18883967399597168,-0.28621813654899597,0.0611676424741745,0.14975745975971222,-0.4646609127521515,0.33098888397216797,0.1632116436958313,-0.5975578427314758,0.6175962686538696,0.484804630279541,0.04505563899874687,0.011269832961261272,0.43671831488609314,-0.31645262241363525,0.07973472028970718,0.42745065689086914,-0.4015595316886902,0.3463975787162781,0.42326250672340393,-0.39227697253227234,0.5560068488121033
107,0.3367326855659485,0.7357571125030518,0.18538184463977814,0.037821635603904724,0.5744729042053223,0.2393970489501953,-0.43435049057006836,0.3633967638015747,0.2566149830818176,-0.6768299341201782,0.48683100938796997,0.312890887260437,-0.5901183485984802,0.19007283449172974,0.31457090377807617,-0.2639542818069458,0.055457569658756256,0.06969746947288513,-0.39297690987586975,-0.20380640029907227,0.12401947379112244,-0.42257213592529297,-0.3907454013824463,0.29444631934165955,-0.3785955309867859,-0.5962543487548828,0.565476655960083,-0.004548836965113878,0.011352256871759892,0.0021404221188277006,-0.08331625163555145,-0.35428309440612793,0.07280457019805908,-0.08843907713890076,-0.48098260164260864,0.33623963594436646,-0.09376141428947449,-0.6565386652946472,0.6924431920051575,0.21689970791339874,-0.009031569585204124,-0.013308746740221977,0.18478551506996155,-0.282905638217926,0.06033402681350708,0.15689614415168762,-0.4490451216697693,0.3464120626449585,0.16554036736488342,-0.5814352631568909,0.6279630064964294,0.4850083589553833,0.04777317866683006,0.0063417828641831875,0.44008922576904297,-0.31618115305900574,0.0657358467578888,0.4276975989341736,-0.40226709842681885,0.34719616174697876,0.42708104848861694,-0.39461708068847656,0.5565111637115479
108,0.34700489044189453,0.7302848100662231,0.1805558055639267,0.03354703262448311,0.5716179013252258,0.24878573417663574,-0.42480283975601196,0.3580903112888336,0.26354724168777466,-0.6851929426193237,0.48549479246139526,0.28990405797958374,-0.6021647453308105,0.18642191588878632,0.30123236775398254,-0.2641221880912781,0.05388469249010086,0.06650738418102264,-0.3892146348953247,-0.20854094624519348,0.12346141040325165,-0.4425384998321533,-0.3983429968357086,0.32071223855018616,-0.3492092192173004,-0.6056369543075562,0.5534982085227966,-0.0030453838407993317,0.012079520151019096,0.0024312399327754974,-0.08208721876144409,-0.3540841042995453,0.07506044209003448,-0.09123170375823975,-0.4765649437904358,0.3419153094291687,-0.09703858196735382,-0.6525014042854309,0.7026834487915039,0.2151554375886917,-0.006971017457544804,-0.009725486859679222,0.18378189206123352,-0.28359320759773254,0.06195779889822006,0.15382930636405945,-0.44186604022979736,0.35467538237571716,0.1648375391960144,-0.5729917287826538,0.6367971897125244,0.4791811406612396,0.04593876376748085,0.014865937642753124,0.4357246160507202,-0.3141276240348816,0.07145844399929047,0.4220481216907501,-0.40062087774276733,0.34945303201675415,0.41896605491638184,-0.3980552554130554,0.5577757954597473
109,0.3727048635482788,0.7530020475387573,0.1512165516614914,-0.0063449908047914505,0.5397449135780334,0.28138986229896545,-0.47401732206344604,0.4019606411457062,0.24156424403190613,-0.6923806667327881,0.49306339025497437,0.2800096571445465,-0.6147096157073975,0.18722954392433167,0.2905516028404236,-0.263273149728775,0.0536743625998497,0.06449801474809647,-0.38793015480041504,-0.2132798731327057,0.1229436844587326,-0.45408040285110474,-0.40362587571144104,0.3417263627052307,-0.334075003862381,-0.614863932132721,0.5572251081466675,-0.002027619630098343,0.01233171671628952,0.0024459962733089924,-0.07995180040597916,-0.3544117212295532,0.08010789006948471,-0.09302867949008942,-0.47603535652160645,0.3452100157737732,-0.09879788756370544,-0.6541281938552856,0.7087057828903198,0.21451300382614136,-0.0083574578166008,-0.008168716914951801,0.1841418296098709,-0.28684088587760925,0.06330962479114532,0.15156611800193787,-0.44228291511535645,0.35812756419181824,0.1658446490764618,-0.5737975239753723,0.6403513550758362,0.47812575101852417,0.041659608483314514,0.016432903707027435,0.43140894174575806,-0.3169054388999939,0.0776711106300354,0.41998350620269775,-0.403883695602417,0.35010188817977905,0.416022926568985,-0.40298962593078613,0.5570827126502991
110,0.3787655234336853,0.763272762298584,0.15621323883533478,-0.03000699169933796,0.5199909806251526,0.3003612160682678,-0.5036691427230835,0.4234600067138672,0.22328978776931763,-0.703499972820282,0.48931634426116943,0.2713916301727295,-0.6400258541107178,0.19448596239089966,0.2793293595314026,-0.26539504528045654,0.05127502977848053,0.061746641993522644,-0.38845089077949524,-0.2182142734527588,0.11502007395029068,-0.4600406289100647,-0.4121045470237732,0.3369305729866028,-0.3262571394443512,-0.6244301795959473,0.5525178909301758,-0.0022119791246950626,0.012198890559375286,0.002153700450435281,-0.07611773908138275,-0.35350745916366577,0.07596658915281296,-0.0954834371805191,-0.48038041591644287,0.3363133668899536,-0.10428392887115479,-0.6594078540802002,0.6971338987350464,0.2148132473230362,-0.005876173730939627,-0.001591414911672473,0.18491700291633606,-0.2860977053642273,0.06199439615011215,0.1457100510597229,-0.44486117362976074,0.35345178842544556,0.1585659682750702,-0.5813266038894653,0.6329887509346008,0.47699445486068726,0.04104189947247505,0.029066480696201324,0.42838889360427856,-0.31623873114585876,0.0833049938082695,0.4175719618797302,-0.4090515375137329,0.34646204113960266,0.40810835361480713,-0.4076472520828247,0.5528247356414795
111,0.38468125462532043,0.7724381685256958,0.15792357921600342,-0.036252982914447784,0.5262377262115479,0.28753140568733215,-0.5128453373908997,0.436577707529068,0.22486408054828644,-0.6937746405601501,0.4416810870170593,0.27236202359199524,-0.6596629023551941,0.2048768699169159,0.3187939524650574,-0.260966956615448,0.053816914558410645,0.06108903884887695,-0.40089744329452515,-0.22227302193641663,0.10257042944431305,-0.47350382804870605,-0.42092379927635193,0.3294276297092438,-0.32962852716445923,-0.6293708086013794,0.5553625822067261,-0.001138718449510634,0.011900573968887329,0.0023975379299372435,-0.07490620017051697,-0.3548974096775055,0.06984352320432663,-0.08503267168998718,-0.5041869878768921,0.32949844002723694,-0.14360561966896057,-0.687484860420227,0.6788277626037598,0.21554799377918243,-0.0045247795060276985,0.00023024209076538682,0.19461114704608917,-0.28959885239601135,0.06371548026800156,0.15031296014785767,-0.4525892734527588,0.3370204567909241,0.16061902046203613,-0.5836119651794434,0.6202754974365234,0.478487491607666,0.04204484820365906,0.03255598247051239,0.4305994212627411,-0.31781917810440063,0.10681573301553726,0.41577696800231934,-0.4140346348285675,0.3454008400440216,0.4063301682472229,-0.41038382053375244,0.5556749701499939
112,0.3879002332687378,0.7774254083633423,0.15885424613952637,-0.03965168446302414,0.5296368598937988,0.28055018186569214,-0.5178384780883789,0.44371557235717773,0.22572071850299835,-0.6884826421737671,0.4157607853412628,0.27289003133773804,-0.6703482270240784,0.21053098142147064,0.34026825428009033,-0.2585574686527252,0.05520005524158478,0.06073120981454849,-0.40767014026641846,-0.22448155283927917,0.09579606354236603,-0.48082971572875977,-0.42572271823883057,0.325344979763031,-0.3314630389213562,-0.6320592164993286,0.5569104552268982,-0.0005547129549086094,0.011738247238099575,0.002530219964683056,-0.07424695044755936,-0.3556537330150604,0.06651170551776886,-0.07934598624706268,-0.5171411037445068,0.3257901668548584,-0.16500218212604523,-0.7027627229690552,0.6688666343688965,0.21594780683517456,-0.0037894302513450384,0.001221480779349804,0.19988614320755005,-0.2915039658546448,0.06465199589729309,0.15281759202480316,-0.4567944407463074,0.3280795216560364,0.1617361605167389,-0.5848554968833923,0.613357663154602,0.4792999029159546,0.04259059578180313,0.03445476293563843,0.43180227279663086,-0.31867915391921997,0.11960889399051666,0.4148002564907074,-0.4167461395263672,0.34482342004776,0.4053625762462616,-0.41187289357185364,0.5572258830070496
113,0.3676433563232422,0.799260139465332,0.1503322720527649,-0.034516774117946625,0.5548753142356873,0.2719777226448059,-0.5206200480461121,0.4430181384086609,0.25393176078796387,-0.6685829162597656,0.3655146360397339,0.2815447449684143,-0.7166800498962402,0.24360936880111694,0.332999050617218,-0.25816377997398376,0.05096147954463959,0.07068486511707306,-0.42303478717803955,-0.24528291821479797,0.09422288835048676,-0.48379647731781006,-0.42972275614738464,0.3315936326980591,-0.3892936408519745,-0.6351231336593628,0.5469887852668762,-0.003548035630956292,0.010037876665592194,0.0027837762609124184,-0.07244765758514404,-0.3531858026981354,0.06515031307935715,-0.06979352235794067,-0.5312143564224243,0.296776682138443,-0.11547401547431946,-0.6706202626228333,0.6437415480613708,0.2099362462759018,-0.003209603950381279,-0.0019059128826484084,0.19841399788856506,-0.28817781805992126,0.0583493635058403,0.1634075790643692,-0.46755868196487427,0.3131919205188751,0.1734730303287506,-0.6385849714279175,0.5861914157867432,0.48739033937454224,0.04034531116485596,0.018056007102131844,0.4401845335960388,-0.31917423009872437,0.12100975960493088,0.4327104091644287,-0.40582287311553955,0.3392876982688904,0.42704567313194275,-0.407511830329895,0.5515367388725281
114,0.32359015941619873,0.7725718021392822,0.1852455735206604,-0.05054387450218201,0.5496317148208618,0.3144766688346863,-0.5023548007011414,0.4353588819503784,0.27264970541000366,-0.6939619183540344,0.2978457510471344,0.28757357597351074,-0.6735669374465942,0.20887434482574463,0.3057384490966797,-0.27126041054725647,0.04462916776537895,0.07649526000022888,-0.4214327335357666,-0.270497590303421,0.0680837482213974,-0.47186294198036194,-0.46348363161087036,0.2933517098426819,-0.4032753109931946,-0.6704666614532471,0.5020955801010132,-0.005255759693682194,0.00902845524251461,0.0022353711538016796,-0.0668831467628479,-0.356143057346344,0.03567655757069588,-0.08249185979366302,-0.5621911287307739,0.24687117338180542,-0.15594229102134705,-0.7352153658866882,0.6036671996116638,0.20808815956115723,0.004842454567551613,-0.003002977930009365,0.19713720679283142,-0.2887522280216217,0.04067269712686539,0.17042678594589233,-0.47204723954200745,0.29636573791503906,0.15140679478645325,-0.7068026661872864,0.5549489259719849,0.4879686236381531,0.047388993203639984,0.009448852390050888,0.4477960467338562,-0.30327108502388,0.11633734405040741,0.44180166721343994,-0.4117092788219452,0.31105244159698486,0.44451820850372314,-0.4473397731781006,0.520300567150116
115,0.28985387086868286,0.7625877857208252,0.20360830426216125,-0.05980053171515465,0.5588570833206177,0.33478957414627075,-0.49810636043548584,0.4145243763923645,0.2708413898944855,-0.6942671537399292,0.27599361538887024,0.2773517668247223,-0.5805156230926514,0.10604768246412277,0.18803851306438446,-0.2769777178764343,0.03737447038292885,0.07922594249248505,-0.4077223539352417,-0.27439188957214355,0.03929527848958969,-0.4727482795715332,-0.48286253213882446,0.24189075827598572,-0.42112886905670166,-0.6917972564697266,0.4543567895889282,-0.004991594702005386,0.009126227349042892,0.0035820386838167906,-0.06769810616970062,-0.3637598156929016,0.0033178292214870453,-0.09532712399959564,-0.5882682800292969,0.19980475306510925,-0.17885814607143402,-0.7832645177841187,0.552678108215332,0.20876416563987732,0.008181127719581127,-0.005074045620858669,0.19481372833251953,-0.2872869372367859,0.02615457773208618,0.17486213147640228,-0.47603660821914673,0.2754395306110382,0.14023642241954803,-0.7442808151245117,0.5277194976806641,0.4909243583679199,0.05465443804860115,0.004058874677866697,0.4481698274612427,-0.29400521516799927,0.10931552946567535,0.44591376185417175,-0.41989678144454956,0.28289052844047546,0.4541941285133362,-0.4750977158546448,0.5014310479164124
116,0.2863849699497223,0.7735573053359985,0.2180895209312439,-0.06321406364440918,0.5015572309494019,0.37807372212409973,-0.4577738046646118,0.3180783689022064,0.31808194518089294,-0.6571689248085022,0.2650911808013916,0.31423458456993103,-0.4082072675228119,0.07557807117700577,0.08382072299718857,-0.28347212076187134,0.03783436864614487,0.09252670407295227,-0.42861074209213257,-0.2633535861968994,0.015289410948753357,-0.48319053649902344,-0.48978790640830994,0.18625810742378235,-0.4558679759502411,-0.7197290658950806,0.3950726389884949,-0.005816095974296331,0.00842037983238697,0.004087779670953751,-0.07803821563720703,-0.37580764293670654,-0.03613964095711708,-0.12360654771327972,-0.6108989715576172,0.15114600956439972,-0.19678843021392822,-0.8340152502059937,0.46717169880867004,0.20709916949272156,0.010406187735497952,-0.004842542111873627,0.20055359601974487,-0.2922822833061218,0.0060113705694675446,0.17559826374053955,-0.4914475977420807,0.2351621687412262,0.11302286386489868,-0.793479859828949,0.47898268699645996,0.4859899878501892,0.06142944470047951,0.024948105216026306,0.45240485668182373,-0.2933371663093567,0.08134251087903976,0.4467149078845978,-0.4438391327857971,0.26253142952919006,0.45447301864624023,-0.5100942850112915,0.48904508352279663
117,0.27286314964294434,0.7793401479721069,0.2273835837841034,-0.06547131389379501,0.4893513023853302,0.3846355676651001,-0.45304131507873535,0.2982722520828247,0.3160543143749237,-0.6825056672096252,0.22646638751029968,0.29930537939071655,-0.40614521503448486,0.012769084423780441,0.028290679678320885,-0.2861728370189667,0.037133581936359406,0.09681504964828491,-0.43878886103630066,-0.2592591941356659,0.003940082620829344,-0.4898361563682556,-0.4830965995788574,0.1450316607952118,-0.4859970808029175,-0.735611081123352,0.3770977854728699,-0.007225259207189083,0.0073564485646784306,0.004093455616384745,-0.07229304313659668,-0.3764190077781677,-0.037861451506614685,-0.13765540719032288,-0.63796067237854,0.12632977962493896,-0.21479278802871704,-0.8725274205207825,0.4255788326263428,0.2125796377658844,0.006059883162379265,-0.0028688833117485046,0.20416493713855743,-0.2966947853565216,-0.009085816331207752,0.18241187930107117,-0.5122606754302979,0.20197796821594238,0.1389710009098053,-0.8206701874732971,0.44939130544662476,0.47882822155952454,0.07302799820899963,0.016602426767349243,0.46212053298950195,-0.28655773401260376,0.07673067599534988,0.457796573638916,-0.45434534549713135,0.2533019185066223,0.4912714660167694,-0.540519118309021,0.47205930948257446
118,0.26268771290779114,0.784824550151825,0.22366416454315186,-0.06380262970924377,0.48470601439476013,0.38617148995399475,-0.44474726915359497,0.28680160641670227,0.3142263889312744,-0.6909138560295105,0.18429961800575256,0.2872674763202667,-0.40652400255203247,-0.027694817632436752,-0.013063117861747742,-0.2874948978424072,0.03708285093307495,0.09949873387813568,-0.44340115785598755,-0.25684821605682373,-0.0014203169848769903,-0.49336862564086914,-0.4800163209438324,0.12310506403446198,-0.5031330585479736,-0.7472854852676392,0.3622821569442749,-0.008041306398808956,0.006948177702724934,0.0041352976113557816,-0.0688391849398613,-0.3758126497268677,-0.03741903230547905,-0.14368398487567902,-0.6512628197669983,0.11399185657501221,-0.22575706243515015,-0.8929391503334045,0.4043341875076294,0.21574942767620087,0.004004086367785931,-0.001299610361456871,0.20660445094108582,-0.29875651001930237,-0.01574387401342392,0.1864524483680725,-0.5238385796546936,0.1841646134853363,0.10434938967227936,-0.8554201126098633,0.4209352433681488,0.47423774003982544,0.0783473551273346,0.013280929997563362,0.4670100808143616,-0.2829055190086365,0.0785737857222557,0.4639919400215149,-0.4619700014591217,0.2516695559024811,0.5102680921554565,-0.5582617521286011,0.46565037965774536
119,0.22571979463100433,0.767849862575531,0.25862428545951843,-0.06325748562812805,0.46869415044784546,0.41505539417266846,-0.41392356157302856,0.283469557762146,0.31699347496032715,-0.657037615776062,0.056332770735025406,0.27189332246780396,-0.38632631301879883,-0.04762139916419983,0.001313572283834219,-0.28856360912323,0.03262132778763771,0.09826269745826721,-0.439343124628067,-0.27316707372665405,-0.01629217155277729,-0.49488505721092224,-0.49792248010635376,0.09787115454673767,-0.4994061589241028,-0.7647042274475098,0.3481876254081726,-0.008606210350990295,0.00606217235326767,0.0034562377259135246,-0.06845350563526154,-0.37614381313323975,-0.06021818518638611,-0.14566656947135925,-0.6548923254013062,0.08901001513004303,-0.2287680208683014,-0.913426399230957,0.36349254846572876,0.2116745561361313,0.01444800291210413,-0.0012639530468732119,0.20866253972053528,-0.29522353410720825,-0.02449222281575203,0.18507105112075806,-0.5330762267112732,0.16792699694633484,0.09264706820249557,-0.8793138265609741,0.40238991379737854,0.486874520778656,0.08609363436698914,0.01837651990354061,0.4691537618637085,-0.2687501609325409,0.06767171621322632,0.46168601512908936,-0.4518294930458069,0.24147795140743256,0.5012906789779663,-0.5725140571594238,0.45820701122283936
120,0.2017798125743866,0.7487889528274536,0.28909093141555786,-0.03300665318965912,0.4358053505420685,0.4218795895576477,-0.3813091218471527,0.2684650719165802,0.33595481514930725,-0.6100760698318481,-0.030601954087615013,0.27171891927719116,-0.352766215801239,-0.06485621631145477,-9.510235395282507e-05,-0.2885860502719879,0.029960766434669495,0.10267028212547302,-0.4393647313117981,-0.28443536162376404,-0.02065831795334816,-0.4955160319805145,-0.5144631862640381,0.07754307985305786,-0.4966396689414978,-0.7779001593589783,0.3322597146034241,-0.010084763169288635,0.00549898948520422,0.00337491394020617,-0.06916999071836472,-0.37654048204421997,-0.07520757615566254,-0.14484146237373352,-0.6597040891647339,0.07108619809150696,-0.22721709311008453,-0.9276022911071777,0.3388015329837799,0.21188542246818542,0.021490316838026047,-0.0048541901633143425,0.209837406873703,-0.2946621775627136,-0.026896947994828224,0.1862611621618271,-0.533806562423706,0.16676118969917297,0.09328770637512207,-0.8865717649459839,0.3999550938606262,0.5008018016815186,0.0881832093000412,0.01029648631811142,0.4699016213417053,-0.27563273906707764,0.05966983735561371,0.46026623249053955,-0.44056254625320435,0.24025556445121765,0.4983087480068207,-0.5591473579406738,0.46959930658340454
121,0.19313913583755493,0.7535404562950134,0.2908758521080017,-0.02279573120176792,0.4194018244743347,0.4331204891204834,-0.3664875030517578,0.25217318534851074,0.35290056467056274,-0.5826842784881592,-0.07729891687631607,0.281705379486084,-0.3517220616340637,-0.06993607431650162,-0.004101939499378204,-0.28871458768844604,0.02865629643201828,0.10606229305267334,-0.4377919137477875,-0.2903238534927368,-0.016389619559049606,-0.4965766966342926,-0.5219178795814514,0.06289979815483093,-0.5030856728553772,-0.7890645265579224,0.31050607562065125,-0.011381618678569794,0.004829017445445061,0.0031783031299710274,-0.07079632580280304,-0.37603968381881714,-0.07482078671455383,-0.14317315816879272,-0.6621776223182678,0.06723397970199585,-0.225221186876297,-0.9373371601104736,0.32270780205726624,0.21187463402748108,0.02338281273841858,-0.009335344657301903,0.21042978763580322,-0.29447460174560547,-0.027331680059432983,0.18806836009025574,-0.534568727016449,0.1675369292497635,0.09482395648956299,-0.8928044438362122,0.3936222195625305,0.488771915435791,0.09564182162284851,0.006623260211199522,0.472680926322937,-0.27669191360473633,0.05366966873407364,0.46701085567474365,-0.43792855739593506,0.23502787947654724,0.510810911655426,-0.5598043203353882,0.4665658473968506
122,0.1793564260005951,0.7863558530807495,0.2576647698879242,-0.0014836480841040611,0.49239373207092285,0.4080168902873993,-0.3562270700931549,0.2628132104873657,0.36625558137893677,-0.5691353678703308,-0.05893522500991821,0.29985857009887695,-0.32606303691864014,-0.061040427535772324,-0.009644336067140102,-0.28957033157348633,0.027682170271873474,0.11153353750705719,-0.4329860210418701,-0.2962254285812378,-0.011204219423234463,-0.5036723613739014,-0.5153966546058655,0.07284477353096008,-0.5123348832130432,-0.7786165475845337,0.30890655517578125,-0.0122064258903265,0.004805458709597588,0.003741516498848796,-0.06866588443517685,-0.37519049644470215,-0.06815075874328613,-0.13934528827667236,-0.6653763651847839,0.06922568380832672,-0.21999365091323853,-0.9357471466064453,0.3259795010089874,0.21670229732990265,0.013031695038080215,-0.011140990070998669,0.21259470283985138,-0.2987654507160187,-0.03218851983547211,0.1922713965177536,-0.5365203619003296,0.16336272656917572,0.1291542798280716,-0.8729531764984131,0.40395063161849976,0.48495596647262573,0.09808176755905151,-0.009039469063282013,0.4741111993789673,-0.276691198348999,0.053370118141174316,0.47397059202194214,-0.4494903087615967,0.22822919487953186,0.5124408006668091,-0.5621971487998962,0.44796401262283325
123,0.17601265013217926,0.7997835874557495,0.23444528877735138,0.0024478635750710964,0.525307297706604,0.39837777614593506,-0.35839542746543884,0.25730618834495544,0.36665159463882446,-0.5698347091674805,-0.047799691557884216,0.295244038105011,-0.31384944915771484,-0.05870625376701355,-0.009688498452305794,-0.28987252712249756,0.029331086203455925,0.11207664757966995,-0.43533462285995483,-0.29909807443618774,-0.009158706292510033,-0.5120788216590881,-0.5144645571708679,0.08070386946201324,-0.5196480751037598,-0.7759075164794922,0.31435781717300415,-0.012370346114039421,0.004682112019509077,0.004026725888252258,-0.06937824189662933,-0.37573063373565674,-0.06760067492723465,-0.13822528719902039,-0.6695042848587036,0.06793876737356186,-0.21892496943473816,-0.935074508190155,0.33412110805511475,0.2200501263141632,0.0077907308004796505,-0.007755676284432411,0.21306416392326355,-0.30017414689064026,-0.033286530524492264,0.19232425093650818,-0.5388790965080261,0.15989720821380615,0.14478245377540588,-0.8636577129364014,0.41541585326194763,0.4842180609703064,0.09632844477891922,-0.010913324542343616,0.47119277715682983,-0.278683602809906,0.05868887901306152,0.47430726885795593,-0.45214638113975525,0.23368340730667114,0.5163326263427734,-0.5635637640953064,0.43895313143730164
124,0.1722031682729721,0.8009520173072815,0.23613741993904114,-0.0029113227501511574,0.5345775485038757,0.39509016275405884,-0.36848610639572144,0.25989240407943726,0.3547465205192566,-0.5730897188186646,-0.04216529428958893,0.28682416677474976,-0.31275349855422974,-0.05627889931201935,-0.014447460882365704,-0.2899858355522156,0.031024012714624405,0.1100204735994339,-0.43577831983566284,-0.296236515045166,-0.013772031292319298,-0.5163444876670837,-0.5144583582878113,0.07621508836746216,-0.5273427963256836,-0.7776196599006653,0.3036852478981018,-0.012162957340478897,0.004592538811266422,0.0040453835390508175,-0.06914307177066803,-0.37430891394615173,-0.07366406917572021,-0.13960057497024536,-0.6734644174575806,0.053686365485191345,-0.2221938520669937,-0.935123085975647,0.3255489766597748,0.2210707664489746,0.004681499674916267,-0.00306513044051826,0.2120690941810608,-0.29823946952819824,-0.03439849615097046,0.1902347207069397,-0.542341411113739,0.14874474704265594,0.14568111300468445,-0.8632142543792725,0.41237419843673706,0.4831918478012085,0.09652811288833618,-0.004140615928918123,0.46606627106666565,-0.2795194089412689,0.06957841664552689,0.46958476305007935,-0.4518708288669586,0.24245861172676086,0.5181941986083984,-0.5590323209762573,0.438081294298172
125,0.17189568281173706,0.8118090629577637,0.23596185445785522,-0.004756265319883823,0.5413863658905029,0.39510369300842285,-0.37383460998535156,0.26245296001434326,0.35644638538360596,-0.5712878108024597,-0.04347057640552521,0.2920984625816345,-0.3051483631134033,-0.04742047190666199,-0.024247895926237106,-0.2892587184906006,0.031563643366098404,0.11292023211717606,-0.4482497274875641,-0.27955323457717896,-0.021850066259503365,-0.5182157158851624,-0.5217750668525696,0.07796675711870193,-0.5336291790008545,-0.7857387065887451,0.29299360513687134,-0.012573150917887688,0.004268631339073181,0.004145851358771324,-0.06596686691045761,-0.3734343647956848,-0.06369124352931976,-0.13956943154335022,-0.6784586906433105,0.049047067761421204,-0.221248596906662,-0.9375262260437012,0.3192211985588074,0.2195647656917572,0.003330086823552847,-0.0038577639497816563,0.2131270468235016,-0.2968570590019226,-0.03527016565203667,0.19316260516643524,-0.5418382883071899,0.14461743831634521,0.15181571245193481,-0.857459545135498,0.4099595844745636,0.4850703477859497,0.09800082445144653,-0.005846530199050903,0.46294647455215454,-0.2770981192588806,0.06737223267555237,0.47337672114372253,-0.45417386293411255,0.23599103093147278,0.5281146168708801,-0.5632545948028564,0.4298437833786011
126,0.17163223028182983,0.8113052845001221,0.24039484560489655,-0.005798972211778164,0.5416737794876099,0.3952077329158783,-0.37533169984817505,0.2665044367313385,0.35257524251937866,-0.5736393928527832,-0.037836819887161255,0.29946327209472656,-0.3023814857006073,-0.03588389605283737,-0.03129987418651581,-0.28881406784057617,0.03275127336382866,0.11525323987007141,-0.45535755157470703,-0.2692984342575073,-0.025622937828302383,-0.5206173658370972,-0.5239076614379883,0.07781517505645752,-0.5383379459381104,-0.7913691997528076,0.2857261300086975,-0.012467221356928349,0.004202321171760559,0.004304911475628614,-0.06407047063112259,-0.3731882572174072,-0.057675085961818695,-0.1390807032585144,-0.681222677230835,0.048157066106796265,-0.22175194323062897,-0.9406188726425171,0.3138974905014038,0.21929007768630981,0.001712451339699328,-0.004997897427529097,0.21392960846424103,-0.29694974422454834,-0.036340370774269104,0.1968938708305359,-0.5409525036811829,0.14321497082710266,0.15691348910331726,-0.8513294458389282,0.4089909791946411,0.4869787096977234,0.09679002314805984,-0.007269207388162613,0.4614429473876953,-0.2760161757469177,0.06499364972114563,0.47596198320388794,-0.45800113677978516,0.2277527004480362,0.5334786176681519,-0.5658615827560425,0.423508882522583
127,0.1363649219274521,0.8001132607460022,0.24073806405067444,-0.03839311748743057,0.48839065432548523,0.42670777440071106,-0.36685213446617126,0.26237815618515015,0.35069942474365234,-0.5622260570526123,-0.06736917793750763,0.3068475127220154,-0.26300540566444397,-0.02180473878979683,-0.018345344811677933,-0.29058635234832764,0.03218366205692291,0.11748796701431274,-0.4598730802536011,-0.2655073404312134,-0.02575668692588806,-0.5255841612815857,-0.5313948392868042,0.07739399373531342,-0.5429600477218628,-0.794283390045166,0.2905219793319702,-0.012706000357866287,0.0040656644850969315,0.004439340904355049,-0.06683681905269623,-0.38315558433532715,-0.06434549391269684,-0.1334257870912552,-0.6742032766342163,0.06839658319950104,-0.22037480771541595,-0.9418416023254395,0.33173105120658875,0.22182220220565796,0.0035954159684479237,-0.005516271106898785,0.21276506781578064,-0.2998444437980652,-0.036979563534259796,0.19323791563510895,-0.5352261066436768,0.153996080160141,0.15497837960720062,-0.8458758592605591,0.42268866300582886,0.4913972318172455,0.0999574214220047,-0.005312688648700714,0.46042174100875854,-0.27425143122673035,0.07432909309864044,0.4771135449409485,-0.44833552837371826,0.2460588663816452,0.5310096144676208,-0.5360569953918457,0.45307862758636475
128,0.12475015223026276,0.7777892351150513,0.24362075328826904,-0.045953430235385895,0.4622088372707367,0.42992979288101196,-0.3611414432525635,0.26017576456069946,0.3450392484664917,-0.5469306111335754,-0.07760985195636749,0.28517451882362366,-0.236955463886261,-0.034337710589170456,-0.014403244480490685,-0.28783464431762695,0.03096558153629303,0.1187906265258789,-0.44491302967071533,-0.2789328098297119,-0.022060178220272064,-0.5182386636734009,-0.522455632686615,0.06532292813062668,-0.5362542867660522,-0.785569429397583,0.2847374379634857,-0.012624656781554222,0.004283365793526173,0.004677507095038891,-0.06816805899143219,-0.3817808926105499,-0.06755721569061279,-0.12944160401821136,-0.6507728099822998,0.08740369975566864,-0.21534442901611328,-0.9248738288879395,0.34898895025253296,0.2222297042608261,0.006115663796663284,-0.0062529221177101135,0.2102198302745819,-0.29886847734451294,-0.030957689508795738,0.18690694868564606,-0.5239293575286865,0.1760985255241394,0.15313240885734558,-0.8210091590881348,0.44409745931625366,0.49608591198921204,0.08607697486877441,0.008878618478775024,0.4598381221294403,-0.27321505546569824,0.07366221398115158,0.4674292504787445,-0.44045788049697876,0.24955883622169495,0.5008361339569092,-0.5130961537361145,0.47238218784332275
129,0.11985879391431808,0.7473428845405579,0.27701231837272644,-0.053315117955207825,0.4463152587413788,0.4395259618759155,-0.36141520738601685,0.24893291294574738,0.3437764644622803,-0.539415717124939,-0.08657665550708771,0.2680565118789673,-0.21863768994808197,-0.039297766983509064,-0.012554551474750042,-0.28788888454437256,0.02840479463338852,0.11925768852233887,-0.4390530586242676,-0.28769925236701965,-0.011031742207705975,-0.5112797021865845,-0.5184104442596436,0.07055673748254776,-0.52455073595047,-0.7792891263961792,0.2980591952800751,-0.013267641887068748,0.004686879925429821,0.00437639094889164,-0.07302156090736389,-0.3793259859085083,-0.0711858868598938,-0.127996027469635,-0.6312136650085449,0.10867992788553238,-0.2060815691947937,-0.9083006978034973,0.3626887798309326,0.22206376492977142,0.010135725140571594,-0.005673138424754143,0.20785421133041382,-0.2992136478424072,-0.029558056965470314,0.17546048760414124,-0.5189075469970703,0.18591226637363434,0.11743664741516113,-0.8119966387748718,0.44464826583862305,0.48626649379730225,0.09683278203010559,0.011779146268963814,0.45878416299819946,-0.26712682843208313,0.07715333998203278,0.4641161262989044,-0.42815154790878296,0.24923880398273468,0.4844174385070801,-0.5072276592254639,0.48127293586730957
130,0.10720986127853394,0.7437704205513,0.29403823614120483,-0.06000308692455292,0.43989768624305725,0.44177210330963135,-0.3641509413719177,0.2712401747703552,0.32544219493865967,-0.5431443452835083,-0.08433157950639725,0.27701181173324585,-0.1874370574951172,-0.027861643582582474,-0.027518255636096,-0.2884785234928131,0.025885693728923798,0.11605413258075714,-0.4281247854232788,-0.2842184901237488,-0.005905012600123882,-0.5036468505859375,-0.504713773727417,0.08397213369607925,-0.5115818381309509,-0.7629387378692627,0.31351953744888306,-0.01318490132689476,0.005598555319011211,0.004599877633154392,-0.06978029012680054,-0.3709474802017212,-0.05651490390300751,-0.128183975815773,-0.6099107265472412,0.13638031482696533,-0.20618849992752075,-0.8781210780143738,0.401324599981308,0.2216341197490692,0.012747125700116158,-0.006069463677704334,0.1956624537706375,-0.2955263555049896,-0.018368374556303024,0.16730505228042603,-0.5088287591934204,0.20153722167015076,0.09585733711719513,-0.7865342497825623,0.461922824382782,0.4854851961135864,0.0954083502292633,0.019422167912125587,0.45361194014549255,-0.2684774398803711,0.07182803750038147,0.45715585350990295,-0.4100712537765503,0.25789064168930054,0.47150784730911255,-0.48939093947410583,0.49648380279541016
131,0.10032705962657928,0.7418265342712402,0.3033027648925781,-0.06364229321479797,0.43640562891960144,0.4429943263530731,-0.3656395673751831,0.2833784818649292,0.3154657781124115,-0.5451732873916626,-0.08310994505882263,0.2818847894668579,-0.17045950889587402,-0.02163877710700035,-0.035660624504089355,-0.28879937529563904,0.024514947086572647,0.11431095004081726,-0.4221782386302948,-0.2823244333267212,-0.0031153475865721703,-0.49949347972869873,-0.4972608685493469,0.09127200394868851,-0.5045249462127686,-0.754041850566864,0.3219321668148041,-0.013139879330992699,0.006094635464251041,0.004721486009657383,-0.06801658868789673,-0.36638838052749634,-0.04853181540966034,-0.1282862424850464,-0.5983189344406128,0.15145322680473328,-0.20624667406082153,-0.861699104309082,0.4223479628562927,0.22140032052993774,0.014168096706271172,-0.0062851207330822945,0.18902841210365295,-0.2935199439525604,-0.01227960642427206,0.16286733746528625,-0.5033444762229919,0.2100394070148468,0.08411513268947601,-0.7726790904998779,0.4713226556777954,0.48506003618240356,0.09463325887918472,0.02358105033636093,0.45079749822616577,-0.26921236515045166,0.06893032789230347,0.45336848497390747,-0.40023303031921387,0.26259845495224,0.46448320150375366,-0.4796852469444275,0.5047606825828552
132,0.1024799793958664,0.7604180574417114,0.2588711380958557,-0.05194437503814697,0.47127366065979004,0.41597485542297363,-0.38275402784347534,0.2966386079788208,0.29945680499076843,-0.5429476499557495,-0.04926275089383125,0.2969966530799866,-0.3114030361175537,-0.024844776839017868,0.15368659794330597,-0.28439465165138245,0.027112910524010658,0.10885829478502274,-0.4183311462402344,-0.27467793226242065,0.019478633999824524,-0.4840966463088989,-0.4800838828086853,0.13146284222602844,-0.47654348611831665,-0.7264593839645386,0.38923174142837524,-0.012268954887986183,0.005421602167189121,0.004079995211213827,-0.058656446635723114,-0.35398155450820923,-0.012129443697631359,-0.09595123678445816,-0.5814456939697266,0.18283580243587494,-0.19286425411701202,-0.8346991539001465,0.47539547085762024,0.21953445672988892,0.01621093973517418,-0.01161438412964344,0.1960851550102234,-0.2893823981285095,0.009320639073848724,0.17659038305282593,-0.4836620092391968,0.24579256772994995,0.09987509250640869,-0.7332742214202881,0.5075784921646118,0.4859721064567566,0.09327264130115509,0.013401063159108162,0.45042163133621216,-0.2682248651981354,0.06293794512748718,0.44705718755722046,-0.3880159258842468,0.27768680453300476,0.4632670283317566,-0.4616187512874603,0.5120964050292969
133,0.10065405070781708,0.768246054649353,0.2522255778312683,-0.05993827432394028,0.4688532054424286,0.4202169179916382,-0.3856935501098633,0.2856421172618866,0.30447906255722046,-0.4945605993270874,-0.054074473679065704,0.3400065302848816,-0.13673341274261475,0.009282547980546951,0.039510976523160934,-0.2840077877044678,0.026955030858516693,0.10878291726112366,-0.4166531562805176,-0.2775479555130005,0.021774262189865112,-0.472237229347229,-0.4861014485359192,0.14907768368721008,-0.45600682497024536,-0.7315009832382202,0.41228294372558594,-0.011893986724317074,0.004960870370268822,0.0035347547382116318,-0.05306002497673035,-0.35266241431236267,-0.002976460615172982,-0.07711664587259293,-0.5810600519180298,0.1938721239566803,-0.18739554286003113,-0.8332234025001526,0.5047745704650879,0.22166916728019714,0.015256854705512524,-0.010958883911371231,0.19523634016513824,-0.29221904277801514,0.016431432217359543,0.1755228042602539,-0.4791017174720764,0.261235773563385,0.11329686641693115,-0.7191834449768066,0.5262662172317505,0.48274046182632446,0.0907578319311142,0.010459101758897305,0.4487358331680298,-0.27110934257507324,0.05789228156208992,0.4380263686180115,-0.37901967763900757,0.28794190287590027,0.4663006663322449,-0.4616920053958893,0.5014249682426453
134,0.10584388673305511,0.7780217528343201,0.24263155460357666,-0.06756909936666489,0.47249835729599,0.41428250074386597,-0.39991456270217896,0.2733829617500305,0.30826297402381897,-0.505021333694458,-0.045639730989933014,0.3256991505622864,-0.06301005929708481,-0.0023684129118919373,-0.03653610125184059,-0.2830082178115845,0.02545461244881153,0.10764574259519577,-0.4075622260570526,-0.2749926447868347,0.03223923221230507,-0.45514222979545593,-0.475408136844635,0.17910784482955933,-0.44220566749572754,-0.7119413614273071,0.4405055046081543,-0.011640452779829502,0.004976001568138599,0.003003594931215048,-0.04591784626245499,-0.34661296010017395,0.012470127083361149,-0.06347683072090149,-0.5722153782844543,0.2189123034477234,-0.18221578001976013,-0.8225102424621582,0.5311055183410645,0.22231782972812653,0.010738544166088104,-0.011077028699219227,0.1969883143901825,-0.28882402181625366,0.024353504180908203,0.17399154603481293,-0.47329187393188477,0.2692314386367798,0.11989597976207733,-0.7097970247268677,0.5358656644821167,0.4793737530708313,0.09087555855512619,0.006691812537610531,0.4457109570503235,-0.2652798295021057,0.0564558170735836,0.4398222267627716,-0.36517107486724854,0.2607177197933197,0.45695239305496216,-0.4450880289077759,0.5006418228149414
135,0.1044054925441742,0.7726955413818359,0.25577133893966675,-0.06575583666563034,0.4792573153972626,0.40489715337753296,-0.3988262116909027,0.257758229970932,0.3142312169075012,-0.5005407333374023,-0.0395338237285614,0.3327299952507019,0.0079873725771904,-0.00040504621574655175,-0.0785004198551178,-0.2806546688079834,0.024999283254146576,0.10615112632513046,-0.4203336536884308,-0.2867062985897064,0.04205680266022682,-0.4464946687221527,-0.46696561574935913,0.17089757323265076,-0.4190365970134735,-0.7004730701446533,0.4381023645401001,-0.01149693876504898,0.005237934645265341,0.0026587387546896935,-0.04494347423315048,-0.3420252203941345,0.034604914486408234,-0.05410946160554886,-0.5604655146598816,0.2267514318227768,-0.1010943055152893,-0.7242856025695801,0.5503928065299988,0.22204545140266418,0.01177540048956871,-0.011620249599218369,0.19753678143024445,-0.2837314009666443,0.039246127009391785,0.17973259091377258,-0.45809879899024963,0.28436198830604553,0.13522297143936157,-0.6887120604515076,0.5531554222106934,0.4779376983642578,0.09097562730312347,-0.012476978823542595,0.44597434997558594,-0.2591239809989929,0.06025495007634163,0.4458910822868347,-0.3525691330432892,0.25222232937812805,0.428894579410553,-0.41939783096313477,0.5226063132286072
136,0.09405359625816345,0.760895848274231,0.2926887273788452,-0.114570751786232,0.4308946132659912,0.42537444829940796,-0.44373926520347595,0.1810014545917511,0.29792606830596924,-0.6124953031539917,-0.00895311962813139,0.2132800817489624,0.12170714884996414,-0.0021547279320657253,0.07446768879890442,-0.28526782989501953,0.0024338606745004654,0.07616539299488068,-0.4055570662021637,-0.2921634316444397,0.02333930693566799,-0.413870632648468,-0.46917223930358887,0.1857946366071701,-0.3872204124927521,-0.6943767070770264,0.47101274132728577,-0.011915360577404499,0.006165350787341595,0.0008571706712245941,-0.022948363795876503,-0.33263978362083435,0.040321625769138336,-0.04292050376534462,-0.5457797050476074,0.2618497610092163,-0.06341427564620972,-0.6344552636146545,0.5749078392982483,0.21288186311721802,0.03046996518969536,0.004561543930321932,0.20241937041282654,-0.2785499095916748,0.08363166451454163,0.1695503294467926,-0.4221341013908386,0.34351348876953125,0.12535715103149414,-0.6120445132255554,0.6239218711853027,0.45461761951446533,0.1371345967054367,0.046808358281850815,0.43375134468078613,-0.2221764773130417,0.13305731117725372,0.42631837725639343,-0.32303890585899353,0.3336184620857239,0.3751005530357361,-0.3504960536956787,0.5758144855499268
137,0.10724988579750061,0.5703790187835693,0.43237292766571045,-0.03276646509766579,0.3081439435482025,0.44210928678512573,-0.4056827425956726,0.028833620250225067,0.2046329230070114,-0.5511161088943481,-0.11900122463703156,0.1154303178191185,-0.175560861825943,-0.1792459934949875,-0.03979223594069481,-0.26878106594085693,-0.07854463160037994,-0.0011040456593036652,-0.31619149446487427,-0.3327101469039917,0.0063295988366007805,-0.3459709882736206,-0.5038491487503052,0.18955712020397186,-0.3688126802444458,-0.6897373795509338,0.42857304215431213,-0.029055772349238396,0.009497387334704399,-0.005299901124089956,-0.0545184426009655,-0.28464022278785706,0.08116695284843445,-0.09832964837551117,-0.4603728652000427,0.30030640959739685,-0.1837855577468872,-0.5862433910369873,0.636062741279602,0.16148492693901062,0.08404407650232315,0.05066109821200371,0.11248712986707687,-0.17106732726097107,0.14833956956863403,0.08799654245376587,-0.2790027856826782,0.394074022769928,0.07052334398031235,-0.2740473449230194,0.5441997051239014,0.37050893902778625,0.2035772055387497,0.150985985994339,0.3170038163661957,-0.060333412140607834,0.2955480217933655,0.2901245951652527,-0.16235560178756714,0.44075876474380493,0.19969581067562103,-0.15649203956127167,0.6178907752037048
138,0.11443053185939789,0.46671098470687866,0.5083808898925781,0.011746620759367943,0.24135024845600128,0.4512154161930084,-0.3849746286869049,-0.053967177867889404,0.15386827290058136,-0.517717182636261,-0.1788829267024994,0.06218622624874115,-0.3373166620731354,-0.2756086587905884,-0.1019657701253891,-0.2598099708557129,-0.12260836362838745,-0.04314953088760376,-0.26756399869918823,-0.35477328300476074,-0.0029260851442813873,-0.30902400612831116,-0.5227182507514954,0.19160443544387817,-0.35879629850387573,-0.6872129440307617,0.4054798483848572,-0.038382574915885925,0.011310486122965813,-0.008650217205286026,-0.07169702649116516,-0.2585216760635376,0.1033925712108612,-0.12848004698753357,-0.4138994812965393,0.32123225927352905,-0.2492845356464386,-0.5600093603134155,0.669339656829834,0.13351772725582123,0.11319595575332642,0.07574576884508133,0.06355128437280655,-0.11258163303136826,0.18354982137680054,0.04361975938081741,-0.20111912488937378,0.4215860962867737,0.04068600758910179,-0.09012913703918457,0.5008195638656616,0.3247419595718384,0.23973137140274048,0.2076733261346817,0.25347667932510376,0.02773207798600197,0.3839659094810486,0.21601594984531403,-0.07492118328809738,0.49905824661254883,0.10425086319446564,-0.050926461815834045,0.6407862305641174
139,0.33428773283958435,0.5257110595703125,0.41396209597587585,0.3043070137500763,0.20433586835861206,0.15616893768310547,0.06950093805789948,-0.1891610324382782,-0.06670237332582474,-0.08428284525871277,-0.44718486070632935,-0.09987407922744751,0.16440407931804657,-0.7401072382926941,-0.2391262948513031,-0.054252006113529205,-0.17104366421699524,-0.06403015553951263,-0.137277752161026,-0.4209889769554138,-0.07403641939163208,-0.2279449850320816,-0.5673893690109253,-0.05070041865110397,-0.29085880517959595,-0.7682949304580688,-0.024067938327789307,-0.023906443268060684,0.009010466746985912,-0.007061663083732128,-0.14868628978729248,-0.2549724578857422,0.020329531282186508,-0.26398390531539917,-0.43294769525527954,0.061585791409015656,-0.39436137676239014,-0.5673152208328247,0.19591614603996277,0.036853447556495667,0.15766780078411102,0.0565979927778244,-0.11566627025604248,-0.05038250610232353,0.10164617747068405,-0.24278050661087036,-0.16833771765232086,0.15172137320041656,-0.28440433740615845,-0.2059003859758377,0.14321404695510864,0.1357961893081665,0.3819541931152344,0.13041770458221436,-0.0868372768163681,0.13160909712314606,0.2465551495552063,-0.15844258666038513,-0.0037445127964019775,0.2904116213321686,-0.28872454166412354,-0.07083853334188461,0.2746415138244629
140,0.374725878238678,0.5900925397872925,0.36609387397766113,0.43473580479621887,0.23954132199287415,0.07395678758621216,0.2894704341888428,-0.1853327453136444,-0.18695145845413208,0.19622322916984558,-0.6279492974281311,-0.1864839792251587,0.48320212960243225,-0.9146926403045654,-0.23805445432662964,0.05473547801375389,-0.18783390522003174,-0.051449622958898544,-0.07565915584564209,-0.4494286775588989,-0.10514208674430847,-0.12108058482408524,-0.6237467527389526,-0.20575106143951416,-0.225233256816864,-0.8228134512901306,-0.21646639704704285,-0.016440626233816147,0.006251606624573469,-0.005105319898575544,-0.17833967506885529,-0.26007115840911865,0.003375718370079994,-0.33669009804725647,-0.46252891421318054,-0.040514323860406876,-0.3177541494369507,-0.5158365368843079,-0.01083192229270935,-0.021167665719985962,0.17934462428092957,0.04321840777993202,-0.21397992968559265,-0.01891714707016945,0.05999057739973068,-0.38752371072769165,-0.1562134325504303,0.03553397208452225,-0.44429829716682434,-0.2761569619178772,-0.10460705310106277,0.03404964134097099,0.44229406118392944,0.10446945577859879,-0.26702389121055603,0.17137107253074646,0.18096673488616943,-0.37210336327552795,0.029650073498487473,0.13617438077926636,-0.4927745461463928,-0.07221721112728119,0.12038147449493408
141,0.4376630485057831,0.6415413022041321,0.32113510370254517,0.5091027021408081,0.24981756508350372,0.03142781928181648,0.5073965787887573,-0.22268283367156982,-0.15737126767635345,0.35679030418395996,-0.6383013129234314,-0.22133798897266388,0.8431234359741211,-1.001960039138794,-0.09277722239494324,0.11298321932554245,-0.19706682860851288,-0.040640685707330704,-0.03052244335412979,-0.4424356520175934,-0.1293148547410965,-0.0904959887266159,-0.6125584244728088,-0.2822038531303406,-0.14487195014953613,-0.831132709980011,-0.37660300731658936,-0.010818934999406338,0.0025123832747340202,-0.0027255911845713854,-0.22275307774543762,-0.25471970438957214,-0.010899243876338005,-0.3789466619491577,-0.46448972821235657,-0.12368656694889069,-0.44529324769973755,-0.5933550596237183,-0.138453409075737,-0.049065787345170975,0.19245371222496033,0.023555945605039597,-0.2768358290195465,-0.01912614144384861,0.02684212476015091,-0.4640273451805115,-0.16302050650119781,-0.05929642915725708,-0.5501587390899658,-0.31487077474594116,-0.1459057778120041,-0.05407164245843887,0.4655766189098358,0.06024358049035072,-0.3698663115501404,0.18232598900794983,0.0891580730676651,-0.4800916910171509,0.05559174716472626,0.0028721988201141357,-0.6204713582992554,-0.09039278328418732,-0.044109195470809937
142,0.4586852788925171,0.6516572833061218,0.3193920850753784,0.5308271050453186,0.23015639185905457,0.0698021650314331,0.6170974373817444,-0.20827433466911316,-0.06335587799549103,0.47972923517227173,-0.6090899109840393,-0.17058396339416504,0.9758474826812744,-0.9678011536598206,-0.08248095214366913,0.14805303514003754,-0.19895267486572266,-0.01613740622997284,-0.015192419290542603,-0.44628065824508667,-0.1232106015086174,-0.08601008355617523,-0.6112062335014343,-0.30733418464660645,-0.12057435512542725,-0.844492495059967,-0.434245765209198,-0.007083548698574305,0.0003601531498134136,-0.0019073749426752329,-0.2426246702671051,-0.2621702551841736,-0.041525982320308685,-0.4034183621406555,-0.4543972909450531,-0.20136460661888123,-0.4997847080230713,-0.6045445799827576,-0.23212555050849915,-0.0729752779006958,0.19479945302009583,0.0021301796659827232,-0.32122302055358887,-0.016524787992239,-0.0463230162858963,-0.5028285384178162,-0.16037988662719727,-0.1326688826084137,-0.593191385269165,-0.35048794746398926,-0.17360061407089233,-0.09135302156209946,0.4754975438117981,0.020696669816970825,-0.43493330478668213,0.17520970106124878,0.02087230794131756,-0.5622972249984741,0.05858653411269188,-0.05590428039431572,-0.5283508896827698,-0.024875471368432045,-0.1292281150817871
143,0.47012433409690857,0.6571618318557739,0.3184436559677124,0.5426482558250427,0.2194579392671585,0.0906832292675972,0.6767902374267578,-0.20043408870697021,-0.012198222801089287,0.5466253757476807,-0.5931947827339172,-0.1429665982723236,1.0480680465698242,-0.9492138624191284,-0.07687832415103912,0.16713596880435944,-0.19997882843017578,-0.0028041615150868893,-0.006850721314549446,-0.44837290048599243,-0.1198890209197998,-0.08356912434101105,-0.6104704141616821,-0.3210086524486542,-0.10735303163528442,-0.8517621159553528,-0.4656115770339966,-0.005050971172749996,-0.0008109639747999609,-0.001462149783037603,-0.2534376382827759,-0.26622438430786133,-0.05819125473499298,-0.41673439741134644,-0.4489055871963501,-0.24363243579864502,-0.5294357538223267,-0.6106332540512085,-0.28309643268585205,-0.08598541468381882,0.19607587158679962,-0.009528462775051594,-0.3453758955001831,-0.015109285712242126,-0.08613518625497818,-0.5239418745040894,-0.15894299745559692,-0.1725938618183136,-0.6166071891784668,-0.3698686957359314,-0.18867051601409912,-0.1116393581032753,0.4808959364891052,-0.0008224360644817352,-0.47033894062042236,0.17133742570877075,-0.016284789890050888,-0.607028603553772,0.06021612137556076,-0.0878869891166687,-0.47822433710098267,0.01077520102262497,-0.1755448281764984
144,0.4747118353843689,0.6781480312347412,0.2882835566997528,0.5604528188705444,0.21160686016082764,0.10219472646713257,0.7105492353439331,-0.21878108382225037,0.052329014986753464,0.6145584583282471,-0.5882371664047241,-0.0940593034029007,1.1736960411071777,-1.0130172967910767,0.009805813431739807,0.17793041467666626,-0.19962841272354126,-0.0003575194859877229,0.017767153680324554,-0.44889605045318604,-0.13680815696716309,-0.05589943006634712,-0.6147569417953491,-0.35630178451538086,-0.0991881862282753,-0.867376983165741,-0.5032908916473389,-0.003825738560408354,-0.002301964908838272,-0.003009307896718383,-0.2533213496208191,-0.2720867693424225,-0.06029519438743591,-0.4247599244117737,-0.44926977157592773,-0.2605501413345337,-0.5576761960983276,-0.6255320310592651,-0.32031551003456116,-0.09079265594482422,0.20059314370155334,-0.014941301196813583,-0.3708575963973999,-0.023603353649377823,-0.0811995267868042,-0.5531558990478516,-0.16152715682983398,-0.19710558652877808,-0.6505095958709717,-0.38796189427375793,-0.2278842031955719,-0.1276911199092865,0.48051172494888306,-0.013655789196491241,-0.5016606450080872,0.18588241934776306,-0.03111625462770462,-0.6359034776687622,0.06500835716724396,-0.11997708678245544,-0.6203539371490479,-0.08827337622642517,-0.1732563078403473
145,0.4577825665473938,0.668366551399231,0.353365421295166,0.567373514175415,0.23162446916103363,0.16303640604019165,0.7196457982063293,-0.24073632061481476,0.16493695974349976,0.6576830148696899,-0.5801992416381836,-0.04128953069448471,1.1272428035736084,-0.9430669546127319,-0.07879186421632767,0.19299036264419556,-0.18536417186260223,0.009978728368878365,0.03479410707950592,-0.43588852882385254,-0.1538083255290985,-0.05669562518596649,-0.602514922618866,-0.38202333450317383,-0.07817409932613373,-0.8447385430335999,-0.5831723213195801,-0.003541873302310705,-0.004149290267378092,-0.0023657544516026974,-0.24584004282951355,-0.2759040296077728,-0.08487363904714584,-0.4250529110431671,-0.44240930676460266,-0.29751384258270264,-0.5558578372001648,-0.6137465238571167,-0.4040297865867615,-0.10691139847040176,0.19552183151245117,-0.018911676481366158,-0.3866552710533142,-0.03361363708972931,-0.09981285035610199,-0.5501746535301208,-0.16830918192863464,-0.22874093055725098,-0.6890780925750732,-0.38259077072143555,-0.27336448431015015,-0.14409944415092468,0.48427483439445496,-0.02984943985939026,-0.5286389589309692,0.18217504024505615,-0.031075045466423035,-0.6609474420547485,0.060728639364242554,-0.13681212067604065,-0.7188969254493713,-0.10545811057090759,-0.2202317714691162
146,0.48451802134513855,0.6698355674743652,0.31182172894477844,0.5720997452735901,0.21424806118011475,0.14172561466693878,0.7607558965682983,-0.27712172269821167,0.13450002670288086,0.6954169273376465,-0.5999990701675415,-0.06253322213888168,1.1034746170043945,-0.9271608591079712,-0.18525800108909607,0.1977405548095703,-0.19094815850257874,0.0052134995348751545,0.032946161925792694,-0.44051074981689453,-0.15898215770721436,-0.06608095020055771,-0.6138134002685547,-0.3645043671131134,-0.09150874614715576,-0.8659656047821045,-0.5792851448059082,-0.004560158122330904,-0.005687739700078964,-0.0026781149208545685,-0.26476478576660156,-0.2694668769836426,-0.06331082433462143,-0.4585617184638977,-0.4469883441925049,-0.27526944875717163,-0.5832779407501221,-0.6261559724807739,-0.4116734266281128,-0.11284886300563812,0.19980746507644653,-0.020477265119552612,-0.4034914970397949,-0.03619017452001572,-0.08884435147047043,-0.569002628326416,-0.17381736636161804,-0.21888436377048492,-0.7201675772666931,-0.39577507972717285,-0.2687152624130249,-0.13917028903961182,0.49823975563049316,-0.028172709047794342,-0.552830696105957,0.1794579178094864,-0.018076788634061813,-0.6842041611671448,0.05057201161980629,-0.14015811681747437,-0.7786576151847839,-0.10487087070941925,-0.22549474239349365
147,0.49015283584594727,0.6738573908805847,0.29399001598358154,0.5798224210739136,0.1988128423690796,0.14605656266212463,0.7743915319442749,-0.28559061884880066,0.1330242156982422,0.7097740769386292,-0.5965888500213623,-0.05948564037680626,1.1127151250839233,-0.934370756149292,-0.22171393036842346,0.20070555806159973,-0.1917872130870819,0.005157242529094219,0.03172123059630394,-0.4429481327533722,-0.16030605137348175,-0.06983424723148346,-0.6176040172576904,-0.35385802388191223,-0.09193822741508484,-0.8729227781295776,-0.5796345472335815,-0.004829431883990765,-0.0060946098528802395,-0.002923061605542898,-0.273251473903656,-0.2666374444961548,-0.05662251636385918,-0.4718075394630432,-0.4518631100654602,-0.27213254570961,-0.5897667407989502,-0.6314557194709778,-0.4229809045791626,-0.1166331097483635,0.2003612220287323,-0.022551562637090683,-0.41023916006088257,-0.03883160278201103,-0.09091910719871521,-0.5752071142196655,-0.18061208724975586,-0.2214229553937912,-0.7389103174209595,-0.3980763554573059,-0.27711305022239685,-0.15553101897239685,0.49065259099006653,-0.030133692547678947,-0.5668303966522217,0.17638064920902252,-0.015096981078386307,-0.6951220631599426,0.04315482825040817,-0.1439705491065979,-0.8125331401824951,-0.10837507247924805,-0.23424336314201355
148,0.4779183268547058,0.66454017162323,0.34159940481185913,0.5931046605110168,0.21475228667259216,0.14209076762199402,0.7344192862510681,-0.24288007616996765,0.07904139161109924,0.7207366228103638,-0.633814811706543,-0.04406541958451271,1.1123073101043701,-0.9584407806396484,-0.2177918702363968,0.19422654807567596,-0.19317400455474854,0.002596719888970256,0.02493351884186268,-0.4423275291919708,-0.16956916451454163,-0.07285606861114502,-0.6286935806274414,-0.3519902229309082,-0.11610785126686096,-0.8858748078346252,-0.5711530447006226,-0.005666505545377731,-0.007647954858839512,-0.0028519355691969395,-0.2737346291542053,-0.2740855813026428,-0.07758168131113052,-0.4845447242259979,-0.4383879601955414,-0.2880743145942688,-0.5997912883758545,-0.6225255727767944,-0.41948699951171875,-0.1112874299287796,0.20858922600746155,-0.01394820585846901,-0.41160452365875244,-0.02966523915529251,-0.09059502184391022,-0.5768464803695679,-0.17491918802261353,-0.21869298815727234,-0.7467703819274902,-0.37303057312965393,-0.24316531419754028,-0.15347790718078613,0.49467504024505615,-0.023885183036327362,-0.5579874515533447,0.16822224855422974,-0.01125972531735897,-0.6996771097183228,0.05374202877283096,-0.15085844695568085,-0.8145496845245361,-0.1450583040714264,-0.20551861822605133
149,0.5126148462295532,0.6432366371154785,0.28695711493492126,0.5986701250076294,0.17663398385047913,-0.00953374058008194,0.7381620407104492,-0.2938361167907715,-0.03860064223408699,0.7352092266082764,-0.7391735315322876,-0.007170127704739571,1.1493744850158691,-1.0508835315704346,-0.11123701930046082,0.19817104935646057,-0.21060991287231445,-0.014802781865000725,-0.010772851295769215,-0.47336894273757935,-0.15792441368103027,-0.09763865917921066,-0.6450793743133545,-0.3144736588001251,-0.16895978152751923,-0.9065452814102173,-0.525173544883728,-0.006257735658437014,-0.007878151722252369,-4.810525570064783e-05,-0.29047033190727234,-0.2690691351890564,-0.05356287956237793,-0.5053492784500122,-0.42554938793182373,-0.2660824954509735,-0.6480516791343689,-0.6326035261154175,-0.3175460696220398,-0.09858901053667068,0.22722625732421875,-0.013566833920776844,-0.40128663182258606,-0.01074962317943573,-0.05940084159374237,-0.5873841643333435,-0.16079968214035034,-0.1858435869216919,-0.7649948596954346,-0.37878942489624023,-0.23542582988739014,-0.12512892484664917,0.5223326683044434,-0.033236462622880936,-0.5520825386047363,0.21830987930297852,-0.013795923441648483,-0.7238438129425049,0.07540422677993774,-0.11775348335504532,-0.7879521250724792,-0.1604049801826477,-0.17918923497200012
150,0.3888454735279083,0.4931853711605072,0.4119511842727661,0.5168226361274719,0.18931400775909424,0.0730394721031189,0.5587422847747803,-0.21167396008968353,-0.1676652580499649,0.4525141716003418,-0.5611802339553833,-0.2149057537317276,0.5345374345779419,-0.7037509679794312,-0.32136765122413635,0.14004887640476227,-0.2676096260547638,-0.03720197081565857,-0.0587705634534359,-0.4775158166885376,-0.13235753774642944,-0.14047159254550934,-0.577865481376648,-0.23476918041706085,-0.1998259723186493,-0.7775508761405945,-0.32306215167045593,-0.024558180943131447,-0.023761911317706108,0.004538408480584621,-0.26246577501296997,-0.25475749373435974,-0.011160561814904213,-0.4116910994052887,-0.3796106278896332,-0.21631820499897003,-0.5242971777915955,-0.5737552642822266,-0.16733448207378387,-0.0846627727150917,0.22517859935760498,0.01868618093430996,-0.33428388833999634,0.011113550513982773,-0.03338061273097992,-0.4409857392311096,-0.12206781655550003,-0.11604608595371246,-0.4884110987186432,-0.24974215030670166,-0.18924100697040558,-0.0567411407828331,0.526330828666687,0.011620378121733665,-0.3201678991317749,0.2628527879714966,-0.11573710292577744,-0.3479105234146118,0.16610205173492432,-0.22327783703804016,-0.35336804389953613,0.0007351785898208618,-0.24318650364875793
151,0.23947057127952576,0.5123399496078491,0.4809873402118683,0.31718412041664124,0.2842451333999634,0.25363874435424805,0.19913546741008759,-0.07171830534934998,0.13620470464229584,0.08865916728973389,-0.39346927404403687,0.07430261373519897,0.06925976276397705,-0.5021313428878784,-0.047407254576683044,-0.04294151812791824,-0.15395495295524597,0.04891983047127724,-0.24985356628894806,-0.35984957218170166,-0.09653716534376144,-0.2664978504180908,-0.5187371969223022,-0.1528834104537964,-0.35116344690322876,-0.7602119445800781,-0.1713736355304718,-0.021317951381206512,-0.010684608481824398,0.0059489840641617775,-0.17647190392017365,-0.29411762952804565,-0.04782015085220337,-0.2899387776851654,-0.4719797968864441,-0.12507586181163788,-0.3669400215148926,-0.6641027927398682,-0.021709129214286804,0.049110494554042816,0.1506837010383606,-0.000958670862019062,-0.09111405909061432,-0.11944369971752167,-0.04352959245443344,-0.14605841040611267,-0.2462822049856186,-0.002298463135957718,-0.23238351941108704,-0.4661930799484253,0.1273292899131775,0.16907206177711487,0.390508234500885,0.0028496142476797104,0.03240212798118591,0.0583391934633255,-0.0983501598238945,0.022022470831871033,-0.07010047137737274,-0.07707526534795761,-0.00830046832561493,-0.18450886011123657,-0.0039033889770507812
152,0.17012402415275574,0.5358678102493286,0.46728211641311646,0.2098601758480072,0.3340478539466858,0.3151460289955139,-0.010824635624885559,0.014766868203878403,0.28629404306411743,-0.15063980221748352,-0.20123057067394257,0.20449422299861908,-0.12512324750423431,-0.26388120651245117,0.0901087149977684,-0.14781516790390015,-0.08624594658613205,0.09900952875614166,-0.3521944284439087,-0.2980528473854065,-0.06687705218791962,-0.3727377951145172,-0.48557132482528687,-0.09524814039468765,-0.3177557587623596,-0.7707894444465637,-0.04566315561532974,-0.019212152808904648,-0.00507096154615283,0.007164827547967434,-0.13506026566028595,-0.31291359663009644,-0.08243642002344131,-0.1930772215127945,-0.5191179513931274,-0.03697880357503891,-0.2770448923110962,-0.7239454984664917,0.09214372932910919,0.12470178306102753,0.10416247695684433,-0.018681056797504425,0.04123705253005028,-0.19039276242256165,-0.059608735144138336,0.03284428268671036,-0.33456292748451233,0.07780098170042038,0.008531883358955383,-0.5016008615493774,0.2930528223514557,0.3145734965801239,0.2811979055404663,-0.023978307843208313,0.22389192879199982,-0.07075314223766327,-0.0788261815905571,0.2158871740102768,-0.19577519595623016,-0.02038111723959446,0.2152022123336792,-0.31272462010383606,0.11534019559621811
153,0.1271165907382965,0.5572091341018677,0.4541114270687103,0.1488819271326065,0.3730525076389313,0.34576934576034546,-0.13122834265232086,0.0983782634139061,0.3627082407474518,-0.26786741614341736,-0.04179851710796356,0.2494763880968094,-0.24194413423538208,-0.10032108426094055,0.14126281440258026,-0.20379586517810822,-0.05030754581093788,0.1253247708082199,-0.4056153893470764,-0.27745020389556885,-0.04972176253795624,-0.4218457341194153,-0.47670894861221313,-0.06424109637737274,-0.2909933626651764,-0.7875000834465027,0.05184788629412651,-0.018051637336611748,-0.0026111591141670942,0.007514384109526873,-0.11034602671861649,-0.3264387249946594,-0.10532180964946747,-0.1478462815284729,-0.5516881942749023,-0.01032476406544447,-0.22063201665878296,-0.7631704807281494,0.15240126848220825,0.16434037685394287,0.07889237254858017,-0.030851013958454132,0.11514638364315033,-0.2282019853591919,-0.07125768065452576,0.1336938440799713,-0.3901512026786804,0.11744051426649094,0.06078401952981949,-0.6155719757080078,0.37834006547927856,0.3933653235435486,0.22124864161014557,-0.04374152421951294,0.33331775665283203,-0.1438647210597992,-0.055807925760746,0.33249741792678833,-0.2750646471977234,0.024709219112992287,0.34542790055274963,-0.38886016607284546,0.18594646453857422
154,0.11696356534957886,0.5596015453338623,0.4691753089427948,0.09558910876512527,0.3772159218788147,0.3868005871772766,-0.19472910463809967,0.14604727923870087,0.41925048828125,-0.33809390664100647,0.03982367366552353,0.30080270767211914,-0.09036249667406082,-0.031860318034887314,0.09949417412281036,-0.23544460535049438,-0.025017675012350082,0.1377505511045456,-0.4238751530647278,-0.2522426247596741,-0.056597139686346054,-0.4607871174812317,-0.46976953744888306,-0.04311954230070114,-0.3875880837440491,-0.7280024886131287,0.09627482295036316,-0.015849946066737175,-0.002069751499220729,0.007285654544830322,-0.09309691190719604,-0.3387988209724426,-0.10901760309934616,-0.13428321480751038,-0.5733234882354736,0.00620656181126833,-0.19100823998451233,-0.779967188835144,0.20506669580936432,0.18681612610816956,0.05987672507762909,-0.03565248101949692,0.1654544621706009,-0.254814475774765,-0.060505107045173645,0.17753970623016357,-0.4182130694389343,0.1582258641719818,0.08313819766044617,-0.6733568906784058,0.4484327435493469,0.4502512514591217,0.1741621494293213,-0.046865709125995636,0.4008715748786926,-0.21531035006046295,-0.04701383411884308,0.38861894607543945,-0.3244369924068451,0.055261895060539246,0.40925341844558716,-0.43030470609664917,0.2587384879589081
155,0.08582216501235962,0.5791332721710205,0.44499173760414124,0.0710388794541359,0.40804925560951233,0.3911673426628113,-0.21415266394615173,0.16942796111106873,0.44487619400024414,-0.3499969244003296,0.06314587593078613,0.33841368556022644,-0.24289968609809875,0.06760842353105545,0.154327392578125,-0.2524396777153015,-0.0185566209256649,0.147494837641716,-0.4326573610305786,-0.24488940834999084,-0.051428988575935364,-0.463725209236145,-0.4613863229751587,-0.015304598025977612,-0.43610212206840515,-0.6924794912338257,0.10692895203828812,-0.01460961066186428,-0.0011353411246091127,0.007365141063928604,-0.0851253941655159,-0.3419783413410187,-0.11284339427947998,-0.12947869300842285,-0.5741115212440491,0.020864212885499,-0.16226385533809662,-0.7725913524627686,0.21460404992103577,0.1965378224849701,0.04984100162982941,-0.04124584048986435,0.17964154481887817,-0.259083092212677,-0.07524901628494263,0.19759806990623474,-0.43584924936294556,0.16360653936862946,0.10681749880313873,-0.703044056892395,0.47977131605148315,0.47197067737579346,0.16022060811519623,-0.05762210488319397,0.43476757407188416,-0.24066177010536194,-0.04701320454478264,0.42199817299842834,-0.34614038467407227,0.06084907427430153,0.4451484680175781,-0.4585963487625122,0.2850191295146942
156,0.07093717902898788,0.6535499095916748,0.4179146885871887,0.05698025971651077,0.41868990659713745,0.39287298917770386,-0.235282301902771,0.18442508578300476,0.4535183310508728,-0.3760623335838318,0.09131881594657898,0.3477550148963928,-0.18468891084194183,0.03676915541291237,0.13691610097885132,-0.26362383365631104,-0.0048136357218027115,0.15005746483802795,-0.439025342464447,-0.24038934707641602,-0.050291597843170166,-0.46885085105895996,-0.44049787521362305,0.002865937538444996,-0.456091046333313,-0.6645314693450928,0.17629636824131012,-0.015376590192317963,-0.0007782523171044886,0.0081082908436656,-0.082425057888031,-0.3439677059650421,-0.11773838102817535,-0.12503039836883545,-0.5727745294570923,0.024752210825681686,-0.14644266664981842,-0.7709002494812012,0.22672545909881592,0.20229274034500122,0.04428413510322571,-0.041619181632995605,0.1881013810634613,-0.2608325779438019,-0.08633926510810852,0.20950253307819366,-0.4421287775039673,0.17182785272598267,0.12060874700546265,-0.714893102645874,0.49737444519996643,0.4851017892360687,0.14733847975730896,-0.05899552255868912,0.45333167910575867,-0.25903210043907166,-0.04485167935490608,0.43908408284187317,-0.3561542332172394,0.06059099733829498,0.4651041626930237,-0.47598153352737427,0.30252161622047424
157,0.0615021288394928,0.637047529220581,0.42561930418014526,0.05789239704608917,0.3986823558807373,0.4120519757270813,-0.24388834834098816,0.16947977244853973,0.45442473888397217,-0.39115697145462036,0.12607161700725555,0.34520280361175537,-0.14220529794692993,-0.011153686791658401,0.1280868500471115,-0.27030524611473083,-0.006392927840352058,0.14898476004600525,-0.4430960416793823,-0.24531464278697968,-0.045240581035614014,-0.4703671336174011,-0.44469526410102844,0.004590008407831192,-0.45376065373420715,-0.671493411064148,0.17871004343032837,-0.016730215400457382,-0.0005296106683090329,0.008003637194633484,-0.07870792597532272,-0.3488439917564392,-0.10705201327800751,-0.12049421668052673,-0.5798093676567078,0.028095362707972527,-0.1345474123954773,-0.7797315120697021,0.24096941947937012,0.20564796030521393,0.04483691230416298,-0.04009693115949631,0.20491239428520203,-0.2687832713127136,-0.060980070382356644,0.22073276340961456,-0.4482194781303406,0.18920400738716125,0.11777032911777496,-0.7250432968139648,0.5143150091171265,0.49063506722450256,0.1461123377084732,-0.058861687779426575,0.4567750096321106,-0.24510395526885986,-0.040881164371967316,0.4495631754398346,-0.3593001961708069,0.06836993247270584,0.48022696375846863,-0.4906224012374878,0.31496745347976685
158,0.05325856804847717,0.6247261762619019,0.44072455167770386,0.06015848368406296,0.39095258712768555,0.4275069236755371,-0.23403695225715637,0.14906299114227295,0.46394437551498413,-0.37906622886657715,0.13232560455799103,0.34561944007873535,-0.13591770827770233,-0.01502721756696701,0.1297835260629654,-0.2745668888092041,-0.010894221253693104,0.1518840342760086,-0.4486805200576782,-0.2507702112197876,-0.034695036709308624,-0.47679615020751953,-0.45497485995292664,0.005480491556227207,-0.46864748001098633,-0.6752893924713135,0.13553431630134583,-0.01731000281870365,0.00012938922736793756,0.007886389270424843,-0.06985758244991302,-0.35052186250686646,-0.0940382331609726,-0.11415033042430878,-0.5854049921035767,0.0481325127184391,-0.12842854857444763,-0.7969480752944946,0.2773164212703705,0.21135012805461884,0.04440770670771599,-0.04096201807260513,0.2165161669254303,-0.2749637961387634,-0.040583766996860504,0.2268311083316803,-0.45033663511276245,0.2109324336051941,0.11803662776947021,-0.7267970442771912,0.5335665345191956,0.49410516023635864,0.1463022530078888,-0.05779188126325607,0.46195220947265625,-0.23789024353027344,-0.02505689114332199,0.4602575898170471,-0.35820651054382324,0.09474733471870422,0.48738014698028564,-0.4862390160560608,0.3319157361984253
159,0.07827933132648468,0.6617336273193359,0.38460975885391235,0.025497986003756523,0.43635761737823486,0.4180721044540405,-0.25852304697036743,0.16703559458255768,0.4695267677307129,-0.40936049818992615,0.17882707715034485,0.34424731135368347,-0.16867032647132874,-0.005284935235977173,0.18697288632392883,-0.27191945910453796,0.007255161181092262,0.15151411294937134,-0.44911307096481323,-0.24224747717380524,-0.01607113890349865,-0.47858622670173645,-0.44874027371406555,0.036702752113342285,-0.47048646211624146,-0.6642631888389587,0.2031431496143341,-0.016293400898575783,0.0007876080344431102,0.007414008025079966,-0.07425744086503983,-0.3501057028770447,-0.095394067466259,-0.11029002815485,-0.5836215019226074,0.0766536295413971,-0.1291159838438034,-0.7815685272216797,0.35631263256073,0.2150236964225769,0.034731924533843994,-0.04018585383892059,0.2160615772008896,-0.2834419012069702,-0.033868465572595596,0.2211388647556305,-0.4584217071533203,0.21177998185157776,0.11329958587884903,-0.711887001991272,0.5591254830360413,0.4959407448768616,0.13286755979061127,-0.049278199672698975,0.4633864164352417,-0.23660406470298767,-0.01320611871778965,0.4606184959411621,-0.3599811792373657,0.1071547195315361,0.48373299837112427,-0.4764983057975769,0.3406803607940674
160,0.10909615457057953,0.720931887626648,0.3405300974845886,-0.06143747642636299,0.4532255232334137,0.4178013801574707,-0.3977205753326416,0.2022438645362854,0.3812529444694519,-0.580639660358429,0.11447429656982422,0.2570098042488098,-0.22905182838439941,-0.04109307751059532,0.16894128918647766,-0.27781057357788086,0.005317173898220062,0.10137183964252472,-0.3996047377586365,-0.282343327999115,-0.005919198039919138,-0.4441046118736267,-0.4498514235019684,0.11536446958780289,-0.4450905919075012,-0.66718590259552,0.3573096692562103,-0.012500055134296417,0.004789710510522127,0.0035255998373031616,-0.04592223837971687,-0.34825849533081055,-0.03142926096916199,-0.09892505407333374,-0.5642933249473572,0.1899099051952362,-0.15998278558254242,-0.7461566925048828,0.5531906485557556,0.20929285883903503,0.03936497122049332,-0.0062826573848724365,0.19555246829986572,-0.2773267328739166,0.05046071112155914,0.18172341585159302,-0.41645851731300354,0.3149166703224182,0.10350968688726425,-0.6054486036300659,0.6158014535903931,0.46573126316070557,0.13714566826820374,0.03696855530142784,0.4241780638694763,-0.2155289202928543,0.11946621537208557,0.40006476640701294,-0.31768202781677246,0.27834179997444153,0.3796325922012329,-0.37981951236724854,0.47749632596969604
161,0.1314924657344818,0.5513685941696167,0.5004745125770569,0.05426769703626633,0.31389373540878296,0.4093337059020996,-0.267304003238678,0.01625550538301468,0.19185233116149902,-0.47346794605255127,-0.08289238065481186,0.0831068605184555,-0.1266930252313614,0.005517285317182541,0.004072733223438263,-0.22724825143814087,-0.13113808631896973,0.027518663555383682,-0.32275623083114624,-0.31688326597213745,-0.09244643151760101,-0.3312583565711975,-0.48558634519577026,0.019147250801324844,-0.3397551476955414,-0.6739916801452637,0.2615859806537628,-0.04818204417824745,-0.004074706695973873,-0.004797831177711487,-0.06717158108949661,-0.2827589213848114,-0.045017309486866,-0.11457856744527817,-0.4991995096206665,0.1832367181777954,-0.04437738656997681,-0.5400315523147583,0.4820789694786072,0.12584882974624634,0.09823302179574966,0.047589752823114395,0.1138085201382637,-0.16147126257419586,0.057659268379211426,0.11113165318965912,-0.3008595108985901,0.26127710938453674,-0.0182989202439785,-0.5360891819000244,0.594664990901947,0.34497010707855225,0.23276647925376892,0.15108473598957062,0.29908525943756104,-0.06269440799951553,0.20717337727546692,0.27767473459243774,-0.1972980499267578,0.3536325991153717,0.2816172242164612,-0.2653820216655731,0.5075289011001587
162,0.1762673556804657,0.4592539668083191,0.5044906139373779,0.11967076361179352,0.31236666440963745,0.46656334400177,-0.16990190744400024,0.05451811105012894,0.3780190348625183,-0.34815075993537903,-0.18391303718090057,0.27196982502937317,-0.29256314039230347,-0.14766719937324524,0.17401380836963654,-0.22753724455833435,-0.07541756331920624,0.11190497130155563,-0.3211764097213745,-0.3439021110534668,-0.015861619263887405,0.0747075080871582,-0.0417998731136322,-0.010409516282379627,-0.26021355390548706,-0.7193993926048279,0.3666430115699768,-0.05109444260597229,0.004616247955709696,-0.00802328996360302,-0.09027116745710373,-0.3001824617385864,-0.008580295369029045,-0.04015808552503586,-0.5208613872528076,0.22799432277679443,-0.02183007262647152,-0.5977200865745544,0.5009240508079529,0.15960030257701874,0.10175478458404541,-0.006923370063304901,0.1073218584060669,-0.1782425045967102,-0.02109648659825325,0.16497400403022766,-0.2590057849884033,0.2287355363368988,0.18799926340579987,-0.2855309844017029,0.4819806218147278,0.39523857831954956,0.2731095552444458,0.08426302671432495,0.3512537479400635,-0.003519641235470772,0.14487218856811523,0.3900218904018402,-0.08594412356615067,0.21712695062160492,0.34064358472824097,-0.11767131090164185,0.40951889753341675
163,0.14537367224693298,0.3550305664539337,0.5662623047828674,0.233975350856781,0.3196401298046112,0.3757060170173645,-0.0022398680448532104,0.018101798370480537,0.3309130072593689,-0.1907334327697754,-0.2392321527004242,0.15260152518749237,-0.24274036288261414,-0.21399830281734467,0.1288323849439621,-0.14940384030342102,-0.18613171577453613,0.10253351181745529,-0.26822853088378906,-0.38985002040863037,0.03952609375119209,-0.05708947405219078,-0.2513848543167114,-0.005814667325466871,-0.10104258358478546,-0.648279070854187,0.24758633971214294,-0.0725184828042984,-0.011433213949203491,-0.005564981140196323,-0.1823769360780716,-0.26810216903686523,-0.021315351128578186,-0.09010341763496399,-0.5043689012527466,0.11563168466091156,0.23028530180454254,-0.3777927756309509,0.06452740728855133,0.07408388704061508,0.1586492955684662,-0.03694542497396469,0.006737496703863144,-0.10232105106115341,-0.09510791301727295,0.058682091534137726,-0.24341127276420593,0.07201570272445679,0.1497705578804016,-0.3217446804046631,0.2659159302711487,0.26304417848587036,0.36689668893814087,-0.023545142263174057,0.19404073059558868,0.1045590341091156,-0.01660066843032837,0.2595135569572449,-0.043669816106557846,-0.015146978199481964,0.2740319073200226,-0.1272193193435669,0.1615808755159378
164,0.11228969693183899,0.2856256067752838,0.6197977662086487,0.3107343018054962,0.2740898132324219,0.3324887454509735,0.10523136705160141,-0.04334122687578201,0.22956538200378418,-0.04908496513962746,-0.23633822798728943,-0.09543624520301819,-0.1746339201927185,-0.20777815580368042,-0.012152545154094696,-0.04851202666759491,-0.2557997703552246,0.057316575199365616,-0.20534148812294006,-0.40068042278289795,-0.018869981169700623,-0.10354851186275482,-0.4065072536468506,-0.045990996062755585,-0.05772547423839569,-0.6015031337738037,0.005696788430213928,-0.07873906195163727,-0.028036992996931076,-0.0031468523666262627,-0.1785629689693451,-0.21509850025177002,-0.03400027006864548,-0.1393769085407257,-0.48389455676078796,-0.00819452852010727,0.11383619159460068,-0.4250372648239136,-0.07309580594301224,-0.007230792194604874,0.1889377236366272,-0.0117727592587471,-0.0994483083486557,-0.03611148148775101,-0.1038440465927124,-0.04358353838324547,-0.22728866338729858,-0.004900526255369186,0.1394266039133072,-0.30334848165512085,-0.015632614493370056,0.14742544293403625,0.4299283027648926,-0.0405019074678421,0.032972775399684906,0.18595147132873535,-0.03186347335577011,0.16330461204051971,0.026104463264346123,-0.12339866906404495,0.1356799304485321,-0.04041237384080887,0.054471664130687714
165,0.08504755049943924,0.2255500704050064,0.6657975912094116,0.30912578105926514,0.15203498303890228,0.4130271077156067,0.17376576364040375,-0.21574416756629944,0.2317221462726593,0.058370962738990784,-0.36265993118286133,-0.11493690311908722,-0.03892451152205467,-0.32547155022621155,-0.024734385311603546,-0.030787132680416107,-0.3088698089122772,0.05497825890779495,-0.16702702641487122,-0.4409029483795166,-0.008792930282652378,-0.032582636922597885,-0.37820184230804443,0.023571601137518883,0.020518623292446136,-0.4665970206260681,-0.13627848029136658,-0.09442875534296036,-0.03798532858490944,-0.008493180386722088,-0.18809568881988525,-0.20900598168373108,-0.07118090242147446,0.011859484016895294,-0.3486623764038086,-0.11155860871076584,0.2864638566970825,-0.28648579120635986,-0.293128103017807,-0.0497131310403347,0.21152916550636292,-0.004190811887383461,-0.08831208944320679,0.03810405731201172,-0.167195126414299,-0.0662238746881485,-0.22443267703056335,-0.03169088438153267,0.20240887999534607,-0.3636327087879181,-0.37160930037498474,0.08111768960952759,0.446847140789032,0.03327527642250061,0.01784505695104599,0.2683544456958771,-0.10950282961130142,0.1736428290605545,0.15270604193210602,-0.1914767324924469,0.8158226609230042,-0.21560099720954895,-0.012261351570487022
166,0.2636471390724182,0.40498992800712585,0.5258159637451172,0.409176230430603,0.19560778141021729,0.14987130463123322,0.2449275255203247,-0.1594630479812622,-0.15951508283615112,0.001900993287563324,-0.3434745967388153,-0.49116748571395874,-0.043824855238199234,-0.3885203003883362,-0.3594798445701599,0.013910692185163498,-0.2846875786781311,-0.04845482110977173,-0.11586644500494003,-0.45757001638412476,-0.04878631606698036,-0.0966443195939064,-0.5273787975311279,0.0006292872130870819,-0.07750805467367172,-0.668717622756958,-0.06084612384438515,-0.08047377318143845,-0.022610466927289963,-0.014396686106920242,-0.161748006939888,-0.2389622926712036,0.038620490580797195,-0.15537919104099274,-0.3947889804840088,0.07461823523044586,-0.09549190104007721,-0.45217493176460266,0.05460463464260101,-0.06030917912721634,0.2180708348751068,0.02888253703713417,-0.15297134220600128,0.03121584840118885,0.026680834591388702,-0.21242105960845947,-0.1140638142824173,0.11484185606241226,-0.16635331511497498,-0.3003638684749603,0.0013871490955352783,0.0549304336309433,0.46075016260147095,0.08847232162952423,-0.13155196607112885,0.3039953112602234,0.06048930436372757,-0.06497347354888916,0.25141987204551697,-0.0484495684504509,0.28342920541763306,-0.024884119629859924,0.12050852179527283
167,0.3402180075645447,0.49434036016464233,0.4021167755126953,0.4522802233695984,0.25398334860801697,-0.04263540357351303,0.2640479803085327,-0.12172983586788177,-0.38492831587791443,-0.07231099158525467,-0.10907144099473953,-0.5605713129043579,-0.021616283804178238,-0.41545799374580383,-0.6426026225090027,0.04616701602935791,-0.2590438723564148,-0.10747457295656204,-0.07886067032814026,-0.4683237075805664,-0.0640316903591156,-0.1078784167766571,-0.5581989288330078,-0.011715443804860115,-0.13420885801315308,-0.8134874105453491,-0.03753805533051491,-0.06111140549182892,-0.012101029977202415,-0.012274177744984627,-0.13421368598937988,-0.26879119873046875,0.09458379447460175,-0.23627546429634094,-0.4360601305961609,0.15710648894309998,-0.3213047385215759,-0.5620896816253662,0.22674496471881866,-0.06295359134674072,0.213434636592865,0.04964900761842728,-0.1709596812725067,0.02085578627884388,0.13572651147842407,-0.26711782813072205,-0.13956879079341888,0.2361183762550354,-0.3405335545539856,-0.3362390398979187,0.23762786388397217,0.03403322771191597,0.4712558388710022,0.09891137480735779,-0.2146148383617401,0.2982795238494873,0.20322805643081665,-0.2263529896736145,0.2599450647830963,0.12300101667642593,-0.05146770179271698,0.06133449822664261,0.22819337248802185
168,0.34004589915275574,0.5798699855804443,0.31659823656082153,0.43347635865211487,0.36368513107299805,-0.13028231263160706,0.27815473079681396,-0.04849470034241676,-0.5185737609863281,-0.07450386881828308,-0.22412480413913727,-0.640091061592102,0.014351896941661835,-0.4040905237197876,-0.7357862591743469,0.07732480764389038,-0.22241640090942383,-0.13215699791908264,-0.0332784503698349,-0.47203075885772705,-0.09183527529239655,-0.09469170868396759,-0.6405134201049805,-0.015088669955730438,-0.10791605710983276,-0.8911428451538086,0.01711178757250309,-0.03905199468135834,-0.004225236363708973,-0.008983195759356022,-0.10863763093948364,-0.29594939947128296,0.11310480535030365,-0.325719952583313,-0.4443435072898865,0.16957148909568787,-0.4565695524215698,-0.5750804543495178,0.21594637632369995,-0.07398749887943268,0.21153730154037476,0.0637013241648674,-0.18531650304794312,-0.012234032154083252,0.18144184350967407,-0.3245151937007904,-0.18882673978805542,0.27585554122924805,-0.5075072050094604,-0.29165637493133545,0.24775144457817078,-0.007462508976459503,0.4755322337150574,0.0966261774301529,-0.31812483072280884,0.288699209690094,0.2315705418586731,-0.3853227198123932,0.21992050111293793,0.19903598725795746,-0.23797067999839783,0.16329285502433777,0.12494306266307831
169,0.4301493167877197,0.6416176557540894,0.27124494314193726,0.4777408838272095,0.3503783643245697,-0.1433613896369934,0.3027806580066681,-0.08722318708896637,-0.5586403608322144,-0.02138802781701088,-0.3456800878047943,-0.6342519521713257,0.0503217987716198,-0.402070015668869,-0.6776611804962158,0.1100308895111084,-0.21779678761959076,-0.13686522841453552,-0.007570337504148483,-0.4882602393627167,-0.09557075798511505,-0.04731201007962227,-0.6771224737167358,0.009650318883359432,-0.05906962230801582,-0.927139401435852,-0.0036206990480422974,-0.026313917711377144,-0.00214458373375237,-0.005738358478993177,-0.13302958011627197,-0.29007381200790405,0.10822071880102158,-0.37941083312034607,-0.4435496926307678,0.111367367208004,-0.5474728345870972,-0.5944809317588806,0.15938352048397064,-0.08115661144256592,0.21846097707748413,0.059396810829639435,-0.2603926658630371,0.024356411769986153,0.12128612399101257,-0.4446435868740082,-0.12699612975120544,0.14654764533042908,-0.6338481903076172,-0.25227710604667664,0.1476191282272339,-0.030021026730537415,0.4727529287338257,0.06848309189081192,-0.38435858488082886,0.30865544080734253,0.1679917722940445,-0.49838149547576904,0.22876808047294617,0.1267646998167038,-0.3912929892539978,0.2048228532075882,-0.02566448599100113
170,0.4949970841407776,0.645077109336853,0.25975966453552246,0.532468318939209,0.3020080327987671,-0.19355979561805725,0.32036805152893066,-0.195807084441185,-0.5901966691017151,0.0448773093521595,-0.49989715218544006,-0.6198439002037048,0.09475588798522949,-0.584821343421936,-0.5449202656745911,0.13753226399421692,-0.2262827455997467,-0.1041271984577179,0.03611854836344719,-0.5059253573417664,-0.08130740374326706,-0.01654641702771187,-0.696016788482666,-0.020617712289094925,-0.010229671373963356,-0.9410104751586914,-0.03634980693459511,-0.017516853287816048,-0.0014399610226973891,-0.000999943818897009,-0.18343332409858704,-0.2849057912826538,0.05610557645559311,-0.4081661105155945,-0.43117618560791016,-0.008814465254545212,-0.5571748614311218,-0.5784673690795898,0.0233028382062912,-0.08657979220151901,0.22027796506881714,0.04680313169956207,-0.30740535259246826,0.031066451221704483,0.033267538994550705,-0.5179747939109802,-0.09346384555101395,0.055226102471351624,-0.6964956521987915,-0.2466353476047516,-0.031139731407165527,-0.041647009551525116,0.49761438369750977,0.02818397618830204,-0.44478562474250793,0.2958633601665497,0.10151951014995575,-0.5623189210891724,0.23400789499282837,0.04743470251560211,-0.49999451637268066,0.18810826539993286,-0.1567498743534088
171,0.5819724798202515,0.6083164811134338,0.19910067319869995,0.5889180898666382,0.2451716959476471,-0.2228279411792755,0.3987967073917389,-0.27632075548171997,-0.5842804908752441,0.15082219243049622,-0.637794017791748,-0.6222266554832458,0.23894137144088745,-0.8265137672424316,-0.4648226201534271,0.16584226489067078,-0.23695921897888184,-0.09827151894569397,0.02498895674943924,-0.5078575611114502,-0.057976383715867996,0.01710248365998268,-0.665408194065094,-0.035369619727134705,-0.24030856788158417,-0.8581520318984985,-0.02482583373785019,-0.014693272300064564,-0.001608687685802579,0.0026105125434696674,-0.22313709557056427,-0.26902639865875244,0.06212814152240753,-0.4888085126876831,-0.4028233289718628,-0.009853905066847801,-0.6318024396896362,-0.5746209025382996,-0.041972894221544266,-0.08005455881357193,0.22509010136127472,0.023777417838573456,-0.32866719365119934,0.04029432684183121,0.021634157747030258,-0.5635901689529419,-0.09418074786663055,0.02021089941263199,-0.7035064697265625,-0.27122795581817627,-0.06583327054977417,-0.04692118614912033,0.5141415596008301,-0.02839645743370056,-0.4559035897254944,0.29944470524787903,0.06668154895305634,-0.5685131549835205,0.2118174433708191,0.011136273853480816,-0.5799809694290161,0.14474022388458252,-0.20954960584640503
172,0.6347041130065918,0.6183294057846069,0.1155930757522583,0.6241810917854309,0.22276026010513306,-0.26171547174453735,0.47688987851142883,-0.37181657552719116,-0.5309933423995972,0.25469404458999634,-0.726365327835083,-0.5696757435798645,0.3455120325088501,-0.9238542318344116,-0.38014930486679077,0.18394514918327332,-0.24056829512119293,-0.0785202756524086,-0.02368883416056633,-0.5026346445083618,-0.039925117045640945,-0.1170298159122467,-0.653558075428009,-0.08684676885604858,-0.17809437215328217,-0.7099572420120239,-0.1376868486404419,-0.012168219313025475,-0.0009855710668489337,0.0022648880258202553,-0.2457135021686554,-0.26363739371299744,0.06552983820438385,-0.5068194270133972,-0.40639710426330566,-0.03642270714044571,-0.6798023581504822,-0.5411509275436401,-0.008844227530062199,-0.07405595481395721,0.22659212350845337,0.0024182843044400215,-0.3472728729248047,0.04347839578986168,0.01023794338107109,-0.5876889824867249,-0.08369490504264832,-0.006658321246504784,-0.7015459537506104,-0.28607305884361267,-0.1004360020160675,-0.03669178858399391,0.5328245162963867,-0.06430509686470032,-0.4647340476512909,0.30354493856430054,0.012762805446982384,-0.5739953517913818,0.20285087823867798,-0.03980352729558945,-0.6259477138519287,0.1100069135427475,-0.23295995593070984
173,0.6633976101875305,0.6237778663635254,0.070153146982193,0.6433691382408142,0.21056526899337769,-0.28287577629089355,0.5193835496902466,-0.42377978563308716,-0.5019975900650024,0.31121498346328735,-0.7745606899261475,-0.54108065366745,0.4035015106201172,-0.9768211841583252,-0.33407509326934814,0.19379568099975586,-0.2425321340560913,-0.06777280569076538,-0.05017642676830292,-0.4997926354408264,-0.030102677643299103,-0.1900167167186737,-0.6471099257469177,-0.11485760658979416,-0.144241064786911,-0.629318356513977,-0.19909918308258057,-0.010794234462082386,-0.0006465076003223658,0.0020768195390701294,-0.2579982578754425,-0.26070502400398254,0.06738084554672241,-0.516619861125946,-0.4083417057991028,-0.050879888236522675,-0.7059210538864136,-0.5229384899139404,0.009182446636259556,-0.07079186290502548,0.22740942239761353,-0.00920410081744194,-0.3573969602584839,0.045210979878902435,0.004036793019622564,-0.6008021235466003,-0.0779891237616539,-0.021278971806168556,-0.7004791498184204,-0.2941508889198303,-0.11926478147506714,-0.031125549226999283,0.5429906845092773,-0.08384446799755096,-0.4695390462875366,0.30577605962753296,-0.016576604917645454,-0.5769784450531006,0.19797180593013763,-0.06752197444438934,-0.6509600877761841,0.0911070853471756,-0.245698481798172
174,0.6730284690856934,0.6085237264633179,0.08933964371681213,0.6374216079711914,0.20001578330993652,-0.22888490557670593,0.5614858269691467,-0.3825770318508148,-0.5035630464553833,0.35068100690841675,-0.8186473846435547,-0.514040470123291,0.4517272114753723,-1.0260958671569824,-0.29689300060272217,0.1925719529390335,-0.24729979038238525,-0.06697024405002594,-0.07241059839725494,-0.5088946223258972,-0.03055907040834427,-0.27383512258529663,-0.6477320194244385,-0.11611308157444,-0.24384605884552002,-0.6879268884658813,-0.16448719799518585,-0.007951249368488789,-0.0009714820771478117,0.0008199367439374328,-0.2627854347229004,-0.25420698523521423,0.06916747987270355,-0.4788393974304199,-0.40051624178886414,-0.03336721658706665,-0.7221584916114807,-0.5180957913398743,0.014851164072751999,-0.07325959205627441,0.23286676406860352,-0.019805680960416794,-0.366762638092041,0.04509071633219719,0.010894907638430595,-0.5991239547729492,-0.08915843069553375,-0.04079550877213478,-0.7042118906974792,-0.2765940725803375,-0.1468273103237152,-0.013035370036959648,0.5399397015571594,-0.09348662197589874,-0.46144646406173706,0.30911505222320557,-0.02874317392706871,-0.5706607103347778,0.1979619860649109,-0.09056228399276733,-0.6448720097541809,0.11844168603420258,-0.28549882769584656
175,0.6521083116531372,0.5960087776184082,0.11590360105037689,0.6361436247825623,0.19475802779197693,-0.19776035845279694,0.5946323871612549,-0.35232073068618774,-0.4542599320411682,0.4065805971622467,-0.8076872825622559,-0.47347161173820496,0.5668474435806274,-1.0622212886810303,-0.32387202978134155,0.1862964779138565,-0.2537686228752136,-0.05381721258163452,-0.08271722495555878,-0.5243982076644897,-0.0415547639131546,-0.26936477422714233,-0.6646263599395752,-0.1310005784034729,-0.4032127261161804,-0.7510004043579102,-0.12133616209030151,-0.006671643350273371,0.0008395971963182092,-0.0018067966448143125,-0.2850010097026825,-0.2554505467414856,0.07367993891239166,-0.4798634946346283,-0.41070497035980225,0.0075479354709386826,-0.19278742372989655,-0.25554466247558594,-0.3851390480995178,-0.0647076889872551,0.24221312999725342,-0.023089682683348656,-0.3728504180908203,0.05168148875236511,0.03646744415163994,-0.6090478897094727,-0.10195256769657135,-0.03494328260421753,-0.7510921955108643,-0.292385995388031,-0.12348443269729614,-0.03599126264452934,0.5455865859985352,-0.10195381939411163,-0.4641610383987427,0.3132596015930176,-0.0163408312946558,-0.6205825805664062,0.18449987471103668,-0.10433061420917511,-0.6980605125427246,0.05456743389368057,-0.24849605560302734
176,0.634679913520813,0.6068270206451416,0.040449969470500946,0.6393197774887085,0.16892848908901215,-0.28677603602409363,0.5968847274780273,-0.3253973722457886,-0.517275333404541,0.4221789538860321,-0.7791094779968262,-0.5090830326080322,0.6921395063400269,-1.1790645122528076,-0.31701430678367615,0.18747985363006592,-0.24972204864025116,-0.061303216964006424,-0.08001232147216797,-0.5437568426132202,0.008444635197520256,-0.27626335620880127,-0.6819602847099304,-0.12101636826992035,-0.32971200346946716,-0.722980260848999,-0.02174701914191246,-0.005592178553342819,-0.002760190051048994,-0.0011021835962310433,-0.29640859365463257,-0.24591735005378723,0.11258409917354584,-0.49637919664382935,-0.4068903625011444,0.0736159235239029,0.09512443095445633,-0.11570242047309875,-0.5805181264877319,-0.06659823656082153,0.24702827632427216,-0.025160130113363266,-0.37472033500671387,0.057161055505275726,0.057873982936143875,-0.6214368939399719,-0.10239160060882568,-0.027777275070548058,-0.7892241477966309,-0.2876846194267273,-0.11014983057975769,-0.046917833387851715,0.5535600185394287,-0.10072130709886551,-0.4678853154182434,0.3235008716583252,0.01671850122511387,-0.6623097658157349,0.1696234941482544,-0.09044240415096283,-0.7498542070388794,0.015575039200484753,-0.19774505496025085
177,0.645555853843689,0.5707215070724487,0.008306161500513554,0.6245721578598022,0.15268868207931519,-0.332884818315506,0.5379626750946045,-0.3406376242637634,-0.58685302734375,0.365803599357605,-0.7863456606864929,-0.5519263744354248,0.577788233757019,-1.194075584411621,-0.24500685930252075,0.1956690549850464,-0.2497216761112213,-0.08946367353200912,-0.05737103521823883,-0.5317516326904297,-0.01678663305938244,-0.2846604883670807,-0.6600812077522278,-0.16611981391906738,-0.3756325840950012,-0.7357784509658813,-0.03796695917844772,-0.007031948305666447,0.0005020431708544493,0.0003514807904139161,-0.2816249132156372,-0.23731300234794617,0.08972343802452087,-0.5166795253753662,-0.39966610074043274,0.02077879011631012,-0.2347557544708252,-0.3103410005569458,-0.39748749136924744,-0.07866062223911285,0.23547428846359253,-0.011361869052052498,-0.365259051322937,0.04765709489583969,0.06969541311264038,-0.6026393175125122,-0.09097245335578918,-0.05799232795834541,-0.7659955024719238,-0.26482245326042175,-0.1360623687505722,-0.06377595663070679,0.5352674722671509,-0.07910405099391937,-0.4862486720085144,0.30670836567878723,0.04737800732254982,-0.6549253463745117,0.1636771261692047,-0.012790564447641373,-0.7441277503967285,0.024454761296510696,-0.11924121528863907
178,0.6382217407226562,0.5749914646148682,0.009818943217396736,0.6116649508476257,0.16669276356697083,-0.35993558168411255,0.4915042519569397,-0.3314061164855957,-0.6334506273269653,0.31464099884033203,-0.7799375057220459,-0.580581545829773,0.459051251411438,-1.1364614963531494,-0.3210741877555847,0.19830244779586792,-0.24165752530097961,-0.10909675061702728,-0.049172237515449524,-0.5294798016548157,-0.023947175592184067,-0.2814764380455017,-0.6628229022026062,-0.18547677993774414,-0.3613159656524658,-0.7975013256072998,-0.13912907242774963,-0.008220270276069641,0.002931216498836875,0.00021093044779263437,-0.26832377910614014,-0.2312890589237213,0.10249529778957367,-0.5371894836425781,-0.3964671492576599,0.05632123351097107,-0.4023725390434265,-0.43730026483535767,-0.16602838039398193,-0.08645787090063095,0.23348835110664368,0.005597828421741724,-0.3593212962150574,0.0437069833278656,0.04607423022389412,-0.5877326726913452,-0.0738305002450943,-0.07103995978832245,-0.7448562383651733,-0.2571963667869568,-0.12914764881134033,-0.08004634827375412,0.5211959481239319,-0.05640552192926407,-0.48631906509399414,0.30249708890914917,0.10815151780843735,-0.6423265337944031,0.19401270151138306,-0.023916518315672874,-0.7280557155609131,0.04327801242470741,-0.0432252511382103
179,0.5580028891563416,0.6038134098052979,0.16273587942123413,0.5714849233627319,0.24765634536743164,-0.19261479377746582,0.40907710790634155,-0.12278899550437927,-0.5782328844070435,0.17608395218849182,-0.6287931203842163,-0.5587103962898254,0.23742473125457764,-0.9316082000732422,-0.4451039135456085,0.17660737037658691,-0.24060748517513275,-0.09447696805000305,-0.0142438393086195,-0.5102788805961609,-0.07600591331720352,-0.1921229511499405,-0.6979751586914062,-0.16131669282913208,-0.2560161054134369,-0.8749158382415771,-0.15835532546043396,-0.00434516416862607,0.00633415998890996,-0.0009543546475470066,-0.2137090563774109,-0.263615220785141,0.08170986920595169,-0.3547413647174835,-0.4609166383743286,0.04598163440823555,-0.43499141931533813,-0.5824211239814758,-0.04305058345198631,-0.08509893715381622,0.22110797464847565,0.021451085805892944,-0.3561709523200989,0.04035424813628197,0.03392308950424194,-0.5430769920349121,-0.07902906835079193,-0.07733257859945297,-0.7356938123703003,-0.30055320262908936,0.0028420984745025635,-0.06537950038909912,0.5136576890945435,0.020822495222091675,-0.47177207469940186,0.28419116139411926,0.12505507469177246,-0.6341457962989807,0.19407804310321808,-0.003350771963596344,-0.6463593244552612,0.10531371831893921,-0.0369378887116909
180,0.5022888779640198,0.5620926022529602,0.3261617124080658,0.5469266176223755,0.21293941140174866,-0.09367179125547409,0.3490917384624481,-0.17769119143486023,-0.5842430591583252,0.07541942596435547,-0.5992341637611389,-0.6388849020004272,0.08062408864498138,-0.8160462379455566,-0.5083301067352295,0.15932318568229675,-0.2283620685338974,-0.10721054673194885,-0.0061562517657876015,-0.49768075346946716,-0.09721311926841736,-0.1619333177804947,-0.7017861604690552,-0.14641053974628448,-0.27001214027404785,-0.8792098760604858,-0.17494386434555054,-0.016626480966806412,-0.009821068495512009,0.004152968525886536,-0.26122739911079407,-0.2255595177412033,0.03711196035146713,-0.36337196826934814,-0.3485601544380188,-0.06503419578075409,-0.5089275240898132,-0.48007532954216003,-0.02531752921640873,-0.090240478515625,0.21968954801559448,0.04752087593078613,-0.3381482660770416,0.05399883911013603,0.07037150114774704,-0.4907168745994568,-0.07321485877037048,-0.02494906261563301,-0.6019790172576904,-0.1967432200908661,-0.043159786611795425,-0.03939000889658928,0.5101978778839111,0.06485938280820847,-0.42757946252822876,0.2960250675678253,0.13486865162849426,-0.5772847533226013,0.21147631108760834,0.04703599959611893,-0.53049635887146,0.18749460577964783,-0.04231596365571022
181,0.35160836577415466,0.4188213050365448,0.4917216897010803,0.45342451333999634,0.18716369569301605,0.14587047696113586,0.2637173533439636,-0.17180311679840088,-0.30710119009017944,0.04413070157170296,-0.5445905327796936,-0.35307615995407104,0.00447835773229599,-0.6667176485061646,-0.28474918007850647,0.05621998384594917,-0.28442972898483276,-0.03175380825996399,-0.09778662770986557,-0.48148781061172485,-0.0019332356750965118,-0.06803128868341446,-0.5409871935844421,-0.030542749911546707,-0.216138556599617,-0.77211594581604,0.04812344163656235,-0.05501633137464523,-0.02553529664874077,-0.0015193503350019455,-0.3012421727180481,-0.20456567406654358,-0.00876530446112156,-0.29328852891921997,-0.3556273877620697,-0.0732012391090393,-0.2919047176837921,-0.5393658876419067,0.08670505881309509,-0.07419010996818542,0.23623766005039215,0.019397981464862823,-0.24563783407211304,0.06926077604293823,-0.03597491979598999,-0.272609144449234,-0.0737057626247406,-0.09025291353464127,-0.2863907814025879,-0.19188833236694336,-0.057441845536231995,0.0069968439638614655,0.5276088118553162,0.05153685063123703,-0.21822181344032288,0.33601993322372437,0.025140926241874695,-0.22975459694862366,0.24556228518486023,-0.013782583177089691,-0.11141462624073029,0.1546599268913269,-0.05102020129561424
182,0.7133930921554565,-0.6655597686767578,-0.11171823740005493,0.6706143617630005,-0.15450069308280945,-0.22082224488258362,0.1973782330751419,-0.2916973829269409,-0.13892149925231934,-0.1755722463130951,-0.32700055837631226,-0.5390259027481079,0.17861880362033844,-0.2560538947582245,-0.08598089963197708,-0.14121463894844055,-0.5713327527046204,0.03440935164690018,-0.3052026033401489,-0.4512366056442261,-0.06955542415380478,-0.34263721108436584,-0.4851958155632019,-0.32176920771598816,0.17516471445560455,-0.5896326899528503,0.14795100688934326,-0.20090211927890778,-0.012576604261994362,-0.06622248142957687,-0.40685170888900757,-0.26245206594467163,-0.057898037135601044,-0.23732754588127136,-0.5721006393432617,0.030873794108629227,0.33043766021728516,-0.3773101270198822,0.2113960087299347,0.014126274734735489,0.36973708868026733,-0.02723526954650879,-0.22873181104660034,0.14086996018886566,-0.21575114130973816,-0.05062759667634964,-0.1667160838842392,-0.1048048734664917,0.09808704257011414,-0.3938676118850708,0.03610263392329216,0.18758755922317505,0.8570525646209717,0.02301303669810295,0.09833347052335739,0.581028163433075,-0.07452056556940079,0.21825700998306274,0.27665355801582336,-0.06727399677038193,0.5067104697227478,0.023099057376384735,-0.04511372372508049
183,0.4947342276573181,-0.10343849658966064,0.10217925906181335,0.394683837890625,0.05170582979917526,0.023132942616939545,-0.054154567420482635,-0.1725112497806549,-0.06937526166439056,-0.3180692791938782,-0.25791144371032715,-0.2656954526901245,-0.2045508623123169,-0.2628564238548279,0.019915591925382614,-0.168104350566864,-0.4150609076023102,-0.008244803175330162,-0.25474557280540466,-0.41901880502700806,-0.026375839486718178,-0.2664180099964142,-0.47641170024871826,-0.0752144455909729,-0.04383318871259689,-0.6479668617248535,0.23485782742500305,-0.13727019727230072,-0.0024457150138914585,-0.04706659913063049,-0.27666449546813965,-0.23155564069747925,0.04688115045428276,-0.19127115607261658,-0.5261059403419495,0.18082797527313232,0.13520517945289612,-0.42446422576904297,0.4039413034915924,0.07055002450942993,0.2730719745159149,0.0018743006512522697,-0.09947614371776581,0.05931203439831734,-0.03848012536764145,-0.017695989459753036,-0.1618843972682953,0.15783622860908508,0.01609937846660614,-0.15842372179031372,0.23011308908462524,0.2490442395210266,0.6146979331970215,0.07965002954006195,0.1395019292831421,0.3523321747779846,0.15873326361179352,0.19674551486968994,0.21164675056934357,0.18502436578273773,0.33597704768180847,0.05601172149181366,0.24581339955329895
184,0.36188480257987976,0.20175057649612427,0.21893802285194397,0.2337494194507599,0.14158658683300018,0.12924014031887054,-0.2047233283519745,-0.0610496960580349,-0.08124370872974396,-0.42402687668800354,-0.1647520363330841,-0.19137805700302124,0.019210152328014374,0.20396630465984344,-0.046928249299526215,-0.190536767244339,-0.30230772495269775,-0.06049290671944618,-0.24040240049362183,-0.35919004678726196,-0.06321665644645691,-0.2881562113761902,-0.5095045566558838,-0.039297010749578476,-0.16323433816432953,-0.6792343258857727,0.1788977086544037,-0.10390332341194153,0.0050557320937514305,-0.03255763649940491,-0.18216203153133392,-0.25075218081474304,0.051515623927116394,-0.1244424358010292,-0.46138495206832886,0.22081708908081055,-0.08282747864723206,-0.5410507321357727,0.5480803847312927,0.08050103485584259,0.21218940615653992,0.04492655768990517,-0.03883656859397888,-0.0031712204217910767,0.05546899512410164,-0.016360413283109665,-0.22922340035438538,0.26150643825531006,-0.002627636305987835,-0.25774720311164856,0.4117186665534973,0.2617875337600708,0.46717938780784607,0.1474805623292923,0.15703898668289185,0.1905301958322525,0.28839755058288574,0.16032709181308746,0.07847730815410614,0.3802143633365631,0.25362086296081543,-0.01643671840429306,0.4906097650527954
185,0.23797044157981873,0.46153536438941956,0.23906517028808594,0.08893232047557831,0.32326221466064453,0.1646958887577057,-0.2967262864112854,0.11458425968885422,0.08049044013023376,-0.4283285140991211,-0.085907943546772,0.03648124635219574,-0.17332257330417633,0.1731894314289093,0.11034156382083893,-0.22423145174980164,-0.15736812353134155,-0.008441593497991562,-0.2793275713920593,-0.3460365831851959,-0.010294733569025993,-0.3370637893676758,-0.4912179410457611,0.04328714311122894,-0.3146710693836212,-0.7062268257141113,0.21185001730918884,-0.0602039210498333,0.009088030084967613,-0.018271727487444878,-0.11578858643770218,-0.27485185861587524,0.07746490091085434,-0.125700905919075,-0.49459898471832275,0.2681922912597656,-0.12964800000190735,-0.6427147388458252,0.5911369323730469,0.13560977578163147,0.13880333304405212,0.03310761600732803,0.05163728445768356,-0.11024607717990875,0.10437143594026566,0.03471962362527847,-0.2887932062149048,0.3409426212310791,0.02424749732017517,-0.37769395112991333,0.5285959243774414,0.3422812819480896,0.3329654932022095,0.10464106500148773,0.2790617346763611,0.040300995111465454,0.2885487675666809,0.23889055848121643,-0.07694269716739655,0.4312174916267395,0.2846490144729614,-0.1235254555940628,0.5926724672317505
186,0.1731497198343277,0.5317186117172241,0.33399415016174316,0.07944643497467041,0.3469100594520569,0.26191574335098267,-0.2739761471748352,0.16653400659561157,0.23045271635055542,-0.3122064173221588,-0.03255835548043251,0.16223585605621338,-0.19665034115314484,0.12958301603794098,0.17243950068950653,-0.2401297390460968,-0.07085715234279633,0.06309006363153458,-0.3072991669178009,-0.33690083026885986,0.004568961448967457,-0.37576496601104736,-0.46571362018585205,0.05616377294063568,-0.38732725381851196,-0.7159897089004517,0.17772120237350464,-0.04036678746342659,0.008930543437600136,-0.007511196658015251,-0.07765381783246994,-0.29953593015670776,0.05491524934768677,-0.10104481875896454,-0.5002192854881287,0.2232576459646225,-0.14497187733650208,-0.6913011074066162,0.5205511450767517,0.168407142162323,0.09304392337799072,0.006105875596404076,0.12242831289768219,-0.16729959845542908,0.07277199625968933,0.1003083810210228,-0.32722339034080505,0.32725754380226135,0.051344823092222214,-0.4683733582496643,0.5765950679779053,0.3998068571090698,0.2418181449174881,0.05173022300004959,0.36635416746139526,-0.07601182162761688,0.21461379528045654,0.32568854093551636,-0.19034519791603088,0.3775830566883087,0.339789479970932,-0.21221239864826202,0.5455601811408997
187,0.12996745109558105,0.5304192304611206,0.39415574073791504,0.0688357949256897,0.3565938174724579,0.3178313672542572,-0.26524093747138977,0.19558751583099365,0.32154250144958496,-0.22436337172985077,-0.03039170801639557,0.2379486858844757,-0.09188870340585709,0.05923426151275635,0.20900404453277588,-0.24710962176322937,-0.03382794186472893,0.10471189767122269,-0.3155543804168701,-0.33945876359939575,0.015511486679315567,-0.3860551714897156,-0.44371554255485535,0.051526159048080444,-0.42112070322036743,-0.7192676067352295,0.15997490286827087,-0.027303829789161682,0.00850042887032032,-0.002325395355001092,-0.05487307161092758,-0.3130306303501129,0.03960391506552696,-0.08710283786058426,-0.5021448731422424,0.18678930401802063,-0.15079215168952942,-0.7157877683639526,0.46925002336502075,0.18579378724098206,0.0720336064696312,-0.011249011382460594,0.16425615549087524,-0.19779635965824127,0.04704771190881729,0.144900381565094,-0.3469679653644562,0.31639522314071655,0.06903322786092758,-0.5018537044525146,0.607669472694397,0.4327908754348755,0.1898089349269867,0.02351406030356884,0.4166678786277771,-0.13589805364608765,0.1568669080734253,0.3817451298236847,-0.249599426984787,0.3416539430618286,0.37646540999412537,-0.2542697489261627,0.5059102177619934
188,0.11985976994037628,0.5416154265403748,0.4147934913635254,0.048760127276182175,0.39253732562065125,0.319264680147171,-0.28212255239486694,0.2337397336959839,0.37172502279281616,-0.25745898485183716,0.05183187872171402,0.3236939311027527,0.0031896084547042847,0.11509804427623749,0.23099732398986816,-0.2521181106567383,-0.00733651127666235,0.12480007112026215,-0.3290126323699951,-0.3338865637779236,0.017640817910432816,-0.4146602153778076,-0.44414830207824707,0.053311288356781006,-0.47077637910842896,-0.7124521732330322,0.16266490519046783,-0.01958194188773632,0.006921614520251751,-0.0009560126927681267,-0.04069262370467186,-0.3238328695297241,0.027183905243873596,-0.08395826816558838,-0.5081576704978943,0.19346019625663757,-0.16900190711021423,-0.7477895021438599,0.4510573744773865,0.19628095626831055,0.053461022675037384,-0.017283054068684578,0.18849214911460876,-0.22593477368354797,0.04461582750082016,0.17212200164794922,-0.36334818601608276,0.3130972385406494,0.08005140721797943,-0.5420221090316772,0.6296270489692688,0.45488232374191284,0.14818431437015533,-0.0027427412569522858,0.441972941160202,-0.20975488424301147,0.13328610360622406,0.40529972314834595,-0.278783917427063,0.31602704524993896,0.39886289834976196,-0.31961590051651,0.49061301350593567
189,0.1121010035276413,0.535092830657959,0.44154542684555054,0.04716076701879501,0.39777636528015137,0.33264490962028503,-0.27364200353622437,0.2433624565601349,0.4296724200248718,-0.2657768726348877,0.08141763508319855,0.3791096806526184,0.05001319572329521,0.13305610418319702,0.17532220482826233,-0.2569448947906494,0.009995573200285435,0.13275572657585144,-0.34361517429351807,-0.32841038703918457,0.015633029863238335,-0.43006718158721924,-0.4334056079387665,0.04719821363687515,-0.4952569901943207,-0.7228102684020996,0.12346306443214417,-0.014971982687711716,0.005284866318106651,0.0004349920782260597,-0.03349859640002251,-0.33268606662750244,0.00838238000869751,-0.09422166645526886,-0.5092651844024658,0.18455776572227478,-0.18561813235282898,-0.7536249160766602,0.47341346740722656,0.20292723178863525,0.04265167564153671,-0.02048197016119957,0.20079654455184937,-0.2434011548757553,0.045596085488796234,0.1854057013988495,-0.38349449634552,0.3018065392971039,0.08248791843652725,-0.5625354051589966,0.6426855325698853,0.4684593677520752,0.11960209906101227,-0.01664539985358715,0.45350444316864014,-0.2578246295452118,0.12094610929489136,0.41392236948013306,-0.30227038264274597,0.3067801594734192,0.4068111181259155,-0.3542041480541229,0.48707252740859985
190,0.09311524033546448,0.5361628532409668,0.47285860776901245,0.0414079986512661,0.3817233443260193,0.37142521142959595,-0.26134106516838074,0.23969385027885437,0.45673826336860657,-0.19599854946136475,0.019743025302886963,0.3552175760269165,0.006340092048048973,0.1066732108592987,0.27666109800338745,-0.2555733323097229,0.016467642039060593,0.14231503009796143,-0.34956803917884827,-0.3281172215938568,0.0097825201228261,-0.428930401802063,-0.42868828773498535,0.014804143458604813,-0.49546411633491516,-0.7191246151924133,0.03189901262521744,-0.013375762850046158,0.0046468935906887054,0.002819292014464736,-0.02596293017268181,-0.3385189175605774,-0.015587057918310165,-0.0974368155002594,-0.5143807530403137,0.15337181091308594,-0.1888246238231659,-0.7589819431304932,0.4576794505119324,0.20570814609527588,0.0419638529419899,-0.02543490007519722,0.20910072326660156,-0.24958571791648865,0.024594523012638092,0.1975054144859314,-0.39372891187667847,0.2849283218383789,0.0825996994972229,-0.5762739181518555,0.6416412591934204,0.4791659414768219,0.11091430485248566,-0.023800544440746307,0.4651039242744446,-0.2795295715332031,0.0846409723162651,0.4243537485599518,-0.30711260437965393,0.2648753225803375,0.4196736514568329,-0.37905174493789673,0.4630677103996277
191,0.08158063888549805,0.5524452924728394,0.43925631046295166,0.03239862993359566,0.41129398345947266,0.3916192948818207,-0.2760005295276642,0.2760877013206482,0.43208950757980347,-0.15175898373126984,0.00816386565566063,0.35183122754096985,-0.1857421100139618,0.12924496829509735,0.3542214035987854,-0.25483688712120056,0.021942272782325745,0.1486470103263855,-0.35630643367767334,-0.3309921622276306,0.012102671898901463,-0.42818906903266907,-0.4261576533317566,0.006650007329881191,-0.49565589427948,-0.7247093915939331,-0.00861121341586113,-0.012987243942916393,0.003822549246251583,0.003413665806874633,-0.03570779040455818,-0.33784550428390503,-0.04100056365132332,-0.09906385838985443,-0.5215020179748535,0.14097173511981964,-0.18667244911193848,-0.7664943337440491,0.44004836678504944,0.2081480175256729,0.038683220744132996,-0.02828822284936905,0.2136182188987732,-0.2558220326900482,0.009914522990584373,0.20585757493972778,-0.3999103903770447,0.27330246567726135,0.08696909248828888,-0.5874654054641724,0.6367943286895752,0.480888307094574,0.11511504650115967,-0.024967167526483536,0.47179123759269714,-0.2834128141403198,0.06270838528871536,0.4329250454902649,-0.31044453382492065,0.2333119809627533,0.4329024851322174,-0.39623498916625977,0.44590693712234497
192,0.07408954203128815,0.5786185264587402,0.4331324100494385,0.03073257766664028,0.4337911605834961,0.4054502844810486,-0.2804192900657654,0.2841668128967285,0.42937079071998596,-0.13853833079338074,0.006788649596273899,0.35538530349731445,-0.1322680115699768,0.11118999123573303,0.38564032316207886,-0.2526607811450958,0.019834067672491074,0.15741172432899475,-0.36241060495376587,-0.3349987864494324,0.009708509780466557,-0.4281727075576782,-0.4289289116859436,-0.008389775641262531,-0.5042267441749573,-0.7079317569732666,0.005671854596585035,-0.014290254563093185,0.003938725683838129,0.005545825697481632,-0.03848990797996521,-0.3378129303455353,-0.061183709651231766,-0.09384821355342865,-0.5302574634552002,0.12820002436637878,-0.17666271328926086,-0.7743366956710815,0.42622795701026917,0.20941060781478882,0.0402064174413681,-0.0305884201079607,0.21542111039161682,-0.25619152188301086,0.002849995158612728,0.2077654004096985,-0.40952175855636597,0.26650217175483704,0.08952610194683075,-0.601848840713501,0.6344563961029053,0.4838063418865204,0.12025872617959976,-0.027919555082917213,0.46827927231788635,-0.2521911561489105,0.06101051717996597,0.43971148133277893,-0.3133504390716553,0.2165927290916443,0.4409025311470032,-0.4124923646450043,0.4357638359069824
193,0.06385094672441483,0.5966180562973022,0.42821934819221497,0.021277375519275665,0.45929771661758423,0.40701282024383545,-0.2795345187187195,0.25142902135849,0.4669756591320038,-0.14708393812179565,0.029325276613235474,0.3525002598762512,-0.10044701397418976,0.0885712057352066,0.3985061049461365,-0.2528528571128845,0.020035691559314728,0.1614043116569519,-0.3666852116584778,-0.3384189009666443,0.013912571594119072,-0.42731064558029175,-0.4282750189304352,-0.013153519481420517,-0.5071750283241272,-0.6963174343109131,0.01927516795694828,-0.01498989388346672,0.004010196775197983,0.006414630450308323,-0.03850533068180084,-0.3384549617767334,-0.06745370477437973,-0.08937020599842072,-0.5382452011108398,0.12774305045604706,-0.16753996908664703,-0.7787460088729858,0.4283667802810669,0.2109159678220749,0.04083561897277832,-0.03151518478989601,0.21696701645851135,-0.25507545471191406,0.00019814888946712017,0.20989616215229034,-0.4168439507484436,0.26836562156677246,0.09929689019918442,-0.6169504523277283,0.6342001557350159,0.4839579463005066,0.12223745882511139,-0.02950221113860607,0.4701358675956726,-0.23550483584403992,0.0618458092212677,0.4485131800174713,-0.3134802579879761,0.20892778038978577,0.4517589807510376,-0.4246711730957031,0.43146538734436035
194,0.05827970802783966,0.6064122915267944,0.42554593086242676,0.016132410615682602,0.47317686676979065,0.4078630805015564,-0.27905306220054626,0.23361504077911377,0.48743802309036255,-0.15173396468162537,0.04158838465809822,0.350930392742157,-0.08313189446926117,0.07626339048147202,0.4055069088935852,-0.25295740365982056,0.02014540508389473,0.16357684135437012,-0.3690112233161926,-0.3402799069881439,0.016200175508856773,-0.4268415570259094,-0.4279192090034485,-0.01574566960334778,-0.5087792873382568,-0.6899976134300232,0.026677291840314865,-0.015370596200227737,0.004049086943268776,0.006887382827699184,-0.03851372376084328,-0.33880430459976196,-0.07086546719074249,-0.08693353831768036,-0.5425916910171509,0.12749437987804413,-0.16257590055465698,-0.7811453342437744,0.42953062057495117,0.2117350995540619,0.04117799550294876,-0.0320194736123085,0.21780820190906525,-0.2544681429862976,-0.0012448300840333104,0.21105559170246124,-0.42082828283309937,0.2693796157836914,0.10461357980966568,-0.6251678466796875,0.6340607404708862,0.48404043912887573,0.12331417202949524,-0.030363399535417557,0.4711461067199707,-0.22642511129379272,0.06230032444000244,0.4533025622367859,-0.3135508894920349,0.2047569751739502,0.45766642689704895,-0.4312981963157654,0.42912644147872925
195,0.06834739446640015,0.6001492738723755,0.4271269142627716,0.022349737584590912,0.47281527519226074,0.4025862216949463,-0.28333181142807007,0.25764113664627075,0.4591638147830963,-0.15583772957324982,0.042723432183265686,0.3568273186683655,-0.08239808678627014,0.08053161948919296,0.41560035943984985,-0.25627902150154114,0.02520119585096836,0.1614241749048233,-0.3763711452484131,-0.3385075032711029,0.016762880608439445,-0.43277427554130554,-0.41455721855163574,-0.018014315515756607,-0.5190595388412476,-0.6710668802261353,0.03954964131116867,-0.013843907043337822,0.0033603243064135313,0.005471011158078909,-0.04350085183978081,-0.3359159827232361,-0.06904160976409912,-0.08977353572845459,-0.5315344929695129,0.13892188668251038,-0.15952518582344055,-0.7604290246963501,0.47852322459220886,0.21291357278823853,0.04049292206764221,-0.03160028159618378,0.21858730912208557,-0.26761525869369507,0.01723083294928074,0.20349368453025818,-0.4179007411003113,0.2773650884628296,0.09387366473674774,-0.6191278696060181,0.6399071216583252,0.4827346205711365,0.11916868388652802,-0.028386075049638748,0.4694565236568451,-0.220220685005188,0.06958518922328949,0.451813668012619,-0.3121424913406372,0.20946592092514038,0.458501398563385,-0.4275436997413635,0.4423188269138336
196,0.10445339977741241,0.6352852582931519,0.38705766201019287,-0.056135836988687515,0.4833952784538269,0.38229215145111084,-0.41586828231811523,0.2834298610687256,0.40166521072387695,-0.36422058939933777,0.06082697585225105,0.25134724378585815,-0.19687481224536896,0.03898315876722336,0.29033806920051575,-0.26503172516822815,0.015588197857141495,0.1174880638718605,-0.35079362988471985,-0.34188318252563477,0.048231981694698334,-0.3548493981361389,-0.44568759202957153,0.1309783011674881,-0.496496319770813,-0.6972191333770752,0.20870812237262726,-0.01228553056716919,0.00558372400701046,0.0022317843977361917,-0.030265333130955696,-0.3344452977180481,-0.012613395228981972,-0.03658785670995712,-0.5177985429763794,0.2630484700202942,-0.1586979180574417,-0.7356040477752686,0.5900472402572632,0.21100221574306488,0.033273033797740936,-0.014522399753332138,0.21179959177970886,-0.2646825909614563,0.07087348401546478,0.18544557690620422,-0.39632558822631836,0.3367352783679962,0.11468535661697388,-0.585018515586853,0.663311779499054,0.47126442193984985,0.1303485929965973,0.01386492419987917,0.45534947514533997,-0.21384313702583313,0.15576565265655518,0.42447614669799805,-0.307002454996109,0.32105380296707153,0.4138762354850769,-0.3637564182281494,0.5439282059669495
197,0.12458543479442596,0.6822080016136169,0.32541534304618835,-0.12647879123687744,0.43814098834991455,0.3802163600921631,-0.509029746055603,0.22880315780639648,0.30128902196884155,-0.5114346742630005,0.025727741420269012,0.17857743799686432,-0.25729861855506897,-0.04409749060869217,0.16550251841545105,-0.26979130506515503,0.008145532570779324,0.06375867128372192,-0.33876651525497437,-0.31400126218795776,0.044957488775253296,-0.29496458172798157,-0.4653857946395874,0.21965286135673523,-0.43373608589172363,-0.7436540722846985,0.37899020314216614,-0.011911651119589806,0.00818551518023014,-0.0005506854504346848,-0.013619333505630493,-0.3229248523712158,0.059259846806526184,-0.06351066380739212,-0.49566519260406494,0.34151792526245117,-0.17587658762931824,-0.7133151888847351,0.7083600759506226,0.20686855912208557,0.050460100173950195,0.018864944577217102,0.1749398410320282,-0.23637419939041138,0.13720925152301788,0.1337529718875885,-0.3597574532032013,0.40032118558883667,0.05183877795934677,-0.5279006958007812,0.705888032913208,0.43889081478118896,0.15421508252620697,0.08434513211250305,0.4063205122947693,-0.17937152087688446,0.25112175941467285,0.3645694851875305,-0.25302889943122864,0.43743568658828735,0.3231915235519409,-0.2341916710138321,0.6509751677513123
198,0.1105068176984787,0.6826698780059814,0.34863048791885376,-0.15525634586811066,0.40692591667175293,0.38825809955596924,-0.5298718810081482,0.14183500409126282,0.2564561069011688,-0.5996724963188171,-0.0373857244849205,0.14984533190727234,0.012918144464492798,0.30767855048179626,0.031462159007787704,-0.2740955054759979,-0.002386223990470171,0.03201445937156677,-0.32553309202194214,-0.31062817573547363,0.03920111432671547,-0.2460271418094635,-0.4719089865684509,0.2562429904937744,-0.388886034488678,-0.7622066736221313,0.46079063415527344,-0.009823496453464031,0.011505058035254478,-0.0017890664748847485,-0.0032858792692422867,-0.31374168395996094,0.10324141383171082,-0.0666937381029129,-0.47875654697418213,0.3537556529045105,-0.13698571920394897,-0.6019212007522583,0.7139490842819214,0.19647884368896484,0.0698496401309967,0.03759588301181793,0.15830184519290924,-0.20719359815120697,0.1781722605228424,0.10840833187103271,-0.3359890580177307,0.43814629316329956,0.008069880306720734,-0.494758665561676,0.7292773723602295,0.40126925706863403,0.1746635138988495,0.12706437706947327,0.3660007417201996,-0.11696140468120575,0.320268839597702,0.3263705372810364,-0.17868678271770477,0.5147287845611572,0.2797372043132782,-0.14063015580177307,0.7048308849334717
199,0.09880442917346954,0.5718646049499512,0.4738147258758545,-0.07753065228462219,0.2742188572883606,0.46270424127578735,-0.3500194549560547,-0.04326570779085159,0.29947394132614136,-0.5786183476448059,-0.11590416729450226,0.12138977646827698,-0.05997990071773529,-0.006728425621986389,-0.023311883211135864,-0.2818489670753479,-0.07025157660245895,0.027302507311105728,-0.2970881760120392,-0.30413374304771423,0.04954417794942856,-0.15108884871006012,-0.42895591259002686,0.28053057193756104,-0.3449997901916504,-0.705621600151062,0.46476614475250244,-0.04958997294306755,0.004091861192137003,-0.010937578044831753,-0.043878085911273956,-0.27099061012268066,0.07490365207195282,-0.07580259442329407,-0.4409680962562561,0.3748083710670471,-0.037783123552799225,-0.47760385274887085,0.695218563079834,0.13339293003082275,0.12182898819446564,0.04239208251237869,0.10974490642547607,-0.14645253121852875,0.19480139017105103,0.09902390837669373,-0.2647749185562134,0.40603435039520264,0.051523610949516296,-0.4002181887626648,0.7459047436714172,0.3432380259037018,0.26149630546569824,0.16059908270835876,0.3188430368900299,0.037171535193920135,0.2635345757007599,0.308455228805542,-0.07203161716461182,0.5060437321662903,0.2956942915916443,-0.09874464571475983,0.6475362181663513
200,0.09243667125701904,0.5115708708763123,0.5419326424598694,-0.0352368988096714,0.2020074725151062,0.5032134652137756,-0.25215432047843933,-0.14398664236068726,0.32288169860839844,-0.5671619176864624,-0.15862928330898285,0.1059059351682663,-0.09964673221111298,-0.17781022191047668,-0.05311669781804085,-0.286067932844162,-0.1071799099445343,0.02473854087293148,-0.2816101312637329,-0.3005998730659485,0.05517226457595825,-0.09942901134490967,-0.40558338165283203,0.2937464416027069,-0.3211194574832916,-0.6748312711715698,0.4669293761253357,-0.07122854888439178,5.803513340651989e-05,-0.015915660187602043,-0.06596598029136658,-0.24772797524929047,0.059483908116817474,-0.08075910061597824,-0.42040586471557617,0.38626402616500854,0.016197100281715393,-0.4099576473236084,0.6850265264511108,0.09906528890132904,0.15011310577392578,0.04500189423561096,0.08332306891679764,-0.11340080201625824,0.20385000109672546,0.09391745924949646,-0.22602435946464539,0.3885609209537506,0.07516857981681824,-0.34877482056617737,0.7549523711204529,0.3116608262062073,0.3087456226348877,0.17884668707847595,0.2931825816631317,0.12104162573814392,0.2326631247997284,0.2987067699432373,-0.013996142894029617,0.5013178586959839,0.3043771982192993,-0.07595300674438477,0.6163598299026489
201,0.150891974568367,0.43207618594169617,0.5826350450515747,0.0551769994199276,0.18447312712669373,0.4297744035720825,-0.20061442255973816,-0.18710610270500183,0.16715343296527863,-0.3883127272129059,-0.26156872510910034,0.0036535263061523438,-0.29459434747695923,-0.19357003271579742,-0.08686748147010803,-0.2128162533044815,-0.2286360263824463,0.0076726218685507774,-0.23618321120738983,-0.3239439129829407,-0.024996444582939148,0.012638330459594727,-0.3785511553287506,0.1490652859210968,-0.31375354528427124,-0.6612771153450012,0.33412641286849976,-0.08898591995239258,-0.019988734275102615,-0.01301511749625206,-0.07440395653247833,-0.2352561056613922,0.03798307478427887,-0.10290426015853882,-0.4091542363166809,0.31107980012893677,0.1246766597032547,-0.32331883907318115,0.5736356377601624,0.08005525171756744,0.14915212988853455,0.07366330921649933,0.056853100657463074,-0.08228077739477158,0.17160862684249878,0.08189835399389267,-0.21286806464195251,0.30606621503829956,-0.05599994957447052,-0.3879842162132263,0.6823515892028809,0.2084084004163742,0.38064104318618774,0.18887457251548767,0.20618993043899536,0.16558298468589783,0.20619866251945496,0.23125721514225006,-0.02443956583738327,0.47637757658958435,0.2885998487472534,-0.0657263696193695,0.5345968008041382
202,0.18951870501041412,0.3876933157444,0.6291407346725464,0.1665116548538208,0.15453296899795532,0.4174800515174866,-0.1409684717655182,-0.22426986694335938,0.10023478418588638,-0.19652602076530457,-0.3108258843421936,-0.008587749674916267,-0.3473723232746124,-0.23554225265979767,-0.12114976346492767,-0.20848780870437622,-0.23963835835456848,-0.035075802356004715,-0.2185932993888855,-0.39438846707344055,-0.09224331378936768,0.06862790882587433,-0.37104254961013794,0.06534910202026367,-0.2917923927307129,-0.6578919887542725,0.25689995288848877,-0.09580828249454498,-0.028367942199110985,-0.010583074763417244,-0.08118284493684769,-0.22805607318878174,0.013879452832043171,-0.10366752743721008,-0.41083258390426636,0.23258176445960999,0.1725461184978485,-0.2832309603691101,0.49154171347618103,0.05011068657040596,0.16712525486946106,0.08305991441011429,0.04181131720542908,-0.0463864728808403,0.10957033187150955,0.08294594287872314,-0.2100464403629303,0.2446044236421585,-0.10923825204372406,-0.4119952321052551,0.62995845079422,0.1546081304550171,0.4270542860031128,0.18121874332427979,0.16528169810771942,0.18795183300971985,0.18130028247833252,0.21456807851791382,-0.01878083497285843,0.43164247274398804,0.2583238184452057,-0.10114607214927673,0.5426744222640991
203,0.17841577529907227,0.335149347782135,0.6905465126037598,0.20779500901699066,0.11671945452690125,0.4586174786090851,-0.08279591053724289,-0.25225192308425903,0.07890713959932327,-0.2574487030506134,-0.33115190267562866,-0.02977311611175537,-0.380590558052063,-0.28063350915908813,-0.1445692628622055,-0.206007182598114,-0.25664931535720825,-0.053684961050748825,-0.22767484188079834,-0.4241427779197693,-0.12696728110313416,-0.05855986848473549,-0.4443624019622803,0.06081458181142807,-0.28650665283203125,-0.6599465608596802,0.24072407186031342,-0.09855185449123383,-0.02539137937128544,-0.009407486766576767,-0.11203014850616455,-0.23433588445186615,-0.0456959530711174,-0.09093037247657776,-0.4085829555988312,0.18336087465286255,0.16301734745502472,-0.30045977234840393,0.4879828691482544,0.038293614983558655,0.18237116932868958,0.09009010344743729,0.03524486720561981,-0.03482404351234436,0.08428168296813965,0.09020797908306122,-0.20655012130737305,0.19783028960227966,-0.0020910650491714478,-0.36798566579818726,0.6076712608337402,0.168801948428154,0.4471246600151062,0.17287632822990417,0.16199851036071777,0.17009231448173523,0.23093438148498535,0.21977052092552185,0.008820509538054466,0.3376805782318115,0.2441960573196411,-0.1062936782836914,0.5531178712844849
204,0.17237421870231628,0.3065579831600189,0.7239599227905273,0.2302589863538742,0.09614357352256775,0.4810020327568054,-0.05114182084798813,-0.2674781084060669,0.06730188429355621,-0.2905992567539215,-0.34221214056015015,-0.041300948709249496,-0.3986659646034241,-0.3051695227622986,-0.1573127806186676,-0.20465736091136932,-0.2659056782722473,-0.06381097435951233,-0.23261648416519165,-0.4403333067893982,-0.14586202800273895,-0.12776798009872437,-0.484258770942688,0.05834716185927391,-0.28363049030303955,-0.6610645055770874,0.23192210495471954,-0.10004474222660065,-0.023771708831191063,-0.008767800405621529,-0.1288154423236847,-0.2377529889345169,-0.0781133845448494,-0.08399955928325653,-0.4073588252067566,0.15657776594161987,0.15783235430717468,-0.30983465909957886,0.48604634404182434,0.031863462179899216,0.19066709280014038,0.09391552209854126,0.03167179226875305,-0.028532451018691063,0.07052108645439148,0.0941595509648323,-0.20464763045310974,0.1723785698413849,0.05621213838458061,-0.3440382480621338,0.5955439209938049,0.17652538418769836,0.4580457806587219,0.168336883187294,0.16021199524402618,0.1603742241859436,0.2579423487186432,0.22260138392448425,0.023839538916945457,0.2865520119667053,0.2365085780620575,-0.10909469425678253,0.5588005781173706
205,0.15956471860408783,0.20322516560554504,0.7473698854446411,0.28550174832344055,0.04004180058836937,0.5314223766326904,0.11922227591276169,-0.2935255169868469,0.12614978849887848,-0.09768323600292206,-0.3969298005104065,-0.008288754150271416,0.029929861426353455,-0.17829203605651855,-0.17625613510608673,-0.10323100537061691,-0.3240397572517395,-0.016869153827428818,-0.18688321113586426,-0.46908193826675415,-0.10923716425895691,-0.11024104803800583,-0.46760421991348267,-0.09380735456943512,-0.1314990222454071,-0.5757937431335449,-0.04382111132144928,-0.10254712402820587,-0.039035968482494354,-0.009217744693160057,-0.18499919772148132,-0.20407754182815552,-0.15967097878456116,-0.05045825242996216,-0.305203378200531,-0.08166516572237015,0.13492417335510254,-0.32653284072875977,0.21592222154140472,-0.031874679028987885,0.21827571094036102,0.046915214508771896,-0.07234299927949905,0.03368166461586952,-0.04916248843073845,0.08185641467571259,-0.08416371047496796,-0.05047919601202011,0.13264057040214539,-0.26442191004753113,0.22875747084617615,0.08949504792690277,0.48853346705436707,0.14428722858428955,0.0597907155752182,0.24297639727592468,0.05643372982740402,0.1623205691576004,0.07524428516626358,0.040628574788570404,0.23145374655723572,-0.00039678066968917847,0.15045587718486786
206,0.09127063304185867,0.14466813206672668,0.8226245641708374,0.3005831837654114,-0.07544242590665817,0.5506905317306519,0.215107724070549,-0.38080766797065735,0.15368524193763733,-0.00792187824845314,-0.3832927346229553,-0.08904574811458588,0.22220811247825623,-0.1822432279586792,-0.07873813807964325,-0.030226469039916992,-0.3804418444633484,0.00943788979202509,0.003814511001110077,-0.38131213188171387,-0.08133089542388916,-0.022131677716970444,-0.3318551778793335,-0.18563592433929443,-0.10327719897031784,-0.4566285014152527,-0.2605333924293518,-0.10454963147640228,-0.04758976399898529,-0.008385010994970798,-0.18377651274204254,-0.1517234444618225,-0.23390339314937592,0.03860457241535187,-0.19220474362373352,-0.2464815378189087,-0.0423431396484375,-0.2764304280281067,-0.09769053757190704,-0.082499198615551,0.22600892186164856,0.0343613363802433,-0.10752902925014496,0.10324908792972565,-0.14834535121917725,0.10785272717475891,0.04633624106645584,-0.1804141402244568,0.2661609947681427,-0.11110438406467438,-0.0026081055402755737,0.004896987229585648,0.5003476142883301,0.13153663277626038,0.014752134680747986,0.29998713731765747,-0.05105305463075638,0.12358840554952621,0.1896486133337021,-0.07389287650585175,0.24690651893615723,0.0996345579624176,-0.04671694338321686
207,0.20165719091892242,0.2897980213165283,0.6497108936309814,0.38042664527893066,0.12851977348327637,0.3543238937854767,0.24395565688610077,-0.18527312576770782,-0.1834249496459961,0.04874094948172569,-0.23667138814926147,-0.3925958573818207,0.10501927137374878,-0.3991895020008087,-0.3011801838874817,0.046012312173843384,-0.28819045424461365,-0.04886369779706001,0.006866117939352989,-0.4214641749858856,-0.10884291678667068,-0.05897349864244461,-0.5047650337219238,-0.1658981740474701,-0.12050171941518784,-0.6493542194366455,-0.26854217052459717,-0.057745784521102905,-0.022534281015396118,-0.0036967911291867495,-0.16891369223594666,-0.21950700879096985,-0.08312341570854187,-0.0254992488771677,-0.3289281129837036,-0.09368535876274109,-0.22647060453891754,-0.490963876247406,0.05354587733745575,-0.08682581782341003,0.2160780429840088,0.047423966228961945,-0.18893496692180634,0.06122205778956413,-0.019415833055973053,-0.14610855281352997,-0.009302495047450066,-0.09499527513980865,-0.16326434910297394,-0.19511762261390686,0.05234190821647644,-0.03682471811771393,0.48148906230926514,0.1251879632472992,-0.17210735380649567,0.3155745267868042,0.01027638278901577,-0.1693854033946991,0.18669208884239197,-0.010451538488268852,0.06992720812559128,0.19995784759521484,-0.10094021260738373
208,0.41281604766845703,0.4193994402885437,0.3492047190666199,0.48819461464881897,0.13834470510482788,0.02058008313179016,0.374839186668396,-0.2508362829685211,-0.3695202171802521,0.15038730204105377,-0.5115276575088501,-0.4688023328781128,0.244485005736351,-0.7436166405677795,-0.2930032014846802,0.12000878155231476,-0.26458367705345154,-0.08616790920495987,0.016724275425076485,-0.4454575777053833,-0.09869459271430969,-0.1811097264289856,-0.546250581741333,-0.18090800940990448,-0.24821442365646362,-0.6688918471336365,-0.19742092490196228,-0.03493984788656235,-0.008323092944920063,-0.001979808323085308,-0.2028668373823166,-0.21915510296821594,-0.007375117391347885,-0.236907958984375,-0.3519561290740967,-0.0558723546564579,-0.3956882357597351,-0.5280561447143555,0.00525079108774662,-0.09855414927005768,0.21679845452308655,0.03999246656894684,-0.2670973539352417,0.04252254217863083,0.021162590011954308,-0.3308718204498291,-0.046245139092206955,-0.0814470425248146,-0.42082101106643677,-0.23313391208648682,-0.06674210727214813,-0.06838176399469376,0.4883032441139221,0.07440141588449478,-0.32520055770874023,0.2992866635322571,0.07930516451597214,-0.37505677342414856,0.18050378561019897,-0.01215548999607563,-0.2874498963356018,0.10985708981752396,-0.05860789492726326
209,0.5004305839538574,0.510775089263916,0.19111894071102142,0.5763975381851196,0.1542162299156189,-0.1486038714647293,0.4642643630504608,-0.3065618872642517,-0.491702139377594,0.24523335695266724,-0.6628084182739258,-0.5179305672645569,0.48361802101135254,-0.9555947780609131,-0.29792171716690063,0.1555161476135254,-0.2551470994949341,-0.09742261469364166,0.004687548615038395,-0.47412294149398804,-0.07968712598085403,-0.24738049507141113,-0.5896667242050171,-0.20144852995872498,-0.33255714178085327,-0.7196313142776489,-0.18246686458587646,-0.02142920158803463,-0.004489848855882883,-0.001625450560823083,-0.22885167598724365,-0.22283600270748138,0.04168984666466713,-0.33998775482177734,-0.3898661136627197,-0.02018131874501705,-0.5020784139633179,-0.5851795673370361,-0.03729801997542381,-0.09523431956768036,0.22061090171337128,0.01775100827217102,-0.31473636627197266,0.045505113899707794,0.04593157023191452,-0.44600456953048706,-0.06519719213247299,-0.04626093804836273,-0.5590417981147766,-0.27048397064208984,-0.12162137776613235,-0.06327376514673233,0.5100302696228027,0.012058645486831665,-0.4227059483528137,0.2953466773033142,0.06394629180431366,-0.5162192583084106,0.15177497267723083,-0.004804450087249279,-0.5150671601295471,0.047406960278749466,-0.06432583928108215
210,0.5758878588676453,0.5404062271118164,0.13146254420280457,0.6219116449356079,0.16017824411392212,-0.24024350941181183,0.5110737085342407,-0.3339971899986267,-0.5631396770477295,0.2912290692329407,-0.7457996606826782,-0.5467836856842041,0.5487372875213623,-1.0271118879318237,-0.3629211485385895,0.17639975249767303,-0.25062233209609985,-0.10477802157402039,-0.0018345587886869907,-0.49127495288848877,-0.06604618579149246,-0.2842792570590973,-0.6168538331985474,-0.21817445755004883,-0.3856486678123474,-0.7461597919464111,-0.16876570880413055,-0.01435793936252594,-0.002517075976356864,-0.0017321277409791946,-0.24124494194984436,-0.22315317392349243,0.06728359311819077,-0.39944496750831604,-0.40784844756126404,-0.002378721721470356,-0.5647301077842712,-0.6110284328460693,-0.06358199566602707,-0.0938674733042717,0.22415897250175476,0.003776948433369398,-0.3416801691055298,0.049779780209064484,0.05648643523454666,-0.5088661313056946,-0.07271488010883331,-0.0313156321644783,-0.6359093189239502,-0.2881777882575989,-0.1476699411869049,-0.0625038743019104,0.5241157412528992,-0.023112621158361435,-0.47698479890823364,0.296522855758667,0.04617488384246826,-0.5938152074813843,0.13752000033855438,-0.0022039064206182957,-0.6387519836425781,0.017732951790094376,-0.07850521802902222
211,0.40899842977523804,0.4143957495689392,0.3969569802284241,0.5219759345054626,0.08183231204748154,0.03719574213027954,0.4411216378211975,-0.29752737283706665,-0.4111981987953186,0.23623012006282806,-0.5423940420150757,-0.47692811489105225,0.4824935793876648,-0.6684855222702026,-0.3057233393192291,0.11109360307455063,-0.31620559096336365,-0.05536860600113869,-0.006912734359502792,-0.46435117721557617,-0.07087893038988113,-0.15849235653877258,-0.5192039012908936,-0.15311461687088013,-0.2662675976753235,-0.6415925025939941,-0.1999741643667221,-0.0529976487159729,-0.03175994008779526,-0.001889410545118153,-0.25093263387680054,-0.1814936250448227,-0.03288263455033302,-0.25542503595352173,-0.2747768759727478,-0.135892853140831,-0.37569016218185425,-0.37783604860305786,-0.14098578691482544,-0.10468422621488571,0.2194749116897583,0.023797880858182907,-0.29434025287628174,0.09190049767494202,-0.005365345627069473,-0.2946924865245819,0.02671852707862854,-0.09667983651161194,-0.30481791496276855,-0.07472769170999527,-0.17744138836860657,-0.03355632349848747,0.496201753616333,0.05368325114250183,-0.3055841624736786,0.3406469225883484,0.005984865128993988,-0.23730504512786865,0.21451812982559204,-0.04626772552728653,-0.2211792916059494,0.15442843735218048,-0.08361344039440155
212,0.25540825724601746,0.3288070857524872,0.5572028756141663,0.43848323822021484,0.08861306309700012,0.2526763379573822,0.37135449051856995,-0.22655543684959412,-0.08914056420326233,0.2369607836008072,-0.4747634530067444,-0.2717270851135254,0.331822007894516,-0.4862082898616791,-0.30974748730659485,0.08059904724359512,-0.34820035099983215,0.002723757177591324,-0.06961247324943542,-0.46608448028564453,-0.1260855346918106,-0.07915026694536209,-0.4710082411766052,-0.24181461334228516,0.011958688497543335,-0.41994836926460266,-0.2596786916255951,-0.07240388542413712,-0.0427580364048481,0.00024311046581715345,-0.22554044425487518,-0.20070752501487732,-0.13592037558555603,-0.11404213309288025,-0.23809102177619934,-0.25673699378967285,0.012819662690162659,-0.1913270652294159,-0.16160058975219727,-0.11201566457748413,0.22004324197769165,0.0009588766843080521,-0.2376132607460022,0.08935520052909851,-0.12817791104316711,-0.12109287828207016,0.058002207428216934,-0.15446434915065765,-0.0026731938123703003,-0.030549317598342896,-0.07180990278720856,-0.05852332338690758,0.5012929439544678,0.022959835827350616,-0.21896585822105408,0.33605480194091797,-0.10611061751842499,-0.09675036370754242,0.2135176956653595,-0.09812448918819427,-0.032497577369213104,0.08237957954406738,-0.1326894760131836
213,0.16969284415245056,0.4096444249153137,0.5184295773506165,0.25725218653678894,0.1946496069431305,0.3195568025112152,0.028351441025733948,-0.07825571298599243,0.10550367832183838,-0.17921775579452515,-0.19339346885681152,-0.11521501839160919,-0.04512980580329895,-0.3150818645954132,-0.18388435244560242,-0.0734737366437912,-0.2109031230211258,-0.0003774509532377124,-0.2146204560995102,-0.3442280888557434,-0.07511000335216522,-0.1956218183040619,-0.4501436650753021,-0.07964913547039032,-0.13977746665477753,-0.5072202682495117,-0.1259215623140335,-0.060345642268657684,-0.017300840467214584,-0.0040853871032595634,-0.1672319918870926,-0.21270784735679626,0.002071201801300049,-0.14769312739372253,-0.31227046251296997,0.01898835599422455,-0.17014266550540924,-0.3836067318916321,0.23256999254226685,0.006095319986343384,0.17682144045829773,0.004113443195819855,-0.10641011595726013,-0.0044275857508182526,0.029544711112976074,-0.06839346140623093,-0.05435950681567192,0.1440434753894806,-0.13556861877441406,-0.2210262566804886,0.30773839354515076,0.11318862438201904,0.42529237270355225,0.04157686606049538,0.010370813310146332,0.18549443781375885,0.0823979452252388,0.06881183385848999,0.09499587118625641,0.19105246663093567,0.09314663708209991,0.014429723843932152,0.2590937912464142
214,0.10025939345359802,0.4829888939857483,0.46642518043518066,0.15961875021457672,0.2571880519390106,0.36571767926216125,-0.17024870216846466,0.04231970012187958,0.20807674527168274,-0.40446609258651733,-0.045498572289943695,-0.025321628898382187,0.07997722923755646,-0.1515517234802246,-0.009841002523899078,-0.17192131280899048,-0.18327917158603668,0.012296494096517563,-0.2789241671562195,-0.2832659184932709,-0.06525998562574387,-0.23637118935585022,-0.43741536140441895,-0.020950937643647194,-0.26788899302482605,-0.5682740211486816,0.044790394604206085,-0.05715618655085564,-0.0037689083255827427,-0.006934253498911858,-0.1433131992816925,-0.2026858627796173,0.014479953795671463,-0.15928733348846436,-0.3528096675872803,0.13328832387924194,-0.23497635126113892,-0.4704784154891968,0.4341629147529602,0.07200416177511215,0.1511637270450592,0.004023517016321421,-0.03472194820642471,-0.0266165379434824,0.08206211775541306,-0.041761986911296844,-0.14216551184654236,0.26754480600357056,-0.16188134253025055,-0.30786052346229553,0.4627688527107239,0.1589117795228958,0.4031006693840027,0.061749137938022614,0.13107730448246002,0.07162554562091827,0.19924798607826233,0.16709396243095398,0.028475310653448105,0.30755719542503357,0.14431798458099365,-0.04717928171157837,0.4539814591407776
215,0.06247779354453087,0.5228986144065857,0.43812739849090576,0.10649237036705017,0.2912178039550781,0.390835702419281,-0.2783152461051941,0.10792975127696991,0.26389098167419434,-0.5270329713821411,0.03497714176774025,0.023593075573444366,0.1480531245470047,-0.06256823241710663,0.08486315608024597,-0.22549070417881012,-0.16824784874916077,0.019192909821867943,-0.3139144778251648,-0.25009387731552124,-0.059900179505348206,-0.2585446238517761,-0.4304893910884857,0.010989170521497726,-0.3375997543334961,-0.6014959216117859,0.13768181204795837,-0.05542067438364029,0.0035943742841482162,-0.008484438993036747,-0.13029800355434418,-0.19723249971866608,0.02123206853866577,-0.16559621691703796,-0.3748687505722046,0.19548363983631134,-0.27025502920150757,-0.5177488923072815,0.5438579320907593,0.10786788165569305,0.13720230758190155,0.003974584396928549,0.004286540672183037,-0.038690462708473206,0.11063900589942932,-0.02727070264518261,-0.18994438648223877,0.33474695682525635,-0.17619918286800385,-0.35511064529418945,0.547127366065979,0.1837916374206543,0.39102524518966675,0.07272569835186005,0.1967586874961853,0.009664792567491531,0.262830913066864,0.2205733209848404,-0.007721269503235817,0.37095221877098083,0.17216242849826813,-0.08070328086614609,0.5600278973579407
216,0.06754940003156662,0.5436326265335083,0.43848294019699097,0.03780292719602585,0.36133724451065063,0.37968987226486206,-0.33682841062545776,0.1500224769115448,0.2791878283023834,-0.5938758254051208,0.061430275440216064,0.0605710968375206,-0.14642518758773804,-0.040666259825229645,0.07938579469919205,-0.2485785186290741,-0.13179731369018555,0.014369199052453041,-0.3190438151359558,-0.2456435263156891,-0.04808942973613739,-0.2773245871067047,-0.4252282977104187,0.05239388346672058,-0.3852010667324066,-0.6270252466201782,0.24809318780899048,-0.0547780804336071,0.007785044144839048,-0.00944236945360899,-0.10211770236492157,-0.21827811002731323,0.056308675557374954,-0.15058128535747528,-0.3888470232486725,0.2529890239238739,-0.29188957810401917,-0.5563416481018066,0.6080961227416992,0.12941154837608337,0.13180948793888092,0.005717004649341106,0.03732362762093544,-0.07702101022005081,0.17043635249137878,-0.0009215055033564568,-0.22612497210502625,0.37433943152427673,-0.19499312341213226,-0.3966217637062073,0.6116154193878174,0.25359317660331726,0.36650604009628296,0.058750927448272705,0.2611713409423828,0.02682499587535858,0.2925916910171509,0.2170390486717224,-0.0574154257774353,0.4439760446548462,0.1668209731578827,-0.10793577134609222,0.6317680478096008
217,0.07995819300413132,0.5906961560249329,0.3697846233844757,-0.021596593782305717,0.393745481967926,0.3452382981777191,-0.4146641492843628,0.17436738312244415,0.29163116216659546,-0.6405762434005737,0.07873763144016266,0.11204002052545547,-0.2544630467891693,-0.02910052239894867,0.10208799690008163,-0.26025158166885376,-0.0653509721159935,0.012717606499791145,-0.3371845483779907,-0.24519342184066772,-0.023268090561032295,0.43512243032455444,-0.606520414352417,0.33827435970306396,-0.43022018671035767,-0.6459873914718628,0.2716567814350128,-0.03659072890877724,0.012232854031026363,-0.0061303963884711266,-0.0892133116722107,-0.24875792860984802,0.13015544414520264,-0.15229679644107819,-0.4185646176338196,0.30324870347976685,-0.33461564779281616,-0.5926936864852905,0.6813355684280396,0.1595425307750702,0.10179633647203445,0.021570006385445595,0.05200705677270889,-0.10061551630496979,0.20300471782684326,-0.008069365285336971,-0.24837461113929749,0.41754090785980225,-0.21196283400058746,-0.4060973525047302,0.6900819540023804,0.3114909827709198,0.300472617149353,0.0750962644815445,0.2967633008956909,0.009419828653335571,0.341349333524704,0.20629733800888062,-0.07197007536888123,0.5041525363922119,0.1666741967201233,-0.051301028579473495,0.6972981095314026
218,0.08334848284721375,0.657671332359314,0.2438422590494156,-0.061747126281261444,0.4401283264160156,0.2764657437801361,-0.4729664921760559,0.21871447563171387,0.292264461517334,-0.6681421995162964,0.10445195436477661,0.1532025784254074,-0.30596065521240234,-0.010633330792188644,0.12105777859687805,-0.26868367195129395,-0.020611904561519623,0.0067145926877856255,-0.35123729705810547,-0.24841323494911194,0.024852624163031578,0.8076171875,-0.7081891298294067,0.4966161251068115,-0.47786957025527954,-0.6687208414077759,0.36969220638275146,-0.025127820670604706,0.013617247343063354,-0.0045863608829677105,-0.08802984654903412,-0.2635575532913208,0.1554456502199173,-0.11590943485498428,-0.39134424924850464,0.36907535791397095,-0.3656800389289856,-0.6277581453323364,0.7177531719207764,0.17937055230140686,0.07445362210273743,0.03595661371946335,0.05338452011346817,-0.14627188444137573,0.22667188942432404,-0.008528953418135643,-0.2647077739238739,0.45264697074890137,-0.22470271587371826,-0.4214556813240051,0.7364481687545776,0.35483303666114807,0.2359553575515747,0.09786475449800491,0.31127238273620605,-0.050763778388500214,0.37149423360824585,0.23763875663280487,-0.05016898363828659,0.5453336834907532,0.15862584114074707,-0.01282444503158331,0.7408095002174377
219,0.08773507922887802,0.7091943621635437,0.2565608024597168,-0.07597924023866653,0.458213210105896,0.2738950848579407,-0.4666896462440491,0.2249506115913391,0.3242201805114746,-0.6816762685775757,0.11667264252901077,0.20803791284561157,-0.4440184235572815,0.043567463755607605,0.16745300590991974,-0.27098357677459717,0.004080284386873245,0.02665124461054802,-0.3733261227607727,-0.2511453330516815,0.04467042535543442,0.2575742304325104,-0.5615572333335876,0.3236892521381378,-0.5295634865760803,-0.6860395669937134,0.3454686999320984,-0.019988534972071648,0.011683606542646885,-0.0015278751961886883,-0.07412602007389069,-0.28968435525894165,0.14429475367069244,-0.09838465601205826,-0.4271124601364136,0.4148699641227722,-0.3388340473175049,-0.6384468078613281,0.7658092975616455,0.1927901804447174,0.05796071141958237,0.0286701712757349,0.09554178267717361,-0.18795615434646606,0.20324018597602844,0.019045136868953705,-0.3449842929840088,0.43035465478897095,-0.17064279317855835,-0.44742247462272644,0.7615042924880981,0.39975041151046753,0.22290316224098206,0.07514889538288116,0.331877201795578,-0.13200743496418,0.33717045187950134,0.26463794708251953,-0.15310245752334595,0.5313240885734558,0.22751200199127197,-0.05397165194153786,0.7589551210403442
220,0.09704025834798813,0.6803158521652222,0.3160100281238556,-0.035439182072877884,0.4561523199081421,0.32498884201049805,-0.40772199630737305,0.17469903826713562,0.37044575810432434,-0.5940865278244019,0.04066042602062225,0.2866207957267761,-0.3014812767505646,0.01410688553005457,0.10603149980306625,-0.27841830253601074,0.008113385178148746,0.061027176678180695,-0.38144490122795105,-0.2552919089794159,0.025691717863082886,-0.030593037605285645,-0.49400195479393005,0.22083549201488495,-0.5343793630599976,-0.6727128028869629,0.29476499557495117,-0.01734142377972603,0.009603792801499367,0.0006837000837549567,-0.05829889327287674,-0.31382036209106445,0.09563220292329788,-0.05400365963578224,-0.45268112421035767,0.38939735293388367,-0.28471460938453674,-0.6563207507133484,0.7316257953643799,0.2037784457206726,0.043561793863773346,0.011188157834112644,0.14346003532409668,-0.22360020875930786,0.14513683319091797,0.07006008177995682,-0.35031357407569885,0.38055360317230225,-0.029438242316246033,-0.4673317074775696,0.7107096910476685,0.43599945306777954,0.19565536081790924,0.041074562817811966,0.3946243226528168,-0.17923001945018768,0.2658473551273346,0.32462912797927856,-0.2340680956840515,0.45059144496917725,0.2942765951156616,-0.16868634521961212,0.672797679901123
221,0.09663847833871841,0.656205415725708,0.35974419116973877,-0.0147795919328928,0.4700605869293213,0.33867698907852173,-0.3766266703605652,0.16920718550682068,0.38869136571884155,-0.5413652658462524,0.022154001519083977,0.3513997197151184,-0.2009856402873993,0.0015744753181934357,0.07859419286251068,-0.2811526656150818,0.01205442100763321,0.08788163959980011,-0.3921446204185486,-0.2497277855873108,0.019531603902578354,-0.1977262943983078,-0.45918744802474976,0.16449755430221558,-0.5372971296310425,-0.6787068843841553,0.27577701210975647,-0.016031019389629364,0.00863051600754261,0.0021712961606681347,-0.054442793130874634,-0.327716588973999,0.059323009103536606,-0.030124187469482422,-0.47060057520866394,0.35463616251945496,-0.25487619638442993,-0.6803603768348694,0.6844563484191895,0.2139812856912613,0.03502677381038666,-0.0014845454134047031,0.1719031035900116,-0.24264147877693176,0.10398248583078384,0.10776667296886444,-0.3613853454589844,0.34475934505462646,0.059725403785705566,-0.4860779643058777,0.6672306656837463,0.45261311531066895,0.1829521209001541,0.013483576476573944,0.4336395859718323,-0.2030792534351349,0.20588751137256622,0.3651697039604187,-0.27228641510009766,0.38570013642311096,0.3406844139099121,-0.2310163676738739,0.6059554219245911
222,0.05195019766688347,0.6487997770309448,0.4142286777496338,-0.035240646451711655,0.44631871581077576,0.4014629125595093,-0.3359367847442627,0.13441094756126404,0.4022676646709442,-0.44289159774780273,0.009327740408480167,0.39681416749954224,-0.06471270322799683,0.008541703224182129,0.013345099985599518,-0.28666919469833374,0.0026065409183502197,0.10387349128723145,-0.41805562376976013,-0.24993839859962463,0.01331187505275011,-0.2909352779388428,-0.46147018671035767,0.11939368396997452,-0.47916483879089355,-0.6839405298233032,0.2552633583545685,-0.01676657237112522,0.006445744540542364,0.0036813239566981792,-0.052589863538742065,-0.32845374941825867,0.0001607164740562439,-0.030613699927926064,-0.4967297613620758,0.24432501196861267,-0.20237433910369873,-0.7141265869140625,0.6029248237609863,0.2117837518453598,0.04100526496767998,-0.013625405728816986,0.1870192289352417,-0.24807730317115784,0.05648117884993553,0.13007012009620667,-0.3901146650314331,0.28169262409210205,0.0822838693857193,-0.5371750593185425,0.5918688178062439,0.4652685523033142,0.19260166585445404,-0.013719584792852402,0.4442828893661499,-0.19082391262054443,0.0896979570388794,0.391208291053772,-0.3034142851829529,0.2895379066467285,0.3732014298439026,-0.3072996735572815,0.4847297966480255
223,0.03594120964407921,0.6839070320129395,0.3890787363052368,-0.05996792018413544,0.4554487466812134,0.39900124073028564,-0.33534374833106995,0.14895355701446533,0.3952830731868744,-0.4306265115737915,-0.020437635481357574,0.3425341844558716,0.03446201607584953,-0.008895660750567913,-0.034575145691633224,-0.2851030230522156,0.013087531551718712,0.11563987284898758,-0.4269828796386719,-0.25191444158554077,0.02371099591255188,-0.35812467336654663,-0.4563513398170471,0.11399981379508972,-0.457958847284317,-0.6890233755111694,0.30152392387390137,-0.015805279836058617,0.006415430456399918,0.0036069576162844896,-0.052165962755680084,-0.3256716728210449,0.004239257890731096,-0.020482884719967842,-0.5060588121414185,0.23823142051696777,-0.17080190777778625,-0.7274986505508423,0.5827349424362183,0.2129489779472351,0.043416403234004974,-0.018504805862903595,0.18735581636428833,-0.2519206404685974,0.0426381453871727,0.15284009277820587,-0.4048915505409241,0.2557562291622162,0.0988246351480484,-0.5756821632385254,0.5522376894950867,0.46413475275039673,0.17821210622787476,-0.01814602129161358,0.44165879487991333,-0.19664700329303741,0.06890110671520233,0.3999815881252289,-0.3097912669181824,0.2713336646556854,0.40496113896369934,-0.3368533253669739,0.4448763132095337
224,0.03948868811130524,0.7165626287460327,0.37541377544403076,-0.07188409566879272,0.46460574865341187,0.3938717246055603,-0.33456528186798096,0.15731360018253326,0.3888275921344757,-0.41938742995262146,-0.050446927547454834,0.31626641750335693,0.07311514765024185,-0.02806488797068596,-0.051413293927907944,-0.28564000129699707,0.016936739906668663,0.12058313190937042,-0.43363022804260254,-0.2517678141593933,0.03139809891581535,-0.3843609690666199,-0.46946072578430176,0.11470520496368408,-0.44196343421936035,-0.7101379632949829,0.31060439348220825,-0.016035903245210648,0.006467584986239672,0.0034490549005568027,-0.051710598170757294,-0.32637858390808105,0.008480370044708252,-0.01905837282538414,-0.5177768468856812,0.23884272575378418,-0.1800297200679779,-0.7622155547142029,0.6022888422012329,0.2149844765663147,0.041274167597293854,-0.02257487177848816,0.18938839435577393,-0.2584599554538727,0.03672262281179428,0.1648615300655365,-0.4206050634384155,0.24191327393054962,0.10743841528892517,-0.6054342985153198,0.536584734916687,0.46102768182754517,0.1657838076353073,-0.026774361729621887,0.4412233531475067,-0.20779843628406525,0.05390920490026474,0.4042096734046936,-0.33027565479278564,0.2552957832813263,0.42234155535697937,-0.3625001907348633,0.41748547554016113
225,0.04579038918018341,0.7234883308410645,0.34045690298080444,-0.07428160309791565,0.4578438997268677,0.3736128807067871,-0.34270328283309937,0.17154620587825775,0.3556854724884033,-0.41666674613952637,-0.06062907725572586,0.30950069427490234,0.07964789867401123,-0.04248820245265961,-0.056161846965551376,-0.2880011200904846,0.017184238880872726,0.1122441291809082,-0.42950794100761414,-0.2472430169582367,0.04163264483213425,-0.40362513065338135,-0.4669402241706848,0.14860254526138306,-0.42937690019607544,-0.7144221067428589,0.34305253624916077,-0.014888116158545017,0.006139326374977827,0.0033051553182303905,-0.046614162623882294,-0.33864420652389526,0.02582629956305027,-0.018268678337335587,-0.5203872323036194,0.2624046802520752,-0.1644086241722107,-0.754045307636261,0.6215285658836365,0.21494384109973907,0.03681527078151703,-0.020755890756845474,0.18896375596523285,-0.26166847348213196,0.04740869253873825,0.1685628592967987,-0.42918825149536133,0.2585282623767853,0.1229613870382309,-0.6057966947555542,0.561933159828186,0.4646299481391907,0.1519031673669815,-0.03087392821907997,0.4426289200782776,-0.22211652994155884,0.07079024612903595,0.4061979651451111,-0.33167707920074463,0.27240419387817383,0.42246654629707336,-0.3588443994522095,0.4284883737564087
226,0.05772024393081665,0.7283267974853516,0.32417547702789307,-0.07287026941776276,0.4593166708946228,0.34800398349761963,-0.3411978483200073,0.18135982751846313,0.3327597975730896,-0.5240240097045898,0.01343858614563942,0.35339614748954773,0.06352998316287994,-0.04326774924993515,-0.05653516203165054,-0.28959760069847107,0.01626867987215519,0.10592988133430481,-0.4261414408683777,-0.2469077855348587,0.0485403910279274,-0.3643725514411926,-0.48249292373657227,0.17566412687301636,-0.4296988844871521,-0.726285994052887,0.3419592082500458,-0.014209335669875145,0.005219020415097475,0.0027003546711057425,-0.04263148829340935,-0.34394538402557373,0.029212310910224915,-0.02130531147122383,-0.5232138633728027,0.2702590823173523,-0.1594986617565155,-0.7659664750099182,0.6145428419113159,0.21412883698940277,0.034063179045915604,-0.01902918331325054,0.18694452941417694,-0.26548245549201965,0.05041478946805,0.1706145703792572,-0.4400583505630493,0.2615124583244324,0.12654125690460205,-0.6185553073883057,0.5655144453048706,0.46760958433151245,0.1419246345758438,-0.02978738397359848,0.44813963770866394,-0.24296057224273682,0.06432273238897324,0.4009007215499878,-0.34684011340141296,0.27287325263023376,0.4162418842315674,-0.37414807081222534,0.4215659499168396
227,0.045246511697769165,0.7485208511352539,0.32591360807418823,-0.08027270436286926,0.459411084651947,0.3639757037162781,-0.3468065857887268,0.17246192693710327,0.3497454524040222,-0.4343358278274536,-0.022624671459197998,0.34271663427352905,0.1214175671339035,-0.04576026275753975,-0.06924088299274445,-0.2868761420249939,0.017723802477121353,0.11322823166847229,-0.4073164463043213,-0.28832685947418213,0.050406619906425476,-0.4008749723434448,-0.4739132523536682,0.1382894366979599,-0.3490312695503235,-0.7677395939826965,0.4221881926059723,-0.013609543442726135,0.005736188031733036,0.002518034540116787,-0.04529546573758125,-0.33634480834007263,0.03137027472257614,-0.023669255897402763,-0.5244922041893005,0.2625068128108978,-0.1504060924053192,-0.7750195860862732,0.5949351787567139,0.2144622802734375,0.03497092425823212,-0.02216242626309395,0.18863555788993835,-0.2659892439842224,0.0437760055065155,0.1642822027206421,-0.44056180119514465,0.25410696864128113,0.12092733383178711,-0.6226637363433838,0.5530654191970825,0.4639400541782379,0.1403340995311737,-0.030020324513316154,0.4460718035697937,-0.2382209450006485,0.06312473118305206,0.40783143043518066,-0.3472083508968353,0.2637731432914734,0.4223170280456543,-0.38156217336654663,0.42625707387924194
228,0.03875279054045677,0.7424108386039734,0.35574421286582947,-0.09096049517393112,0.4530004858970642,0.39166074991226196,-0.3447054624557495,0.14911416172981262,0.3703749179840088,-0.3832041025161743,-0.045389220118522644,0.399336040019989,0.14308317005634308,-0.04863763600587845,-0.07396648824214935,-0.2881995141506195,0.013218525797128677,0.11707980185747147,-0.4018237292766571,-0.3078611195087433,0.03771480917930603,-0.41171979904174805,-0.4737517833709717,0.13029809296131134,-0.39169877767562866,-0.7339446544647217,0.393058180809021,-0.013117056339979172,0.005045277066528797,0.002295626327395439,-0.04642114043235779,-0.33438313007354736,0.031992215663194656,-0.02885231375694275,-0.522351861000061,0.2589818835258484,-0.13923202455043793,-0.7732446193695068,0.5916287899017334,0.21608567237854004,0.03842831403017044,-0.02195388451218605,0.19343221187591553,-0.2695821225643158,0.04080009460449219,0.16011855006217957,-0.44716283679008484,0.25591206550598145,0.11693505197763443,-0.6266846656799316,0.5493953227996826,0.46287229657173157,0.1496005654335022,-0.02152005024254322,0.4483327865600586,-0.2404894083738327,0.05565279722213745,0.4154963195323944,-0.363921582698822,0.2512279152870178,0.427021324634552,-0.3899022936820984,0.42327243089675903
229,0.04077214002609253,0.681107759475708,0.4041043519973755,-0.08237320184707642,0.446502149105072,0.39078032970428467,-0.35488495230674744,0.17212094366550446,0.3504909574985504,-0.43184423446655273,-0.08209870010614395,0.3764326870441437,0.10583662986755371,-0.022823641076683998,-0.042585909366607666,-0.2880990505218506,0.007377773057669401,0.11896500736474991,-0.40027856826782227,-0.30033931136131287,0.03184709697961807,-0.40835484862327576,-0.4548569917678833,0.13377061486244202,-0.39813727140426636,-0.6882911920547485,0.3716961145401001,-0.013627352192997932,0.006344845984131098,0.0025149276480078697,-0.04255019500851631,-0.3360084295272827,0.01834496669471264,-0.030743665993213654,-0.5161774158477783,0.238828644156456,-0.13433167338371277,-0.7620691657066345,0.5582350492477417,0.21200649440288544,0.04437532275915146,-0.025926873087882996,0.20231899619102478,-0.26231080293655396,0.013122214935719967,0.16048754751682281,-0.44085055589675903,0.22981521487236023,0.11797446012496948,-0.6180911064147949,0.5247224569320679,0.46880996227264404,0.16258884966373444,-0.032476190477609634,0.45490285754203796,-0.22945863008499146,0.008396871387958527,0.4373060464859009,-0.36056143045425415,0.20035666227340698,0.45871031284332275,-0.40164420008659363,0.38634371757507324
230,0.028650939464569092,0.6335179805755615,0.4558110237121582,-0.06937917321920395,0.4174858331680298,0.43201732635498047,-0.34280112385749817,0.20848652720451355,0.3493918180465698,-0.4233994483947754,-0.1997241973876953,0.40690526366233826,0.07059080898761749,-0.11600039154291153,-0.5043250322341919,-0.2828274965286255,-0.0017059487290680408,0.12488968670368195,-0.40676820278167725,-0.30626606941223145,0.024365102872252464,-0.42669594287872314,-0.45839226245880127,0.09253948926925659,-0.342062771320343,-0.7384446859359741,0.32628148794174194,-0.01309506967663765,0.008460912853479385,0.0033966884948313236,-0.039575956761837006,-0.33789414167404175,-0.0037887291982769966,-0.05265047773718834,-0.5422533750534058,0.1640186309814453,-0.15112513303756714,-0.7658475637435913,0.45089441537857056,0.20813331007957458,0.05428095906972885,-0.031369179487228394,0.20842525362968445,-0.25400930643081665,-0.01527339592576027,0.16572672128677368,-0.4393511116504669,0.19352591037750244,0.12271744012832642,-0.6272507905960083,0.48975053429603577,0.466528981924057,0.17552347481250763,-0.03489786386489868,0.45405009388923645,-0.22190997004508972,-0.0407848134636879,0.4550890326499939,-0.37037134170532227,0.14945293962955475,0.4775785803794861,-0.4225826859474182,0.3341000974178314
231,-0.017020396888256073,0.6342776417732239,0.47305363416671753,-0.06473071873188019,0.37933987379074097,0.45972883701324463,-0.3647553324699402,0.09742922335863113,0.4565093219280243,-0.4805000424385071,-0.2826693058013916,0.42186975479125977,-0.24315130710601807,-0.28410083055496216,-0.12156893312931061,-0.2707868218421936,-0.01647774502635002,0.1284792423248291,-0.3624281883239746,-0.3398084342479706,0.026368625462055206,-0.28547337651252747,-0.4798238277435303,0.10294582694768906,-0.2910522520542145,-0.7601138353347778,0.36995595693588257,-0.012729549780488014,0.0063458578661084175,0.0029588050674647093,0.0024882741272449493,-0.34673580527305603,-0.009984881617128849,-0.03002781979739666,-0.5354229807853699,0.1665472686290741,-0.08700016885995865,-0.7464457154273987,0.522735059261322,0.2085762619972229,0.05868063122034073,-0.02063116244971752,0.21216851472854614,-0.25052452087402344,-0.013377977535128593,0.17268437147140503,-0.4237034320831299,0.1840643286705017,0.09030543267726898,-0.6451174020767212,0.5173581838607788,0.47698941826820374,0.18026243150234222,-0.01866189017891884,0.4556407630443573,-0.20875415205955505,-0.04846405237913132,0.46303027868270874,-0.36481839418411255,0.15061545372009277,0.47744178771972656,-0.44414079189300537,0.3364899754524231
232,-0.05053973197937012,0.6015145778656006,0.5037604570388794,-0.05331350117921829,0.3709229528903961,0.4633023738861084,-0.37081384658813477,0.034302808344364166,0.5213658809661865,-0.5038926601409912,-0.32129257917404175,0.44062238931655884,-0.12056758254766464,-0.2534230053424835,-0.5283762812614441,-0.2653087377548218,-0.025838609784841537,0.13145878911018372,-0.34133294224739075,-0.35533058643341064,0.032076288014650345,-0.2034142166376114,-0.48395222425460815,0.12805579602718353,-0.2626814842224121,-0.7658936381340027,0.3984200358390808,-0.01238921657204628,0.005967721343040466,0.002915075048804283,0.02862238883972168,-0.3520504832267761,-0.0013015861622989178,-0.005536979995667934,-0.5360530614852905,0.2101404070854187,-0.050054922699928284,-0.7288187742233276,0.5922313332557678,0.20955079793930054,0.0635339766740799,-0.018226347863674164,0.21446964144706726,-0.24776846170425415,-0.022795232012867928,0.17701852321624756,-0.41208478808403015,0.17592249810695648,0.08037732541561127,-0.6420561075210571,0.5317748785018921,0.4755842089653015,0.18318866193294525,-0.003828545566648245,0.4586789011955261,-0.19439059495925903,-0.061725445091724396,0.4760243892669678,-0.35639211535453796,0.11358052492141724,0.48155492544174194,-0.44929373264312744,0.3254084587097168
