frame_id,raw_joint_0,raw_joint_1,raw_joint_2,raw_joint_3,raw_joint_4,raw_joint_5,raw_joint_6,raw_joint_7,raw_joint_8,raw_joint_9,raw_joint_10,raw_joint_11,raw_joint_12,raw_joint_13,raw_joint_14,raw_joint_15,raw_joint_16,raw_joint_17,raw_joint_18,raw_joint_19,raw_joint_20,raw_joint_21,raw_joint_22,raw_joint_23,raw_joint_24,raw_joint_25,raw_joint_26,raw_joint_27,raw_joint_28,raw_joint_29,raw_joint_30,raw_joint_31,raw_joint_32,raw_joint_33,raw_joint_34,raw_joint_35,raw_joint_36,raw_joint_37,raw_joint_38,raw_joint_39,raw_joint_40,raw_joint_41,raw_joint_42,raw_joint_43,raw_joint_44,raw_joint_45,raw_joint_46,raw_joint_47,raw_joint_48,raw_joint_49,raw_joint_50,raw_joint_51,raw_joint_52,raw_joint_53,raw_joint_54,raw_joint_55,raw_joint_56,raw_joint_57,raw_joint_58,raw_joint_59,raw_joint_60,raw_joint_61,raw_joint_62
0,0.16224542260169983,0.7153603434562683,0.5659202933311462,0.12094400823116302,0.39328110218048096,0.5088849663734436,-0.012900441884994507,0.019017472863197327,0.33491361141204834,-0.4650440216064453,-0.14930391311645508,0.15071573853492737,-0.4527193009853363,-0.14170515537261963,0.016021927818655968,-0.2965924143791199,-0.16123539209365845,0.14824450016021729,-0.39798298478126526,-0.3185510039329529,-0.040623754262924194,-0.4172999858856201,-0.5739438533782959,-0.0394001342356205,-0.447426974773407,-0.8507735729217529,0.008404750376939774,-0.029378212988376617,0.005169641692191362,0.00480781402438879,-0.06160372495651245,-0.37352046370506287,-0.11188153922557831,-0.10041218996047974,-0.6459722518920898,0.012477025389671326,-0.19986456632614136,-0.9837188124656677,0.055805690586566925,0.21275490522384644,0.08295061439275742,-0.008282504044473171,0.2170754373073578,-0.24707984924316406,-0.002032218500971794,0.20785804092884064,-0.4399844706058502,0.14302359521389008,0.16036537289619446,-0.7269151210784912,0.3745838701725006,0.461969256401062,0.27028852701187134,0.018389228731393814,0.49505287408828735,-0.15370377898216248,0.03834591060876846,0.49579110741615295,-0.29767510294914246,0.19270384311676025,0.45483288168907166,-0.3864840865135193,0.4351968765258789
1,0.15711894631385803,0.7156635522842407,0.5602048635482788,0.12056659162044525,0.39051079750061035,0.5062045454978943,-0.012542180716991425,0.01806630939245224,0.3416035771369934,-0.4810348153114319,-0.14610733091831207,0.17226716876029968,-0.46153566241264343,-0.1426045447587967,0.01574208028614521,-0.3009865880012512,-0.15773606300354004,0.14269450306892395,-0.4014744460582733,-0.3136642575263977,-0.04116557911038399,-0.42158615589141846,-0.5754188299179077,-0.0497598722577095,-0.4565165042877197,-0.8551353216171265,0.0004583783447742462,-0.028002910315990448,0.004864169750362635,0.0049509392119944096,-0.059464894235134125,-0.37596774101257324,-0.10791921615600586,-0.10156449675559998,-0.6511003375053406,0.013550877571105957,-0.2079612910747528,-0.9992341995239258,0.061774156987667084,0.21274718642234802,0.07571420073509216,-0.004238503985106945,0.2165607213973999,-0.24841651320457458,-0.0008209925144910812,0.20253096520900726,-0.44851672649383545,0.1487666219472885,0.14169716835021973,-0.736257016658783,0.3743761479854584,0.46537476778030396,0.2710389792919159,0.028730889782309532,0.4864007830619812,-0.1602785885334015,0.05935791879892349,0.49134621024131775,-0.2992895841598511,0.20282340049743652,0.4467006325721741,-0.38961946964263916,0.44902828335762024
2,0.16554409265518188,0.7352305054664612,0.5436980128288269,0.1216457337141037,0.40460851788520813,0.4905555844306946,-0.03363066911697388,0.03409412503242493,0.3390195369720459,-0.4973810315132141,-0.12648804485797882,0.17663592100143433,-0.46861425042152405,-0.13301502168178558,0.020592613145709038,-0.2998112440109253,-0.15226401388645172,0.14198678731918335,-0.3989894390106201,-0.3099478781223297,-0.03694747015833855,-0.4267399311065674,-0.5731958150863647,-0.03868157044053078,-0.45987647771835327,-0.8511037230491638,0.0116078220307827,-0.02256917953491211,0.005224381573498249,0.006050857249647379,-0.057613812386989594,-0.37775182723999023,-0.10346880555152893,-0.10339653491973877,-0.6529334783554077,0.017831720411777496,-0.21100279688835144,-0.9969689846038818,0.08465922623872757,0.21321633458137512,0.07023724168539047,-0.004573860205709934,0.219271719455719,-0.2533561587333679,0.004407426342368126,0.19873285293579102,-0.4502057433128357,0.15381768345832825,0.14067256450653076,-0.7406932711601257,0.37976357340812683,0.47454261779785156,0.2546450197696686,0.027421647682785988,0.48757296800613403,-0.16955652832984924,0.06582320481538773,0.49170371890068054,-0.3035504221916199,0.21370360255241394,0.44487014412879944,-0.3847023844718933,0.4561411142349243
3,0.15970063209533691,0.7352232336997986,0.5436912178993225,0.12271171808242798,0.4049849212169647,0.49409019947052,-0.02192942053079605,0.020718038082122803,0.33236318826675415,-0.48808521032333374,-0.13705264031887054,0.16942088305950165,-0.47238776087760925,-0.13705454766750336,0.01755480282008648,-0.3016965389251709,-0.156655415892601,0.14257024228572845,-0.4028656482696533,-0.315043181180954,-0.038584060966968536,-0.4265971779823303,-0.5754354596138,-0.0340200737118721,-0.4579084515571594,-0.8511040806770325,0.022172503173351288,-0.026059214025735855,0.0052157980389893055,0.005224499385803938,-0.05625183880329132,-0.3786384165287018,-0.10277405381202698,-0.10298652946949005,-0.6528356671333313,0.02041812241077423,-0.2114739716053009,-0.9938809871673584,0.09911046177148819,0.21225285530090332,0.07330948859453201,-0.005708492361009121,0.21937957406044006,-0.2509595453739166,0.0018853489309549332,0.19861094653606415,-0.44652774930000305,0.14797942340373993,0.14404809474945068,-0.7381756901741028,0.3773777186870575,0.4707469940185547,0.26029375195503235,0.0264081209897995,0.48581957817077637,-0.15891003608703613,0.05698250234127045,0.48992058634757996,-0.29811230301856995,0.21093899011611938,0.4460298418998718,-0.3894273042678833,0.45070916414260864
4,0.1632823646068573,0.7457646131515503,0.5361917614936829,0.1187281459569931,0.3969188332557678,0.49295294284820557,-0.036794647574424744,0.027991920709609985,0.33115658164024353,-0.5028782486915588,-0.12943653762340546,0.16247621178627014,-0.4947541654109955,-0.11986469477415085,0.03579927235841751,-0.3019410967826843,-0.15277191996574402,0.13975833356380463,-0.4055909812450409,-0.31351664662361145,-0.03636478632688522,-0.4307570457458496,-0.5747956037521362,-0.03071749210357666,-0.4645015001296997,-0.8475979566574097,0.03725379705429077,-0.022169873118400574,0.0054979645647108555,0.005481570027768612,-0.05454641580581665,-0.379640132188797,-0.09846947342157364,-0.11199951171875,-0.650839626789093,0.02067752182483673,-0.21532267332077026,-0.9954521656036377,0.10245633870363235,0.2133108675479889,0.06209719926118851,-0.0016516074538230896,0.21813777089118958,-0.2527245879173279,0.008524218574166298,0.19845646619796753,-0.4532039761543274,0.15914355218410492,0.1352292001247406,-0.7501819133758545,0.37592387199401855,0.4775516390800476,0.24443987011909485,0.03396314010024071,0.4818412661552429,-0.1754147857427597,0.0824519693851471,0.4823247790336609,-0.31034061312675476,0.222882479429245,0.3781870901584625,-0.4766663908958435,0.3321113884449005
5,0.15970978140830994,0.7298473119735718,0.5398709177970886,0.11765339970588684,0.39345067739486694,0.49373865127563477,-0.04933971166610718,0.03251419961452484,0.32930874824523926,-0.5086411237716675,-0.12463684380054474,0.1660938411951065,-0.49233630299568176,-0.11550431698560715,0.0392799898982048,-0.30041390657424927,-0.15002033114433289,0.1384618878364563,-0.40075430274009705,-0.31432870030403137,-0.03473115339875221,-0.42829978466033936,-0.5751737952232361,-0.026929453015327454,-0.4645949602127075,-0.8460054993629456,0.041832007467746735,-0.022077389061450958,0.00570636847987771,0.005239604040980339,-0.053011372685432434,-0.37994804978370667,-0.09432889521121979,-0.1091570109128952,-0.6514032483100891,0.02627883106470108,-0.22224223613739014,-0.990058183670044,0.1081850603222847,0.2129785418510437,0.061995990574359894,-0.0014499751850962639,0.21768197417259216,-0.25238069891929626,0.01065676100552082,0.20111949741840363,-0.4522787928581238,0.15843822062015533,0.1373710334300995,-0.7531833648681641,0.3793397545814514,0.4760550260543823,0.24410375952720642,0.035846270620822906,0.48066946864128113,-0.17226095497608185,0.08388072997331619,0.4809645116329193,-0.31168341636657715,0.22740845382213593,0.37781453132629395,-0.4817599058151245,0.3359043598175049
6,0.16438649594783783,0.739514946937561,0.5319227576255798,0.11191757768392563,0.4020346701145172,0.4872966706752777,-0.062028467655181885,0.03841383755207062,0.32466328144073486,-0.5195795893669128,-0.11102922260761261,0.1672540307044983,-0.48763182759284973,-0.11667481809854507,0.032996319234371185,-0.30220258235931396,-0.14738497138023376,0.13709184527397156,-0.40272465348243713,-0.3133552670478821,-0.03178104758262634,-0.43336522579193115,-0.5729522109031677,-0.023484710603952408,-0.4650041460990906,-0.8446817994117737,0.060133546590805054,-0.018759403377771378,0.00571107305586338,0.005883056670427322,-0.05342485010623932,-0.38002824783325195,-0.09214939922094345,-0.11082488298416138,-0.6509320139884949,0.030281275510787964,-0.22310537099838257,-0.9926431179046631,0.13164794445037842,0.21426138281822205,0.06061960756778717,-0.0025653457269072533,0.220686137676239,-0.25306546688079834,0.015348715707659721,0.20035506784915924,-0.452493816614151,0.16351784765720367,0.13864491879940033,-0.7505491375923157,0.3877565562725067,0.4816890358924866,0.2372429221868515,0.036093637347221375,0.48328304290771484,-0.17625978589057922,0.08300177752971649,0.48123711347579956,-0.31074249744415283,0.23305079340934753,0.3750145733356476,-0.4811844229698181,0.3415919542312622
7,0.1660303771495819,0.7537317872047424,0.49302154779434204,0.12983694672584534,0.39329585433006287,0.4865439236164093,-0.12605775892734528,0.09607134014368057,0.35719311237335205,-0.49115949869155884,-0.11253511905670166,0.17069247364997864,-0.4069015681743622,-0.11720596998929977,-0.07843302190303802,-0.3126676082611084,-0.1325685977935791,0.122641921043396,-0.3694005012512207,-0.2887260913848877,-0.015112794935703278,-0.4233410954475403,-0.575624406337738,-0.04275338724255562,-0.44822484254837036,-0.8639506101608276,0.0732104480266571,-0.012455516494810581,0.006152657326310873,0.004505508113652468,-0.04670336842536926,-0.36822938919067383,-0.06904897838830948,-0.12532877922058105,-0.6416440606117249,0.06497607380151749,-0.18476194143295288,-0.9374392628669739,0.3472067713737488,0.2094186246395111,0.06044520437717438,-0.02072368562221527,0.18053805828094482,-0.25837093591690063,-0.01401515118777752,0.19058050215244293,-0.44082826375961304,0.22303493320941925,0.13399198651313782,-0.78579181432724,0.43975841999053955,0.445019394159317,0.2567164897918701,0.02289888821542263,0.45481666922569275,-0.21070513129234314,0.05365714430809021,0.4367929697036743,-0.39230626821517944,0.19882452487945557,0.3889196217060089,-0.48071861267089844,0.3814758062362671
8,0.171183779835701,0.7485741376876831,0.5097647905349731,0.11378009617328644,0.37768420577049255,0.5036932826042175,-0.07965327799320221,0.023652799427509308,0.3154546618461609,-0.509720504283905,-0.0592300146818161,0.18478929996490479,-0.3309985101222992,-0.04348595440387726,-0.051692984998226166,-0.303636372089386,-0.1120654046535492,0.12464335560798645,-0.38135889172554016,-0.29658618569374084,-0.04506095126271248,-0.4300655722618103,-0.555026113986969,-0.02833886444568634,-0.409843385219574,-0.7996295094490051,0.14486370980739594,-0.011821945197880268,0.006240627262741327,0.004093309864401817,-0.050475433468818665,-0.36444419622421265,-0.07669448107481003,-0.12083171308040619,-0.6473965048789978,0.040553487837314606,-0.20463383197784424,-0.9637088179588318,0.2515712380409241,0.2128266990184784,0.0541931614279747,-0.010053270496428013,0.20860916376113892,-0.26437801122665405,0.018441347405314445,0.20846906304359436,-0.4328359365463257,0.2636820077896118,0.1436709314584732,-0.7861401438713074,0.4712476134300232,0.45135408639907837,0.2366141825914383,0.030763743445277214,0.4691910445690155,-0.20239171385765076,0.0905238464474678,0.4633843004703522,-0.34260720014572144,0.22896888852119446,0.4053376615047455,-0.3768674433231354,0.4691210985183716
9,0.1705796867609024,0.7869267463684082,0.46757733821868896,0.06569520384073257,0.3971758186817169,0.4568931460380554,-0.29019439220428467,0.1676499843597412,0.2734586000442505,-0.6200699806213379,-0.020792098715901375,0.1632343828678131,-0.5736845135688782,-0.02513902820646763,0.014559129253029823,-0.2871195077896118,-0.06344233453273773,0.10196291655302048,-0.40236595273017883,-0.29106569290161133,-0.07053840160369873,-0.42481517791748047,-0.5239783525466919,-0.025569725781679153,-0.4568381905555725,-0.785469114780426,0.08868995308876038,-0.009932777844369411,0.006619843188673258,0.0030828232411295176,-0.04810924082994461,-0.3660944402217865,-0.09328813850879669,-0.14698411524295807,-0.638168215751648,-0.0034556016325950623,-0.2291426956653595,-0.9476603865623474,0.2887878715991974,0.2180057168006897,0.030532732605934143,0.030910823494195938,0.1754070520401001,-0.27981314063072205,0.0403607040643692,0.1558128297328949,-0.4591664969921112,0.2904185354709625,0.05307929590344429,-0.8259224891662598,0.4676777124404907,0.4768804907798767,0.1309688240289688,0.09213796257972717,0.4155518710613251,-0.23081812262535095,0.19708843529224396,0.36652931571006775,-0.42215049266815186,0.32034486532211304,0.2809680104255676,-0.44243955612182617,0.5132835507392883
10,0.11084428429603577,0.6341705918312073,0.4945598542690277,0.030785562470555305,0.37684836983680725,0.47468480467796326,-0.3212623596191406,0.17899832129478455,0.259955495595932,-0.5198467373847961,-0.08144564181566238,0.16983544826507568,-0.13489732146263123,0.03344856947660446,-0.05502079427242279,-0.28836536407470703,-0.040976330637931824,0.10227528214454651,-0.3847867250442505,-0.2846187353134155,-0.06002917140722275,-0.4201768636703491,-0.5192541480064392,0.012953653931617737,-0.47565048933029175,-0.8065810799598694,0.10338561236858368,-0.01001636404544115,0.006455844268202782,0.0046307481825351715,-0.04450502246618271,-0.3471545875072479,-0.0755094662308693,-0.1303323656320572,-0.6096951365470886,0.047129303216934204,-0.2483825385570526,-0.8961760997772217,0.3875475823879242,0.21709677577018738,0.04053294286131859,0.021250689402222633,0.18771684169769287,-0.271146297454834,0.06903553009033203,0.12606747448444366,-0.4570557177066803,0.3110707402229309,-0.005524188280105591,-0.7669192552566528,0.5053513050079346,0.4673537611961365,0.14128391444683075,0.08336736261844635,0.4335208237171173,-0.2332470417022705,0.1628764271736145,0.36249110102653503,-0.36855992674827576,0.379888653755188,0.30687984824180603,-0.37524884939193726,0.5735703706741333
11,0.1237521767616272,0.6867632269859314,0.5089519023895264,0.048299387097358704,0.35043951869010925,0.5058752298355103,-0.2843184471130371,0.155710369348526,0.29008176922798157,-0.5038615465164185,-0.05658711493015289,0.19154013693332672,-0.16845515370368958,-0.014734823256731033,-0.054692454636096954,-0.29350823163986206,-0.024157391861081123,0.09321046620607376,-0.3875444829463959,-0.2877025306224823,-0.04690281301736832,-0.4099261164665222,-0.5042102932929993,0.03513449430465698,-0.43492257595062256,-0.733751118183136,0.1692860871553421,-0.00864968542009592,0.005287633277475834,0.004089942201972008,-0.027870628982782364,-0.3514091670513153,-0.08057607710361481,-0.09559202194213867,-0.5972970128059387,0.08708441257476807,-0.20632144808769226,-0.9198951721191406,0.4119252860546112,0.2089587152004242,0.03561992570757866,-0.0037278495728969574,0.2035999596118927,-0.2865118682384491,0.05308474600315094,0.14475728571414948,-0.43811509013175964,0.3013956546783447,0.06320242583751678,-0.8012271523475647,0.4810991883277893,0.4406720697879791,0.16033001244068146,0.05526929348707199,0.45233508944511414,-0.252964049577713,0.14233162999153137,0.3866594731807709,-0.3703492283821106,0.33206430077552795,0.35238781571388245,-0.39482009410858154,0.525306761264801
12,0.09583491086959839,0.6627111434936523,0.5053327083587646,0.004861198365688324,0.3528199791908264,0.49702727794647217,-0.3541310429573059,0.13875186443328857,0.3088539242744446,-0.5211973190307617,-0.12528923153877258,0.22372621297836304,-0.09784982353448868,-0.010289246216416359,-0.19795729219913483,-0.29286253452301025,-0.01744345761835575,0.09221723675727844,-0.40966635942459106,-0.27663248777389526,-0.06516259908676147,-0.41441643238067627,-0.4910118579864502,0.043787792325019836,-0.42176181077957153,-0.7577023506164551,0.21416893601417542,-0.01424084696918726,0.004973680712282658,0.005805730354040861,-0.02801549807190895,-0.34055694937705994,-0.04481123760342598,-0.12876710295677185,-0.5762494802474976,0.11307187378406525,-0.2823275327682495,-0.9259924292564392,0.367755651473999,0.206984743475914,0.027283132076263428,0.0015874337404966354,0.20733118057250977,-0.2879549264907837,0.08847378939390182,0.15547995269298553,-0.46320316195487976,0.3086669445037842,0.10149424523115158,-0.6730283498764038,0.5829499959945679,0.43334275484085083,0.18087615072727203,0.07977955788373947,0.45567527413368225,-0.24640315771102905,0.16629284620285034,0.39211422204971313,-0.36304399371147156,0.39071425795555115,0.3536696135997772,-0.3647214472293854,0.5675411820411682
13,0.07626906782388687,0.6691797971725464,0.5059973001480103,0.04073604196310043,0.33518704771995544,0.5498782396316528,-0.310469388961792,0.15513530373573303,0.33865615725517273,-0.5025960803031921,-0.10507651418447495,0.1613761931657791,-0.042868636548519135,0.066563680768013,-0.24319963157176971,-0.2908698320388794,-0.06083696335554123,0.12873724102973938,-0.3727249205112457,-0.30352652072906494,-0.031322646886110306,-0.42941296100616455,-0.5014312863349915,0.06970935314893723,-0.45987969636917114,-0.6820692420005798,0.1304628998041153,-0.01827419362962246,0.0043778857216238976,0.006405788939446211,-0.07857067883014679,-0.36913469433784485,-0.07792622596025467,-0.12601840496063232,-0.6140428185462952,0.12182018160820007,-0.2192709743976593,-0.9293116331100464,0.3947147727012634,0.21729311347007751,0.04842445254325867,-0.005896641872823238,0.2274211049079895,-0.2782078683376312,0.06056779623031616,0.18405283987522125,-0.45292526483535767,0.24996726214885712,0.12420804798603058,-0.718059778213501,0.5098315477371216,0.4879419207572937,0.16178403794765472,0.011765152215957642,0.4612625539302826,-0.21315425634384155,0.12127149850130081,0.4020826518535614,-0.3775961101055145,0.26870033144950867,0.3880769908428192,-0.3702543079853058,0.4963951110839844
14,0.024853605777025223,0.592564582824707,0.5217980742454529,0.010583583265542984,0.3326708674430847,0.5839319229125977,-0.31129366159439087,0.2426249086856842,0.35482487082481384,-0.3949093818664551,-0.1532037854194641,0.2564918100833893,-0.22758272290229797,-0.039179183542728424,-0.19068406522274017,-0.28993189334869385,-0.023912522941827774,0.1489640176296234,-0.3863900601863861,-0.2839950919151306,-0.02652876451611519,-0.44268906116485596,-0.5137503147125244,0.03442207723855972,-0.4417186975479126,-0.7552221417427063,0.22840148210525513,-0.014107218012213707,0.0054284920915961266,0.0044173370115458965,-0.017184998840093613,-0.3598529100418091,-0.07624261826276779,-0.08208803832530975,-0.6351196765899658,0.08059318363666534,-0.1856101155281067,-0.9062369465827942,0.44984161853790283,0.21431991457939148,0.0493244007229805,-0.024523399770259857,0.2494579255580902,-0.2911337912082672,0.024109551683068275,0.21675367653369904,-0.45889154076576233,0.27945780754089355,0.21102085709571838,-0.626367449760437,0.5820857882499695,0.47427093982696533,0.15557751059532166,-0.017483018338680267,0.46915385127067566,-0.23325666785240173,0.04571648687124252,0.4578976035118103,-0.37022215127944946,0.2709473669528961,0.4385503828525543,-0.40266919136047363,0.4749281704425812
15,-0.07689053565263748,0.505896270275116,0.48296430706977844,0.00026131048798561096,0.34591659903526306,0.5987575650215149,-0.319489061832428,0.21321073174476624,0.35824257135391235,-0.43840622901916504,-0.1263287514448166,0.26995226740837097,-0.2702574133872986,-0.09873839467763901,-0.04988637566566467,-0.2800619602203369,-0.03706890717148781,0.13961158692836761,-0.37460047006607056,-0.2802071273326874,-0.015526596456766129,-0.4084431529045105,-0.5179453492164612,0.015002891421318054,-0.42922478914260864,-0.7804237604141235,0.21191880106925964,-0.0160432830452919,0.006274668499827385,0.0016216071089729667,-0.03897988051176071,-0.36446908116340637,-0.060939446091651917,-0.0779966413974762,-0.6405028104782104,0.11102980375289917,-0.14539143443107605,-0.9159497022628784,0.4608801603317261,0.21298149228096008,0.05678746849298477,-0.023988671600818634,0.2551892101764679,-0.28114116191864014,0.028718208894133568,0.2166137546300888,-0.4502298831939697,0.2866378724575043,0.1581423580646515,-0.6655580401420593,0.6084012389183044,0.4835020899772644,0.14910724759101868,-0.040329888463020325,0.47744542360305786,-0.24552693963050842,0.07569308578968048,0.4566630423069,-0.39059534668922424,0.25544223189353943,0.4071904420852661,-0.44423073530197144,0.4573763906955719
16,0.02399258315563202,0.6014733910560608,0.4968641400337219,-0.0028623417019844055,0.37079760432243347,0.565969705581665,-0.31622016429901123,0.22857484221458435,0.3235982358455658,-0.5398344993591309,-0.0478646345436573,0.239802286028862,-0.39675191044807434,-0.019243163987994194,0.031118126586079597,-0.28904879093170166,-0.013925336301326752,0.15107092261314392,-0.3763081431388855,-0.263036847114563,0.01009444147348404,-0.3974234461784363,-0.5186551809310913,0.006276041269302368,-0.4219333529472351,-0.7939224243164062,0.23730230331420898,-0.01225558202713728,0.008668576367199421,0.00245438190177083,-0.018181946128606796,-0.36191949248313904,-0.042122505605220795,-0.07755038142204285,-0.6365936994552612,0.1095263659954071,-0.14127981662750244,-0.9074792861938477,0.3572070896625519,0.21436762809753418,0.04090946540236473,-0.023766767233610153,0.24650415778160095,-0.28693604469299316,0.03258424252271652,0.2477632462978363,-0.45874446630477905,0.3003307282924652,0.2151571810245514,-0.6781029105186462,0.5208651423454285,0.4870206117630005,0.12653808295726776,-0.049061521887779236,0.4776988625526428,-0.25136998295783997,0.03707275539636612,0.46240702271461487,-0.4066402018070221,0.2712790369987488,0.4167751669883728,-0.4490378499031067,0.474913626909256
17,-0.014616484753787518,0.5730396509170532,0.4591183066368103,-0.002483546733856201,0.4037374258041382,0.5392572283744812,-0.3392343521118164,0.29141727089881897,0.3342592716217041,-0.5585622787475586,-0.004381045699119568,0.23629815876483917,-0.2832186818122864,0.02994696795940399,-0.031238727271556854,-0.2804063558578491,-0.0049453005194664,0.14233875274658203,-0.39427265524864197,-0.31367743015289307,0.022080257534980774,-0.4169815182685852,-0.540627658367157,0.0359281450510025,0.5404356718063354,0.4773961007595062,0.4929669201374054,-0.010303827002644539,0.00935315154492855,0.0028253006748855114,-0.014446541666984558,-0.3496244549751282,-0.019353576004505157,-0.0695715993642807,-0.6156987547874451,0.13916201889514923,-0.11767797917127609,-0.8825943470001221,0.3980451822280884,0.2141786813735962,0.03522259742021561,-0.020665690302848816,0.2479720115661621,-0.28355565667152405,0.05066891014575958,0.22909300029277802,-0.4557504951953888,0.3185884952545166,0.21044513583183289,-0.6561034917831421,0.5456398725509644,0.47009098529815674,0.11828544735908508,-0.019289951771497726,0.4642835259437561,-0.26287898421287537,0.09347078949213028,0.4643990397453308,-0.3953801095485687,0.28791821002960205,0.4175211489200592,-0.4453805685043335,0.4884580373764038
18,-0.006325136870145798,0.5525599718093872,0.28897568583488464,-0.0373709611594677,0.4237961769104004,0.485459566116333,-0.3416256904602051,0.2873283326625824,0.3092934489250183,-0.5697475671768188,0.049920134246349335,0.20443591475486755,-0.2586614489555359,-0.0048812925815582275,-0.04389098286628723,-0.28957778215408325,0.01678260788321495,0.13640061020851135,-0.4031171500682831,-0.31972724199295044,-0.0026961863040924072,-0.4682825803756714,-0.5271398425102234,0.04109115153551102,0.4961574077606201,0.47243639826774597,0.5179696083068848,-0.017039667814970016,0.003102448768913746,0.0038668212946504354,-0.01822810247540474,-0.3661069869995117,0.0051604583859443665,-0.06591813266277313,-0.6209560632705688,0.194722518324852,-0.11075633019208908,-0.8768277764320374,0.5289523005485535,0.23341193795204163,0.021984342485666275,-0.01808992773294449,0.2650202810764313,-0.30571967363357544,0.06583411991596222,0.25064969062805176,-0.4443275034427643,0.3503766655921936,0.2097049355506897,-0.6768220067024231,0.5801976323127747,0.4888795018196106,0.1075950413942337,-0.028126191347837448,0.4991111755371094,-0.2863142788410187,0.12034275382757187,0.5002793073654175,-0.3831430971622467,0.3243137001991272,0.4410814642906189,-0.4072139859199524,0.5615957379341125
19,-0.031428948044776917,0.4584401547908783,0.0057332515716552734,0.026889771223068237,0.4825442433357239,0.5471336841583252,-0.23677493631839752,0.25845107436180115,0.39948537945747375,-0.5436270833015442,0.08387799561023712,0.010258562862873077,0.14251652359962463,0.37149545550346375,-0.30399349331855774,-0.3064139485359192,0.02724647894501686,0.1764993667602539,-0.5326748490333557,-0.3258504271507263,-0.04769662767648697,-0.5198653936386108,-0.5957562327384949,0.034325338900089264,-0.47852110862731934,-0.8955347537994385,0.12846870720386505,-0.015001102350652218,0.0022468487732112408,0.00971636176109314,-0.05565545707941055,-0.4815375506877899,-0.018475599586963654,-0.036792200058698654,-0.7162163257598877,0.3203967213630676,-0.06988368183374405,-0.9214566349983215,0.6699984669685364,0.2962070405483246,0.0005727019160985947,-0.023255039006471634,0.27224066853523254,-0.3626868426799774,-0.011645512655377388,0.24601544439792633,-0.5084758996963501,0.31157270073890686,0.20153594017028809,-0.8230499029159546,0.6511284708976746,0.6152783632278442,0.05284101143479347,-0.0650109052658081,0.5753824710845947,-0.3757041096687317,0.06351981312036514,0.5608567595481873,-0.41681069135665894,0.26458582282066345,0.5504176616668701,-0.5434843897819519,0.49380069971084595
20,-0.012897317297756672,0.676993191242218,0.2996770143508911,-0.004779640585184097,0.40200212597846985,0.5792559385299683,-0.30918240547180176,0.247027188539505,0.3452267348766327,-0.5854377150535583,0.20283789932727814,0.1714305281639099,-0.27048367261886597,0.05680551379919052,-0.01935524307191372,-0.28625404834747314,0.007105566561222076,0.14590999484062195,-0.44014179706573486,-0.2874656319618225,-0.00842021033167839,-0.4003990590572357,-0.5602031350135803,0.0026191771030426025,-0.4347604513168335,-0.8125330209732056,0.151320680975914,-0.014650071039795876,0.0036599249579012394,0.0048973592929542065,-0.03026183694601059,-0.4061095714569092,0.019667252898216248,-0.020768631249666214,-0.6254104375839233,0.30627548694610596,-0.06990329176187515,-0.8428990244865417,0.5567735433578491,0.23233145475387573,0.02935858629643917,-0.02456740289926529,0.2555173933506012,-0.3042498528957367,0.02639259211719036,0.22864282131195068,-0.488844633102417,0.30085012316703796,0.18147042393684387,-0.703490138053894,0.6446021199226379,0.5089344382286072,0.09158860146999359,-0.03369665890932083,0.4898703694343567,-0.2802603244781494,0.09731503576040268,0.4880293607711792,-0.36112499237060547,0.2808389663696289,0.47598710656166077,-0.4583812355995178,0.4926871359348297
21,-0.04974369332194328,0.6033580303192139,0.34536445140838623,-0.0025465115904808044,0.39135900139808655,0.5896122455596924,-0.3035028576850891,0.2544126510620117,0.328172504901886,-0.6113895177841187,0.1935010552406311,0.21959905326366425,-0.2828770577907562,0.12999245524406433,0.02135130949318409,-0.2977110743522644,0.013438273221254349,0.1456962674856186,-0.4497990012168884,-0.2746349275112152,-0.004481688141822815,-0.43993401527404785,-0.5609773993492126,0.030845947563648224,-0.45368021726608276,-0.7993109226226807,0.18933193385601044,-0.013115186244249344,0.004502743016928434,0.004295785445719957,-0.04094827175140381,-0.3701750338077545,-0.04512101039290428,-0.0660356730222702,-0.6413720846176147,0.13335584104061127,-0.07836470752954483,-0.8559056520462036,0.5611602067947388,0.2286088466644287,0.03504253178834915,-0.022145237773656845,0.2442544400691986,-0.3051798939704895,0.03581150621175766,0.20382675528526306,-0.48466506600379944,0.30087077617645264,0.1597384810447693,-0.7435296177864075,0.5702420473098755,0.5030621290206909,0.0877113938331604,-0.039761222898960114,0.4887234568595886,-0.2650797665119171,0.0882205218076706,0.4833880662918091,-0.40911996364593506,0.2863394021987915,0.4810658097267151,-0.4496341943740845,0.5353624224662781
22,-0.05298774689435959,0.6033832430839539,0.3510500192642212,-0.010387029498815536,0.3884515166282654,0.5868587493896484,-0.3192465305328369,0.24781358242034912,0.32372164726257324,-0.6151050925254822,0.16471479833126068,0.22514472901821136,-0.28967177867889404,0.11241286993026733,0.02879893220961094,-0.29777878522872925,0.013303365558385849,0.14525416493415833,-0.45273858308792114,-0.2778775691986084,8.028000593185425e-05,-0.4420667290687561,-0.5548923015594482,0.03193332999944687,-0.4726529121398926,-0.7971174716949463,0.19502916932106018,-0.013203495182096958,0.004290441051125526,0.0037603210657835007,-0.04229918122291565,-0.37002530694007874,-0.03734388202428818,-0.06430879235267639,-0.640193521976471,0.14508897066116333,-0.07523209601640701,-0.855410635471344,0.5726196765899658,0.22787469625473022,0.0317600853741169,-0.021624308079481125,0.24257493019104004,-0.3042145073413849,0.03740009665489197,0.2239215075969696,-0.5245204567909241,0.24174295365810394,0.15524771809577942,-0.7484870553016663,0.5631628632545471,0.502219557762146,0.08805328607559204,-0.04451809823513031,0.4871388077735901,-0.27126753330230713,0.0805516466498375,0.4798392057418823,-0.4144275486469269,0.28181084990501404,0.47845256328582764,-0.4568576216697693,0.5292657017707825
23,-0.048127852380275726,0.6326812505722046,0.3573485016822815,-0.0020371824502944946,0.4066506028175354,0.5559200048446655,-0.30298590660095215,0.27743270993232727,0.40470999479293823,-0.5926374793052673,0.12167195975780487,0.22292840480804443,-0.24667781591415405,0.0748676210641861,0.006502216681838036,-0.2997090220451355,0.017730768769979477,0.14714740216732025,-0.4544544219970703,-0.28941190242767334,0.00961562991142273,-0.4158615469932556,-0.5348804593086243,0.07213941961526871,-0.4783056378364563,-0.7953852415084839,0.21921905875205994,-0.013836964033544064,0.004222362767904997,0.002868784125894308,-0.03373170644044876,-0.37280479073524475,-0.017554160207509995,-0.06306417286396027,-0.6430102586746216,0.16104798018932343,-0.07330923527479172,-0.8549659848213196,0.6003649234771729,0.23219013214111328,0.02424713410437107,-0.024469368159770966,0.25190481543540955,-0.30550330877304077,0.05172167718410492,0.1995641589164734,-0.48602354526519775,0.31461137533187866,0.1571211814880371,-0.7475327253341675,0.579393744468689,0.5037705302238464,0.07467730343341827,-0.040057599544525146,0.4910481572151184,-0.2849818468093872,0.09037963300943375,0.4759826362133026,-0.4151515066623688,0.29911094903945923,0.4725516140460968,-0.4470784068107605,0.5460745096206665
24,-0.016584206372499466,0.48411378264427185,0.4005001187324524,0.005754970014095306,0.46435925364494324,0.5127390027046204,-0.2982495427131653,0.2501457929611206,0.41339635848999023,-0.6016725897789001,0.06263479590415955,0.22726084291934967,-0.26182878017425537,0.04348790645599365,-0.033206578344106674,-0.29319047927856445,0.00877847895026207,0.13024143874645233,-0.4308108985424042,-0.30401915311813354,-0.0004774704575538635,-0.42575228214263916,-0.5479629635810852,0.054907940328121185,0.4917141795158386,0.47400668263435364,0.4937521517276764,-0.013937151990830898,0.002451583743095398,0.002642071805894375,-0.005190365016460419,-0.3707057535648346,-0.0039383843541145325,-0.06132671609520912,-0.6242110133171082,0.20436982810497284,-0.09682201594114304,-0.8768894076347351,0.5850661396980286,0.23222973942756653,0.0209544375538826,-0.017941370606422424,0.2603469491004944,-0.3039591312408447,0.053442902863025665,0.20804940164089203,-0.4843050241470337,0.31744417548179626,0.18859946727752686,-0.7606131434440613,0.5899776220321655,0.5082176923751831,0.05393579602241516,-0.03024580329656601,0.4944570064544678,-0.3052615523338318,0.0983683243393898,0.48929813504219055,-0.40742027759552,0.31351834535598755,0.47756022214889526,-0.4281202554702759,0.5122853517532349
25,-0.036734819412231445,0.5100725293159485,0.4500640034675598,-0.01037709042429924,0.42467203736305237,0.5284337997436523,-0.32082271575927734,0.23912590742111206,0.3960595726966858,-0.516889214515686,-0.001831553876399994,0.30361419916152954,-0.1833861768245697,0.17717982828617096,0.02100292034447193,-0.29044198989868164,0.0011309273540973663,0.14750945568084717,-0.3883553445339203,-0.3211994171142578,-0.019289057701826096,-0.44408392906188965,-0.5448184609413147,0.084266297519207,0.5287834405899048,0.4974912106990814,0.49725452065467834,-0.015805218368768692,0.006105415057390928,0.0051401699893176556,-0.019902799278497696,-0.36522820591926575,-0.019086230546236038,-0.07168591022491455,-0.6264681220054626,0.1927536129951477,-0.08519233018159866,-0.8726162910461426,0.5055302977561951,0.2260284125804901,0.02828071266412735,-0.02056228369474411,0.254666268825531,-0.30160555243492126,0.05451202392578125,0.21106426417827606,-0.4742268919944763,0.2991882860660553,0.20516985654830933,-0.6797484755516052,0.5721727013587952,0.48396098613739014,0.1202341765165329,-0.034643761813640594,0.47872108221054077,-0.2912622094154358,0.10049212723970413,0.48464223742485046,-0.4098562002182007,0.29686903953552246,0.4810177683830261,-0.4586036801338196,0.48040807247161865
26,0.028310760855674744,0.6491882801055908,0.47916948795318604,-0.04117412492632866,0.3771384060382843,0.5847300291061401,-0.35030341148376465,0.25643739104270935,0.34242621064186096,-0.48160403966903687,-0.06567844748497009,0.32456737756729126,-0.19635555148124695,0.023733045905828476,-0.18419098854064941,-0.29245108366012573,-0.019953979179263115,0.154030904173851,-0.3660281002521515,-0.2950233221054077,0.007275320589542389,-0.401018887758255,-0.5053092837333679,0.05653343349695206,-0.40672630071640015,-0.7943719029426575,0.2830323278903961,-0.014393016695976257,0.005383381154388189,0.0013848479138687253,-0.037241071462631226,-0.35539358854293823,-0.011824361979961395,-0.051450904458761215,-0.5535401701927185,0.2341381460428238,-0.12067893892526627,-0.8465390801429749,0.5728511214256287,0.21476221084594727,0.04855198413133621,-0.019017554819583893,0.2564559876918793,-0.28891071677207947,0.04343976080417633,0.22482410073280334,-0.44140154123306274,0.29970529675483704,0.19735389947891235,-0.6668050289154053,0.63151615858078,0.48403966426849365,0.12272427976131439,-0.04586241394281387,0.4766910672187805,-0.2569881081581116,0.10661997646093369,0.46931543946266174,-0.40342026948928833,0.26361918449401855,0.4252174198627472,-0.4546019434928894,0.48302724957466125
27,-0.0019034137949347496,0.6104574799537659,0.4502255320549011,-0.04141565039753914,0.3734275996685028,0.5489692687988281,-0.3430442810058594,0.31709960103034973,0.2617163360118866,-0.48999494314193726,-0.11884274333715439,0.28195399045944214,-0.3087877333164215,0.010168734937906265,-0.10024996101856232,-0.2833184003829956,-0.013733748346567154,0.13306167721748352,-0.40011361241340637,-0.25886398553848267,0.033135950565338135,-0.44596803188323975,-0.5111748576164246,0.08396279066801071,-0.43947190046310425,-0.7047845721244812,0.3026196360588074,-0.01649109646677971,0.004275375511497259,0.0011530043557286263,-0.010292306542396545,-0.33486470580101013,0.03212392330169678,-0.08885307610034943,-0.5555142760276794,0.2735480070114136,-0.1700786054134369,-0.8060519099235535,0.6160464882850647,0.21690833568572998,0.027288153767585754,-0.010165062732994556,0.24431940913200378,-0.286856472492218,0.07247895002365112,0.24679693579673767,-0.41552734375,0.34470319747924805,0.1915413737297058,-0.607880175113678,0.617652416229248,0.4693816304206848,0.12745100259780884,-0.024458538740873337,0.4611929953098297,-0.27681049704551697,0.1425592601299286,0.4436649978160858,-0.36845964193344116,0.318329393863678,0.41538554430007935,-0.4062045216560364,0.5190621018409729
28,-0.003865792416036129,0.5703821778297424,0.48192518949508667,-0.04458049312233925,0.34578460454940796,0.5623415112495422,-0.35361820459365845,0.292290598154068,0.2683316171169281,-0.5018669962882996,-0.1448022574186325,0.24228765070438385,-0.1997850239276886,-0.010434264317154884,-0.11856702715158463,-0.28854793310165405,-0.032849401235580444,0.12859873473644257,-0.3933866024017334,-0.2749580144882202,-0.0035305768251419067,-0.4497251510620117,-0.5049458146095276,0.06759583204984665,-0.4236930012702942,-0.7238693237304688,0.317763090133667,-0.011722696013748646,0.007812027353793383,0.003627086989581585,-0.019959695637226105,-0.34454143047332764,-0.018890980631113052,-0.09628023207187653,-0.5573188066482544,0.23026315867900848,-0.17324459552764893,-0.8046901226043701,0.581758439540863,0.2135850489139557,0.041539035737514496,-0.007451704703271389,0.24193131923675537,-0.28472793102264404,0.05874115228652954,0.2413593828678131,-0.42060452699661255,0.3197602331638336,0.18821647763252258,-0.6247789859771729,0.6033215522766113,0.47466886043548584,0.1449522227048874,-0.017044194042682648,0.46429482102394104,-0.28470805287361145,0.12411250919103622,0.44347983598709106,-0.37418797612190247,0.3093153238296509,0.41218817234039307,-0.4113968014717102,0.5094051957130432
29,-0.022541899234056473,0.5414483547210693,0.5535014867782593,-0.056655291467905045,0.3349415361881256,0.5876237154006958,-0.36255383491516113,0.2645438611507416,0.2746952176094055,-0.4156261086463928,-0.0907943844795227,0.23954707384109497,-0.11839886754751205,0.026234358549118042,-0.19420695304870605,-0.27570444345474243,-0.02179361879825592,0.1383424699306488,-0.3712117075920105,-0.2901088297367096,-0.03547634929418564,-0.40331706404685974,-0.50045245885849,0.07000979036092758,-0.4560772180557251,-0.6591049432754517,0.2446153163909912,-0.019540639594197273,0.004515264183282852,0.0037991926074028015,-0.03647279739379883,-0.34527674317359924,-0.034641098231077194,-0.08668722212314606,-0.5283846259117126,0.22091756761074066,-0.1509096324443817,-0.8015460968017578,0.4419114589691162,0.21322906017303467,0.0429120808839798,-0.007030836306512356,0.235498309135437,-0.27434244751930237,0.044568903744220734,0.23239776492118835,-0.4078104794025421,0.32717233896255493,0.14986589550971985,-0.5792608261108398,0.6233270168304443,0.4580511450767517,0.1741604059934616,0.011586170643568039,0.4517037272453308,-0.26769137382507324,0.10919342190027237,0.41996273398399353,-0.37572258710861206,0.2782052159309387,0.40857040882110596,-0.425905704498291,0.4629563093185425
30,-0.009973926469683647,0.5331260561943054,0.5397457480430603,-0.04365870729088783,0.33416086435317993,0.5775754451751709,-0.3700231909751892,0.22445964813232422,0.27767443656921387,-0.4516700506210327,-0.07295732200145721,0.24435542523860931,-0.1428840160369873,0.024085531011223793,-0.19350764155387878,-0.281821072101593,-0.024286381900310516,0.13348911702632904,-0.3693525493144989,-0.2972899079322815,-0.03595200181007385,-0.41361236572265625,-0.5107511878013611,0.06852257996797562,-0.49076759815216064,-0.6782564520835876,0.2619777023792267,-0.020751047879457474,0.004175315145403147,0.004450466483831406,-0.04449871927499771,-0.35516253113746643,-0.044614873826503754,-0.11424097418785095,-0.5457465052604675,0.22492413222789764,-0.16569936275482178,-0.8393886685371399,0.4317525625228882,0.2141249179840088,0.03715882822871208,-0.009871204383671284,0.2335435450077057,-0.28079459071159363,0.057841360569000244,0.22958819568157196,-0.409549355506897,0.3610008955001831,0.2167789340019226,-0.6219002604484558,0.5936049818992615,0.4714510440826416,0.1701769381761551,0.0055345892906188965,0.46027788519859314,-0.27703747153282166,0.1364934891462326,0.42350614070892334,-0.3765169680118561,0.31296390295028687,0.4184088110923767,-0.32902759313583374,0.5391595959663391
31,0.0224476121366024,0.6273495554924011,0.5438408851623535,-0.014527816325426102,0.3380592167377472,0.575546383857727,-0.35143470764160156,0.22852525115013123,0.3204914331436157,-0.3936108350753784,-0.08719338476657867,0.2503078281879425,-0.10435844212770462,0.009903069585561752,-0.20708110928535461,-0.27880287170410156,-0.020818199962377548,0.14011359214782715,-0.3767402172088623,-0.2876867651939392,-0.006369650363922119,-0.4183124899864197,-0.5098315477371216,0.09688223153352737,-0.473169207572937,-0.6712818741798401,0.2694914937019348,-0.019243627786636353,0.004264393821358681,0.0034818872809410095,-0.03402689844369888,-0.35013166069984436,0.0008952170610427856,-0.08663736283779144,-0.533951997756958,0.2113470882177353,-0.17559033632278442,-0.7981842756271362,0.4976133108139038,0.21671518683433533,0.032219428569078445,-0.013065707869827747,0.22902128100395203,-0.2773205637931824,0.06660330295562744,0.22673150897026062,-0.4170110523700714,0.3300541043281555,0.14966383576393127,-0.611495852470398,0.6174987554550171,0.45743417739868164,0.17983336746692657,-0.004201281815767288,0.44286227226257324,-0.26665452122688293,0.10381796956062317,0.42421332001686096,-0.34303581714630127,0.2938748300075531,0.43451252579689026,-0.3927079439163208,0.47100570797920227
32,0.017434708774089813,0.7379960417747498,0.463409423828125,-0.00403619185090065,0.3662971556186676,0.5703184008598328,-0.3415762782096863,0.20239537954330444,0.3700496256351471,-0.3833656907081604,-0.1322619467973709,0.24290433526039124,-0.19297674298286438,-0.031036624684929848,-0.18165799975395203,-0.2900999188423157,-0.027068281546235085,0.14552700519561768,-0.4037121534347534,-0.26616913080215454,-0.017888948321342468,-0.4155222177505493,-0.5014898777008057,0.048541732132434845,-0.385109007358551,-0.7666348814964294,0.27657514810562134,-0.01914479397237301,0.003600113559514284,0.004230517894029617,-0.05438614636659622,-0.3624742031097412,-0.06274104863405228,-0.08967031538486481,-0.5701553821563721,0.19004374742507935,0.095406174659729,-0.7317465543746948,0.6516852974891663,0.21951258182525635,0.050623416900634766,-0.018295735120773315,0.22553300857543945,-0.2905066907405853,-0.004288008436560631,0.1988925039768219,-0.43721991777420044,0.2744278311729431,0.1399022936820984,-0.5704584717750549,0.6050517559051514,0.4822276830673218,0.14440250396728516,-0.028753235936164856,0.44642141461372375,-0.21128588914871216,0.08686873316764832,0.4209858477115631,-0.3649199604988098,0.2546842098236084,0.4201256334781647,-0.3582879602909088,0.480053186416626
33,-0.04326610639691353,0.5347966551780701,0.5700405836105347,0.0137161985039711,0.34149202704429626,0.6070213913917542,-0.3300074338912964,0.20636144280433655,0.37091994285583496,-0.35878676176071167,-0.13036160171031952,0.2594761848449707,0.054765716195106506,0.08546272665262222,-0.18003712594509125,-0.28480225801467896,-0.0365336537361145,0.1510007381439209,-0.3944171071052551,-0.26937443017959595,-0.020345307886600494,-0.4066386818885803,-0.5115521550178528,0.0305623859167099,-0.39618438482284546,-0.782175600528717,0.27634939551353455,-0.01960691437125206,0.004227116703987122,0.004660381935536861,-0.050686709582805634,-0.359032541513443,-0.08787781000137329,-0.0904996395111084,-0.5771980285644531,0.1556311696767807,0.10916587710380554,-0.7252241969108582,0.6379087567329407,0.21905440092086792,0.05514047294855118,-0.020982053130865097,0.23165062069892883,-0.28506624698638916,-0.01230456493794918,0.20873333513736725,-0.4327477216720581,0.2770388424396515,0.15399199724197388,-0.5643416047096252,0.6061308979988098,0.48158830404281616,0.1658260077238083,-0.03226068615913391,0.4511612355709076,-0.19062648713588715,0.0691741332411766,0.43179628252983093,-0.36234429478645325,0.2376362830400467,0.43301311135292053,-0.36122065782546997,0.46652472019195557
34,-0.05301828309893608,0.531524658203125,0.5901006460189819,-0.016096416860818863,0.31269943714141846,0.6188100576400757,-0.2873951196670532,0.2809685170650482,0.39887499809265137,-0.40882939100265503,-0.13547880947589874,0.26469868421554565,-0.24696505069732666,0.06793925911188126,-0.10721580684185028,-0.2814694046974182,-0.024052590131759644,0.1518249809741974,-0.4037970304489136,-0.2945113182067871,-0.0273958221077919,-0.4460681676864624,-0.5229306817054749,0.05018392950296402,-0.4143744111061096,-0.7578163146972656,0.12511122226715088,-0.015493961982429028,0.003731817938387394,0.004174877889454365,-0.023815341293811798,-0.3598273992538452,-0.05604718625545502,-0.031442295759916306,-0.5432842373847961,0.18745875358581543,-0.14115580916404724,-0.8637421727180481,0.560931921005249,0.2249145209789276,0.03904584050178528,-0.01567978411912918,0.24726614356040955,-0.2862720787525177,0.03342454135417938,0.2735161781311035,-0.421877384185791,0.31565961241722107,0.1890113353729248,-0.5984569191932678,0.6419979333877563,0.5015035271644592,0.13849866390228271,-0.016143038868904114,0.47160038352012634,-0.24236857891082764,0.06835716962814331,0.4491238296031952,-0.39094406366348267,0.2699071168899536,0.44228020310401917,-0.411929190158844,0.4895450174808502
35,-0.04799632728099823,0.5066957473754883,0.599892795085907,-0.010699722915887833,0.3043552041053772,0.6198974847793579,-0.2847359776496887,0.2815806567668915,0.3872501254081726,-0.3949238061904907,-0.15003667771816254,0.24993911385536194,-0.22655797004699707,0.08180438727140427,-0.14015406370162964,-0.2814655303955078,-0.029692569747567177,0.15264824032783508,-0.4087265729904175,-0.2900509834289551,-0.03812379762530327,-0.44485336542129517,-0.5264808535575867,0.03489980846643448,-0.4345077872276306,-0.7606568336486816,0.13442587852478027,-0.015780571848154068,0.003611546941101551,0.004538503475487232,-0.024269089102745056,-0.3591879904270172,-0.07983004301786423,-0.029137160629034042,-0.5481705069541931,0.1632012128829956,-0.1923288106918335,-0.8689217567443848,0.5358497500419617,0.2232445478439331,0.042181435972452164,-0.015096069313585758,0.24669590592384338,-0.28615304827690125,0.03282421827316284,0.19881793856620789,-0.43798747658729553,0.32061728835105896,0.18881091475486755,-0.6040986776351929,0.6377411484718323,0.5029667615890503,0.15137648582458496,-0.014381267130374908,0.47492682933807373,-0.2458438277244568,0.07583123445510864,0.4574222266674042,-0.3957408368587494,0.27121689915657043,0.45171794295310974,-0.40965986251831055,0.4949204623699188
36,-0.04711301252245903,0.5279974937438965,0.5996482372283936,-0.0019507408142089844,0.31164950132369995,0.6237081289291382,-0.2937241196632385,0.23377636075019836,0.3829978406429291,-0.4156402349472046,-0.1854332983493805,0.3086881637573242,-0.2225739061832428,0.10366448760032654,-0.13493140041828156,-0.27855050563812256,-0.046043023467063904,0.15671147406101227,-0.3872780501842499,-0.27954936027526855,-0.04526064544916153,-0.41810721158981323,-0.5376434922218323,-0.02299833670258522,-0.43343132734298706,-0.7570617198944092,0.1290680170059204,-0.017140652984380722,0.0043952930718660355,0.004671534523367882,-0.023933034390211105,-0.3494625389575958,-0.08797501772642136,-0.024432513862848282,-0.5474417805671692,0.11962355673313141,0.14562301337718964,-0.8101713061332703,0.5888850688934326,0.21618467569351196,0.05667833238840103,-0.020534880459308624,0.24592775106430054,-0.2803349196910858,0.02492476813495159,0.20538149774074554,-0.45587867498397827,0.287922203540802,0.1880636215209961,-0.6757037043571472,0.5659809708595276,0.4878641366958618,0.19899407029151917,-0.01851978898048401,0.4679870903491974,-0.22126564383506775,0.046341992914676666,0.4621569812297821,-0.392145574092865,0.2514449656009674,0.4546006917953491,-0.40600234270095825,0.47319334745407104
37,-0.05157170444726944,0.5216954946517944,0.6138849854469299,0.009381260722875595,0.2976108193397522,0.6372455358505249,-0.278512179851532,0.21400347352027893,0.39130136370658875,-0.37986069917678833,-0.1957125961780548,0.31360405683517456,-0.22123003005981445,0.1297403872013092,-0.12573982775211334,-0.2800467014312744,-0.047711148858070374,0.15635661780834198,-0.39647796750068665,-0.27368876338005066,-0.04216334596276283,-0.4245299696922302,-0.5382270216941833,-0.03106081113219261,-0.43586790561676025,-0.7579557299613953,0.09995333850383759,-0.017376866191625595,0.0044240024872124195,0.005192173179239035,-0.020033538341522217,-0.3496863543987274,-0.09167244285345078,-0.09579895436763763,-0.6238600015640259,0.05229949206113815,0.13625815510749817,-0.8219874501228333,0.5752213597297668,0.2171584963798523,0.061345987021923065,-0.021359160542488098,0.25130441784858704,-0.28154700994491577,0.012579774484038353,0.20572495460510254,-0.46683603525161743,0.27540209889411926,0.18780478835105896,-0.6952905654907227,0.5655109882354736,0.4869035482406616,0.20947888493537903,-0.01766899973154068,0.4728502929210663,-0.21791070699691772,0.03097461722791195,0.47650793194770813,-0.39348337054252625,0.23444853723049164,0.4692043960094452,-0.4087734818458557,0.4607001841068268
38,-0.03344016522169113,0.5441642999649048,0.5897628664970398,0.018259592354297638,0.3342152237892151,0.6003783941268921,-0.27547580003738403,0.2777186930179596,0.38592052459716797,-0.3815612196922302,-0.16942287981510162,0.34386301040649414,-0.14414063096046448,0.15790286660194397,-0.15990635752677917,-0.277981162071228,-0.05088173225522041,0.1610604226589203,-0.3780318796634674,-0.2823425531387329,-0.035917527973651886,-0.41016823053359985,-0.5493612885475159,-0.03228804096579552,-0.43664640188217163,-0.7733240127563477,0.09002070128917694,-0.014691051095724106,0.0037478995509445667,0.0023434502072632313,-0.027579795569181442,-0.3622038960456848,-0.10494637489318848,-0.07993435859680176,-0.6271175742149353,0.049990519881248474,0.12395010888576508,-0.8020653128623962,0.5727013945579529,0.2156732678413391,0.06779327243566513,-0.028346985578536987,0.25592949986457825,-0.28297924995422363,0.023080525919795036,0.22976882755756378,-0.45771631598472595,0.28205376863479614,0.19861167669296265,-0.6687095165252686,0.5723063945770264,0.4836445450782776,0.20607151091098785,-0.0290522463619709,0.47619903087615967,-0.20305953919887543,0.034320637583732605,0.48301202058792114,-0.3750426173210144,0.23111872375011444,0.4868321418762207,-0.39059364795684814,0.45313844084739685
39,-0.03438907116651535,0.5390002727508545,0.5501260161399841,0.021856684237718582,0.3274781107902527,0.607456624507904,-0.2798426151275635,0.2548404633998871,0.3903065323829651,-0.38407206535339355,-0.17023414373397827,0.3114648461341858,-0.17570486664772034,0.15123239159584045,-0.15682993829250336,-0.28381073474884033,-0.053737957030534744,0.15253350138664246,-0.3885132372379303,-0.2693871855735779,-0.04360916465520859,-0.4139692783355713,-0.5435230135917664,-0.03282732516527176,-0.4401727318763733,-0.7684746384620667,0.07919091731309891,-0.014873556792736053,0.003987087402492762,0.0025314008817076683,-0.001799892634153366,-0.34740889072418213,-0.09071528911590576,-0.08024895191192627,-0.6258977055549622,0.046930454671382904,0.1147909015417099,-0.8151541948318481,0.57407146692276,0.2148570716381073,0.06961683928966522,-0.019680622965097427,0.24889472126960754,-0.2820194661617279,0.025532802566885948,0.22208404541015625,-0.46174341440200806,0.2831871509552002,0.18299242854118347,-0.6913766264915466,0.5817142724990845,0.47467130422592163,0.21361765265464783,-0.013795051723718643,0.47431784868240356,-0.2104925513267517,0.057648979127407074,0.4784995913505554,-0.38577213883399963,0.24518874287605286,0.4383523166179657,-0.43892890214920044,0.44153034687042236
40,-0.030263401567935944,0.5193392634391785,0.5234283208847046,0.020197849720716476,0.32542043924331665,0.601704478263855,-0.29589712619781494,0.21441355347633362,0.3791272044181824,-0.39059144258499146,-0.1472223401069641,0.310437947511673,-0.31028467416763306,-0.029889242723584175,0.08623803406953812,-0.28454190492630005,-0.052480731159448624,0.1491362601518631,-0.37881025671958923,-0.28213346004486084,-0.02794603258371353,-0.40343618392944336,-0.5588203072547913,0.0034971609711647034,-0.41329818964004517,-0.8266147375106812,0.1769142895936966,-0.014801770448684692,0.005561272148042917,0.0022550381254404783,-0.022009484469890594,-0.36176517605781555,-0.07713545858860016,-0.07480837404727936,-0.6394067406654358,0.04911908507347107,-0.11327334493398666,-0.9052867889404297,0.3430651128292084,0.21397146582603455,0.05283401906490326,-0.02412061020731926,0.25494158267974854,-0.2849934995174408,0.02642531506717205,0.23458556830883026,-0.4603413939476013,0.2776629626750946,0.19144564867019653,-0.7887722849845886,0.4636157155036926,0.4698244333267212,0.19156533479690552,-0.012628566473722458,0.4709823429584503,-0.22064977884292603,0.08368556946516037,0.4821082353591919,-0.39318060874938965,0.24191239476203918,0.44083982706069946,-0.4425933361053467,0.4445560574531555
41,-0.14245840907096863,0.37542274594306946,0.5784839391708374,0.0563613660633564,0.31673404574394226,0.6340194940567017,-0.22005818784236908,0.23906713724136353,0.40058764815330505,-0.33732718229293823,-0.20152699947357178,0.34999120235443115,-0.2771046757698059,-0.01817050389945507,0.06955031305551529,-0.2807704210281372,-0.08411205559968948,0.16116838157176971,-0.3881150186061859,-0.2850104868412018,-0.057476479560136795,-0.4210045337677002,-0.5783455967903137,-0.04155572131276131,-0.40179145336151123,-0.8304421305656433,0.16064858436584473,-0.017072048038244247,0.006346540525555611,0.004465803038328886,-0.021854061633348465,-0.3573022484779358,-0.11216128617525101,-0.06967879831790924,-0.635522186756134,-0.010670080780982971,-0.10192536562681198,-0.9296362996101379,0.28119736909866333,0.21210452914237976,0.07483825832605362,-0.02680094540119171,0.24897119402885437,-0.2715907394886017,-0.009881706908345222,0.24153774976730347,-0.4352346956729889,0.26394787430763245,0.18404680490493774,-0.7594811320304871,0.4670482873916626,0.45099806785583496,0.23042729496955872,-0.012439966201782227,0.461620032787323,-0.2055957019329071,0.012029596604406834,0.4834058880805969,-0.3710351586341858,0.21290849149227142,0.44186103343963623,-0.40535682439804077,0.44033852219581604
42,-0.14308302104473114,0.35731521248817444,0.6016809344291687,0.07592306286096573,0.2901003956794739,0.6376547813415527,-0.174899622797966,0.17206552624702454,0.40735048055648804,-0.31912100315093994,-0.2245771735906601,0.31022071838378906,-0.2367115318775177,-0.038423843681812286,0.011836143210530281,-0.27600258588790894,-0.09487712383270264,0.16016563773155212,-0.37661615014076233,-0.27265438437461853,-0.06978364288806915,-0.40127691626548767,-0.575104296207428,-0.07655519992113113,-0.3915020227432251,-0.8209832310676575,0.08806297183036804,-0.02904319390654564,0.006239431910216808,0.0031843632459640503,-0.02766558900475502,-0.3543925881385803,-0.13728997111320496,-0.06086764112114906,-0.6263061761856079,-0.042964015156030655,-0.1161426231265068,-0.9538171291351318,0.17344307899475098,0.20780308544635773,0.08971581608057022,-0.026382029056549072,0.23876580595970154,-0.26376765966415405,-0.024860233068466187,0.20160599052906036,-0.4678536355495453,0.15835677087306976,0.17731350660324097,-0.7831038236618042,0.42000386118888855,0.42793697118759155,0.2534191906452179,-0.00975404679775238,0.4530250132083893,-0.18185511231422424,-0.017431817948818207,0.48192745447158813,-0.35642242431640625,0.17524205148220062,0.44772669672966003,-0.38973569869995117,0.39728131890296936
43,-0.08198826760053635,0.42103081941604614,0.6269708871841431,0.08119646459817886,0.3269250988960266,0.6416107416152954,-0.06467662751674652,0.16098380088806152,0.39495450258255005,-0.2918868660926819,-0.16824990510940552,0.3044772744178772,-0.34810250997543335,-0.6125019788742065,0.44083261489868164,-0.27414804697036743,-0.1678251177072525,0.16603760421276093,-0.3748566210269928,-0.37090593576431274,-0.08659464120864868,-0.3711323142051697,-0.5808830261230469,-0.1982518583536148,-0.39401620626449585,-0.8312283158302307,-0.084555983543396,-0.026744969189167023,0.004506717901676893,0.005744574125856161,-0.05064007639884949,-0.3628236651420593,-0.1968318223953247,-0.04746713116765022,-0.6405807733535767,-0.15957920253276825,0.05122216418385506,-0.661285400390625,0.095316581428051,0.20694254338741302,0.09225372970104218,-0.033045850694179535,0.22732248902320862,-0.2681465446949005,-0.1033749133348465,0.21646669507026672,-0.49999940395355225,0.06303602457046509,0.20591089129447937,-0.8332995772361755,0.21506613492965698,0.42221879959106445,0.296522855758667,-0.013238035142421722,0.4344095289707184,-0.10214890539646149,-0.16154876351356506,0.47244441509246826,-0.35859110951423645,0.029282767325639725,0.5116705298423767,-0.4977204203605652,0.25088024139404297
44,-0.07826811820268631,0.4630955755710602,0.6520069241523743,0.07518397271633148,0.31858688592910767,0.6708704829216003,0.02427690476179123,0.09410461038351059,0.39987707138061523,-0.19333644211292267,-0.14611122012138367,0.30576419830322266,-0.03385861963033676,0.27272114157676697,-0.18665847182273865,-0.25682467222213745,-0.21454104781150818,0.184622123837471,-0.3886936902999878,-0.3116845488548279,-0.1039481908082962,-0.42390507459640503,-0.5759543776512146,-0.20933827757835388,-0.40128058195114136,-0.829262912273407,-0.159964919090271,-0.024875076487660408,0.003481148509308696,0.008308198302984238,-0.06814856827259064,-0.3661036491394043,-0.21276867389678955,-0.0567258782684803,-0.6406838297843933,-0.227767214179039,0.06251834332942963,-0.647648274898529,-0.02760057896375656,0.18591636419296265,0.11720921099185944,-0.06080015003681183,0.21763768792152405,-0.27429497241973877,-0.14319086074829102,0.2162756770849228,-0.4866681694984436,0.0035265032202005386,0.197136789560318,-0.8495350480079651,0.048697154968976974,0.3291458487510681,0.28317928314208984,0.049146704375743866,0.42899084091186523,-0.0679289847612381,-0.19948896765708923,0.5000263452529907,-0.30380746722221375,-0.020229922607541084,0.5204706192016602,-0.4683353304862976,0.24061912298202515
45,-0.11718349903821945,0.35850781202316284,0.6229130029678345,0.07561466842889786,0.30330583453178406,0.6720760464668274,-0.01252678781747818,0.07875031977891922,0.3992345929145813,-0.27481329441070557,-0.06979609280824661,0.17064803838729858,-0.08144456893205643,0.1366124004125595,-0.10773691534996033,-0.3047769069671631,-0.21136075258255005,0.17665916681289673,-0.3745982348918915,-0.31752508878707886,-0.10580867528915405,-0.42928916215896606,-0.5758739709854126,-0.19397741556167603,-0.3723830580711365,-0.8634397387504578,-0.1484283208847046,-0.03509444370865822,0.0042228056117892265,0.004886515438556671,-0.07103361934423447,-0.3704230487346649,-0.215394526720047,-0.076862633228302,-0.6535000801086426,-0.23681417107582092,-0.10562910884618759,-1.0188549757003784,-0.1341637521982193,0.20077840983867645,0.10706120729446411,-0.04177742451429367,0.22541576623916626,-0.2732797861099243,-0.13729290664196014,0.21657784283161163,-0.5010892748832703,0.00684354268014431,0.17935317754745483,-0.8975782990455627,0.08673931658267975,0.34840136766433716,0.27321657538414,0.0462334118783474,0.4459879994392395,-0.10022680461406708,-0.15700335800647736,0.5056961178779602,-0.3175549805164337,0.007345952093601227,0.4664955139160156,-0.5553056597709656,0.28504911065101624
46,-0.10533097386360168,0.6250406503677368,0.5897913575172424,0.10644908249378204,0.2624789774417877,0.6712545156478882,-0.08751347661018372,0.07373825460672379,0.37393832206726074,-0.1923675388097763,-0.27690577507019043,0.2166927009820938,0.03117813915014267,0.17325061559677124,-0.11759895831346512,-0.2507282495498657,-0.1361856758594513,0.1824013888835907,-0.41048097610473633,-0.33462196588516235,-0.08644713461399078,-0.4344506859779358,-0.5649316906929016,-0.18451833724975586,-0.42048823833465576,-0.8471226692199707,-0.21377453207969666,-0.04134795069694519,0.002984522609040141,0.005965169984847307,-0.07777823507785797,-0.37630388140678406,-0.21547934412956238,-0.08255821466445923,-0.6526902318000793,-0.2314409613609314,-0.10748737305402756,-0.9975769519805908,-0.08648352324962616,0.2055319845676422,0.10178849846124649,-0.04679035395383835,0.2110675871372223,-0.2802143394947052,-0.1717023402452469,0.19379766285419464,-0.5329174995422363,-0.08863232284784317,0.20027866959571838,-0.8629761934280396,0.07402242720127106,0.380840539932251,0.23057858645915985,0.048279568552970886,0.4425060749053955,-0.10196317732334137,-0.17809730768203735,0.4522378444671631,-0.3398120105266571,-0.042483579367399216,0.42484986782073975,-0.5953076481819153,0.19507621228694916
47,-0.13157284259796143,0.5881967544555664,0.6345799565315247,0.1107511818408966,0.26408132910728455,0.6970734596252441,-0.09694989025592804,0.07624224573373795,0.379230260848999,-0.1577576845884323,-0.2789795994758606,0.2295752614736557,-0.1498861014842987,-0.011998435482382774,-0.25900977849960327,-0.25965267419815063,-0.14454132318496704,0.18179035186767578,-0.4189123511314392,-0.33360737562179565,-0.09690557420253754,-0.42397260665893555,-0.5733831524848938,-0.19348879158496857,-0.40434730052948,-0.8607082366943359,-0.234829843044281,-0.053671352565288544,0.001263769343495369,0.004190864972770214,-0.07078894227743149,-0.38093775510787964,-0.22487285733222961,-0.07571183145046234,-0.6605886816978455,-0.22230002284049988,-0.16566672921180725,-0.9879313111305237,-0.14740175008773804,0.2117149829864502,0.09735148400068283,-0.04200072959065437,0.19747129082679749,-0.2669668197631836,-0.2079191356897354,0.19184070825576782,-0.5445199608802795,-0.11093432456254959,0.18547403812408447,-0.8667598366737366,0.01689862087368965,0.3759066164493561,0.25572940707206726,0.06270895898342133,0.4423985779285431,-0.059920042753219604,-0.21388180553913116,0.4697234332561493,-0.331049382686615,-0.08161205053329468,0.4835662245750427,-0.6339486837387085,0.18026253581047058
48,-0.12169185280799866,0.5900399684906006,0.6499817967414856,0.10282552242279053,0.26833009719848633,0.6844233870506287,-0.06363971531391144,0.05249641090631485,0.3924983739852905,-0.18229852616786957,-0.2696352005004883,0.23357009887695312,0.07069182395935059,0.2577185332775116,-0.11329730600118637,-0.29059475660324097,-0.158921018242836,0.17986871302127838,-0.4179873764514923,-0.3160219192504883,-0.10435166954994202,-0.42073965072631836,-0.5706889033317566,-0.21651959419250488,-0.41417014598846436,-0.8407646417617798,-0.21386848390102386,-0.054788582026958466,-0.0009556009317748249,0.004263078328222036,-0.07255896925926208,-0.3771648108959198,-0.2340807318687439,-0.0759008526802063,-0.6442121863365173,-0.21377348899841309,-0.1585635542869568,-1.0200203657150269,-0.18235260248184204,0.21206435561180115,0.10584978014230728,-0.041658539324998856,0.19174671173095703,-0.2599482536315918,-0.20294445753097534,0.20060040056705475,-0.5369787216186523,-0.07402797788381577,0.11034680157899857,-0.9905075430870056,0.06265856325626373,0.36894288659095764,0.2706313729286194,0.07752148807048798,0.4414341449737549,-0.05553282052278519,-0.21749526262283325,0.4818015992641449,-0.32672053575515747,-0.07103783637285233,0.49722859263420105,-0.6096813678741455,0.19143983721733093
49,-0.1657940298318863,0.3692817687988281,0.619289219379425,0.07510657608509064,0.30490419268608093,0.6484045386314392,-0.14329233765602112,0.11628948897123337,0.38183891773223877,-0.1779123693704605,-0.2184326946735382,0.2434411197900772,0.037506356835365295,0.3145773112773895,-0.0017807278782129288,-0.2944105267524719,-0.12846188247203827,0.17523543536663055,-0.40880727767944336,-0.3267821669578552,-0.08994180709123611,-0.4230712652206421,-0.5818297863006592,-0.17883312702178955,-0.4169306755065918,-0.863183856010437,-0.17214059829711914,-0.026016931980848312,0.004438669420778751,0.007331720553338528,-0.05354329198598862,-0.3835720419883728,-0.20645573735237122,-0.007222060114145279,-0.661537230014801,-0.1122826486825943,-0.10947727411985397,-1.016072154045105,-0.06477964669466019,0.21512264013290405,0.0792279988527298,-0.034882694482803345,0.22483715415000916,-0.2829875648021698,-0.1353478729724884,0.19072213768959045,-0.5280088782310486,-0.0361248217523098,0.19396284222602844,-0.8780530691146851,0.13708719611167908,0.4806305170059204,0.25356265902519226,0.011001387611031532,0.45624613761901855,-0.0974402129650116,-0.14314056932926178,0.45558613538742065,-0.31724005937576294,0.007216960191726685,0.4168831706047058,-0.5657671689987183,0.2565334737300873
50,-0.16350115835666656,0.43472450971603394,0.5984271764755249,0.07580689340829849,0.316299706697464,0.659858763217926,-0.15785428881645203,0.128944993019104,0.3742530345916748,-0.363220751285553,-0.2470526248216629,0.33192986249923706,0.054605208337306976,0.28914859890937805,-0.08947034180164337,-0.2980318069458008,-0.1312214434146881,0.17569594085216522,-0.40850815176963806,-0.32164430618286133,-0.08915678411722183,-0.4268319010734558,-0.5794429779052734,-0.17493639886379242,-0.4100691080093384,-0.8778648972511292,-0.18825247883796692,-0.027923045679926872,0.005024992395192385,0.0064187427051365376,-0.04549679160118103,-0.386286199092865,-0.20857250690460205,-0.054089877754449844,-0.6703324913978577,-0.12762734293937683,-0.11324543505907059,-1.0246704816818237,-0.02256201207637787,0.2160903811454773,0.084956094622612,-0.03189186379313469,0.2314162254333496,-0.278278648853302,-0.12701575458049774,0.21658046543598175,-0.49129509925842285,0.03624201565980911,0.20419171452522278,-0.8839524984359741,0.19080579280853271,0.39121395349502563,0.21314261853694916,0.056668929755687714,0.46776697039604187,-0.12096157670021057,-0.1208050400018692,0.4627385437488556,-0.3196425437927246,0.05829176679253578,0.4915747344493866,-0.4791841506958008,0.3464817702770233
51,-0.15207341313362122,0.4666043817996979,0.6513918042182922,0.10310400277376175,0.2895982265472412,0.7039221525192261,-0.060529276728630066,0.13285481929779053,0.4416886568069458,-0.21377409994602203,-0.192012220621109,0.270999014377594,-0.09107505530118942,0.26362890005111694,-0.07631637901067734,-0.2845168709754944,-0.16311897337436676,0.18164263665676117,-0.40345698595046997,-0.32743608951568604,-0.08589699119329453,-0.41340696811676025,-0.5851672291755676,-0.20050179958343506,-0.37582260370254517,-0.856804370880127,-0.18151552975177765,-0.04099174216389656,0.003790265880525112,0.004419585689902306,-0.05570586025714874,-0.38021817803382874,-0.21157413721084595,-0.06156272068619728,-0.6620920896530151,-0.13841873407363892,-0.08321139961481094,-0.9959665536880493,-0.040052007883787155,0.20241768658161163,0.10992798209190369,-0.04434056952595711,0.2223624587059021,-0.26188987493515015,-0.1531740128993988,0.21304962038993835,-0.4347696900367737,0.03377886861562729,0.20406264066696167,-0.8512502312660217,0.1397024244070053,0.42260080575942993,0.33174386620521545,5.356967449188232e-06,0.45426422357559204,-0.0751950591802597,-0.14371740818023682,0.4545667767524719,-0.2625073194503784,0.07468763738870621,0.4566669464111328,-0.43704020977020264,0.35775747895240784
52,-0.08644317090511322,0.5192427039146423,0.6117038726806641,0.1039065569639206,0.3252895474433899,0.6743236780166626,-0.12760646641254425,0.31126514077186584,0.37162673473358154,-0.2969900965690613,-0.2676703929901123,0.33876168727874756,-0.22663214802742004,-0.09628656506538391,0.006169484928250313,-0.2925693988800049,-0.08800359070301056,0.16279438138008118,-0.4043640196323395,-0.29176193475723267,-0.11862493306398392,-0.3857632279396057,-0.5885829329490662,-0.16964691877365112,-0.3963322639465332,-0.8338031768798828,-0.1444431096315384,-0.02858715131878853,0.004251461010426283,0.00513471569865942,-0.06633249670267105,-0.37592026591300964,-0.19576561450958252,-0.0819268524646759,-0.6523789167404175,-0.1088467389345169,-0.13017579913139343,-1.0157442092895508,0.10467136651277542,0.2201743721961975,0.07381125539541245,-0.014388431794941425,0.23839908838272095,-0.26752740144729614,-0.05140355974435806,0.21458451449871063,-0.439180463552475,0.17680783569812775,0.10589167475700378,-0.8651217818260193,0.3638668954372406,0.47544753551483154,0.21645088493824005,0.034502461552619934,0.462911456823349,-0.17296870052814484,0.073362797498703,0.4665316641330719,-0.33210262656211853,0.2416517287492752,0.45036250352859497,-0.3315384089946747,0.46135637164115906
53,-0.04061255604028702,0.45691999793052673,0.6518211364746094,0.16827526688575745,0.1953071802854538,0.5230538845062256,0.1833081990480423,-0.13207308948040009,0.27660149335861206,0.03873990476131439,-0.25227057933807373,0.0939345732331276,-0.10397369414567947,-0.1488649696111679,-0.17218391597270966,-0.10231870412826538,-0.3028750419616699,0.12729035317897797,-0.16085800528526306,-0.48235905170440674,-0.13135433197021484,-0.029380671679973602,-0.5038459897041321,-0.21744224429130554,0.20476031303405762,-0.37754350900650024,-0.3325541913509369,-0.10962274670600891,-0.04407641291618347,0.00012765219435095787,-0.19852164387702942,-0.2420051395893097,-0.21321186423301697,0.057962819933891296,-0.2967694103717804,-0.07972728461027145,0.2572968602180481,-0.2853870391845703,-0.07643727958202362,-0.10071448236703873,0.21468006074428558,-0.048442285507917404,-0.09359325468540192,-0.014966635033488274,-0.24029164016246796,0.11988649517297745,-0.13770830631256104,-0.07680991291999817,0.27271801233291626,-0.2179832011461258,0.1317482739686966,-0.005849048495292664,0.4920260012149811,-0.032105736434459686,-0.005905778147280216,0.20429757237434387,-0.2536878287792206,0.15191449224948883,0.05730276554822922,-0.1686176061630249,0.3051116168498993,-0.08843755722045898,0.06750109046697617
54,0.060947537422180176,0.37444156408309937,0.6419242024421692,0.18550072610378265,0.3091672360897064,0.5523332953453064,0.060550592839717865,-0.10580992698669434,0.34251460433006287,-0.19317303597927094,-0.3247010111808777,0.18107840418815613,-0.12312499433755875,-0.335080623626709,0.01094195619225502,-0.17268383502960205,-0.29742687940597534,0.08533574640750885,-0.225460022687912,-0.5018255710601807,-0.07321484386920929,-0.08200082927942276,-0.6344480514526367,-0.09471636265516281,-0.22098277509212494,-0.7688152194023132,0.23661834001541138,-0.08089463412761688,0.008601570501923561,-0.009772812947630882,-0.12950435280799866,-0.2698005437850952,-0.09054523706436157,-0.033868398517370224,-0.5096544623374939,0.07187221944332123,0.10320497304201126,-0.5469152331352234,0.26768964529037476,0.0877823680639267,0.1998382806777954,-0.013979491777718067,0.09605052322149277,-0.11704530566930771,-0.15227751433849335,0.15782763063907623,-0.17561252415180206,0.16118067502975464,0.40484338998794556,0.019271403551101685,0.21964779496192932,0.30663159489631653,0.4308116137981415,-0.014976859092712402,0.24989758431911469,0.17790533602237701,0.08471241593360901,0.3406039774417877,-0.04918761923909187,0.1615559607744217,0.4315742552280426,0.024205178022384644,0.12700417637825012
55,0.5503168106079102,0.6162381768226624,0.12979325652122498,0.5668207406997681,0.15580539405345917,-0.21422767639160156,0.65011066198349,-0.3682892620563507,-0.5272564888000488,0.5318166017532349,-0.7396047711372375,-0.5858585834503174,0.8134340047836304,-1.0871338844299316,-0.2848985493183136,0.21981346607208252,-0.20609334111213684,-0.1061742752790451,-0.057331159710884094,-0.48551052808761597,-0.09088300168514252,-0.26997411251068115,-0.7072056531906128,-0.20317170023918152,-0.3971490263938904,-0.9274965524673462,-0.17359232902526855,-0.013267225585877895,-0.00836031511425972,-0.0034090508706867695,-0.2538224756717682,-0.2631088197231293,0.029013827443122864,-0.5093239545822144,-0.49746742844581604,-0.15219758450984955,-0.6854461431503296,-0.7828606963157654,-0.045332398265600204,-0.10300123691558838,0.20969317853450775,0.009653269313275814,-0.37627843022346497,0.008983917534351349,0.0801297277212143,-0.6198770403862,-0.12838660180568695,-0.05220679193735123,-0.7679154872894287,-0.3515757620334625,-0.1162792444229126,-0.10262160003185272,0.5273277163505554,0.009192408993840218,-0.5175292491912842,0.2333308905363083,0.18151284754276276,-0.6510629653930664,0.14867620170116425,0.012534447014331818,-0.8089150190353394,-0.0752691924571991,-0.10806973278522491
56,0.4731596112251282,0.7477193474769592,0.11083689332008362,0.5583802461624146,0.24656449258327484,-0.2340606451034546,0.7567704319953918,-0.26704367995262146,-0.33229178190231323,0.6661359071731567,-0.6942675113677979,-0.47264087200164795,0.8634259700775146,-1.1564126014709473,-0.1198006421327591,0.20959261059761047,-0.21494188904762268,-0.0646049752831459,-0.05080482363700867,-0.5262092351913452,-0.06627988070249557,-0.20490282773971558,-0.721624493598938,-0.18308794498443604,-0.37132495641708374,-1.0099982023239136,-0.26808151602745056,-0.010104640386998653,-0.007709046360105276,-0.0018357520457357168,-0.2683221697807312,-0.29072824120521545,0.007662124931812286,-0.4465550184249878,-0.5123812556266785,-0.11339588463306427,-0.5252752304077148,-0.6853418350219727,0.004371702671051025,-0.11847236752510071,0.2053585797548294,0.0024406947195529938,-0.3884439766407013,0.00257987342774868,0.03963560611009598,-0.6090800762176514,-0.16182619333267212,-0.10239709168672562,-0.8058304190635681,-0.38215404748916626,-0.16685731709003448,-0.1444501280784607,0.5482667088508606,-0.07670634239912033,-0.5166008472442627,0.260486364364624,-0.020202375948429108,-0.6565645337104797,0.13430429995059967,-0.1301068365573883,-0.7650489807128906,-0.05215121805667877,-0.2181757241487503
57,0.39528191089630127,0.8655616641044617,0.15931880474090576,0.5631290674209595,0.3028107285499573,-0.01626095175743103,0.7474459409713745,-0.13065844774246216,-0.15806491672992706,0.7815308570861816,-0.6568117737770081,-0.23455248773097992,1.1153903007507324,-1.1019810438156128,-0.14065344631671906,0.21804074943065643,-0.19629986584186554,-0.014596875756978989,0.015753641724586487,-0.4647355079650879,-0.10861551761627197,-0.07850725203752518,-0.7644177675247192,-0.2549588084220886,-0.26480233669281006,-0.961620032787323,-0.2708051800727844,-0.010486082173883915,-0.008792012929916382,0.00046002829913049936,-0.24580228328704834,-0.3032343089580536,-0.059633880853652954,-0.4475151598453522,-0.5167561769485474,-0.252721905708313,-0.4749993085861206,-0.6428861021995544,-0.15620523691177368,-0.10279862582683563,0.20570170879364014,-0.014515205286443233,-0.370448499917984,-0.008614035323262215,-0.08730165660381317,-0.5945879817008972,-0.17779046297073364,-0.1897229105234146,-0.7502690553665161,-0.36630815267562866,-0.27118510007858276,-0.15540184080600739,0.5500693917274475,-0.03293453902006149,-0.5191653966903687,0.22615638375282288,-0.06587883830070496,-0.6165529489517212,0.07262938469648361,-0.20507360994815826,-0.7949875593185425,-0.11544498801231384,-0.28043332695961
58,0.39454489946365356,0.8113352656364441,0.2673761248588562,0.5666442513465881,0.2798588275909424,0.06966045498847961,0.7631131410598755,-0.28904077410697937,-0.021047651767730713,0.8089348673820496,-0.6899221539497375,-0.1493116170167923,1.1396676301956177,-1.0480644702911377,-0.12101886421442032,0.20709823071956635,-0.20717903971672058,-0.0034436024725437164,-0.0040846168994903564,-0.45201122760772705,-0.12418924272060394,-0.08918570727109909,-0.7063311338424683,-0.2804790437221527,-0.3087514638900757,-0.971035361289978,-0.3313499689102173,-0.01080720778554678,-0.008290257304906845,0.0018493951065465808,-0.2509099543094635,-0.3009222149848938,-0.05705839768052101,-0.4567604660987854,-0.5124089121818542,-0.26648014783859253,-0.6598241925239563,-0.6462379097938538,-0.2916627526283264,-0.12233470380306244,0.22277705371379852,-0.024640027433633804,-0.3921876847743988,-0.008563535287976265,-0.0929069072008133,-0.5812063217163086,-0.1686355173587799,-0.2579462230205536,-0.7258884906768799,-0.3707372546195984,-0.309211403131485,-0.2177380919456482,0.5041137337684631,-0.060418903827667236,-0.5158182978630066,0.2328650802373886,-0.057813383638858795,-0.6425341367721558,0.055453114211559296,-0.10988263785839081,-0.7408114671707153,-0.14079895615577698,-0.18012173473834991
59,0.40657439827919006,0.7305520176887512,0.29839155077934265,0.5167334079742432,0.33955174684524536,0.08928331732749939,0.7804904580116272,-0.10613726079463959,-0.006707876920700073,0.8324329853057861,-0.6203629374504089,-0.04013960063457489,1.2091227769851685,-1.0187634229660034,-0.08033182471990585,0.22524292767047882,-0.17922192811965942,0.009859809651970863,0.007197391241788864,-0.4419695734977722,-0.12731805443763733,-0.05653204768896103,-0.6738171577453613,-0.3511700928211212,-0.24599431455135345,-0.9020999670028687,-0.4532278776168823,-0.006215975154191256,-0.009996775537729263,-0.000545161310583353,-0.25840526819229126,-0.2974022328853607,-0.10661637783050537,-0.40963873267173767,-0.5119454264640808,-0.304373562335968,-0.5866599678993225,-0.5655940175056458,-0.37642762064933777,-0.13415253162384033,0.19700492918491364,-0.034493688493967056,-0.3973453640937805,-0.04473331570625305,-0.11158411204814911,-0.5668642520904541,-0.18664447963237762,-0.2602817118167877,-0.524463415145874,-0.2606188654899597,-0.4137696325778961,-0.20692631602287292,0.49526816606521606,-0.06941099464893341,-0.5344691276550293,0.17901939153671265,-0.0736098438501358,-0.6486403942108154,0.005653180181980133,-0.16676117479801178,-0.7078913450241089,-0.16738322377204895,-0.20932403206825256
60,0.35782331228256226,0.6627280712127686,0.315385103225708,0.5540437698364258,0.32330596446990967,0.05049678683280945,0.7904536724090576,-0.10233169049024582,-0.07088176906108856,0.8536157608032227,-0.634696900844574,-0.21560288965702057,1.3618265390396118,-1.1161099672317505,-0.1939881294965744,0.20512057840824127,-0.18583421409130096,0.016968797892332077,0.011294443160295486,-0.44152069091796875,-0.11300615966320038,-0.05810966342687607,-0.7055855393409729,-0.3030577600002289,-0.26216864585876465,-0.9062120914459229,-0.45567095279693604,-0.006391107104718685,-0.007818954065442085,-0.0015089530497789383,-0.2938131093978882,-0.2797475755214691,-0.05960265174508095,-0.46666398644447327,-0.4842420220375061,-0.2658039927482605,-0.6480211019515991,-0.5858511924743652,-0.3159404397010803,-0.1187974214553833,0.20926377177238464,-0.05319470912218094,-0.39807751774787903,-0.03732089698314667,-0.12296340614557266,-0.5644181966781616,-0.18271024525165558,-0.2778778076171875,-0.6415234804153442,-0.395710825920105,-0.33524084091186523,-0.21522113680839539,0.48946473002433777,-0.10382850468158722,-0.5305382013320923,0.1946985274553299,-0.17699797451496124,-0.6359484791755676,0.025984883308410645,-0.2109309434890747,-0.7255498766899109,-0.1394461691379547,-0.27205324172973633
61,0.35410669445991516,0.6721972823143005,0.31967610120773315,0.5528271794319153,0.32992732524871826,0.06899625062942505,0.7475417256355286,-0.12324848771095276,-0.08935458958148956,0.8099953532218933,-0.6161142587661743,-0.22853823006153107,1.1389069557189941,-0.9477770924568176,-0.18737341463565826,0.1942071169614792,-0.18978525698184967,0.01705275848507881,0.004818879067897797,-0.43453651666641235,-0.12058603763580322,-0.07437143474817276,-0.7111415863037109,-0.2937968969345093,-0.28666865825653076,-0.8695002198219299,-0.4647962152957916,-0.008167675696313381,-0.007266829255968332,-0.0009589395485818386,-0.29059091210365295,-0.28487998247146606,-0.045439861714839935,-0.47935751080513,-0.48580580949783325,-0.24600274860858917,-0.6383858323097229,-0.6319540739059448,-0.26534193754196167,-0.11320957541465759,0.21211066842079163,-0.05049414187669754,-0.403256893157959,-0.03654664754867554,-0.10205081105232239,-0.5812677145004272,-0.18258848786354065,-0.24236537516117096,-0.682203471660614,-0.3930834233760834,-0.27047431468963623,-0.2114061713218689,0.48934420943260193,-0.09071941673755646,-0.5242549180984497,0.20449797809123993,-0.1639895886182785,-0.6484193801879883,0.03701259195804596,-0.2080308198928833,-0.7461546063423157,-0.11295582354068756,-0.26091083884239197
62,0.3695240318775177,0.668387234210968,0.2996692955493927,0.5490637421607971,0.31783515214920044,0.04510176181793213,0.7203119993209839,-0.015235230326652527,-0.2148512750864029,0.8255800604820251,-0.564663827419281,-0.2885192036628723,1.0279579162597656,-0.8378898501396179,-0.24204297363758087,0.19267627596855164,-0.18917398154735565,0.020137561485171318,-0.01710788905620575,-0.47374534606933594,-0.08912468701601028,-0.043645910918712616,-0.6910521984100342,-0.2953381836414337,-0.23169781267642975,-0.8545350432395935,-0.4907585084438324,-0.0071153766475617886,-0.00713954446837306,-0.0018269035499542952,-0.26156654953956604,-0.29189005494117737,-0.06185455992817879,-0.455888032913208,-0.493064820766449,-0.23460203409194946,-0.5961570143699646,-0.6322093605995178,-0.2953745126724243,-0.10601095855236053,0.21052050590515137,-0.04944613203406334,-0.39498719573020935,-0.02734368108212948,-0.09111890941858292,-0.5662835836410522,-0.18373627960681915,-0.23175302147865295,-0.6683678030967712,-0.39802199602127075,-0.29404887557029724,-0.1986614465713501,0.4952490031719208,-0.10134376585483551,-0.5105999112129211,0.20893147587776184,-0.108213871717453,-0.6335410475730896,0.038411106914281845,-0.22051411867141724,-0.7300687432289124,-0.1101110577583313,-0.2983812093734741
63,0.36799612641334534,0.6723495721817017,0.32221755385398865,0.5556086301803589,0.32099753618240356,0.06648498773574829,0.7197059988975525,-0.01971133053302765,-0.19827981293201447,0.8176869750022888,-0.5599309802055359,-0.2881084680557251,1.0044211149215698,-0.8039385080337524,-0.26369255781173706,0.19542305171489716,-0.19081494212150574,0.02275131084024906,-0.012522488832473755,-0.4726486802101135,-0.09407877922058105,-0.040509216487407684,-0.6876271963119507,-0.2997525632381439,-0.21857161819934845,-0.8463228940963745,-0.5157212615013123,-0.008010492660105228,-0.008482224307954311,0.0002514708321541548,-0.2666155993938446,-0.2877418100833893,-0.07287976890802383,-0.4477573037147522,-0.4838577210903168,-0.25575581192970276,-0.588065505027771,-0.6304779052734375,-0.3407890498638153,-0.10449853539466858,0.21413609385490417,-0.050160281360149384,-0.3898838460445404,-0.023872563615441322,-0.09329142421483994,-0.561373770236969,-0.17690646648406982,-0.22296786308288574,-0.6656346321105957,-0.38098663091659546,-0.29670605063438416,-0.19044233858585358,0.4975012540817261,-0.10847166180610657,-0.5002081990242004,0.21301871538162231,-0.11747608333826065,-0.6165088415145874,0.050172045826911926,-0.22840014100074768,-0.6991883516311646,-0.10448332130908966,-0.30835816264152527
64,0.3903282582759857,0.7045176029205322,0.27988186478614807,0.529219925403595,0.3369095027446747,0.023951232433319092,0.7352674007415771,0.005957275629043579,-0.1514640599489212,0.820914089679718,-0.5646802186965942,-0.2567124366760254,0.9781694412231445,-0.8258486390113831,-0.267081081867218,0.21477332711219788,-0.1840619295835495,0.0004905834794044495,0.005314815789461136,-0.43349766731262207,-0.10566062480211258,-0.04902733117341995,-0.6927770972251892,-0.2840120196342468,-0.2096772938966751,-0.9129619598388672,-0.3551197052001953,-0.008283502422273159,-0.007620003540068865,-0.001317592104896903,-0.26598426699638367,-0.2807427644729614,-0.057403501123189926,-0.36773350834846497,-0.4539857804775238,-0.27511370182037354,-0.6191683411598206,-0.628158450126648,-0.2804573178291321,-0.11959163844585419,0.20307737588882446,-0.04049380123615265,-0.3992139995098114,-0.037580423057079315,-0.09113243222236633,-0.5833061933517456,-0.18689846992492676,-0.21324476599693298,-0.6745647192001343,-0.3847739100456238,-0.2638615071773529,-0.21601811051368713,0.4758445918560028,-0.09443093836307526,-0.5328363180160522,0.19170664250850677,-0.09065387398004532,-0.6348004937171936,0.020744264125823975,-0.21115712821483612,-0.7207430601119995,-0.13300767540931702,-0.2768453359603882
65,0.3850589394569397,0.7465234994888306,0.26577773690223694,0.5220552086830139,0.3317610025405884,0.033133506774902344,0.7532945871353149,-0.03691714629530907,-0.17206613719463348,0.8257972598075867,-0.5609700679779053,-0.2883785367012024,1.0711249113082886,-0.8446927666664124,-0.14620937407016754,0.2014426290988922,-0.19249026477336884,0.01494937390089035,-0.007404334843158722,-0.44678956270217896,-0.0691165030002594,-0.04715374857187271,-0.7107402682304382,-0.22840061783790588,-0.19468800723552704,-0.9260237216949463,-0.33134278655052185,-0.00838550180196762,-0.009822734631597996,-0.0010221956763416529,-0.2733917534351349,-0.2837129831314087,-0.050184398889541626,-0.38017842173576355,-0.47982850670814514,-0.24839001893997192,-0.6051108837127686,-0.6216853260993958,-0.20883581042289734,-0.10930483043193817,0.20725062489509583,-0.05259881168603897,-0.40377363562583923,-0.038996726274490356,-0.07780439406633377,-0.49942296743392944,-0.19650065898895264,-0.23732949793338776,-0.6794229745864868,-0.4251021444797516,-0.24769319593906403,-0.18714162707328796,0.48082420229911804,-0.1349325329065323,-0.5211040377616882,0.18626683950424194,-0.11897581815719604,-0.6271984577178955,0.03620441257953644,-0.27338680624961853,-0.7184544801712036,-0.14618545770645142,-0.3296635150909424
66,0.41497716307640076,0.7587360739707947,0.24163219332695007,0.5262089967727661,0.3342803716659546,0.0161074697971344,0.7688113451004028,-0.02863151580095291,-0.16623426973819733,0.8369123935699463,-0.581159234046936,-0.2804563045501709,1.0272026062011719,-0.8076480627059937,-0.17510636150836945,0.19893810153007507,-0.19743874669075012,0.014962166547775269,-0.006918594241142273,-0.4498027563095093,-0.06956491619348526,-0.06507617980241776,-0.6987278461456299,-0.23494189977645874,-0.20658086240291595,-0.9269923567771912,-0.3067537844181061,-0.007624109275639057,-0.008305900730192661,-0.0005686362273991108,-0.2800426781177521,-0.2822236120700836,-0.03966343402862549,-0.3891961872577667,-0.4773904085159302,-0.21889378130435944,-0.6095877289772034,-0.6102406978607178,-0.2065272331237793,-0.11408315598964691,0.2070869356393814,-0.04611779749393463,-0.4017818570137024,-0.043505944311618805,-0.05696770176291466,-0.5097879767417908,-0.193368598818779,-0.21070824563503265,-0.6644299626350403,-0.4254244863986969,-0.22274363040924072,-0.17475637793540955,0.4777486324310303,-0.132381409406662,-0.5151773691177368,0.1836278885602951,-0.10828399658203125,-0.6398113369941711,0.029335908591747284,-0.24658417701721191,-0.7059623003005981,-0.15359827876091003,-0.3242979645729065
67,0.4479728043079376,0.7831629514694214,0.2217058539390564,0.5302027463912964,0.34419822692871094,-0.029363006353378296,0.7803653478622437,-0.02933301031589508,-0.1448822170495987,0.820645272731781,-0.5176045894622803,-0.3047046661376953,0.9750983715057373,-0.7516928911209106,-0.17107142508029938,0.20317816734313965,-0.19885843992233276,0.01431586779654026,-0.006035216152667999,-0.4489514231681824,-0.07972809672355652,-0.06342048197984695,-0.690625011920929,-0.26642075181007385,-0.1974606066942215,-0.9069433808326721,-0.3537937104701996,-0.009829407557845116,-0.006170119624584913,-0.0032505872659385204,-0.2773558497428894,-0.27762648463249207,-0.03409438580274582,-0.38338738679885864,-0.47702857851982117,-0.2190142422914505,-0.6098894476890564,-0.5651994943618774,-0.2465941607952118,-0.11107692122459412,0.20258648693561554,-0.05591602623462677,-0.3985234797000885,-0.043996818363666534,-0.10514767467975616,-0.5128723382949829,-0.19166645407676697,-0.20290619134902954,-0.6707231998443604,-0.42538997530937195,-0.2419726401567459,-0.17795677483081818,0.5018637180328369,-0.12606677412986755,-0.49905461072921753,0.19389420747756958,-0.16949614882469177,-0.6327804923057556,0.030733861029148102,-0.2381063848733902,-0.7297117114067078,-0.142136812210083,-0.3313014805316925
68,0.44806578755378723,0.8004938960075378,0.20955175161361694,0.525873064994812,0.34724047780036926,-0.025833308696746826,0.776854395866394,-0.01541251689195633,-0.1482195407152176,0.8209366202354431,-0.5100014805793762,-0.324504554271698,0.9698302149772644,-0.7253332734107971,-0.20166781544685364,0.20153801143169403,-0.19942432641983032,0.01345907337963581,-0.004858285188674927,-0.451831579208374,-0.07671549916267395,-0.058121971786022186,-0.6919535398483276,-0.25773122906684875,-0.18037103116512299,-0.9076050519943237,-0.36354711651802063,-0.010896530002355576,-0.005769763607531786,-0.0015095456037670374,-0.27889135479927063,-0.2773378789424896,-0.02914535626769066,-0.38955095410346985,-0.48158010840415955,-0.2104804366827011,-0.6166136264801025,-0.5960948467254639,-0.2471257746219635,-0.11303660273551941,0.20087185502052307,-0.058049872517585754,-0.39728572964668274,-0.04353465139865875,-0.10228651016950607,-0.5126334428787231,-0.18974341452121735,-0.2038927525281906,-0.6623554229736328,-0.43871575593948364,-0.24636051058769226,-0.17487893998622894,0.5057855248451233,-0.13173270225524902,-0.49715709686279297,0.19395868480205536,-0.17802460491657257,-0.6265414357185364,0.036516860127449036,-0.24237391352653503,-0.7272511124610901,-0.1505049467086792,-0.3491033911705017
69,0.45024573802948,0.7757079005241394,0.25491997599601746,0.5185567140579224,0.33005672693252563,0.018869996070861816,0.769192636013031,-0.0798397958278656,-0.10480742156505585,0.8313018679618835,-0.5882117748260498,-0.2754821181297302,0.9792023301124573,-0.7443912029266357,-0.16535362601280212,0.20101523399353027,-0.19128376245498657,0.013654975220561028,0.015461735427379608,-0.4832081198692322,-0.06103866547346115,-0.04292748123407364,-0.706867516040802,-0.23711088299751282,-0.17717750370502472,-0.9101607203483582,-0.36702001094818115,-0.007213896606117487,-0.011255640536546707,-0.0031521706841886044,-0.28090155124664307,-0.2777232527732849,-0.021682094782590866,-0.4007317125797272,-0.4851926863193512,-0.20045657455921173,-0.6255325675010681,-0.6091048121452332,-0.23438572883605957,-0.10530687868595123,0.205023854970932,-0.04965770244598389,-0.40235865116119385,-0.036403849720954895,-0.09691449999809265,-0.5279592871665955,-0.1973433941602707,-0.20871414244174957,-0.7075453996658325,-0.3628673255443573,-0.1801128089427948,-0.16220657527446747,0.5041621327400208,-0.13902677595615387,-0.4984481632709503,0.1912246197462082,-0.15899266302585602,-0.6370773315429688,-0.008625533431768417,-0.1847851276397705,-0.6981716752052307,-0.16676869988441467,-0.36064958572387695
70,0.4351915717124939,0.7366896867752075,0.3025962710380554,0.5848157405853271,0.3379310667514801,0.02610662579536438,0.7585093379020691,-0.11269904673099518,-0.030146807432174683,0.8280931711196899,-0.6108787059783936,-0.24028314650058746,1.0936458110809326,-0.8877623677253723,-0.11081241816282272,0.19962023198604584,-0.19528377056121826,0.02348942682147026,0.018811676651239395,-0.4777454733848572,-0.0844782218337059,-0.04035761207342148,-0.70135498046875,-0.26676005125045776,-0.20878006517887115,-0.9200150370597839,-0.41111788153648376,-0.007702425122261047,-0.010385368950664997,-0.0013606431894004345,-0.28181299567222595,-0.2795907258987427,-0.049883097410202026,-0.4048658311367035,-0.4756723940372467,-0.23667502403259277,-0.6479350328445435,-0.6261170506477356,-0.2702378034591675,-0.0970802903175354,0.2002568393945694,-0.050281621515750885,-0.40521004796028137,-0.026202427223324776,-0.11284220963716507,-0.5340012311935425,-0.18283353745937347,-0.23445934057235718,-0.737002968788147,-0.37286996841430664,-0.21989130973815918,-0.15962859988212585,0.5000510811805725,-0.10689535737037659,-0.498813271522522,0.191543310880661,-0.13950008153915405,-0.633355438709259,0.017573803663253784,-0.2098165899515152,-0.7170924544334412,-0.11817397177219391,-0.3611488342285156
71,0.4512341320514679,0.748136579990387,0.2697736620903015,0.5850728750228882,0.3371916115283966,0.013986349105834961,0.7500778436660767,-0.10582228749990463,-0.03508898615837097,0.8287155032157898,-0.6045323610305786,-0.2460273653268814,1.0715153217315674,-0.8823708891868591,-0.10255099087953568,0.19610334932804108,-0.19064250588417053,0.018442556262016296,0.02356380969285965,-0.4724181890487671,-0.08966907113790512,-0.04579358547925949,-0.7005664706230164,-0.2556599974632263,-0.20851196348667145,-0.9156152606010437,-0.39910680055618286,-0.007777162361890078,-0.010433726012706757,-0.0013601675163954496,-0.28936076164245605,-0.28586480021476746,-0.05229178071022034,-0.40702369809150696,-0.4771832823753357,-0.22579477727413177,-0.5795354247093201,-0.5963259935379028,-0.20954348146915436,-0.11776567995548248,0.20141924917697906,-0.051578816026449203,-0.4043818712234497,-0.030801834538578987,-0.10216750204563141,-0.5369738340377808,-0.1847921758890152,-0.2173527330160141,-0.7347063422203064,-0.36698392033576965,-0.21352651715278625,-0.16172870993614197,0.4938676059246063,-0.10754720866680145,-0.4998166859149933,0.19104327261447906,-0.13407792150974274,-0.6358239054679871,0.0158466137945652,-0.2030799835920334,-0.7147915959358215,-0.11495596170425415,-0.3363593816757202
72,0.469728022813797,0.7446978688240051,0.25918230414390564,0.54900723695755,0.3002966642379761,0.038696616888046265,0.7535610795021057,-0.12179380655288696,-0.03189551830291748,0.8265597224235535,-0.6246461868286133,-0.2591630816459656,1.0970934629440308,-0.9004135727882385,-0.07778016477823257,0.19520249962806702,-0.20384255051612854,0.019475623965263367,0.007096879184246063,-0.4778696298599243,-0.08018191158771515,-0.060516245663166046,-0.709010899066925,-0.22111254930496216,-0.15273432433605194,-0.896335780620575,-0.4296455383300781,-0.00934983417391777,-0.006630969699472189,-0.0005112364888191223,-0.2963598370552063,-0.2867462933063507,-0.04795020818710327,-0.4166107475757599,-0.48766443133354187,-0.21445190906524658,-0.5821111798286438,-0.6069174408912659,-0.21329081058502197,-0.0860242247581482,0.2247137427330017,-0.0475788451731205,-0.40606045722961426,-0.035355374217033386,-0.09480007737874985,-0.5413807034492493,-0.1842784732580185,-0.21100954711437225,-0.7465368509292603,-0.3757407069206238,-0.2280205339193344,-0.1533897966146469,0.49618467688560486,-0.11242686212062836,-0.5003762245178223,0.1968679428100586,-0.17624585330486298,-0.6295749545097351,0.015618197619915009,-0.22360901534557343,-0.7265820503234863,-0.11473855376243591,-0.3414516746997833
73,0.4783584475517273,0.7541208863258362,0.23976007103919983,0.5946539640426636,0.32224515080451965,0.011301189661026001,0.7598727345466614,-0.12920057773590088,-0.05647365748882294,0.8309977650642395,-0.6226834058761597,-0.2757812738418579,1.1239774227142334,-0.9346006512641907,-0.07612577825784683,0.1933189034461975,-0.20484088361263275,0.015182018280029297,0.007042936980724335,-0.4815417528152466,-0.07801932841539383,-0.06406793743371964,-0.7161523699760437,-0.2086765170097351,-0.16554181277751923,-0.9038255214691162,-0.41622260212898254,-0.009529797360301018,-0.006145739462226629,-0.0009524039924144745,-0.29546239972114563,-0.28887295722961426,-0.03961586579680443,-0.42038801312446594,-0.4943687915802002,-0.20945365726947784,-0.5845943093299866,-0.6095433235168457,-0.1934669315814972,-0.12135148048400879,0.20500774681568146,-0.0515073798596859,-0.40816429257392883,-0.035954564809799194,-0.09009727090597153,-0.5464503765106201,-0.18605682253837585,-0.2096167355775833,-0.7533739805221558,-0.38337305188179016,-0.2257072627544403,-0.15947559475898743,0.4954327344894409,-0.1066870242357254,-0.5039784908294678,0.19244806468486786,-0.17004229128360748,-0.6350256204605103,0.012540794909000397,-0.21762433648109436,-0.7367830276489258,-0.12314122915267944,-0.33442381024360657
74,0.4231935143470764,0.7061730027198792,0.2837064862251282,0.5834420919418335,0.2490440160036087,-0.09704411029815674,0.7876094579696655,-0.19641053676605225,-0.11883871257305145,0.8144755363464355,-0.653852105140686,-0.2377598136663437,1.091020941734314,-1.0719170570373535,-0.13314546644687653,0.19586890935897827,-0.20245735347270966,0.022039741277694702,0.006938789039850235,-0.48626720905303955,-0.07162628322839737,-0.09823410958051682,-0.7062605619430542,-0.26965418457984924,-0.030105561017990112,-0.5822133421897888,-0.41498664021492004,-0.00727694621309638,-0.01025315374135971,-0.0011929359752684832,-0.2964281439781189,-0.2634347677230835,-0.04732412472367287,-0.420612096786499,-0.44863709807395935,-0.2458396553993225,-0.38238319754600525,-0.5742539763450623,-0.35290026664733887,-0.09358659386634827,0.21385826170444489,-0.034582462161779404,-0.3990318775177002,0.018352851271629333,-0.10641463845968246,-0.5758620500564575,-0.14768078923225403,-0.20130719244480133,-0.7244404554367065,-0.32954373955726624,-0.20678916573524475,-0.12942199409008026,0.5424843430519104,-0.12678831815719604,-0.4985921382904053,0.2368491291999817,-0.10958017408847809,-0.6272169947624207,0.08774448931217194,-0.23871347308158875,-0.7501909136772156,-0.1046908050775528,-0.3027677834033966
75,0.07127826660871506,0.35461652278900146,0.6980342864990234,0.21799547970294952,0.12830105423927307,0.5668238997459412,0.03698381781578064,-0.18339399993419647,0.2658889889717102,-0.07077792286872864,-0.3580173850059509,0.11670222133398056,-0.03238788992166519,-0.27028337121009827,-0.14240197837352753,-0.17494064569473267,-0.29359886050224304,0.10124287754297256,-0.29904690384864807,-0.4685649275779724,-0.18266746401786804,-0.12774905562400818,-0.5785046219825745,-0.20446953177452087,-0.033539772033691406,-0.6044198274612427,-0.11327321082353592,-0.1252053678035736,-0.029681166633963585,-0.010533243417739868,-0.18375980854034424,-0.23954986035823822,-0.19791042804718018,-0.056215349584817886,-0.38177788257598877,-0.08499753475189209,0.18912096321582794,-0.5281693935394287,0.037451498210430145,0.024392101913690567,0.2260124683380127,-0.02414095401763916,0.015233591198921204,-0.004036204889416695,-0.21886588633060455,0.148771271109581,-0.12537330389022827,0.030266618356108665,0.39274996519088745,0.022367030382156372,0.20154023170471191,0.1508079618215561,0.48703134059906006,0.07968577742576599,0.10607737302780151,0.24911852180957794,-0.09450270980596542,0.27139946818351746,0.09797124564647675,-0.04899955168366432,0.36066508293151855,-0.0071412622928619385,0.1909645050764084
76,0.15151795744895935,0.6334397792816162,0.4941152334213257,-0.03993524983525276,0.37594074010849,0.44313520193099976,-0.38738173246383667,-0.00783703476190567,0.26443883776664734,-0.6017477512359619,-0.1142987608909607,0.1405576467514038,-0.3902302086353302,-0.06774929910898209,0.004340173676609993,-0.30116307735443115,-0.034045081585645676,0.05048428475856781,-0.368737131357193,-0.3192903995513916,-0.10454431921243668,-0.41344785690307617,-0.5014622211456299,-0.013945989310741425,-0.38921087980270386,-0.7521787881851196,0.15587292611598969,-0.011242660693824291,0.0070117162540555,0.001479925587773323,-0.055806368589401245,-0.32698050141334534,-0.046432845294475555,-0.13420002162456512,-0.5737517476081848,0.12568633258342743,-0.08768635243177414,-0.602716863155365,0.4295528531074524,0.20505481958389282,0.044007621705532074,0.057516515254974365,0.12244177609682083,-0.2675272524356842,0.09272070974111557,0.047815605998039246,-0.4574030637741089,0.31601983308792114,-0.02749670296907425,-0.6454856395721436,0.5760087966918945,0.4054790735244751,0.15441501140594482,0.17158861458301544,0.33601757884025574,-0.22665941715240479,0.22348257899284363,0.21008937060832977,-0.3560611307621002,0.4527842700481415,0.13879208266735077,-0.28077808022499084,0.6205198168754578
77,0.08066004514694214,0.7363447546958923,0.4755256772041321,-0.059223759919404984,0.33778584003448486,0.5104605555534363,-0.31495946645736694,0.1456928849220276,0.2969518005847931,-0.40640902519226074,-0.21444153785705566,0.2802276313304901,-0.3619421720504761,-0.14174538850784302,0.09464161098003387,-0.28356945514678955,-0.0326513946056366,0.11369732767343521,-0.4140470623970032,-0.2908029854297638,-0.05817635729908943,-0.4509776830673218,-0.583080530166626,-0.0660843774676323,-0.4630424380302429,-0.8483570218086243,-0.017710808664560318,-0.011125531047582626,0.005271421279758215,0.00468159094452858,-0.03561599552631378,-0.3600747883319855,-0.139311745762825,-0.12734316289424896,-0.6691705584526062,-0.0297376811504364,-0.21157124638557434,-1.002294659614563,0.1881709098815918,0.21587610244750977,0.06064152717590332,-0.005993734113872051,0.22695770859718323,-0.27054378390312195,-0.005529256537556648,0.23436754941940308,-0.4707828164100647,0.23915140330791473,0.09052196145057678,-0.8627148866653442,0.41585713624954224,0.44470518827438354,0.1836630254983902,0.069509357213974,0.47525715827941895,-0.22976750135421753,0.052035681903362274,0.45478546619415283,-0.3561815321445465,0.2291494756937027,0.4147835373878479,-0.44689851999282837,0.44101840257644653
78,0.06687705963850021,0.7287701964378357,0.4802226722240448,-0.07044380903244019,0.35280951857566833,0.4835294783115387,-0.31731730699539185,0.17905238270759583,0.28196167945861816,-0.41301363706588745,-0.19370460510253906,0.2960463762283325,-0.2590160071849823,0.2931166887283325,-0.18055327236652374,-0.28353238105773926,-0.03491426259279251,0.11568527668714523,-0.41467854380607605,-0.2865486145019531,-0.06271236389875412,-0.4578514099121094,-0.5725986957550049,-0.08773506432771683,-0.4752275347709656,-0.8573063611984253,-0.07665328681468964,-0.012209802865982056,0.006580758839845657,0.005250776652246714,-0.03710287809371948,-0.36406180262565613,-0.14919079840183258,-0.12038075923919678,-0.6718788743019104,-0.06906117498874664,-0.21815738081932068,-1.0055265426635742,0.21669453382492065,0.2119986116886139,0.05741533637046814,-0.0004815608263015747,0.22332274913787842,-0.26328444480895996,-0.048193298280239105,0.20836174488067627,-0.5032783150672913,0.13859155774116516,0.09859868139028549,-0.8789371848106384,0.3557714521884918,0.4462936818599701,0.19329002499580383,0.07655827701091766,0.4735932946205139,-0.22775116562843323,0.04404626041650772,0.47020572423934937,-0.37023890018463135,0.1677830070257187,0.43278247117996216,-0.4741601347923279,0.4026105999946594
79,0.060590408742427826,0.7220609188079834,0.5016574263572693,-0.03026806190609932,0.27272528409957886,0.525337815284729,-0.3244859576225281,0.1724807620048523,0.268454372882843,-0.43531620502471924,-0.20991121232509613,0.2786012887954712,-0.487558513879776,-0.46299535036087036,0.3816409707069397,-0.28153693675994873,-0.04596887528896332,0.13352906703948975,-0.4265415072441101,-0.2826499938964844,-0.07574973255395889,-0.47157537937164307,-0.5631579756736755,-0.11108537018299103,-0.48093265295028687,-0.8549994230270386,-0.06962084770202637,-0.012910080142319202,0.005126493517309427,0.00640394352376461,-0.04289601743221283,-0.36309725046157837,-0.1692986786365509,-0.1167767196893692,-0.6626374125480652,-0.13064883649349213,-0.20571735501289368,-0.9711745381355286,0.09896842390298843,0.2149236798286438,0.05836284160614014,-0.006634279154241085,0.20939144492149353,-0.2725476622581482,-0.09877544641494751,0.2034478783607483,-0.5274558663368225,0.0547005757689476,0.14035674929618835,-0.887773334980011,0.2746191918849945,0.45271188020706177,0.21885603666305542,0.060500212013721466,0.4637967050075531,-0.20418494939804077,-0.026061825454235077,0.4758150279521942,-0.39128735661506653,0.08627930283546448,0.44894853234291077,-0.5635895133018494,0.26195353269577026
80,0.06730283051729202,0.7383248805999756,0.48746269941329956,-0.00350252166390419,0.25451046228408813,0.5365667343139648,-0.3086709976196289,-0.03649524971842766,0.43247535824775696,-0.46492189168930054,-0.19259962439537048,0.2753326892852783,-0.08476681262254715,0.2739064395427704,-0.11530504375696182,-0.2915344834327698,-0.06756526976823807,0.14249002933502197,-0.42485159635543823,-0.2891649007797241,-0.07264302670955658,-0.47507762908935547,-0.5659451484680176,-0.1280292570590973,-0.4807087779045105,-0.8395304679870605,-0.04995913431048393,-0.016143489629030228,0.0038565117865800858,0.007637855131179094,-0.05301690101623535,-0.37253695726394653,-0.1778329610824585,-0.10927796363830566,-0.6616931557655334,-0.13329260051250458,-0.18193522095680237,-0.9740608334541321,0.08838082104921341,0.21731099486351013,0.06311274319887161,-0.014166970737278461,0.220071941614151,-0.27850595116615295,-0.11894868314266205,0.21693302690982819,-0.5350208878517151,0.027421025559306145,0.11220553517341614,-0.9242274761199951,0.22924548387527466,0.4463849365711212,0.24097420275211334,0.03403759002685547,0.4595140218734741,-0.17966903746128082,-0.07021083682775497,0.46846577525138855,-0.39770978689193726,0.08538353443145752,0.4250714182853699,-0.584051787853241,0.3108021914958954
81,0.11889661848545074,0.747920036315918,0.4760412573814392,-0.020818758755922318,0.3095778822898865,0.47492092847824097,-0.38907521963119507,0.15169113874435425,0.284778356552124,-0.3793696165084839,-0.25203949213027954,0.19366836547851562,-0.1761728823184967,0.12899476289749146,-0.1426200568675995,-0.29525017738342285,-0.05097994953393936,0.12694382667541504,-0.39825913310050964,-0.2743460536003113,-0.06730425357818604,-0.40838849544525146,-0.5569193959236145,-0.04639536887407303,-0.4880080223083496,-0.8188985586166382,-0.04004465788602829,-0.013847380876541138,0.0031053710263222456,0.0059861913323402405,-0.07210524380207062,-0.3763388395309448,-0.14601370692253113,-0.1155170351266861,-0.6625106930732727,-0.030817463994026184,-0.20608115196228027,-1.014909029006958,0.20089536905288696,0.21535709500312805,0.05263777822256088,-0.011223564855754375,0.237018883228302,-0.28493207693099976,-0.06440505385398865,0.21049000322818756,-0.5325784683227539,0.08856911212205887,0.15633365511894226,-0.8935161232948303,0.31399407982826233,0.44986748695373535,0.20941071212291718,0.05509013310074806,0.45853251218795776,-0.2039903700351715,0.005707976408302784,0.48339366912841797,-0.40451985597610474,0.14740827679634094,0.438202440738678,-0.5242027640342712,0.39051109552383423
82,0.13126429915428162,0.7528286576271057,0.4829356372356415,-0.028694014996290207,0.30014991760253906,0.49104925990104675,-0.3833630681037903,0.09801433235406876,0.29358771443367004,-0.3731597065925598,-0.2621443271636963,0.20094440877437592,-0.18653267621994019,0.05396432429552078,-0.157573863863945,-0.29887205362319946,-0.0534282885491848,0.12819422781467438,-0.390188992023468,-0.279380202293396,-0.040872324258089066,-0.4064827561378479,-0.5497929453849792,-0.030808426439762115,-0.4953744411468506,-0.8165760040283203,-0.0310869999229908,-0.015285261906683445,0.004009384661912918,0.005148555152118206,-0.07728249579668045,-0.3821669816970825,-0.13714785873889923,-0.1286648064851761,-0.6800419688224792,-0.09284842014312744,-0.20219475030899048,-1.0344796180725098,0.14488568902015686,0.21467623114585876,0.0564260259270668,-0.013520811684429646,0.248594731092453,-0.27602052688598633,-0.0501147136092186,0.22003382444381714,-0.529298722743988,0.13360653817653656,0.14456939697265625,-0.9042372703552246,0.2843473553657532,0.4488559365272522,0.22132134437561035,0.04274695739150047,0.4659630358219147,-0.21784037351608276,-0.002281165448948741,0.47863665223121643,-0.40550583600997925,0.16567163169384003,0.4806637763977051,-0.5474627017974854,0.35799315571784973
83,0.20425106585025787,0.7711403965950012,0.37073802947998047,-0.05614692345261574,0.34198734164237976,0.45959213376045227,-0.338070809841156,0.07750388234853745,0.2518453001976013,-0.6677957773208618,0.07092597335577011,0.18678011000156403,-0.27134954929351807,0.06281565874814987,-0.006566507741808891,-0.30165064334869385,-0.022106703370809555,0.11222288012504578,-0.3831363320350647,-0.3027970790863037,-0.018871460109949112,-0.40461891889572144,-0.5348073840141296,0.02468317747116089,-0.4617335796356201,-0.8066619634628296,0.1659400761127472,-0.00874425284564495,0.008626778610050678,0.004207048565149307,-0.030761487782001495,-0.3708609342575073,-0.12510579824447632,-0.12943188846111298,-0.6773361563682556,0.01876174658536911,-0.07898949831724167,-0.7346395254135132,0.2579880356788635,0.21776947379112244,0.03208243101835251,-0.009509197436273098,0.2540404796600342,-0.2842619717121124,-0.014841774478554726,0.22578676044940948,-0.5304995179176331,0.18060652911663055,0.1665433943271637,-0.8809258937835693,0.3277550935745239,0.4528379440307617,0.15922090411186218,0.03274504095315933,0.4830528497695923,-0.23595517873764038,0.011746649630367756,0.49791219830513,-0.3947211802005768,0.2023361474275589,0.49008291959762573,-0.5458997488021851,0.379260778427124
84,0.11073008924722672,0.7220150232315063,0.4332563579082489,-0.047497693449258804,0.409897118806839,0.4381810426712036,-0.27786940336227417,0.1515437364578247,0.2543426752090454,-0.6202811002731323,0.09382857382297516,0.15501585602760315,-0.20652234554290771,0.05846334993839264,-0.03418897092342377,-0.3054502606391907,-0.012883026152849197,0.10390277951955795,-0.41217830777168274,-0.2794015407562256,0.0015688464045524597,-0.41193026304244995,-0.5221817493438721,0.08877027779817581,-0.5118731260299683,-0.7492876052856445,0.29962027072906494,-0.014452756382524967,0.007795844692736864,0.0060644797049462795,-0.03141910582780838,-0.3663314878940582,-0.07709301263093948,-0.09531906247138977,-0.6668556332588196,0.08505193889141083,-0.11839815229177475,-0.7369080781936646,0.2908532917499542,0.21692001819610596,0.03336753696203232,0.0010239994153380394,0.23790192604064941,-0.2828231751918793,-0.018895786255598068,0.19392910599708557,-0.5619897246360779,0.11695800721645355,0.15839970111846924,-0.8912448287010193,0.34210631251335144,0.49647825956344604,0.13353176414966583,0.01877290941774845,0.46260884404182434,-0.24176400899887085,0.023671185597777367,0.48858267068862915,-0.4692487120628357,0.16232597827911377,0.4870241582393646,-0.5884439945220947,0.35605597496032715
85,0.14909055829048157,0.775786280632019,0.30947378277778625,-0.05923059955239296,0.4381178319454193,0.4214302897453308,-0.35238683223724365,0.22530654072761536,0.2395961433649063,-0.6230303049087524,0.1314595341682434,0.1443326622247696,-0.2610541582107544,0.0598076730966568,-0.29754263162612915,-0.29605668783187866,0.0076461173593997955,0.09963548928499222,-0.42438024282455444,-0.2833097279071808,-0.0015094131231307983,-0.42001307010650635,-0.5266323685646057,0.07278584688901901,-0.5051842927932739,-0.7723872661590576,0.304232656955719,-0.009495583362877369,0.00847732461988926,0.005132907535880804,-0.03058544173836708,-0.3644075393676758,-0.05644068494439125,-0.12501071393489838,-0.6746389269828796,0.08457937836647034,-0.11811932176351547,-0.7379295229911804,0.33206138014793396,0.21996217966079712,0.025725658982992172,0.0009578252211213112,0.24933665990829468,-0.28751540184020996,-0.014205558225512505,0.2321355640888214,-0.555021345615387,0.19673165678977966,0.19839823246002197,-0.8750796914100647,0.39012783765792847,0.4971631169319153,0.12769865989685059,0.005485178902745247,0.4766239821910858,-0.2380833923816681,0.034983642399311066,0.5035515427589417,-0.42014414072036743,0.20240038633346558,0.4816519320011139,-0.5782114267349243,0.3753052055835724
86,0.17310498654842377,0.780695915222168,0.305341899394989,-0.05439964309334755,0.4409944415092468,0.42657554149627686,-0.36513465642929077,0.23289626836776733,0.24607518315315247,-0.5168059468269348,0.12200778722763062,0.01068713515996933,-0.28069859743118286,0.0847245529294014,-0.2967388331890106,-0.2938884496688843,0.004223980009555817,0.09516564011573792,-0.3878025412559509,-0.26041582226753235,0.008927643299102783,-0.4268432855606079,-0.5276893377304077,0.06239161640405655,-0.5134239196777344,-0.7515838146209717,0.2954023480415344,-0.009400540962815285,0.007025576196610928,0.005827054381370544,-0.03219541162252426,-0.3672882616519928,-0.05549462139606476,-0.13659605383872986,-0.6665440201759338,0.10283924639225006,-0.2096705138683319,-0.9292486906051636,0.4020128548145294,0.2180614471435547,0.019589582458138466,0.00044181663542985916,0.24526813626289368,-0.29049333930015564,-0.007113544270396233,0.24289703369140625,-0.5093826055526733,0.2217520773410797,0.20703327655792236,-0.7814914584159851,0.4688534736633301,0.5042105317115784,0.1099635511636734,0.0026085451245307922,0.46705880761146545,-0.24355065822601318,0.036400459706783295,0.4876953959465027,-0.4346469044685364,0.21046778559684753,0.46613314747810364,-0.5522072315216064,0.3972207009792328
87,0.1616104543209076,0.7365477085113525,0.38483524322509766,-0.04176127538084984,0.45986419916152954,0.42101767659187317,-0.413566529750824,0.28147828578948975,0.25558191537857056,-0.5552568435668945,0.113816037774086,0.0387725792825222,-0.33447930216789246,0.11467379331588745,-0.393074095249176,-0.27806949615478516,0.014508232474327087,0.11767377704381943,-0.40803253650665283,-0.25072813034057617,0.03619738668203354,-0.4605906009674072,-0.47241052985191345,0.13071665167808533,-0.4743614196777344,-0.7361214756965637,0.2060520350933075,-0.009031062945723534,0.008310964331030846,0.0035813755821436644,-0.08156581968069077,-0.36313560605049133,-0.008324764668941498,-0.14821757376194,-0.599018931388855,0.14555776119232178,-0.2140299677848816,-0.8356102108955383,0.47838258743286133,0.20901057124137878,0.025137044489383698,-0.01803930103778839,0.23024392127990723,-0.2834242284297943,-0.001587631180882454,0.19607104361057281,-0.49062418937683105,0.2717953026294708,0.19735705852508545,-0.7053639888763428,0.5414968729019165,0.48689699172973633,0.07708004117012024,-0.015481185168027878,0.4608551561832428,-0.2706134021282196,0.03162571042776108,0.47328871488571167,-0.43142935633659363,0.2184964418411255,0.45708417892456055,-0.5241522789001465,0.4373566508293152
88,0.16809724271297455,0.6944036483764648,0.4140282869338989,0.016262885183095932,0.4412587285041809,0.4250777065753937,-0.4089687466621399,0.24064302444458008,0.2689574956893921,-0.48265981674194336,-0.016129255294799805,0.06474468111991882,-0.2305828332901001,0.15569882094860077,-0.3142746388912201,-0.290367066860199,0.011062275618314743,0.10868795961141586,-0.4285144507884979,-0.234256774187088,0.048708438873291016,-0.36491671204566956,-0.4357030987739563,0.17204803228378296,-0.44614219665527344,-0.68281489610672,0.3495112955570221,-0.010989378206431866,0.005928021855652332,0.004021798726171255,-0.11036428064107895,-0.34484630823135376,0.02382820099592209,-0.1456628441810608,-0.5568581223487854,0.23664872348308563,-0.18370380997657776,-0.7799802422523499,0.5767325758934021,0.21656125783920288,-0.004328947514295578,-0.02146327868103981,0.22345170378684998,-0.28498801589012146,0.015719572082161903,0.18217754364013672,-0.4877620339393616,0.2832808792591095,0.1776835322380066,-0.6328839063644409,0.5951026082038879,0.496001660823822,0.06401382386684418,-0.02464553341269493,0.44968611001968384,-0.290770024061203,0.033833011984825134,0.45086950063705444,-0.4304260313510895,0.219965398311615,0.4324919283390045,-0.5359227061271667,0.4464712142944336
89,0.17751000821590424,0.7352807521820068,0.3426528573036194,-0.07278142869472504,0.4314596951007843,0.4346533417701721,-0.44955509901046753,0.26311302185058594,0.2492062896490097,-0.4939967393875122,0.00567038357257843,0.0626198872923851,-0.2885948717594147,0.16319459676742554,-0.29457080364227295,-0.2883140444755554,0.019516218453645706,0.09771472215652466,-0.41336995363235474,-0.25462478399276733,0.039335474371910095,-0.39519014954566956,-0.4295443892478943,0.19995734095573425,-0.4428468942642212,-0.6809670329093933,0.3563130795955658,-0.010142559185624123,0.006223949603736401,0.003971829079091549,-0.11578995734453201,-0.3428493142127991,0.012588851153850555,-0.14450040459632874,-0.5586594939231873,0.2147090584039688,-0.17849954962730408,-0.7675372958183289,0.5869735479354858,0.21507909893989563,-0.00932590663433075,-0.01656312122941017,0.2172691524028778,-0.2880721390247345,0.013729332014918327,0.16217297315597534,-0.4983539581298828,0.2770480215549469,0.15524911880493164,-0.6543235778808594,0.5927338600158691,0.49154478311538696,0.05245083197951317,-0.01840204745531082,0.4469975531101227,-0.29346761107444763,0.04580312967300415,0.43977224826812744,-0.44590920209884644,0.23713810741901398,0.4202747344970703,-0.5424374938011169,0.4500652551651001
90,0.10494059324264526,0.6671151518821716,0.37333396077156067,-0.07090118527412415,0.4380061626434326,0.42094552516937256,-0.45488232374191284,0.32176584005355835,0.21798649430274963,-0.6149688363075256,0.17315490543842316,0.03477732464671135,-0.3287116587162018,0.12027143687009811,-0.3109462261199951,-0.287220299243927,0.02486881986260414,0.08155100047588348,-0.40101543068885803,-0.257329523563385,0.03333558887243271,-0.413629412651062,-0.4308623671531677,0.24096226692199707,-0.4757298231124878,-0.6233177781105042,0.28780481219291687,-0.00614170590415597,0.008696867153048515,0.004537294618785381,-0.10409288853406906,-0.3429364264011383,-0.01460351049900055,-0.18216724693775177,-0.542677104473114,0.11053179204463959,-0.2305988371372223,-0.724612832069397,0.5880296230316162,0.2156604826450348,-0.004037700593471527,-0.011742175556719303,0.2109253704547882,-0.29008328914642334,0.01910802535712719,0.16453604400157928,-0.46130695939064026,0.27475452423095703,0.16765189170837402,-0.6513544321060181,0.5417895913124084,0.47522610425949097,0.07350634038448334,-0.009883448481559753,0.4370580315589905,-0.2896301746368408,0.08091697096824646,0.4000967741012573,-0.44091612100601196,0.249094158411026,0.38514214754104614,-0.45935899019241333,0.47816237807273865
91,0.06365983933210373,0.5474090576171875,0.5390018820762634,-0.02007768675684929,0.44263333082199097,0.4346984922885895,-0.36817270517349243,0.1661122739315033,0.34758204221725464,-0.6094813346862793,0.09869039058685303,0.1086847335100174,-0.13049593567848206,0.20356661081314087,-0.23099352419376373,-0.3005155920982361,0.03075125440955162,0.12312108278274536,-0.4178735017776489,-0.19339896738529205,-0.018468733876943588,-0.3685799837112427,-0.41322818398475647,0.2781902253627777,-0.3729817271232605,-0.586346447467804,0.5771619081497192,-0.012380230240523815,0.007235134486109018,0.0032431462313979864,-0.12237820774316788,-0.33360496163368225,-0.0023177415132522583,-0.17620399594306946,-0.498599112033844,0.2462882548570633,-0.1992378532886505,-0.6234915256500244,0.6070300936698914,0.20925331115722656,0.021188050508499146,-0.01897265762090683,0.20858678221702576,-0.28814324736595154,0.032020069658756256,0.15923969447612762,-0.43985819816589355,0.27649354934692383,0.11744973808526993,-0.553032398223877,0.6068502068519592,0.44899141788482666,0.12070441246032715,-0.015985634177923203,0.42733970284461975,-0.30714693665504456,0.1061752587556839,0.399297297000885,-0.3754248023033142,0.27872785925865173,0.38847780227661133,-0.3343624770641327,0.5095778107643127
92,0.19300934672355652,0.7158220410346985,0.3862614631652832,-0.015265215188264847,0.3945869505405426,0.45198705792427063,-0.37743204832077026,0.19387191534042358,0.2949516773223877,-0.5259168744087219,0.17033827304840088,0.07054498791694641,-0.2465994954109192,0.18381038308143616,-0.2900633215904236,-0.2946171164512634,0.03035295382142067,0.09625260531902313,-0.4211982488632202,-0.20484668016433716,0.013730041682720184,-0.3634648025035858,-0.3975427448749542,0.30643659830093384,-0.45947468280792236,-0.5406932234764099,0.40337860584259033,-0.012830435298383236,0.0029111916664987803,0.002785055199638009,-0.10462570935487747,-0.331680029630661,0.021322131156921387,-0.1523781269788742,-0.5038556456565857,0.21158091723918915,-0.19237658381462097,-0.5969058275222778,0.6309162378311157,0.20907539129257202,-0.0012468043714761734,-0.025385782122612,0.18894562125205994,-0.2929404377937317,-0.00038203783333301544,0.1571020632982254,-0.4373728036880493,0.2808223366737366,0.1382528841495514,-0.5419778227806091,0.589505672454834,0.47578442096710205,0.07396862655878067,-0.031030721962451935,0.40807148814201355,-0.2901976704597473,0.06700345873832703,0.3893517255783081,-0.39837124943733215,0.2765747010707855,0.35069531202316284,-0.43896377086639404,0.4557085931301117
93,0.16585975885391235,0.6838277578353882,0.38304388523101807,-0.006483498960733414,0.45634424686431885,0.4106076955795288,-0.38733214139938354,0.23493707180023193,0.2536264955997467,-0.6564736366271973,0.11861094832420349,0.11522842943668365,-0.32588624954223633,0.3110848367214203,-0.1890811324119568,-0.29691052436828613,0.029448438435792923,0.10054077208042145,-0.4328717589378357,-0.19211599230766296,0.004221759736537933,-0.3469228148460388,-0.3884011209011078,0.31715625524520874,-0.3854745030403137,-0.5493695139884949,0.49924972653388977,-0.011641430668532848,0.004231412895023823,0.0031635439954698086,-0.09378693252801895,-0.3349217176437378,0.04681459069252014,-0.1532677561044693,-0.48356789350509644,0.252407431602478,-0.18752792477607727,-0.5834754109382629,0.6897859573364258,0.20897309482097626,-0.0075705815106630325,-0.019498147070407867,0.1905003786087036,-0.2807613015174866,0.019780078902840614,0.13381369411945343,-0.42925766110420227,0.3093331456184387,0.1276227831840515,-0.5274274349212646,0.5986716747283936,0.46628016233444214,0.033008068799972534,-0.02605212852358818,0.4091874659061432,-0.3269898295402527,0.11889991909265518,0.3644060492515564,-0.4249003827571869,0.29559195041656494,0.35340216755867004,-0.4192047715187073,0.5002775192260742
94,0.2669109106063843,0.7392809987068176,0.3140709400177002,0.018210280686616898,0.43653684854507446,0.38226786255836487,-0.39705026149749756,0.3255186378955841,0.23111043870449066,-0.7350438237190247,0.2013588398694992,0.044257648289203644,-0.2865034341812134,0.2814443111419678,-0.2406022548675537,-0.3022502064704895,0.028109628707170486,0.09984952956438065,-0.4165711998939514,-0.20575356483459473,0.0802917554974556,-0.43821805715560913,-0.4216275215148926,0.22126638889312744,-0.4017103910446167,-0.5981345772743225,0.4639833867549896,-0.008441836573183537,0.007321455981582403,0.004439546726644039,-0.10077907890081406,-0.32556548714637756,0.075907863676548,-0.12645196914672852,-0.4891686737537384,0.29180628061294556,-0.1329156756401062,-0.6132389903068542,0.6462746858596802,0.207528218626976,-0.0011098552495241165,-0.018100053071975708,0.2055961787700653,-0.2874346673488617,0.027285581454634666,0.16369421780109406,-0.43910151720046997,0.31453636288642883,0.1853923499584198,-0.5357246994972229,0.5996916890144348,0.47984498739242554,0.06570224463939667,-0.02780202031135559,0.4244605600833893,-0.3341045081615448,0.12031837552785873,0.411446213722229,-0.4087241590023041,0.3046584129333496,0.3948235809803009,-0.4180566072463989,0.5130992531776428
95,0.3026469647884369,0.760100245475769,0.2916445732116699,-0.0238061361014843,0.4377109408378601,0.36032649874687195,-0.31989771127700806,0.25227779150009155,0.3235689699649811,-0.6785348653793335,0.2789990305900574,0.19461044669151306,-0.5431000590324402,0.04402853548526764,-0.0338960662484169,-0.29107141494750977,0.036289606243371964,0.0849403589963913,-0.44242286682128906,-0.27253013849258423,0.06766711920499802,-0.4455082416534424,-0.44794532656669617,0.2530536949634552,-0.4632299542427063,-0.5946563482284546,0.5559502840042114,-0.009837216697633266,0.005414086394011974,0.0024015901144593954,-0.086880162358284,-0.35645592212677,-0.012675061821937561,-0.14873053133487701,-0.5568492412567139,0.2365594357252121,-0.2539726793766022,-0.7037079930305481,0.7057396769523621,0.21436238288879395,0.0032075494527816772,-0.0080108018592,0.18114593625068665,-0.29293566942214966,0.009459590539336205,0.1409521847963333,-0.49472129344940186,0.29571419954299927,0.14535582065582275,-0.6786625981330872,0.5725224018096924,0.47495919466018677,0.06563755869865417,-0.031646788120269775,0.432474821805954,-0.29534560441970825,0.07098998874425888,0.42589816451072693,-0.42176079750061035,0.2704356610774994,0.39323151111602783,-0.5062994360923767,0.488913357257843
96,0.3091769516468048,0.7557545304298401,0.2192293405532837,-0.042290788143873215,0.5244750380516052,0.3232034146785736,-0.463623583316803,0.43844807147979736,0.24290642142295837,-0.7248691320419312,0.4227414131164551,0.32242250442504883,-0.7314043045043945,0.2508147358894348,0.16093870997428894,-0.2564713954925537,0.046517547219991684,0.08477193117141724,-0.4255828559398651,-0.26929473876953125,0.08290136605501175,-0.5076305270195007,-0.43746834993362427,0.30500057339668274,-0.49771183729171753,-0.6152758002281189,0.5567498207092285,-0.004757191054522991,0.009504723362624645,0.0016709330957382917,-0.07388228178024292,-0.35850760340690613,0.006798900663852692,-0.09281033277511597,-0.5745673775672913,0.24439330399036407,-0.18920102715492249,-0.8016453981399536,0.5908653140068054,0.21079984307289124,-0.0012493617832660675,-0.0042584603652358055,0.22515568137168884,-0.2829185128211975,0.03702608495950699,0.14293049275875092,-0.50881028175354,0.26514291763305664,0.13433584570884705,-0.7366991639137268,0.5270941257476807,0.4824149012565613,0.09170244634151459,-0.010062366724014282,0.4393901824951172,-0.2869243323802948,0.09529601782560349,0.44376233220100403,-0.39933860301971436,0.27064013481140137,0.40208157896995544,-0.4633539915084839,0.5200838446617126
97,0.3322559595108032,0.8055582046508789,0.18921583890914917,-0.04531120881438255,0.5184071660041809,0.30306562781333923,-0.4911075234413147,0.40902289748191833,0.25705939531326294,-0.7098702788352966,0.45507967472076416,0.3190173804759979,-0.6118180751800537,0.27479663491249084,0.07687997817993164,-0.2490474134683609,0.06145189329981804,0.09873034060001373,-0.4045572578907013,-0.25343313813209534,0.09646483510732651,-0.5059035420417786,-0.43159958720207214,0.3173171579837799,-0.4746135473251343,-0.647541344165802,0.5011682510375977,-0.006153113208711147,0.009914614260196686,0.0034118343610316515,-0.06502360105514526,-0.36735010147094727,0.005886852741241455,-0.07518698275089264,-0.5729376673698425,0.22044752538204193,0.028106380254030228,-0.8591244220733643,0.5515735745429993,0.2098311483860016,-0.0014291051775217056,-0.01002728845924139,0.22302010655403137,-0.2911880314350128,0.026232397183775902,0.215047225356102,-0.457796186208725,0.31202074885368347,0.14555701613426208,-0.7169631719589233,0.5362569093704224,0.46440190076828003,0.04369517043232918,-0.005933437496423721,0.4470975399017334,-0.28692811727523804,0.06787686794996262,0.44310709834098816,-0.39477208256721497,0.2533847391605377,0.43222856521606445,-0.4490024447441101,0.49696865677833557
98,0.3211333453655243,0.7876720428466797,0.1456645429134369,-0.025316793471574783,0.6069924235343933,0.2536066770553589,-0.49587029218673706,0.4133715331554413,0.20905567705631256,-0.7113217115402222,0.4130781888961792,0.22444196045398712,-0.6186010241508484,0.22218139469623566,0.10780348628759384,-0.2511369585990906,0.04451310262084007,0.06881001591682434,-0.4023376405239105,-0.2383417934179306,0.09526222199201584,-0.5045644044876099,-0.40323618054389954,0.357919842004776,-0.47396713495254517,-0.623386025428772,0.5390143394470215,-0.00908396765589714,0.006176851689815521,0.0005775054451078176,-0.0810074731707573,-0.34806376695632935,0.04827134311199188,-0.092130646109581,-0.5605398416519165,0.2435869723558426,-0.07315545529127121,-0.666064441204071,0.5703234076499939,0.21106690168380737,-0.0025072749704122543,-0.005088195204734802,0.18527507781982422,-0.2776423990726471,0.04931243509054184,0.151766836643219,-0.5052334666252136,0.27766552567481995,0.15906977653503418,-0.7385413646697998,0.5281111001968384,0.46299058198928833,0.05926179140806198,0.01912654936313629,0.4352341592311859,-0.2875053882598877,0.10194661468267441,0.42128798365592957,-0.40775859355926514,0.3402392566204071,0.4053865373134613,-0.41783952713012695,0.5451380610466003
99,0.32728612422943115,0.8314917683601379,0.07805445790290833,-0.07192204892635345,0.5594590306282043,0.24333004653453827,-0.5124813318252563,0.48497992753982544,0.21789266169071198,-0.6927392482757568,0.4999385476112366,0.2705734968185425,-0.6005871295928955,0.20307810604572296,0.35925909876823425,-0.2516065835952759,0.06057148799300194,0.07485099136829376,-0.44154202938079834,-0.25124356150627136,0.10116500407457352,-0.5094828605651855,-0.3971666991710663,0.32611435651779175,-0.41427260637283325,-0.6366550922393799,0.5615687370300293,-0.007425080519169569,0.009459035471081734,0.0011537824757397175,-0.09146774560213089,-0.3467334806919098,0.05476130545139313,-0.12279525399208069,-0.5494349598884583,0.2543290853500366,-0.10091026872396469,-0.677821695804596,0.5767372846603394,0.20984748005867004,0.004172841086983681,-0.010818391107022762,0.1917765736579895,-0.2801617681980133,0.059854477643966675,0.1373291015625,-0.5119953751564026,0.27447593212127686,0.14318764209747314,-0.7038438320159912,0.5447096228599548,0.47236549854278564,0.05976364016532898,0.00503220409154892,0.42154693603515625,-0.3067598044872284,0.07618431001901627,0.41746190190315247,-0.3966253995895386,0.3260189890861511,0.3814934194087982,-0.3742886185646057,0.5332494378089905
100,0.32728612422943115,0.8314917683601379,0.07805445790290833,-0.07192204892635345,0.5594590306282043,0.24333004653453827,-0.5124813318252563,0.48497992753982544,0.21789266169071198,-0.6927392482757568,0.4999385476112366,0.2705734968185425,-0.6005871295928955,0.20307810604572296,0.35925909876823425,-0.2516065835952759,0.06057148799300194,0.07485099136829376,-0.44154202938079834,-0.25124356150627136,0.10116500407457352,-0.5094828605651855,-0.3971666991710663,0.32611435651779175,-0.41427260637283325,-0.6366550922393799,0.5615687370300293,-0.007425080519169569,0.009459035471081734,0.0011537824757397175,-0.09146774560213089,-0.3467334806919098,0.05476130545139313,-0.12279525399208069,-0.5494349598884583,0.2543290853500366,-0.10091026872396469,-0.677821695804596,0.5767372846603394,0.20984748005867004,0.004172841086983681,-0.010818391107022762,0.1917765736579895,-0.2801617681980133,0.059854477643966675,0.1373291015625,-0.5119953751564026,0.27447593212127686,0.14318764209747314,-0.7038438320159912,0.5447096228599548,0.47236549854278564,0.05976364016532898,0.00503220409154892,0.42154693603515625,-0.3067598044872284,0.07618431001901627,0.41746190190315247,-0.3966253995895386,0.3260189890861511,0.3814934194087982,-0.3742886185646057,0.5332494378089905
101,0.36536872386932373,0.8223159313201904,0.08234533667564392,-0.07289355993270874,0.5340834259986877,0.26706093549728394,-0.5115392208099365,0.4942053556442261,0.19307459890842438,-0.6665961742401123,0.490630567073822,0.2666758596897125,-0.5914469957351685,0.20353920757770538,0.30687639117240906,-0.2534850239753723,0.0631328672170639,0.0679740160703659,-0.43088507652282715,-0.25240451097488403,0.09291518479585648,-0.49421262741088867,-0.39898258447647095,0.32935699820518494,-0.46957576274871826,-0.6020315885543823,0.5907219648361206,-0.007233035750687122,0.009244607761502266,-0.00019913516007363796,-0.08503157645463943,-0.34089890122413635,0.08249782770872116,-0.11585263907909393,-0.5309690833091736,0.290705144405365,-0.18726655840873718,-0.7041699290275574,0.637394368648529,0.20763510465621948,0.012871287763118744,-0.004747731611132622,0.17325466871261597,-0.28784024715423584,0.06162579357624054,0.1317981630563736,-0.5006585717201233,0.30124974250793457,0.15051057934761047,-0.6210721135139465,0.6044062972068787,0.4735984206199646,0.05830854922533035,0.014644533395767212,0.4219008684158325,-0.302104651927948,0.09268508851528168,0.40519627928733826,-0.3904056251049042,0.346708208322525,0.3773667812347412,-0.36879315972328186,0.5435525178909302
102,0.3662515878677368,0.8280342221260071,0.09203764796257019,-0.07329240441322327,0.5453961491584778,0.2834271192550659,-0.5271165370941162,0.47244077920913696,0.21240563690662384,-0.6854196190834045,0.499822199344635,0.25129902362823486,-0.6466817855834961,0.21160362660884857,0.3055760860443115,-0.2564764618873596,0.0548410601913929,0.061005186289548874,-0.4337010383605957,-0.2570941746234894,0.09456127136945724,-0.5023679137229919,-0.40044865012168884,0.3367724120616913,-0.4750629663467407,-0.6009747385978699,0.5732014179229736,-0.007342521101236343,0.00943002849817276,4.381174221634865e-05,-0.08313167840242386,-0.34700384736061096,0.06845567375421524,-0.10231643915176392,-0.5384594798088074,0.2946438789367676,-0.07428929954767227,-0.6166678667068481,0.6545481085777283,0.21376249194145203,-0.0009833723306655884,-0.003045104444026947,0.20942386984825134,-0.2886900305747986,0.06101898103952408,0.15355150401592255,-0.49041199684143066,0.29669055342674255,0.15999296307563782,-0.6488252282142639,0.5904488563537598,0.4750213623046875,0.06269944459199905,0.025711659342050552,0.44728076457977295,-0.3000527024269104,0.1085294708609581,0.44192788004875183,-0.3825954496860504,0.33648481965065,0.40521860122680664,-0.383594810962677,0.5620614290237427
103,0.36364367604255676,0.8242692351341248,0.12192505598068237,-0.0695284754037857,0.543118417263031,0.2809702157974243,-0.5183210372924805,0.472798228263855,0.19424785673618317,-0.680554211139679,0.5113069415092468,0.24977464973926544,-0.625609815120697,0.20935364067554474,0.3008703589439392,-0.25844573974609375,0.053251173347234726,0.06142639368772507,-0.40830081701278687,-0.21846000850200653,0.08601251989603043,-0.5018858313560486,-0.4035336375236511,0.3034387230873108,-0.4767695665359497,-0.597208559513092,0.5454856157302856,-0.008781851269304752,0.009438819251954556,-0.0007631524931639433,-0.08299034088850021,-0.3433132767677307,0.057772375643253326,-0.10864944756031036,-0.5395960807800293,0.27148503065109253,-0.07138267904520035,-0.616365909576416,0.6194208860397339,0.21370533108711243,0.0024437177926301956,-0.001234026625752449,0.2068592607975006,-0.28504401445388794,0.05666137486696243,0.14621423184871674,-0.49756544828414917,0.28355908393859863,0.1512954831123352,-0.6613050699234009,0.5744292736053467,0.476060152053833,0.06414873898029327,0.030881108716130257,0.4417722225189209,-0.2933378219604492,0.10078062862157822,0.430654913187027,-0.3969730734825134,0.3315388560295105,0.3972855508327484,-0.38968753814697266,0.5408837795257568
104,0.38493314385414124,0.8030788898468018,0.13439038395881653,0.019994251430034637,0.5919768214225769,0.25727295875549316,-0.5392487645149231,0.4985160827636719,0.18401166796684265,-0.6776958107948303,0.5168622136116028,0.27469202876091003,-0.6098591089248657,0.21317517757415771,0.28301477432250977,-0.2641972303390503,0.05909964069724083,0.060985639691352844,-0.3994765281677246,-0.21084681153297424,0.1108800396323204,-0.4841976761817932,-0.4095771908760071,0.3248942792415619,-0.3280180096626282,-0.6348593831062317,0.5402846336364746,-0.008393272757530212,0.009879030287265778,-0.0005011551547795534,-0.0809812992811203,-0.3371924161911011,0.08119098097085953,-0.10180169343948364,-0.5296657085418701,0.29538655281066895,-0.1015191599726677,-0.6934911608695984,0.6416791677474976,0.21495530009269714,-0.009635936468839645,0.002505871467292309,0.1867399513721466,-0.28857937455177307,0.05105258524417877,0.1299470067024231,-0.5068609118461609,0.28300827741622925,0.14283768832683563,-0.6406669020652771,0.5878048539161682,0.48009103536605835,0.04119659960269928,0.03605126962065697,0.4251534044742584,-0.3105972409248352,0.09554222971200943,0.4104486107826233,-0.40802833437919617,0.33569326996803284,0.40076303482055664,-0.39494264125823975,0.5389119386672974
105,0.3678625822067261,0.7437843680381775,0.125742107629776,0.051715150475502014,0.5955259203910828,0.23739318549633026,-0.4324154257774353,0.37666869163513184,0.28999632596969604,-0.6821101903915405,0.5106804966926575,0.329185426235199,-0.6060260534286499,0.20324799418449402,0.31605613231658936,-0.26108014583587646,0.06098597124218941,0.07087630033493042,-0.38836669921875,-0.20658153295516968,0.1354811191558838,-0.4692191481590271,-0.4061166048049927,0.35451066493988037,-0.3187296986579895,-0.6210798621177673,0.5599333047866821,-0.007816900499165058,0.009158286266028881,0.0005344834644347429,-0.07822106033563614,-0.360000342130661,0.08042075484991074,-0.08292677998542786,-0.47363051772117615,0.3446487784385681,-0.08697495609521866,-0.66847163438797,0.7004539966583252,0.21662956476211548,-0.014900973066687584,-0.012425913475453854,0.19219043850898743,-0.2906096577644348,0.06382786482572556,0.13478176295757294,-0.4761062562465668,0.31998541951179504,0.17248305678367615,-0.5925717949867249,0.6291107535362244,0.48116904497146606,0.04474639892578125,0.005736114457249641,0.438519686460495,-0.3178552985191345,0.08169742673635483,0.43621769547462463,-0.4015941321849823,0.3461621403694153,0.4378551244735718,-0.39676469564437866,0.5521777272224426
106,0.32149460911750793,0.7137779593467712,0.19778701663017273,0.04212775453925133,0.5753418803215027,0.22568513453006744,-0.429964542388916,0.3644603192806244,0.24685488641262054,-0.6762568950653076,0.48689544200897217,0.3047958016395569,-0.6036903858184814,0.20223496854305267,0.3074752986431122,-0.26510798931121826,0.05904127284884453,0.06923741102218628,-0.39116212725639343,-0.19846267998218536,0.12748658657073975,-0.40133702754974365,-0.38459813594818115,0.2886922359466553,-0.2964175343513489,-0.6215286254882812,0.5414220094680786,-0.007634978741407394,0.009502780623733997,0.0007884689839556813,-0.08203735202550888,-0.3585992455482483,0.07260122150182724,-0.08320294320583344,-0.46942275762557983,0.3440527319908142,-0.09486321359872818,-0.661401629447937,0.7033203840255737,0.2175983190536499,-0.017124025151133537,-0.015740197151899338,0.18334943056106567,-0.2833109200000763,0.06390082836151123,0.16509388387203217,-0.4343797266483307,0.3662410378456116,0.168010413646698,-0.5654335618019104,0.6343616247177124,0.49176478385925293,0.04025963693857193,0.002774439752101898,0.4387281537055969,-0.3240918815135956,0.06741071492433548,0.4273817241191864,-0.4027026891708374,0.35454535484313965,0.43186432123184204,-0.3912839889526367,0.5671467781066895
107,0.3239744305610657,0.7176045179367065,0.2194390594959259,0.05484224110841751,0.570715069770813,0.23749861121177673,-0.40460216999053955,0.31602275371551514,0.2739814817905426,-0.6743525862693787,0.47260910272598267,0.3298383355140686,-0.5687071084976196,0.17212359607219696,0.32620787620544434,-0.265569806098938,0.051274050027132034,0.07195824384689331,-0.3887914717197418,-0.19824904203414917,0.12723788619041443,-0.39523813128471375,-0.38430890440940857,0.27020901441574097,-0.43199145793914795,-0.5673488974571228,0.5854398012161255,-0.0006148067186586559,0.013636584393680096,0.004216705448925495,-0.08575830608606339,-0.354824423789978,0.07139014452695847,-0.08679734170436859,-0.4702131152153015,0.3476068377494812,-0.09430869668722153,-0.6474481821060181,0.7054803967475891,0.21779301762580872,-0.005108298733830452,-0.01667175441980362,0.17994624376296997,-0.27895161509513855,0.05933896452188492,0.16541732847690582,-0.4304051101207733,0.3648221492767334,0.16832005977630615,-0.5621903538703918,0.640337347984314,0.4852514863014221,0.051017001271247864,0.0004593580961227417,0.44411295652389526,-0.3158571422100067,0.049025919288396835,0.4279923439025879,-0.40311169624328613,0.3481494188308716,0.43163907527923584,-0.3974103331565857,0.5571131706237793
108,0.3592664301395416,0.7237526774406433,0.17479515075683594,0.028444599360227585,0.5682100057601929,0.25999265909194946,-0.4134061932563782,0.35175618529319763,0.2718220353126526,-0.6951755881309509,0.4838998317718506,0.2624655067920685,-0.6165440082550049,0.1820639669895172,0.28531068563461304,-0.2643226385116577,0.05200720950961113,0.06269951164722443,-0.3847237527370453,-0.21419242024421692,0.12279527634382248,-0.4663715362548828,-0.40741193294525146,0.3520648777484894,-0.3141319155693054,-0.6168366074562073,0.539199948310852,-0.0012507688952609897,0.0129476273432374,0.002778378315269947,-0.0806201621890068,-0.35384657979011536,0.07775319367647171,-0.09456515312194824,-0.4712916910648346,0.3486901521682739,-0.10095041245222092,-0.647682249546051,0.7149068713188171,0.21307337284088135,-0.004511414095759392,-0.005448286421597004,0.18258392810821533,-0.2844139337539673,0.06389603763818741,0.1501685231924057,-0.43329665064811707,0.3645389974117279,0.16399860382080078,-0.5629130601882935,0.6473421454429626,0.4722254276275635,0.043749090284109116,0.025040896609425545,0.43051478266716003,-0.3116764426231384,0.07828927785158157,0.4153045415878296,-0.39865589141845703,0.3521469831466675,0.4092794358730316,-0.40215927362442017,0.5592853426933289
109,0.40338194370269775,0.7801187634468079,0.11619541049003601,-0.053962577134370804,0.5016993284225464,0.3203081786632538,-0.5327627658843994,0.4543269872665405,0.21532393991947174,-0.7009602785110474,0.5020977258682251,0.26819908618927,-0.6296839714050293,0.18819360435009003,0.27780234813690186,-0.26225966215133667,0.05342329666018486,0.06209950149059296,-0.38639694452285767,-0.21893654763698578,0.12232568114995956,-0.4678574800491333,-0.40993183851242065,0.3668101131916046,-0.31600987911224365,-0.625877857208252,0.5616737604141235,-0.0008127530454657972,0.012632752768695354,0.0024636106099933386,-0.07740283757448196,-0.35480278730392456,0.08613283187150955,-0.0951736718416214,-0.4754031300544739,0.34914273023605347,-0.10089791566133499,-0.6560700535774231,0.7158944010734558,0.21374616026878357,-0.010012399405241013,-0.006310460157692432,0.18457147479057312,-0.2907175123691559,0.0649232566356659,0.14886464178562164,-0.442780464887619,0.3622482717037201,0.16704681515693665,-0.5747593641281128,0.6445938348770142,0.4768659472465515,0.03655174374580383,0.01830333098769188,0.426257461309433,-0.3202212154865265,0.08508692681789398,0.4175190031528473,-0.40777838230133057,0.3508763909339905,0.41250982880592346,-0.4088795781135559,0.5562554001808167
110,0.3859998881816864,0.775532603263855,0.16217759251594543,-0.05825142189860344,0.49641144275665283,0.32300660014152527,-0.5390633940696716,0.4491230249404907,0.20147626101970673,-0.7167726159095764,0.4848436713218689,0.26110464334487915,-0.6702448129653931,0.20314766466617584,0.2659338116645813,-0.2679278254508972,0.048411037772893906,0.05846243351697922,-0.3890724778175354,-0.22410428524017334,0.10556196421384811,-0.4671551585197449,-0.4222251772880554,0.33120599389076233,-0.3169252276420593,-0.6358489394187927,0.5468990802764893,-0.002432042034342885,0.012040341272950172,0.0018047981429845095,-0.07154117524623871,-0.3524281084537506,0.07102327793836594,-0.09841358661651611,-0.48556700348854065,0.3256937265396118,-0.11083240061998367,-0.665709912776947,0.6833210587501526,0.21517163515090942,-0.0029143597930669785,0.0062596602365374565,0.18584227561950684,-0.2852105498313904,0.060424454510211945,0.13871988654136658,-0.4479387402534485,0.34787049889564514,0.14987769722938538,-0.590313732624054,0.6242002844810486,0.4756441116333008,0.04030456393957138,0.04414670169353485,0.42478400468826294,-0.31544288992881775,0.09002994000911713,0.41469335556030273,-0.4152202010154724,0.3421172797679901,0.3986610770225525,-0.41320687532424927,0.5477421879768372
111,0.39174264669418335,0.7833786010742188,0.1599651277065277,-0.04370858147740364,0.533694326877594,0.27221694588661194,-0.5237986445426941,0.4522358179092407,0.22674326598644257,-0.6821658611297607,0.38482069969177246,0.2735203206539154,-0.6831029057502747,0.2172800898551941,0.3659013509750366,-0.2556813359260559,0.056851062923669815,0.06030409038066864,-0.41575443744659424,-0.22711777687072754,0.08770976215600967,-0.4895743131637573,-0.4314509928226471,0.3204716444015503,-0.3336528539657593,-0.6352681517601013,0.5587581396102905,0.0001423920621164143,0.011544483713805676,0.002688597422093153,-0.07346002757549286,-0.3565565347671509,0.0625346451997757,-0.07255800068378448,-0.532603919506073,0.32136374711990356,-0.19054242968559265,-0.7209993004798889,0.6569763422012329,0.21642503142356873,-0.002911671996116638,0.002404684666544199,0.20618268847465515,-0.29377803206443787,0.06576987355947495,0.1558072715997696,-0.4618140161037445,0.3174070417881012,0.16306966543197632,-0.5863398313522339,0.605100154876709,0.4802696108818054,0.04324203357100487,0.03672127053141594,0.43323802947998047,-0.31970569491386414,0.13487960398197174,0.41363438963890076,-0.41998276114463806,0.3441341519355774,0.40420758724212646,-0.4136503338813782,0.5590771436691284
112,0.39174264669418335,0.7833786010742188,0.1599651277065277,-0.04370858147740364,0.533694326877594,0.27221694588661194,-0.5237986445426941,0.4522358179092407,0.22674326598644257,-0.6821658611297607,0.38482069969177246,0.2735203206539154,-0.6831029057502747,0.2172800898551941,0.3659013509750366,-0.2556813359260559,0.056851062923669815,0.06030409038066864,-0.41575443744659424,-0.22711777687072754,0.08770976215600967,-0.4895743131637573,-0.4314509928226471,0.3204716444015503,-0.3336528539657593,-0.6352681517601013,0.5587581396102905,0.0001423920621164143,0.011544483713805676,0.002688597422093153,-0.07346002757549286,-0.3565565347671509,0.0625346451997757,-0.07255800068378448,-0.532603919506073,0.32136374711990356,-0.19054242968559265,-0.7209993004798889,0.6569763422012329,0.21642503142356873,-0.002911671996116638,0.002404684666544199,0.20618268847465515,-0.29377803206443787,0.06576987355947495,0.1558072715997696,-0.4618140161037445,0.3174070417881012,0.16306966543197632,-0.5863398313522339,0.605100154876709,0.4802696108818054,0.04324203357100487,0.03672127053141594,0.43323802947998047,-0.31970569491386414,0.13487960398197174,0.41363438963890076,-0.41998276114463806,0.3441341519355774,0.40420758724212646,-0.4136503338813782,0.5590771436691284
113,0.3434635102748871,0.8253234624862671,0.14015993475914001,-0.02838743105530739,0.585001528263092,0.26174506545066833,-0.5239402651786804,0.4421856999397278,0.2876061499118805,-0.6448293924331665,0.30553770065307617,0.29187554121017456,-0.7719846367835999,0.28309381008148193,0.3243221044540405,-0.2576938271522522,0.04590204730629921,0.08256617188453674,-0.4413750171661377,-0.27011269330978394,0.09234505146741867,-0.4873378276824951,-0.4344974458217621,0.3390524387359619,-0.4583238363265991,-0.6387804746627808,0.53514564037323,-0.007121051196008921,0.008008209057152271,0.003086436539888382,-0.07029992341995239,-0.35023990273475647,0.06352526694536209,-0.05839110538363457,-0.5480130910873413,0.26214438676834106,-0.05635414272546768,-0.6322529911994934,0.613750696182251,0.2027604728937149,-0.0025174878537654877,-0.005638963542878628,0.19665676355361938,-0.2842075228691101,0.05082614719867706,0.17604844272136688,-0.4804075062274933,0.29542118310928345,0.18748289346694946,-0.7027198076248169,0.5537640452384949,0.4970476031303406,0.037665195763111115,-0.0015185624361038208,0.45019015669822693,-0.31976521015167236,0.12268192321062088,0.45408910512924194,-0.39278414845466614,0.33267995715141296,0.45292794704437256,-0.4023061990737915,0.5447458624839783
114,0.2710055708885193,0.7407149076461792,0.2269202470779419,-0.06967481970787048,0.5433725714683533,0.3652060627937317,-0.4805523157119751,0.4262163043022156,0.2949926257133484,-0.7242558598518372,0.217071995139122,0.2947700023651123,-0.6221044659614563,0.16741247475147247,0.2731984853744507,-0.286893367767334,0.03707053139805794,0.08343090116977692,-0.41952046751976013,-0.30059537291526794,0.03688246011734009,-0.4576183557510376,-0.5037827491760254,0.24770382046699524,-0.4199647307395935,-0.7126548290252686,0.44850823283195496,-0.00729420455172658,0.007823548279702663,0.0015807608142495155,-0.06024099886417389,-0.35967299342155457,0.0004948601126670837,-0.09764939546585083,-0.5991668105125427,0.18730086088180542,-0.20424771308898926,-0.8123201131820679,0.555832028388977,0.20588214695453644,0.014453889802098274,-0.004312502220273018,0.19561314582824707,-0.2894378900527954,0.019572732970118523,0.1788053661584854,-0.4774050712585449,0.27628093957901,0.12506717443466187,-0.7882314920425415,0.5176559090614319,0.48865896463394165,0.05579676479101181,-0.0008251816034317017,0.4568816125392914,-0.28428807854652405,0.11076005548238754,0.45265358686447144,-0.41873565316200256,0.2773490846157074,0.46537452936172485,-0.49488091468811035,0.48301514983177185
115,0.2495841085910797,0.750670313835144,0.22552719712257385,-0.07084985077381134,0.5698690414428711,0.3590363562107086,-0.49303513765335083,0.3896550238132477,0.2686828672885895,-0.6946315169334412,0.24990956485271454,0.26515039801597595,-0.4694438874721527,-0.016692591831088066,0.047544606029987335,-0.28380221128463745,0.028714817017316818,0.08248545229434967,-0.39135679602622986,-0.2790403664112091,0.004931584000587463,-0.4738050699234009,-0.5059943795204163,0.1804637908935547,-0.4424399733543396,-0.7172587513923645,0.397372841835022,-0.004676270764321089,0.009242934174835682,0.005189504474401474,-0.06867089122533798,-0.3728516697883606,-0.03530754894018173,-0.11064809560775757,-0.6193955540657043,0.14362335205078125,-0.20621192455291748,-0.8406190276145935,0.49181437492370605,0.20957109332084656,0.012166375294327736,-0.007546200416982174,0.19204026460647583,-0.2855378985404968,0.008824853226542473,0.1801564246416092,-0.48079851269721985,0.250460684299469,0.126902773976326,-0.7890170812606812,0.4952167868614197,0.49445247650146484,0.06332692503929138,-0.002374935895204544,0.4486159682273865,-0.28294485807418823,0.10093385726213455,0.45082220435142517,-0.42966988682746887,0.24927470088005066,0.46574392914772034,-0.5082313418388367,0.47890719771385193
116,0.2822442650794983,0.7866512537002563,0.23537519574165344,-0.06728866696357727,0.43316057324409485,0.42974036931991577,-0.4096304178237915,0.2029544711112976,0.37447118759155273,-0.6128861308097839,0.2520773410797119,0.35826021432876587,-0.20252937078475952,0.03920764848589897,-0.040580086410045624,-0.29122424125671387,0.03838333114981651,0.10840332508087158,-0.4535444378852844,-0.2501775622367859,-0.013365477323532104,-0.4956550598144531,-0.49805447459220886,0.11985155194997787,-0.49733471870422363,-0.7530701756477356,0.3243074417114258,-0.006800272036343813,0.007577836513519287,0.004691463895142078,-0.09038080275058746,-0.39018872380256653,-0.08323851972818375,-0.15736261010169983,-0.6379124522209167,0.09306392073631287,-0.21819111704826355,-0.8945944309234619,0.3651059865951538,0.20511174201965332,0.013062156736850739,-0.004566204734146595,0.20740506052970886,-0.29824507236480713,-0.018032807856798172,0.17647695541381836,-0.509843111038208,0.1870846152305603,0.08053907752037048,-0.8522068858146667,0.4208073914051056,0.48009997606277466,0.06951650977134705,0.04988278076052666,0.4574600160121918,-0.29253971576690674,0.047952182590961456,0.44767120480537415,-0.4724181890487671,0.23822955787181854,0.4548059403896332,-0.5518684387207031,0.4742603898048401
117,0.25672265887260437,0.7862429618835449,0.23847755789756775,-0.06816570460796356,0.4747815728187561,0.3924682140350342,-0.4473922848701477,0.27463042736053467,0.3136340081691742,-0.712749183177948,0.18036146461963654,0.2814849615097046,-0.4036838114261627,-0.06220360845327377,-0.0379934199154377,-0.28939658403396606,0.03629707917571068,0.10193388909101486,-0.4509381055831909,-0.25437185168266296,-0.00960717722773552,-0.4977688193321228,-0.47510942816734314,0.09582120925188065,-0.5219610333442688,-0.7545688152313232,0.35564184188842773,-0.008907323703169823,0.006086474750190973,0.004100230988115072,-0.0654352530837059,-0.3771488070487976,-0.039916716516017914,-0.1544250100851059,-0.6702631711959839,0.09670758247375488,-0.23628392815589905,-0.9184979200363159,0.3759309947490692,0.21912148594856262,0.0008718650788068771,-0.0005130022764205933,0.20847564935684204,-0.30196183919906616,-0.0271067526191473,0.19054505228996277,-0.5371045470237732,0.16236726939678192,0.16994428634643555,-0.8531262278556824,0.41406917572021484,0.4702795147895813,0.08687274158000946,0.006640508770942688,0.47371774911880493,-0.2784654200077057,0.07122571021318436,0.4710243046283722,-0.4668862223625183,0.24228502810001373,0.5351963639259338,-0.5768361687660217,0.45178404450416565
118,0.25054168701171875,0.7913711071014404,0.21922442317008972,-0.06181078776717186,0.4791611433029175,0.3880048394203186,-0.43484699726104736,0.2731095552444458,0.3120444118976593,-0.7009503841400146,0.13396674394607544,0.27289828658103943,-0.4069761335849762,-0.07599503546953201,-0.06242556869983673,-0.2890729308128357,0.03702229633927345,0.10270215570926666,-0.44890671968460083,-0.25397032499313354,-0.00781882181763649,-0.4975852370262146,-0.4763394892215729,0.09693212062120438,-0.5235875844955444,-0.7612208127975464,0.3445972800254822,-0.009015390649437904,0.006460839882493019,0.004185243509709835,-0.06471645087003708,-0.3750889003276825,-0.03689093515276909,-0.15088006854057312,-0.6671410799026489,0.09926456212997437,-0.23884469270706177,-0.9173038601875305,0.3789752721786499,0.21953308582305908,0.0015501603484153748,0.0005735708400607109,0.20951640605926514,-0.30121752619743347,-0.023691343143582344,0.19127552211284637,-0.53765869140625,0.16290147602558136,0.06302288174629211,-0.8968997001647949,0.38696834444999695,0.468758225440979,0.08469687402248383,0.009316185489296913,0.4728465676307678,-0.278546005487442,0.08077383786439896,0.4713871479034424,-0.4710712432861328,0.24972106516361237,0.5329436659812927,-0.5794405341148376,0.4580003321170807
119,0.18159261345863342,0.7475878596305847,0.30035486817359924,-0.06260676681995392,0.44958141446113586,0.44953301548957825,-0.3771304488182068,0.27949225902557373,0.3202964663505554,-0.6166008114814758,-0.09641638398170471,0.25354182720184326,-0.3622170686721802,-0.07140699774026871,0.018474480137228966,-0.28983932733535767,0.027295779436826706,0.09678727388381958,-0.43449920415878296,-0.29264625906944275,-0.034044139087200165,-0.4966951608657837,-0.5192963480949402,0.06775040179491043,-0.49495750665664673,-0.7854962348937988,0.3313634693622589,-0.009280513972043991,0.005004581063985825,0.0026456699706614017,-0.06799314171075821,-0.37653908133506775,-0.08743266761302948,-0.14803308248519897,-0.6592246294021606,0.05919014662504196,-0.23236209154129028,-0.9378811717033386,0.3147414028644562,0.20681054890155792,0.026914509013295174,-0.0012213904410600662,0.2111191749572754,-0.29100632667541504,-0.03493479639291763,0.18342211842536926,-0.5441029071807861,0.1485447734594345,0.07867845892906189,-0.9078348875045776,0.38025304675102234,0.5019585490226746,0.0953400731086731,0.024458931758999825,0.471712589263916,-0.25185346603393555,0.05465833097696304,0.458933562040329,-0.4397251605987549,0.22931261360645294,0.4905746877193451,-0.5895264744758606,0.4493221044540405
120,0.17320355772972107,0.7260366678237915,0.3254578113555908,0.0031026192009449005,0.39654722809791565,0.4300253689289093,-0.34237849712371826,0.25055480003356934,0.35858821868896484,-0.5540198087692261,-0.13437262177467346,0.2715107500553131,-0.3127068281173706,-0.08542875945568085,-0.00177658349275589,-0.28861284255981445,0.026784952729940414,0.10793143510818481,-0.43939054012298584,-0.2978858947753906,-0.02587002143263817,-0.496269166469574,-0.5342071652412415,0.05327824503183365,-0.4933374524116516,-0.7936516404151917,0.3132472038269043,-0.011849654838442802,0.004826739896088839,0.003277840791270137,-0.07002522796392441,-0.3770139217376709,-0.09309983253479004,-0.14385654032230377,-0.6654477119445801,0.04969121515750885,-0.22536581754684448,-0.9445234537124634,0.3093288242816925,0.2121371328830719,0.029896460473537445,-0.009139719419181347,0.2112397849559784,-0.2939921021461487,-0.02976737730205059,0.18768174946308136,-0.5346782803535461,0.16536961495876312,0.09405241161584854,-0.8952352404594421,0.3970487713813782,0.5174263119697571,0.09067745506763458,0.0006516575813293457,0.4707942605018616,-0.28384819626808167,0.050118304789066315,0.4585714638233185,-0.4271136224269867,0.23879645764827728,0.4947493076324463,-0.5431920886039734,0.4831978678703308
121,0.18282507359981537,0.7592121362686157,0.29300639033317566,-0.010607343167066574,0.39982160925865173,0.4465383291244507,-0.34879547357559204,0.23272618651390076,0.3731280565261841,-0.54998779296875,-0.13303929567337036,0.2936258912086487,-0.3504757285118103,-0.07599970698356628,-0.008884748443961143,-0.2888680696487427,0.02709919586777687,0.11011121422052383,-0.4359145164489746,-0.29735273122787476,-0.011294238269329071,-0.49784278869628906,-0.5308162569999695,0.045420676469802856,-0.5107800364494324,-0.8023909330368042,0.2845396101474762,-0.012929626740515232,0.004029297269880772,0.0029436161275953054,-0.07273761928081512,-0.37544184923171997,-0.07435909658670425,-0.14118175208568573,-0.6651301980018616,0.06263573467731476,-0.22283872961997986,-0.9489573240280151,0.303497314453125,0.2118617594242096,0.02564181387424469,-0.014684327878057957,0.21113687753677368,-0.2942507565021515,-0.02785060554742813,0.19022555649280548,-0.5354785323143005,0.16846288740634918,0.09665770828723907,-0.9002441167831421,0.386062890291214,0.4744122624397278,0.10454487800598145,0.002238670364022255,0.4759984612464905,-0.2779562175273895,0.046507492661476135,0.47506168484687805,-0.434784471988678,0.22878780961036682,0.5257342457771301,-0.5605884790420532,0.46294495463371277
122,0.1629045158624649,0.8255262970924377,0.218021959066391,0.023955773562192917,0.5795213580131531,0.37805166840553284,-0.3439795970916748,0.27551376819610596,0.38219696283340454,-0.552962601184845,-0.037015192210674286,0.321527361869812,-0.2954348623752594,-0.050422027707099915,-0.01626008376479149,-0.290591835975647,0.02651939168572426,0.11806435137987137,-0.42724937200546265,-0.3032698929309845,-0.005014605820178986,-0.5121421813964844,-0.5076125264167786,0.08471570163965225,-0.5233753323554993,-0.7661452889442444,0.30699729919433594,-0.013190966099500656,0.004777336958795786,0.004413803108036518,-0.06612285226583481,-0.37417688965797424,-0.06018900126218796,-0.13477608561515808,-0.6691945791244507,0.07160310447216034,-0.21375375986099243,-0.9338492751121521,0.329884797334671,0.2224648892879486,0.000675959512591362,-0.013296320103108883,0.21517887711524963,-0.3038872480392456,-0.03798595070838928,0.1972883939743042,-0.5388500094413757,0.15838013589382172,0.1701330840587616,-0.8492575287818909,0.41627928614616394,0.4804009795188904,0.10099422931671143,-0.027735471725463867,0.4758184850215912,-0.2766903340816498,0.053012557327747345,0.48227810859680176,-0.4632911682128906,0.2201138287782669,0.5143863558769226,-0.565053403377533,0.4257596731185913
123,0.1720212996006012,0.8158116936683655,0.20672908425331116,0.007140759378671646,0.5645950436592102,0.38687193393707275,-0.3609837293624878,0.2507326602935791,0.3671243190765381,-0.5706695318222046,-0.0345076248049736,0.2897358536720276,-0.2992705702781677,-0.055920034646987915,-0.009741215035319328,-0.2902332544326782,0.03129933401942253,0.11272493749856949,-0.4381380081176758,-0.3025270104408264,-0.006717056035995483,-0.5221133232116699,-0.5133519172668457,0.0900849774479866,-0.5283775925636292,-0.7726738452911377,0.32086482644081116,-0.012566011399030685,0.004534877836704254,0.004367169924080372,-0.07022855430841446,-0.37637537717819214,-0.06694406270980835,-0.13688839972019196,-0.6744315028190613,0.0664026215672493,-0.21764934062957764,-0.9342716932296753,0.3438394367694855,0.22404628992080688,0.0015347916632890701,-0.003714757040143013,0.21362453699111938,-0.3018556535243988,-0.034597184509038925,0.19238734245300293,-0.5416946411132812,0.15576055645942688,0.16343721747398376,-0.8525620698928833,0.42910146713256836,0.4833372235298157,0.09423556923866272,-0.01315007358789444,0.46770915389060974,-0.28106188774108887,0.06503768265247345,0.474709153175354,-0.45531684160232544,0.24019388854503632,0.5209781527519226,-0.5651950836181641,0.4281972050666809
124,0.16765594482421875,0.8023467063903809,0.2381572723388672,-0.009308379143476486,0.545643150806427,0.3911658227443695,-0.3805309534072876,0.2629794478416443,0.3405359089374542,-0.5769751071929932,-0.03543972969055176,0.27677369117736816,-0.3114452660083771,-0.05338145047426224,-0.020128052681684494,-0.29012107849121094,0.03304479643702507,0.10756611078977585,-0.43630796670913696,-0.2928207516670227,-0.019278783351182938,-0.5214362740516663,-0.5144509077072144,0.07085701078176498,-0.536527693271637,-0.7796633839607239,0.29094579815864563,-0.011915406212210655,0.004485618323087692,0.004067654721438885,-0.06886234879493713,-0.3726118505001068,-0.08090171217918396,-0.14124217629432678,-0.6781915426254272,0.03667382150888443,-0.2260957956314087,-0.9351810216903687,0.315316766500473,0.2222890853881836,0.0009701289236545563,0.002533795777708292,0.2108813226222992,-0.2959301173686981,-0.035725802183151245,0.1877405047416687,-0.5464742183685303,0.13543246686458588,0.14675381779670715,-0.8626848459243774,0.4087435007095337,0.48196691274642944,0.09676644951105118,0.0039437077939510345,0.4599469304084778,-0.2805170714855194,0.08257684111595154,0.46394771337509155,-0.4515419006347656,0.25293323397636414,0.5204162001609802,-0.5536232590675354,0.4370405972003937
125,0.1715286523103714,0.8247687220573425,0.23575228452682495,-0.0069585032761096954,0.5495138764381409,0.39511987566947937,-0.38021886348724365,0.26550939679145813,0.3584755063056946,-0.569136917591095,-0.04502863809466362,0.2983941435813904,-0.2960704267024994,-0.03684651106595993,-0.035946302115917206,-0.28839075565338135,0.03220777586102486,0.11638155579566956,-0.46313637495040894,-0.25963905453681946,-0.031492508947849274,-0.5204493403434753,-0.5305086970329285,0.08005765825510025,-0.5411330461502075,-0.7954301834106445,0.28023144602775574,-0.01306278258562088,0.0038819957990199327,0.00426577590405941,-0.062175557017326355,-0.372390478849411,-0.05178705230355263,-0.13953226804733276,-0.6844202280044556,0.043509311974048615,-0.22012028098106384,-0.9403947591781616,0.3116679787635803,0.2177671194076538,0.0017169564962387085,-0.004803900606930256,0.2143898606300354,-0.2952069640159607,-0.03631064295768738,0.19665750861167908,-0.5412377715110779,0.1396908015012741,0.15913835167884827,-0.8505903482437134,0.4070773422718048,0.4873126745223999,0.09975873678922653,-0.007882814854383469,0.4592224955558777,-0.2742079496383667,0.06473878771066666,0.4779030382633209,-0.4569229483604431,0.22827093303203583,0.5399562120437622,-0.5682945847511292,0.4200109541416168
126,0.17131777107715607,0.8107038736343384,0.2456863522529602,-0.007043611258268356,0.542016863822937,0.3953319191932678,-0.3771187663078308,0.271340548992157,0.3479543924331665,-0.5764462947845459,-0.03111201710999012,0.3082543611526489,-0.2990787923336029,-0.022113127633929253,-0.03971755504608154,-0.2882833480834961,0.03416890278458595,0.11803805083036423,-0.46384185552597046,-0.25705763697624207,-0.03012647107243538,-0.5234841108322144,-0.5264533162117004,0.07763422280550003,-0.5439586043357849,-0.7980900406837463,0.27705124020576477,-0.012340777553617954,0.0041231694631278515,0.004494775552302599,-0.061806820333004,-0.3728944659233093,-0.05049382895231247,-0.13849730789661407,-0.6845219135284424,0.04709470272064209,-0.2223527729511261,-0.9443104863166809,0.3075427711009979,0.2189621925354004,-0.00021845847368240356,-0.006358831189572811,0.2148875892162323,-0.29706043004989624,-0.03761783242225647,0.2013477385044098,-0.5398951768875122,0.14154088497161865,0.1629985272884369,-0.8440121412277222,0.40783482789993286,0.48925668001174927,0.09534473717212677,-0.008967403322458267,0.4596482217311859,-0.27472472190856934,0.06215441972017288,0.47904789447784424,-0.46256959438323975,0.21791890263557434,0.5398813486099243,-0.5689734220504761,0.41594719886779785
127,0.09426767379045486,0.78675377368927,0.24114775657653809,-0.07729950547218323,0.4247886538505554,0.4643081724643707,-0.3567304015159607,0.2574527859687805,0.3484603762626648,-0.5486024022102356,-0.10262082517147064,0.31566178798675537,-0.2160036861896515,-0.0049989838153123856,-0.002882014960050583,-0.2927018404006958,0.03150613233447075,0.12015547603368759,-0.46526312828063965,-0.26098209619522095,-0.025916337966918945,-0.5315128564834595,-0.540332019329071,0.07689123600721359,-0.5484771728515625,-0.7977619767189026,0.29624658823013306,-0.012991020455956459,0.0039025419391691685,0.004599804989993572,-0.07013889402151108,-0.3950531780719757,-0.07230770587921143,-0.12667572498321533,-0.6658244132995605,0.09255573153495789,-0.21873098611831665,-0.943301260471344,0.35301831364631653,0.22484472393989563,0.00584303867071867,-0.006135034374892712,0.21137499809265137,-0.3032996952533722,-0.03774254396557808,0.18887393176555634,-0.5283907651901245,0.16686506569385529,0.15266850590705872,-0.83936607837677,0.43903905153274536,0.4966714382171631,0.10373823344707489,-0.0029772669076919556,0.45920270681381226,-0.27214494347572327,0.0854724571108818,0.47848814725875854,-0.436798095703125,0.2679102420806885,0.5280625224113464,-0.5004804134368896,0.48837488889694214
128,0.11088603734970093,0.7511419057846069,0.24706169962882996,-0.05497788265347481,0.43095657229423523,0.43377578258514404,-0.3543248176574707,0.25754687190055847,0.33828291296958923,-0.528672993183136,-0.08983376622200012,0.2593042850494385,-0.2058606743812561,-0.049297839403152466,-0.00969770923256874,-0.2845500707626343,0.029511604458093643,0.12034555524587631,-0.42705580592155457,-0.294958233833313,-0.017647795379161835,-0.509470522403717,-0.5117852687835693,0.050914160907268524,-0.5282498598098755,-0.7751680016517639,0.27783265709877014,-0.012527558952569962,0.0045432280749082565,0.004961797036230564,-0.0697571188211441,-0.38013994693756104,-0.07139091938734055,-0.12468582391738892,-0.6228047013282776,0.11009176075458527,-0.20933985710144043,-0.9046201109886169,0.36958906054496765,0.22271612286567688,0.009123987518250942,-0.007132234983146191,0.20718169212341309,-0.2977035343647003,-0.02376960776746273,0.17934991419315338,-0.5104447603225708,0.20248135924339294,0.15092894434928894,-0.7913268208503723,0.46965235471725464,0.5016825795173645,0.06950841844081879,0.025818241760134697,0.45914149284362793,-0.271977961063385,0.07286618649959564,0.45586949586868286,-0.43105462193489075,0.25373661518096924,0.4648192822933197,-0.4856886863708496,0.49542415142059326
129,0.11402016133069992,0.7110002636909485,0.3168705701828003,-0.06210247799754143,0.4273436665534973,0.450980544090271,-0.3617420196533203,0.23551276326179504,0.3422691226005554,-0.5304454565048218,-0.09727999567985535,0.24762341380119324,-0.19677245616912842,-0.04521840065717697,-0.010347837582230568,-0.2879536747932434,0.025348078459501266,0.11981520056724548,-0.432058185338974,-0.29816341400146484,0.0021324828267097473,-0.5029730796813965,-0.5135818123817444,0.07680413872003555,-0.5105807185173035,-0.7717925310134888,0.31396085023880005,-0.014035149477422237,0.005168539006263018,0.004016959574073553,-0.07881499826908112,-0.37639570236206055,-0.07551730424165726,-0.12627048790454865,-0.6078665852546692,0.1340765506029129,-0.19502484798431396,-0.8885179758071899,0.37904176115989685,0.2218656837940216,0.014934318140149117,-0.004981073550879955,0.2050304412841797,-0.29962560534477234,-0.02788737043738365,0.16179727017879486,-0.512913167476654,0.19762656092643738,0.07482797652482986,-0.8012387156486511,0.4453057646751404,0.4745454788208008,0.10967157781124115,0.015241395682096481,0.4575261175632477,-0.259859561920166,0.08132056146860123,0.46016135811805725,-0.41346195340156555,0.2488567978143692,0.46481913328170776,-0.5002227425575256,0.49188554286956787
130,0.09211132675409317,0.7395061254501343,0.31436145305633545,-0.06798626482486725,0.43223729729652405,0.44445326924324036,-0.36741650104522705,0.29786747694015503,0.30355730652809143,-0.5475950837135315,-0.0816517174243927,0.28770145773887634,-0.15019404888153076,-0.014210779219865799,-0.04537985846400261,-0.2891823649406433,0.0228787399828434,0.11223016679286957,-0.41508007049560547,-0.28006359934806824,0.00021456927061080933,-0.49453574419021606,-0.488364577293396,0.09998557716608047,-0.49610137939453125,-0.7434219717979431,0.33197399973869324,-0.013086137361824512,0.006686787586659193,0.004866644274443388,-0.06591131538152695,-0.360946387052536,-0.039002709090709686,-0.1284083127975464,-0.5844821929931641,0.16944520175457,-0.20631611347198486,-0.8420968055725098,0.4474427103996277,0.22112125158309937,0.015864256769418716,-0.006542542017996311,0.18110960721969604,-0.29112496972084045,-0.005011675879359245,0.15757021307945251,-0.496798038482666,0.22018815577030182,0.07009892165660858,-0.7561407685279846,0.48254281282424927,0.4845525622367859,0.09370806813240051,0.028545351698994637,0.4474380314350128,-0.27008965611457825,0.06547143310308456,0.44884762167930603,-0.3884895145893097,0.2682180106639862,0.45609816908836365,-0.4680999517440796,0.5146404504776001
131,0.09211132675409317,0.7395061254501343,0.31436145305633545,-0.06798626482486725,0.43223729729652405,0.44445326924324036,-0.36741650104522705,0.29786747694015503,0.30355730652809143,-0.5475950837135315,-0.0816517174243927,0.28770145773887634,-0.15019404888153076,-0.014210779219865799,-0.04537985846400261,-0.2891823649406433,0.0228787399828434,0.11223016679286957,-0.41508007049560547,-0.28006359934806824,0.00021456927061080933,-0.49453574419021606,-0.488364577293396,0.09998557716608047,-0.49610137939453125,-0.7434219717979431,0.33197399973869324,-0.013086137361824512,0.006686787586659193,0.004866644274443388,-0.06591131538152695,-0.360946387052536,-0.039002709090709686,-0.1284083127975464,-0.5844821929931641,0.16944520175457,-0.20631611347198486,-0.8420968055725098,0.4474427103996277,0.22112125158309937,0.015864256769418716,-0.006542542017996311,0.18110960721969604,-0.29112496972084045,-0.005011675879359245,0.15757021307945251,-0.496798038482666,0.22018815577030182,0.07009892165660858,-0.7561407685279846,0.48254281282424927,0.4845525622367859,0.09370806813240051,0.028545351698994637,0.4474380314350128,-0.27008965611457825,0.06547143310308456,0.44884762167930603,-0.3884895145893097,0.2682180106639862,0.45609816908836365,-0.4680999517440796,0.5146404504776001
132,0.10504982620477676,0.7826100587844849,0.20583480596542358,-0.03798101469874382,0.5128942728042603,0.383722722530365,-0.4031829237937927,0.31246671080589294,0.2803474962711334,-0.5402910113334656,-0.008860640227794647,0.3150351047515869,-0.47964194416999817,-0.028671657666563988,0.379703164100647,-0.27913689613342285,0.03021400049328804,0.1023496687412262,-0.41373905539512634,-0.26555055379867554,0.04644820839166641,-0.46571803092956543,-0.45958036184310913,0.17943713068962097,-0.4431430697441101,-0.6935352087020874,0.4695647060871124,-0.011229366064071655,0.004618227481842041,0.003314271802082658,-0.04748360067605972,-0.33917200565338135,0.03132268041372299,-0.05735417827963829,-0.5613048076629639,0.2202959805727005,-0.17689016461372375,-0.8024702668190002,0.5387162566184998,0.21730723977088928,0.018649406731128693,-0.01797572150826454,0.20450851321220398,-0.28444355726242065,0.03510402888059616,0.19297106564044952,-0.4601677358150482,0.28846976161003113,0.11868715286254883,-0.6862382292747498,0.5508556962013245,0.4870607852935791,0.09164851903915405,0.001249600201845169,0.4499730169773102,-0.26704615354537964,0.05578506737947464,0.4395236372947693,-0.37343281507492065,0.2956971824169159,0.46181535720825195,-0.44005346298217773,0.5208528637886047
133,0.09847450256347656,0.7775900959968567,0.24429303407669067,-0.0694802850484848,0.46596401929855347,0.42528051137924194,-0.389202356338501,0.27251604199409485,0.3104739785194397,-0.43680280447006226,-0.05981803685426712,0.3913457989692688,0.0717630386352539,0.0500190332531929,-0.09677611291408539,-0.2835460305213928,0.0267665795981884,0.1086929515004158,-0.41465020179748535,-0.2809738218784332,0.024514466524124146,-0.45808112621307373,-0.4932844042778015,0.17010384798049927,-0.43149298429489136,-0.7375190258026123,0.4397982954978943,-0.011446401476860046,0.004410912748426199,0.0028839213773608208,-0.04637978971004486,-0.3510878086090088,0.007949106395244598,-0.054634515196084976,-0.5805997252464294,0.2070457488298416,-0.1808677315711975,-0.8314618468284607,0.5398432016372681,0.2242172658443451,0.014118000864982605,-0.010176439769566059,0.19422313570976257,-0.29560503363609314,0.024919314309954643,0.17424847185611725,-0.47365832328796387,0.27966979146003723,0.12931793928146362,-0.7023638486862183,0.5485730171203613,0.47888296842575073,0.08775600045919418,0.006947394460439682,0.4467235505580902,-0.2745524048805237,0.0518694669008255,0.42724665999412537,-0.36828121542930603,0.3001829981803894,0.469921737909317,-0.4617794156074524,0.4886869490146637
134,0.11203879863023758,0.7896906733512878,0.23117953538894653,-0.07667772471904755,0.47684943675994873,0.40719878673553467,-0.41688960790634155,0.2587496340274811,0.31277966499328613,-0.5175079107284546,-0.035571496933698654,0.30862098932266235,0.024990692734718323,-0.016275720670819283,-0.1273106038570404,-0.2818151116371155,0.02366362139582634,0.10628833621740341,-0.39671075344085693,-0.27194249629974365,0.04473087191581726,-0.43473654985427856,-0.46264398097991943,0.2149536907672882,-0.42573171854019165,-0.6885937452316284,0.47419366240501404,-0.011337818577885628,0.004994063172489405,0.002369570080190897,-0.037392497062683105,-0.33939194679260254,0.03090813010931015,-0.047195497900247574,-0.5616577863693237,0.2488018125295639,-0.1760328710079193,-0.8097223043441772,0.5625357627868652,0.22309210896492004,0.005345207639038563,-0.011218053288757801,0.19907957315444946,-0.28477147221565247,0.033809781074523926,0.17216373980045319,-0.4663568437099457,0.27877554297447205,0.12777307629585266,-0.6985928416252136,0.5473241209983826,0.4753550887107849,0.09101608395576477,0.002194942906498909,0.44210025668144226,-0.2583213150501251,0.05474116653203964,0.44196587800979614,-0.3486405611038208,0.22822126746177673,0.4457937479019165,-0.4252685308456421,0.4997069835662842
135,0.10268854349851608,0.7663379311561584,0.2714557945728302,-0.06359142065048218,0.4873252511024475,0.3936942517757416,-0.3975270986557007,0.23910757899284363,0.3213552236557007,-0.49519240856170654,-0.032245438545942307,0.34112244844436646,0.09273429960012436,0.0019385498017072678,-0.1285916268825531,-0.2778453230857849,0.024455774575471878,0.10436706244945526,-0.4355784058570862,-0.3006884455680847,0.05377566069364548,-0.4361724257469177,-0.4568881094455719,0.16109728813171387,-0.39138054847717285,-0.6867837905883789,0.43523386120796204,-0.01132563129067421,0.0055505940690636635,0.002247097436338663,-0.04378040134906769,-0.3365490734577179,0.06102636456489563,-0.04292798414826393,-0.5464401245117188,0.2361087054014206,-0.004262685775756836,-0.607038676738739,0.5734153389930725,0.22172033786773682,0.013013055548071861,-0.012268670834600925,0.19819146394729614,-0.2776525020599365,0.057022884488105774,0.1865854412317276,-0.4399634003639221,0.30242273211479187,0.1535181999206543,-0.663543701171875,0.5737935304641724,0.47622352838516235,0.09109508246183395,-0.03535803407430649,0.44628873467445374,-0.25177597999572754,0.06478983163833618,0.453135222196579,-0.3375266492366791,0.24208171665668488,0.39540302753448486,-0.388732373714447,0.5488244891166687
136,0.08169692754745483,0.7468109130859375,0.33675557374954224,-0.1728392392396927,0.37316590547561646,0.4498174488544464,-0.49735027551651,0.08937982469797134,0.2784632444381714,-0.7461312413215637,0.027549900114536285,0.07069728523492813,0.2574501037597656,-0.004243256524205208,0.25705990195274353,-0.290774405002594,-0.024501623585820198,0.040372565388679504,-0.3879188001155853,-0.2986774444580078,0.0009969472885131836,-0.3749285936355591,-0.47180619835853577,0.2035766839981079,-0.349242627620697,-0.6870996952056885,0.5102965831756592,-0.012414814904332161,0.007272372022271156,-0.0012932925019413233,0.0033063609153032303,-0.3214367628097534,0.04714544862508774,-0.029564667493104935,-0.5282497406005859,0.3037453293800354,-0.018437065184116364,-0.5272282361984253,0.604170560836792,0.20194362103939056,0.052784956991672516,0.023877132683992386,0.20824751257896423,-0.272365003824234,0.13661299645900726,0.15739616751670837,-0.3792043924331665,0.4141203463077545,0.11358069628477097,-0.5205293297767639,0.7083930969238281,0.4267812669277191,0.19223278760910034,0.11757500469684601,0.4191611707210541,-0.17807364463806152,0.21995870769023895,0.40295517444610596,-0.28778979182243347,0.430777907371521,0.3108886778354645,-0.26825061440467834,0.6393269896507263
137,0.12300178408622742,0.34296634793281555,0.5991086363792419,0.06488019227981567,0.16162115335464478,0.4620850682258606,-0.3602561354637146,-0.15280333161354065,0.09327244013547897,-0.47785013914108276,-0.25036144256591797,-0.0013692229986190796,-0.5303983688354492,-0.39063307642936707,-0.1761799454689026,-0.24910147488117218,-0.17520557343959808,-0.09333762526512146,-0.20951923727989197,-0.38110923767089844,-0.01397424191236496,-0.26492178440093994,-0.5452415943145752,0.19404825568199158,-0.3468400835990906,-0.6841995716094971,0.3779144287109375,-0.049515631049871445,0.013474712148308754,-0.012649362906813622,-0.09220243990421295,-0.22734497487545013,0.12992244958877563,-0.16446943581104279,-0.35842597484588623,0.34621065855026245,-0.3274681866168976,-0.528694748878479,0.7090609669685364,0.10013435781002045,0.14799344539642334,0.10568837821483612,0.00513843446969986,-0.04276948422193527,0.22557894885540009,-0.009351111948490143,-0.108152374625206,0.45442619919776917,0.005070321261882782,0.12940701842308044,0.4490383565425873,0.270111620426178,0.28288722038269043,0.2753388285636902,0.1776467263698578,0.1328524947166443,0.48950695991516113,0.12755528092384338,0.02944594994187355,0.568648099899292,-0.009678134694695473,0.07508315145969391,0.6681156754493713
138,0.12300178408622742,0.34296634793281555,0.5991086363792419,0.06488019227981567,0.16162115335464478,0.4620850682258606,-0.3602561354637146,-0.15280333161354065,0.09327244013547897,-0.47785013914108276,-0.25036144256591797,-0.0013692229986190796,-0.5303983688354492,-0.39063307642936707,-0.1761799454689026,-0.24910147488117218,-0.17520557343959808,-0.09333762526512146,-0.20951923727989197,-0.38110923767089844,-0.01397424191236496,-0.26492178440093994,-0.5452415943145752,0.19404825568199158,-0.3468400835990906,-0.6841995716094971,0.3779144287109375,-0.049515631049871445,0.013474712148308754,-0.012649362906813622,-0.09220243990421295,-0.22734497487545013,0.12992244958877563,-0.16446943581104279,-0.35842597484588623,0.34621065855026245,-0.3274681866168976,-0.528694748878479,0.7090609669685364,0.10013435781002045,0.14799344539642334,0.10568837821483612,0.00513843446969986,-0.04276948422193527,0.22557894885540009,-0.009351111948490143,-0.108152374625206,0.45442619919776917,0.005070321261882782,0.12940701842308044,0.4490383565425873,0.270111620426178,0.28288722038269043,0.2753388285636902,0.1776467263698578,0.1328524947166443,0.48950695991516113,0.12755528092384338,0.02944594994187355,0.568648099899292,-0.009678134694695473,0.07508315145969391,0.6681156754493713
139,0.5967228412628174,0.5961371064186096,0.30125799775123596,0.653525173664093,0.16015321016311646,-0.19601678848266602,0.6119911074638367,-0.3505367934703827,-0.32998913526535034,0.4330912232398987,-0.7674466371536255,-0.2933192849159241,0.7632889747619629,-1.294561505317688,-0.40284955501556396,0.19111470878124237,-0.2288590371608734,-0.08895455300807953,0.01823997125029564,-0.500028133392334,-0.1589181125164032,-0.1311640441417694,-0.6207115650177002,-0.3399304747581482,-0.20976443588733673,-0.8650794625282288,-0.5368027687072754,-0.00662683742120862,0.006265021860599518,-0.005165467504411936,-0.24058544635772705,-0.25073590874671936,-0.0788196548819542,-0.4257296621799469,-0.4556848406791687,-0.2483443021774292,-0.5675340890884399,-0.5760359168052673,-0.3691914677619934,-0.07853102684020996,0.21075214445590973,0.0337420217692852,-0.32959142327308655,0.023862220346927643,0.0038809124380350113,-0.5846456289291382,-0.1292078197002411,-0.17040586471557617,-0.6724522709846497,-0.34409210085868835,-0.2836460471153259,-0.08974117040634155,0.5517200827598572,0.038200605660676956,-0.4930570721626282,0.2556031346321106,0.08253315836191177,-0.6054194569587708,0.08121635764837265,0.0413581058382988,-0.7578043341636658,-0.09460681676864624,-0.16241143643856049
140,0.42299532890319824,0.6669422388076782,0.30895543098449707,0.5904237031936646,0.28156471252441406,-0.024176716804504395,0.552039623260498,-0.18076306581497192,-0.3304882049560547,0.5310526490211487,-0.8437209725379944,-0.28986692428588867,0.8637391924858093,-1.1230885982513428,-0.23677505552768707,0.1848296821117401,-0.20787575840950012,-0.036432720720767975,-0.002107389271259308,-0.48337608575820923,-0.1422717273235321,0.006479367613792419,-0.6910184621810913,-0.39082908630371094,-0.146898552775383,-0.887890100479126,-0.4461250901222229,-0.007528963964432478,0.002958460710942745,-0.0027701077051460743,-0.21373578906059265,-0.2661572992801666,-0.01686140149831772,-0.4234767258167267,-0.4978388845920563,-0.16238734126091003,-0.22631102800369263,-0.4543883800506592,-0.2576192021369934,-0.09042525291442871,0.20521940290927887,0.027247708290815353,-0.3313332200050354,0.01864185370504856,0.010267874225974083,-0.5602982044219971,-0.14174115657806396,-0.1031545028090477,-0.6351576447486877,-0.3600195348262787,-0.4004216492176056,-0.08740133047103882,0.5143194794654846,0.0734960287809372,-0.4821057915687561,0.21883341670036316,0.10267633944749832,-0.627142071723938,0.06951192021369934,-0.04793274775147438,-0.7363412976264954,-0.07386289536952972,-0.06375285983085632
141,0.5127887725830078,0.7029537558555603,0.26746952533721924,0.5978716611862183,0.26208391785621643,-0.019337385892868042,0.7675267457962036,-0.267266184091568,-0.12206251919269562,0.5484530925750732,-0.650658130645752,-0.2629418969154358,1.2727477550506592,-1.1061277389526367,0.08063466101884842,0.1825113296508789,-0.20808781683444977,-0.02773846685886383,0.023355528712272644,-0.4340883493423462,-0.1581689715385437,-0.05398831516504288,-0.5992032885551453,-0.3734626770019531,-0.04894772171974182,-0.8410630822181702,-0.5677520036697388,-0.004108536522835493,-0.0019509855192154646,0.00011500029359012842,-0.2757676839828491,-0.24833188951015472,-0.02793872356414795,-0.4293866753578186,-0.4668302536010742,-0.22296610474586487,-0.597531795501709,-0.685886025428772,-0.290790319442749,-0.0823667123913765,0.2081015259027481,8.561555296182632e-05,-0.3518645167350769,-0.01937560923397541,-0.012725921347737312,-0.5553468465805054,-0.17114585638046265,-0.1724918633699417,-0.6765202283859253,-0.36108192801475525,-0.19520248472690582,-0.1592586636543274,0.49336811900138855,0.007452838122844696,-0.4926254451274872,0.19540245831012726,-0.02043042704463005,-0.6089932918548584,0.08655733615159988,-0.15624552965164185,-0.7728981375694275,-0.11208827793598175,-0.24045543372631073
142,0.4837786853313446,0.6637323498725891,0.31731152534484863,0.5567587018013,0.20668759942054749,0.11560815572738647,0.7480431795120239,-0.19107547402381897,0.048866719007492065,0.6264767050743103,-0.5742213726043701,-0.11000081896781921,1.134275197982788,-0.9270269274711609,-0.07019069045782089,0.1899145245552063,-0.20120373368263245,0.01311122439801693,0.003106445074081421,-0.4508703351020813,-0.1159241795539856,-0.08065543323755264,-0.6095921993255615,-0.3373313546180725,-0.09157124161720276,-0.8604395389556885,-0.5030517578125,-0.0026247601490467787,-0.002208881778642535,-0.00093070138245821,-0.2663446366786957,-0.2710636556148529,-0.07808394730091095,-0.432629257440567,-0.4423503279685974,-0.29408591985702515,-0.5648291110992432,-0.617901086807251,-0.343938410282135,-0.10151512175798416,0.19759948551654816,-0.02344493940472603,-0.3742062747478485,-0.013419652357697487,-0.13365745544433594,-0.5491440296173096,-0.15722785890102386,-0.22025080025196075,-0.6445577144622803,-0.39300277829170227,-0.20665889978408813,-0.13585437834262848,0.4873397648334503,-0.02650897204875946,-0.5126013159751892,0.16671524941921234,-0.06063780188560486,-0.6604228019714355,0.06216129660606384,-0.1260635256767273,-0.4183902144432068,0.05333004891872406,-0.2308313399553299
143,0.4837786853313446,0.6637323498725891,0.31731152534484863,0.5567587018013,0.20668759942054749,0.11560815572738647,0.7480431795120239,-0.19107547402381897,0.048866719007492065,0.6264767050743103,-0.5742213726043701,-0.11000081896781921,1.134275197982788,-0.9270269274711609,-0.07019069045782089,0.1899145245552063,-0.20120373368263245,0.01311122439801693,0.003106445074081421,-0.4508703351020813,-0.1159241795539856,-0.08065543323755264,-0.6095921993255615,-0.3373313546180725,-0.09157124161720276,-0.8604395389556885,-0.5030517578125,-0.0026247601490467787,-0.002208881778642535,-0.00093070138245821,-0.2663446366786957,-0.2710636556148529,-0.07808394730091095,-0.432629257440567,-0.4423503279685974,-0.29408591985702515,-0.5648291110992432,-0.617901086807251,-0.343938410282135,-0.10151512175798416,0.19759948551654816,-0.02344493940472603,-0.3742062747478485,-0.013419652357697487,-0.13365745544433594,-0.5491440296173096,-0.15722785890102386,-0.22025080025196075,-0.6445577144622803,-0.39300277829170227,-0.20665889978408813,-0.13585437834262848,0.4873397648334503,-0.02650897204875946,-0.5126013159751892,0.16671524941921234,-0.06063780188560486,-0.6604228019714355,0.06216129660606384,-0.1260635256767273,-0.4183902144432068,0.05333004891872406,-0.2308313399553299
144,0.4801877439022064,0.7031984329223633,0.25228261947631836,0.5817054510116577,0.2022353559732437,0.1159355640411377,0.7508460879325867,-0.24068117141723633,0.12935271859169006,0.6956475973129272,-0.5823194980621338,-0.035680532455444336,1.3236533403396606,-1.089177131652832,0.113277368247509,0.19081534445285797,-0.19921010732650757,0.00256294384598732,0.0471525713801384,-0.4495205283164978,-0.15700387954711914,-0.022871166467666626,-0.619873583316803,-0.398429811000824,-0.08944211900234222,-0.8860158324241638,-0.5482672452926636,-0.0023632252123206854,-0.004081715829670429,-0.00485609145835042,-0.2531825304031372,-0.2790844738483429,-0.06280658394098282,-0.434339702129364,-0.44970443844795227,-0.28074413537979126,-0.5913858413696289,-0.6433160305023193,-0.3647424876689911,-0.09653087705373764,0.20598523318767548,-0.021402399986982346,-0.401274174451828,-0.03374239802360535,-0.07530802488327026,-0.5880274772644043,-0.16461175680160522,-0.22636426985263824,-0.6909776926040649,-0.40955907106399536,-0.2746920883655548,-0.14685150980949402,0.4800530970096588,-0.028974473476409912,-0.5390481948852539,0.20324423909187317,-0.04882001131772995,-0.6703702807426453,0.07072867453098297,-0.15828180313110352,-0.7900087237358093,-0.20650389790534973,-0.17052456736564636
145,0.4375747740268707,0.6566907167434692,0.4310511350631714,0.5756344199180603,0.25551873445510864,0.23566079139709473,0.7305039763450623,-0.26694345474243164,0.299352765083313,0.709159255027771,-0.5706047415733337,0.021699734032154083,1.0717931985855103,-0.8595699667930603,-0.1845475286245346,0.21096687018871307,-0.16833747923374176,0.022316712886095047,0.05511853098869324,-0.4203619956970215,-0.17410075664520264,-0.0576460137963295,-0.5879021286964417,-0.4127262234687805,-0.053090378642082214,-0.8177158832550049,-0.6785237789154053,-0.0032030341681092978,-0.006354371551424265,-0.001597569091245532,-0.2369098961353302,-0.28046053647994995,-0.11421199142932892,-0.4254026412963867,-0.43422025442123413,-0.341636061668396,-0.553687334060669,-0.5996786952018738,-0.5039563179016113,-0.12615172564983368,0.1894683837890625,-0.023650962859392166,-0.4055123031139374,-0.04556252807378769,-0.12203085422515869,-0.5466160178184509,-0.17640461027622223,-0.26650282740592957,-0.7351158261299133,-0.3761795163154602,-0.32765260338783264,-0.16368544101715088,0.48876672983169556,-0.04917918145656586,-0.560841977596283,0.17774967849254608,-0.031025854870676994,-0.6908414363861084,0.05562009662389755,-0.15690746903419495,-0.8365239500999451,-0.12597087025642395,-0.27630457282066345
146,0.5164310932159424,0.671589195728302,0.26223260164260864,0.577741265296936,0.19350652396678925,0.11628773808479309,0.809827446937561,-0.32055360078811646,0.09816862642765045,0.7404584884643555,-0.6236333847045898,-0.08789101243019104,1.0751034021377563,-0.9081743955612183,-0.3123425543308258,0.20341069996356964,-0.19761355221271515,-0.00047457218170166016,0.03074033558368683,-0.44602811336517334,-0.1651579588651657,-0.07728385180234909,-0.6272999048233032,-0.34359264373779297,-0.10742580890655518,-0.8913035988807678,-0.5746451616287231,-0.005775646306574345,-0.007524128537625074,-0.0030509675852954388,-0.2873545289039612,-0.2617831230163574,-0.03757210820913315,-0.4985599219799042,-0.452454149723053,-0.24871715903282166,-0.6160082221031189,-0.6409685611724854,-0.4207973778247833,-0.11993618309497833,0.20492306351661682,-0.022346049547195435,-0.42358824610710144,-0.03926569223403931,-0.07575166970491409,-0.5914769172668457,-0.1803922951221466,-0.207118958234787,-0.7572779059410095,-0.41151267290115356,-0.2631656527519226,-0.13328655064105988,0.5149091482162476,-0.026171259582042694,-0.5817075371742249,0.17621459066867828,-0.002561266301199794,-0.7119647860527039,0.038448430597782135,-0.14415208995342255,-0.8499916791915894,-0.10416990518569946,-0.23177695274353027
147,0.49687883257865906,0.678658127784729,0.27270492911338806,0.5890406370162964,0.180388405919075,0.1512262523174286,0.7906678915023804,-0.2956996262073517,0.1312626153230667,0.7269116044044495,-0.5925182104110718,-0.05584785342216492,1.1237452030181885,-0.9429769515991211,-0.2652300000190735,0.20424479246139526,-0.192788764834404,0.005090091377496719,0.03025907650589943,-0.44585752487182617,-0.1618863195180893,-0.0743144080042839,-0.6221287250518799,-0.34114986658096313,-0.09245087206363678,-0.8812272548675537,-0.5800515413284302,-0.005150853656232357,-0.006580275017768145,-0.00321544473990798,-0.2833816707134247,-0.26326003670692444,-0.04863893613219261,-0.4876185953617096,-0.45768189430236816,-0.26838815212249756,-0.5975121259689331,-0.6377817988395691,-0.4364781975746155,-0.12115022540092468,0.2010222226381302,-0.025027573108673096,-0.4182935953140259,-0.041984573006629944,-0.0933956578373909,-0.5826131701469421,-0.18872268497943878,-0.2244531810283661,-0.761282742023468,-0.40082332491874695,-0.28713715076446533,-0.1750601828098297,0.48159608244895935,-0.032474443316459656,-0.5835413932800293,0.1727074235677719,-0.011540099047124386,-0.7081543803215027,0.03430121764540672,-0.148521289229393,-0.8529689908027649,-0.11255790293216705,-0.24468623101711273
148,0.4633144438266754,0.6534184813499451,0.39842894673347473,0.6089591383934021,0.23377861082553864,0.1373569667339325,0.6867059469223022,-0.19189810752868652,0.014604151248931885,0.7338221073150635,-0.6782500147819519,-0.02565889060497284,1.1118204593658447,-0.9871721863746643,-0.21311025321483612,0.18649280071258545,-0.19482938945293427,-0.0004596784710884094,0.016831286251544952,-0.4415867328643799,-0.18062616884708405,-0.07646309584379196,-0.6419307589530945,-0.3497607111930847,-0.14495821297168732,-0.9013351202011108,-0.5610289573669434,-0.006665688939392567,-0.009502123109996319,-0.0027670348063111305,-0.2743113934993744,-0.2829761207103729,-0.10259983688592911,-0.4997486174106598,-0.422303169965744,-0.30710339546203613,-0.6117571592330933,-0.6118659973144531,-0.4153164327144623,-0.10490649938583374,0.2184107005596161,-0.0036787064746022224,-0.4132343530654907,-0.01872369833290577,-0.09020818024873734,-0.5788033604621887,-0.1681237816810608,-0.21543431282043457,-0.7561527490615845,-0.3431343734264374,-0.20264320075511932,-0.15102717280387878,0.49947649240493774,-0.016426578164100647,-0.547432005405426,0.15848389267921448,-0.006679338403046131,-0.7051142454147339,0.06637956947088242,-0.15908026695251465,-0.8169568181037903,-0.1888456642627716,-0.1712309718132019
149,0.55403071641922,0.6178073883056641,0.22173267602920532,0.6053134202957153,0.13113361597061157,-0.19052213430404663,0.7426295876502991,-0.35466042160987854,-0.17902545630931854,0.7524846792221069,-0.864936113357544,0.03687037527561188,1.1936200857162476,-1.1612290143966675,0.01595345325767994,0.2028794288635254,-0.23142248392105103,-0.035571902990341187,-0.05339418351650238,-0.510421872138977,-0.14402449131011963,-0.12722069025039673,-0.6646385192871094,-0.2696915864944458,-0.23204712569713593,-0.9312189221382141,-0.47028952836990356,-0.006963464897125959,-0.00815292913466692,0.0032987201120704412,-0.3104471266269684,-0.2630811631679535,-0.024892549961805344,-0.5301828384399414,-0.41022446751594543,-0.23983171582221985,-0.7056583166122437,-0.6446331143379211,-0.1958630383014679,-0.08343139290809631,0.24947255849838257,-0.013111605308949947,-0.3889705538749695,0.011829225346446037,-0.022165538743138313,-0.599962592124939,-0.14394575357437134,-0.14663250744342804,-0.7867486476898193,-0.3856635093688965,-0.22618751227855682,-0.09128981828689575,0.5553464293479919,-0.044398725032806396,-0.5450340509414673,0.27809759974479675,-0.016823288053274155,-0.7526906728744507,0.10126156359910965,-0.07823735475540161,-0.7562036514282227,-0.17872372269630432,-0.14776086807250977
150,0.24110673367977142,0.31407487392425537,0.5611518025398254,0.41912442445755005,0.20444969832897186,0.1716039627790451,0.3445757031440735,-0.11360012739896774,-0.3217247724533081,0.11507187783718109,-0.34871649742126465,-0.46287184953689575,-0.19937017560005188,-0.2893920838832855,-0.5721926093101501,0.07067064195871353,-0.3356480002403259,-0.06393902748823166,-0.11606360226869583,-0.48246580362319946,-0.1018393263220787,-0.19159963726997375,-0.49763479828834534,-0.13962899148464203,-0.23666976392269135,-0.6235751509666443,-0.08180953562259674,-0.04640272259712219,-0.04272174835205078,0.0100131556391716,-0.22903776168823242,-0.23767422139644623,0.03945346921682358,-0.29989489912986755,-0.3247753083705902,-0.15691645443439484,-0.37657615542411804,-0.5035102963447571,0.011967383325099945,-0.06803955137729645,0.22273439168930054,0.057185374200344086,-0.2543052136898041,0.03721078857779503,-0.0023212600499391556,-0.2662355303764343,-0.07583505660295486,-0.03273146599531174,-0.15826362371444702,-0.09570331871509552,-0.13411195576190948,0.024890754371881485,0.531103253364563,0.06516427546739578,-0.043340280652046204,0.31602194905281067,-0.23742040991783142,0.10082674026489258,0.2743645906448364,-0.34923821687698364,0.16537846624851227,0.1930820494890213,-0.31957757472991943
151,0.06116744130849838,0.5352040529251099,0.5633931756019592,0.07888321578502655,0.39756083488464355,0.46921321749687195,-0.2301134616136551,0.09534143656492233,0.4989227056503296,-0.3456606864929199,-0.19327908754348755,0.4195196032524109,-0.4861244857311249,-0.2614656686782837,0.279608815908432,-0.2613701820373535,-0.018289722502231598,0.15172013640403748,-0.4779420495033264,-0.21939581632614136,-0.05377975106239319,-0.416930615901947,-0.4481579661369324,-0.05513947457075119,-0.5318092703819275,-0.7395151853561401,0.009691175073385239,-0.017450211569666862,0.004925268702208996,0.007632734254002571,-0.07382429391145706,-0.3411003649234772,-0.09157931059598923,-0.14460770785808563,-0.5822373032569885,-0.01616336777806282,-0.17910879850387573,-0.7719472646713257,0.15211829543113708,0.20879054069519043,0.06176198273897171,-0.02440798282623291,0.19914847612380981,-0.27528491616249084,-0.05564403533935547,0.20598508417606354,-0.39455217123031616,0.13347773253917694,0.07322685420513153,-0.7245623469352722,0.5052071809768677,0.43861666321754456,0.22838205099105835,-0.0076197125017642975,0.45325154066085815,-0.185780867934227,-0.0775960311293602,0.4635973870754242,-0.3520464301109314,0.0974411815404892,0.4035935401916504,-0.40562760829925537,0.28171974420547485
152,0.08734770119190216,0.5639522075653076,0.45092272758483887,0.08175166696310043,0.39349547028541565,0.3885648846626282,-0.2614459991455078,0.11800091713666916,0.4654499888420105,-0.43628185987472534,0.028237424790859222,0.35989898443222046,-0.3571508228778839,0.020508913323283195,0.2542562782764435,-0.2729988694190979,-0.005424279719591141,0.1587996929883957,-0.4743548035621643,-0.22428841888904572,-0.03147290274500847,-0.4995523691177368,-0.4459824860095978,-0.026451125741004944,-0.2778782844543457,-0.7834153771400452,0.1043926477432251,-0.01669853925704956,0.001629834994673729,0.008616132661700249,-0.08562877029180527,-0.33534958958625793,-0.1237565353512764,-0.07745727896690369,-0.5753849148750305,0.06817928701639175,-0.16974052786827087,-0.7953774333000183,0.22804555296897888,0.21493223309516907,0.04863186925649643,-0.03983559459447861,0.19921952486038208,-0.27508193254470825,-0.07880178838968277,0.2463936060667038,-0.43994027376174927,0.17341263592243195,0.29610341787338257,-0.5438657402992249,0.49087071418762207,0.48825299739837646,0.1507183015346527,-0.056001774966716766,0.4524659812450409,-0.2248457372188568,-0.055521152913570404,0.4472960829734802,-0.3457883298397064,0.047292523086071014,0.4819888472557068,-0.4657709002494812,0.25767672061920166
153,0.07578026503324509,0.5826833844184875,0.4383901059627533,0.07609453052282333,0.4196108877658844,0.3823232054710388,-0.27494966983795166,0.19818198680877686,0.45392096042633057,-0.40779757499694824,0.1485094577074051,0.3031699061393738,-0.381388783454895,0.09491441398859024,0.20232351124286652,-0.27061790227890015,-0.007409252226352692,0.15673628449440002,-0.4693819284439087,-0.25285765528678894,-0.02924414351582527,-0.48046398162841797,-0.4661302864551544,-0.027229171246290207,-0.25904810428619385,-0.8074469566345215,0.16824309527873993,-0.01666637323796749,0.00032501338864676654,0.007931636646389961,-0.08084558695554733,-0.34258317947387695,-0.13263922929763794,-0.0938558429479599,-0.5905659794807434,0.021491147577762604,-0.15329411625862122,-0.8099917769432068,0.2243283987045288,0.21165543794631958,0.04872840642929077,-0.04537782818078995,0.203369140625,-0.27333343029022217,-0.08516258746385574,0.2540741264820099,-0.456504762172699,0.16475671529769897,0.12315540015697479,-0.751615047454834,0.480144202709198,0.48741614818573,0.1496894806623459,-0.06733211874961853,0.46393516659736633,-0.23113521933555603,-0.028331909328699112,0.4716906249523163,-0.36970946192741394,0.07853183150291443,0.500873327255249,-0.4797402620315552,0.27022647857666016
154,0.10484429448843002,0.562457263469696,0.487156480550766,0.03197551518678665,0.38218557834625244,0.43577805161476135,-0.27052754163742065,0.2029479742050171,0.48674285411834717,-0.4219205975532532,0.13725297152996063,0.3620690107345581,0.090574711561203,0.049858689308166504,0.04963654279708862,-0.27322250604629517,0.005169879645109177,0.15258273482322693,-0.4456711411476135,-0.22215329110622406,-0.06480401754379272,-0.5072699785232544,-0.46148622035980225,-0.017907552421092987,-0.5028895139694214,-0.6569824814796448,0.1493055522441864,-0.013221869245171547,-0.0014234937261790037,0.007012628950178623,-0.07250729948282242,-0.35355255007743835,-0.11342912912368774,-0.11809349060058594,-0.5991486310958862,0.025939375162124634,-0.15564748644828796,-0.8000167012214661,0.26793140172958374,0.21364456415176392,0.03717847168445587,-0.041383810341358185,0.2255052924156189,-0.28658080101013184,-0.04767017811536789,0.2298768311738968,-0.451709508895874,0.20690979063510895,0.10982153564691544,-0.7423325777053833,0.5320996642112732,0.5181537866592407,0.11795677244663239,-0.050594933331012726,0.4815080165863037,-0.3005922734737396,-0.03651666268706322,0.4556090831756592,-0.38337087631225586,0.09173145890235901,0.4854394793510437,-0.47977548837661743,0.3456275761127472
155,0.048649854958057404,0.6024474501609802,0.41612473130226135,0.041734203696250916,0.444853812456131,0.3963797688484192,-0.2373378425836563,0.1973366141319275,0.4754646420478821,-0.36420512199401855,0.09098470211029053,0.383308470249176,-0.42497751116752625,0.18634046614170074,0.21977971494197845,-0.27272605895996094,-0.010844305157661438,0.15912622213363647,-0.44314032793045044,-0.23611217737197876,-0.04525996372103691,-0.467232346534729,-0.45137959718704224,0.017897039651870728,-0.49401146173477173,-0.6500771045684814,0.11964638531208038,-0.013129068538546562,-1.997128129005432e-05,0.007460020948201418,-0.07561010122299194,-0.3457736074924469,-0.11741010844707489,-0.1237436980009079,-0.5750521421432495,0.03836049139499664,-0.12795278429985046,-0.763787031173706,0.22598841786384583,0.2081422209739685,0.03786173462867737,-0.047922421246767044,0.19657611846923828,-0.2641783356666565,-0.0928482711315155,0.22154097259044647,-0.4569008946418762,0.17002923786640167,0.13508257269859314,-0.7384804487228394,0.5171789526939392,0.49789631366729736,0.1435791254043579,-0.07046160846948624,0.475227952003479,-0.27092278003692627,-0.04701245203614235,0.4618417024612427,-0.37204694747924805,0.06751827895641327,0.4879949986934662,-0.4923670291900635,0.3163893222808838
156,0.05316954106092453,0.7423781156539917,0.38559386134147644,0.04019901528954506,0.43139129877090454,0.3949089050292969,-0.26050394773483276,0.20232656598091125,0.46383410692214966,-0.40717560052871704,0.12494778633117676,0.3589054346084595,-0.11520493775606155,-4.250556230545044e-05,0.11613289266824722,-0.2769739031791687,0.01159084215760231,0.1531164050102234,-0.44662654399871826,-0.2350178062915802,-0.048933934420347214,-0.47496914863586426,-0.41556409001350403,0.02455541491508484,-0.47995108366012573,-0.6311709880828857,0.2590976059436798,-0.016292104497551918,-0.00035200908314436674,0.008995359763503075,-0.07920178025960922,-0.3463423550128937,-0.12358133494853973,-0.11972065269947052,-0.5711785554885864,0.029393166303634644,-0.12755751609802246,-0.7688816785812378,0.24119433760643005,0.2091621607542038,0.03765111044049263,-0.04206481948494911,0.1981995403766632,-0.2629208564758301,-0.09957726299762726,0.22371242940425873,-0.4496244490146637,0.18164129555225372,0.13707083463668823,-0.7290368676185608,0.5183866024017334,0.5007758736610413,0.13196158409118652,-0.06063491851091385,0.4754909574985504,-0.2809600532054901,-0.04227154701948166,0.45947888493537903,-0.3681073784828186,0.060282934457063675,0.488924503326416,-0.49673354625701904,0.3234136700630188
157,0.05023986101150513,0.6173492074012756,0.4348159730434418,0.05898118019104004,0.37480008602142334,0.4349452257156372,-0.2541610598564148,0.1516401171684265,0.45550668239593506,-0.4091748595237732,0.16755472123622894,0.3421563506126404,-0.09149423986673355,-0.06835735589265823,0.11754771322011948,-0.2782806158065796,-0.008278068155050278,0.1477043181657791,-0.44795507192611694,-0.2511937618255615,-0.039211370050907135,-0.47217708826065063,-0.4497055113315582,0.006647966802120209,-0.45097893476486206,-0.6798036098480225,0.18159113824367523,-0.018345989286899567,-0.00023281655739992857,0.007878715172410011,-0.07427093386650085,-0.3546645939350128,-0.09429612010717392,-0.11507955193519592,-0.5882065892219543,0.032085955142974854,-0.1203484907746315,-0.7902729511260986,0.2579719126224518,0.20965294539928436,0.04549673944711685,-0.038279883563518524,0.22497907280921936,-0.27827367186546326,-0.03070976585149765,0.2341378629207611,-0.45548972487449646,0.20994524657726288,0.11438222229480743,-0.737159252166748,0.5345363020896912,0.49723994731903076,0.1446487456560135,-0.05870193988084793,0.4608851373195648,-0.22847843170166016,-0.03614170849323273,0.46207165718078613,-0.36305543780326843,0.0776553526520729,0.4982784390449524,-0.5080987215042114,0.3298235535621643
158,0.04341854155063629,0.6100186109542847,0.4587550759315491,0.06286343187093735,0.38172587752342224,0.4459548890590668,-0.2222777158021927,0.12469223886728287,0.4753076434135437,-0.3646339774131775,0.13979074358940125,0.3461167812347412,-0.12841245532035828,-0.019650904461741447,0.1318087875843048,-0.2796538472175598,-0.016267243772745132,0.15534478425979614,-0.4553465247154236,-0.2572823166847229,-0.02210722491145134,-0.4844701886177063,-0.4672452211380005,0.0065434277057647705,-0.486417293548584,-0.6798204779624939,0.08399710059165955,-0.018002072349190712,0.000916012329980731,0.007746435701847076,-0.059293270111083984,-0.35252463817596436,-0.07850418984889984,-0.10657787322998047,-0.5920842289924622,0.07205009460449219,-0.12112470716238022,-0.8174988031387329,0.320702463388443,0.2181565761566162,0.043895378708839417,-0.041994642466306686,0.23036712408065796,-0.28234121203422546,-0.016237473115324974,0.234110489487648,-0.4528638422489166,0.23686881363391876,0.11835448443889618,-0.7288904190063477,0.5565463900566101,0.49824726581573486,0.1465289443731308,-0.05651489645242691,0.4681320786476135,-0.22927948832511902,-0.006168057210743427,0.47302305698394775,-0.35690101981163025,0.1262330263853073,0.4959186613559723,-0.4810066819190979,0.35214629769325256
159,0.10814566165208817,0.7059080600738525,0.3176276683807373,-0.01587492600083351,0.49055588245391846,0.4068101644515991,-0.28775113821029663,0.18848881125450134,0.4761902093887329,-0.44552159309387207,0.23433412611484528,0.3426094651222229,-0.2077658772468567,0.0063440557569265366,0.2552376389503479,-0.2687593102455139,0.028919387608766556,0.15107254683971405,-0.44962936639785767,-0.23207420110702515,0.006159499287605286,-0.48072296380996704,-0.44129830598831177,0.07397157698869705,-0.47268158197402954,-0.6511016488075256,0.2838452458381653,-0.015079922042787075,0.0015732987085357308,0.006850144825875759,-0.07950937747955322,-0.34960898756980896,-0.0970124751329422,-0.1056821346282959,-0.5814927220344543,0.11069819331169128,-0.12993654608726501,-0.7632105946540833,0.4506073594093323,0.21940872073173523,0.02318231575191021,-0.039259374141693115,0.21551895141601562,-0.2935618758201599,-0.025852667167782784,0.21434423327445984,-0.4680725634098053,0.21279165148735046,0.10764516144990921,-0.6940893530845642,0.5896341800689697,0.49813181161880493,0.11683107912540436,-0.03911574184894562,0.46509841084480286,-0.23506879806518555,0.0009396963287144899,0.46104928851127625,-0.3620995283126831,0.1219649389386177,0.4793795943260193,-0.46487122774124146,0.35114237666130066
160,0.1458810269832611,0.7915946245193481,0.28791385889053345,-0.16520902514457703,0.4733601212501526,0.4174782633781433,-0.5638753175735474,0.24427065253257751,0.27588382363319397,-0.7850890755653381,0.03765883296728134,0.15287771821022034,-0.3011269271373749,-0.08383588492870331,0.14741766452789307,-0.2848426103591919,0.0030038729310035706,0.0415189154446125,-0.3405085802078247,-0.33020418882369995,0.006198786199092865,-0.40294525027275085,-0.4511777460575104,0.20925995707511902,-0.4147765040397644,-0.6706745624542236,0.5413323640823364,-0.007972081191837788,0.009566867724061012,-0.0011158441193401814,-0.012099582701921463,-0.3460535407066345,0.0449230894446373,-0.0853591114282608,-0.5412220358848572,0.3250995874404907,-0.19682732224464417,-0.703886866569519,0.7881963849067688,0.2024521678686142,0.04489526152610779,0.03418629616498947,0.17107152938842773,-0.2700273096561432,0.15112122893333435,0.13467471301555634,-0.3663686513900757,0.4380270540714264,0.09182385355234146,-0.4783971607685089,0.6834533214569092,0.42967137694358826,0.14225229620933533,0.1399180144071579,0.37737658619880676,-0.1903723180294037,0.27783212065696716,0.32778409123420715,-0.2671911120414734,0.4826813042163849,0.25537192821502686,-0.2644176781177521,0.6408083438873291
161,0.15822607278823853,0.34896737337112427,0.6913940906524658,0.19238056242465973,0.14757871627807617,0.39922618865966797,-0.11163069307804108,-0.2057517021894455,-0.03422793745994568,-0.34554117918014526,-0.3184814453125,-0.12447446584701538,-0.004511207342147827,0.06115429848432541,-0.1927245855331421,-0.16689392924308777,-0.29401955008506775,-0.060637056827545166,-0.2310250699520111,-0.35811227560043335,-0.19573068618774414,-0.19655808806419373,-0.5282418131828308,-0.09570357203483582,-0.214020237326622,-0.6821154356002808,0.14732427895069122,-0.09077427536249161,-0.014655823819339275,-0.014733193442225456,-0.09253610670566559,-0.2045745551586151,-0.061236847192049026,-0.13326357305049896,-0.4214995205402374,0.1752711832523346,0.09361637383699417,-0.29398784041404724,0.3971956670284271,0.026244889944791794,0.1685015708208084,0.11189519613981247,0.016233880072832108,-0.02317899279296398,0.06625191122293472,0.02686895988881588,-0.16287337243556976,0.19724957644939423,-0.16369721293449402,-0.45329752564430237,0.5694352388381958,0.2008221447467804,0.3469054102897644,0.28730085492134094,0.14976677298545837,0.11973832547664642,0.31186607480049133,0.13158243894577026,-0.05360030010342598,0.44350436329841614,0.1646200716495514,-0.12878233194351196,0.5433775782585144
162,0.22971345484256744,0.3493002653121948,0.5092844367027283,0.19773989915847778,0.31054386496543884,0.5348762273788452,-0.05363674461841583,0.10019072145223618,0.6002391576766968,-0.19856442511081696,-0.30449753999710083,0.49740833044052124,-0.4905559718608856,-0.3305176794528961,0.3768659830093384,-0.22788222134113312,-0.008906103670597076,0.21263368427753448,-0.3192906975746155,-0.37615346908569336,0.0755547508597374,0.5592935085296631,0.48793110251426697,-0.045690301805734634,-0.16526775062084198,-0.7736008763313293,0.4920456111431122,-0.05457086116075516,0.014990309253334999,-0.0118733961135149,-0.11784426122903824,-0.3209802210330963,0.03491318225860596,0.0486748069524765,-0.5467183589935303,0.2814197540283203,0.005083799362182617,-0.6665806770324707,0.523418664932251,0.19988813996315002,0.10595858097076416,-0.07199360430240631,0.09957896918058395,-0.19826169312000275,-0.11510422825813293,0.22924356162548065,-0.2090466022491455,0.18989188969135284,0.43424955010414124,0.013550806790590286,0.34747353196144104,0.4552421569824219,0.3212655484676361,0.0045004952698946,0.4135253131389618,0.06711502373218536,0.07050561904907227,0.524126410484314,0.04697480425238609,0.05418533831834793,0.4111010432243347,0.058645352721214294,0.2925281524658203
163,0.10849706828594208,0.23062309622764587,0.6399968266487122,0.3704163730144501,0.328322172164917,0.2672531008720398,0.19789192080497742,-0.02536696568131447,0.2746843695640564,-0.0028303712606430054,-0.3052644729614258,0.010116111487150192,-0.18326884508132935,-0.29317522048950195,0.0749010518193245,-0.05613895505666733,-0.3182869553565979,0.09134715795516968,-0.20502665638923645,-0.44469624757766724,0.10564029961824417,-0.21441051363945007,-0.5015584826469421,-0.0003299713134765625,0.08895373344421387,-0.5633854269981384,0.10547290742397308,-0.09809155017137527,-0.03059084340929985,-0.00263059139251709,-0.2923200726509094,-0.22980916500091553,-0.0365167036652565,-0.14972124993801117,-0.4846824109554291,-0.01849132776260376,0.5312258005142212,-0.1152738630771637,-0.4563826620578766,-0.027993807569146156,0.22656209766864777,-0.07278160750865936,-0.11332621425390244,-0.011696500703692436,-0.1834525316953659,-0.06819450110197067,-0.22479669749736786,-0.11505478620529175,0.10413841158151627,-0.3649716079235077,0.008007727563381195,0.10524876415729523,0.47884684801101685,-0.15223164856433868,0.006381528452038765,0.23356841504573822,-0.20934465527534485,0.10373073071241379,0.006791409105062485,-0.2924034893512726,0.19452005624771118,-0.1386164128780365,-0.13437329232692719
164,0.07279860228300095,0.20277953147888184,0.6837010383605957,0.4023585319519043,0.21971812844276428,0.2809019386768341,0.2335156798362732,-0.11668342351913452,0.10859056562185287,0.11999540776014328,-0.23288387060165405,-0.391509473323822,-0.09333784133195877,-0.20035338401794434,-0.18044087290763855,0.07191868126392365,-0.33895987272262573,0.003342844545841217,-0.13027560710906982,-0.41360825300216675,-0.08857514709234238,-0.15900489687919617,-0.5916709303855896,-0.09394794702529907,-0.006019487977027893,-0.5456684231758118,-0.28303754329681396,-0.08616431802511215,-0.04785628989338875,-0.000260423868894577,-0.17401039600372314,-0.15183007717132568,-0.049141775816679,-0.1981928050518036,-0.45945510268211365,-0.15600115060806274,-0.025164656341075897,-0.481431245803833,-0.23737138509750366,-0.10429301857948303,0.22509188950061798,0.01827489212155342,-0.2261982560157776,0.04292035847902298,-0.11427203565835953,-0.16565412282943726,-0.20804370939731598,-0.09671249240636826,0.12707942724227905,-0.28138968348503113,-0.3517063856124878,0.00941576436161995,0.5051667094230652,-0.06074255704879761,-0.15928789973258972,0.2831065058708191,-0.05008209869265556,0.048463642597198486,0.10939136147499084,-0.2526145875453949,-0.02946556732058525,0.0632057636976242,-0.07338052242994308
165,0.05252963304519653,0.15384018421173096,0.7207057476043701,0.30720576643943787,0.006342807784676552,0.5091626644134521,0.25557267665863037,-0.4215349853038788,0.23429659008979797,0.1866370141506195,-0.5134453773498535,-0.1382140815258026,0.12306663393974304,-0.4659577012062073,-0.03975284844636917,-0.00962960347533226,-0.3722175061702728,0.052187107503414154,-0.12129249423742294,-0.48891502618789673,0.003235660493373871,0.052126623690128326,-0.34441474080085754,0.10660582035779953,0.11391561478376389,-0.3055647015571594,-0.30574893951416016,-0.11315694451332092,-0.04986028000712395,-0.014874888584017754,-0.1994745135307312,-0.2017335593700409,-0.11556200683116913,0.19238461554050446,-0.1872408539056778,-0.23494037985801697,0.4925229549407959,-0.12110216915607452,-0.5557722449302673,-0.1004226803779602,0.23849570751190186,0.004859469830989838,-0.0750192180275917,0.12669230997562408,-0.24281489849090576,-0.09324879199266434,-0.22102360427379608,-0.06366951018571854,0.2775883972644806,-0.4355916678905487,-0.7965250611305237,0.0019686631858348846,0.4670425355434418,0.12134028971195221,-0.00021232478320598602,0.3667157292366028,-0.2021779716014862,0.18598316609859467,0.3038255274295807,-0.2727389335632324,1.6276830434799194,-0.4247170090675354,-0.09191800653934479
166,0.47683465480804443,0.61918044090271,0.35872524976730347,0.528602659702301,0.24761898815631866,-0.16424775123596191,0.3298705816268921,-0.09228243678808212,-0.626520037651062,-0.06550505757331848,-0.3205738067626953,-0.940259575843811,-0.04967420548200607,-0.46377915143966675,-0.7590527534484863,0.06726478040218353,-0.25582218170166016,-0.17191894352436066,-0.05479799956083298,-0.47746485471725464,-0.09652489423751831,-0.17311230301856995,-0.7054457068443298,-0.026756078004837036,-0.19451875984668732,-0.9099812507629395,0.029194608330726624,-0.06381624191999435,-0.004258080385625362,-0.021443475037813187,-0.13029778003692627,-0.2747199833393097,0.1696862280368805,-0.3550056219100952,-0.44984856247901917,0.29685044288635254,-0.5514179468154907,-0.6499517560005188,0.46967995166778564,-0.07295727729797363,0.22587938606739044,0.06836093217134476,-0.23015263676643372,0.022993657737970352,0.2581031918525696,-0.38693109154701233,0.01767929084599018,0.28975239396095276,-0.6065306663513184,-0.22484223544597626,0.44661879539489746,0.023671705275774002,0.47734570503234863,0.15435893833637238,-0.3098815083503723,0.3465384542942047,0.26340243220329285,-0.34980064630508423,0.3692508041858673,0.12227650731801987,-0.35206854343414307,0.20276734232902527,0.27899086475372314
167,0.43161770701408386,0.6009945869445801,0.25446176528930664,0.5037317872047424,0.3236640691757202,-0.27242332696914673,0.2868713140487671,-0.07668912410736084,-0.6539955139160156,-0.16089500486850739,0.17072667181491852,-0.6434160470962524,0.004893243312835693,-0.4476124942302704,-0.9805554747581482,0.08467016369104385,-0.22843392193317413,-0.17792420089244843,-0.034688301384449005,-0.4811599850654602,-0.08222951740026474,-0.12128812819719315,-0.5949877500534058,-0.026450879871845245,-0.20189042389392853,-0.986293613910675,-0.009716100990772247,-0.03799927979707718,0.0004436844028532505,-0.009740622714161873,-0.10134700685739517,-0.3043968081474304,0.16138505935668945,-0.3328382670879364,-0.48532387614250183,0.25556957721710205,-0.5908488631248474,-0.6932907700538635,0.43222230672836304,-0.06611012667417526,0.20790056884288788,0.07443714886903763,-0.19243168830871582,0.008489375934004784,0.2658901810646057,-0.33240726590156555,-0.17001311480998993,0.38088154792785645,-0.5484458804130554,-0.37906190752983093,0.5196194052696228,0.009089034050703049,0.48379606008529663,0.11137208342552185,-0.3137637972831726,0.29145675897598267,0.37360987067222595,-0.4189855754375458,0.2701212763786316,0.32765504717826843,-0.45122137665748596,0.16425037384033203,0.35673269629478455
168,0.33984044194221497,0.6819634437561035,0.21451804041862488,0.41103091835975647,0.4946320056915283,-0.23490309715270996,0.29499346017837524,0.038923293352127075,-0.6781011819839478,-0.07712142169475555,-0.3614596128463745,-0.7350107431411743,0.057285744696855545,-0.3905215859413147,-0.8470159769058228,0.11451666802167892,-0.17869561910629272,-0.16161946952342987,0.02113131433725357,-0.4764557480812073,-0.12502336502075195,-0.07895123213529587,-0.7387691140174866,-0.019115161150693893,-0.07653133571147919,-0.9838371276855469,0.08234521746635437,-0.012720523402094841,0.005175798200070858,-0.005054875742644072,-0.07810847461223602,-0.32836705446243286,0.13521263003349304,-0.4324864149093628,-0.4542310833930969,0.18445049226284027,-0.6180299520492554,-0.5905870795249939,0.20305651426315308,-0.08715824782848358,0.20927250385284424,0.08047504723072052,-0.20245370268821716,-0.05173208564519882,0.23601050674915314,-0.39302822947502136,-0.24762406945228577,0.32328832149505615,-0.7068172693252563,-0.23843975365161896,0.2598356008529663,-0.05699438601732254,0.4806368052959442,0.09389843046665192,-0.44168075919151306,0.2772635817527771,0.2654018998146057,-0.5750788450241089,0.17214471101760864,0.28979602456092834,-0.4605921506881714,0.2849966883659363,0.0016971072182059288
169,0.5377023220062256,0.7153235077857971,0.21710842847824097,0.5305777192115784,0.33449459075927734,-0.15897339582443237,0.33217567205429077,-0.133451908826828,-0.6064664125442505,0.04201433062553406,-0.490776002407074,-0.6272820234298706,0.09325769543647766,-0.3996582329273224,-0.6082794070243835,0.1490708887577057,-0.21228252351284027,-0.14248526096343994,0.02311645820736885,-0.5076327323913574,-0.10002964735031128,0.009243331849575043,-0.7208213806152344,0.03918030858039856,-0.0007634982466697693,-0.9701071381568909,-0.028368277475237846,-0.011108960025012493,0.0003390119527466595,-0.0018651201389729977,-0.16214531660079956,-0.28306034207344055,0.10239077359437943,-0.4434995949268341,-0.44260212779045105,0.04189132899045944,-0.6559805870056152,-0.6176385283470154,0.09186659008264542,-0.08971411734819412,0.2267254889011383,0.05425867810845375,-0.35000818967819214,0.06803303211927414,0.04948052763938904,-0.588036298751831,-0.05319127067923546,-0.007802245207130909,-0.7846566438674927,-0.20527158677577972,0.02809498831629753,-0.05694827064871788,0.46943536400794983,0.034889765083789825,-0.46341925859451294,0.332476407289505,0.09210021793842316,-0.6333354711532593,0.23932908475399017,0.04049722105264664,-0.5743079781532288,0.25439563393592834,-0.2054389864206314
170,0.5724033713340759,0.6492065787315369,0.2460501492023468,0.5977944135665894,0.2442701905965805,-0.2534797191619873,0.34136146306991577,-0.325419545173645,-0.6278642416000366,0.1239757165312767,-0.6839801669120789,-0.6026455760002136,0.147795170545578,-0.8029646873474121,-0.3864724934101105,0.17035959661006927,-0.23641209304332733,-0.06504905968904495,0.08826830238103867,-0.527011513710022,-0.06428178399801254,0.020177297294139862,-0.7185701727867126,-0.05674751102924347,0.04806871712207794,-0.9575677514076233,-0.07541729509830475,-0.007016132585704327,-0.0005988799384795129,0.004656121600419283,-0.2435983419418335,-0.27873694896698,-0.006102278828620911,-0.4424901604652405,-0.41640642285346985,-0.15227094292640686,-0.5687558054924011,-0.5593525767326355,-0.13913147151470184,-0.09305323660373688,0.22244684398174286,0.03177053481340408,-0.36352264881134033,0.03907597064971924,-0.07179688662290573,-0.605507493019104,-0.05343763902783394,-0.05378095060586929,-0.7712754607200623,-0.23990102112293243,-0.24451737105846405,-0.05552450567483902,0.5272905826568604,-0.019919540733098984,-0.5169150829315186,0.2805939316749573,0.022174106910824776,-0.6386386156082153,0.2402624785900116,-0.04725848510861397,-0.6297473907470703,0.1681567132472992,-0.3132215142250061
171,0.6857916712760925,0.564436674118042,0.12669432163238525,0.6563000082969666,0.17732831835746765,-0.25776422023773193,0.4924139976501465,-0.372426837682724,-0.5772186517715454,0.27728456258773804,-0.8023963570594788,-0.6250708699226379,0.41105011105537415,-1.115012764930725,-0.3692131042480469,0.199634850025177,-0.2497033327817917,-0.09128181636333466,0.011703986674547195,-0.5101640224456787,-0.030127037316560745,0.057267896831035614,-0.6288718581199646,-0.05297841131687164,-0.5149449706077576,-0.7592470645904541,-0.01107010617852211,-0.01132287085056305,-0.0018100901506841183,0.006920176558196545,-0.27052998542785645,-0.25007179379463196,0.0693170502781868,-0.5850682258605957,-0.36897963285446167,-0.011094644665718079,-0.7208824157714844,-0.5700294971466064,-0.11989004909992218,-0.0722656399011612,0.23083415627479553,-0.003707495518028736,-0.35404664278030396,0.051309287548065186,0.007747834548354149,-0.6180394887924194,-0.09503649175167084,-0.021585410460829735,-0.7118749618530273,-0.3005831837654114,-0.10724562406539917,-0.05321677029132843,0.5338693261146545,-0.09593436121940613,-0.46917471289634705,0.3037196099758148,0.025096794590353966,-0.5759069919586182,0.18532955646514893,-0.03219177573919296,-0.675457775592804,0.09297344088554382,-0.27257463335990906
172,0.6976479291915894,0.630281388759613,0.01591324806213379,0.6662731766700745,0.1960085779428482,-0.3081340789794922,0.5701066851615906,-0.48580625653266907,-0.4673864245414734,0.37868189811706543,-0.8320896029472351,-0.5069477558135986,0.4727213680744171,-1.0400457382202148,-0.27907803654670715,0.20555387437343597,-0.24487629532814026,-0.05494397133588791,-0.0817936584353447,-0.49640023708343506,-0.018378008157014847,-0.2771384119987488,-0.6394129991531372,-0.14829307794570923,-0.10383166372776031,-0.5330628156661987,-0.2724047601222992,-0.009154161438345909,-0.00024178047897294164,0.0018523293547332287,-0.27266210317611694,-0.25720474123954773,0.06959031522274017,-0.5283183455467224,-0.4106629490852356,-0.06813687086105347,-0.7370980381965637,-0.5011990070343018,0.0307001993060112,-0.06689564883708954,0.22838501632213593,-0.02307729795575142,-0.36948174238204956,0.04727909713983536,-0.0033652838319540024,-0.6164547801017761,-0.07117834687232971,-0.03873108699917793,-0.699205756187439,-0.3037930727005005,-0.14173997938632965,-0.02448134496808052,0.5551255345344543,-0.10716786980628967,-0.47527462244033813,0.3084392845630646,-0.05159793794155121,-0.5805391669273376,0.1921478509902954,-0.10060842335224152,-0.6808163523674011,0.0685470849275589,-0.2609039843082428
173,0.6976479291915894,0.630281388759613,0.01591324806213379,0.6662731766700745,0.1960085779428482,-0.3081340789794922,0.5701066851615906,-0.48580625653266907,-0.4673864245414734,0.37868189811706543,-0.8320896029472351,-0.5069477558135986,0.4727213680744171,-1.0400457382202148,-0.27907803654670715,0.20555387437343597,-0.24487629532814026,-0.05494397133588791,-0.0817936584353447,-0.49640023708343506,-0.018378008157014847,-0.2771384119987488,-0.6394129991531372,-0.14829307794570923,-0.10383166372776031,-0.5330628156661987,-0.2724047601222992,-0.009154161438345909,-0.00024178047897294164,0.0018523293547332287,-0.27266210317611694,-0.25720474123954773,0.06959031522274017,-0.5283183455467224,-0.4106629490852356,-0.06813687086105347,-0.7370980381965637,-0.5011990070343018,0.0307001993060112,-0.06689564883708954,0.22838501632213593,-0.02307729795575142,-0.36948174238204956,0.04727909713983536,-0.0033652838319540024,-0.6164547801017761,-0.07117834687232971,-0.03873108699917793,-0.699205756187439,-0.3037930727005005,-0.14173997938632965,-0.02448134496808052,0.5551255345344543,-0.10716786980628967,-0.47527462244033813,0.3084392845630646,-0.05159793794155121,-0.5805391669273376,0.1921478509902954,-0.10060842335224152,-0.6808163523674011,0.0685470849275589,-0.2609039843082428
174,0.6845245361328125,0.5903154611587524,0.11224183440208435,0.6303223371505737,0.18742325901985168,-0.16443806886672974,0.6117416620254517,-0.3333948850631714,-0.505431592464447,0.3977901339530945,-0.8712719678878784,-0.48176366090774536,0.5092924237251282,-1.0849132537841797,-0.2525101602077484,0.1911112368106842,-0.2529907524585724,-0.06601224839687347,-0.09895069152116776,-0.5197593569755554,-0.031103845685720444,-0.3738859295845032,-0.6484746336936951,-0.11761169135570526,-0.36274075508117676,-0.7578856945037842,-0.12317218631505966,-0.004557686857879162,-0.001359391724690795,-0.0006803561700507998,-0.2684997022151947,-0.2464505434036255,0.07130011171102524,-0.43374234437942505,-0.3911752700805664,-0.012463007122278214,-0.7415404915809631,-0.5123152732849121,0.021617695689201355,-0.07620522379875183,0.23938097059726715,-0.03246038407087326,-0.37794211506843567,0.04494716227054596,0.019081177189946175,-0.5971207618713379,-0.10249079763889313,-0.06409165263175964,-0.7086675763130188,-0.25563713908195496,-0.17972764372825623,0.008558187633752823,0.5362978577613831,-0.10499610006809235,-0.45178666710853577,0.3131006360054016,-0.043265946209430695,-0.5631195902824402,0.19795025885105133,-0.11806461215019226,-0.6376048922538757,0.15106995403766632,-0.33300697803497314
175,0.627136766910553,0.5810701251029968,0.14761197566986084,0.6346181631088257,0.18848206102848053,-0.160608172416687,0.6341980695724487,-0.3162049651145935,-0.3954086899757385,0.4733058214187622,-0.7946047186851501,-0.42504608631134033,0.7042621374130249,-1.1053426265716553,-0.35607588291168213,0.17880569398403168,-0.26149025559425354,-0.0381169468164444,-0.0950198546051979,-0.5429041981697083,-0.054679907858371735,-0.26402872800827026,-0.6847924590110779,-0.14877121150493622,-0.5934426784515381,-0.8262888789176941,-0.06982842087745667,-0.005144226830452681,0.0030014135409146547,-0.004942228086292744,-0.3115188777446747,-0.2569349408149719,0.07906629890203476,-0.4810859262943268,-0.4228668808937073,0.0563867911696434,0.4391026198863983,0.05785256251692772,-0.8625921607017517,-0.05449961498379707,0.25336953997612,-0.027009669691324234,-0.3801172077655792,0.05954863876104355,0.06699240952730179,-0.6208937168121338,-0.11722444742918015,-0.027957700192928314,-0.807051420211792,-0.311236172914505,-0.09562091529369354,-0.06339283287525177,0.552327036857605,-0.1120607852935791,-0.46740129590034485,0.318206787109375,-0.0015366252046078444,-0.6801725029945374,0.1684306561946869,-0.12076534330844879,-0.7615495324134827,-0.021676823496818542,-0.20432724058628082
176,0.613876223564148,0.6197402477264404,-0.04961615800857544,0.6431110501289368,0.13809674978256226,-0.39303064346313477,0.5995731949806213,-0.29326003789901733,-0.5924943685531616,0.4407981038093567,-0.7449972629547119,-0.5515910983085632,0.8416957855224609,-1.3185356855392456,-0.3088285028934479,0.1888924092054367,-0.24489179253578186,-0.07023897767066956,-0.07678359001874924,-0.5668644905090332,0.06812701374292374,-0.2844979166984558,-0.7026510834693909,-0.10909858345985413,-0.2419770210981369,-0.6895337104797363,0.0971287339925766,-0.004303663037717342,-0.007057118695229292,-0.00026111386250704527,-0.3100253939628601,-0.23453791439533234,0.1590225100517273,-0.5160933136940002,-0.4023370146751404,0.15247876942157745,0.4387938380241394,0.05122194066643715,-0.8137346506118774,-0.0688549131155014,0.2527759373188019,-0.027631547302007675,-0.3769524097442627,0.0637018010020256,0.08342614769935608,-0.636225163936615,-0.10291565209627151,-0.01922348514199257,-0.8347408771514893,-0.2820727825164795,-0.09423282742500305,-0.05996046960353851,0.5630776286125183,-0.09925010800361633,-0.47233086824417114,0.33572545647621155,0.05618016794323921,-0.7121179103851318,0.1518661081790924,-0.07386457920074463,-0.8116782903671265,-0.030968695878982544,-0.13716550171375275
177,0.6585381031036377,0.5276237726211548,-0.03006267547607422,0.6069684624671936,0.13330385088920593,-0.38792312145233154,0.467629611492157,-0.3588293492794037,-0.6699053645133972,0.29851052165031433,-0.7949832081794739,-0.6030668616294861,0.44129154086112976,-1.2119938135147095,-0.15905430912971497,0.20544417202472687,-0.2497212141752243,-0.12307773530483246,-0.030344992876052856,-0.5174214243888855,-0.04690423607826233,-0.2946838438510895,-0.6339649558067322,-0.21995806694030762,-0.43044620752334595,-0.751055121421814,-0.057328078895807266,-0.008750546723604202,0.004396046511828899,0.0020866645500063896,-0.2639782130718231,-0.2270423024892807,0.06243553012609482,-0.5409111976623535,-0.3910427987575531,-0.04229087755084038,-0.6285211443901062,-0.542673647403717,-0.1790107935667038,-0.09305902570486069,0.22168277204036713,0.005108590237796307,-0.3539654612541199,0.03631258010864258,0.08380621671676636,-0.5802013874053955,-0.07734186202287674,-0.09405888617038727,-0.738268256187439,-0.23753277957439423,-0.1669931858778,-0.08389885723590851,0.5134323239326477,-0.053300365805625916,-0.5081683397293091,0.28666380047798157,0.08397509157657623,-0.6461108922958374,0.15657919645309448,0.07989948242902756,-0.7372923493385315,0.035054147243499756,-0.02553417533636093
178,0.6294673085212708,0.5800882577896118,0.011624693870544434,0.5962581038475037,0.18340888619422913,-0.39222508668899536,0.43604862689971924,-0.32038676738739014,-0.6890724301338196,0.25357016921043396,-0.7722883820533752,-0.6147860884666443,0.31731945276260376,-1.0676898956298828,-0.41187289357185364,0.20144584774971008,-0.23203162848949432,-0.132532000541687,-0.03938564658164978,-0.5267680287361145,-0.0324944444000721,-0.2776757478713989,-0.6660955548286438,-0.20858246088027954,-0.34422677755355835,-0.871177613735199,-0.25988245010375977,-0.009638725779950619,0.005830828100442886,4.3160864152014256e-05,-0.2524467706680298,-0.22409851849079132,0.11774057894945145,-0.5616714358329773,-0.39264872670173645,0.0987468957901001,-0.6024503707885742,-0.5888466835021973,0.11025553196668625,-0.09576515108346939,0.23111781477928162,0.02584197372198105,-0.3522336184978485,0.038991883397102356,0.01787852682173252,-0.5699390769004822,-0.05336879566311836,-0.08661440759897232,-0.7196230292320251,-0.2480934113264084,-0.12089383602142334,-0.0994676947593689,0.504399299621582,-0.029311150312423706,-0.48640307784080505,0.2974702715873718,0.18069453537464142,-0.6272878050804138,0.2302231341600418,-0.03719714283943176,-0.708871066570282,0.06574661284685135,0.04751209914684296
179,0.46224868297576904,0.638217031955719,0.34526699781417847,0.5235235095024109,0.3442994952201843,0.0071096718311309814,0.31068694591522217,0.12622931599617004,-0.5123216509819031,0.01069369912147522,-0.44837790727615356,-0.5326036810874939,-0.027122415602207184,-0.6870825886726379,-0.5931534767150879,0.150710791349411,-0.23935410380363464,-0.0770258828997612,0.027448859065771103,-0.4873594045639038,-0.13814644515514374,-0.08546509593725204,-0.7399349808692932,-0.13247771561145782,-0.13032369315624237,-0.9673226475715637,-0.18130499124526978,0.00028040242614224553,0.010396123863756657,-0.002345310989767313,-0.14851754903793335,-0.3022017478942871,0.056899093091487885,-0.136959969997406,-0.5378475189208984,0.03363964706659317,-0.47392737865448,-0.7556463479995728,0.10374332219362259,-0.08347682654857635,0.20632998645305634,0.0403745137155056,-0.35241055488586426,0.03635221719741821,0.019418733194470406,-0.489773154258728,-0.08523441106081009,-0.08484383672475815,-0.7247570157051086,-0.352306604385376,0.16039323806762695,-0.04787224531173706,0.5046595335006714,0.11300663650035858,-0.4544079005718231,0.26234006881713867,0.1452322006225586,-0.6243807077407837,0.19415605068206787,0.02119777537882328,-0.5488415360450745,0.17936338484287262,-0.029432907700538635
180,0.4357852041721344,0.5122920274734497,0.5212368965148926,0.5176122784614563,0.17149916291236877,0.02443268895149231,0.27748948335647583,-0.2432258427143097,-0.5914172530174255,-0.044739991426467896,-0.563950777053833,-0.7345861792564392,-0.10654287785291672,-0.6781043410301208,-0.5838008522987366,0.13869169354438782,-0.21374519169330597,-0.12241014838218689,0.003497593104839325,-0.48264288902282715,-0.1225273609161377,-0.1258971095085144,-0.7063351273536682,-0.12861761450767517,-0.2867186665534973,-0.8843353986740112,-0.19474495947360992,-0.031286220997571945,-0.029104948043823242,0.010249385610222816,-0.31794822216033936,-0.1801338791847229,-0.016122866421937943,-0.3736740052700043,-0.21444451808929443,-0.19754955172538757,-0.5971822738647461,-0.35790902376174927,-0.004150256514549255,-0.09637774527072906,0.21799641847610474,0.07863938808441162,-0.31663528084754944,0.070285864174366,0.11387857794761658,-0.4282165467739105,-0.06627465784549713,0.037579141557216644,-0.4423687160015106,-0.07282918691635132,-0.09807047992944717,-0.008367344737052917,0.5060680508613586,0.11742454022169113,-0.37482842803001404,0.31015077233314514,0.14658275246620178,-0.5094118714332581,0.23224397003650665,0.10718077421188354,-0.3921951949596405,0.2855907678604126,-0.048735570162534714
181,0.17174677550792694,0.24780383706092834,0.6893442869186401,0.3418146073818207,0.15639621019363403,0.4318029582500458,0.16180917620658875,-0.16477474570274353,0.023712456226348877,0.006782546639442444,-0.4793645143508911,-0.011917158961296082,-0.0864138975739479,-0.4884697198867798,-0.017869170755147934,-0.06685037910938263,-0.35135555267333984,0.05831601843237877,-0.20716232061386108,-0.4621589183807373,0.1117987260222435,0.044055987149477005,-0.3490476608276367,0.10776422172784805,-0.1518317312002182,-0.6442820429801941,0.3143903911113739,-0.10084082931280136,-0.04429277032613754,-0.008290180936455727,-0.3490062654018402,-0.17950613796710968,-0.06352724879980087,-0.20963259041309357,-0.3640632629394531,-0.0829499214887619,-0.032852865755558014,-0.6101387143135071,0.2204221487045288,-0.05503140389919281,0.25599050521850586,-0.014171249233186245,-0.13521164655685425,0.08747836202383041,-0.16291658580303192,-0.012262305244803429,-0.07429172843694687,-0.16820362210273743,0.09031489491462708,-0.18609322607517242,-0.07448979467153549,0.06236706301569939,0.5483916401863098,0.03563425689935684,0.03168044239282608,0.3837603032588959,-0.10583687573671341,0.18507888913154602,0.28624939918518066,-0.08637940883636475,0.38882723450660706,0.1154664158821106,-0.06141011789441109
182,1.1452417373657227,-1.9599441289901733,-0.8320214748382568,0.9298655986785889,-0.5623324513435364,-0.6585293412208557,0.11819176375865936,-0.4348105490207672,0.06182819604873657,-0.4378232955932617,-0.06727168709039688,-0.7609870433807373,0.3864836096763611,0.23413975536823273,0.1512812077999115,-0.3768848180770874,-0.9137979745864868,0.11338578909635544,-0.552787184715271,-0.41512686014175415,-0.15027344226837158,-0.6704238057136536,-0.4185997545719147,-0.6693951487541199,0.6422485113143921,-0.3718093931674957,0.2671113610267639,-0.3750404119491577,0.0028916916344314814,-0.14345614612102509,-0.5329137444496155,-0.33154886960983276,-0.1165459081530571,-0.1705290526151657,-0.8304964303970337,0.15510419011116028,1.0733040571212769,-0.183870330452919,0.3602348566055298,0.11954617500305176,0.5290902256965637,-0.08289960026741028,-0.20855173468589783,0.22634711861610413,-0.4303431808948517,0.21434330940246582,-0.2777389585971832,-0.12217500060796738,0.5570235848426819,-0.6349626183509827,0.14776311814785004,0.40315181016921997,1.2502970695495605,-0.011034753173589706,0.47619345784187317,0.8734850883483887,-0.1934826821088791,0.7530313730239868,0.3137660324573517,-0.13112466037273407,1.2445428371429443,-0.13394013047218323,-0.03806338831782341
183,0.2337294965982437,0.5675442218780518,0.35750052332878113,0.06531606614589691,0.2978467047214508,0.3143329322338104,-0.3543996810913086,-0.03024331107735634,0.0136394202709198,-0.4881625175476074,-0.1754423826932907,0.060568712651729584,-0.6619259119033813,-0.27097633481025696,0.1463201940059662,-0.2002015858888626,-0.22852517664432526,-0.05915944278240204,-0.19451692700386047,-0.3805616497993469,0.02516598254442215,-0.1754380762577057,-0.4659264087677002,0.2190885841846466,-0.305242657661438,-0.7175980806350708,0.3385952115058899,-0.06131519377231598,0.009647141210734844,-0.02420095168054104,-0.1212649717926979,-0.19467578828334808,0.17195206880569458,-0.1362953931093216,-0.4712038040161133,0.3598225712776184,-0.09783641248941422,-0.4807502329349518,0.6337752938270569,0.13790090382099152,0.1576865017414093,0.03662128373980522,0.05481142923235893,-0.03804054856300354,0.17312152683734894,0.021613216027617455,-0.1561170220375061,0.4713408946990967,-0.08176616579294205,0.12261666357517242,0.46169596910476685,0.3224027156829834,0.32540836930274963,0.14725545048713684,0.18864315748214722,0.07934649288654327,0.4371594786643982,0.17106805741786957,0.13405060768127441,0.4861832857131958,0.13217909634113312,0.09529830515384674,0.5930820107460022
184,0.20330746471881866,0.5660431385040283,0.3583085238933563,0.04164815694093704,0.24887381494045258,0.2558962404727936,-0.3844515085220337,0.07199770957231522,-0.09541063010692596,-0.5505044460296631,-0.05355121195316315,-0.10266821086406708,0.28630515933036804,0.7611948251724243,-0.1267171949148178,-0.2173134833574295,-0.1677185297012329,-0.12285947799682617,-0.22328147292137146,-0.2877747416496277,-0.10719212889671326,-0.31410422921180725,-0.5490062832832336,0.0035762563347816467,-0.3057589530944824,-0.7165570855140686,0.11210024356842041,-0.0640745609998703,0.014009923674166203,-0.015238841995596886,-0.06935804337263107,-0.2736663520336151,0.05704762041568756,-0.04467153176665306,-0.38413000106811523,0.2685505747795105,-0.34308475255966187,-0.6802156567573547,0.7201336622238159,0.09237918257713318,0.13951623439788818,0.096316397190094,0.033546581864356995,-0.07775510102510452,0.1676124781370163,-0.014766188338398933,-0.30960339307785034,0.38525357842445374,-0.024981360882520676,-0.37630587816238403,0.6284943222999573,0.27699875831604004,0.2910921275615692,0.22844728827476501,0.17797230184078217,-0.002606656402349472,0.4431728720664978,0.11685580760240555,-0.08048199117183685,0.6132051944732666,0.15531544387340546,-0.10291565954685211,0.7828138470649719
185,0.0900585949420929,0.7716305255889893,0.26309019327163696,-0.08393032848834991,0.5401214957237244,0.20701806247234344,-0.4065467119216919,0.3242318332195282,0.27354633808135986,-0.4334632158279419,0.008205238729715347,0.308468222618103,-0.4031415283679962,0.13645224273204803,0.2980685532093048,-0.2644515037536621,0.0156407430768013,0.053690072149038315,-0.32579103112220764,-0.330335795879364,0.052876152098178864,-0.3954429030418396,-0.4693898856639862,0.14186468720436096,-0.49543529748916626,-0.7384466528892517,0.2511839270591736,-0.008041610941290855,0.01390122901648283,-0.001219179481267929,-0.03656113147735596,-0.30361875891685486,0.10843955725431442,-0.1272030919790268,-0.5342453122138977,0.32474225759506226,-0.18553587794303894,-0.7640671730041504,0.6425319910049438,0.20139096677303314,0.051205188035964966,0.018999796360731125,0.15963247418403625,-0.23805725574493408,0.1627444177865982,0.09569191187620163,-0.3598994314670563,0.43576255440711975,0.056327320635318756,-0.520869791507721,0.6681078672409058,0.43836361169815063,0.17275945842266083,0.05350518226623535,0.42471566796302795,-0.1390218734741211,0.2887292802333832,0.3326687812805176,-0.2624616324901581,0.492097944021225,0.3216860890388489,-0.2513532042503357,0.7145007252693176
186,0.09577570110559464,0.6154937744140625,0.4473072290420532,0.06812348961830139,0.375137597322464,0.3779633939266205,-0.24682019650936127,0.2285444438457489,0.4094569683074951,-0.17359589040279388,0.03112301230430603,0.31234434247016907,-0.2244957983493805,0.07753169536590576,0.24656344950199127,-0.25910693407058716,0.032407697290182114,0.14847466349601746,-0.3406878113746643,-0.3259958028793335,0.022311188280582428,-0.42196106910705566,-0.43527013063430786,0.07153411954641342,-0.474054217338562,-0.7276431918144226,0.13698291778564453,-0.016687961295247078,0.00874255783855915,0.005333238281309605,-0.0321337953209877,-0.3290003836154938,0.027998588979244232,-0.07161377370357513,-0.506928026676178,0.16962088644504547,-0.16326341032981873,-0.7492968440055847,0.43629562854766846,0.2075560837984085,0.03842266649007797,-0.026125073432922363,0.20692884922027588,-0.23540222644805908,0.03505294770002365,0.17859917879104614,-0.3730960190296173,0.31092220544815063,0.0836898684501648,-0.5766139626502991,0.6338897943496704,0.4684728980064392,0.13301903009414673,-0.011427439749240875,0.4705517590045929,-0.21485000848770142,0.1263604313135147,0.42929601669311523,-0.32570943236351013,0.31356167793273926,0.40560853481292725,-0.31807461380958557,0.48932406306266785
187,0.0784224271774292,0.5288681983947754,0.4659683406352997,0.056170277297496796,0.3681529462337494,0.3845756947994232,-0.2548140287399292,0.23026755452156067,0.4302729070186615,-0.11950848996639252,-0.02780546434223652,0.32832419872283936,0.03316126763820648,-0.024738365784287453,0.25264972448349,-0.25544124841690063,0.010372407734394073,0.15439429879188538,-0.32540836930274963,-0.34251201152801514,0.028573162853717804,-0.3983381986618042,-0.4174572825431824,0.04599042236804962,-0.46145862340927124,-0.7231802344322205,0.13879179954528809,-0.011711073108017445,0.007987016811966896,0.0038646983448415995,-0.027680564671754837,-0.32913872599601746,0.021327361464500427,-0.07046082615852356,-0.5044434070587158,0.14325843751430511,-0.15773960947990417,-0.7450165748596191,0.40801382064819336,0.2065475881099701,0.04695438966155052,-0.03196487948298454,0.21418443322181702,-0.23419919610023499,0.01634160988032818,0.1981281340122223,-0.37053632736206055,0.3034293055534363,0.09014720469713211,-0.5418179631233215,0.6447617411613464,0.472162663936615,0.12772749364376068,-0.01016649603843689,0.47672539949417114,-0.2073819637298584,0.087936632335186,0.44865772128105164,-0.3203289210796356,0.29876670241355896,0.4202440679073334,-0.3044719994068146,0.4585815370082855
188,0.1077946200966835,0.5549799203872681,0.4394279718399048,0.02479657158255577,0.4354417324066162,0.32097557187080383,-0.3022734522819519,0.2792806029319763,0.43162602186203003,-0.29696398973464966,0.14997904002666473,0.426044762134552,0.11668096482753754,0.18178050220012665,0.2572498619556427,-0.2580965757369995,0.024285297840833664,0.14877855777740479,-0.345077246427536,-0.32723528146743774,0.020182520151138306,-0.44880497455596924,-0.4446648955345154,0.05544213205575943,-0.5300484895706177,-0.7043167948722839,0.1658758521080017,-0.010364619083702564,0.005037043243646622,0.0006785672158002853,-0.023765966296195984,-0.3367270827293396,0.012358613312244415,-0.08020471036434174,-0.5153349041938782,0.20142300426959991,-0.19073817133903503,-0.7859888076782227,0.42934149503707886,0.2087990790605545,0.031291645020246506,-0.02448565885424614,0.2174217402935028,-0.25952252745628357,0.04171297699213028,0.20461539924144745,-0.3829006552696228,0.3091605603694916,0.09320337325334549,-0.5899696350097656,0.6558369398117065,0.4812520742416382,0.09849859774112701,-0.03408448398113251,0.4721786379814148,-0.29791495203971863,0.10513859242200851,0.433415949344635,-0.313620388507843,0.2854371666908264,0.4255979359149933,-0.3976171612739563,0.4723533093929291
189,0.10283965617418289,0.5273070931434631,0.47347816824913025,0.045251667499542236,0.4040300250053406,0.348616361618042,-0.2635191082954407,0.25484874844551086,0.4988420605659485,-0.27570563554763794,0.11673302948474884,0.445257306098938,0.1059047281742096,0.15449193120002747,0.10886494070291519,-0.262706458568573,0.030684221535921097,0.1422520875930786,-0.36104562878608704,-0.32187366485595703,0.013236410915851593,-0.44845789670944214,-0.42058247327804565,0.039901264011859894,-0.524478554725647,-0.7351744174957275,0.07666932046413422,-0.009469251148402691,0.00333114224486053,0.002095381496474147,-0.024911358952522278,-0.3432537615299225,-0.014060284942388535,-0.10647270083427429,-0.5105871558189392,0.1739312708377838,-0.20545229315757751,-0.7605903744697571,0.5000990629196167,0.21086061000823975,0.02974896878004074,-0.02430039271712303,0.21548381447792053,-0.26425009965896606,0.04676618427038193,0.201261967420578,-0.4075423777103424,0.28832927346229553,0.08539628982543945,-0.5870213508605957,0.6582729816436768,0.48466581106185913,0.08548460900783539,-0.03324047476053238,0.4672692120075226,-0.3152036666870117,0.10621632635593414,0.4242148995399475,-0.330305278301239,0.29574254155158997,0.4162985682487488,-0.395490825176239,0.48284637928009033
190,0.07045264542102814,0.5374400615692139,0.5102359652519226,0.034541137516498566,0.36256149411201477,0.41771578788757324,-0.24665789306163788,0.23531478643417358,0.48904573917388916,-0.11270684003829956,-0.053875602781772614,0.32669854164123535,-0.04579082876443863,0.07518094778060913,0.39762547612190247,-0.25393611192703247,0.02419310435652733,0.15372562408447266,-0.3566737473011017,-0.3277672529220581,0.002798989415168762,-0.4275735020637512,-0.42305734753608704,-0.023863423615694046,-0.49571138620376587,-0.7147251963615417,-0.07739749550819397,-0.01147041842341423,0.0038853702135384083,0.0056653399951756,-0.016967888921499252,-0.34548136591911316,-0.04419846460223198,-0.10127462446689606,-0.5204870104789734,0.11614634096622467,-0.19265210628509521,-0.7653765082359314,0.43889838457107544,0.20902758836746216,0.04114282876253128,-0.03134702518582344,0.21901312470436096,-0.2569679915904999,-0.0004742424935102463,0.21194837987422943,-0.405945360660553,0.2647814154624939,0.08273313194513321,-0.592673122882843,0.6403947472572327,0.4919459819793701,0.1005440205335617,-0.032341368496418,0.47894978523254395,-0.30543795228004456,0.04130490869283676,0.43680527806282043,-0.3128925859928131,0.2148551344871521,0.435027152299881,-0.408711314201355,0.4344140887260437
191,0.0678122267127037,0.5718809366226196,0.39914655685424805,0.02164449170231819,0.446591317653656,0.4157242178916931,-0.2934989929199219,0.31952965259552,0.40266722440719604,-0.09895190596580505,-0.005657736212015152,0.34778904914855957,-0.4150232970714569,0.1561880111694336,0.4468022286891937,-0.2539578080177307,0.028477128595113754,0.15620526671409607,-0.3643497824668884,-0.33442389965057373,0.014872148633003235,-0.42730414867401123,-0.42313694953918457,-0.003083273768424988,-0.49588483572006226,-0.7313757538795471,-0.05696672573685646,-0.012523483484983444,0.0028385608457028866,0.004123147111386061,-0.04733985662460327,-0.3370416760444641,-0.07133569568395615,-0.10100598633289337,-0.5300023555755615,0.12617023289203644,-0.18410348892211914,-0.7754616141319275,0.41900283098220825,0.21106040477752686,0.034767262637615204,-0.03169412538409233,0.219010591506958,-0.26326605677604675,-0.007608434185385704,0.21582724153995514,-0.40728896856307983,0.2594251036643982,0.09218466281890869,-0.6008241772651672,0.6310087442398071,0.4829442501068115,0.12012931704521179,-0.026359722018241882,0.4797736406326294,-0.28804802894592285,0.036528296768665314,0.44315624237060547,-0.31442174315452576,0.19563603401184082,0.44869324564933777,-0.41674596071243286,0.4254227876663208
192,0.06514771282672882,0.6098604798316956,0.42582249641418457,0.02874387614428997,0.46064522862434387,0.4219598174095154,-0.2856937646865845,0.29381054639816284,0.42612555623054504,-0.12275733053684235,0.005147106945514679,0.35962772369384766,-0.06843803077936172,0.08963847160339355,0.4231439232826233,-0.2500632405281067,0.017317581921815872,0.167873814702034,-0.3696969747543335,-0.33978134393692017,0.006850689649581909,-0.4281531572341919,-0.4322368800640106,-0.02634219080209732,-0.5144574642181396,-0.6879048943519592,0.022721007466316223,-0.015845607966184616,0.004077401012182236,0.008090903982520103,-0.04181081801652908,-0.33777403831481934,-0.0852755606174469,-0.0876224935054779,-0.540708601474762,0.11295492947101593,-0.1647144854068756,-0.783697783946991,0.40973106026649475,0.21091771125793457,0.04202459752559662,-0.03333407640457153,0.2175731658935547,-0.25663256645202637,-0.005582662299275398,0.21004271507263184,-0.42099443078041077,0.25838491320610046,0.09257831424474716,-0.6190177798271179,0.6316657662391663,0.4872894883155823,0.12639854848384857,-0.03144370764493942,0.4640871584415436,-0.21492302417755127,0.058983832597732544,0.44781219959259033,-0.31681910157203674,0.19663557410240173,0.45045191049575806,-0.43189817667007446,0.4236564338207245
193,0.051629532128572464,0.6181033849716187,0.4223548173904419,0.009991060942411423,0.4897438883781433,0.408877968788147,-0.27847838401794434,0.21235117316246033,0.5118631720542908,-0.15728451311588287,0.05622638761997223,0.3490564823150635,-0.06246349960565567,0.06157201528549194,0.41386348009109497,-0.25308215618133545,0.02027636393904686,0.16617010533809662,-0.3717876970767975,-0.34250134229660034,0.018930800259113312,-0.4262816309928894,-0.42749449610710144,-0.018839821219444275,-0.5106942653656006,-0.6824539303779602,0.03551292419433594,-0.015825027599930763,0.0040955087170004845,0.007451689336448908,-0.03852374106645584,-0.33922135829925537,-0.07493795454502106,-0.08402498066425323,-0.54777991771698,0.12719756364822388,-0.15665048360824585,-0.7840093374252319,0.4309198260307312,0.2127128541469574,0.04158667474985123,-0.03262142837047577,0.21881228685379028,-0.2537432312965393,-0.0029672589153051376,0.21243956685066223,-0.42558419704437256,0.2705899477005005,0.11095990985631943,-0.6349766850471497,0.6338942646980286,0.4841389060020447,0.1245993971824646,-0.03139136731624603,0.47235196828842163,-0.21558701992034912,0.06284286826848984,0.4590194523334503,-0.3136351704597473,0.19977842271327972,0.46471792459487915,-0.4392085671424866,0.4263345003128052
194,0.051629532128572464,0.6181033849716187,0.4223548173904419,0.009991060942411423,0.4897438883781433,0.408877968788147,-0.27847838401794434,0.21235117316246033,0.5118631720542908,-0.15728451311588287,0.05622638761997223,0.3490564823150635,-0.06246349960565567,0.06157201528549194,0.41386348009109497,-0.25308215618133545,0.02027636393904686,0.16617010533809662,-0.3717876970767975,-0.34250134229660034,0.018930800259113312,-0.4262816309928894,-0.42749449610710144,-0.018839821219444275,-0.5106942653656006,-0.6824539303779602,0.03551292419433594,-0.015825027599930763,0.0040955087170004845,0.007451689336448908,-0.03852374106645584,-0.33922135829925537,-0.07493795454502106,-0.08402498066425323,-0.54777991771698,0.12719756364822388,-0.15665048360824585,-0.7840093374252319,0.4309198260307312,0.2127128541469574,0.04158667474985123,-0.03262142837047577,0.21881228685379028,-0.2537432312965393,-0.0029672589153051376,0.21243956685066223,-0.42558419704437256,0.2705899477005005,0.11095990985631943,-0.6349766850471497,0.6338942646980286,0.4841389060020447,0.1245993971824646,-0.03139136731624603,0.47235196828842163,-0.21558701992034912,0.06284286826848984,0.4590194523334503,-0.3136351704597473,0.19977842271327972,0.46471792459487915,-0.4392085671424866,0.4263345003128052
195,0.08036482334136963,0.5926733613014221,0.42901408672332764,0.029771124944090843,0.47238361835479736,0.3962874114513397,-0.28843915462493896,0.28632017970085144,0.42541396617889404,-0.16073624789714813,0.04407829791307449,0.3638662099838257,-0.08152217417955399,0.08562644571065903,0.4276485741138458,-0.26024389266967773,0.03123610094189644,0.1588546186685562,-0.38515639305114746,-0.3363918662071228,0.017434559762477875,-0.4398559331893921,-0.3986074924468994,-0.020722314715385437,-0.5313307642936707,-0.6484700441360474,0.05491487681865692,-0.012021555565297604,0.0025381743907928467,0.0037803419400006533,-0.049453794956207275,-0.33246830105781555,-0.06686453521251678,-0.09316352009773254,-0.5183359384536743,0.1525624841451645,-0.15588364005088806,-0.735700786113739,0.5370038151741028,0.21432027220726013,0.03967517986893654,-0.031099911779165268,0.2195172905921936,-0.2833084464073181,0.03928452730178833,0.19446735084056854,-0.4144062101840973,0.28689706325531006,0.08105384558439255,-0.6119182109832764,0.6468858122825623,0.48117589950561523,0.11422038078308105,-0.026025816798210144,0.4674397110939026,-0.21281468868255615,0.07828085869550705,0.4500364363193512,-0.3104613125324249,0.21508678793907166,0.4594980776309967,-0.4230620861053467,0.45806604623794556
196,0.1475517600774765,0.6772257685661316,0.3392285108566284,-0.14982107281684875,0.4960242509841919,0.3580678701400757,-0.574072003364563,0.3142128586769104,0.3330313563346863,-0.6129592657089233,0.08243648707866669,0.12543968856334686,-0.3335213363170624,-0.010611655190587044,0.14081723988056183,-0.2754794955253601,0.004113528877496719,0.06504320353269577,-0.32026273012161255,-0.3459125757217407,0.08579545468091965,-0.26183345913887024,-0.48284676671028137,0.3088251054286957,-0.46956348419189453,-0.7284359931945801,0.4106261730194092,-0.010425356216728687,0.008237711153924465,-0.001634756801649928,-0.014466602355241776,-0.3326897621154785,0.05474281311035156,0.026897864416241646,-0.5014023780822754,0.41121363639831543,-0.15771043300628662,-0.7059714794158936,0.7231690883636475,0.20872069895267487,0.02465493232011795,0.005862816236913204,0.2036973536014557,-0.2611820101737976,0.1349046677350998,0.16390225291252136,-0.37057214975357056,0.4076032042503357,0.13952748477458954,-0.5443035364151001,0.6912490129470825,0.4575728178024292,0.14369364082813263,0.06429833173751831,0.43851038813591003,-0.2062305212020874,0.2586359679698944,0.39184436202049255,-0.3008669912815094,0.4542519748210907,0.360608845949173,-0.28761592507362366,0.6652154326438904
197,0.1486162692308426,0.7382178902626038,0.25183525681495667,-0.21044448018074036,0.38412266969680786,0.3777385652065277,-0.6202330589294434,0.16359737515449524,0.18147382140159607,-0.6871585249900818,-0.016168881207704544,0.09171488881111145,-0.3294242322444916,-0.1432677060365677,0.01649107225239277,-0.27547264099121094,-0.0007384940981864929,-0.0003760531544685364,-0.32441020011901855,-0.28071969747543335,0.04104885458946228,-0.22348237037658691,-0.48889878392219543,0.3255002796649933,-0.3588215708732605,-0.7990816831588745,0.5822494029998779,-0.011465366929769516,0.01129117514938116,-0.0038720136508345604,0.00625036284327507,-0.3091733455657959,0.14505219459533691,-0.09564739465713501,-0.46924543380737305,0.43518388271331787,-0.19638210535049438,-0.6867098212242126,0.8495855927467346,0.20193439722061157,0.0709756538271904,0.05871814489364624,0.13094177842140198,-0.20258352160453796,0.21639172732830048,0.07204946875572205,-0.31610745191574097,0.4762212932109833,-0.023178786039352417,-0.45972129702568054,0.756709635257721,0.4002476930618286,0.18270359933376312,0.16847465932369232,0.34779655933380127,-0.13822408020496368,0.3649446964263916,0.29306119680404663,-0.1886027306318283,0.5763562917709351,0.21494463086128235,-0.07953517138957977,0.7787530422210693
198,0.09370171278715134,0.683221161365509,0.3763415515422821,-0.18960702419281006,0.3696657121181488,0.3978571891784668,-0.554750382900238,0.0380244180560112,0.20294074714183807,-0.7049986720085144,-0.11272186785936356,0.11554890871047974,0.33546558022499084,0.727580189704895,-0.12853671610355377,-0.27923327684402466,-0.014957580715417862,-0.00587739422917366,-0.3097369074821472,-0.306601881980896,0.032329946756362915,-0.1876124143600464,-0.47969549894332886,0.2999192476272583,-0.3353502154350281,-0.78435218334198,0.5584326982498169,-0.00733094522729516,0.01546747051179409,-0.0032672747038304806,0.009048771113157272,-0.3027801215648651,0.15574052929878235,-0.07049325108528137,-0.45857328176498413,0.3683633804321289,-0.09056318551301956,-0.468954473733902,0.7206205725669861,0.18407703936100006,0.09299419820308685,0.05995429307222366,0.13844171166419983,-0.172361820936203,0.227068230509758,0.07815541326999664,-0.3076176047325134,0.48329663276672363,-0.04417538642883301,-0.4551982581615448,0.7571963667869568,0.35636186599731445,0.199072003364563,0.1780567318201065,0.3178725838661194,-0.04246482998132706,0.4028070569038391,0.2807738780975342,-0.08994744718074799,0.6069905757904053,0.22786742448806763,-0.02894933521747589,0.7691164016723633
199,0.0848357304930687,0.43960049748420715,0.6232424378395081,0.015247542411088943,0.11581147462129593,0.551567792892456,-0.1353364735841751,-0.2642133831977844,0.35082268714904785,-0.5534868240356445,-0.209628626704216,0.08742347359657288,-0.14699551463127136,-0.38202404975891113,-0.08869356662034988,-0.29110395908355713,-0.1512598693370819,0.021678032353520393,-0.26313456892967224,-0.2963815927505493,0.06189029663801193,-0.03776463121175766,-0.3776845335960388,0.30952170491218567,-0.2926144003868103,-0.6380780935287476,0.4695115387439728,-0.09705770015716553,-0.004756989423185587,-0.02185780741274357,-0.09233145415782928,-0.21996024250984192,0.04107794910669327,-0.0866754949092865,-0.3958614766597748,0.3999382257461548,0.08063123375177383,-0.3292109966278076,0.6728607416152954,0.058089692145586014,0.18387477099895477,0.048117123544216156,0.05178433656692505,-0.07394822686910629,0.214650958776474,0.0878220871090889,-0.17976932227611542,0.36770352721214294,0.10339266806840897,-0.2873688340187073,0.7657521963119507,0.27396833896636963,0.36514532566070557,0.20062817633152008,0.2625526785850525,0.22115415334701538,0.19581303000450134,0.2870703637599945,0.05527859181165695,0.495676726102829,0.3147416114807129,-0.048747509717941284,0.5791457891464233
200,0.0848357304930687,0.43960049748420715,0.6232424378395081,0.015247542411088943,0.11581147462129593,0.551567792892456,-0.1353364735841751,-0.2642133831977844,0.35082268714904785,-0.5534868240356445,-0.209628626704216,0.08742347359657288,-0.14699551463127136,-0.38202404975891113,-0.08869356662034988,-0.29110395908355713,-0.1512598693370819,0.021678032353520393,-0.26313456892967224,-0.2963815927505493,0.06189029663801193,-0.03776463121175766,-0.3776845335960388,0.30952170491218567,-0.2926144003868103,-0.6380780935287476,0.4695115387439728,-0.09705770015716553,-0.004756989423185587,-0.02185780741274357,-0.09233145415782928,-0.21996024250984192,0.04107794910669327,-0.0866754949092865,-0.3958614766597748,0.3999382257461548,0.08063123375177383,-0.3292109966278076,0.6728607416152954,0.058089692145586014,0.18387477099895477,0.048117123544216156,0.05178433656692505,-0.07394822686910629,0.214650958776474,0.0878220871090889,-0.17976932227611542,0.36770352721214294,0.10339266806840897,-0.2873688340187073,0.7657521963119507,0.27396833896636963,0.36514532566070557,0.20062817633152008,0.2625526785850525,0.22115415334701538,0.19581303000450134,0.2870703637599945,0.05527859181165695,0.495676726102829,0.3147416114807129,-0.048747509717941284,0.5791457891464233
201,0.22066782414913177,0.33718642592430115,0.6312199831008911,0.16310061514377594,0.16354303061962128,0.3421129584312439,-0.13909319043159485,-0.23857617378234863,-0.01873345673084259,-0.17482726275920868,-0.38444358110427856,-0.11840127408504486,-0.5272958874702454,-0.21238191425800323,-0.12715451419353485,-0.12537851929664612,-0.37361353635787964,-0.01269831508398056,-0.18195882439613342,-0.3518088459968567,-0.12069077789783478,0.1464088410139084,-0.34628379344940186,-0.023635100573301315,-0.3049611449241638,-0.6450980305671692,0.17560456693172455,-0.11018222570419312,-0.04391779750585556,-0.0095528494566679,-0.0844760462641716,-0.2203689068555832,0.012318350374698639,-0.1293381005525589,-0.3957235813140869,0.22133521735668182,0.25416457653045654,-0.2199014127254486,0.4406725764274597,0.05736369267106056,0.14800503849983215,0.10787534713745117,0.02525690570473671,-0.04513399302959442,0.13312333822250366,0.06755159795284271,-0.1971638947725296,0.20759542286396027,-0.21257081627845764,-0.43478694558143616,0.5956907868385315,0.08515991270542145,0.46645987033843994,0.20084448158740997,0.1023501306772232,0.21875032782554626,0.1746090203523636,0.1507452428340912,-0.036905478686094284,0.4466072916984558,0.26976701617240906,-0.053519219160079956,0.4369994103908539
202,0.2356259524822235,0.33471518754959106,0.6846528649330139,0.29940757155418396,0.1187945231795311,0.4028047025203705,-0.06977136433124542,-0.26863083243370056,0.02035653591156006,0.03240243345499039,-0.36962229013442993,-0.023199692368507385,-0.4103713929653168,-0.2856428921222687,-0.16207122802734375,-0.20332111418247223,-0.25277140736579895,-0.08610296249389648,-0.19759690761566162,-0.4784754514694214,-0.17251333594322205,0.13546054065227509,-0.36207982897758484,-0.03457971289753914,-0.2655782103538513,-0.6538513898849487,0.1647176444530487,-0.10395187884569168,-0.038369882851839066,-0.007680036593228579,-0.08927454054355621,-0.21946167945861816,-0.01489211991429329,-0.10457859933376312,-0.412835955619812,0.1388816237449646,0.22968608140945435,-0.23537957668304443,0.3935493528842926,0.014367002993822098,0.18857908248901367,0.09427628666162491,0.023856516927480698,-0.0035408083349466324,0.03551758825778961,0.08419641107320786,-0.2066783756017685,0.17123983800411224,-0.17278677225112915,-0.44065630435943604,0.5674187541007996,0.09038880467414856,0.4824560284614563,0.17208029329776764,0.11645110696554184,0.21465270221233368,0.1515800505876541,0.1946469247341156,-0.012026224285364151,0.3782438337802887,0.2221844643354416,-0.14342522621154785,0.552316427230835
203,0.16516263782978058,0.27242958545684814,0.7638441920280457,0.25707337260246277,0.07158291339874268,0.5077216625213623,-0.013357535004615784,-0.2856530547142029,0.05344913899898529,-0.33016979694366455,-0.3554142713546753,-0.055061280727386475,-0.4202418625354767,-0.3344572186470032,-0.17252422869205475,-0.20304612815380096,-0.27695462107658386,-0.07589800655841827,-0.23851513862609863,-0.4596593379974365,-0.16841596364974976,-0.21037906408309937,-0.53188157081604,0.05540189892053604,-0.2801973223686218,-0.6623989939689636,0.22141551971435547,-0.1018267422914505,-0.021838370710611343,-0.008004231378436089,-0.1488513946533203,-0.24183186888694763,-0.11680883914232254,-0.07572650909423828,-0.40589767694473267,0.12460777163505554,0.15164321660995483,-0.32102513313293457,0.48373478651046753,0.024188030511140823,0.20056961476802826,0.09848177433013916,0.02740674838423729,-0.02102241851389408,0.05409558117389679,0.09887638688087463,-0.20237669348716736,0.1419977992773056,0.12580645084381104,-0.3154531419277191,0.5810679197311401,0.18574456870555878,0.4710819125175476,0.1629183143377304,0.15807950496673584,0.14877411723136902,0.2901807129383087,0.2259805053472519,0.0417671836912632,0.22552180290222168,0.22733230888843536,-0.11243817210197449,0.5655838847160339
204,0.16516263782978058,0.27242958545684814,0.7638441920280457,0.25707337260246277,0.07158291339874268,0.5077216625213623,-0.013357535004615784,-0.2856530547142029,0.05344913899898529,-0.33016979694366455,-0.3554142713546753,-0.055061280727386475,-0.4202418625354767,-0.3344572186470032,-0.17252422869205475,-0.20304612815380096,-0.27695462107658386,-0.07589800655841827,-0.23851513862609863,-0.4596593379974365,-0.16841596364974976,-0.21037906408309937,-0.53188157081604,0.05540189892053604,-0.2801973223686218,-0.6623989939689636,0.22141551971435547,-0.1018267422914505,-0.021838370710611343,-0.008004231378436089,-0.1488513946533203,-0.24183186888694763,-0.11680883914232254,-0.07572650909423828,-0.40589767694473267,0.12460777163505554,0.15164321660995483,-0.32102513313293457,0.48373478651046753,0.024188030511140823,0.20056961476802826,0.09848177433013916,0.02740674838423729,-0.02102241851389408,0.05409558117389679,0.09887638688087463,-0.20237669348716736,0.1419977992773056,0.12580645084381104,-0.3154531419277191,0.5810679197311401,0.18574456870555878,0.4710819125175476,0.1629183143377304,0.15807950496673584,0.14877411723136902,0.2901807129383087,0.2259805053472519,0.0417671836912632,0.22552180290222168,0.22733230888843536,-0.11243817210197449,0.5655838847160339
205,0.14427450299263,0.0798807218670845,0.7753133773803711,0.35144293308258057,-0.026924746111035347,0.5916072130203247,0.32257941365242004,-0.3246173560619354,0.19639429450035095,0.1325932741165161,-0.4622442126274109,0.03111664578318596,0.5415283441543579,-0.02684321440756321,-0.19886809587478638,0.017837774008512497,-0.3934321999549866,0.039163511246442795,-0.13229316473007202,-0.503398060798645,-0.06551945954561234,-0.08931981772184372,-0.44772428274154663,-0.2754284143447876,0.050094544887542725,-0.47400930523872375,-0.3729652762413025,-0.10553412139415741,-0.05725632980465889,-0.009754827246069908,-0.2520636022090912,-0.16388042271137238,-0.2570231854915619,-0.010421272367238998,-0.18326431512832642,-0.366046667098999,0.1075795590877533,-0.3464648425579071,-0.10651462525129318,-0.10795646905899048,0.2512310743331909,-0.009187261573970318,-0.1965014934539795,0.10794428735971451,-0.19202420115470886,0.0671706348657608,0.059653352946043015,-0.31649601459503174,0.22387027740478516,-0.16938692331314087,-0.20906151831150055,-0.014389749616384506,0.5249254703521729,0.11558006703853607,-0.06007833778858185,0.3415754735469818,-0.18409942090511322,0.09036566317081451,0.1366041749715805,-0.25292086601257324,0.22541996836662292,0.12935177981853485,-0.33696964383125305
206,0.009750590659677982,0.07477081567049026,0.9124531745910645,0.3185853064060211,-0.21329154074192047,0.5736901760101318,0.32956254482269287,-0.484993040561676,0.1865532547235489,0.099222831428051,-0.36701470613479614,-0.18544228374958038,0.4517233073711395,-0.18695959448814392,0.03766538202762604,0.056916266679763794,-0.44776690006256104,0.040839605033397675,0.2314431071281433,-0.27654463052749634,-0.04802023619413376,0.08304111659526825,-0.16981671750545502,-0.2952481806278229,-0.06958988308906555,-0.31438544392585754,-0.5192145705223083,-0.10693995654582977,-0.05780010670423508,-0.007391008082777262,-0.18231704831123352,-0.08923034369945526,-0.32251179218292236,0.14491547644138336,-0.05732259154319763,-0.44321656227111816,-0.2539403736591339,-0.21662507951259613,-0.4720381498336792,-0.14292776584625244,0.23523975908756256,0.019376248121261597,-0.14952924847602844,0.18628907203674316,-0.26673614978790283,0.1388835310935974,0.20210905373096466,-0.33551251888275146,0.4255392253398895,0.07190492749214172,-0.27878037095069885,-0.09608449041843414,0.5144497156143188,0.11631672084331512,-0.03900869935750961,0.36803871393203735,-0.1793559342622757,0.077355295419693,0.3262087106704712,-0.21059276163578033,0.26535189151763916,0.21903814375400543,-0.28207463026046753
207,0.3334214389324188,0.4630340337753296,0.44331037998199463,0.4757327437400818,0.3719817101955414,0.11992853879928589,0.2783903479576111,0.04812898486852646,-0.5858205556869507,0.11637720465660095,-0.06165505573153496,-0.7549321055412292,-0.03486458212137222,-0.6581499576568604,-0.56670081615448,0.13701564073562622,-0.17807349562644958,-0.11845608055591583,0.0105087049305439,-0.4693921208381653,-0.141682967543602,-0.10295017808675766,-0.7111610174179077,-0.14233794808387756,-0.14106197655200958,-0.8794034719467163,-0.27810198068618774,-0.0018778170924633741,0.00737349409610033,0.0018993585836142302,-0.15117251873016357,-0.3004176616668701,0.09685688465833664,-0.10201753675937653,-0.4921295642852783,0.08870160579681396,-0.44625651836395264,-0.7470442652702332,0.2340710163116455,-0.09199033677577972,0.20422391593456268,0.06301633268594742,-0.286106139421463,0.011055994778871536,0.13448241353034973,-0.4492524564266205,-0.07571633160114288,0.006965970620512962,-0.6758530139923096,-0.29540103673934937,0.11793364584445953,-0.0866263285279274,0.4589782953262329,0.11760980635881424,-0.3951543867588043,0.33418065309524536,0.08348299562931061,-0.519097089767456,0.18316298723220825,0.06527596712112427,-0.14132623374462128,0.3197099566459656,-0.1656644642353058
208,0.6648682951927185,0.5740997195243835,-0.009498059749603271,0.6168330907821655,0.15007233619689941,-0.3777971863746643,0.5310698747634888,-0.3290965259075165,-0.5916550159454346,0.27171868085861206,-0.8396131992340088,-0.5597670674324036,0.410959929227829,-1.154746174812317,-0.28324267268180847,0.20833554863929749,-0.2364051640033722,-0.13069652020931244,0.028491582721471786,-0.4740975499153137,-0.08658093214035034,-0.32689911127090454,-0.5957703590393066,-0.1988246738910675,-0.4006602168083191,-0.6922131180763245,-0.11252618581056595,-0.007717270869761705,0.008640260435640812,6.96884817443788e-05,-0.24339541792869568,-0.21873505413532257,0.08304273337125778,-0.4892584979534149,-0.37944382429122925,-0.010736409574747086,-0.5976768136024475,-0.5723318457603455,-0.052397213876247406,-0.11255380511283875,0.2176583856344223,0.031121771782636642,-0.3603968024253845,0.02020164579153061,0.06959950923919678,-0.5514166951179504,-0.09034216403961182,-0.06527503579854965,-0.7282565832138062,-0.27851253747940063,-0.20888817310333252,-0.10605020821094513,0.49643704295158386,0.013779448345303535,-0.5079420804977417,0.2798444628715515,0.16170218586921692,-0.6205588579177856,0.1731170266866684,-0.014189433306455612,-0.7140373587608337,0.0023072510957717896,-0.008077419362962246
209,0.6050127744674683,0.6198466420173645,0.0024179816246032715,0.6816819310188293,0.17316147685050964,-0.3505523204803467,0.5710077881813049,-0.37307944893836975,-0.6375460624694824,0.35844749212265015,-0.8433864712715149,-0.5765730738639832,0.7690619826316833,-1.2086249589920044,-0.30379271507263184,0.1978999227285385,-0.24388298392295837,-0.11085692048072815,-0.009680233895778656,-0.5083397030830383,-0.056998636573553085,-0.32648536562919617,-0.6414909362792969,-0.22596696019172668,-0.4332337975502014,-0.7801971435546875,-0.16461677849292755,-0.005302055738866329,8.574844105169177e-05,-0.001202467130497098,-0.2598688006401062,-0.2272297590970993,0.10025682300329208,-0.4630301296710968,-0.43511778116226196,0.022421710193157196,-0.6290722489356995,-0.6533655524253845,-0.08808691054582596,-0.09127156436443329,0.22516167163848877,-0.00879777129739523,-0.3716012239456177,0.04906529560685158,0.07549735903739929,-0.5834341049194336,-0.08781953155994415,-0.004260629415512085,-0.7240307331085205,-0.3150672912597656,-0.1871286779642105,-0.05717654153704643,0.5359650254249573,-0.062357544898986816,-0.5390943884849548,0.29064369201660156,0.04561299458146095,-0.6847195625305176,0.1174824982881546,0.003970205783843994,-0.7867652177810669,-0.027137383818626404,-0.07115112990140915
210,0.6659583449363708,0.5757758617401123,0.06025296449661255,0.6762400269508362,0.16729488968849182,-0.3496302366256714,0.5669481754302979,-0.3667456805706024,-0.6484119892120361,0.34613236784935,-0.8448631763458252,-0.5812244415283203,0.626467764377594,-1.1124790906906128,-0.44050848484039307,0.20132771134376526,-0.2452213168144226,-0.11355787515640259,-0.009619750082492828,-0.5117486715316772,-0.0497635155916214,-0.3283239006996155,-0.6493059992790222,-0.2381395399570465,-0.4490220546722412,-0.7778258323669434,-0.15241114795207977,-0.005917242728173733,-0.0001622521667741239,-0.0018594642169773579,-0.2560383081436157,-0.2235317826271057,0.09783387929201126,-0.47041675448417664,-0.4293132722377777,0.01887156069278717,-0.6395150423049927,-0.6418832540512085,-0.0949561670422554,-0.09223592281341553,0.22839415073394775,-0.01290335413068533,-0.37384194135665894,0.05488228052854538,0.06908536702394485,-0.5839015245437622,-0.08168845623731613,-0.013475988060235977,-0.7276631593704224,-0.30929821729660034,-0.17876312136650085,-0.061584893614053726,0.5409290194511414,-0.06509522348642349,-0.5417754054069519,0.29792678356170654,0.024961834773421288,-0.6864384412765503,0.12050437927246094,0.0009002629667520523,-0.7863898277282715,-0.017687782645225525,-0.09543060511350632
211,0.20978888869285583,0.2639818787574768,0.7138675451278687,0.4026865065097809,-0.011686248704791069,0.3683643937110901,0.35762250423431396,-0.25399476289749146,-0.22983147203922272,0.1705799549818039,-0.29959648847579956,-0.39354419708251953,0.403421014547348,-0.2404068559408188,-0.23744849860668182,0.03314013406634331,-0.3944897949695587,0.00360952690243721,-0.012974359095096588,-0.43221330642700195,-0.07664759457111359,-0.008345343172550201,-0.4026428759098053,-0.07545515894889832,-0.1237669438123703,-0.5167745351791382,-0.23722650110721588,-0.09912040084600449,-0.06666602939367294,-0.0020771529525518417,-0.2624964714050293,-0.1317662000656128,-0.15244723856449127,-0.08351391553878784,-0.11593441665172577,-0.2952635884284973,-0.15004035830497742,-0.09948322176933289,-0.23337975144386292,-0.11759577691555023,0.21388374269008636,0.047696106135845184,-0.2378324270248413,0.14217838644981384,-0.07919546216726303,-0.03904157131910324,0.14540839195251465,-0.17470259964466095,0.0903932973742485,0.180059552192688,-0.21297843754291534,0.0009972639381885529,0.462881863117218,0.1453515589237213,-0.10098980367183685,0.3933161497116089,-0.04198842868208885,0.18824753165245056,0.30642789602279663,-0.09886502474546432,0.27726128697395325,0.3175966143608093,-0.08971092104911804
212,0.07207353413105011,0.2266431450843811,0.7484822273254395,0.3388212323188782,0.09670697897672653,0.5098873376846313,0.28807610273361206,-0.141838937997818,0.2952873408794403,0.2378329634666443,-0.3940354585647583,-0.026786476373672485,0.15197105705738068,-0.26863086223602295,-0.3145509660243988,0.044198859483003616,-0.3863912522792816,0.07206639647483826,-0.14445477724075317,-0.4681534767150879,-0.19198353588581085,0.015557363629341125,-0.4134788513183594,-0.3476924002170563,0.3440667986869812,-0.1553802490234375,-0.3309457302093506,-0.09556836634874344,-0.05588604509830475,0.002788619603961706,-0.19523075222969055,-0.22364242374897003,-0.258912593126297,0.05472123622894287,-0.19430050253868103,-0.4009840488433838,0.4765690267086029,0.03130161017179489,-0.18620771169662476,-0.12076692283153534,0.22072163224220276,-0.02630317211151123,-0.16990038752555847,0.08631696552038193,-0.27477458119392395,0.08612634986639023,0.09534434229135513,-0.2234395146369934,0.3579854369163513,0.02218472585082054,0.054278384894132614,-0.08832547813653946,0.5073701739311218,-0.013713531196117401,-0.11557288467884064,0.33057335019111633,-0.23991471529006958,0.07102439552545547,0.21232350170612335,-0.16002394258975983,0.19272460043430328,-0.003622390329837799,-0.191269651055336
213,0.06737761199474335,0.5061368346214294,0.4721474051475525,0.04092356190085411,0.32122138142585754,0.39938947558403015,-0.38107824325561523,0.09876400977373123,0.3378430902957916,-0.6759942173957825,0.14246714115142822,0.07160746306180954,-0.495082825422287,-0.11081476509571075,-0.033646322786808014,-0.2573845386505127,-0.04701666161417961,-0.004079245030879974,-0.38771095871925354,-0.19877269864082336,-0.014262460172176361,-0.3346495032310486,-0.4252384305000305,0.1139216348528862,-0.3208991289138794,-0.6113933324813843,0.03373921662569046,-0.04595217853784561,0.013086442835628986,-0.009252149611711502,-0.09763143211603165,-0.2270321547985077,0.16678649187088013,-0.18786104023456573,-0.40081560611724854,0.34811121225357056,-0.38853782415390015,-0.6131236553192139,0.7030763626098633,0.14707989990711212,0.12522922456264496,0.007878929376602173,0.05020206421613693,-0.11637251824140549,0.2178121954202652,-0.005488177761435509,-0.188481405377388,0.500360906124115,-0.2942008376121521,-0.448391318321228,0.7607907056808472,0.31815463304519653,0.334573358297348,0.06379930675029755,0.28412124514579773,0.005776271224021912,0.3074134290218353,0.2664371132850647,-0.04647910222411156,0.5362319946289062,0.2431233525276184,-0.06667943298816681,0.7267505526542664
214,0.017379336059093475,0.5705373287200928,0.4043494462966919,0.04307744279503822,0.33183783292770386,0.42081815004348755,-0.4073101282119751,0.18624597787857056,0.3305143117904663,-0.673336386680603,0.13103793561458588,0.08198069036006927,0.2293127179145813,0.043647974729537964,0.19790789484977722,-0.28943443298339844,-0.15030550956726074,0.027424897998571396,-0.35568106174468994,-0.2104976773262024,-0.053502388298511505,-0.2850121557712555,-0.4222221076488495,0.049114860594272614,-0.4208108186721802,-0.6411516666412354,0.248562753200531,-0.05334905534982681,0.012383644469082355,-0.010334836319088936,-0.11476225405931473,-0.1907230168581009,0.029291808605194092,-0.17312690615653992,-0.4011997878551483,0.2697238326072693,-0.3123658299446106,-0.5741738080978394,0.6747966408729553,0.15067702531814575,0.12053709477186203,0.0039161755703389645,0.050849489867687225,-0.05310264229774475,0.14475013315677643,-0.009973008185625076,-0.24697619676589966,0.41496363282203674,-0.1932898461818695,-0.41151130199432373,0.6478227972984314,0.21348977088928223,0.37661123275756836,0.08582800626754761,0.2751600444316864,-0.06429539620876312,0.3387274146080017,0.2844095826148987,-0.050927747040987015,0.44662442803382874,0.2053992748260498,-0.12071959674358368,0.6866114735603333
215,0.017379336059093475,0.5705373287200928,0.4043494462966919,0.04307744279503822,0.33183783292770386,0.42081815004348755,-0.4073101282119751,0.18624597787857056,0.3305143117904663,-0.673336386680603,0.13103793561458588,0.08198069036006927,0.2293127179145813,0.043647974729537964,0.19790789484977722,-0.28943443298339844,-0.15030550956726074,0.027424897998571396,-0.35568106174468994,-0.2104976773262024,-0.053502388298511505,-0.2850121557712555,-0.4222221076488495,0.049114860594272614,-0.4208108186721802,-0.6411516666412354,0.248562753200531,-0.05334905534982681,0.012383644469082355,-0.010334836319088936,-0.11476225405931473,-0.1907230168581009,0.029291808605194092,-0.17312690615653992,-0.4011997878551483,0.2697238326072693,-0.3123658299446106,-0.5741738080978394,0.6747966408729553,0.15067702531814575,0.12053709477186203,0.0039161755703389645,0.050849489867687225,-0.05310264229774475,0.14475013315677643,-0.009973008185625076,-0.24697619676589966,0.41496363282203674,-0.1932898461818695,-0.41151130199432373,0.6478227972984314,0.21348977088928223,0.37661123275756836,0.08582800626754761,0.2751600444316864,-0.06429539620876312,0.3387274146080017,0.2844095826148987,-0.050927747040987015,0.44662442803382874,0.2053992748260498,-0.12071959674358368,0.6866114735603333
216,0.07360318303108215,0.5683820247650146,0.43890732526779175,-0.04418904706835747,0.4450362026691437,0.36638548970222473,-0.4066733717918396,0.20026695728302002,0.2974470853805542,-0.6736636161804199,0.09300637245178223,0.10471035540103912,-0.49793270230293274,-0.01452271081507206,0.07284767180681229,-0.2761375904083252,-0.08828771114349365,0.008611319586634636,-0.3251664936542511,-0.24033132195472717,-0.03399138152599335,-0.2997415363788605,-0.41894832253456116,0.10181710869073868,-0.4420209527015686,-0.6574987173080444,0.37988704442977905,-0.054011039435863495,0.0127872871235013,-0.010585814714431763,-0.06847995519638062,-0.24339944124221802,0.09817828983068466,-0.13265852630138397,-0.4055323302745819,0.3216310143470764,-0.3177139163017273,-0.6024083495140076,0.6847748160362244,0.1551274210214615,0.1253722757101059,0.007796864956617355,0.0767587423324585,-0.12277472764253616,0.24181418120861053,0.030530527234077454,-0.2693123519420624,0.42159947752952576,-0.21742674708366394,-0.4461720287799835,0.6885923743247986,0.336912602186203,0.3372383713722229,0.042069774121046066,0.3380582332611084,0.04730847477912903,0.32811596989631653,0.21282033622264862,-0.11673344671726227,0.5311417579650879,0.16044506430625916,-0.1404421627521515,0.7174015641212463
217,0.09477009624242783,0.6468740701675415,0.28778207302093506,-0.09249953925609589,0.4324299693107605,0.30411478877067566,-0.507573664188385,0.20342695713043213,0.30648428201675415,-0.6963207721710205,0.09939675033092499,0.17347651720046997,-0.38342371582984924,-0.015294941142201424,0.129186749458313,-0.27418529987335205,0.0139634869992733,0.010746162384748459,-0.3588384687900543,-0.24465613067150116,0.006360195577144623,1.2855433225631714,-0.8229218125343323,0.67951899766922,-0.48395782709121704,-0.6686217188835144,0.29978373646736145,-0.01488118153065443,0.0175420343875885,-0.002177020302042365,-0.07380983233451843,-0.2851405143737793,0.21830353140830994,-0.15434454381465912,-0.4540373980998993,0.3632417917251587,-0.38561612367630005,-0.6360857486724854,0.7687585949897766,0.19550876319408417,0.06597078591585159,0.040493130683898926,0.06953410804271698,-0.12877938151359558,0.24188034236431122,-0.01660149358212948,-0.2749331593513489,0.46910881996154785,-0.2322189211845398,-0.4174079895019531,0.7837445139884949,0.3806013762950897,0.2216510772705078,0.09460707008838654,0.33924800157546997,-0.011356055736541748,0.3995494842529297,0.1934753656387329,-0.08934341371059418,0.575982928276062,0.16649898886680603,0.016301706433296204,0.7755188345909119
218,0.08739534020423889,0.7376171350479126,0.09350967407226562,-0.10967329144477844,0.4954937696456909,0.19437456130981445,-0.542559802532196,0.27164989709854126,0.2930203676223755,-0.7010467052459717,0.13514617085456848,0.20233675837516785,-0.3674313724040985,0.011410250328481197,0.14370127022266388,-0.27874869108200073,0.03279140964150429,-0.0004509761929512024,-0.36801156401634216,-0.2522566020488739,0.08229248970746994,1.2522499561309814,-0.829547107219696,0.6856226921081543,-0.5347468256950378,-0.6958568692207336,0.48671337962150574,-0.011444984003901482,0.015269746072590351,-0.002743304707109928,-0.08661717921495438,-0.28122326731681824,0.1856335997581482,-0.07247522473335266,-0.3588522970676422,0.44765013456344604,-0.40276044607162476,-0.6696133017539978,0.7612234354019165,0.2030385136604309,0.041815660893917084,0.05312935635447502,0.05502874404191971,-0.20077013969421387,0.254922479391098,-0.009077545255422592,-0.28420406579971313,0.49455174803733826,-0.23990985751152039,-0.4397883415222168,0.7917938232421875,0.4065687954425812,0.15894359350204468,0.1250426322221756,0.32859137654304504,-0.12260265648365021,0.4074770212173462,0.2750498056411743,-0.02414584532380104,0.5944900512695312,0.14901883900165558,0.0331035852432251,0.7927473783493042
219,0.09297119081020355,0.7706954479217529,0.27174246311187744,-0.09296756982803345,0.47980040311813354,0.2708266079425812,-0.45919716358184814,0.23239442706108093,0.3623644709587097,-0.697831392288208,0.1312600076198578,0.2734927535057068,-0.608812689781189,0.10826489329338074,0.22283321619033813,-0.2737289071083069,0.03355440869927406,0.050448864698410034,-0.39969268441200256,-0.25440651178359985,0.0683261826634407,-0.39899107813835144,-0.3865283131599426,0.11727305501699448,-0.5912685394287109,-0.7067123055458069,0.31655406951904297,-0.013853966258466244,0.009375493042171001,0.0021229225676506758,-0.057529546320438385,-0.32087090611457825,0.130984365940094,-0.07746599614620209,-0.46980759501457214,0.4695332646369934,-0.3067890405654907,-0.6512055397033691,0.8231720924377441,0.20880867540836334,0.03827375918626785,0.019972622394561768,0.14586329460144043,-0.23771309852600098,0.1752706617116928,0.05195927619934082,-0.4408072829246521,0.4037451446056366,-0.10611351579427719,-0.4784180223941803,0.791412889957428,0.45336657762527466,0.20732326805591583,0.04803384095430374,0.3564724028110504,-0.22898489236831665,0.2961994707584381,0.2968658208847046,-0.2759702205657959,0.5146013498306274,0.30973878502845764,-0.10308749973773956,0.7806148529052734
220,0.10814749449491501,0.6458447575569153,0.3869723081588745,0.012951932847499847,0.4536922872066498,0.38597750663757324,-0.3373345136642456,0.11471565812826157,0.42562347650527954,-0.4895339608192444,-0.05007246881723404,0.3804222345352173,-0.13134008646011353,-0.021059082821011543,0.032715000212192535,-0.28729283809661865,0.012927543371915817,0.10206041485071182,-0.3911359906196594,-0.2602415084838867,0.003037557005882263,-0.37456732988357544,-0.4133637547492981,0.0980628952383995,-0.5401279926300049,-0.656805157661438,0.23424187302589417,-0.014181669801473618,0.007121197413653135,0.0033235731534659863,-0.039406657218933105,-0.342630535364151,0.0375455841422081,-0.0010277517139911652,-0.4832014739513397,0.35899168252944946,-0.22011429071426392,-0.6776562333106995,0.6908222436904907,0.2168947160243988,0.026374347507953644,-0.009679456241428852,0.20065823197364807,-0.2661471664905548,0.07578106969594955,0.13095466792583466,-0.3566749393939972,0.32110801339149475,0.13911223411560059,-0.4910965859889984,0.6500781178474426,0.47926855087280273,0.16313070058822632,0.000401325523853302,0.469523161649704,-0.23559781908988953,0.18071171641349792,0.3962382674217224,-0.33071368932724,0.35422399640083313,0.3739709258079529,-0.3056168854236603,0.5699548125267029
221,0.09615889191627502,0.6274256110191345,0.41194796562194824,0.009880974888801575,0.4866623878479004,0.3550160229206085,-0.33950936794281006,0.16265174746513367,0.41047045588493347,-0.4784339666366577,6.358698010444641e-05,0.4287238121032715,-0.08102785795927048,-0.01338498480618,0.04584331810474396,-0.2844165563583374,0.016758684068918228,0.11993679404258728,-0.4049164950847626,-0.24308612942695618,0.012178510427474976,-0.39722687005996704,-0.41763070225715637,0.0972491130232811,-0.5407800078392029,-0.6858618259429932,0.2531117796897888,-0.014466841705143452,0.007468751631677151,0.00394698278978467,-0.049839913845062256,-0.3443039655685425,0.01598210632801056,-0.0016201697289943695,-0.491990327835083,0.3131430745124817,-0.21925920248031616,-0.7090555429458618,0.6281520128250122,0.22616001963615417,0.024838846176862717,-0.01661146804690361,0.20585453510284424,-0.26537030935287476,0.05485811084508896,0.1527756005525589,-0.3746013045310974,0.30203306674957275,0.16615664958953857,-0.5084546804428101,0.6153314113616943,0.47244417667388916,0.16778874397277832,-0.019450731575489044,0.48021063208580017,-0.23154714703559875,0.13431572914123535,0.4135614335536957,-0.3179062008857727,0.3082418441772461,0.3960796594619751,-0.30541732907295227,0.5261683464050293
222,-0.001392497681081295,0.6399600505828857,0.4792647361755371,-0.05966423079371452,0.4179789423942566,0.47640806436538696,-0.2873668670654297,0.09287599474191666,0.41847318410873413,-0.32534730434417725,-0.005982477217912674,0.4510236978530884,0.09795111417770386,0.016858218237757683,-0.06454025208950043,-0.293254017829895,-0.008671034127473831,0.12296236306428909,-0.44898462295532227,-0.25018978118896484,0.005887620151042938,-0.4021953046321869,-0.46419504284858704,0.0655549094080925,-0.4097745418548584,-0.6901876926422119,0.23077699542045593,-0.017644573003053665,0.0038378657773137093,0.0054837861098349094,-0.050378091633319855,-0.32933369278907776,-0.07045905292034149,-0.031198013573884964,-0.5279191732406616,0.11265082657337189,-0.1397048830986023,-0.7544320225715637,0.5056036710739136,0.20916064083576202,0.048141561448574066,-0.02811748906970024,0.20506277680397034,-0.25456586480140686,-0.0002193208783864975,0.15669290721416473,-0.4244077801704407,0.20641225576400757,0.10921104997396469,-0.5981676578521729,0.5019122958183289,0.48037487268447876,0.2041199654340744,-0.04619096219539642,0.4569873511791229,-0.1761951893568039,-0.04899308457970619,0.42228955030441284,-0.34057044982910156,0.17475271224975586,0.4120157063007355,-0.3983561396598816,0.340027391910553
223,0.016831889748573303,0.7258133292198181,0.3590582609176636,-0.08948391675949097,0.46634694933891296,0.39606279134750366,-0.334635853767395,0.1663125455379486,0.38694581389427185,-0.4159861207008362,-0.05596742779016495,0.2777422070503235,0.15284308791160583,-0.02970997802913189,-0.09177571535110474,-0.28323352336883545,0.02559829130768776,0.1296849548816681,-0.4376389980316162,-0.2542731463909149,0.03612402826547623,-0.4383261203765869,-0.4502411484718323,0.10756135731935501,-0.43264609575271606,-0.6950905323028564,0.35674339532852173,-0.014657821506261826,0.00637924624606967,0.00351818953640759,-0.0516599640250206,-0.32235077023506165,0.00910765677690506,-0.008390117436647415,-0.5171945691108704,0.2309577316045761,-0.13311511278152466,-0.7434604167938232,0.5586350560188293,0.21433988213539124,0.04629448801279068,-0.024329159408807755,0.18775761127471924,-0.2565082609653473,0.026114245876669884,0.18001973628997803,-0.4225302040576935,0.22479693591594696,0.11856871098279953,-0.6216467022895813,0.5049315094947815,0.4627814292907715,0.16103580594062805,-0.023429688066244125,0.43852654099464417,-0.2035977989435196,0.04407670348882675,0.4104539155960083,-0.31740328669548035,0.24960392713546753,0.44287148118019104,-0.3721303939819336,0.3973047435283661
224,0.04372318089008331,0.7555422782897949,0.3591024875640869,-0.08610798418521881,0.47553616762161255,0.3877488374710083,-0.3336361050605774,0.16729265451431274,0.3811219334602356,-0.4059717655181885,-0.0862678736448288,0.2849116027355194,0.11925391852855682,-0.050946466624736786,-0.07151234894990921,-0.28628093004226685,0.021531391888856888,0.1264837086200714,-0.4415648579597473,-0.251592755317688,0.04057390242815018,-0.4156782031059265,-0.4851089417934418,0.11554720252752304,-0.4228702783584595,-0.7353416681289673,0.3214433789253235,-0.01631118915975094,0.006529840175062418,0.0032605722080916166,-0.05116704851388931,-0.32722240686416626,0.013542823493480682,-0.01735798642039299,-0.5317642092704773,0.2395724505186081,-0.1910446286201477,-0.8036558032035828,0.6256294846534729,0.21741417050361633,0.038717061281204224,-0.027433153241872787,0.1918146312236786,-0.26626572012901306,0.02966148965060711,0.17921105027198792,-0.43936169147491455,0.2253894805908203,0.1177203506231308,-0.6409483551979065,0.5179004669189453,0.45731884241104126,0.15094861388206482,-0.03707367926836014,0.4407035708427429,-0.22110947966575623,0.03601394221186638,0.40925657749176025,-0.3547270894050598,0.23615199327468872,0.4430879056453705,-0.3931138515472412,0.3847900331020355
225,0.05331248417496681,0.731755256652832,0.29873019456863403,-0.07714341580867767,0.44977259635925293,0.3494306206703186,-0.3524172902107239,0.18853512406349182,0.31612494587898254,-0.41341912746429443,-0.07278311997652054,0.3014247417449951,0.08744578808546066,-0.05970476567745209,-0.06183001399040222,-0.29081952571868896,0.01747966930270195,0.10229017585515976,-0.42458730936050415,-0.24184194207191467,0.0538492277264595,-0.4266200065612793,-0.4639316499233246,0.18906450271606445,-0.4143528342247009,-0.7195359468460083,0.3817846477031708,-0.013518046587705612,0.0057474966160953045,0.0031333877705037594,-0.040530748665332794,-0.3532852232456207,0.04653147608041763,-0.017326053231954575,-0.5235031247138977,0.29052966833114624,-0.14576229453086853,-0.7442927956581116,0.644494354724884,0.2148953378200531,0.03149285167455673,-0.018584642559289932,0.18845689296722412,-0.2654983699321747,0.06016425043344498,0.17298100888729095,-0.43943366408348083,0.2783609628677368,0.14149056375026703,-0.606229305267334,0.5921905040740967,0.46892982721328735,0.13533438742160797,-0.03576742857694626,0.4443066418170929,-0.23920750617980957,0.09094050526618958,0.4085713028907776,-0.33334988355636597,0.2928258180618286,0.42261573672294617,-0.3544805645942688,0.4416221082210541
226,0.0719604566693306,0.7341023087501526,0.3047409653663635,-0.07118561863899231,0.4610746502876282,0.31743568181991577,-0.3394008278846741,0.19307395815849304,0.3053942918777466,-0.6521722078323364,0.10185033082962036,0.4057924747467041,0.044290632009506226,-0.044198259711265564,-0.05698077380657196,-0.29150325059890747,0.01517581194639206,0.0983927994966507,-0.42212292551994324,-0.24650762975215912,0.056785911321640015,-0.3175182044506073,-0.5010576248168945,0.20796650648117065,-0.4300832152366638,-0.740447461605072,0.3406541347503662,-0.013399101793766022,0.004120486322790384,0.0019784269388765097,-0.03787752240896225,-0.3502731919288635,0.03325406461954117,-0.02493002638220787,-0.5265879034996033,0.2796345353126526,-0.1536378264427185,-0.7801963090896606,0.6062042713165283,0.21315598487854004,0.030778108164668083,-0.016968078911304474,0.1845342516899109,-0.2700350880622864,0.05400305241346359,0.17306360602378845,-0.45303356647491455,0.26507455110549927,0.13081440329551697,-0.6337847113609314,0.5697892904281616,0.47116631269454956,0.13001364469528198,-0.028490416705608368,0.45471757650375366,-0.26784130930900574,0.05660270154476166,0.39457762241363525,-0.3649396598339081,0.2734331786632538,0.4088117778301239,-0.39241552352905273,0.4133029282093048
227,0.03035709261894226,0.7726256251335144,0.3279883563518524,-0.08910872042179108,0.4595238268375397,0.38304051756858826,-0.353501558303833,0.16184085607528687,0.3700205385684967,-0.3272784352302551,-0.06567201018333435,0.3299688696861267,0.19051578640937805,-0.04873548448085785,-0.08440721780061722,-0.28362762928009033,0.019460726529359818,0.12193998694419861,-0.3848457336425781,-0.33776718378067017,0.052634261548519135,-0.4444465637207031,-0.46367204189300537,0.09367670863866806,-0.2527414560317993,-0.8172211647033691,0.5179544687271118,-0.01289359387010336,0.0063535114750266075,0.002300406340509653,-0.04847535490989685,-0.32727229595184326,0.03394615650177002,-0.02649100497364998,-0.5260180830955505,0.2532532215118408,-0.13955265283584595,-0.7858259081840515,0.5715303421020508,0.21486032009124756,0.03605446219444275,-0.025902457535266876,0.19065406918525696,-0.26659417152404785,0.03585153818130493,0.1567235141992569,-0.44116273522377014,0.24526731669902802,0.11422622203826904,-0.6275677680969238,0.5382054448127747,0.45955991744995117,0.13843554258346558,-0.030298374593257904,0.4436034858226776,-0.23256343603134155,0.061694711446762085,0.41610440611839294,-0.34764790534973145,0.25291070342063904,0.42956873774528503,-0.3904120922088623,0.4318566620349884
228,0.031001485884189606,0.7351175546646118,0.3913518786430359,-0.103718101978302,0.4453484117984772,0.424707293510437,-0.3421974182128906,0.12124484032392502,0.39499956369400024,-0.3221701383590698,-0.07256239652633667,0.4669204354286194,0.1689445674419403,-0.052072249352931976,-0.07960725575685501,-0.2897791862487793,0.007840748876333237,0.12167727947235107,-0.3952673077583313,-0.3311784267425537,0.0225650817155838,-0.42466485500335693,-0.47355908155441284,0.12075912207365036,-0.4426293969154358,-0.6936048865318298,0.3582868278026581,-0.012529191561043262,0.0042205629870295525,0.0020301463082432747,-0.047764815390110016,-0.33204153180122375,0.03273460268974304,-0.035039130598306656,-0.5197970271110535,0.254774272441864,-0.1258939802646637,-0.771125853061676,0.5876820683479309,0.21802344918251038,0.04255526512861252,-0.021704956889152527,0.19915777444839478,-0.2738708257675171,0.03724786639213562,0.15514855086803436,-0.4550422430038452,0.25806674361228943,0.11216962337493896,-0.63148432970047,0.545014500617981,0.461597740650177,0.16066157817840576,-0.011373598128557205,0.4510316550731659,-0.24319717288017273,0.04673384130001068,0.4246456027030945,-0.38387152552604675,0.23625311255455017,0.43263670802116394,-0.3998575806617737,0.4197097718715668
229,0.04318256676197052,0.6079325675964355,0.4618299901485443,-0.07212287187576294,0.4387453496456146,0.389729380607605,-0.36703580617904663,0.1995832622051239,0.32675623893737793,-0.48990410566329956,-0.12591740489006042,0.34909385442733765,0.06137685477733612,0.007989542558789253,-0.005128107964992523,-0.2879791855812073,0.00040588900446891785,0.12121530622243881,-0.3984341621398926,-0.2913608253002167,0.024843037128448486,-0.4043382406234741,-0.4323030114173889,0.13791564106941223,-0.40582263469696045,-0.6337964534759521,0.3461969792842865,-0.01423647254705429,0.007896091789007187,0.0027766996063292027,-0.03792959451675415,-0.3379485309123993,0.002054765820503235,-0.03300129994750023,-0.5088071823120117,0.21477247774600983,-0.12848231196403503,-0.7487294673919678,0.5183741450309753,0.2071373462677002,0.051474034786224365,-0.030669275671243668,0.21292680501937866,-0.2536313533782959,-0.01991581730544567,0.16092801094055176,-0.43331581354141235,0.19866439700126648,0.11921516805887222,-0.6078333258628845,0.4952714443206787,0.47589755058288574,0.17809246480464935,-0.04555411636829376,0.4627453088760376,-0.216291606426239,-0.048010725528001785,0.46333953738212585,-0.35655054450035095,0.13963358104228973,0.4965362250804901,-0.4156600832939148,0.3422633409500122
230,0.014182326383888721,0.5767118334770203,0.5175312757492065,-0.053868699818849564,0.38285019993782043,0.48124033212661743,-0.3283771276473999,0.2518947124481201,0.3480798006057739,-0.41331928968429565,-0.3401292562484741,0.4432792067527771,0.028519220650196075,-0.22722192108631134,-1.0554853677749634,-0.2765350341796875,-0.012548841536045074,0.13196174800395966,-0.41451460123062134,-0.31334060430526733,0.015434131026268005,-0.448589026927948,-0.46261221170425415,0.04332346469163895,-0.2751287817955017,-0.7983109951019287,0.2720717787742615,-0.012459704652428627,0.010986780747771263,0.004449212923645973,-0.03602571785449982,-0.3401450216770172,-0.030208878219127655,-0.07879979908466339,-0.5733792781829834,0.07472075521945953,-0.17117086052894592,-0.7703577280044556,0.3227660059928894,0.20351003110408783,0.0661049410700798,-0.03786545619368553,0.21571406722068787,-0.24410012364387512,-0.04916815459728241,0.17198053002357483,-0.4375613033771515,0.1502087563276291,0.1283789575099945,-0.6381842494010925,0.44800588488578796,0.46380627155303955,0.19096305966377258,-0.037788525223731995,0.4530321955680847,-0.21289941668510437,-0.09949111193418503,0.4763158857822418,-0.382081001996994,0.0886911079287529,0.5001009106636047,-0.447576105594635,0.2717388868331909
231,-0.07153652608394623,0.6351844072341919,0.49363547563552856,-0.05918202921748161,0.33380651473999023,0.492807000875473,-0.390961229801178,-0.035135652869939804,0.5843713879585266,-0.5486587882041931,-0.3816777467727661,0.43973231315612793,-0.6176533102989197,-0.48475590348243713,0.3353124260902405,-0.2564142942428589,-0.03411027416586876,0.13276396691799164,-0.3095012307167053,-0.3798466920852661,0.028760157525539398,-0.11690137535333633,-0.505405843257904,0.11536747962236404,-0.23016290366649628,-0.7859794497489929,0.42208847403526306,-0.01229324284940958,0.0038211974315345287,0.00243612052872777,0.05269874259829521,-0.35728976130485535,-0.01738099381327629,-0.003024015575647354,-0.5272698402404785,0.1695655882358551,-0.010456643998622894,-0.7232864499092102,0.6084885001182556,0.2091050148010254,0.06393235176801682,-0.00781360361725092,0.21663671731948853,-0.24636489152908325,-0.011115489527583122,0.18098945915699005,-0.4050254225730896,0.1727703958749771,0.051616452634334564,-0.6664441823959351,0.5503123998641968,0.48947566747665405,0.1859191507101059,0.0007183738052845001,0.45753949880599976,-0.1930505335330963,-0.057630471885204315,0.4725094735622406,-0.35819002985954285,0.15200309455394745,0.47727853059768677,-0.46987390518188477,0.3393426835536957
232,-0.0905504822731018,0.5624064803123474,0.540414035320282,-0.0396852008998394,0.3608759939670563,0.4675680100917816,-0.3780456781387329,-0.041048791259527206,0.5987826585769653,-0.5318155288696289,-0.36739569902420044,0.46300673484802246,0.025755926966667175,-0.21680404245853424,-1.013966679573059,-0.2587697505950928,-0.03701231628656387,0.1350153386592865,-0.3161523640155792,-0.37385880947113037,0.03888930380344391,-0.10546330362558365,-0.4888801574707031,0.15802860260009766,-0.22881637513637543,-0.7727928161621094,0.43239647150039673,-0.011982972733676434,0.0055163549259305,0.0028628758154809475,0.059817686676979065,-0.3583943843841553,0.00906333327293396,0.02369680069386959,-0.5368052124977112,0.26217585802078247,-0.0059547945857048035,-0.7077781558036804,0.6751863956451416,0.21071407198905945,0.0693272277712822,-0.015355813317000866,0.21721643209457397,-0.24447867274284363,-0.03403624892234802,0.18219204246997833,-0.3982160687446594,0.16620390117168427,0.06852651387453079,-0.6384020447731018,0.5489834547042847,0.47390681505203247,0.1866815984249115,0.013877451419830322,0.4623054563999176,-0.1772453635931015,-0.07755506038665771,0.49153491854667664,-0.34633398056030273,0.06937333941459656,0.48646464943885803,-0.4554445743560791,0.31218084692955017
