frame_id,bone_len_0,bone_len_1,bone_len_2,bone_len_3,bone_len_4,bone_len_5,bone_len_6,bone_len_7,bone_len_8,bone_len_9,bone_len_10,bone_len_11,bone_len_12,bone_len_13,bone_len_14
0,0.4609299302101135,0.4320331811904907,0.4527420997619629,1.0101186037063599,0.3893369138240814,0.2269873023033142,0.9740031361579895,0.3662351965904236,0.30363139510154724,0.8900399208068848,0.3270881474018097,0.2585180103778839,0.8416544795036316,0.23297211527824402,0.20585691928863525
1,0.4643052816390991,0.43065765500068665,0.4267647862434387,1.0105684995651245,0.3865971863269806,0.23674599826335907,0.9730207324028015,0.36265313625335693,0.3050961196422577,0.8871721625328064,0.32685449719429016,0.263275682926178,0.8358317017555237,0.23873217403888702,0.2076241672039032
2,0.4645252525806427,0.43164610862731934,0.43449217081069946,1.0116350650787354,0.3872942328453064,0.24093537032604218,0.973949134349823,0.3629942834377289,0.30609560012817383,0.8876034021377563,0.3289834260940552,0.2591494619846344,0.8340223431587219,0.23992133140563965,0.20727664232254028
3,0.4653010070323944,0.42476946115493774,0.43738219141960144,1.000678539276123,0.3959974944591522,0.24028682708740234,0.973963737487793,0.36276373267173767,0.306447297334671,0.8887355923652649,0.33000728487968445,0.2550145089626312,0.8391308188438416,0.23891302943229675,0.20380480587482452
4,0.4673634469509125,0.4223881661891937,0.4365634322166443,0.9970028400421143,0.39661192893981934,0.24306996166706085,0.9694132208824158,0.36341819167137146,0.3080637454986572,0.8853992819786072,0.3274352550506592,0.25488001108169556,0.8359410762786865,0.24077783524990082,0.20369534194469452
5,0.46601173281669617,0.42609453201293945,0.433321475982666,1.0022062063217163,0.38980117440223694,0.24729597568511963,0.9707040190696716,0.3616073429584503,0.30670884251594543,0.8881274461746216,0.3272421658039093,0.2551499009132385,0.8330748081207275,0.2459481954574585,0.20138008892536163
6,0.46601173281669617,0.42609453201293945,0.433321475982666,1.0022062063217163,0.38980117440223694,0.24729597568511963,0.9707040190696716,0.3616073429584503,0.30670884251594543,0.8881274461746216,0.3272421658039093,0.2551499009132385,0.8330748081207275,0.2459481954574585,0.20138008892536163
7,0.452558308839798,0.43248435854911804,0.41262465715408325,1.0116215944290161,0.3765997290611267,0.24355246126651764,0.9675822257995605,0.3578939139842987,0.31397491693496704,0.8812257647514343,0.3312564194202423,0.26267504692077637,0.8197493553161621,0.27130192518234253,0.19954930245876312
8,0.46394187211990356,0.44024720788002014,0.4125060737133026,1.0141364336013794,0.37690597772598267,0.2436935156583786,0.9739001393318176,0.3616790771484375,0.3090200424194336,0.8929376602172852,0.327514111995697,0.26167601346969604,0.8309245705604553,0.27589279413223267,0.19418157637119293
9,0.5005605220794678,0.3575403094291687,0.37713974714279175,1.0111726522445679,0.37141090631484985,0.2438780814409256,0.9731398820877075,0.3707285225391388,0.2950444221496582,0.8971617221832275,0.31873857975006104,0.2694106698036194,0.8295477032661438,0.2683712840080261,0.20553891360759735
10,0.4806597828865051,0.3906685709953308,0.4104391634464264,1.0054364204406738,0.3629179894924164,0.24564702808856964,0.9654064178466797,0.3678579330444336,0.30289068818092346,0.8891474604606628,0.3235388398170471,0.2576640844345093,0.8277648687362671,0.2754296660423279,0.19599545001983643
11,0.4980250298976898,0.34576958417892456,0.39241018891334534,1.0152645111083984,0.3615949749946594,0.22602328658103943,0.9771676063537598,0.3753267824649811,0.28383687138557434,0.8934380412101746,0.31786391139030457,0.26331791281700134,0.8283331394195557,0.2682613134384155,0.2423388510942459
12,0.48679104447364807,0.3379753828048706,0.37256377935409546,0.9861801862716675,0.37867724895477295,0.22435274720191956,0.9718677997589111,0.3741338849067688,0.2715282440185547,0.9010165929794312,0.306528240442276,0.2821219265460968,0.8446044921875,0.2849913239479065,0.18771778047084808
13,0.48679104447364807,0.3379753828048706,0.37256377935409546,0.9861801862716675,0.37867724895477295,0.22435274720191956,0.9718677997589111,0.3741338849067688,0.2715282440185547,0.9010165929794312,0.306528240442276,0.2821219265460968,0.8446044921875,0.2849913239479065,0.18771778047084808
14,0.4339403212070465,0.37011927366256714,0.4045262336730957,0.9957305788993835,0.3770637810230255,0.21011587977409363,0.9545064568519592,0.35971367359161377,0.2920243442058563,0.890327513217926,0.3066064715385437,0.25150200724601746,0.8378190398216248,0.259952187538147,0.19276808202266693
15,0.48471182584762573,0.32781386375427246,0.4025718569755554,0.9956493377685547,0.3773632347583771,0.21046359837055206,0.9499548673629761,0.36727872490882874,0.28539976477622986,0.8787832260131836,0.3017626106739044,0.2572980225086212,0.832430899143219,0.26404526829719543,0.19230635464191437
16,0.5039547681808472,0.33255332708358765,0.3574181795120239,0.9718425869941711,0.3907748758792877,0.21028459072113037,0.9489647150039673,0.3699718117713928,0.2772223651409149,0.8800895810127258,0.3192284107208252,0.272706538438797,0.8331406116485596,0.3046409487724304,0.20902596414089203
17,0.48488810658454895,0.3527148365974426,0.39049896597862244,0.9844813942909241,0.39193975925445557,0.21727433800697327,0.9612993597984314,0.368814617395401,0.2772136628627777,0.8917037844657898,0.3180610239505768,0.2675515115261078,0.8399322032928467,0.30275532603263855,0.2170385718345642
18,0.47668933868408203,0.36542853713035583,0.3884987235069275,0.977915346622467,0.37956273555755615,0.22283625602722168,0.9543031454086304,0.3704703450202942,0.27565911412239075,0.891423761844635,0.316816508769989,0.26494458317756653,0.8392852544784546,0.2939615249633789,0.21954955160617828
19,0.48495638370513916,0.37537041306495667,0.3995392918586731,0.9761653542518616,0.3839535117149353,0.21697691082954407,0.951088547706604,0.3727886378765106,0.2680857181549072,0.8965348601341248,0.3122480809688568,0.2544151842594147,0.8442661762237549,0.2987286150455475,0.21040719747543335
20,0.4868355095386505,0.37917041778564453,0.4229092597961426,0.9852505922317505,0.37219223380088806,0.20867802202701569,0.9510700702667236,0.37230831384658813,0.2679782807826996,0.8925380110740662,0.32049277424812317,0.24859148263931274,0.8420888185501099,0.2940852642059326,0.2288939654827118
21,0.48589813709259033,0.3807224631309509,0.41962045431137085,0.9810526967048645,0.37423238158226013,0.207473486661911,0.9511536359786987,0.37173113226890564,0.26477712392807007,0.8979320526123047,0.31940311193466187,0.2422853410243988,0.8436089754104614,0.2934004068374634,0.2283087819814682
22,0.5107141137123108,0.38147830963134766,0.4054200351238251,0.9811486005783081,0.3773437440395355,0.21204602718353271,0.9540901780128479,0.3726646900177002,0.26260799169540405,0.9216400980949402,0.30568909645080566,0.24147748947143555,0.8431795239448547,0.3043307662010193,0.22080844640731812
23,0.5047003626823425,0.3771582245826721,0.3946554362773895,0.9731220006942749,0.3831479847431183,0.20932228863239288,0.9464285969734192,0.37248495221138,0.2655237913131714,0.9125437140464783,0.299011766910553,0.24953173100948334,0.8351297378540039,0.3027094900608063,0.2138546258211136
24,0.5019168853759766,0.3944423496723175,0.3937418460845947,0.9879342317581177,0.3742639720439911,0.21020150184631348,0.9563277959823608,0.35710346698760986,0.293806791305542,0.9294342398643494,0.2850032150745392,0.2556653320789337,0.8534898161888123,0.3172467350959778,0.18398021161556244
25,0.5031905770301819,0.40048733353614807,0.39762407541275024,0.9893553256988525,0.37391749024391174,0.2095332145690918,0.9552994966506958,0.3566213548183441,0.29335281252861023,0.9312855005264282,0.28343579173088074,0.2562500238418579,0.8598378300666809,0.31732603907585144,0.18548353016376495
26,0.47311702370643616,0.4188552498817444,0.3540228307247162,0.9675426483154297,0.3879595696926117,0.200376957654953,0.9416144490242004,0.38307681679725647,0.24802659451961517,0.8962070941925049,0.2951448857784271,0.2715090215206146,0.8552789092063904,0.3168436586856842,0.1651153564453125
27,0.4708632826805115,0.42659875750541687,0.3697568476200104,0.9784175753593445,0.37472793459892273,0.21721096336841583,0.9445124268531799,0.38103219866752625,0.25567033886909485,0.8997864723205566,0.2936255931854248,0.275200754404068,0.8356738686561584,0.3371465504169464,0.15640121698379517
28,0.4623602628707886,0.4327540099620819,0.377709299325943,0.967175304889679,0.38119933009147644,0.23428885638713837,0.9398812055587769,0.38108837604522705,0.24795734882354736,0.8993815779685974,0.29723241925239563,0.27533960342407227,0.8393860459327698,0.3369669020175934,0.1519985944032669
29,0.4542087912559509,0.4489043056964874,0.3803728222846985,0.9678460359573364,0.3775271475315094,0.2195560485124588,0.9337561726570129,0.37273138761520386,0.26469752192497253,0.8943348526954651,0.3128127455711365,0.262065052986145,0.8599408864974976,0.33689939975738525,0.17766249179840088
30,0.459583580493927,0.45734500885009766,0.34648701548576355,0.9655373096466064,0.36106687784194946,0.22930172085762024,0.9406895041465759,0.3694005310535431,0.26022645831108093,0.903161883354187,0.30542051792144775,0.24690595269203186,0.8683815598487854,0.306987464427948,0.1823180764913559
31,0.4550672471523285,0.44577914476394653,0.3502640426158905,0.9517022371292114,0.3671202063560486,0.22455988824367523,0.9372960329055786,0.3698197901248932,0.2590479552745819,0.9045487642288208,0.30407455563545227,0.24525421857833862,0.8691375851631165,0.3099020719528198,0.18456250429153442
32,0.4606553614139557,0.44093987345695496,0.3562376797199249,0.9466821551322937,0.3805982172489166,0.22318145632743835,0.9260422587394714,0.37675127387046814,0.25844070315361023,0.8909783959388733,0.3056741952896118,0.2545362412929535,0.8480599522590637,0.32118740677833557,0.1826236993074417
33,0.47274062037467957,0.43252474069595337,0.36421307921409607,0.9457262754440308,0.38976502418518066,0.2189655750989914,0.9233166575431824,0.3742683231830597,0.2616818845272064,0.8847000598907471,0.30928269028663635,0.2632341682910919,0.84140944480896,0.3288566768169403,0.1863025724887848
34,0.4555453658103943,0.4036513566970825,0.3370910882949829,0.9508601427078247,0.3783379793167114,0.2190166562795639,0.9258008003234863,0.3761799931526184,0.2702350616455078,0.8894829154014587,0.3032747805118561,0.2572804093360901,0.8637717962265015,0.31763797998428345,0.15544787049293518
35,0.4527449607849121,0.38634392619132996,0.3788534998893738,0.9583244323730469,0.3777580261230469,0.21655020117759705,0.9323354363441467,0.37991398572921753,0.26269906759262085,0.892964243888855,0.3047712743282318,0.25881049036979675,0.8629115223884583,0.3195367455482483,0.1534728705883026
36,0.44948282837867737,0.39581841230392456,0.35570859909057617,0.9585959315299988,0.3637271821498871,0.22980628907680511,0.9292001724243164,0.3806820213794708,0.26228925585746765,0.8869283199310303,0.3036714494228363,0.26145869493484497,0.8520448803901672,0.32174617052078247,0.154855877161026
37,0.46204596757888794,0.39791423082351685,0.3475981652736664,0.9600023031234741,0.36407870054244995,0.2279113531112671,0.9285210371017456,0.3787371516227722,0.2604488432407379,0.8866973519325256,0.3102675974369049,0.25408264994621277,0.8473979234695435,0.3289715647697449,0.15150830149650574
38,0.46056249737739563,0.4038087725639343,0.34619835019111633,0.9608173966407776,0.3691375255584717,0.23141847550868988,0.934004008769989,0.37915703654289246,0.2598069906234741,0.8951522707939148,0.3041641414165497,0.26138731837272644,0.8569867610931396,0.3251228928565979,0.15993264317512512
39,0.4407097101211548,0.4040554165840149,0.3525833487510681,0.9740580916404724,0.36841920018196106,0.23453979194164276,0.939819872379303,0.3817652761936188,0.26206791400909424,0.8885472416877747,0.3053559362888336,0.26619505882263184,0.8482471108436584,0.32241353392601013,0.16291119158267975
40,0.4489653706550598,0.4054918885231018,0.3523957431316376,0.9651631712913513,0.36685842275619507,0.2324478179216385,0.9292013645172119,0.38315972685813904,0.2619685232639313,0.8832548260688782,0.3066498041152954,0.26468539237976074,0.8453065752983093,0.32420316338539124,0.16007642447948456
41,0.4778314530849457,0.39889660477638245,0.3561931252479553,0.9583548903465271,0.3688518702983856,0.22739700973033905,0.912577748298645,0.3833469748497009,0.2648128867149353,0.8638879656791687,0.3085300028324127,0.26577699184417725,0.8248143196105957,0.32559260725975037,0.15971089899539948
42,0.49125126004219055,0.3986511826515198,0.3552002012729645,0.9610902070999146,0.37089505791664124,0.23341096937656403,0.9185412526130676,0.38272881507873535,0.26219871640205383,0.8715514540672302,0.30778762698173523,0.2632512152194977,0.832309901714325,0.3291930556297302,0.1524800956249237
43,0.4811060130596161,0.408358633518219,0.3527671694755554,0.9549139142036438,0.3700845241546631,0.23251435160636902,0.9122042655944824,0.38025495409965515,0.2618824243545532,0.8678834438323975,0.30340901017189026,0.2658310830593109,0.8296226859092712,0.3225546181201935,0.16457386314868927
44,0.47090086340904236,0.4119749665260315,0.3494196832180023,0.9514591693878174,0.3711158037185669,0.22905781865119934,0.9108250737190247,0.3809382915496826,0.2641426622867584,0.8688313364982605,0.3020431697368622,0.2600417137145996,0.8356494903564453,0.319167822599411,0.16840150952339172
45,0.4857952892780304,0.39768871665000916,0.4002980887889862,0.9663044214248657,0.37195777893066406,0.2221507579088211,0.924777090549469,0.3754701018333435,0.27293503284454346,0.8784971833229065,0.29973530769348145,0.2696930766105652,0.8404439091682434,0.3193015456199646,0.1681416928768158
46,0.4877447187900543,0.41638728976249695,0.36290931701660156,0.963060736656189,0.37107428908348083,0.22667686641216278,0.9241278767585754,0.37208083271980286,0.2727322280406952,0.881491482257843,0.29877546429634094,0.2738708555698395,0.8385106921195984,0.32225337624549866,0.16938664019107819
47,0.4825996160507202,0.4172820746898651,0.370792031288147,0.9405800700187683,0.3877444863319397,0.22017446160316467,0.9215117692947388,0.37035033106803894,0.27663975954055786,0.8741158246994019,0.29898601770401,0.2750798165798187,0.8305945992469788,0.3234151601791382,0.17567285895347595
48,0.49377867579460144,0.41247057914733887,0.36907899379730225,0.961844265460968,0.37066927552223206,0.2172725945711136,0.9211585521697998,0.36989644169807434,0.27662575244903564,0.8741539120674133,0.2974053919315338,0.274448961019516,0.8306244015693665,0.3184105157852173,0.17710717022418976
49,0.4922042787075043,0.4123919904232025,0.36348944902420044,0.9607262015342712,0.37420132756233215,0.21753673255443573,0.9197255373001099,0.3702560365200043,0.2773004472255707,0.8700095415115356,0.2956598699092865,0.27765002846717834,0.8238697052001953,0.31784409284591675,0.176250621676445
50,0.48799216747283936,0.41365846991539,0.365131676197052,0.952701985836029,0.3774447739124298,0.21267195045948029,0.9179404973983765,0.3707596957683563,0.2728734612464905,0.8690323829650879,0.307218462228775,0.272813618183136,0.8245905041694641,0.32011014223098755,0.1825304925441742
51,0.4905494749546051,0.41421109437942505,0.36286458373069763,0.9538106322288513,0.37835803627967834,0.21231715381145477,0.9189556837081909,0.3702200651168823,0.27339354157447815,0.872054398059845,0.3083333671092987,0.2697076201438904,0.827263355255127,0.32300952076911926,0.1774795949459076
52,0.48200127482414246,0.3859311044216156,0.40131592750549316,0.9530770778656006,0.3741884231567383,0.21365602314472198,0.9157426357269287,0.3704950213432312,0.27567967772483826,0.8650149703025818,0.2989818751811981,0.2791232764720917,0.8197507858276367,0.3150025010108948,0.1790214478969574
53,0.4836996793746948,0.38045430183410645,0.40518510341644287,0.9570434093475342,0.37514573335647583,0.2096332609653473,0.9166719317436218,0.370735764503479,0.27540645003318787,0.8648255467414856,0.29864010214805603,0.2779559791088104,0.8177958130836487,0.31634968519210815,0.177061527967453
54,0.47618481516838074,0.4157291054725647,0.36675360798835754,0.9587233662605286,0.3790718913078308,0.2130807787179947,0.9246155619621277,0.3688901364803314,0.2739531397819519,0.876258134841919,0.29833656549453735,0.27412861585617065,0.8282452821731567,0.33447614312171936,0.16355864703655243
55,0.47895970940589905,0.38523900508880615,0.40380609035491943,0.9612969756126404,0.37785840034484863,0.20911335945129395,0.9245023727416992,0.3697313368320465,0.27527111768722534,0.8754211664199829,0.29943451285362244,0.2734535336494446,0.8267934322357178,0.3321714699268341,0.16420100629329681
56,0.4764336049556732,0.39088770747184753,0.3952098488807678,0.960031270980835,0.3846413195133209,0.21067872643470764,0.9294832944869995,0.3717120289802551,0.27443572878837585,0.8800705075263977,0.30143260955810547,0.2741166949272156,0.8348329067230225,0.33815354108810425,0.16078175604343414
57,0.4790847599506378,0.3919053375720978,0.3892155587673187,0.9533872604370117,0.39186593890190125,0.20654161274433136,0.9256686568260193,0.3737202286720276,0.2792685031890869,0.8788238763809204,0.2987297773361206,0.2760114371776581,0.8345347046852112,0.33602645993232727,0.16381321847438812
58,0.47711309790611267,0.41129061579704285,0.35090911388397217,0.9549605846405029,0.3810993731021881,0.2097439169883728,0.9260736703872681,0.3715863823890686,0.27585121989250183,0.8717602491378784,0.29839980602264404,0.2765388786792755,0.8295466303825378,0.3266017436981201,0.1677645891904831
59,0.49802714586257935,0.3961621820926666,0.3864425718784332,0.9727916717529297,0.37724485993385315,0.21870701014995575,0.9458805322647095,0.3711690604686737,0.28257662057876587,0.8932924866676331,0.2932518422603607,0.2745627462863922,0.8470004796981812,0.3214607834815979,0.174199178814888
60,0.526249349117279,0.4014597535133362,0.3844117820262909,0.9798945188522339,0.3592236340045929,0.21019959449768066,0.9353702068328857,0.36527690291404724,0.28370973467826843,0.8580225706100464,0.3387937843799591,0.23606722056865692,0.7892194390296936,0.29552391171455383,0.18117105960845947
61,0.49354222416877747,0.4109879434108734,0.4075176417827606,0.9713226556777954,0.3454631567001343,0.26343604922294617,0.9306604862213135,0.3625370264053345,0.2879227101802826,0.8648782968521118,0.33353713154792786,0.2561019957065582,0.7938066124916077,0.31158164143562317,0.19780534505844116
62,0.5693867802619934,0.4100695848464966,0.4916057586669922,0.9969911575317383,0.3917897343635559,0.2446383535861969,0.9360761642456055,0.3708076477050781,0.26545193791389465,0.8489623665809631,0.3481624722480774,0.2747633159160614,0.7698314189910889,0.3709380030632019,0.1629275232553482
63,0.5557562112808228,0.4026966989040375,0.4471191465854645,1.022170066833496,0.38001322746276855,0.22535140812397003,0.9248296022415161,0.38210999965667725,0.2765665352344513,0.8235156536102295,0.3380701541900635,0.2682206332683563,0.7603228092193604,0.33364737033843994,0.1589776575565338
64,0.40958333015441895,0.40121302008628845,0.6238627433776855,0.9511375427246094,0.3385988175868988,0.22321055829524994,0.9191409349441528,0.3577461540699005,0.2343442291021347,0.9084796905517578,0.3109601140022278,0.26115792989730835,0.8845652937889099,0.37551817297935486,0.19172702729701996
65,0.48847949504852295,0.6291368007659912,0.481009840965271,0.9801519513130188,0.3141160011291504,0.23549321293830872,0.8865401744842529,0.35640087723731995,0.27966251969337463,0.8856521248817444,0.3037693500518799,0.21851180493831635,0.8575735688209534,0.4026578664779663,0.12564361095428467
66,0.6852249503135681,0.5835250616073608,0.40558603405952454,1.0488157272338867,0.31380707025527954,0.23901964724063873,0.9431595802307129,0.3345399796962738,0.299854576587677,0.8862898349761963,0.25833332538604736,0.2873836159706116,0.8061290383338928,0.2497681975364685,0.2934437096118927
67,0.5182192921638489,0.6057505011558533,0.40078237652778625,0.9468834400177002,0.35410448908805847,0.21229152381420135,0.8875616788864136,0.3394191563129425,0.2937873899936676,0.8278064727783203,0.27885231375694275,0.28137242794036865,0.8358361124992371,0.2705897092819214,0.23627826571464539
68,0.5222348570823669,0.5267660617828369,0.404889851808548,0.9506874084472656,0.35836705565452576,0.2663500905036926,0.8957733511924744,0.35603025555610657,0.27788013219833374,0.8336641192436218,0.30004724860191345,0.3016693890094757,0.8537822365760803,0.28706061840057373,0.2357713133096695
69,0.3982183337211609,0.553628146648407,0.3718969523906708,0.9299687743186951,0.3335843086242676,0.2612488865852356,0.8903831839561462,0.3599199652671814,0.26907047629356384,0.8319448232650757,0.31895139813423157,0.2828989326953888,0.8454775810241699,0.3718506991863251,0.1396087110042572
70,0.34759706258773804,0.5561461448669434,0.3565736711025238,0.9198781847953796,0.3291281759738922,0.2677207291126251,0.8888529539108276,0.35866299271583557,0.27542975544929504,0.8386421799659729,0.3151025176048279,0.28809458017349243,0.8644767999649048,0.368145227432251,0.152663916349411
71,0.35434117913246155,0.5641599297523499,0.3540455996990204,0.9225075840950012,0.33021578192710876,0.2719508111476898,0.8859437108039856,0.35865262150764465,0.27389079332351685,0.8366891741752625,0.3110111951828003,0.2865561246871948,0.8652957677841187,0.3505686819553375,0.1554967612028122
72,0.41498252749443054,0.5619193911552429,0.34756356477737427,0.9436739087104797,0.33925285935401917,0.2628769874572754,0.8983855247497559,0.35928595066070557,0.2703664004802704,0.8459614515304565,0.3106290400028229,0.28423774242401123,0.873850405216217,0.3466660976409912,0.16262249648571014
73,0.350820928812027,0.5611053109169006,0.34568458795547485,0.9194611310958862,0.33512744307518005,0.26764702796936035,0.8844326138496399,0.36437365412712097,0.2656612694263458,0.8388878107070923,0.2878691554069519,0.2875223755836487,0.8618177175521851,0.3530261516571045,0.16618922352790833
74,0.35052546858787537,0.5556662082672119,0.3448925018310547,0.9164031147956848,0.34433695673942566,0.2639877498149872,0.8839882016181946,0.3676689565181732,0.262286901473999,0.8417890071868896,0.29263460636138916,0.281130313873291,0.8654072284698486,0.3562474548816681,0.16721059381961823
75,0.36273208260536194,0.5518370866775513,0.4022451639175415,0.9197418689727783,0.34398317337036133,0.2346891313791275,0.8770859837532043,0.35931652784347534,0.25571924448013306,0.8315408825874329,0.2936249077320099,0.28780460357666016,0.8541890978813171,0.35056817531585693,0.16864942014217377
76,0.3696572780609131,0.5256440043449402,0.4322601854801178,0.9112266302108765,0.3418896198272705,0.24361442029476166,0.875623881816864,0.3619580864906311,0.25003913044929504,0.8364415168762207,0.2983543276786804,0.28194460272789,0.8685639500617981,0.32963669300079346,0.17862415313720703
77,0.3773190677165985,0.5905870199203491,0.3746214509010315,0.9119939804077148,0.33970674872398376,0.2487398386001587,0.8736556768417358,0.3600615859031677,0.25274428725242615,0.8323881030082703,0.2980157434940338,0.28558114171028137,0.8621100783348083,0.3311009407043457,0.18453796207904816
78,0.44205573201179504,0.5439169406890869,0.39604416489601135,0.940695583820343,0.3349383473396301,0.2365034967660904,0.8818889856338501,0.3625781238079071,0.24677371978759766,0.8371765613555908,0.2965777814388275,0.2808191478252411,0.8602979183197021,0.3182753324508667,0.21500356495380402
79,0.41545775532722473,0.5712164044380188,0.3834552764892578,0.9364860653877258,0.33634862303733826,0.2360847294330597,0.8802945017814636,0.36035388708114624,0.24808147549629211,0.8220382928848267,0.31478747725486755,0.2741565704345703,0.8628803491592407,0.315008282661438,0.22937838733196259
80,0.3913675546646118,0.5520051121711731,0.4573999345302582,0.939917802810669,0.34596794843673706,0.22979550063610077,0.899137020111084,0.3653686046600342,0.24585561454296112,0.8713187575340271,0.2993178367614746,0.2797420620918274,0.9338650107383728,0.3186224102973938,0.2076309323310852
81,0.3522149324417114,0.5419012308120728,0.5183768272399902,0.9545881152153015,0.32957813143730164,0.2282802164554596,0.9054886698722839,0.3834477663040161,0.22806884348392487,0.8621969819068909,0.3331342041492462,0.2733903229236603,0.93599534034729,0.35199981927871704,0.16294215619564056
82,0.36909329891204834,0.4474776089191437,0.9494405388832092,0.940426766872406,0.3378423750400543,0.2492324262857437,0.9176035523414612,0.3812949061393738,0.23842516541481018,0.9198561310768127,0.3238699436187744,0.2836216986179352,1.027290940284729,0.2791544795036316,0.19535508751869202
83,0.32073667645454407,0.5700289607048035,0.32821744680404663,0.9346783757209778,0.3200032413005829,0.2735113501548767,0.9171404838562012,0.3590441644191742,0.27023211121559143,0.9276248216629028,0.30558711290359497,0.28527674078941345,0.9772375226020813,0.383687824010849,0.18352937698364258
84,0.30893847346305847,0.49900832772254944,0.29290342330932617,0.9190988540649414,0.3397231101989746,0.228786900639534,0.905051589012146,0.3580784797668457,0.26092278957366943,0.9118760824203491,0.30082979798316956,0.2943227291107178,0.9447237253189087,0.3574170172214508,0.21844691038131714
85,0.38610538840293884,0.5718285441398621,0.5136182308197021,0.9282969832420349,0.3416876196861267,0.24487817287445068,0.90431147813797,0.34573882818222046,0.2526997923851013,0.8840388059616089,0.31747564673423767,0.29698076844215393,0.915594220161438,0.37257784605026245,0.1860499083995819
86,0.3564889132976532,0.6054299473762512,0.5104356408119202,0.9316662549972534,0.3326703608036041,0.25433287024497986,0.8936418294906616,0.37078243494033813,0.24442227184772491,0.8760274648666382,0.3242756426334381,0.28655555844306946,0.9487413763999939,0.34803739190101624,0.16746370494365692
87,0.45517581701278687,0.5625060796737671,0.39222192764282227,0.9225343465805054,0.33367055654525757,0.25226664543151855,0.9143896102905273,0.3562006652355194,0.26607948541641235,0.8939535617828369,0.3355238735675812,0.29069778323173523,0.951140820980072,0.32787850499153137,0.16426730155944824
88,0.4457744061946869,0.5357045531272888,0.3600417971611023,0.9266049861907959,0.34384259581565857,0.26228806376457214,0.9160370230674744,0.3639541566371918,0.26589393615722656,0.8800920844078064,0.35400378704071045,0.29238948225975037,0.8744927644729614,0.3527665138244629,0.18204812705516815
89,0.443171888589859,0.5240222215652466,0.35999926924705505,0.9144027829170227,0.34349775314331055,0.2643710970878601,0.9087628126144409,0.36158081889152527,0.27301672101020813,0.8756836652755737,0.34990713000297546,0.28965431451797485,0.8967409133911133,0.3384426236152649,0.17993341386318207
90,0.4129487872123718,0.4828132688999176,0.33827149868011475,0.9010120630264282,0.3351350724697113,0.24195906519889832,0.8942853808403015,0.349056214094162,0.28760218620300293,0.866633415222168,0.3455011248588562,0.29001861810684204,0.8632032871246338,0.3651728928089142,0.1689702719449997
91,0.4338206946849823,0.4670732915401459,0.335687518119812,0.9121283292770386,0.3394821286201477,0.2469618320465088,0.8982017636299133,0.3490571677684784,0.2796216607093811,0.8666175007820129,0.34776127338409424,0.2950401306152344,0.8626797795295715,0.36857032775878906,0.16942375898361206
92,0.45268791913986206,0.4827161431312561,0.3405526876449585,0.9306231737136841,0.33944734930992126,0.24930231273174286,0.9103769659996033,0.349829763174057,0.28087159991264343,0.871894896030426,0.35561883449554443,0.29011860489845276,0.872266948223114,0.37403222918510437,0.1695723980665207
93,0.43818676471710205,0.4598117768764496,0.352054625749588,0.9112367630004883,0.34604692459106445,0.2541908621788025,0.9029723405838013,0.3474096357822418,0.28999894857406616,0.8684452176094055,0.35105571150779724,0.293285071849823,0.8686491847038269,0.3803307116031647,0.16556021571159363
94,0.45726603269577026,0.4793397784233093,0.3491573929786682,0.9120976328849792,0.3494451642036438,0.24567733705043793,0.90001380443573,0.349105566740036,0.2818775773048401,0.8687307238578796,0.35210761427879333,0.28828105330467224,0.8855238556861877,0.37194180488586426,0.14740078151226044
95,0.47194159030914307,0.5047292113304138,0.3654702603816986,0.8977070450782776,0.32507383823394775,0.24305982887744904,0.8676632642745972,0.3533325493335724,0.26137053966522217,0.8312987685203552,0.3383098840713501,0.28876855969429016,0.8591568470001221,0.3578636050224304,0.17444513738155365
96,0.587465763092041,0.5544649362564087,0.32669565081596375,0.8898476958274841,0.256569504737854,0.22959092259407043,0.7997991442680359,0.33624327182769775,0.15462453663349152,0.7717702984809875,0.2524263262748718,0.18195997178554535,0.6196771860122681,0.2359568029642105,0.7369491457939148
97,0.5211865305900574,0.35045281052589417,0.3694477677345276,0.9353090524673462,0.3647947609424591,0.2371838092803955,0.894828736782074,0.376665323972702,0.28188854455947876,0.8217974305152893,0.3766367733478546,0.26762425899505615,0.7578639984130859,0.35514992475509644,0.17716732621192932
98,0.4706636667251587,0.427235871553421,0.2541288435459137,0.969020664691925,0.36976054310798645,0.22647933661937714,0.9338522553443909,0.3691205680370331,0.3071247339248657,0.8640801906585693,0.3255666494369507,0.24040710926055908,0.8007262349128723,0.3475681245326996,0.21362467110157013
99,0.47048982977867126,0.41711553931236267,0.2817021310329437,0.9719746112823486,0.3821852207183838,0.21564224362373352,0.9218348860740662,0.3824705481529236,0.27130988240242004,0.8377872109413147,0.3224705755710602,0.24562281370162964,0.7598873972892761,0.3290255665779114,0.18105800449848175
100,0.465178519487381,0.40170004963874817,0.3214373290538788,0.9587243795394897,0.38953426480293274,0.19810347259044647,0.9042664170265198,0.3793089985847473,0.26786842942237854,0.8214013576507568,0.3217504620552063,0.24340705573558807,0.7387073636054993,0.3308669924736023,0.17831605672836304
101,0.45066025853157043,0.42034563422203064,0.24800975620746613,0.9849245548248291,0.38406267762184143,0.19188758730888367,0.9500553011894226,0.3732970952987671,0.2710021138191223,0.8789228796958923,0.32082587480545044,0.24161462485790253,0.8238722681999207,0.298292875289917,0.1818077117204666
102,0.4492917060852051,0.4142338037490845,0.33125555515289307,0.9919050335884094,0.3798394203186035,0.21517035365104675,0.9414628148078918,0.3824567198753357,0.27344048023223877,0.8677447438240051,0.3207046687602997,0.24935658276081085,0.7927683591842651,0.3240741491317749,0.1751832216978073
103,0.45557600259780884,0.41145169734954834,0.2406938374042511,0.9855933785438538,0.37251874804496765,0.22876103222370148,0.9291666150093079,0.3805258572101593,0.2608828842639923,0.8529208898544312,0.3044325113296509,0.24785321950912476,0.7727054357528687,0.3183976411819458,0.16426491737365723
104,0.4512721598148346,0.41729840636253357,0.23238180577754974,0.9930863380432129,0.3681838810443878,0.2243894785642624,0.9425712823867798,0.3735669255256653,0.28110471367836,0.863071858882904,0.3066686987876892,0.2534050941467285,0.7866691946983337,0.31553947925567627,0.16679348051548004
105,0.45852285623550415,0.4236915707588196,0.23275475203990936,0.9669897556304932,0.3770001530647278,0.2174636572599411,0.9228152632713318,0.37482181191444397,0.28450652956962585,0.8420789241790771,0.3137072026729584,0.2567245066165924,0.7632164359092712,0.32238608598709106,0.17301055788993835
106,0.4891483783721924,0.39383772015571594,0.2745268940925598,0.9648718237876892,0.37421655654907227,0.23588022589683533,0.938909113407135,0.3914846181869507,0.29305219650268555,0.88482266664505,0.3509572744369507,0.26580891013145447,0.8199381232261658,0.3143543601036072,0.2213989943265915
107,0.46016308665275574,0.4407305419445038,0.2885332405567169,0.951361358165741,0.35972461104393005,0.239951953291893,0.9204427599906921,0.3676724135875702,0.3403114676475525,0.8741934895515442,0.3695325553417206,0.2701728045940399,0.8516724705696106,0.27396267652511597,0.23889702558517456
108,0.3814157247543335,0.5588181018829346,0.3869330585002899,0.9567111730575562,0.3482397496700287,0.23962000012397766,0.9049739837646484,0.38520583510398865,0.34039217233657837,0.861222505569458,0.36808449029922485,0.2707614600658417,0.8386834859848022,0.30121928453445435,0.19333240389823914
109,0.4241056740283966,0.49792730808258057,0.3923923969268799,0.9300166964530945,0.4043292999267578,0.31668123602867126,0.8794621825218201,0.38851359486579895,0.2618121802806854,0.8269636034965515,0.35490652918815613,0.34875383973121643,0.790976345539093,0.25177809596061707,0.2806749641895294
110,0.4324905574321747,0.48682257533073425,0.4207959771156311,0.950661301612854,0.37366414070129395,0.27768591046333313,0.8805587887763977,0.38293954730033875,0.38496509194374084,0.8324652314186096,0.3379753828048706,0.32805630564689636,0.7946122288703918,0.343709260225296,0.21389228105545044
111,0.723247766494751,0.4398990869522095,0.36094313859939575,0.9963510632514954,0.4130217730998993,0.29545673727989197,0.8845320343971252,0.3682871162891388,0.4425811469554901,0.7754921913146973,0.35083135962486267,0.23729519546031952,0.6446897387504578,0.31465527415275574,0.23140017688274384
112,0.5545943379402161,0.4550035297870636,0.35824722051620483,0.9584137797355652,0.3610933721065521,0.2691594660282135,0.8786424398422241,0.3626585006713867,0.46746644377708435,0.8096163868904114,0.3523953855037689,0.2525753378868103,0.7436116337776184,0.4256979525089264,0.12223362922668457
113,0.696043848991394,0.4448229670524597,0.33834463357925415,0.9963911175727844,0.39544597268104553,0.2613760232925415,0.899152934551239,0.3695242404937744,0.5180084109306335,0.7973777055740356,0.3477073907852173,0.2079116702079773,0.681512713432312,0.3404691815376282,0.09930270165205002
114,0.5149399042129517,0.4668646454811096,0.3596292734146118,0.9209243059158325,0.3854060471057892,0.2772189676761627,0.871337354183197,0.34081852436065674,0.18819595873355865,0.8090088963508606,0.3417845666408539,0.2542370855808258,0.7421114444732666,0.34876102209091187,0.4332561492919922
115,0.5497192144393921,0.39338722825050354,0.39145350456237793,0.9236950278282166,0.3862183690071106,0.26867449283599854,0.8748469948768616,0.33761122822761536,0.19055795669555664,0.8142863512039185,0.3532508909702301,0.20643481612205505,0.7464686632156372,0.3410274088382721,0.44439697265625
116,0.5461238622665405,0.41683119535446167,0.35413214564323425,0.9356551766395569,0.3836026191711426,0.27158835530281067,0.8724637031555176,0.3396720290184021,0.19742104411125183,0.8016427159309387,0.3586772084236145,0.21280930936336517,0.7192550301551819,0.341343492269516,0.22039629518985748
117,0.5200927257537842,0.40153181552886963,0.38867369294166565,0.9264143109321594,0.38686850666999817,0.2722638249397278,0.8731897473335266,0.34023699164390564,0.19511006772518158,0.808631420135498,0.3393831253051758,0.2629584074020386,0.7385352253913879,0.33492568135261536,0.44339391589164734
118,0.5259175896644592,0.3972630202770233,0.38796499371528625,0.9270318150520325,0.3859042525291443,0.27274173498153687,0.8736783266067505,0.3418066203594208,0.19509102404117584,0.8103027939796448,0.3422229290008545,0.2122918963432312,0.7447825074195862,0.33886033296585083,0.21608947217464447
119,0.49602290987968445,0.42546358704566956,0.3987219035625458,0.9214159846305847,0.3809661567211151,0.2744220793247223,0.8742106556892395,0.3386842608451843,0.190089151263237,0.8173884153366089,0.3386717438697815,0.1974509358406067,0.7594689130783081,0.3394283652305603,0.09929391741752625
120,0.5321233868598938,0.4308494031429291,0.3561919331550598,0.924190104007721,0.3882468044757843,0.29092228412628174,0.8844006657600403,0.3345257639884949,0.1875351369380951,0.8282484412193298,0.34766054153442383,0.20327109098434448,0.7622816562652588,0.3467256724834442,0.45255547761917114
121,0.47436606884002686,0.4713281989097595,0.2997942864894867,0.9246653318405151,0.40053364634513855,0.29928356409072876,0.9082027077674866,0.35713618993759155,0.3930410146713257,0.8667369484901428,0.3694515824317932,0.3108079135417938,0.846958577632904,0.363766610622406,0.1364053338766098
122,0.47436606884002686,0.4713281989097595,0.2997942864894867,0.9246653318405151,0.40053364634513855,0.29928356409072876,0.9082027077674866,0.35713618993759155,0.3930410146713257,0.8667369484901428,0.3694515824317932,0.3108079135417938,0.846958577632904,0.363766610622406,0.1364053338766098
123,0.4367685914039612,0.4224632680416107,0.32121559977531433,0.900963306427002,0.353101909160614,0.2697374224662781,0.9171838164329529,0.3488300144672394,0.2489437609910965,0.895916759967804,0.33079612255096436,0.19972586631774902,0.8528496623039246,0.3773565888404846,0.2173619121313095
124,0.43180081248283386,0.43663886189460754,0.27149632573127747,0.9173097014427185,0.3787749409675598,0.24826020002365112,0.93245929479599,0.3615613281726837,0.24864985048770905,0.8815478086471558,0.3308139145374298,0.23721185326576233,0.8180414438247681,0.3675451874732971,0.14145341515541077
125,0.4214024841785431,0.4293195307254791,0.2951743006706238,0.9334221482276917,0.35044634342193604,0.2875015139579773,0.9259958863258362,0.34773632884025574,0.23735660314559937,0.8834137320518494,0.31276312470436096,0.2306167483329773,0.8321846723556519,0.3399776816368103,0.14725787937641144
126,0.44050881266593933,0.41630446910858154,0.27404260635375977,0.9235571026802063,0.35803696513175964,0.2650780975818634,0.9230137467384338,0.3564503490924835,0.24999508261680603,0.8786509037017822,0.33035242557525635,0.2650225758552551,0.8378908634185791,0.3325307369232178,0.17923642694950104
127,0.4872795045375824,0.4014894366264343,0.30388689041137695,0.9487401843070984,0.34460175037384033,0.25360921025276184,0.9286372661590576,0.3703848719596863,0.24911166727542877,0.8590729832649231,0.3473425507545471,0.22529356181621552,0.7586857080459595,0.36607471108436584,0.184382826089859
128,0.4700898230075836,0.41255226731300354,0.28866568207740784,0.9547731876373291,0.35382938385009766,0.26465722918510437,0.9407246708869934,0.36852896213531494,0.28334909677505493,0.8574430346488953,0.3563445210456848,0.2390505075454712,0.791582465171814,0.3073534369468689,0.18959935009479523
129,0.4623681902885437,0.4232321083545685,0.2699822783470154,0.9422173500061035,0.3545137047767639,0.2804766297340393,0.9351950883865356,0.35826316475868225,0.27562180161476135,0.8544756770133972,0.3548060655593872,0.23719874024391174,0.7770262956619263,0.32324543595314026,0.2095116376876831
130,0.4557218849658966,0.4004818797111511,0.2788163721561432,0.9427663683891296,0.3410820960998535,0.27793756127357483,0.9258743524551392,0.3600643277168274,0.24146808683872223,0.8533399105072021,0.3440955877304077,0.23173245787620544,0.7480447888374329,0.3393738567829132,0.194235697388649
131,0.4580814838409424,0.394830584526062,0.2750695049762726,0.9372157454490662,0.3457110524177551,0.26518505811691284,0.9214515686035156,0.3607635200023651,0.24153432250022888,0.851348876953125,0.3447107672691345,0.23193137347698212,0.7513245344161987,0.3339262306690216,0.20240440964698792
132,0.4569663405418396,0.43039071559906006,0.25517478585243225,0.9244785904884338,0.3359017074108124,0.2756812870502472,0.9141863584518433,0.3600216507911682,0.24365298449993134,0.8490257859230042,0.34097686409950256,0.23500332236289978,0.7422026991844177,0.3461635112762451,0.2040829062461853
133,0.4647465646266937,0.3350086212158203,0.2983800172805786,0.9259187579154968,0.3321816325187683,0.2417311668395996,0.9245409965515137,0.3586757481098175,0.23760466277599335,0.8423252105712891,0.33904916048049927,0.24950674176216125,0.7339107990264893,0.332409530878067,0.24286456406116486
134,0.5525717735290527,0.3925889730453491,0.5445793271064758,0.912523627281189,0.4265681803226471,0.45080646872520447,0.8821625709533691,0.34978166222572327,0.2178376019001007,0.7986143231391907,0.3167843520641327,0.24742041528224945,0.7287927269935608,0.26402679085731506,0.1994972676038742
135,0.6447932720184326,0.3066618740558624,0.4481838345527649,0.9378643035888672,0.38828524947166443,0.2709847688674927,0.8913358449935913,0.34620893001556396,0.20968195796012878,0.8244835138320923,0.30933254957199097,0.23639875650405884,0.742483913898468,0.3020935654640198,0.16977781057357788
136,0.6353888511657715,0.29735249280929565,0.4284263551235199,0.923236072063446,0.39015284180641174,0.2620566189289093,0.8866989612579346,0.3466860353946686,0.2154274880886078,0.8106518983840942,0.3050804138183594,0.24494114518165588,0.7286529541015625,0.3028254806995392,0.17422893643379211
137,0.5701393485069275,0.3737911283969879,0.42022910714149475,0.9286882877349854,0.38140663504600525,0.26387178897857666,0.884020984172821,0.34424805641174316,0.21302375197410583,0.797989547252655,0.3142642676830292,0.24133577942848206,0.7072687149047852,0.30665144324302673,0.18344953656196594
138,0.5236204266548157,0.40745216608047485,0.3643386960029602,0.9237124919891357,0.3937211036682129,0.2552443742752075,0.8845905065536499,0.3512200713157654,0.20123028755187988,0.8012045621871948,0.32605716586112976,0.23699228465557098,0.7219566106796265,0.29160699248313904,0.16719478368759155
139,0.5379675030708313,0.4415462017059326,0.3726998567581177,0.9467065930366516,0.3749232292175293,0.23955801129341125,0.8888400197029114,0.35519734025001526,0.19013653695583344,0.7996293306350708,0.3227154612541199,0.22499626874923706,0.71314537525177,0.28162917494773865,0.1681704968214035
140,0.5079012513160706,0.4438304305076599,0.3729854226112366,0.9403794407844543,0.37279871106147766,0.18994741141796112,0.8885461688041687,0.35713160037994385,0.1879214346408844,0.8094521164894104,0.3156484067440033,0.23980188369750977,0.7540408968925476,0.2685103416442871,0.1663471907377243
141,0.5003669261932373,0.4519727826118469,0.3620484173297882,0.9395646452903748,0.38083285093307495,0.1887071430683136,0.8892804980278015,0.3578295409679413,0.18791984021663666,0.8097279071807861,0.31952640414237976,0.2435312122106552,0.7538306713104248,0.2794109284877777,0.1705423891544342
142,0.5130985975265503,0.44044554233551025,0.35225415229797363,0.9355629682540894,0.38393935561180115,0.19092324376106262,0.8881858587265015,0.35624605417251587,0.18963566422462463,0.8080844879150391,0.31665515899658203,0.24562561511993408,0.7521069049835205,0.27678510546684265,0.16976240277290344
143,0.49689632654190063,0.4233931601047516,0.31507641077041626,0.9483671188354492,0.36738085746765137,0.1846519559621811,0.8922278881072998,0.35984280705451965,0.18814295530319214,0.809938907623291,0.32587894797325134,0.23302924633026123,0.7525112628936768,0.2861313223838806,0.17101670801639557
144,0.4118208587169647,0.43259963393211365,0.314669668674469,0.9115859270095825,0.3708619475364685,0.18864522874355316,0.8765019774436951,0.3530251383781433,0.19188232719898224,0.8166095018386841,0.32336094975471497,0.2371084988117218,0.7671887278556824,0.30042025446891785,0.17797060310840607
145,0.3997056484222412,0.44220641255378723,0.31577903032302856,0.8973246216773987,0.368554949760437,0.17790043354034424,0.8647753596305847,0.3578082323074341,0.17942236363887787,0.8062559366226196,0.3254012167453766,0.22959063947200775,0.777273416519165,0.28082558512687683,0.16596099734306335
146,0.5712565183639526,0.3473120331764221,0.35393932461738586,0.9376242160797119,0.40581241250038147,0.2087259292602539,0.8882616758346558,0.369306355714798,0.18740499019622803,0.7893477082252502,0.3347339928150177,0.23318380117416382,0.6961907148361206,0.2991882562637329,0.1685200184583664
147,0.4603217840194702,0.42292892932891846,0.33829426765441895,0.8792340159416199,0.3545700013637543,0.24143990874290466,0.8853752017021179,0.3608894646167755,0.20966216921806335,0.803949773311615,0.33728325366973877,0.23889334499835968,0.7332556843757629,0.3093351125717163,0.16437005996704102
148,0.4977266490459442,0.41635996103286743,0.21299028396606445,0.9558165669441223,0.3504723608493805,0.2620559334754944,0.9378717541694641,0.36477944254875183,0.282550185918808,0.8587254881858826,0.3597560524940491,0.24610550701618195,0.7625458836555481,0.3627728521823883,0.1897939294576645
149,0.5030317902565002,0.42124879360198975,0.23513992130756378,0.962952196598053,0.3504447042942047,0.2325444519519806,0.931718111038208,0.36942827701568604,0.2752426266670227,0.8671726584434509,0.32379403710365295,0.24923613667488098,0.7796837091445923,0.33735617995262146,0.15051279962062836
150,0.473281592130661,0.4297153949737549,0.20937322080135345,0.9785928726196289,0.351084440946579,0.24433384835720062,0.9376755952835083,0.38323163986206055,0.26618996262550354,0.8620835542678833,0.3144185543060303,0.26780039072036743,0.7679658532142639,0.326454222202301,0.14827890694141388
151,0.4643862545490265,0.4129643440246582,0.30737754702568054,0.9361147880554199,0.41328540444374084,0.2500685751438141,0.9323279857635498,0.3845164179801941,0.2787570357322693,0.8593874573707581,0.3088839054107666,0.27204543352127075,0.7951750755310059,0.3107146918773651,0.16262006759643555
152,0.4780280888080597,0.444326788187027,0.3245126008987427,0.9495353698730469,0.41709697246551514,0.2405099868774414,0.9274616837501526,0.36579012870788574,0.29186683893203735,0.8465120196342468,0.3139338791370392,0.27706360816955566,0.7698444724082947,0.3210642635822296,0.1879587173461914
153,0.48646730184555054,0.3993271589279175,0.3405058979988098,0.976335346698761,0.3650262653827667,0.2432200163602829,0.9368112087249756,0.37345266342163086,0.29551464319229126,0.8806416392326355,0.30027079582214355,0.27006903290748596,0.8498295545578003,0.25990724563598633,0.18424531817436218
154,0.453339546918869,0.41432082653045654,0.3304864168167114,0.9747977256774902,0.37051764130592346,0.2450413703918457,0.9409015774726868,0.3628518283367157,0.2768297791481018,0.8818439245223999,0.29992568492889404,0.2712940275669098,0.8362557291984558,0.26759544014930725,0.18134841322898865
155,0.4806189239025116,0.3823753893375397,0.38839319348335266,0.9680590629577637,0.3720683157444,0.2510192394256592,0.9397263526916504,0.37057238817214966,0.28359630703926086,0.9032464027404785,0.2880534827709198,0.2572861611843109,0.8530457615852356,0.29057809710502625,0.1724136918783188
156,0.43852365016937256,0.4561940133571625,0.2752573788166046,0.978595495223999,0.3739265501499176,0.2632749378681183,0.9530903100967407,0.36420300602912903,0.2666735351085663,0.9250661730766296,0.28175827860832214,0.2512325942516327,0.8662445545196533,0.2970718443393707,0.177180215716362
157,0.40308982133865356,0.460279256105423,0.29322221875190735,0.9539142847061157,0.3638765215873718,0.238440603017807,0.9506222605705261,0.36454591155052185,0.2701902687549591,0.9327954649925232,0.2802903652191162,0.2701839506626129,0.9102267026901245,0.28869256377220154,0.17404510080814362
158,0.4245319068431854,0.44888007640838623,0.18964701890945435,0.9590266942977905,0.38047611713409424,0.22927974164485931,0.9550495147705078,0.3603697419166565,0.27236002683639526,0.927225649356842,0.27437272667884827,0.26480045914649963,0.8838951587677002,0.2768807113170624,0.19069567322731018
159,0.4338654577732086,0.4371315836906433,0.2807129919528961,0.9801576137542725,0.36516040563583374,0.21926094591617584,0.949537992477417,0.3573414385318756,0.28258445858955383,0.9188306331634521,0.27534547448158264,0.25645825266838074,0.8423411846160889,0.3069436848163605,0.16935355961322784
160,0.42982256412506104,0.4642689526081085,0.300071656703949,1.0015738010406494,0.3410561680793762,0.22604350745677948,0.9615699648857117,0.3622361123561859,0.28157469630241394,0.9239459037780762,0.2917379140853882,0.2557900846004486,0.8816370368003845,0.2645239531993866,0.18775388598442078
161,0.4165990650653839,0.436829537153244,0.37866994738578796,0.9880428910255432,0.35325226187705994,0.21731728315353394,0.9432185888290405,0.37085482478141785,0.271592378616333,0.9130828976631165,0.28453680872917175,0.257306843996048,0.857787549495697,0.27907100319862366,0.18178105354309082
162,0.4850507378578186,0.39421650767326355,0.3976043164730072,0.9880546927452087,0.3682902157306671,0.2196807563304901,0.9408472180366516,0.37084493041038513,0.2722095847129822,0.8811039924621582,0.3086603879928589,0.24317190051078796,0.815654993057251,0.25869858264923096,0.17437008023262024
163,0.4878230690956116,0.40317562222480774,0.4012174904346466,0.9875682592391968,0.3682757019996643,0.21708132326602936,0.9468328356742859,0.3654683530330658,0.27073097229003906,0.8840922713279724,0.31198805570602417,0.2407965362071991,0.822009801864624,0.27145475149154663,0.17265437543392181
164,0.4737274944782257,0.4033581614494324,0.42896899580955505,0.987541139125824,0.3646012246608734,0.2207530289888382,0.9445561170578003,0.36531320214271545,0.2740372121334076,0.8774127960205078,0.3083648681640625,0.23789604008197784,0.8144544363021851,0.24239560961723328,0.2017921805381775
165,0.4925786256790161,0.4061986207962036,0.41944944858551025,1.009682297706604,0.3593858778476715,0.2290770262479782,0.9498549103736877,0.3597906231880188,0.27469417452812195,0.8650910258293152,0.30601775646209717,0.25380057096481323,0.7913175821304321,0.2827390134334564,0.14575797319412231
166,0.4716118276119232,0.41436058282852173,0.3955344259738922,1.0058445930480957,0.37090104818344116,0.22627025842666626,0.9533006548881531,0.36535248160362244,0.2691202461719513,0.8707283735275269,0.30516067147254944,0.2519727945327759,0.8174416422843933,0.2714137136936188,0.15320682525634766
167,0.463456392288208,0.42039451003074646,0.39475512504577637,1.0097782611846924,0.36988216638565063,0.22458301484584808,0.9561810493469238,0.3679494261741638,0.2674143314361572,0.8732119798660278,0.3023452162742615,0.25633513927459717,0.8290585279464722,0.26119765639305115,0.1549326777458191
168,0.4609081745147705,0.4262378513813019,0.397625207901001,1.0107959508895874,0.3732382655143738,0.22385667264461517,0.9591737389564514,0.3681154251098633,0.2676262855529785,0.8733381628990173,0.30356696248054504,0.2562323808670044,0.8256780505180359,0.2637499272823334,0.15481245517730713
169,0.4672551155090332,0.4257343113422394,0.3768666684627533,1.0091936588287354,0.37786126136779785,0.2187492400407791,0.9542177319526672,0.37009164690971375,0.2701772451400757,0.8642489910125732,0.30981767177581787,0.2546862065792084,0.8045262098312378,0.2811501622200012,0.14730492234230042
170,0.48781174421310425,0.42091524600982666,0.37931445240974426,1.0197956562042236,0.3621383011341095,0.2121620774269104,0.9576345682144165,0.3683216869831085,0.2720852792263031,0.8641012907028198,0.3138984143733978,0.25844240188598633,0.8024593591690063,0.2801729142665863,0.1744949370622635
171,0.48697978258132935,0.4372936487197876,0.3823726177215576,1.0299758911132812,0.32510292530059814,0.2302134782075882,0.9671352505683899,0.35641682147979736,0.28106704354286194,0.8726369142532349,0.3173241913318634,0.2569117546081543,0.8058314323425293,0.2870817482471466,0.17502161860466003
172,0.44944241642951965,0.48365524411201477,0.3667308986186981,1.0277941226959229,0.3203050494194031,0.23391468822956085,0.9674640893936157,0.35522767901420593,0.28633052110671997,0.873896598815918,0.3156227469444275,0.25580477714538574,0.8083900809288025,0.28592538833618164,0.17158523201942444
173,0.4107570946216583,0.4897157549858093,0.3273966610431671,1.0441597700119019,0.29983386397361755,0.2390265315771103,0.9760714769363403,0.3715425431728363,0.3005531132221222,0.8846947550773621,0.3113309442996979,0.2866676151752472,0.7791479825973511,0.30036845803260803,0.20278355479240417
174,0.4107570946216583,0.4897157549858093,0.3273966610431671,1.0441597700119019,0.29983386397361755,0.2390265315771103,0.9760714769363403,0.3715425431728363,0.3005531132221222,0.8846947550773621,0.3113309442996979,0.2866676151752472,0.7791479825973511,0.30036845803260803,0.20278355479240417
175,0.40873661637306213,0.4697032570838928,0.28985849022865295,1.0344581604003906,0.3019135892391205,0.2518424689769745,0.9772447347640991,0.3872257471084595,0.29079675674438477,0.8891122937202454,0.3131653368473053,0.3085889518260956,0.7861968874931335,0.3011130094528198,0.20927338302135468
176,0.39151638746261597,0.48542219400405884,0.3006913661956787,1.0310070514678955,0.30292659997940063,0.25628194212913513,0.9740338921546936,0.3712010383605957,0.29980382323265076,0.8863942623138428,0.3114926218986511,0.3030685782432556,0.7912581562995911,0.3042732775211334,0.2041616439819336
177,0.38997989892959595,0.4617205262184143,0.2990422248840332,1.0266770124435425,0.3196732997894287,0.21589374542236328,0.9708038568496704,0.39001503586769104,0.26965388655662537,0.8868680596351624,0.3252018094062805,0.2930994927883148,0.785412609577179,0.29760879278182983,0.21034516394138336
178,0.39445146918296814,0.4650011658668518,0.2957691252231598,1.026270866394043,0.3219078481197357,0.2184430956840515,0.9711886048316956,0.39290881156921387,0.2713024318218231,0.8886825442314148,0.32710331678390503,0.2931046187877655,0.7963461875915527,0.29395589232444763,0.20940853655338287
179,0.3817642629146576,0.4712580740451813,0.2778209149837494,1.0227272510528564,0.3071502149105072,0.26221534609794617,0.9727604389190674,0.39221006631851196,0.26883578300476074,0.8849019408226013,0.3264172077178955,0.2929964065551758,0.8048778176307678,0.2956622838973999,0.20727746188640594
180,0.381599098443985,0.47993096709251404,0.2779214382171631,1.0235066413879395,0.3092462718486786,0.26576220989227295,0.9730355739593506,0.37214967608451843,0.27204015851020813,0.8822749853134155,0.32437852025032043,0.2923523485660553,0.8018320202827454,0.2927953600883484,0.20105555653572083
181,0.4068226218223572,0.45626941323280334,0.27359461784362793,1.0321528911590576,0.3101881444454193,0.2714827358722687,0.9797858595848083,0.373440146446228,0.2655216157436371,0.8883909583091736,0.32261455059051514,0.2836422920227051,0.8069206476211548,0.2891262471675873,0.20005173981189728
182,0.40642690658569336,0.45664113759994507,0.38495805859565735,1.0262908935546875,0.31580448150634766,0.2691769301891327,0.975156843662262,0.3720792531967163,0.2593924403190613,0.8828607201576233,0.32383251190185547,0.28278079628944397,0.7996078729629517,0.28988468647003174,0.20141763985157013
183,0.4129202365875244,0.4585130214691162,0.38595083355903625,1.0256760120391846,0.32212361693382263,0.2517944574356079,0.9766088128089905,0.3879157602787018,0.2606872618198395,0.8877596855163574,0.3298686146736145,0.2840231955051422,0.7984766960144043,0.2830169200897217,0.2029106169939041
184,0.4030067026615143,0.46910420060157776,0.37840530276298523,1.0220643281936646,0.3255287706851959,0.24907222390174866,0.9719424247741699,0.38941046595573425,0.2669029235839844,0.8809463977813721,0.3330093026161194,0.28983163833618164,0.7903087139129639,0.28956782817840576,0.2001524418592453
185,0.413394033908844,0.5104897022247314,0.28857117891311646,1.0391550064086914,0.3191288113594055,0.2059534639120102,0.9720190167427063,0.3915358781814575,0.28826314210891724,0.8980440497398376,0.32239821553230286,0.2904398441314697,0.807062566280365,0.31491169333457947,0.17449623346328735
186,0.41437599062919617,0.5215432643890381,0.3167359530925751,1.0409239530563354,0.3098084330558777,0.21751120686531067,0.9663236737251282,0.38521572947502136,0.2805326282978058,0.8842480778694153,0.3227734863758087,0.2598937451839447,0.76814204454422,0.28684622049331665,0.2106180191040039
187,0.41429662704467773,0.5179498791694641,0.3194909393787384,1.0351225137710571,0.3090388774871826,0.2179974615573883,0.9560444951057434,0.3851524591445923,0.2730281949043274,0.8706858158111572,0.3235732316970825,0.25459161400794983,0.7549962997436523,0.28321734070777893,0.2099331021308899
188,0.4098064601421356,0.5224788188934326,0.3167320191860199,1.0362861156463623,0.30825310945510864,0.22048144042491913,0.9549174904823303,0.38643452525138855,0.2734910845756531,0.8720502853393555,0.3214065432548523,0.2570570707321167,0.7552198767662048,0.28717294335365295,0.206559419631958
189,0.41296976804733276,0.4779990017414093,0.3637283742427826,1.0340441465377808,0.3496832251548767,0.28248506784439087,0.972054660320282,0.3928282856941223,0.2877361476421356,0.8757609128952026,0.3300648629665375,0.2396916300058365,0.7503855228424072,0.2795707881450653,0.1879452019929886
190,0.5103675127029419,0.40937310457229614,0.38555052876472473,1.0099523067474365,0.35299041867256165,0.2145145684480667,0.925062894821167,0.3736518323421478,0.2250863015651703,0.8377190828323364,0.35275110602378845,0.24448339641094208,0.7972327470779419,0.3073422908782959,0.17395730316638947
191,0.5442799925804138,0.4089291989803314,0.355636864900589,0.9954329133033752,0.364947646856308,0.22020161151885986,0.9277135729789734,0.37461182475090027,0.22706091403961182,0.8701912760734558,0.33640056848526,0.2198660522699356,0.8488814830780029,0.29462161660194397,0.14901143312454224
192,0.5722708702087402,0.5453162789344788,0.3935776352882385,1.0376545190811157,0.30460745096206665,0.26204848289489746,0.9580594897270203,0.366252601146698,0.28687119483947754,0.9404725432395935,0.2372746765613556,0.18996955454349518,0.8792614936828613,0.21889251470565796,0.13423320651054382
193,0.527739405632019,0.5068097114562988,0.4402844309806824,0.9970735907554626,0.36000362038612366,0.24562296271324158,0.9277011752128601,0.34890639781951904,0.2355516403913498,0.8833673000335693,0.2655390202999115,0.29595425724983215,0.789054274559021,0.30683887004852295,0.11984802037477493
194,0.5700327754020691,0.4540242850780487,0.45659205317497253,0.9874328970909119,0.3789021074771881,0.23818525671958923,0.918118417263031,0.342117041349411,0.21892040967941284,0.8609749674797058,0.2693001925945282,0.24830296635627747,0.755398690700531,0.3204581141471863,0.12454614788293839
195,0.49049773812294006,0.5551353693008423,0.3788427710533142,0.9640596508979797,0.3271927535533905,0.26903653144836426,0.8860359787940979,0.3505249619483948,0.20687809586524963,0.8425063490867615,0.2579163610935211,0.25754883885383606,0.8288275599479675,0.25473177433013916,0.1764429211616516
196,0.6139574646949768,0.5026590824127197,0.3672221004962921,0.9687672257423401,0.3242518901824951,0.2658087909221649,0.8898516297340393,0.358670175075531,0.22894929349422455,0.834242582321167,0.28763580322265625,0.29595160484313965,0.8360345363616943,0.29970988631248474,0.11429980397224426
197,0.5805332660675049,0.5814110040664673,0.3505496382713318,0.9792175889015198,0.3202497959136963,0.2318250685930252,0.9054235816001892,0.3554641902446747,0.22815141081809998,0.8666806817054749,0.2887991666793823,0.24717535078525543,0.8116223216056824,0.322376012802124,0.1277344822883606
198,0.5578048825263977,0.6031387448310852,0.3579730689525604,0.9760458469390869,0.33129584789276123,0.23912924528121948,0.9149404168128967,0.34986764192581177,0.2633437216281891,0.874457061290741,0.2905760407447815,0.2545791268348694,0.8246171474456787,0.3175804913043976,0.14405034482479095
199,0.43472591042518616,0.6311309337615967,0.32855451107025146,0.9234825372695923,0.33442074060440063,0.22697216272354126,0.8880722522735596,0.34012407064437866,0.2644365727901459,0.8761222958564758,0.2552153468132019,0.2566370368003845,0.8261966109275818,0.26383453607559204,0.11990790069103241
200,0.4599122107028961,0.6791292428970337,0.29260069131851196,0.9208812117576599,0.3271842300891876,0.23727485537528992,0.8638688921928406,0.34326431155204773,0.2617085874080658,0.8327261805534363,0.2667587697505951,0.22534815967082977,0.7852007150650024,0.2708947956562042,0.07550172507762909
201,0.49571776390075684,0.6079221963882446,0.26668810844421387,0.9552063941955566,0.3233657777309418,0.262710303068161,0.9378740787506104,0.35532164573669434,0.27591779828071594,0.9090607166290283,0.2700446844100952,0.2492910623550415,0.8766798973083496,0.30953097343444824,0.15428589284420013
202,0.4832458198070526,0.5788730978965759,0.27541595697402954,0.8885342478752136,0.3223147690296173,0.21677912771701813,0.8815632462501526,0.33626678586006165,0.3257501721382141,0.8412117958068848,0.26064133644104004,0.30943164229393005,0.7884266376495361,0.2839053273200989,0.17224915325641632
203,0.49222442507743835,0.5614631175994873,0.2844136953353882,0.9134316444396973,0.332944393157959,0.20683550834655762,0.9173256754875183,0.3440974950790405,0.304229199886322,0.8783019781112671,0.29652896523475647,0.2718863785266876,0.8098924160003662,0.28500938415527344,0.17336532473564148
204,0.4496057331562042,0.617120623588562,0.2422802895307541,0.9270209670066833,0.27726271748542786,0.20446179807186127,0.9066836833953857,0.345312237739563,0.32225683331489563,0.8749343752861023,0.3021489381790161,0.3002305328845978,0.8021059036254883,0.3291170001029968,0.17712366580963135
205,0.4969387352466583,0.5888405442237854,0.31374821066856384,0.9451197981834412,0.3250041604042053,0.1957399994134903,0.9286872744560242,0.35004982352256775,0.3303925693035126,0.9016126394271851,0.28783777356147766,0.3357420861721039,0.87587970495224,0.346893310546875,0.16998161375522614
206,0.47501397132873535,0.596152126789093,0.3029966652393341,0.9332996010780334,0.3243740499019623,0.20017677545547485,0.9284937977790833,0.34650537371635437,0.2631341218948364,0.901827335357666,0.28703027963638306,0.3422447443008423,0.8802241086959839,0.33566784858703613,0.22334443032741547
207,0.44258978962898254,0.590233564376831,0.3519205152988434,0.9379691481590271,0.3053087592124939,0.24950569868087769,0.9116849303245544,0.32137349247932434,0.3308539390563965,0.8789831399917603,0.28928524255752563,0.30200061202049255,0.8848205208778381,0.3439120352268219,0.20557869970798492
208,0.4735721945762634,0.47333112359046936,0.3669579029083252,0.942402720451355,0.30375874042510986,0.19265176355838776,0.9508187174797058,0.3395079970359802,0.2786179184913635,0.9472710490226746,0.27033641934394836,0.29762667417526245,0.9695928692817688,0.2773517966270447,0.1648288518190384
209,0.500032365322113,0.45974865555763245,0.3551708161830902,0.9402598738670349,0.29119211435317993,0.21873146295547485,0.9491437673568726,0.35499292612075806,0.26067593693733215,0.9462087154388428,0.2908197045326233,0.2813440263271332,0.9464634656906128,0.2721366882324219,0.1548614203929901
210,0.4915868937969208,0.47616302967071533,0.32925692200660706,0.9348572492599487,0.30010655522346497,0.19987629354000092,0.9486790299415588,0.3682427704334259,0.25988543033599854,0.9651137590408325,0.29003554582595825,0.27668195962905884,0.9745275974273682,0.2758825123310089,0.15949636697769165
211,0.49803948402404785,0.532981812953949,0.3384864926338196,0.92833012342453,0.303617000579834,0.20343303680419922,0.9380934238433838,0.3602715730667114,0.2407718002796173,0.940326452255249,0.28160619735717773,0.27853694558143616,0.9318604469299316,0.27639949321746826,0.18508590757846832
212,0.4319969415664673,0.5504525899887085,0.28151413798332214,0.9019666314125061,0.33181020617485046,0.195274218916893,0.9499777555465698,0.34820640087127686,0.2910255193710327,0.9720356464385986,0.3066266179084778,0.28876668214797974,0.9786449670791626,0.318206250667572,0.18210859596729279
213,0.4367434084415436,0.5586233735084534,0.35930246114730835,0.8901244401931763,0.3310641646385193,0.21667811274528503,0.9405425190925598,0.3531818091869354,0.24334269762039185,0.9322264194488525,0.2990347445011139,0.2744413912296295,0.9554418921470642,0.3205808103084564,0.1912773698568344
214,0.44738125801086426,0.5775206685066223,0.2865627706050873,0.8924095630645752,0.3232738971710205,0.2123507708311081,0.9388986229896545,0.34924429655075073,0.2660740911960602,0.915256142616272,0.31727930903434753,0.27348896861076355,0.9129235744476318,0.3295619487762451,0.18556484580039978
215,0.4611915349960327,0.503292977809906,0.35121628642082214,0.9093466401100159,0.3255510926246643,0.22605909407138824,0.9469597935676575,0.34204334020614624,0.25856491923332214,0.9568549990653992,0.24898619949817657,0.28986242413520813,0.9431219100952148,0.30270105600357056,0.158415749669075
216,0.3507326543331146,0.48391956090927124,0.45039448142051697,0.878690779209137,0.3229925334453583,0.2217051386833191,0.9305458664894104,0.3420361578464508,0.28804051876068115,0.9556110501289368,0.2683822810649872,0.28950485587120056,0.936171293258667,0.3271729052066803,0.1749001443386078
217,0.3297114670276642,0.5447462201118469,0.329058974981308,0.8767465353012085,0.3203097879886627,0.22790683805942535,0.9348211288452148,0.3355579376220703,0.27855926752090454,0.9482674598693848,0.2777467966079712,0.28457823395729065,0.9333449602127075,0.31841516494750977,0.17972490191459656
218,0.41549670696258545,0.5023015141487122,0.3065809905529022,0.895187258720398,0.3235354721546173,0.2474622130393982,0.9454959630966187,0.32479605078697205,0.20755155384540558,0.9437023401260376,0.2431575506925583,0.18518106639385223,0.9078682065010071,0.23911847174167633,0.15660852193832397
219,0.4400779604911804,0.48104026913642883,0.31542831659317017,0.9003121256828308,0.3170073628425598,0.2784735858440399,0.9475305080413818,0.31548288464546204,0.26243314146995544,0.9504938125610352,0.2128637731075287,0.21194173395633698,0.9104911088943481,0.2548486292362213,0.12975698709487915
220,0.48445257544517517,0.4190351366996765,0.333830863237381,0.8996720314025879,0.3198399543762207,0.2623019814491272,0.9482619762420654,0.25713634490966797,0.3172239363193512,0.9464683532714844,0.2088540494441986,0.23105069994926453,0.9289245009422302,0.21094901859760284,0.15744289755821228
221,0.48637816309928894,0.4210893213748932,0.39958980679512024,0.9301510453224182,0.39472609758377075,0.3080366849899292,0.9891231060028076,0.3286941647529602,0.3008953928947449,0.9951048493385315,0.2587653398513794,0.26560717821121216,1.0341492891311646,0.16977423429489136,0.14663773775100708
222,0.43814411759376526,0.5362216234207153,0.3643139600753784,0.9342161417007446,0.38141068816185,0.29181990027427673,0.9767423272132874,0.3205948770046234,0.2903312146663666,0.9837266206741333,0.22287537157535553,0.2540430724620819,0.9803276658058167,0.20185640454292297,0.14892224967479706
223,0.3125835061073303,0.5168904066085815,0.46135371923446655,0.8925253748893738,0.36501091718673706,0.22077520191669464,0.9573870301246643,0.30954599380493164,0.3060016632080078,0.9703323841094971,0.2289024442434311,0.23516078293323517,0.9566071629524231,0.2386123090982437,0.1296485811471939
224,0.3555953800678253,0.5143738389015198,0.40493619441986084,0.9149142503738403,0.35404539108276367,0.232598215341568,0.9629290699958801,0.30682089924812317,0.2846415042877197,0.9792347550392151,0.20475707948207855,0.1966138631105423,0.9401786923408508,0.22917979955673218,0.12093329429626465
225,0.32047563791275024,0.4771578907966614,0.5800340175628662,0.864778995513916,0.30956462025642395,0.29509270191192627,0.8722646236419678,0.3348793685436249,0.25705572962760925,0.8945519328117371,0.27942755818367004,0.17773152887821198,0.9869285225868225,0.20882146060466766,0.2561226189136505
226,0.49734020233154297,0.5498073101043701,0.35293346643447876,0.9755799174308777,0.3027535676956177,0.21756775677204132,0.95540851354599,0.31019896268844604,0.20461365580558777,0.8656700253486633,0.24073956906795502,0.136674702167511,0.871688723564148,0.34297820925712585,0.14055278897285461
227,0.46608027815818787,0.45560529828071594,0.3115524351596832,0.9807540774345398,0.34231260418891907,0.2576225697994232,0.9541947841644287,0.30919983983039856,0.13643310964107513,0.8512299060821533,0.484683632850647,0.7930096983909607,0.8107526302337646,0.3219279944896698,0.21106940507888794
228,0.5281563401222229,0.4966667890548706,0.4082225263118744,0.9787124395370483,0.3684964179992676,0.20839110016822815,0.9070639610290527,0.37416329979896545,0.2338753193616867,0.8740748167037964,0.32817211747169495,0.26420798897743225,0.9063060283660889,0.35904765129089355,1.0389676094055176
229,0.4399278461933136,0.5116082429885864,0.33405759930610657,0.9362870454788208,0.3909262716770172,0.20188313722610474,0.9507570266723633,0.3946159780025482,0.28981268405914307,0.944740355014801,0.3532615303993225,0.27469193935394287,0.9222097396850586,0.4334633946418762,0.1606774628162384
230,0.45716172456741333,0.46075478196144104,0.34504565596580505,0.9570440053939819,0.39567962288856506,0.20254498720169067,0.9399616718292236,0.38355740904808044,0.28446492552757263,0.9320424199104309,0.3468184173107147,0.24943220615386963,0.8719065189361572,0.46580496430397034,0.1583680957555771
231,0.4652376174926758,0.35956892371177673,0.32550346851348877,0.9268760681152344,0.3897060751914978,0.233780637383461,0.8989322185516357,0.35972169041633606,0.277260959148407,0.8510140180587769,0.35901689529418945,0.22283980250358582,0.8022223711013794,0.4492076337337494,0.1514142006635666
232,0.5011769533157349,0.3849073648452759,0.3086065351963043,0.9603999257087708,0.3812887370586395,0.2302461564540863,0.9202767014503479,0.3631720244884491,0.26826199889183044,0.8651573061943054,0.37865251302719116,0.21387122571468353,0.7929964661598206,0.3372819423675537,0.24590055644512177
233,0.49075931310653687,0.383154958486557,0.292326420545578,0.9450643062591553,0.38008999824523926,0.26918238401412964,0.9380607008934021,0.3744315207004547,0.27148693799972534,0.896495521068573,0.38660722970962524,0.21584384143352509,0.827025830745697,0.36603355407714844,0.1980503350496292
234,0.4344325065612793,0.43257203698158264,0.3137750029563904,0.9513041973114014,0.3764469623565674,0.2712719738483429,0.9465857148170471,0.3658217489719391,0.2690795361995697,0.9046549797058105,0.36889857053756714,0.22534000873565674,0.8254004120826721,0.25307536125183105,0.3404754102230072
235,0.4468800127506256,0.41636377573013306,0.35938531160354614,0.9618884325027466,0.36978989839553833,0.305138498544693,0.9425369501113892,0.3739587366580963,0.286842405796051,0.894601047039032,0.36787983775138855,0.25060248374938965,0.8449695110321045,0.31594911217689514,0.21262939274311066
236,0.44222718477249146,0.43722236156463623,0.294903963804245,0.9368138313293457,0.36487308144569397,0.2663590908050537,0.9095903038978577,0.3966933488845825,0.2819778025150299,0.8420776724815369,0.3718632161617279,0.25964194536209106,0.7573132514953613,0.38296183943748474,0.17420847713947296
237,0.44669756293296814,0.4531679153442383,0.28235024213790894,0.9072370529174805,0.3614480793476105,0.2479940801858902,0.8869008421897888,0.3781784176826477,0.23799997568130493,0.8180745840072632,0.3564583361148834,0.2465590238571167,0.7714118957519531,0.35093382000923157,0.1746678650379181
238,0.4752020835876465,0.44581174850463867,0.2940153479576111,0.9257797002792358,0.3675107955932617,0.25781771540641785,0.9037337303161621,0.37624591588974,0.2423383891582489,0.8351210951805115,0.36062097549438477,0.2340303361415863,0.7810913920402527,0.3722607493400574,0.18151035904884338
239,0.37185928225517273,0.47342291474342346,0.41135919094085693,0.9166752099990845,0.32960718870162964,0.26582562923431396,0.8766169548034668,0.3833106756210327,0.2157377451658249,0.8130548596382141,0.3275442123413086,0.25752830505371094,0.738208532333374,0.40205129981040955,0.14399676024913788
240,0.4148440957069397,0.4708864986896515,0.3544066250324249,0.9412205219268799,0.35001447796821594,0.2354334443807602,0.9122061133384705,0.37692803144454956,0.22945374250411987,0.8279015421867371,0.3338567018508911,0.27277299761772156,0.7574591040611267,0.3498234748840332,0.18252794444561005
241,0.509019672870636,0.427339106798172,0.36751869320869446,1.0108449459075928,0.31308096647262573,0.25978150963783264,0.9864093065261841,0.39193519949913025,0.27688145637512207,0.9112749099731445,0.32202938199043274,0.29540637135505676,0.843451976776123,0.3241308033466339,0.22505033016204834
242,0.5762418508529663,0.4107038676738739,0.37077295780181885,0.9923491477966309,0.33262646198272705,0.23937836289405823,0.9769821763038635,0.3933279812335968,0.2502445876598358,0.8962345719337463,0.3383360207080841,0.2791913151741028,0.8246325254440308,0.32910045981407166,0.17179301381111145
243,0.5367330312728882,0.3084079921245575,0.30664271116256714,0.9952559471130371,0.31128376722335815,0.19896714389324188,0.9598394632339478,0.3926129639148712,0.30450505018234253,0.8774989247322083,0.31773555278778076,0.27595818042755127,0.8015902042388916,0.29877251386642456,0.1590820550918579
244,0.5003378987312317,0.4434557855129242,0.2685249149799347,0.986362099647522,0.3056837022304535,0.19543145596981049,0.9422975778579712,0.39179572463035583,0.2868961691856384,0.8493956327438354,0.3223876953125,0.27603259682655334,0.752964973449707,0.3143896758556366,0.19809699058532715
245,0.4752286970615387,0.33326488733291626,0.3525465726852417,1.0024757385253906,0.3410889208316803,0.26268765330314636,0.9663794636726379,0.3931569457054138,0.2637614905834198,0.8832784295082092,0.3039851188659668,0.3008822500705719,0.816802978515625,0.24047861993312836,0.23296576738357544
246,0.5585941076278687,0.40829071402549744,0.4526342749595642,1.0181151628494263,0.3636428415775299,0.21900127828121185,0.9242768883705139,0.36249908804893494,0.238919198513031,0.8728498816490173,0.30136755108833313,0.27282652258872986,0.8618925213813782,0.27518489956855774,0.1990935057401657
247,0.516746461391449,0.4269988536834717,0.3975531756877899,0.9468880891799927,0.35979583859443665,0.2790178060531616,0.8661344051361084,0.3587118685245514,0.23453769087791443,0.8165748715400696,0.29619619250297546,0.30836424231529236,0.7862873077392578,0.2703709006309509,0.19887003302574158
248,0.5283292531967163,0.4490659832954407,0.4806499183177948,1.0041416883468628,0.3740396797657013,0.20469412207603455,0.9167832136154175,0.3788437843322754,0.22889994084835052,0.8421058058738708,0.29284849762916565,0.26328471302986145,0.8162934184074402,0.259284108877182,0.19312413036823273
249,0.2976183593273163,0.4821754992008209,0.5884454846382141,0.9339315891265869,0.2556246519088745,0.197976753115654,0.893627405166626,0.24573025107383728,0.2594154179096222,0.8198596835136414,0.20504777133464813,0.18487448990345,0.755731463432312,0.2990442216396332,0.12722055613994598
250,0.2942453622817993,0.42737263441085815,0.2699424624443054,0.8728546500205994,0.2075255960226059,0.5422119498252869,0.9127346277236938,0.13415421545505524,0.36849290132522583,0.8492875099182129,0.16115379333496094,0.4136987626552582,0.7269610166549683,0.3220014274120331,0.355366587638855
251,0.5709677338600159,0.31727680563926697,0.17922984063625336,0.9090172648429871,0.278271347284317,0.39846161007881165,0.8792051076889038,0.18685832619667053,0.11477657407522202,0.7934480905532837,0.2697817385196686,0.5556007623672485,0.6912990212440491,0.20682623982429504,0.12662944197654724
252,0.5238311290740967,0.33634433150291443,0.19208432734012604,0.8829911351203918,0.2769189774990082,0.3277950584888458,0.8643725514411926,0.2112911343574524,0.13923700153827667,0.807180643081665,0.32256925106048584,0.11520606279373169,0.6525328755378723,0.2373119741678238,0.16157172620296478
253,0.5818192958831787,0.46599024534225464,0.28498372435569763,0.9403443932533264,0.2044372856616974,0.21929459273815155,0.8746622204780579,0.3656805157661438,0.2566993832588196,0.7845214605331421,0.26488733291625977,0.25208866596221924,0.6179193258285522,0.2776945233345032,0.1734619289636612
254,0.4686445891857147,0.5111842751502991,0.1666456013917923,0.9191823601722717,0.4425460398197174,0.2520945370197296,0.8819854259490967,0.352009654045105,0.2617126405239105,0.799613893032074,0.2951648235321045,0.23186549544334412,0.6991201043128967,0.29869717359542847,0.1836158186197281
255,0.37055525183677673,0.45951732993125916,0.24356049299240112,0.8807947635650635,0.37915873527526855,0.24118001759052277,0.8599840402603149,0.3544793128967285,0.2699483036994934,0.7813988924026489,0.2951814830303192,0.24760529398918152,0.6793790459632874,0.280234694480896,0.19236864149570465
256,0.29924431443214417,0.503044843673706,0.18292301893234253,0.8711478114128113,0.36813390254974365,0.2731342613697052,0.8620838522911072,0.35939258337020874,0.2497282326221466,0.7809479832649231,0.3020756244659424,0.23768410086631775,0.6866466999053955,0.28582361340522766,0.20593364536762238
257,0.28777599334716797,0.5380373001098633,0.15039612352848053,0.8988454937934875,0.36439841985702515,0.25771740078926086,0.8707894682884216,0.3587702810764313,0.25150516629219055,0.7898163199424744,0.3149043023586273,0.2420417219400406,0.710028886795044,0.2808612585067749,0.1964091807603836
258,0.28029435873031616,0.4813811182975769,0.532433807849884,0.9013226628303528,0.35860222578048706,0.22994837164878845,0.8713832497596741,0.37901923060417175,0.2564082443714142,0.7825337648391724,0.3189695179462433,0.23838083446025848,0.6837186217308044,0.26665177941322327,0.20499812066555023
259,0.25479134917259216,0.5582451224327087,0.4657781720161438,0.9190024733543396,0.3837798237800598,0.24531777203083038,0.8822261691093445,0.37473559379577637,0.25814297795295715,0.8023484945297241,0.3173951208591461,0.2340630143880844,0.7629080414772034,0.24158716201782227,0.22762519121170044
260,0.1853833943605423,0.546410083770752,0.3016320765018463,0.8980819582939148,0.3769139349460602,0.19623121619224548,0.8670601844787598,0.3875252902507782,0.22470811009407043,0.8068800568580627,0.3181096017360687,0.23878468573093414,0.7215479016304016,0.26554420590400696,0.23374326527118683
261,0.20911367237567902,0.5455955266952515,0.2828022539615631,0.8916139602661133,0.3690930902957916,0.23433642089366913,0.8715267777442932,0.36403343081474304,0.24559010565280914,0.8320616483688354,0.31568318605422974,0.21340328454971313,0.7201142311096191,0.2938005030155182,0.20422592759132385
262,0.9596638679504395,0.4165346324443817,0.2527901828289032,0.8828582167625427,0.3812640905380249,0.21350416541099548,0.8799428343772888,0.3527332544326782,0.22923696041107178,0.8349257707595825,0.3136846721172333,0.2301514744758606,0.7473562955856323,0.3049180507659912,0.18782366812229156
263,0.34199073910713196,0.3841918408870697,0.10411958396434784,0.8654677271842957,0.3245365023612976,0.22733448445796967,0.9563069343566895,0.34659919142723083,0.24502375721931458,1.028882622718811,0.2799168825149536,0.18700307607650757,1.1509900093078613,0.26814335584640503,0.19625726342201233
264,0.24449700117111206,0.44159042835235596,0.2929443120956421,0.851013720035553,0.3750889301300049,0.23450618982315063,0.8665723204612732,0.3313676118850708,0.2457374632358551,0.8366543650627136,0.2952943742275238,0.23875515162944794,0.759274959564209,0.290633887052536,0.1878509819507599
265,0.22622190415859222,0.4850228428840637,0.35882341861724854,0.855206310749054,0.3324943482875824,0.2802377939224243,0.8575689792633057,0.33390578627586365,0.24028055369853973,0.8250556588172913,0.2949388325214386,0.22884021699428558,0.7414885759353638,0.2871241271495819,0.20886966586112976
266,0.3120560646057129,0.5210537910461426,0.3694205582141876,0.8915068507194519,0.38663509488105774,0.2854403853416443,0.8938114643096924,0.35771316289901733,0.23394593596458435,0.8495031595230103,0.27031269669532776,0.2525864243507385,0.7725803256034851,0.3140545189380646,0.15890875458717346
267,0.48946326971054077,0.2617427706718445,0.569720983505249,0.9031251072883606,0.4160986542701721,0.22645026445388794,0.8801102638244629,0.3617083728313446,0.24822284281253815,0.7608932852745056,0.3022630512714386,0.27247315645217896,0.6250864863395691,0.28145694732666016,0.19631613790988922
268,0.40799564123153687,0.5722599029541016,0.24607297778129578,0.9975424408912659,0.39828550815582275,0.33873751759529114,0.9901106953620911,0.38215699791908264,0.25559619069099426,0.8723246455192566,0.33752959966659546,0.2527943551540375,0.7359938025474548,0.2636849582195282,0.1938410848379135
269,0.5931692719459534,0.33446475863456726,0.3918774724006653,0.9804968237876892,0.37997958064079285,0.27194201946258545,0.9621838927268982,0.38017579913139343,0.24317653477191925,0.8445983529090881,0.32619011402130127,0.272599995136261,0.7229452729225159,0.32068806886672974,0.1743585169315338
270,0.6516910791397095,0.27355292439460754,0.30546048283576965,0.9053421020507812,0.3733936548233032,0.2734087407588959,0.8979562520980835,0.3650529980659485,0.24429956078529358,0.7841971516609192,0.2995817959308624,0.2647585868835449,0.6305586695671082,0.27995285391807556,0.1952309012413025
271,0.4735056161880493,0.2501848638057709,0.38257765769958496,0.9286848306655884,0.3384368419647217,0.29553163051605225,0.8564098477363586,0.3650664985179901,0.20968212187290192,0.8006378412246704,0.30023014545440674,0.24365484714508057,0.7243859171867371,0.29730987548828125,0.1767731010913849
272,0.6213419437408447,0.21313686668872833,0.5559757947921753,0.9000504612922668,0.3127630650997162,0.31999415159225464,0.8502660393714905,0.3625360429286957,0.21686576306819916,0.7684218287467957,0.3177397549152374,0.26070740818977356,0.6691004037857056,0.31814339756965637,0.18962860107421875
273,0.4983288049697876,0.3284553587436676,0.42065149545669556,0.9104700088500977,0.38461434841156006,0.2299703061580658,0.8659304976463318,0.3712127208709717,0.24117621779441833,0.7970472574234009,0.29805028438568115,0.25196215510368347,0.6757040023803711,0.343691885471344,0.153748020529747
274,0.5225522518157959,0.31043460965156555,0.42179006338119507,0.929560661315918,0.3713582456111908,0.2534153163433075,0.8964510560035706,0.3623468279838562,0.2394200563430786,0.8270961046218872,0.31479787826538086,0.256479412317276,0.7156245112419128,0.36158886551856995,0.15756067633628845
275,0.5476598739624023,0.3655502200126648,0.3004149794578552,0.9597128033638,0.3188738524913788,0.1874125748872757,0.8934879302978516,0.35795727372169495,0.20250049233436584,0.8420848846435547,0.2907537519931793,0.22693347930908203,0.7564327120780945,0.300844669342041,0.1551598310470581
276,0.563185453414917,0.45454731583595276,0.4159896671772003,0.9005332589149475,0.3587242066860199,0.30643653869628906,0.8667900562286377,0.34116852283477783,0.2986672818660736,0.7768356800079346,0.2893826365470886,0.2788613736629486,0.6471752524375916,0.2899077832698822,0.15820157527923584
277,0.42276546359062195,0.45136362314224243,0.4024910032749176,0.9650430083274841,0.29260292649269104,0.2461501806974411,0.8985466957092285,0.33385857939720154,0.30481237173080444,0.8329029679298401,0.2956843674182892,0.2510676681995392,0.7201645374298096,0.2861132323741913,0.2129945605993271
278,0.4391919672489166,0.43468376994132996,0.3518487513065338,0.9601734280586243,0.30534154176712036,0.22926197946071625,0.9052366018295288,0.33132117986679077,0.2566092014312744,0.841582715511322,0.3191496729850769,0.2690466046333313,0.7395673394203186,0.32049599289894104,0.19666962325572968
279,0.41743630170822144,0.3827764093875885,0.3256954848766327,0.9553812146186829,0.3273203372955322,0.21136870980262756,0.9045588970184326,0.3522157073020935,0.2630300521850586,0.8254060745239258,0.3247722089290619,0.25734469294548035,0.7489587664604187,0.3212088644504547,0.17822889983654022
280,0.4408363401889801,0.4069004952907562,0.28248828649520874,0.9588106870651245,0.32509005069732666,0.21660643815994263,0.9085748791694641,0.345588743686676,0.27164196968078613,0.8162935376167297,0.3110242784023285,0.25849974155426025,0.7372830510139465,0.2885269522666931,0.18173635005950928
281,0.42094066739082336,0.4157494008541107,0.27892154455184937,0.9651439189910889,0.2974909245967865,0.24519886076450348,0.9005972146987915,0.3730446696281433,0.2658209204673767,0.8115392327308655,0.3090488910675049,0.26392698287963867,0.74237459897995,0.28095921874046326,0.19741001725196838
282,0.44027385115623474,0.43991342186927795,0.3423592746257782,0.9810025095939636,0.3076322376728058,0.2331855446100235,0.9106354713439941,0.3736838102340698,0.2665955126285553,0.821461021900177,0.30272090435028076,0.28620219230651855,0.7469813227653503,0.30455508828163147,0.19318073987960815
283,0.4677608907222748,0.41547319293022156,0.3353899419307709,0.9571790099143982,0.3238627314567566,0.2306918352842331,0.8950988054275513,0.3740450441837311,0.26605427265167236,0.8110204339027405,0.2935706377029419,0.2872578203678131,0.731474757194519,0.3013569414615631,0.1960638463497162
284,0.42587459087371826,0.3545169532299042,0.3926559388637543,0.9737303853034973,0.29522138833999634,0.2286309450864792,0.909221351146698,0.3711695373058319,0.2510976791381836,0.8327826261520386,0.3043352961540222,0.2648770213127136,0.7736823558807373,0.3048047721385956,0.18321792781352997
285,0.46111443638801575,0.39837390184402466,0.5061771869659424,0.9827168583869934,0.2976514399051666,0.21873366832733154,0.8825831413269043,0.3632586896419525,0.2559880018234253,0.8025327920913696,0.31609320640563965,0.2679896056652069,0.743914008140564,0.3253592550754547,0.17272678017616272
286,0.6089072227478027,0.351075142621994,0.5478290319442749,0.9764773845672607,0.3180157244205475,0.21814236044883728,0.8771587014198303,0.3842204809188843,0.2597402036190033,0.8051366806030273,0.28941673040390015,0.2753347158432007,0.7515333890914917,0.32407569885253906,0.1853007823228836
287,0.5577754378318787,0.34265926480293274,0.5017629861831665,0.9792680740356445,0.3153893053531647,0.2974587380886078,0.8923802971839905,0.3352932333946228,0.24618706107139587,0.8098169565200806,0.30079346895217896,0.2560309171676636,0.7515226602554321,0.3034733831882477,0.1920168250799179
288,0.5832167863845825,0.4236368238925934,0.38701459765434265,1.0253239870071411,0.29917410016059875,0.25317174196243286,0.9223909974098206,0.3563958406448364,0.27309077978134155,0.8707353472709656,0.27803459763526917,0.25717034935951233,0.8327375650405884,0.3037867844104767,0.1494394987821579
289,0.5271767377853394,0.36622723937034607,0.33545735478401184,0.9516749382019043,0.31531110405921936,0.2900989353656769,0.9003715515136719,0.35484451055526733,0.30675145983695984,0.8637644052505493,0.29927849769592285,0.23974020779132843,0.7987223863601685,0.3324485719203949,0.19360418617725372
290,0.4916822016239166,0.37291792035102844,0.3174514174461365,0.9602062702178955,0.33886390924453735,0.28518781065940857,0.9108164310455322,0.3675132691860199,0.323740690946579,0.8787118196487427,0.3115839660167694,0.2839600741863251,0.8380585312843323,0.31929561495780945,0.1966610550880432
291,0.5005490779876709,0.3772447407245636,0.3168277144432068,0.9740940928459167,0.34863588213920593,0.2638845145702362,0.9174045324325562,0.3786114454269409,0.3203669488430023,0.8653512597084045,0.30414146184921265,0.2694017291069031,0.7994703650474548,0.3267141580581665,0.1688811033964157
292,0.5203168988227844,0.3993701934814453,0.30909356474876404,1.0283021926879883,0.3507026731967926,0.23355111479759216,0.9508273005485535,0.380869597196579,0.2918383777141571,0.8913411498069763,0.3242647051811218,0.26533639430999756,0.8115667104721069,0.30181941390037537,0.17538894712924957
293,0.538652241230011,0.38737934827804565,0.31508612632751465,1.0129913091659546,0.35931721329689026,0.2530840039253235,0.9430949091911316,0.37842798233032227,0.2958013117313385,0.8872979283332825,0.31421026587486267,0.25252142548561096,0.8342052698135376,0.3052540719509125,0.1836051493883133
294,0.47523605823516846,0.41445085406303406,0.31218114495277405,0.9987672567367554,0.3563711643218994,0.26924291253089905,0.9418587684631348,0.38068848848342896,0.29524680972099304,0.8761222958564758,0.3168967068195343,0.26149290800094604,0.799599289894104,0.3206665813922882,0.1856653094291687
295,0.45455488562583923,0.44418227672576904,0.29511839151382446,0.9921878576278687,0.33730340003967285,0.24877849221229553,0.9233878254890442,0.37725844979286194,0.29902637004852295,0.8722624778747559,0.3110027015209198,0.27258312702178955,0.8218815326690674,0.30236202478408813,0.18812689185142517
296,0.48980987071990967,0.44457539916038513,0.2878377139568329,1.0046789646148682,0.35931140184402466,0.22612528502941132,0.9305254817008972,0.3733344078063965,0.29240936040878296,0.8626762628555298,0.31401747465133667,0.25296375155448914,0.8012101650238037,0.31531262397766113,0.17216219007968903
297,0.4520283043384552,0.4503251910209656,0.3387688100337982,0.984938383102417,0.3632200360298157,0.23483692109584808,0.9225982427597046,0.37606358528137207,0.29197198152542114,0.8564596176147461,0.3283994495868683,0.2647022604942322,0.7917467355728149,0.3139975070953369,0.18868690729141235
298,0.4520283043384552,0.4503251910209656,0.3387688100337982,0.984938383102417,0.3632200360298157,0.23483692109584808,0.9225982427597046,0.37606358528137207,0.29197198152542114,0.8564596176147461,0.3283994495868683,0.2647022604942322,0.7917467355728149,0.3139975070953369,0.18868690729141235
299,0.46554335951805115,0.4332624077796936,0.3412514626979828,0.9653804898262024,0.37959104776382446,0.25225767493247986,0.9210858345031738,0.36548498272895813,0.3021581470966339,0.8583507537841797,0.3380663990974426,0.25820112228393555,0.8146064877510071,0.3400883674621582,0.15713584423065186
300,0.4694945514202118,0.409658282995224,0.34710821509361267,0.9769078493118286,0.37424877285957336,0.246119886636734,0.9328811168670654,0.36055296659469604,0.309634804725647,0.869011402130127,0.336686372756958,0.2586824595928192,0.82914799451828,0.3288317024707794,0.17658631503582
301,0.49361100792884827,0.41715213656425476,0.348423033952713,1.0223925113677979,0.3656987249851227,0.24552124738693237,0.9536753296852112,0.3743700385093689,0.30171000957489014,0.8772555589675903,0.33788391947746277,0.2657051384449005,0.8386347889900208,0.3173263370990753,0.19138744473457336
302,0.49108514189720154,0.4096784293651581,0.34976717829704285,1.0067365169525146,0.373593807220459,0.23177194595336914,0.9374503493309021,0.3672259747982025,0.30118528008461,0.8711063861846924,0.3316221535205841,0.25983312726020813,0.8195924162864685,0.3138616979122162,0.18142180144786835
303,0.4874325394630432,0.42162126302719116,0.3477330803871155,1.0105702877044678,0.37232357263565063,0.23486942052841187,0.9386434555053711,0.36754393577575684,0.30328118801116943,0.87326580286026,0.3315497040748596,0.26080387830734253,0.8218409419059753,0.31477606296539307,0.1842862069606781
304,0.48314690589904785,0.40812909603118896,0.3494112193584442,0.9913854598999023,0.37445104122161865,0.24916556477546692,0.9363214373588562,0.3668323755264282,0.3031495213508606,0.8633062839508057,0.3308286964893341,0.25977179408073425,0.827204167842865,0.3161061108112335,0.18171149492263794
305,0.509514331817627,0.40876907110214233,0.3388068377971649,0.9760738611221313,0.3809329569339752,0.22685222327709198,0.9264615774154663,0.366377592086792,0.30018794536590576,0.8559178113937378,0.34623387455940247,0.2697694003582001,0.8145407438278198,0.3262423574924469,0.18923336267471313
306,0.49293220043182373,0.3725973069667816,0.4311712682247162,1.0009679794311523,0.3749661147594452,0.22771123051643372,0.9507571458816528,0.3532053232192993,0.30955153703689575,0.8866485953330994,0.3314957022666931,0.24439764022827148,0.8442919850349426,0.31827810406684875,0.1771470308303833
307,0.45340123772621155,0.3726356327533722,0.4234268367290497,0.9807765483856201,0.37626534700393677,0.21186621487140656,0.9368895888328552,0.35029661655426025,0.31332191824913025,0.879992663860321,0.32469239830970764,0.23863621056079865,0.8500231504440308,0.31370678544044495,0.1712723821401596
308,0.4348059594631195,0.3690688908100128,0.41762775182724,0.9608525633811951,0.3646622598171234,0.20462901890277863,0.9256781935691833,0.3552800714969635,0.2978731691837311,0.8660645484924316,0.3333294689655304,0.22426138818264008,0.854362964630127,0.31162312626838684,0.16285791993141174
309,0.4172099828720093,0.37131986021995544,0.4749656021595001,1.003543734550476,0.35596564412117004,0.19655834138393402,0.9624826312065125,0.36155620217323303,0.2761887311935425,0.897064208984375,0.31478625535964966,0.2499508112668991,0.8754549622535706,0.2837432026863098,0.17636720836162567
310,0.49442797899246216,0.36219507455825806,0.3739509880542755,1.0702918767929077,0.2815041244029999,0.26957863569259644,0.9930388927459717,0.37298300862312317,0.2942716181278229,0.8729711771011353,0.3328219950199127,0.2568444311618805,0.8102579712867737,0.3126993179321289,0.1654226928949356
311,0.4761451482772827,0.3592405319213867,0.41771823167800903,1.0627059936523438,0.2956222593784332,0.28154614567756653,0.9981570839881897,0.37465357780456543,0.2938200831413269,0.8863654136657715,0.3343600332736969,0.2590200901031494,0.8308465480804443,0.3216560482978821,0.16567741334438324
312,0.4606691300868988,0.40788912773132324,0.37695419788360596,1.0594987869262695,0.34433186054229736,0.22790591418743134,0.9967318773269653,0.38306188583374023,0.27030906081199646,0.8955240845680237,0.32924723625183105,0.2359771430492401,0.8419094085693359,0.30176618695259094,0.15485882759094238
313,0.42533746361732483,0.45219430327415466,0.382656991481781,1.068444848060608,0.34170767664909363,0.17173317074775696,1.0069639682769775,0.36488792300224304,0.2559930682182312,0.9223795533180237,0.3134434223175049,0.22808630764484406,0.8683779835700989,0.3124939203262329,0.14257563650608063
314,0.4231785535812378,0.4479789137840271,0.35666975378990173,1.0497479438781738,0.3074325919151306,0.19543766975402832,0.9991337656974792,0.38168978691101074,0.2643625736236572,0.9202015399932861,0.3074494004249573,0.27930983901023865,0.8789651989936829,0.3204442858695984,0.13988347351551056
315,0.4258110821247101,0.4572716951370239,0.3484368324279785,1.0550057888031006,0.30314815044403076,0.19721250236034393,0.99760502576828,0.3819752037525177,0.25962185859680176,0.9163973927497864,0.3053603768348694,0.27455276250839233,0.8733786940574646,0.32376477122306824,0.13918571174144745
316,0.4235706627368927,0.4474891722202301,0.3330712616443634,1.0526716709136963,0.2986014485359192,0.20827682316303253,0.9953511357307434,0.3765275478363037,0.2738782465457916,0.9116221070289612,0.30917784571647644,0.2827436625957489,0.8572912216186523,0.32257747650146484,0.1442164033651352
317,0.4410879611968994,0.42263227701187134,0.33629387617111206,1.0375218391418457,0.31292539834976196,0.20869281888008118,0.9922953844070435,0.3832731544971466,0.26886868476867676,0.9104968905448914,0.3155907988548279,0.2807641625404358,0.8601109385490417,0.33530616760253906,0.14393536746501923
318,0.425127774477005,0.4177340567111969,0.32927343249320984,1.0397861003875732,0.30251947045326233,0.20783396065235138,0.995124340057373,0.3814985752105713,0.2748464345932007,0.9075948596000671,0.3206820785999298,0.23001621663570404,0.844157874584198,0.3431023061275482,0.14820334315299988
319,0.47756925225257874,0.4089643061161041,0.3394910991191864,1.005345106124878,0.3076303005218506,0.1976993978023529,0.9503880739212036,0.3771665692329407,0.27001917362213135,0.8592797517776489,0.32045283913612366,0.22334767878055573,0.8001465797424316,0.3456692397594452,0.14702342450618744
320,0.4727942943572998,0.4438880681991577,0.34287503361701965,1.0135856866836548,0.30475494265556335,0.19483332335948944,0.9693994522094727,0.3884125351905823,0.2595795691013336,0.8814279437065125,0.3323526382446289,0.27324751019477844,0.8194507360458374,0.3365992307662964,0.16083182394504547
321,0.4690423309803009,0.4019925892353058,0.3609663248062134,1.0212992429733276,0.3044776916503906,0.19383546710014343,0.9874278903007507,0.3877424895763397,0.25794947147369385,0.9085790514945984,0.33652380108833313,0.2670850455760956,0.8528989553451538,0.3495666980743408,0.1650225669145584
322,0.48262733221054077,0.4715343415737152,0.3990156352519989,1.034535527229309,0.3005966544151306,0.24659468233585358,0.9635624289512634,0.3847298324108124,0.2736254930496216,0.8631780743598938,0.3387354910373688,0.24543897807598114,0.8245237469673157,0.31920918822288513,0.16735073924064636
323,0.4737209975719452,0.3711667060852051,0.3644888997077942,1.0402944087982178,0.31473398208618164,0.25575920939445496,0.9720872044563293,0.37578263878822327,0.30886098742485046,0.8826269507408142,0.3307224214076996,0.27597394585609436,0.8443126678466797,0.32672348618507385,0.2055221050977707
324,0.4537914991378784,0.3703024685382843,0.32339775562286377,0.9909886717796326,0.3495485484600067,0.23349763453006744,0.9249135255813599,0.36675605177879333,0.28608953952789307,0.8340948820114136,0.3209446668624878,0.2481682151556015,0.7881724834442139,0.29899880290031433,0.17359060049057007
325,0.44288840889930725,0.36245808005332947,0.3180617392063141,0.9685755968093872,0.3568022847175598,0.21043828129768372,0.9147059321403503,0.3606441020965576,0.26749008893966675,0.8239495754241943,0.32086092233657837,0.2439166009426117,0.7659348249435425,0.3131198585033417,0.17552171647548676
326,0.4141590893268585,0.35879454016685486,0.28432631492614746,0.9853572249412537,0.3323156535625458,0.23009711503982544,0.952055037021637,0.36839157342910767,0.2835984230041504,0.879479706287384,0.3191046714782715,0.23355735838413239,0.8283441066741943,0.2956109046936035,0.17764627933502197
327,0.42967715859413147,0.3240322470664978,0.3197908103466034,0.9971693158149719,0.3113492727279663,0.20958338677883148,0.9474645256996155,0.3653505742549896,0.29287976026535034,0.8676812052726746,0.3155234158039093,0.25307804346084595,0.819549560546875,0.3008941113948822,0.18657945096492767
328,0.4504876434803009,0.3865659534931183,0.32670965790748596,1.0186750888824463,0.2828786075115204,0.1991562396287918,0.9455915093421936,0.38361823558807373,0.283388614654541,0.8410324454307556,0.32279300689697266,0.2717834711074829,0.801795482635498,0.25238218903541565,0.1761692315340042
329,0.43873703479766846,0.39054712653160095,0.38932690024375916,0.9479500651359558,0.3294893503189087,0.1960069090127945,0.9096730351448059,0.37644290924072266,0.26053860783576965,0.823678195476532,0.29824066162109375,0.2639261782169342,0.7844774127006531,0.24158407747745514,0.17292945086956024
330,0.4284456968307495,0.43211570382118225,0.40536442399024963,0.9492262005805969,0.32878047227859497,0.21459728479385376,0.9026753902435303,0.374196857213974,0.24753239750862122,0.8178428411483765,0.28764379024505615,0.2716325521469116,0.7683747410774231,0.2387675791978836,0.19339530169963837
331,0.4536847472190857,0.44093000888824463,0.3924374580383301,0.9514309167861938,0.31845471262931824,0.19595880806446075,0.8980411887168884,0.34505948424339294,0.26510128378868103,0.819812536239624,0.27419111132621765,0.2566947638988495,0.7505410313606262,0.2628125548362732,0.16046495735645294
332,0.41284626722335815,0.4351339638233185,0.4352635443210602,0.9631232023239136,0.33360928297042847,0.19296687841415405,0.9282626509666443,0.35310500860214233,0.25434157252311707,0.8476991653442383,0.2922253906726837,0.2385888546705246,0.7893242239952087,0.25216105580329895,0.16563573479652405
333,0.5262721180915833,0.42395198345184326,0.44844451546669006,0.9868220686912537,0.32464972138404846,0.19863159954547882,0.929246187210083,0.3772655129432678,0.22540800273418427,0.8419464230537415,0.30083948373794556,0.25182193517684937,0.7878760695457458,0.25511646270751953,0.16828535497188568
334,0.5096083879470825,0.40037211775779724,0.434095561504364,0.9858734607696533,0.32572436332702637,0.19021828472614288,0.9297517538070679,0.37021875381469727,0.22377045452594757,0.8444490432739258,0.302520751953125,0.24920852482318878,0.7918246984481812,0.2596268057823181,0.16722196340560913
335,0.4587227702140808,0.49009057879447937,0.38803237676620483,0.9957400560379028,0.3169737160205841,0.19709369540214539,0.9216569662094116,0.3681461215019226,0.17194652557373047,0.8380414843559265,0.2943727672100067,0.24364209175109863,0.7746188640594482,0.282065212726593,0.1676209270954132
336,0.4565155506134033,0.47088828682899475,0.3937877118587494,1.008400321006775,0.3376888632774353,0.27482718229293823,0.9398257732391357,0.37187108397483826,0.200281023979187,0.8439773917198181,0.30157819390296936,0.2501668930053711,0.7841107845306396,0.2739674746990204,0.18228764832019806
337,0.4634966552257538,0.4589356482028961,0.3616815507411957,1.0143336057662964,0.297303706407547,0.13291871547698975,0.9515076875686646,0.3710828423500061,0.23830153048038483,0.8621073961257935,0.3211669325828552,0.2430969923734665,0.7951568365097046,0.2881210744380951,0.18196186423301697
338,0.4576515257358551,0.40355849266052246,0.41781315207481384,1.0088659524917603,0.30821576714515686,0.2000446915626526,0.9710330963134766,0.38430678844451904,0.22012323141098022,0.8971247673034668,0.31686899065971375,0.2516566216945648,0.8502852916717529,0.32635170221328735,0.14522278308868408
339,0.4716985523700714,0.39974868297576904,0.41732606291770935,1.0128508806228638,0.30826279520988464,0.21247932314872742,0.9751008749008179,0.3852972984313965,0.2241193950176239,0.901189923286438,0.3181087374687195,0.2656761407852173,0.8473659157752991,0.3316456377506256,0.15038815140724182
340,0.47936564683914185,0.4347100257873535,0.38723236322402954,1.0078765153884888,0.3523766100406647,0.1650591641664505,0.9710326194763184,0.3925137519836426,0.2366596758365631,0.8958472013473511,0.3187873959541321,0.2633340358734131,0.8372412323951721,0.34816044569015503,0.15238629281520844
341,0.4459354877471924,0.3470492959022522,0.42215901613235474,1.0053462982177734,0.3128843307495117,0.22396336495876312,0.930407702922821,0.37165677547454834,0.28712183237075806,0.8325284719467163,0.33906662464141846,0.2787066698074341,0.7504814267158508,0.3424440920352936,0.1909651756286621
342,0.4167386293411255,0.3263011574745178,0.47879981994628906,0.9916656613349915,0.30757054686546326,0.23650000989437103,0.9287140965461731,0.36506953835487366,0.26282942295074463,0.8582857847213745,0.31708112359046936,0.2269139289855957,0.8297451138496399,0.25708508491516113,0.21368780732154846
343,0.4365870952606201,0.3362810015678406,0.4485466182231903,0.9876155853271484,0.31966137886047363,0.24531672894954681,0.9401228427886963,0.3510153293609619,0.2835142910480499,0.8798247575759888,0.3084958791732788,0.22543339431285858,0.8695064783096313,0.270755410194397,0.19648516178131104
344,0.43387487530708313,0.3932534158229828,0.34720519185066223,0.9955297708511353,0.3208028972148895,0.26321113109588623,0.9359994530677795,0.3637923300266266,0.28543782234191895,0.9001594185829163,0.30966585874557495,0.20595650374889374,0.8817370533943176,0.2658521831035614,0.20041577517986298
345,0.5447567105293274,0.3156813383102417,0.42407771944999695,1.0036433935165405,0.3209945559501648,0.27181318402290344,0.9247264862060547,0.3450767695903778,0.2740055322647095,0.8830687999725342,0.2938281297683716,0.22568844258785248,0.8310278654098511,0.3019380271434784,0.19246873259544373
346,0.4432385265827179,0.3334214687347412,0.3808910846710205,0.9746655821800232,0.3461616635322571,0.2764522135257721,0.9203416705131531,0.3501315116882324,0.29629379510879517,0.8742233514785767,0.3207814395427704,0.28831979632377625,0.8425029516220093,0.3163929283618927,0.1643909513950348
347,0.442128449678421,0.36933091282844543,0.371421217918396,0.9946539998054504,0.3293766975402832,0.30017125606536865,0.935330331325531,0.3733539581298828,0.28577566146850586,0.8910816311836243,0.30121245980262756,0.25155073404312134,0.8531931638717651,0.3095966577529907,0.16035084426403046
348,0.4494853615760803,0.33703821897506714,0.41040435433387756,0.9895413517951965,0.3364906907081604,0.3014537990093231,0.9353460073471069,0.36244985461235046,0.29938623309135437,0.8864526152610779,0.3069164752960205,0.25600677728652954,0.8450222611427307,0.3130078911781311,0.163139209151268
349,0.5522144436836243,0.3021281361579895,0.34678295254707336,1.0236872434616089,0.3333231806755066,0.28063446283340454,0.9399041533470154,0.34627968072891235,0.3065854609012604,0.8914511203765869,0.2967579662799835,0.34537675976753235,0.819229006767273,0.3066883683204651,0.15778788924217224
350,0.4956972897052765,0.29281869530677795,0.379871666431427,1.0170135498046875,0.3264252245426178,0.27743619680404663,0.9447619915008545,0.3712131977081299,0.2798407971858978,0.8934310674667358,0.302268922328949,0.27616584300994873,0.8285396695137024,0.33033621311187744,0.1762639731168747
351,0.5351302027702332,0.2674277424812317,0.36905306577682495,1.001615285873413,0.32822585105895996,0.2708885371685028,0.9245174527168274,0.35089969635009766,0.25726214051246643,0.8778485655784607,0.29392531514167786,0.2824813425540924,0.7993866205215454,0.31391310691833496,0.15684238076210022
352,0.5257399082183838,0.27951234579086304,0.3503367304801941,0.9984947443008423,0.33254849910736084,0.27715855836868286,0.93463134765625,0.35153019428253174,0.28418147563934326,0.8848409652709961,0.29342353343963623,0.32443565130233765,0.8074063658714294,0.29373520612716675,0.1815168857574463
353,0.5309761762619019,0.24736851453781128,0.38717010617256165,0.9814316034317017,0.3311348557472229,0.2670876681804657,0.9167117476463318,0.3336424231529236,0.26012250781059265,0.8471571803092957,0.3022567927837372,0.3097309470176697,0.7671312689781189,0.29603421688079834,0.17970158159732819
354,0.5289968252182007,0.2925683557987213,0.3591102659702301,0.9874513745307922,0.33107420802116394,0.2636973261833191,0.9209942817687988,0.3385155200958252,0.2598651349544525,0.8501614928245544,0.3013148009777069,0.2914898693561554,0.7691524624824524,0.292044460773468,0.1880151778459549
355,0.44075730443000793,0.32120969891548157,0.39084574580192566,0.9908748269081116,0.3311433494091034,0.2584836184978485,0.9240724444389343,0.35053378343582153,0.256385862827301,0.8528361320495605,0.31920596957206726,0.27239730954170227,0.7723557949066162,0.3023281991481781,0.16610321402549744
356,0.439027339220047,0.3255772590637207,0.3944048583507538,0.9923456907272339,0.3279663026332855,0.25893253087997437,0.9233379364013672,0.35103195905685425,0.25086936354637146,0.8548375964164734,0.3163483440876007,0.26878535747528076,0.7708005309104919,0.30235081911087036,0.16742271184921265
357,0.45314472913742065,0.3356676399707794,0.3841090500354767,1.0009597539901733,0.31889593601226807,0.281498521566391,0.9244222640991211,0.35690784454345703,0.2906359136104584,0.8697715997695923,0.31248170137405396,0.28206074237823486,0.7753825783729553,0.3069308400154114,0.18279828131198883
358,0.4500252604484558,0.3285849690437317,0.39538031816482544,0.993396520614624,0.32245326042175293,0.2696550488471985,0.9221063852310181,0.3620421588420868,0.2793104648590088,0.8618274331092834,0.3130250871181488,0.3030569553375244,0.7683745622634888,0.31745314598083496,0.1422184705734253
359,0.4455457627773285,0.32298731803894043,0.37540918588638306,0.9990695714950562,0.3091951012611389,0.2743339538574219,0.9300159215927124,0.3623344600200653,0.2822740077972412,0.8817786574363708,0.2931280732154846,0.3389796316623688,0.7847034931182861,0.3122648596763611,0.17271287739276886
360,0.4305938482284546,0.35430318117141724,0.35582971572875977,1.0028626918792725,0.30588531494140625,0.27749335765838623,0.9293978810310364,0.36622604727745056,0.2750062346458435,0.8903014659881592,0.2914152145385742,0.312009334564209,0.8108612895011902,0.30497172474861145,0.15754617750644684
361,0.4248022139072418,0.36228832602500916,0.3599930703639984,1.0056402683258057,0.3072950839996338,0.277708500623703,0.9247450232505798,0.3708920478820801,0.2607368528842926,0.8774614930152893,0.2901241183280945,0.3099040985107422,0.7873172760009766,0.30277392268180847,0.15487651526927948
362,0.4250219166278839,0.3541964888572693,0.3832640051841736,0.9942787289619446,0.30987831950187683,0.28252628445625305,0.9222973585128784,0.3688770532608032,0.2545214593410492,0.8840716481208801,0.2829611301422119,0.29975372552871704,0.7933512330055237,0.29952317476272583,0.17232097685337067
363,0.4246326982975006,0.3492904007434845,0.38853752613067627,0.9930379986763,0.30816349387168884,0.2880151569843292,0.9207314848899841,0.36726659536361694,0.2581216096878052,0.8838167190551758,0.2814396917819977,0.3033943772315979,0.7921305894851685,0.2996055483818054,0.175135537981987
364,0.44948071241378784,0.35347220301628113,0.3817977011203766,0.9928940534591675,0.32145753502845764,0.2738473415374756,0.9250414371490479,0.35041549801826477,0.2998902499675751,0.8762392997741699,0.2931990325450897,0.3182917535305023,0.7548225522041321,0.3303731381893158,0.1805552989244461
365,0.4603792726993561,0.35361212491989136,0.3565555810928345,1.0008281469345093,0.3256361782550812,0.275057852268219,0.9358106255531311,0.35326963663101196,0.3110528886318207,0.8934035897254944,0.28399771451950073,0.309400349855423,0.7723544239997864,0.3173837959766388,0.18732623755931854
366,0.46399134397506714,0.3455392122268677,0.35563749074935913,1.0020411014556885,0.3217695951461792,0.27952176332473755,0.937112033367157,0.35210272669792175,0.31823989748954773,0.8975739479064941,0.28760138154029846,0.3105572462081909,0.8038054704666138,0.30961498618125916,0.18860764801502228
367,0.46769919991493225,0.3473359942436218,0.3547423481941223,1.007412314414978,0.31791576743125916,0.27637919783592224,0.9399625062942505,0.35149142146110535,0.3193804621696472,0.905015230178833,0.28637227416038513,0.30816346406936646,0.8084966540336609,0.3110574781894684,0.18873026967048645
368,0.46246904134750366,0.34897714853286743,0.35254546999931335,0.9987294673919678,0.3142002522945404,0.2904077172279358,0.9344304800033569,0.35019901394844055,0.3114064633846283,0.9036271572113037,0.2824151813983917,0.30505305528640747,0.8020220398902893,0.3117005228996277,0.19225595891475677
369,0.45968207716941833,0.34542346000671387,0.36083778738975525,0.9916554093360901,0.3198634386062622,0.29962998628616333,0.9309307336807251,0.3523719608783722,0.31130263209342957,0.897970974445343,0.2840452194213867,0.32549282908439636,0.7786428332328796,0.32186159491539,0.19197192788124084
370,0.46604007482528687,0.34897950291633606,0.35551539063453674,1.0146880149841309,0.29695701599121094,0.29935985803604126,0.9324772953987122,0.35149064660072327,0.3057824969291687,0.9003426432609558,0.28313109278678894,0.2996487021446228,0.7834341526031494,0.32373467087745667,0.18508434295654297
371,0.4499933123588562,0.3490101099014282,0.35202959179878235,1.0071767568588257,0.295351505279541,0.2888663113117218,0.9378520250320435,0.350803405046463,0.30171000957489014,0.8859659433364868,0.30619868636131287,0.28606000542640686,0.8216679692268372,0.2986496090888977,0.18947461247444153
372,0.43586650490760803,0.35594621300697327,0.343657523393631,1.008988857269287,0.3022143840789795,0.2787039279937744,0.9307335615158081,0.3435804843902588,0.30171191692352295,0.8718059062957764,0.2960612177848816,0.2689836919307709,0.8069461584091187,0.3157777786254883,0.18933770060539246
373,0.5070732831954956,0.3548010289669037,0.3490493595600128,1.004464030265808,0.3204733729362488,0.25994500517845154,0.9136174321174622,0.35749509930610657,0.24750001728534698,0.8454858064651489,0.3158155381679535,0.2557450532913208,0.7899064421653748,0.3092197775840759,0.20071707665920258
374,0.4817946255207062,0.36750295758247375,0.3528726398944855,1.0040603876113892,0.32394298911094666,0.2555284798145294,0.9201461672782898,0.35416895151138306,0.26364460587501526,0.839203953742981,0.31690606474876404,0.2628770172595978,0.7929791808128357,0.2960106134414673,0.20038121938705444
375,0.4840235412120819,0.3708116114139557,0.38809841871261597,1.0066146850585938,0.3019121587276459,0.26022958755493164,0.9188504815101624,0.3556240499019623,0.26594001054763794,0.831561267375946,0.31570541858673096,0.2663610279560089,0.7831927537918091,0.29404109716415405,0.19564612209796906
376,0.4874374270439148,0.33474764227867126,0.36075088381767273,1.0013941526412964,0.28994986414909363,0.2663901150226593,0.9105719923973083,0.3562929332256317,0.2822931408882141,0.8142318725585938,0.3138434886932373,0.2918129861354828,0.7765420079231262,0.30934131145477295,0.18341679871082306
377,0.5031551718711853,0.3200046420097351,0.38136425614356995,0.9924594759941101,0.3205397427082062,0.25641652941703796,0.9183347821235657,0.3560194969177246,0.26336610317230225,0.8194965720176697,0.31535130739212036,0.27432531118392944,0.7487263679504395,0.3240411579608917,0.21446946263313293
378,0.49018722772598267,0.30066409707069397,0.4084368944168091,1.0032247304916382,0.3102383613586426,0.2554909288883209,0.9254432916641235,0.360652893781662,0.2661185562610626,0.8276799917221069,0.32284480333328247,0.2810930907726288,0.7770543694496155,0.300870805978775,0.21143768727779388
379,0.49990153312683105,0.29926005005836487,0.4093593955039978,1.003529667854309,0.31446573138237,0.25810664892196655,0.9280583262443542,0.363320916891098,0.26062309741973877,0.8285684585571289,0.31998687982559204,0.28116321563720703,0.8049965500831604,0.2805054783821106,0.20885366201400757
380,0.48446011543273926,0.3144432008266449,0.3991013765335083,1.0029640197753906,0.3103176951408386,0.25049343705177307,0.9213190674781799,0.35275429487228394,0.2998664677143097,0.8239412307739258,0.32358312606811523,0.2901325821876526,0.7721624970436096,0.292853981256485,0.21549901366233826
381,0.46071937680244446,0.3305886387825012,0.38898199796676636,0.9922885894775391,0.3177957236766815,0.25136661529541016,0.9246240258216858,0.36651912331581116,0.26736244559288025,0.8271735310554504,0.3164561688899994,0.3014017343521118,0.770648717880249,0.2950403094291687,0.2121903896331787
382,0.4865170121192932,0.3210529386997223,0.3856094181537628,1.0181269645690918,0.3064764738082886,0.23854663968086243,0.9410396814346313,0.3782808482646942,0.27077922224998474,0.8466970920562744,0.3137646019458771,0.2988651990890503,0.7808308601379395,0.3159511387348175,0.21643908321857452
383,0.47623610496520996,0.3308018743991852,0.3906475007534027,1.0197592973709106,0.29337817430496216,0.2308359295129776,0.9424746632575989,0.3821309208869934,0.29642045497894287,0.8468353748321533,0.3095090687274933,0.29972782731056213,0.776383101940155,0.3142194151878357,0.21967852115631104
384,0.4787053167819977,0.32733967900276184,0.3708932101726532,1.0235693454742432,0.2936001420021057,0.21939024329185486,0.9429501295089722,0.38224953413009644,0.29469600319862366,0.8442054986953735,0.3216487467288971,0.27207809686660767,0.7671914100646973,0.3038260340690613,0.20810885727405548
385,0.4592142105102539,0.3520169258117676,0.3044195771217346,1.0357348918914795,0.27119022607803345,0.22642993927001953,0.9373212456703186,0.38339266180992126,0.28578031063079834,0.8375223875045776,0.33144769072532654,0.2758883535861969,0.7562799453735352,0.2902348041534424,0.20678360760211945
386,0.40150487422943115,0.4126497507095337,0.3380206525325775,1.0069801807403564,0.2760799527168274,0.21943137049674988,0.9293138384819031,0.3858218491077423,0.2764906883239746,0.8336911797523499,0.3313349485397339,0.280487984418869,0.7563488483428955,0.31067073345184326,0.18735992908477783
387,0.4303237497806549,0.4114573299884796,0.3337937295436859,1.0028396844863892,0.27265608310699463,0.19226446747779846,0.9190967679023743,0.3880653977394104,0.28063446283340454,0.8226951956748962,0.3268810510635376,0.27584075927734375,0.7551243305206299,0.30597448348999023,0.18475230038166046
388,0.427636057138443,0.3973929286003113,0.35003694891929626,1.0023152828216553,0.26535260677337646,0.19576095044612885,0.9191786646842957,0.3879694640636444,0.2783345878124237,0.8290261030197144,0.3158828318119049,0.28167209029197693,0.7612088322639465,0.29447323083877563,0.1913594901561737
389,0.42145827412605286,0.41332587599754333,0.3488892912864685,0.9990488290786743,0.257912278175354,0.21271789073944092,0.9231933355331421,0.38936933875083923,0.28446751832962036,0.8258712291717529,0.32815900444984436,0.27687734365463257,0.7694103121757507,0.31142693758010864,0.1830267310142517
390,0.4555271863937378,0.38184964656829834,0.3749396502971649,0.9995420575141907,0.2694675326347351,0.18930752575397491,0.9193299412727356,0.3881365656852722,0.28542307019233704,0.82744300365448,0.31518569588661194,0.28177300095558167,0.7735620737075806,0.2996525466442108,0.1915612369775772
391,0.44789350032806396,0.3747517764568329,0.35368233919143677,0.9907615780830383,0.2917310297489166,0.16461633145809174,0.9300258755683899,0.38748404383659363,0.27810138463974,0.8531079292297363,0.31561869382858276,0.2722315490245819,0.8165430426597595,0.31795141100883484,0.18746937811374664
392,0.4416515827178955,0.37680014967918396,0.35801151394844055,0.9792253375053406,0.30060428380966187,0.16063866019248962,0.9282867312431335,0.38564667105674744,0.27908962965011597,0.8514015674591064,0.3177652060985565,0.27542948722839355,0.818723201751709,0.3127826750278473,0.19396217167377472
393,0.4718466103076935,0.3557727038860321,0.4295336902141571,0.9679243564605713,0.3128165006637573,0.23384156823158264,0.9279252886772156,0.3943832218647003,0.2680155634880066,0.8520452976226807,0.3302576541900635,0.2699798047542572,0.8405999541282654,0.3028818964958191,0.19902434945106506
394,0.45408859848976135,0.3977707326412201,0.45518773794174194,0.973048210144043,0.3018221855163574,0.3229973614215851,0.9319934248924255,0.3887556493282318,0.27359774708747864,0.8717344999313354,0.29689815640449524,0.2794598340988159,0.8228732347488403,0.33101093769073486,0.17483310401439667
395,0.4359663128852844,0.36676833033561707,0.45817437767982483,0.9945014119148254,0.3147532045841217,0.24892278015613556,0.9545993208885193,0.3568219542503357,0.23412106931209564,0.8536044359207153,0.3220977187156677,0.26495125889778137,0.7911673784255981,0.3374078571796417,0.14402522146701813
396,0.4043252170085907,0.4284704327583313,0.44650036096572876,0.9958406686782837,0.2970624566078186,0.2783413529396057,0.9482316374778748,0.3615223169326782,0.24874378740787506,0.8289977312088013,0.3248019218444824,0.2728801667690277,0.7494471669197083,0.30803635716438293,0.13496632874011993
397,0.42017680406570435,0.4332372546195984,0.43169739842414856,0.9849115610122681,0.2886137366294861,0.3252550959587097,0.9332530498504639,0.3375522792339325,0.26635265350341797,0.8129999041557312,0.32069557905197144,0.2606131136417389,0.7336762547492981,0.3266448974609375,0.14737500250339508
398,0.4206790328025818,0.49671095609664917,0.32120051980018616,1.0002158880233765,0.3261660039424896,0.32409581542015076,0.9452066421508789,0.3962797522544861,0.23503437638282776,0.8332725763320923,0.3367200493812561,0.2965880334377289,0.7626275420188904,0.34509479999542236,0.1483500748872757
399,0.4107765555381775,0.4048561155796051,0.3482498526573181,0.9825741052627563,0.299991637468338,0.16743706166744232,0.9395599961280823,0.34249815344810486,0.27886155247688293,0.8165068030357361,0.31940141320228577,0.2758494019508362,0.7249131202697754,0.3268427550792694,0.2606087923049927
400,0.44645464420318604,0.4318459630012512,0.31666162610054016,1.0043420791625977,0.30241918563842773,0.2520539462566376,0.9565060138702393,0.379568874835968,0.2534883916378021,0.8451229333877563,0.3253762722015381,0.22215162217617035,0.7439579367637634,0.34101927280426025,0.22314408421516418
401,0.43520277738571167,0.4207801818847656,0.5224494338035583,0.9983726739883423,0.3358897566795349,0.29194948077201843,0.9392646551132202,0.3999285399913788,0.245887890458107,0.8227217793464661,0.3438260555267334,0.2536833882331848,0.7450845837593079,0.349884033203125,0.12745054066181183
402,0.4272859990596771,0.44434013962745667,0.33957919478416443,1.011836290359497,0.33353593945503235,0.29298627376556396,0.9404745101928711,0.40052711963653564,0.23994623124599457,0.8349482417106628,0.3338375687599182,0.22343213856220245,0.7615514993667603,0.3427460193634033,0.13876108825206757
403,0.41563737392425537,0.36046794056892395,0.3757929801940918,1.005589246749878,0.3218056261539459,0.21233610808849335,0.9622703194618225,0.38818299770355225,0.27893614768981934,0.8501346111297607,0.33829620480537415,0.25696423649787903,0.7551823854446411,0.34163787961006165,0.15429198741912842
404,0.4205467402935028,0.4232373535633087,0.3602542579174042,1.0342587232589722,0.29979145526885986,0.2333294004201889,0.9597744941711426,0.3777390122413635,0.25607699155807495,0.8439728617668152,0.31821557879447937,0.2655763328075409,0.7452319264411926,0.3278247117996216,0.14263994991779327
405,0.42184677720069885,0.39787888526916504,0.3827988803386688,1.0258806943893433,0.30585208535194397,0.23562811315059662,0.9555622935295105,0.37746497988700867,0.25243109464645386,0.8483820557594299,0.30247703194618225,0.26948973536491394,0.7732225656509399,0.3208560645580292,0.13302744925022125
406,0.431404173374176,0.4254205822944641,0.3530626893043518,1.016129732131958,0.2933918833732605,0.3712675869464874,0.9307507872581482,0.384077787399292,0.21263982355594635,0.8003830313682556,0.3096168339252472,0.2579108774662018,0.7022427916526794,0.31684911251068115,0.1013144925236702
407,0.4483753740787506,0.38035082817077637,0.34941360354423523,1.042684555053711,0.36149170994758606,0.23930297791957855,0.9292021989822388,0.37822425365448,0.1899135708808899,0.8231450915336609,0.26640570163726807,0.23076845705509186,0.7179387807846069,0.3143409490585327,0.10401387512683868
408,0.4525536596775055,0.40718287229537964,0.6187679767608643,1.0601863861083984,0.3932456374168396,0.29453665018081665,0.9499302506446838,0.3892170786857605,0.22381268441677094,0.800667941570282,0.28288573026657104,0.2648591697216034,0.6948094367980957,0.33070051670074463,0.07047221809625626
409,0.4159107506275177,0.4753044545650482,0.5101073980331421,1.0449731349945068,0.4017089307308197,0.3154295086860657,0.9526385068893433,0.3807971477508545,0.21215614676475525,0.8225440979003906,0.2594771087169647,0.2660720646381378,0.6975932121276855,0.3435324430465698,0.07463609427213669
410,0.502748429775238,0.4164082407951355,0.45743754506111145,1.0455070734024048,0.3088540732860565,0.3105304539203644,0.9559512138366699,0.39361339807510376,0.2125161737203598,0.8080721497535706,0.2794026732444763,0.26115426421165466,0.707876443862915,0.3498482406139374,0.08525746315717697
411,0.43164873123168945,0.4444662928581238,0.2501171827316284,1.0135574340820312,0.31602373719215393,0.3204702138900757,0.9466883540153503,0.3823997974395752,0.20739604532718658,0.8130564093589783,0.2845431864261627,0.2620423436164856,0.7248156666755676,0.3066921830177307,0.15510785579681396
412,0.4167936146259308,0.46032217144966125,0.2841280698776245,1.0222407579421997,0.31360968947410583,0.3167079985141754,0.9585802555084229,0.3588961958885193,0.2524591386318207,0.8252156972885132,0.3199388384819031,0.23245690762996674,0.749360203742981,0.3199288249015808,0.16885598003864288
413,0.41029003262519836,0.4584323465824127,0.267666220664978,1.0078996419906616,0.3208027482032776,0.32732993364334106,0.9411624670028687,0.3549472689628601,0.2587771415710449,0.7998215556144714,0.3126710057258606,0.23940452933311462,0.7146180272102356,0.31788527965545654,0.1875218003988266
414,0.4209781289100647,0.46811842918395996,0.24599459767341614,1.0155733823776245,0.31767019629478455,0.3422461748123169,0.9469975233078003,0.3557289242744446,0.2646503150463104,0.8079245090484619,0.3173762261867523,0.23793365061283112,0.7274542450904846,0.3236571252346039,0.17710034549236298
415,0.39795446395874023,0.4692245125770569,0.26355546712875366,1.0146950483322144,0.34942135214805603,0.331906259059906,0.9529461860656738,0.37529292702674866,0.2573986351490021,0.8162434697151184,0.3274213969707489,0.25263428688049316,0.7121755480766296,0.31500494480133057,0.17403990030288696
416,0.44968271255493164,0.41779643297195435,0.3133370280265808,1.0306730270385742,0.2978080213069916,0.3277304470539093,0.9511462450027466,0.3482186198234558,0.30575844645500183,0.8081821203231812,0.32300981879234314,0.2273077368736267,0.7014204859733582,0.35559600591659546,0.2006106823682785
417,0.3197973668575287,0.42586132884025574,0.42195114493370056,0.9555400013923645,0.21684545278549194,0.3447137773036957,0.9329255223274231,0.3015211522579193,0.31746935844421387,0.8389307260513306,0.28193148970603943,0.30399876832962036,0.7222225666046143,0.34553682804107666,0.18164408206939697
418,0.2974523901939392,0.43089938163757324,0.5105400681495667,0.9478908181190491,0.17278647422790527,0.34628793597221375,0.916569709777832,0.23898668587207794,0.3379245698451996,0.8369951248168945,0.21259215474128723,0.3920762240886688,0.7756474614143372,0.3063504993915558,0.37412992119789124
419,0.3238111138343811,0.4497881829738617,0.5057501196861267,0.9583867192268372,0.17785103619098663,0.2333887219429016,0.9169672727584839,0.24767020344734192,0.346074640750885,0.8379223346710205,0.23855897784233093,0.31429383158683777,0.8342094421386719,0.3049345314502716,0.37823331356048584
420,0.3305395245552063,0.4518927335739136,0.4808971881866455,0.9625707268714905,0.1934141367673874,0.3219318687915802,0.9173957109451294,0.2338297814130783,0.3401697278022766,0.8515719175338745,0.21561487019062042,0.32345524430274963,0.8556104898452759,0.28570637106895447,0.346531480550766
421,0.35397404432296753,0.4449538588523865,0.5028688311576843,0.9485421776771545,0.20212838053703308,0.2961108386516571,0.9108115434646606,0.23041202127933502,0.33114486932754517,0.8549351692199707,0.20870348811149597,0.3405454754829407,0.870797336101532,0.28800612688064575,0.1486390382051468
422,0.36261656880378723,0.42595288157463074,0.4667128920555115,0.9585980176925659,0.21927496790885925,0.1810174584388733,0.9123418927192688,0.21281670033931732,0.3670768141746521,0.8463461995124817,0.23446612060070038,0.36687347292900085,0.8194152116775513,0.31533434987068176,0.18857571482658386
423,0.3612349331378937,0.431079626083374,0.45732033252716064,0.9518551826477051,0.2363280951976776,0.278700590133667,0.9047307968139648,0.19786931574344635,0.35693734884262085,0.8462967276573181,0.19842484593391418,0.36393457651138306,0.8318722248077393,0.27585044503211975,0.1947886347770691
424,0.35891467332839966,0.4353804588317871,0.45419761538505554,0.9785295724868774,0.26952168345451355,0.08920633047819138,0.9149710536003113,0.20095331966876984,0.1968577802181244,0.8496811389923096,0.21623261272907257,0.34979477524757385,0.8472694754600525,0.26393869519233704,0.10376681387424469
425,0.34969592094421387,0.4454732835292816,0.44708943367004395,0.9718340635299683,0.2770458161830902,0.09464655816555023,0.9123470187187195,0.19563977420330048,0.20261864364147186,0.8480553030967712,0.22367160022258759,0.358843058347702,0.8459976315498352,0.27705565094947815,0.1692052036523819
426,0.36150622367858887,0.44009438157081604,0.4414352774620056,0.9562642574310303,0.2491525411605835,0.14166241884231567,0.9003593325614929,0.21389079093933105,0.2983216941356659,0.8395770192146301,0.2217511087656021,0.29906991124153137,0.8526448607444763,0.2832009792327881,0.16644495725631714
427,0.36413663625717163,0.40994417667388916,0.4439237415790558,0.9362262487411499,0.1848171055316925,0.08078619837760925,0.8906609416007996,0.23124843835830688,0.33802366256713867,0.8194755911827087,0.23617783188819885,0.3105055093765259,0.8329798579216003,0.29635632038116455,0.19374357163906097
428,0.3620120882987976,0.4003938138484955,0.3936741054058075,0.946753203868866,0.17438778281211853,0.08011064678430557,0.8916716575622559,0.24474488198757172,0.3356616199016571,0.812034010887146,0.24082566797733307,0.3021372854709625,0.7388434410095215,0.33050447702407837,0.18732067942619324
429,0.35057398676872253,0.4043574333190918,0.42513298988342285,0.9450476765632629,0.20245136320590973,0.07345043122768402,0.8896539807319641,0.22618842124938965,0.33044180274009705,0.8076256513595581,0.24192865192890167,0.3010774552822113,0.7373432517051697,0.32159024477005005,0.3253310024738312
430,0.3566659688949585,0.4188099801540375,0.5115413665771484,0.9637219309806824,0.1916189342737198,0.0872369110584259,0.913235068321228,0.2587893605232239,0.30429667234420776,0.8266717195510864,0.2790563404560089,0.3195233643054962,0.767952561378479,0.3301246166229248,0.25725144147872925
431,0.3486088216304779,0.4107579290866852,0.4739193022251129,0.9598578810691833,0.1807699203491211,0.17322911322116852,0.9287074208259583,0.2855595648288727,0.258450984954834,0.843469500541687,0.26220887899398804,0.3223804533481598,0.7963440418243408,0.3269326686859131,0.26901155710220337
432,0.38680580258369446,0.3712252378463745,0.3969424068927765,0.9643037915229797,0.25980958342552185,0.31823766231536865,0.9378674626350403,0.3934880197048187,0.25168219208717346,0.8730600476264954,0.3645888864994049,0.2421015053987503,0.7695193886756897,0.37875568866729736,0.1657181829214096
433,0.4714723825454712,0.35819798707962036,0.3447144627571106,1.0018789768218994,0.27397575974464417,0.2113749384880066,0.9390979409217834,0.36618298292160034,0.3017909526824951,0.8496572375297546,0.33523276448249817,0.2736892104148865,0.7707581520080566,0.34548646211624146,0.20490336418151855
434,0.4706432819366455,0.39409172534942627,0.35129499435424805,0.9885872602462769,0.2957654893398285,0.2149420827627182,0.930260181427002,0.355360209941864,0.2743126153945923,0.850684642791748,0.31618741154670715,0.25309211015701294,0.7723816633224487,0.3356136679649353,0.21931201219558716
435,0.5139362812042236,0.3427380919456482,0.38684606552124023,1.0047364234924316,0.3218815326690674,0.22862091660499573,0.9418449997901917,0.35079991817474365,0.289439857006073,0.8612672090530396,0.31375905871391296,0.21977679431438446,0.7928285002708435,0.2844580411911011,0.23088206350803375
436,0.4859308898448944,0.38097095489501953,0.3973384201526642,1.015242338180542,0.31580594182014465,0.2232816368341446,0.9448927640914917,0.35388559103012085,0.29282239079475403,0.8478513360023499,0.31319183111190796,0.24551904201507568,0.7876295447349548,0.27569466829299927,0.23403622210025787
437,0.47359782457351685,0.3765358328819275,0.39975786209106445,1.0062875747680664,0.3077464997768402,0.2168085277080536,0.9387441277503967,0.3551467955112457,0.2816140353679657,0.8471482992172241,0.3155226409435272,0.23759639263153076,0.7821846008300781,0.3101537227630615,0.21125629544258118
438,0.4698355793952942,0.38383781909942627,0.37453335523605347,1.0222110748291016,0.3068252205848694,0.22121328115463257,0.9443065524101257,0.3566654622554779,0.28609463572502136,0.8541692495346069,0.3171524703502655,0.22966715693473816,0.7855156064033508,0.3056613504886627,0.2183675467967987
439,0.47570258378982544,0.38376352190971375,0.36993545293807983,1.0258203744888306,0.29613229632377625,0.20478218793869019,0.9411897659301758,0.3563137948513031,0.28315144777297974,0.849095344543457,0.3175046145915985,0.2290336638689041,0.7797566056251526,0.3007916808128357,0.2171480655670166
440,0.4480535686016083,0.38310328125953674,0.3731291592121124,1.0186127424240112,0.2867000997066498,0.19393567740917206,0.9367725253105164,0.35277971625328064,0.2759273648262024,0.8501198291778564,0.3195439875125885,0.23468849062919617,0.7661709189414978,0.31917843222618103,0.21573445200920105
441,0.4536934494972229,0.36213818192481995,0.3962642252445221,1.0315278768539429,0.27948305010795593,0.1985938847064972,0.9452291131019592,0.35407328605651855,0.2743302881717682,0.849969208240509,0.3125147819519043,0.27132895588874817,0.7592459321022034,0.3152713179588318,0.21492546796798706
442,0.4174344837665558,0.39662864804267883,0.2902340888977051,1.0023269653320312,0.31076979637145996,0.20234797894954681,0.9381027817726135,0.36897796392440796,0.2823297381401062,0.834081768989563,0.3340575695037842,0.27155059576034546,0.7665849328041077,0.31300973892211914,0.19718806445598602
443,0.42855769395828247,0.4480215311050415,0.34266918897628784,1.0140570402145386,0.4040689468383789,0.2341778576374054,0.9207960367202759,0.384411484003067,0.2652980387210846,0.8372721076011658,0.3089158236980438,0.2602900564670563,0.7313437461853027,0.27644023299217224,0.2273104190826416
444,0.43119266629219055,0.49423590302467346,0.42802444100379944,1.0441690683364868,0.35263359546661377,0.18420042097568512,0.9636030793190002,0.356072336435318,0.1881496012210846,0.8457168936729431,0.30415865778923035,0.2514245808124542,0.7725517749786377,0.2897617220878601,0.14778956770896912
445,0.42985889315605164,0.5214983820915222,0.4384212791919708,1.06564462184906,0.35041216015815735,0.20714081823825836,0.9833738803863525,0.36588868498802185,0.2142176628112793,0.8709501624107361,0.30417531728744507,0.20858846604824066,0.7938753962516785,0.3250292241573334,0.13388541340827942
446,0.4194861054420471,0.43201833963394165,0.47157353162765503,1.0400772094726562,0.3510039448738098,0.25640153884887695,0.9611027240753174,0.36493217945098877,0.17734718322753906,0.8506852984428406,0.30051112174987793,0.2223501354455948,0.7469727993011475,0.3325467109680176,0.15869839489459991
447,0.40420079231262207,0.44572538137435913,0.45358192920684814,1.0106743574142456,0.30250978469848633,0.2524366080760956,0.9539384841918945,0.3501223623752594,0.20704896748065948,0.8505579829216003,0.3082135319709778,0.25179290771484375,0.7671612501144409,0.36264726519584656,0.19583392143249512
448,0.3887380063533783,0.43632930517196655,0.4266992211341858,0.9883230924606323,0.32574376463890076,0.2638229429721832,0.9450761675834656,0.33145013451576233,0.2352573573589325,0.819368839263916,0.30174368619918823,0.25325876474380493,0.7370636463165283,0.3497214913368225,0.16828741133213043
449,0.38388317823410034,0.4039197266101837,0.43104109168052673,0.9801405668258667,0.3204619586467743,0.29136937856674194,0.9445191621780396,0.3319893479347229,0.26051822304725647,0.8226733207702637,0.301643431186676,0.2688004970550537,0.7368993759155273,0.3270781636238098,0.14403219521045685
450,0.38973695039749146,0.40138182044029236,0.4299759268760681,0.9860597252845764,0.3202454745769501,0.28802019357681274,0.9490782618522644,0.32700908184051514,0.25279831886291504,0.8472774028778076,0.31314197182655334,0.27531376481056213,0.7215721011161804,0.3384546935558319,0.1414889395236969
451,0.3629220426082611,0.4272027313709259,0.2683519721031189,0.9708077907562256,0.3315310478210449,0.2660067677497864,0.940129816532135,0.33518123626708984,0.2601650059223175,0.8257109522819519,0.3088408410549164,0.27668532729148865,0.7208670377731323,0.358896404504776,0.15806247293949127
452,0.384333074092865,0.42471352219581604,0.3212268054485321,0.9860562682151794,0.31663697957992554,0.2514643371105194,0.9537025690078735,0.3590667247772217,0.22676223516464233,0.8588688969612122,0.33240848779678345,0.2682623267173767,0.755420982837677,0.3528825640678406,0.1577524095773697
453,0.38067343831062317,0.4041675627231598,0.423348993062973,0.9668558835983276,0.3091471195220947,0.21081534028053284,0.9340983629226685,0.40578168630599976,0.2357228696346283,0.8513877987861633,0.3425358533859253,0.200508251786232,0.7460836172103882,0.37032872438430786,0.14976884424686432
454,0.39686325192451477,0.4072307050228119,0.39445599913597107,0.9848535656929016,0.298750102519989,0.2741272449493408,0.9356079697608948,0.38653942942619324,0.25461289286613464,0.8514529466629028,0.34810370206832886,0.22347940504550934,0.752579391002655,0.36613091826438904,0.1729857325553894
455,0.47433507442474365,0.38040366768836975,0.34450414776802063,0.98172527551651,0.3420760929584503,0.25670313835144043,0.9074581861495972,0.3652995526790619,0.31821775436401367,0.8081966042518616,0.29900097846984863,0.25762754678726196,0.7171851992607117,0.26512759923934937,0.2009372115135193
456,0.4985366761684418,0.3338609039783478,0.33768370747566223,0.9805940389633179,0.3071814775466919,0.21107468008995056,0.9072097539901733,0.3515097498893738,0.24288170039653778,0.8327351212501526,0.26509854197502136,0.20834457874298096,0.7706078886985779,0.2564401626586914,0.2054663598537445
457,0.507793664932251,0.32381415367126465,0.33455201983451843,0.9706552028656006,0.30831554532051086,0.2469293624162674,0.9052905440330505,0.3556657135486603,0.23776692152023315,0.8332480192184448,0.2685142457485199,0.20762917399406433,0.7636193633079529,0.2723854184150696,0.206803560256958
458,0.5008617639541626,0.3355039656162262,0.32870540022850037,0.966734766960144,0.31367242336273193,0.24602757394313812,0.9011687636375427,0.3542323708534241,0.24018438160419464,0.827097475528717,0.274350643157959,0.20787864923477173,0.7564993500709534,0.2811983823776245,0.20233941078186035
459,0.5227447152137756,0.31236809492111206,0.3370135724544525,0.9526572227478027,0.31703105568885803,0.22205494344234467,0.8901529312133789,0.362564355134964,0.24574634432792664,0.819182276725769,0.2852262556552887,0.204055055975914,0.7421101331710815,0.29080793261528015,0.1752217710018158
460,0.5241160988807678,0.31768959760665894,0.3489852249622345,0.9563021659851074,0.3181765377521515,0.25545984506607056,0.8907051682472229,0.361919641494751,0.25194722414016724,0.8190959095954895,0.2692762613296509,0.21846908330917358,0.7383087873458862,0.29241037368774414,0.17415165901184082
461,0.5197751522064209,0.32051005959510803,0.3455325663089752,0.9559394717216492,0.3112858533859253,0.22469410300254822,0.8881950974464417,0.36172500252723694,0.25619012117385864,0.8168021440505981,0.28060925006866455,0.2101437747478485,0.732291579246521,0.29195109009742737,0.1745898276567459
462,0.5015202760696411,0.3195989727973938,0.3408588171005249,0.9559920430183411,0.31840163469314575,0.25249069929122925,0.8947951197624207,0.3620855510234833,0.2387857586145401,0.8285748362541199,0.2781861424446106,0.22789762914180756,0.7409358620643616,0.2986016571521759,0.17353057861328125
463,0.5380924940109253,0.30145883560180664,0.3485603928565979,0.9554802179336548,0.3152008354663849,0.2533205449581146,0.8959147930145264,0.3649285137653351,0.23696744441986084,0.8316135406494141,0.2787397801876068,0.23089036345481873,0.7444267272949219,0.29480019211769104,0.17432454228401184
464,0.49396881461143494,0.36416664719581604,0.3457537591457367,0.9831870794296265,0.3087230324745178,0.25715720653533936,0.9108499884605408,0.3571091592311859,0.25135698914527893,0.8372920751571655,0.28060081601142883,0.24414052069187164,0.7497782111167908,0.2981264889240265,0.17158347368240356
465,0.46087172627449036,0.3129333257675171,0.3217869699001312,1.0016309022903442,0.28077614307403564,0.23830890655517578,0.9075915217399597,0.3460768759250641,0.2646231949329376,0.8444698452949524,0.29196906089782715,0.2624969780445099,0.806015133857727,0.2962357997894287,0.18553319573402405
466,0.44511479139328003,0.37775540351867676,0.32010918855667114,0.9971308708190918,0.2829235792160034,0.24403932690620422,0.9110028743743896,0.35526248812675476,0.2725529074668884,0.8354859352111816,0.3042953610420227,0.2910008430480957,0.8111198544502258,0.282822847366333,0.20967909693717957
467,0.4024796783924103,0.3439444601535797,0.33396902680397034,0.9626267552375793,0.30622509121894836,0.27135229110717773,0.9175741672515869,0.35925498604774475,0.27637621760368347,0.8768944144248962,0.27185091376304626,0.32136276364326477,0.8154361248016357,0.3300425410270691,0.2144147902727127
468,0.3787657618522644,0.357818067073822,0.3122889995574951,0.9596362709999084,0.3152439296245575,0.26703575253486633,0.9184598326683044,0.3566528856754303,0.2832363247871399,0.8780478239059448,0.29413825273513794,0.28621193766593933,0.8022725582122803,0.34233558177948,0.20744335651397705
469,0.42335250973701477,0.3430040776729584,0.37001702189445496,0.9704405665397644,0.32085609436035156,0.27414217591285706,0.9198721647262573,0.3490516245365143,0.31150946021080017,0.8721407651901245,0.2925156354904175,0.2876376211643219,0.8312385082244873,0.32999494671821594,0.18395690619945526
470,0.35361602902412415,0.3349567949771881,0.2762390375137329,0.9769172668457031,0.30160921812057495,0.2547092139720917,0.922677755355835,0.3385612666606903,0.32867923378944397,0.8806396126747131,0.30133408308029175,0.2795277237892151,0.8278506994247437,0.3202529847621918,0.19818304479122162
471,0.3738465905189514,0.40524226427078247,0.32921555638313293,1.0244518518447876,0.28495466709136963,0.242852121591568,0.9470630288124084,0.33354854583740234,0.3273724913597107,0.8878588676452637,0.29690536856651306,0.298346608877182,0.8464492559432983,0.3333086669445038,0.18785588443279266
472,0.3429720401763916,0.47222378849983215,0.35914939641952515,0.9996165037155151,0.3073766827583313,0.2478783279657364,0.9361483454704285,0.358735591173172,0.3091214597225189,0.8597198724746704,0.3124253451824188,0.2827492952346802,0.8111617565155029,0.296696275472641,0.20184122025966644
473,0.38819554448127747,0.44684189558029175,0.39844295382499695,1.0037530660629272,0.33614301681518555,0.24424675107002258,0.9568231105804443,0.36381059885025024,0.29642829298973083,0.8785459399223328,0.3119822144508362,0.2731243968009949,0.821613073348999,0.3034701943397522,0.19513745605945587
474,0.4070378243923187,0.437308132648468,0.36918580532073975,0.9920172095298767,0.3428659737110138,0.24505338072776794,0.9560664892196655,0.3712942898273468,0.27960696816444397,0.8751733899116516,0.3122134506702423,0.2760560214519501,0.8100230693817139,0.30584916472435,0.19916070997714996
475,0.40829047560691833,0.44773945212364197,0.367387056350708,0.9924150109291077,0.34285613894462585,0.24858099222183228,0.950402021408081,0.373073548078537,0.28099325299263,0.86249840259552,0.30963411927223206,0.28116655349731445,0.7978636026382446,0.30427125096321106,0.19969765841960907
476,0.38805508613586426,0.4508145749568939,0.3678852915763855,0.9887005686759949,0.3460005521774292,0.24739928543567657,0.9445946216583252,0.3715888559818268,0.28389137983322144,0.8584462404251099,0.31275588274002075,0.2774345874786377,0.7919586896896362,0.30371397733688354,0.20405559241771698
477,0.38041654229164124,0.4665544927120209,0.29014480113983154,1.0039693117141724,0.3060705363750458,0.2466968148946762,0.9466211795806885,0.35817286372184753,0.28918224573135376,0.8715866208076477,0.31044936180114746,0.2673753798007965,0.7991137504577637,0.33052584528923035,0.17079448699951172
478,0.38779523968696594,0.48382753133773804,0.2824007570743561,1.0049004554748535,0.3059230446815491,0.2491704821586609,0.950981855392456,0.35793057084083557,0.2890889644622803,0.8813747763633728,0.30749762058258057,0.2691575884819031,0.7971723675727844,0.32776203751564026,0.16936546564102173
479,0.41746050119400024,0.4256408214569092,0.3342015743255615,1.0058648586273193,0.30559998750686646,0.24509727954864502,0.9478817582130432,0.35647377371788025,0.29975882172584534,0.8863643407821655,0.3060978949069977,0.27273520827293396,0.8084942102432251,0.3301534056663513,0.1662323772907257
480,0.4065302610397339,0.44723308086395264,0.31667768955230713,1.008080005645752,0.30477583408355713,0.2533663809299469,0.9485784769058228,0.3562140166759491,0.2971326410770416,0.8891518712043762,0.2958652377128601,0.2790675461292267,0.8144308924674988,0.31584542989730835,0.17593851685523987
481,0.32586470246315,0.45479342341423035,0.2966177761554718,0.9998106360435486,0.30295804142951965,0.2424243986606598,0.9435577988624573,0.34680280089378357,0.29696211218833923,0.8848525285720825,0.29845261573791504,0.2652987837791443,0.822790265083313,0.31836530566215515,0.1643545925617218
482,0.34616976976394653,0.45329180359840393,0.29749608039855957,1.0086594820022583,0.28549036383628845,0.2547720670700073,0.9466530680656433,0.3469105660915375,0.303511381149292,0.8874226808547974,0.2994723320007324,0.2678207457065582,0.8283067941665649,0.315707266330719,0.16691100597381592
483,0.3460864722728729,0.47725725173950195,0.3442980945110321,1.008890151977539,0.2966356575489044,0.25892361998558044,0.9492512941360474,0.3463653028011322,0.31163036823272705,0.8934333920478821,0.29715484380722046,0.26997947692871094,0.8197665810585022,0.3201928734779358,0.16887398064136505
484,0.36819541454315186,0.47195595502853394,0.3615220785140991,1.0066910982131958,0.31155407428741455,0.2466161996126175,0.9485686421394348,0.34486767649650574,0.3061314821243286,0.8937126994132996,0.2972052991390228,0.26752370595932007,0.8183753490447998,0.3142167627811432,0.17203600704669952
485,0.3815458416938782,0.45547062158584595,0.3632192015647888,1.0091817378997803,0.31745263934135437,0.2436889261007309,0.9508850574493408,0.3430505394935608,0.3051548898220062,0.8951823115348816,0.2966097891330719,0.26580509543418884,0.8205267786979675,0.30605876445770264,0.1700902283191681
486,0.3829522430896759,0.45613983273506165,0.36121439933776855,1.0048556327819824,0.3185977041721344,0.2442990094423294,0.9487928152084351,0.3454433083534241,0.3044462203979492,0.8946597576141357,0.2951594591140747,0.2632024586200714,0.8200641870498657,0.3056529760360718,0.16965128481388092
487,0.38454434275627136,0.4488360285758972,0.35514867305755615,1.005202054977417,0.3163178563117981,0.24629457294940948,0.9493213891983032,0.3491947650909424,0.3048921823501587,0.8928885459899902,0.29800379276275635,0.26290515065193176,0.8174518942832947,0.31278368830680847,0.17279374599456787
488,0.38205990195274353,0.4637141525745392,0.3673457205295563,1.0085256099700928,0.3142469525337219,0.24605949223041534,0.9499657154083252,0.3494313359260559,0.30677956342697144,0.8803931474685669,0.3047565519809723,0.2649138569831848,0.8158964514732361,0.3130691945552826,0.17288455367088318
489,0.3882085680961609,0.4497453272342682,0.3567851483821869,1.0046446323394775,0.3121667802333832,0.24913936853408813,0.9479166269302368,0.35193270444869995,0.3046318590641022,0.8776742815971375,0.3094172179698944,0.26125624775886536,0.8255178332328796,0.3191302716732025,0.1764453947544098
490,0.3797411024570465,0.47529301047325134,0.36987215280532837,1.0180020332336426,0.3133796751499176,0.26184216141700745,0.9529348611831665,0.3544163405895233,0.3062063455581665,0.889176607131958,0.30163174867630005,0.26071983575820923,0.8176829814910889,0.31772738695144653,0.1685783416032791
491,0.42697855830192566,0.42553219199180603,0.3734613358974457,0.9903877973556519,0.3338117003440857,0.23523229360580444,0.9458088278770447,0.3543063998222351,0.3001571595668793,0.8707125782966614,0.3226563632488251,0.25097405910491943,0.7913514375686646,0.3236575126647949,0.2049775868654251
492,0.45492392778396606,0.4062427282333374,0.4184603989124298,0.987846314907074,0.35002031922340393,0.22094134986400604,0.9444528818130493,0.350734680891037,0.3016980290412903,0.8658537268638611,0.33120429515838623,0.24630357325077057,0.80804044008255,0.31676217913627625,0.21059466898441315
493,0.4607028365135193,0.3913123309612274,0.4447934627532959,0.9851914048194885,0.3657369911670685,0.23548083007335663,0.9608849883079529,0.38249075412750244,0.29771924018859863,0.9055742025375366,0.3537028431892395,0.27677804231643677,0.8955792188644409,0.3411385416984558,0.1519184112548828
494,0.3323304355144501,0.5340696573257446,0.30088794231414795,0.9334557056427002,0.32691606879234314,0.24041248857975006,0.9183536767959595,0.3493989408016205,0.1647544652223587,0.8759675621986389,0.29857802391052246,0.101240374147892,0.8539808988571167,0.2968144714832306,0.0690954327583313
495,0.3413739800453186,0.5479267239570618,0.3349296450614929,0.9371157884597778,0.33730340003967285,0.22957369685173035,0.903437077999115,0.37136223912239075,0.26500800251960754,0.8643969297409058,0.34016212821006775,0.28305691480636597,0.8725215792655945,0.34352001547813416,0.1981317698955536
496,0.35706397891044617,0.504097580909729,0.38661253452301025,0.9528218507766724,0.3237486779689789,0.22715070843696594,0.9300931692123413,0.3731882572174072,0.26579007506370544,0.8903307318687439,0.35587701201438904,0.27616146206855774,0.8960139155387878,0.34562593698501587,0.20044301450252533
497,0.3477405905723572,0.49694985151290894,0.3589220643043518,0.943813145160675,0.3289177715778351,0.23230525851249695,0.9202781319618225,0.367377370595932,0.275208443403244,0.8834694027900696,0.34200167655944824,0.2686605751514435,0.8774251937866211,0.3739466071128845,0.15124483406543732
498,0.3444991111755371,0.48521164059638977,0.3340111970901489,0.9464983344078064,0.3177144527435303,0.24466800689697266,0.9222258925437927,0.3697431683540344,0.2620343267917633,0.8905118703842163,0.3466973900794983,0.2564733326435089,0.8879282474517822,0.37426841259002686,0.16064225137233734
499,0.3317738175392151,0.5218247175216675,0.34132063388824463,0.943485677242279,0.3099820911884308,0.23709869384765625,0.9188814163208008,0.3661978244781494,0.262864887714386,0.8932774662971497,0.33377376198768616,0.2592216730117798,0.8894097208976746,0.37045857310295105,0.15372520685195923
500,0.3393246531486511,0.5610077977180481,0.2541440725326538,0.9507152438163757,0.3092111349105835,0.24407903850078583,0.9238433837890625,0.3670403063297272,0.26269322633743286,0.8945069909095764,0.3381139636039734,0.2565568685531616,0.8905221819877625,0.37063533067703247,0.14700233936309814
501,0.3294951915740967,0.5978348255157471,0.3605288565158844,0.967129647731781,0.34105029702186584,0.21090364456176758,0.9251300692558289,0.3582359254360199,0.26232895255088806,0.8886356949806213,0.3323131203651428,0.26311859488487244,0.8907215595245361,0.3625582456588745,0.1686425805091858
502,0.5089173913002014,0.638272225856781,0.4178338646888733,0.9660457968711853,0.349602609872818,0.21208064258098602,0.9403562545776367,0.3394186496734619,0.25093913078308105,0.8727481961250305,0.2497861683368683,0.26769477128982544,0.7948723435401917,0.2045680582523346,0.23463159799575806
503,0.35462161898612976,0.33765169978141785,0.1841694712638855,0.9039521813392639,0.3919161260128021,0.2008991837501526,0.9546960592269897,0.3579482138156891,0.24741362035274506,0.887549877166748,0.3774908781051636,0.2845938205718994,0.7982551455497742,0.4740932285785675,0.22191239893436432
504,0.38098180294036865,0.5828226208686829,0.4653303623199463,0.9632571339607239,0.3470642566680908,0.20857594907283783,0.9479268193244934,0.27637821435928345,0.21596187353134155,0.89337158203125,0.20407715439796448,0.22528640925884247,0.822629988193512,0.22351737320423126,0.1271878480911255
505,0.27844786643981934,0.3435346186161041,0.47854188084602356,0.824887752532959,0.33592748641967773,0.3394303619861603,0.8773553371429443,0.22169137001037598,0.24085643887519836,0.8176136612892151,0.21301428973674774,0.22122691571712494,0.7929185628890991,0.2090640366077423,0.28155410289764404
506,1.0814764499664307,0.27718251943588257,0.8155814409255981,0.9035785794258118,0.20679530501365662,0.41021713614463806,0.9419518709182739,0.17111486196517944,0.23036111891269684,0.9811670780181885,0.1755199432373047,0.597980797290802,1.0293041467666626,0.3287583887577057,0.9208510518074036
507,0.3381619453430176,0.5772591233253479,0.15915946662425995,0.9428982734680176,0.15834732353687286,0.3361804187297821,0.8643925189971924,0.15525837242603302,0.311429500579834,0.8344809412956238,0.032396793365478516,0.24050647020339966,1.1577174663543701,0.29332926869392395,0.8356126546859741
508,0.49087923765182495,0.7238505482673645,0.5409338474273682,0.7993049025535583,0.24980217218399048,0.19802086055278778,0.6968241930007935,0.1953965574502945,0.29826033115386963,0.6049360036849976,0.11282644420862198,0.30297142267227173,0.45484989881515503,0.06519591063261032,0.23465441167354584
509,0.31377357244491577,0.28762418031692505,0.26998451352119446,0.7144747376441956,0.16553345322608948,0.4332142472267151,0.646629273891449,0.2254100888967514,0.21478450298309326,0.6435502171516418,0.15296633541584015,0.32659712433815,0.7173197269439697,0.23249292373657227,0.10751674324274063
510,0.3549291789531708,0.49648717045783997,0.34334325790405273,0.8016079068183899,0.274872362613678,0.22858035564422607,0.8090037107467651,0.1671784222126007,0.44293153285980225,0.8026534914970398,0.15914557874202728,0.2150067538022995,0.8261606693267822,0.22943970561027527,0.1274031698703766
511,0.19225989282131195,0.2993724048137665,0.3487433195114136,0.6047732830047607,0.2649953365325928,0.26918622851371765,0.6005163788795471,0.14045363664627075,0.33310365676879883,0.6229020953178406,0.14636382460594177,0.3258008658885956,0.6633837223052979,0.3045828938484192,0.20928417146205902
512,0.3671431839466095,0.2745068371295929,0.39426395297050476,0.6034059524536133,0.17757028341293335,0.48948898911476135,0.6683470010757446,0.10010361671447754,0.3949359953403473,0.584385335445404,0.14928562939167023,0.16196094453334808,0.5198701024055481,0.26611974835395813,0.29127833247184753
513,0.6573299765586853,0.1500283181667328,0.47508513927459717,0.8464425802230835,0.18777941167354584,0.1929556429386139,0.8434129953384399,0.28179413080215454,0.16389904916286469,0.7919999957084656,0.2843461334705353,0.2723541855812073,0.6492564678192139,0.4109562039375305,0.2156020849943161
514,0.18302449584007263,0.25921568274497986,0.5925808548927307,0.649463415145874,0.23509058356285095,0.19175705313682556,0.5717537999153137,0.22829316556453705,0.23696906864643097,0.4865299463272095,0.27373936772346497,0.159587562084198,0.5253678560256958,0.18567046523094177,0.856444776058197
515,0.2858484089374542,0.5424768924713135,0.2674347460269928,0.8899180889129639,0.2477402538061142,0.1958426535129547,0.9011267423629761,0.2414325624704361,0.18504568934440613,0.8029083609580994,0.2858327627182007,0.1720658391714096,0.7193771004676819,0.3255927562713623,0.3311760127544403
516,0.24807080626487732,0.46089211106300354,0.397754967212677,0.9054310917854309,0.28989288210868835,0.135848268866539,0.9370946288108826,0.24488109350204468,0.1478286236524582,0.8804421424865723,0.22977587580680847,0.1740855872631073,0.8823378086090088,0.24870331585407257,0.09147348999977112
517,0.3325185179710388,0.47691085934638977,0.2906421422958374,0.9199346899986267,0.30179449915885925,0.10900428891181946,0.9091485738754272,0.3205486536026001,0.07340706139802933,0.8678576946258545,0.25501683354377747,0.09316658228635788,0.8906649947166443,0.2613970637321472,0.048795100301504135
518,0.3608406186103821,0.4335246980190277,0.27644091844558716,0.8611107468605042,0.32811516523361206,0.13085825741291046,0.9020488858222961,0.302541583776474,0.2058061957359314,0.8667498230934143,0.2551015615463257,0.16537953913211823,0.8056456446647644,0.24906396865844727,0.4231807589530945
519,0.2690582573413849,0.32895615696907043,0.3185713291168213,0.8398277759552002,0.2841011583805084,0.22550514340400696,0.8901938199996948,0.2335614264011383,0.15695840120315552,0.83145672082901,0.40839216113090515,0.2625291347503662,0.7432843446731567,0.6960071325302124,0.13340617716312408
520,0.3084695041179657,0.3730362057685852,0.257341593503952,0.8937682509422302,0.31405073404312134,0.21077433228492737,0.9228827357292175,0.3268789052963257,0.16215015947818756,0.8732603192329407,0.40578174591064453,0.2779962122440338,0.8339295983314514,0.7462418675422668,0.11870795488357544
521,0.3879418969154358,0.49045243859291077,0.2916092574596405,0.9791299104690552,0.27547886967658997,0.07623926550149918,0.9430310726165771,0.2708922326564789,0.061026498675346375,0.8611445426940918,0.2929796278476715,0.04471510648727417,0.8162025809288025,0.2920326888561249,0.15220299363136292
522,0.3814769983291626,0.4597283601760864,0.26547953486442566,0.9060614109039307,0.20600156486034393,0.03599563613533974,0.9087663888931274,0.19176842272281647,0.22462376952171326,0.8607797622680664,0.24925683438777924,0.2517451047897339,0.7895464897155762,0.253214955329895,0.19893033802509308
523,0.2819553017616272,0.38371405005455017,0.3844245970249176,0.8820924758911133,0.16622357070446014,0.29216310381889343,0.9422317743301392,0.32377341389656067,0.10661272704601288,0.9039850831031799,0.28566786646842957,0.15989992022514343,0.841118335723877,0.30539506673812866,0.13423779606819153
524,0.35593709349632263,0.4331945776939392,0.326734334230423,0.9060806035995483,0.3078500032424927,0.3380413055419922,0.9226236343383789,0.253250390291214,0.2342972457408905,0.8529370427131653,0.43397048115730286,0.17600080370903015,0.7653942108154297,0.769443154335022,0.2862411439418793
525,0.2835152745246887,0.4319849908351898,0.21477439999580383,0.9548688530921936,0.21482014656066895,0.022751422598958015,0.9555372595787048,0.25210705399513245,0.13709726929664612,0.8804543018341064,0.2771090269088745,0.11569155752658844,0.8139211535453796,0.3188665509223938,0.06152738630771637
526,0.3829175531864166,0.2078801989555359,0.26422157883644104,0.8807598352432251,0.20291095972061157,0.07286544889211655,0.8921938538551331,0.24880272150039673,0.2094590961933136,1.0163697004318237,0.2615271508693695,0.2429327815771103,1.1482110023498535,0.4175216257572174,0.11302293092012405
527,0.28554829955101013,0.33255472779273987,0.2834428548812866,0.8631673455238342,0.30786240100860596,0.04028453677892685,0.9236260652542114,0.21943697333335876,0.1993555873632431,1.0595629215240479,0.18520399928092957,0.30847257375717163,1.1832636594772339,0.3717782497406006,0.12962274253368378
528,0.4022652208805084,0.3440622091293335,0.3527028560638428,0.8384024500846863,0.297552227973938,0.07864593714475632,0.9343855977058411,0.20926575362682343,0.24057917296886444,0.9604743123054504,0.2623179256916046,0.3679448962211609,0.9474671483039856,0.48575565218925476,0.18859697878360748
529,0.2963947057723999,0.34467145800590515,0.4621487855911255,1.0193753242492676,0.27166610956192017,0.10289795696735382,0.9965407848358154,0.3392125368118286,0.11122369766235352,0.9513536691665649,0.2859801650047302,0.14325594902038574,0.9112758636474609,0.2749173641204834,0.18127071857452393
530,0.3150899112224579,0.3302331268787384,0.35383301973342896,0.8959564566612244,0.22121338546276093,0.26857781410217285,0.9322300553321838,0.17397955060005188,0.20176522433757782,0.9587352275848389,0.14664439857006073,0.3832278847694397,0.9230467677116394,0.19552524387836456,0.5514299869537354
531,0.3046685457229614,0.39621761441230774,0.26890435814857483,0.8225466012954712,0.3077700436115265,0.15438680350780487,0.9204373359680176,0.19896981120109558,0.1786474585533142,1.04053795337677,0.22819247841835022,0.2954559028148651,1.1708229780197144,0.25004348158836365,0.24218341708183289
532,0.3186747431755066,0.3650037348270416,0.34896448254585266,0.954386293888092,0.2713093161582947,0.06892231106758118,0.9743232131004333,0.3313339352607727,0.040841057896614075,0.9077624082565308,0.260236918926239,0.12412436306476593,0.8612625598907471,0.19828204810619354,0.10216546058654785
533,0.31990352272987366,0.4092264175415039,0.29909226298332214,0.8836751580238342,0.2916593849658966,0.1430281400680542,0.9183106422424316,0.26244595646858215,0.19410154223442078,1.0037925243377686,0.2797255516052246,0.29453083872795105,1.1536751985549927,0.19236883521080017,0.3269854187965393
534,0.33578550815582275,0.41130080819129944,0.2067185342311859,0.9079723358154297,0.2565728724002838,0.2328304946422577,0.9150322079658508,0.2644302546977997,0.21196116507053375,0.9431406259536743,0.31808215379714966,0.29894062876701355,1.1541767120361328,0.2733810544013977,0.24479952454566956
535,0.29387903213500977,0.33485734462738037,0.24636748433113098,0.9076037406921387,0.22289954125881195,0.19083340466022491,0.9344595074653625,0.24804888665676117,0.3439948260784149,0.8652886748313904,0.25036799907684326,0.4540858566761017,0.7830426692962646,0.29758626222610474,0.7548596262931824
536,0.44205141067504883,0.358340322971344,0.2705664336681366,0.852537989616394,0.18402640521526337,0.3611433506011963,0.8605202436447144,0.2740163803100586,0.20162416994571686,0.8960838317871094,0.3068734109401703,0.2356986403465271,0.8828588128089905,0.584791898727417,0.2768888771533966
537,0.44456911087036133,0.49972105026245117,0.2779974341392517,0.9691030979156494,0.27086201310157776,0.08422387391328812,0.9115989804267883,0.32546767592430115,0.06502360850572586,0.8283873200416565,0.25579550862312317,0.14938685297966003,0.7358712553977966,0.223880797624588,0.3051927983760834
538,0.33842310309410095,0.5611470937728882,0.2775936722755432,0.9657127857208252,0.2977890372276306,0.21902324259281158,0.8963834643363953,0.31034794449806213,0.0683559700846672,0.7941582798957825,0.3109137713909149,0.31550756096839905,0.7235762476921082,0.3940238952636719,0.3860189616680145
539,0.3167541027069092,0.47285741567611694,0.4116732180118561,0.9317077398300171,0.2776646018028259,0.2289677858352661,0.9042723178863525,0.22713720798492432,0.10573162138462067,0.8751143217086792,0.3839508593082428,0.4573267698287964,0.8321398496627808,0.6248055100440979,0.6820719838142395
540,0.30957528948783875,0.662062406539917,0.15944503247737885,0.929511308670044,0.16039562225341797,0.45762744545936584,0.9226069450378418,0.2645522356033325,0.1823059767484665,0.9346474409103394,0.16418422758579254,0.2341345250606537,1.1012582778930664,0.14956016838550568,0.12596414983272552
541,0.4665060043334961,0.307108074426651,0.38681671023368835,0.6896530985832214,0.31984010338783264,0.8095661997795105,0.7971551418304443,0.19336818158626556,0.21349802613258362,0.8744407892227173,0.23300005495548248,0.03885714337229729,1.0496909618377686,0.28127217292785645,0.8372551202774048
542,0.42335712909698486,0.3388904631137848,0.24095888435840607,0.7625976800918579,0.4664241671562195,0.36689814925193787,0.7065449357032776,0.2865188717842102,0.3715097904205322,0.6727699637413025,0.2946849763393402,0.053586576133966446,0.6469070315361023,0.24399249255657196,0.10424409806728363
543,0.6231193542480469,0.4110446572303772,0.3522894084453583,0.8368926048278809,0.19144408404827118,0.5528314709663391,0.773564338684082,0.1803598701953888,0.2678270936012268,0.6455085277557373,0.39097484946250916,0.12631435692310333,0.7529318928718567,0.3568781018257141,0.04829447716474533
