frame_id,filtered_joint_0,filtered_joint_1,filtered_joint_2,filtered_joint_3,filtered_joint_4,filtered_joint_5,filtered_joint_6,filtered_joint_7,filtered_joint_8,filtered_joint_9,filtered_joint_10,filtered_joint_11,filtered_joint_12,filtered_joint_13,filtered_joint_14,filtered_joint_15,filtered_joint_16,filtered_joint_17,filtered_joint_18,filtered_joint_19,filtered_joint_20,filtered_joint_21,filtered_joint_22,filtered_joint_23,filtered_joint_24,filtered_joint_25,filtered_joint_26,filtered_joint_27,filtered_joint_28,filtered_joint_29,filtered_joint_30,filtered_joint_31,filtered_joint_32,filtered_joint_33,filtered_joint_34,filtered_joint_35,filtered_joint_36,filtered_joint_37,filtered_joint_38,filtered_joint_39,filtered_joint_40,filtered_joint_41,filtered_joint_42,filtered_joint_43,filtered_joint_44,filtered_joint_45,filtered_joint_46,filtered_joint_47,filtered_joint_48,filtered_joint_49,filtered_joint_50,filtered_joint_51,filtered_joint_52,filtered_joint_53,filtered_joint_54,filtered_joint_55,filtered_joint_56,filtered_joint_57,filtered_joint_58,filtered_joint_59,filtered_joint_60,filtered_joint_61,filtered_joint_62
0,0.3283677101135254,0.9139780402183533,0.06181378662586212,-0.08260476589202881,0.718949556350708,0.1361234337091446,-0.4914023280143738,0.579527735710144,0.12618497014045715,-0.7178188562393188,0.19041039049625397,0.17412897944450378,-0.8881632685661316,0.05804726481437683,0.1462094932794571,-0.22186103463172913,0.06988789141178131,-0.009597807191312313,-0.35785984992980957,-0.28946971893310547,-0.07244405895471573,-0.41481494903564453,-0.5006604790687561,-0.011799056082963943,-0.5277363061904907,-0.7439141869544983,0.052700474858284,-0.0012566260993480682,-0.00044732060632668436,-0.0002842881076503545,-0.026179376989603043,-0.363391250371933,-0.042459871619939804,-0.16305622458457947,-0.6261537671089172,0.02396756410598755,-0.1791592836380005,-0.8922504186630249,-0.11472916603088379,0.16076360642910004,0.03986189514398575,0.06084100902080536,0.21112532913684845,-0.2829674184322357,0.07605943083763123,0.18131734430789948,-0.4996989071369171,0.21379290521144867,0.09306331723928452,-0.7905167937278748,0.24232107400894165,0.3466794192790985,0.07607072591781616,0.13900338113307953,0.40833771228790283,-0.1449103057384491,0.1795206218957901,0.4194669723510742,-0.3132515847682953,0.297480046749115,0.42192342877388,-0.4932284951210022,0.450592577457428
1,0.3297078311443329,0.9129007458686829,0.06394784897565842,-0.08409804105758667,0.7183992862701416,0.13302241265773773,-0.4917677938938141,0.5775189995765686,0.12526927888393402,-0.7167417407035828,0.2000627964735031,0.15651008486747742,-0.8904493451118469,0.05219176784157753,0.1527920365333557,-0.22076809406280518,0.06899961829185486,-0.010547435842454433,-0.35737481713294983,-0.28890952467918396,-0.072596475481987,-0.42180532217025757,-0.504851222038269,-0.021616853773593903,-0.5215511322021484,-0.7441000938415527,0.06258334219455719,-0.0011774138547480106,-0.00044038589112460613,-0.00027355505153536797,-0.02530197985470295,-0.3621208071708679,-0.039380691945552826,-0.16348251700401306,-0.6240681409835815,0.03041793592274189,-0.1731204390525818,-0.8924688100814819,-0.1140342503786087,0.1593913733959198,0.04065220057964325,0.06138402968645096,0.21106749773025513,-0.28186529874801636,0.0764455571770668,0.1784607172012329,-0.49931058287620544,0.21645081043243408,0.09067752957344055,-0.791490912437439,0.23970380425453186,0.3453919291496277,0.07747384905815125,0.13962596654891968,0.40832310914993286,-0.14609719812870026,0.179110586643219,0.41797372698783875,-0.3157012462615967,0.2967834770679474,0.42260807752609253,-0.49464648962020874,0.4480820298194885
2,0.33019354939460754,0.9121754169464111,0.07336296141147614,-0.08609811961650848,0.7185609340667725,0.13561642169952393,-0.49334555864334106,0.5762187242507935,0.12646573781967163,-0.7207907438278198,0.20290619134902954,0.14474070072174072,-0.8970107436180115,0.04879803955554962,0.15984925627708435,-0.22037681937217712,0.06867870688438416,-0.011560685932636261,-0.3582235276699066,-0.2878817021846771,-0.07622507959604263,-0.4256099462509155,-0.5096609592437744,-0.03646205738186836,-0.5166078805923462,-0.7458916902542114,0.0589853972196579,-0.001132921315729618,-0.00043042824836447835,-0.00026915836497209966,-0.0240669846534729,-0.36144348978996277,-0.03947380185127258,-0.1636294424533844,-0.623070240020752,0.032330065965652466,-0.17022421956062317,-0.8937035799026489,-0.11390207707881927,0.15938761830329895,0.04068148508667946,0.061446480453014374,0.211916983127594,-0.28274649381637573,0.07295653223991394,0.17682677507400513,-0.5012781023979187,0.20924651622772217,0.08866550028324127,-0.7926198244094849,0.22988012433052063,0.3451486825942993,0.07832932472229004,0.14048591256141663,0.40774333477020264,-0.1481216698884964,0.1752261221408844,0.4182959794998169,-0.31932488083839417,0.29095321893692017,0.4232582747936249,-0.4991501569747925,0.4402693510055542
3,0.3280668258666992,0.9125704765319824,0.07951344549655914,-0.09127052873373032,0.7211965322494507,0.1337313950061798,-0.4945545792579651,0.5769623517990112,0.12366580963134766,-0.7215869426727295,0.2034914791584015,0.1422746181488037,-0.8961244821548462,0.053085774183273315,0.1595250964164734,-0.21808141469955444,0.07289442420005798,-0.015369115397334099,-0.35908323526382446,-0.28640565276145935,-0.08079061657190323,-0.4269460141658783,-0.5115375518798828,-0.04843785986304283,-0.514031708240509,-0.7472541332244873,0.056613244116306305,-0.0011320156045258045,-0.0004018852487206459,-0.00024595449212938547,-0.02057061344385147,-0.36122965812683105,-0.03818715363740921,-0.16250115633010864,-0.6216402053833008,0.03588644415140152,-0.16505055129528046,-0.893252432346344,-0.10612760484218597,0.15905725955963135,0.04060721397399902,0.06088333576917648,0.21240703761577606,-0.28376734256744385,0.06723394989967346,0.1761932671070099,-0.5037353038787842,0.1962476670742035,0.08619898557662964,-0.7943012714385986,0.21713648736476898,0.34697502851486206,0.07739795744419098,0.1427050232887268,0.4070972204208374,-0.15107136964797974,0.17186293005943298,0.4191014766693115,-0.32196807861328125,0.28532397747039795,0.4246816039085388,-0.5027005672454834,0.43042293190956116
4,0.3256886303424835,0.91112220287323,0.0816773921251297,-0.09629218280315399,0.721635103225708,0.13456179201602936,-0.49655982851982117,0.5770909786224365,0.12535616755485535,-0.7220487594604492,0.20329523086547852,0.14623647928237915,-0.8937674760818481,0.06012369319796562,0.16603636741638184,-0.21720072627067566,0.07481259852647781,-0.01729511097073555,-0.36086589097976685,-0.2859141230583191,-0.08307172358036041,-0.42828604578971863,-0.5142900943756104,-0.053674038499593735,-0.5122218132019043,-0.7496229410171509,0.055670931935310364,-0.0011313667055219412,-0.000385360443033278,-0.00023468548897653818,-0.018964912742376328,-0.36123478412628174,-0.039048273116350174,-0.16189217567443848,-0.6226138472557068,0.034158702939748764,-0.16357135772705078,-0.8952124118804932,-0.10149875283241272,0.159103125333786,0.04014073312282562,0.06067287176847458,0.21021343767642975,-0.2839868664741516,0.06407563388347626,0.17469705641269684,-0.5061843991279602,0.1866500973701477,0.08438948541879654,-0.7966474294662476,0.2064339816570282,0.34786805510520935,0.07686619460582733,0.1447429060935974,0.4064328968524933,-0.1536853313446045,0.17030254006385803,0.41923439502716064,-0.32440996170043945,0.2824459671974182,0.42604708671569824,-0.504872739315033,0.4257398843765259
5,0.32641351222991943,0.9094552993774414,0.0904432088136673,-0.09740833938121796,0.7221648693084717,0.13729387521743774,-0.49673712253570557,0.5746122002601624,0.12684553861618042,-0.7223989963531494,0.20315200090408325,0.1513541340827942,-0.8910210728645325,0.06782277673482895,0.17487415671348572,-0.21717925369739532,0.07449015974998474,-0.016419395804405212,-0.36439332365989685,-0.28277742862701416,-0.08210700750350952,-0.43063467741012573,-0.5155825018882751,-0.058702245354652405,-0.5132266283035278,-0.749760091304779,0.055620916187763214,-0.001128719886764884,-0.00038455103640444577,-0.00022860294848214835,-0.017436886206269264,-0.36078667640686035,-0.03608396276831627,-0.1628398597240448,-0.6215455532073975,0.034162476658821106,-0.16712543368339539,-0.8972883224487305,-0.09385858476161957,0.15902790427207947,0.03834418207406998,0.062404923141002655,0.20779718458652496,-0.28568485379219055,0.060870520770549774,0.17100247740745544,-0.5086541175842285,0.18054631352424622,0.08050037175416946,-0.7970665097236633,0.20218896865844727,0.3472467064857483,0.07655766606330872,0.14811086654663086,0.4059957265853882,-0.15713104605674744,0.1735381931066513,0.41944199800491333,-0.3265189826488495,0.284906268119812,0.4271286725997925,-0.5025994777679443,0.4288422763347626
6,0.32680797576904297,0.9085482358932495,0.09521305561065674,-0.0980156809091568,0.7224531173706055,0.13878050446510315,-0.4968336224555969,0.57326340675354,0.1276559680700302,-0.7225895524024963,0.20307405292987823,0.15413886308670044,-0.8895266652107239,0.07201217114925385,0.1796831637620926,-0.21716755628585815,0.07431471347808838,-0.015942882746458054,-0.36631274223327637,-0.28107064962387085,-0.08158206939697266,-0.4319126605987549,-0.5162857174873352,-0.06143829971551895,-0.5137733817100525,-0.7498347163200378,0.05559369921684265,-0.0011272795964032412,-0.000384110608138144,-0.00022529318812303245,-0.016605425626039505,-0.3605428636074066,-0.03447095677256584,-0.1633555293083191,-0.6209642291069031,0.03416452556848526,-0.1690593659877777,-0.8984179496765137,-0.08970125019550323,0.15898697078227997,0.0373666025698185,0.06334740668535233,0.2064824104309082,-0.28660881519317627,0.059126485139131546,0.16899210214614868,-0.5099979639053345,0.1772249937057495,0.0783841460943222,-0.7972944974899292,0.19987908005714417,0.3469085991382599,0.07638978213071823,0.1499435156583786,0.4057578444480896,-0.1590059995651245,0.17529883980751038,0.4195549488067627,-0.32766658067703247,0.28624504804611206,0.4277172088623047,-0.5013625621795654,0.4305304288864136
7,0.3248146176338196,0.9082810878753662,0.0876966267824173,-0.09440174698829651,0.7247234582901001,0.13200795650482178,-0.4918598532676697,0.5643351078033447,0.13183486461639404,-0.7179660797119141,0.20633643865585327,0.16058826446533203,-0.8876245617866516,0.08411859720945358,0.1620163917541504,-0.22089123725891113,0.06837065517902374,-0.00938845332711935,-0.37040838599205017,-0.27878403663635254,-0.07905836403369904,-0.43140465021133423,-0.5133031010627747,-0.04970850050449371,-0.5162337422370911,-0.7486048936843872,0.06359833478927612,-0.001147998496890068,-0.0004249194171279669,-0.00023884049733169377,-0.013403004966676235,-0.3592182993888855,-0.028559880331158638,-0.158755362033844,-0.6206636428833008,0.0518917553126812,-0.16770292818546295,-0.8958221077919006,-0.07893146574497223,0.1583346426486969,0.039676569402217865,0.06337623298168182,0.20389917492866516,-0.28632140159606934,0.062081851065158844,0.16593319177627563,-0.5056653022766113,0.19318071007728577,0.08406763523817062,-0.7907097339630127,0.2298736721277237,0.34773993492126465,0.08347095549106598,0.1509091854095459,0.40793561935424805,-0.1622600257396698,0.19043761491775513,0.41989779472351074,-0.32504886388778687,0.3074832856655121,0.4163057208061218,-0.48813724517822266,0.46527737379074097
8,0.3301105499267578,0.9094586372375488,0.0768294557929039,-0.09229090809822083,0.7273290157318115,0.11563850939273834,-0.4906949996948242,0.5569579601287842,0.12968528270721436,-0.7168453335762024,0.20501722395420074,0.1512524038553238,-0.8830204010009766,0.07031138986349106,0.12187671661376953,-0.21853286027908325,0.06633277982473373,-0.012052562087774277,-0.36989718675613403,-0.27670690417289734,-0.0793091356754303,-0.4358285665512085,-0.5091614723205566,-0.046697601675987244,-0.5164969563484192,-0.7458056211471558,0.059626638889312744,-0.0011193666141480207,-0.00042602638131938875,-0.00024858341203071177,-0.011686848476529121,-0.36030587553977966,-0.023421891033649445,-0.1570623219013214,-0.617140531539917,0.06856438517570496,-0.16348084807395935,-0.8897134065628052,-0.06915640830993652,0.15534833073616028,0.03856026753783226,0.06423944234848022,0.2022455334663391,-0.2864835858345032,0.06352975964546204,0.16136005520820618,-0.5002458095550537,0.20491918921470642,0.0784761980175972,-0.7827869653701782,0.24377499520778656,0.34715694189071655,0.08413951098918915,0.1524561047554016,0.4085134267807007,-0.16949428617954254,0.1988333761692047,0.4195462465286255,-0.32639431953430176,0.3186262845993042,0.41166430711746216,-0.48895326256752014,0.4801129698753357
9,0.3266846537590027,0.9060083627700806,0.11774614453315735,-0.11042746901512146,0.7133749723434448,0.15787452459335327,-0.4751085042953491,0.5648260116577148,0.1258406788110733,-0.6975648403167725,0.23364296555519104,0.12463745474815369,-0.8886021375656128,0.08884647488594055,0.12166398763656616,-0.21994218230247498,0.0653260126709938,-0.0018894681707024574,-0.36173754930496216,-0.2760668992996216,-0.07301774621009827,-0.43902111053466797,-0.5052651762962341,-0.045490629971027374,-0.5191339254379272,-0.7515867948532104,0.013752123340964317,-0.0011727320961654186,-0.00045727897668257356,-0.0002518056135158986,-0.02578818053007126,-0.36314356327056885,-0.03190101310610771,-0.16549602150917053,-0.6205434799194336,0.04216625541448593,-0.18569634854793549,-0.8832939863204956,-0.05311398580670357,0.1561417281627655,0.0342923104763031,0.053386226296424866,0.20227140188217163,-0.28594693541526794,0.06450668722391129,0.14271828532218933,-0.5143632888793945,0.17498454451560974,0.07191149890422821,-0.7913577556610107,0.25280630588531494,0.35201674699783325,0.07926850020885468,0.14770416915416718,0.40900346636772156,-0.17515182495117188,0.20225216448307037,0.4124564528465271,-0.33408451080322266,0.32541877031326294,0.4080915153026581,-0.49415457248687744,0.4709008038043976
10,0.3279845118522644,0.9014935493469238,0.12639370560646057,-0.10962115973234177,0.7099083065986633,0.1723167598247528,-0.4735022187232971,0.5704030990600586,0.12485367059707642,-0.6945607662200928,0.2322627305984497,0.13214907050132751,-0.8840833902359009,0.10303837060928345,0.14182719588279724,-0.2191273272037506,0.06465426832437515,-0.0003620785428211093,-0.3657274842262268,-0.2670939266681671,-0.07423649728298187,-0.44778990745544434,-0.49638640880584717,-0.060890279710292816,-0.5248379111289978,-0.7502837181091309,-0.026798756793141365,-0.0012283418327569962,-0.00044981588143855333,-0.00026335573056712747,-0.029012473300099373,-0.3636113405227661,-0.0379955917596817,-0.1657901406288147,-0.6248096227645874,0.028753463178873062,-0.19562163949012756,-0.8826306462287903,-0.07014632225036621,0.15486830472946167,0.03182558715343475,0.0519864447414875,0.20224839448928833,-0.28814005851745605,0.06302499771118164,0.1305474489927292,-0.5198796987533569,0.1497313380241394,0.06803834438323975,-0.8092642426490784,0.2193737030029297,0.3534007966518402,0.0744994506239891,0.14773747324943542,0.4091217517852783,-0.18303872644901276,0.20855838060379028,0.4133610129356384,-0.3453913629055023,0.3227038085460663,0.40555232763290405,-0.5055431127548218,0.4552168846130371
11,0.32069337368011475,0.9075219035148621,0.13195906579494476,-0.1205817312002182,0.7034766674041748,0.17457467317581177,-0.4664442241191864,0.5736501216888428,0.14007219672203064,-0.6713305115699768,0.23208817839622498,0.1401268094778061,-0.8691816329956055,0.12028001248836517,0.16031426191329956,-0.22453182935714722,0.06574798375368118,0.0028410463128238916,-0.3603632152080536,-0.26848065853118896,-0.05738803744316101,-0.4501815438270569,-0.48572295904159546,-0.04515543952584267,-0.5227353572845459,-0.7425073385238647,-0.03616401553153992,-0.0012146634981036186,-0.0004380389000289142,-0.0002658779267221689,-0.025553934276103973,-0.36774611473083496,-0.04059077799320221,-0.15934467315673828,-0.6248409152030945,-0.0036895684897899628,-0.19933973252773285,-0.8830078840255737,-0.060015685856342316,0.15346604585647583,0.03607335314154625,0.047187626361846924,0.19565632939338684,-0.2820020914077759,0.05309700593352318,0.11908915638923645,-0.5142807960510254,0.14180278778076172,0.05808810889720917,-0.8190572261810303,0.1826987862586975,0.3590870797634125,0.08072073757648468,0.14193324744701385,0.4214639663696289,-0.17645472288131714,0.19016315042972565,0.41467124223709106,-0.3589082956314087,0.3094099760055542,0.3999326229095459,-0.5344882011413574,0.437980055809021
12,0.3122434616088867,0.9124730825424194,0.11360490322113037,-0.12368307262659073,0.7009713649749756,0.16519610583782196,-0.454963356256485,0.573466420173645,0.15204109251499176,-0.6421326398849487,0.2366980016231537,0.13355979323387146,-0.8421437740325928,0.1325283944606781,0.13670220971107483,-0.22175437211990356,0.07464797794818878,0.003983748145401478,-0.35885265469551086,-0.2664923071861267,-0.04972866550087929,-0.44335657358169556,-0.4805169701576233,-0.046225570142269135,-0.5151620507240295,-0.7349474430084229,-0.038939397782087326,-0.0011835746699944139,-0.0003988439275417477,-0.00027233557193540037,-0.03299408406019211,-0.3691437244415283,-0.03717362880706787,-0.15627284348011017,-0.6219993233680725,-0.02072983793914318,-0.20727220177650452,-0.8787251710891724,-0.030028121545910835,0.1482020765542984,0.034646980464458466,0.04632626473903656,0.18828441202640533,-0.277055025100708,0.0455937385559082,0.10876232385635376,-0.5239989757537842,0.11782053112983704,0.04795525223016739,-0.8244196176528931,0.1682426631450653,0.35820817947387695,0.07894028723239899,0.1398954689502716,0.419971764087677,-0.18790048360824585,0.16658733785152435,0.41401344537734985,-0.3573561906814575,0.2803930342197418,0.3760288655757904,-0.5629209280014038,0.39597851037979126
13,0.3076454997062683,0.9151672124862671,0.10361765325069427,-0.12537063658237457,0.6996080875396729,0.16009283065795898,-0.4487161338329315,0.5733665227890015,0.1585538685321808,-0.626244843006134,0.23920640349388123,0.12998640537261963,-0.827431321144104,0.13919323682785034,0.1238539069890976,-0.22024303674697876,0.07949082553386688,0.00460553914308548,-0.3580307066440582,-0.2654103636741638,-0.04556088522076607,-0.43964284658432007,-0.4776841700077057,-0.046807870268821716,-0.5110411047935486,-0.7308337688446045,-0.0404495969414711,-0.0011666580103337765,-0.0003775163204409182,-0.0002758494229055941,-0.03704258054494858,-0.36990422010421753,-0.03531421720981598,-0.1546013355255127,-0.6204531192779541,-0.030002150684595108,-0.21158859133720398,-0.8763947486877441,-0.013710650615394115,0.14533773064613342,0.03387083113193512,0.04585755988955498,0.18427304923534393,-0.27436313033103943,0.04151090234518051,0.10314306616783142,-0.5292870998382568,0.10477079451084137,0.04244154691696167,-0.8273375034332275,0.16037648916244507,0.357729971408844,0.07797146588563919,0.13878662884235382,0.41915977001190186,-0.1941286027431488,0.15375876426696777,0.41365551948547363,-0.356511652469635,0.26460373401641846,0.3630218505859375,-0.5783922672271729,0.37312373518943787
14,0.3093918263912201,0.9010210037231445,0.13670212030410767,-0.10661809146404266,0.702542781829834,0.1680406928062439,-0.43883201479911804,0.5707852840423584,0.17558538913726807,-0.5973247289657593,0.21941718459129333,0.1221962571144104,-0.7547599077224731,0.13818290829658508,0.09575766324996948,-0.22796159982681274,0.07617361098527908,0.002247123047709465,-0.35957658290863037,-0.2713160514831543,-0.05327658727765083,-0.4522654414176941,-0.46936896443367004,-0.04851594567298889,-0.5196903944015503,-0.71735680103302,-0.0411219447851181,-0.0011749046389013529,-0.00032865730463527143,-0.0002898454258684069,-0.04006197676062584,-0.36286771297454834,-0.0404086709022522,-0.1679014414548874,-0.6159322261810303,-0.041507698595523834,-0.2212955206632614,-0.8652907609939575,-0.08482013642787933,0.14695271849632263,0.026287294924259186,0.04994671046733856,0.16982507705688477,-0.28026196360588074,0.03146258369088173,0.0939374715089798,-0.5291373133659363,0.06714105606079102,0.05975097790360451,-0.8351223468780518,0.10768657177686691,0.3597867488861084,0.06464513391256332,0.13833168148994446,0.4195910692214966,-0.19852425158023834,0.1366378217935562,0.4044400453567505,-0.3739088475704193,0.19602979719638824,0.3438248634338379,-0.6080824732780457,0.2942526936531067
15,0.3131983280181885,0.8888866901397705,0.16043242812156677,-0.11193589866161346,0.6878905892372131,0.20331519842147827,-0.43098366260528564,0.5603445172309875,0.19784945249557495,-0.5863037109375,0.21003104746341705,0.10890401899814606,-0.7140088677406311,0.13060694932937622,0.05075467750430107,-0.2257431298494339,0.07077133655548096,-0.0068005966022610664,-0.3584105968475342,-0.27586495876312256,-0.06929846107959747,-0.4608428478240967,-0.4640950560569763,-0.06149705871939659,-0.516792893409729,-0.7099990248680115,-0.046735670417547226,-0.001175899407826364,-0.0002770080463960767,-0.00030125014018267393,-0.037933461368083954,-0.36235731840133667,-0.04717082902789116,-0.1713402271270752,-0.6133474111557007,-0.05182681232690811,-0.2398087978363037,-0.8616964817047119,-0.10535917431116104,0.14818927645683289,0.023709949105978012,0.057228922843933105,0.16014209389686584,-0.2782415449619293,0.021508855745196342,0.09029898792505264,-0.5274282693862915,0.04128125309944153,0.06637373566627502,-0.8392951488494873,0.06308292597532272,0.35728031396865845,0.0550665408372879,0.14409436285495758,0.41762256622314453,-0.20407021045684814,0.1266070306301117,0.3946603238582611,-0.3858681619167328,0.1620420664548874,0.3336621820926666,-0.6123249530792236,0.258536696434021
16,0.31478190422058105,0.8889696598052979,0.12978117167949677,-0.12281385064125061,0.6955970525741577,0.20947301387786865,-0.4284725487232208,0.5518752336502075,0.2019333392381668,-0.5831196904182434,0.21924686431884766,0.11529641598463058,-0.7415156364440918,0.15014544129371643,0.08892269432544708,-0.21798154711723328,0.07411345839500427,-0.008544182404875755,-0.36544525623321533,-0.2713190019130707,-0.08097868412733078,-0.4622144103050232,-0.4583864212036133,-0.05826706439256668,-0.5231486558914185,-0.7098079919815063,-0.054717399179935455,-0.0011477518128231168,-0.0002415177586954087,-0.000318689999403432,-0.04044947400689125,-0.3637411892414093,-0.04472815990447998,-0.1663796603679657,-0.6118220090866089,-0.0735628679394722,-0.25353801250457764,-0.8685247898101807,-0.1057920902967453,0.15144407749176025,0.023914936929941177,0.06386539340019226,0.1620619297027588,-0.2836683392524719,0.019305691123008728,0.09142577648162842,-0.5358269214630127,0.0017455164343118668,0.07361454516649246,-0.8497660756111145,0.025576427578926086,0.36507487297058105,0.056677743792533875,0.1361229121685028,0.42191964387893677,-0.22000199556350708,0.10922352224588394,0.40211009979248047,-0.4137471318244934,0.1344117522239685,0.34211018681526184,-0.6429709196090698,0.21314242482185364
17,0.31835293769836426,0.8913447856903076,0.13384830951690674,-0.12313857674598694,0.7037515640258789,0.20388437807559967,-0.4309612512588501,0.5492002964019775,0.2010054886341095,-0.610960841178894,0.21952548623085022,0.13396093249320984,-0.7630245089530945,0.15818223357200623,0.09765025973320007,-0.2150948941707611,0.07761482894420624,-0.011738307774066925,-0.37018465995788574,-0.2692644000053406,-0.08380743861198425,-0.4615519940853119,-0.4601283669471741,-0.05201590061187744,-0.5215017199516296,-0.7208852171897888,-0.059973254799842834,-0.0011470519239082932,-0.00022894213907420635,-0.00033078130218200386,-0.04329238459467888,-0.3644166588783264,-0.03671777993440628,-0.16159513592720032,-0.6131930351257324,-0.07574014365673065,-0.2493015080690384,-0.8726146817207336,-0.10068893432617188,0.1548074185848236,0.0223371684551239,0.06603756546974182,0.16339515149593353,-0.28807884454727173,0.018297214061021805,0.09617605060338974,-0.5407218337059021,-0.018134869635105133,0.08310126513242722,-0.8522501587867737,0.006248435936868191,0.36849725246429443,0.05632894113659859,0.12943796813488007,0.42063015699386597,-0.22983825206756592,0.10041245073080063,0.4051637351512909,-0.4340125024318695,0.11805175244808197,0.34730666875839233,-0.6629461646080017,0.18862013518810272
18,0.31433844566345215,0.8939964175224304,0.11557643115520477,-0.12260133773088455,0.7083048224449158,0.19287726283073425,-0.4398304224014282,0.5511939525604248,0.19092535972595215,-0.6305655241012573,0.22109197080135345,0.14808423817157745,-0.7850974798202515,0.14846199750900269,0.12416496872901917,-0.21624745428562164,0.07879100739955902,-0.011401902884244919,-0.3725464344024658,-0.2646503746509552,-0.07957497239112854,-0.45841285586357117,-0.46009325981140137,-0.03729388862848282,-0.5182298421859741,-0.7219825983047485,-0.045090094208717346,-0.001152619021013379,-0.00022659744718112051,-0.0003348579630255699,-0.04585184156894684,-0.36519306898117065,-0.03517429530620575,-0.1594105362892151,-0.6156097650527954,-0.06806104630231857,-0.23626916110515594,-0.8745977878570557,-0.09931693971157074,0.15515363216400146,0.021027062088251114,0.0677730143070221,0.16596966981887817,-0.2903779149055481,0.019087452441453934,0.09871087968349457,-0.5422012209892273,-0.024608900770545006,0.08740973472595215,-0.8519402146339417,-0.0014862560201436281,0.36882463097572327,0.05819316208362579,0.1252392828464508,0.41986727714538574,-0.22902029752731323,0.09713998436927795,0.40872758626937866,-0.4399387538433075,0.11348417401313782,0.3514641523361206,-0.6710269451141357,0.18301314115524292
19,0.313679963350296,0.8940335512161255,0.09839031100273132,-0.126272052526474,0.7142636179924011,0.1827825903892517,-0.4514521360397339,0.5512847900390625,0.18263468146324158,-0.6440277099609375,0.21264928579330444,0.1613006591796875,-0.7986153364181519,0.13807964324951172,0.15184366703033447,-0.21590369939804077,0.0785301998257637,-0.01167995110154152,-0.368963360786438,-0.26666557788848877,-0.07952983677387238,-0.45347487926483154,-0.46151477098464966,-0.03365257382392883,-0.5124212503433228,-0.72023606300354,-0.046725355088710785,-0.0011567651527002454,-0.00023699505254626274,-0.00033578925649635494,-0.04660549759864807,-0.36633551120758057,-0.038656946271657944,-0.15394210815429688,-0.6159250736236572,-0.060753535479307175,-0.22576698660850525,-0.8736366033554077,-0.0963880643248558,0.14959263801574707,0.017735742032527924,0.07041361182928085,0.1684340238571167,-0.2916417717933655,0.021274037659168243,0.10507398843765259,-0.5399202108383179,-0.02141796052455902,0.09034676849842072,-0.8464943170547485,0.0011086477898061275,0.3704940378665924,0.055750057101249695,0.12155210226774216,0.41787660121917725,-0.2348286211490631,0.09507685899734497,0.4110402464866638,-0.4451828896999359,0.11189551651477814,0.35743558406829834,-0.6723071336746216,0.1853075921535492
20,0.31299102306365967,0.8952484130859375,0.07285942137241364,-0.12777595221996307,0.7157185077667236,0.16378524899482727,-0.4624427855014801,0.5563446283340454,0.1620211899280548,-0.658525288105011,0.20323783159255981,0.16843408346176147,-0.8097715377807617,0.12338811904191971,0.1663181036710739,-0.21798335015773773,0.07493861019611359,-0.018170837312936783,-0.3633400797843933,-0.2685614228248596,-0.08159792423248291,-0.4455050826072693,-0.45686835050582886,-0.025487251579761505,-0.5023656487464905,-0.7170793414115906,-0.027841253206133842,-0.0011588558554649353,-0.0002470877952873707,-0.00033726129913702607,-0.04507508873939514,-0.3672392666339874,-0.038091786205768585,-0.15217897295951843,-0.6150355339050293,-0.04677075892686844,-0.22738444805145264,-0.8761451840400696,-0.08346860110759735,0.15292158722877502,0.01785755529999733,0.06684689968824387,0.16959981620311737,-0.2954111695289612,0.022761836647987366,0.11069241166114807,-0.5388944745063782,-0.022782213985919952,0.09814797341823578,-0.8484635949134827,-0.005331846885383129,0.37244486808776855,0.057486921548843384,0.11567801982164383,0.4132206439971924,-0.23347321152687073,0.09126937389373779,0.4130714237689972,-0.4520109295845032,0.0938548594713211,0.3552124500274658,-0.6910632848739624,0.15097719430923462
21,0.31375372409820557,0.8958478569984436,0.05142170935869217,-0.12477581202983856,0.7172634601593018,0.15604299306869507,-0.4660540819168091,0.5613723993301392,0.15390783548355103,-0.663080096244812,0.20128506422042847,0.1724056899547577,-0.8118311166763306,0.11925158649682999,0.17667743563652039,-0.2192290723323822,0.07537567615509033,-0.020161833614110947,-0.3600449562072754,-0.2685091197490692,-0.08024007827043533,-0.44171422719955444,-0.45298755168914795,-0.020502319559454918,-0.498617559671402,-0.7131044268608093,-0.011531579308211803,-0.0011590721551328897,-0.0002457445953041315,-0.0003382854338269681,-0.044670362025499344,-0.36746901273727417,-0.037172675132751465,-0.150844007730484,-0.6129381656646729,-0.03596021980047226,-0.2278635948896408,-0.8743574023246765,-0.07247375696897507,0.1536363661289215,0.016067516058683395,0.06630263477563858,0.1692846417427063,-0.2988439202308655,0.02524299919605255,0.1119060218334198,-0.5371976494789124,-0.018251005560159683,0.10177057981491089,-0.8481885194778442,-0.0036929245106875896,0.37106335163116455,0.05864114686846733,0.11765851080417633,0.4085044264793396,-0.2323564887046814,0.09704732149839401,0.413490891456604,-0.45508819818496704,0.09312281757593155,0.3531777560710907,-0.6995298862457275,0.13890716433525085
22,0.3155573606491089,0.8972193598747253,0.022851545363664627,-0.12260282784700394,0.7113446593284607,0.16052082180976868,-0.4664912223815918,0.5577247738838196,0.1814125031232834,-0.6627639532089233,0.1999323070049286,0.18624363839626312,-0.8199504613876343,0.11898905783891678,0.19225464761257172,-0.22073236107826233,0.07740862667560577,-0.015684032812714577,-0.3570248782634735,-0.26773330569267273,-0.0809115469455719,-0.441974937915802,-0.4495392441749573,-0.015651440247893333,-0.4946633577346802,-0.7106000185012817,-0.0036632416304200888,-0.0012305022682994604,-0.0002474270877428353,-0.000340140366461128,-0.046971555799245834,-0.36746910214424133,-0.03910023346543312,-0.15235859155654907,-0.6102997660636902,-0.02721407264471054,-0.2278597354888916,-0.875555694103241,-0.04960630461573601,0.14773671329021454,0.007874703966081142,0.06830475479364395,0.17264850437641144,-0.3008692264556885,0.029394393786787987,0.11836186051368713,-0.5375930070877075,-0.00571997556835413,0.10602739453315735,-0.8470867872238159,0.014111158438026905,0.3696554899215698,0.06231919303536415,0.11647763848304749,0.41436338424682617,-0.2324841469526291,0.09950520843267441,0.4243413805961609,-0.4537903070449829,0.08979307860136032,0.36420738697052,-0.7065356969833374,0.13765595853328705
23,0.31617966294288635,0.8942568302154541,0.023838113993406296,-0.12334012985229492,0.7064789533615112,0.16936610639095306,-0.46643346548080444,0.5526928901672363,0.1982385814189911,-0.663699209690094,0.20262014865875244,0.19465258717536926,-0.8257579803466797,0.1223381757736206,0.199447900056839,-0.21905216574668884,0.07767434418201447,-0.013662362471222878,-0.3523169159889221,-0.2694413959980011,-0.0895768254995346,-0.44451308250427246,-0.4456510543823242,-0.022137351334095,-0.49346253275871277,-0.7048068046569824,7.009808905422688e-05,-0.0012392585631459951,-0.0002542487345635891,-0.0003409819328226149,-0.04669586569070816,-0.36763352155685425,-0.03968718275427818,-0.15052944421768188,-0.6112316846847534,-0.025117093697190285,-0.22572967410087585,-0.8746814727783203,-0.04213695228099823,0.14407548308372498,0.0028760090935975313,0.07104986906051636,0.17444172501564026,-0.29858261346817017,0.027833715081214905,0.12324094027280807,-0.5377379655838013,-0.008428322151303291,0.11208096891641617,-0.8507713079452515,0.01464132685214281,0.369930624961853,0.06215818226337433,0.11494836211204529,0.4170529246330261,-0.23417022824287415,0.09865259379148483,0.43056440353393555,-0.45135200023651123,0.08464977145195007,0.37134069204330444,-0.7104200124740601,0.1328018456697464
24,0.32286548614501953,0.8950721025466919,0.02663872390985489,-0.1187741607427597,0.7084189057350159,0.1707659363746643,-0.46766015887260437,0.5491185188293457,0.20397675037384033,-0.6571336984634399,0.19903719425201416,0.20318202674388885,-0.8275430202484131,0.12684717774391174,0.19719837605953217,-0.22067229449748993,0.07816310226917267,-0.01271372102200985,-0.3438231348991394,-0.26923370361328125,-0.0916610136628151,-0.4392962157726288,-0.44410762190818787,-0.025135789066553116,-0.4923568367958069,-0.702630341053009,0.008561599999666214,-0.0012400668347254395,-0.00025643190019764006,-0.0003422586596570909,-0.034918420016765594,-0.3601751923561096,-0.050320908427238464,-0.14973297715187073,-0.6101927757263184,-0.015196321532130241,-0.23239237070083618,-0.8772213459014893,-0.034105293452739716,0.1406298279762268,-0.00377348973415792,0.0730351135134697,0.1750631034374237,-0.2923719584941864,0.017224321141839027,0.127486914396286,-0.537283718585968,0.002041151747107506,0.11594577133655548,-0.8537589907646179,0.022046957165002823,0.370539128780365,0.055835358798503876,0.1172909289598465,0.41621649265289307,-0.24752850830554962,0.09066145122051239,0.4358799457550049,-0.4486117362976074,0.08605673909187317,0.3788350224494934,-0.7096257209777832,0.1433708220720291
25,0.3253888487815857,0.8956441879272461,0.017295679077506065,-0.11935959756374359,0.7126854658126831,0.16051962971687317,-0.4708595871925354,0.5454304218292236,0.20514824986457825,-0.6557657718658447,0.19321511685848236,0.20167440176010132,-0.8289574384689331,0.12219738215208054,0.19794991612434387,-0.2231338620185852,0.07771843671798706,-0.013170614838600159,-0.33941441774368286,-0.2708609700202942,-0.09036195278167725,-0.43582621216773987,-0.4452713131904602,-0.02474178746342659,-0.49235519766807556,-0.7024779319763184,0.014670555479824543,-0.0012512118555605412,-0.00025994982570409775,-0.00034602911910042167,-0.028196794912219048,-0.3562726378440857,-0.05402161180973053,-0.1467837244272232,-0.6106657981872559,-0.007923576980829239,-0.23566630482673645,-0.8802725076675415,-0.029094181954860687,0.1385345160961151,-0.007658969610929489,0.07376038283109665,0.1744948923587799,-0.2887837886810303,0.01176479086279869,0.12835091352462769,-0.5370826721191406,0.005159725900739431,0.11758939176797867,-0.8565734624862671,0.019528184086084366,0.37199246883392334,0.05102336406707764,0.11856871098279953,0.4146820306777954,-0.25621259212493896,0.0841568112373352,0.43771910667419434,-0.4492712616920471,0.08283393085002899,0.383120059967041,-0.7121433019638062,0.14128324389457703
26,0.3080664873123169,0.8957388401031494,0.01615186780691147,-0.1210377961397171,0.705394983291626,0.15124526619911194,-0.4785233736038208,0.5356460809707642,0.2268015593290329,-0.6433982849121094,0.20676133036613464,0.1693814992904663,-0.7742114067077637,0.13105253875255585,0.12767861783504486,-0.22041095793247223,0.07439477741718292,-0.007527054753154516,-0.3401621878147125,-0.2760172486305237,-0.09698408097028732,-0.44005364179611206,-0.44606077671051025,-0.04010910168290138,-0.4820004105567932,-0.6933979988098145,0.004520646296441555,-0.0012797836679965258,-0.00027086472255177796,-0.0003447453782428056,-0.04405587539076805,-0.3657890558242798,-0.043359529227018356,-0.14456331729888916,-0.6110201478004456,-0.009229354560375214,-0.2441682070493698,-0.8706367015838623,-0.044918425381183624,0.1419069468975067,0.0013642371632158756,0.06836247444152832,0.17738592624664307,-0.2812690734863281,0.0024278745986521244,0.13873475790023804,-0.5393774509429932,0.0014568340266123414,0.11841686069965363,-0.8488255739212036,0.030791915953159332,0.3748351037502289,0.051812998950481415,0.12210066616535187,0.4093859791755676,-0.25806182622909546,0.08409684151411057,0.4401663541793823,-0.4358479976654053,0.07687969505786896,0.3948426842689514,-0.6908812522888184,0.14333435893058777
27,0.29744234681129456,0.8973371982574463,0.02388482354581356,-0.12223917245864868,0.6994542479515076,0.14752623438835144,-0.4810977578163147,0.5270659327507019,0.2550356388092041,-0.6390186548233032,0.21156135201454163,0.15227223932743073,-0.7398504018783569,0.13852082192897797,0.09743919223546982,-0.21899718046188354,0.06772761791944504,0.0007394584827125072,-0.3375745415687561,-0.2780710756778717,-0.09551382064819336,-0.4408453106880188,-0.452737033367157,-0.03877771645784378,-0.47374799847602844,-0.6951594352722168,0.015966065227985382,-0.001303352415561676,-0.0002725179656408727,-0.0003436316328588873,-0.05246955156326294,-0.3701182007789612,-0.036715324968099594,-0.1386687010526657,-0.6156095266342163,-0.02410859242081642,-0.24244672060012817,-0.8628237843513489,-0.051797740161418915,0.14134442806243896,0.006036038976162672,0.06644019484519958,0.17621764540672302,-0.2756194472312927,-0.005838017910718918,0.13755416870117188,-0.5396855473518372,-0.01844547688961029,0.11837253719568253,-0.8397687673568726,0.019112998619675636,0.37222349643707275,0.061338018625974655,0.12249338626861572,0.405309796333313,-0.25919222831726074,0.08340577036142349,0.44298064708709717,-0.4234963059425354,0.07049442827701569,0.40239065885543823,-0.6721329689025879,0.1395552158355713
28,0.2904098629951477,0.8965193629264832,0.024292152374982834,-0.12075337767601013,0.6939129829406738,0.13626785576343536,-0.48045065999031067,0.5233986377716064,0.27220433950424194,-0.6318962574005127,0.21116191148757935,0.1414661854505539,-0.7094373106956482,0.14123399555683136,0.08140150457620621,-0.21797893941402435,0.06751061975955963,0.0007128006545826793,-0.3368988037109375,-0.2806090712547302,-0.09230732917785645,-0.44613659381866455,-0.4582948088645935,-0.019443007186055183,-0.46618443727493286,-0.6982616186141968,0.03126191347837448,-0.0012630331330001354,-0.0002830646117217839,-0.0003352182684466243,-0.05649864673614502,-0.37273043394088745,-0.031077899038791656,-0.13967342674732208,-0.6132373809814453,-0.029519084841012955,-0.23917359113693237,-0.8572150468826294,-0.05201257765293121,0.14017760753631592,0.007178552448749542,0.06569299101829529,0.17517109215259552,-0.27483752369880676,-0.012682318687438965,0.13535520434379578,-0.5408728122711182,-0.04035397246479988,0.12305760383605957,-0.8398053646087646,0.006118305493146181,0.36931508779525757,0.06415975838899612,0.12774579226970673,0.40702661871910095,-0.26098376512527466,0.08438704162836075,0.4471563696861267,-0.41481828689575195,0.06109853833913803,0.4123593866825104,-0.6629759073257446,0.11749076843261719
29,0.2726939916610718,0.8974460959434509,0.008618287742137909,-0.129218190908432,0.6926432847976685,0.11626419425010681,-0.492550253868103,0.5197991132736206,0.2761099338531494,-0.6413534879684448,0.20945030450820923,0.1279483586549759,-0.7039268016815186,0.1505979299545288,0.09172345697879791,-0.22849132120609283,0.06683459132909775,0.010108308866620064,-0.341867595911026,-0.2819404602050781,-0.08360733091831207,-0.42648184299468994,-0.4696747660636902,-0.010885574854910374,-0.45319652557373047,-0.7059639692306519,0.050294987857341766,-0.0011861639795824885,-0.00030135654378682375,-0.00032551801996305585,-0.04637697711586952,-0.37155887484550476,-0.031802911311388016,-0.12749804556369781,-0.6176379323005676,-0.03177984058856964,-0.21368686854839325,-0.8713564872741699,-0.058983661234378815,0.14042365550994873,0.01043250784277916,0.06549877673387527,0.18087920546531677,-0.282218337059021,0.0004751961678266525,0.14483821392059326,-0.5400404930114746,-0.05039091408252716,0.1571912318468094,-0.8515730500221252,-0.012262202799320221,0.3642311096191406,0.06097007542848587,0.12969328463077545,0.419832706451416,-0.2643245458602905,0.08761093020439148,0.46647217869758606,-0.41989409923553467,0.04701214283704758,0.4352678060531616,-0.6610909104347229,0.09688662737607956
30,0.2652548849582672,0.9001004099845886,-0.016414042562246323,-0.13177412748336792,0.6950318813323975,0.09981575608253479,-0.5107457637786865,0.5174497961997986,0.24704870581626892,-0.6539835929870605,0.21600422263145447,0.10730675607919693,-0.7097538709640503,0.1529492735862732,0.0850844532251358,-0.23273177444934845,0.07077450305223465,0.008609980344772339,-0.34258711338043213,-0.2744867503643036,-0.06684909760951996,-0.41175219416618347,-0.46747449040412903,0.01899176649749279,-0.436433881521225,-0.705149233341217,0.09421773254871368,-0.0011521974811330438,-0.00031262601260095835,-0.000323370419209823,-0.03789464756846428,-0.3696076273918152,-0.03251567482948303,-0.11817999184131622,-0.6164060831069946,-0.03699813038110733,-0.1905519962310791,-0.8782161474227905,-0.074045330286026,0.14241552352905273,0.011489278636872768,0.06064056605100632,0.18578147888183594,-0.28463396430015564,0.011381027288734913,0.1553652286529541,-0.5355221033096313,-0.03418949246406555,0.16972458362579346,-0.8482704162597656,-0.01270640641450882,0.3625113368034363,0.060652218759059906,0.13178923726081848,0.44064992666244507,-0.24352625012397766,0.07544776797294617,0.49576252698898315,-0.40547865629196167,0.0464291051030159,0.46533578634262085,-0.6578279733657837,0.09890208393335342
31,0.2545897662639618,0.9017350673675537,-0.030560128390789032,-0.1371418535709381,0.6982223987579346,0.09364396333694458,-0.5195688009262085,0.519591212272644,0.23308932781219482,-0.6613456010818481,0.21927978098392487,0.10369305312633514,-0.7123750448226929,0.15045741200447083,0.09118498116731644,-0.2365407645702362,0.07796396315097809,0.014576914720237255,-0.34082043170928955,-0.2686653137207031,-0.05517072230577469,-0.4031403660774231,-0.4639679193496704,0.03298177942633629,-0.4285653829574585,-0.7015677690505981,0.11813512444496155,-0.0011327409883961082,-0.00032672396628186107,-0.00032485107658430934,-0.03453937917947769,-0.3687807023525238,-0.031375061720609665,-0.11677399277687073,-0.6146805882453918,-0.03556707873940468,-0.1775764673948288,-0.8820661306381226,-0.08446727693080902,0.14130207896232605,0.011154071427881718,0.05807904154062271,0.18744847178459167,-0.2861529588699341,0.018536493182182312,0.1595379114151001,-0.5330347418785095,-0.020060505717992783,0.17631836235523224,-0.8453130722045898,-0.00617334246635437,0.3577810525894165,0.060942843556404114,0.13365322351455688,0.44932499527931213,-0.2334984838962555,0.07245978713035583,0.5080054402351379,-0.4003853499889374,0.049460358917713165,0.4768759310245514,-0.6567161083221436,0.10530604422092438
32,0.2548559606075287,0.895805835723877,-0.034101612865924835,-0.13733136653900146,0.6963343024253845,0.09807620942592621,-0.5232154130935669,0.5223862528800964,0.22784456610679626,-0.6673287749290466,0.21912997961044312,0.10915625095367432,-0.7192517518997192,0.14378933608531952,0.09193272888660431,-0.23701941967010498,0.0798359364271164,0.014116356149315834,-0.3476082980632782,-0.26955366134643555,-0.06063489615917206,-0.4034375548362732,-0.4654299020767212,0.03024599514901638,-0.4333900213241577,-0.6985516548156738,0.12884214520454407,-0.0011550369672477245,-0.0003199145430698991,-0.00032843020744621754,-0.03324505686759949,-0.37144431471824646,-0.030905213207006454,-0.11518242955207825,-0.6164852976799011,-0.02209291234612465,-0.1775510609149933,-0.887789249420166,-0.07084833085536957,0.14192895591259003,0.010732907801866531,0.05839329957962036,0.18888911604881287,-0.28749513626098633,0.018973495811223984,0.15737392008304596,-0.5334975719451904,-0.02901275083422661,0.1761612594127655,-0.8438428640365601,-0.018767157569527626,0.3583022952079773,0.06197676062583923,0.13010643422603607,0.45326584577560425,-0.23353534936904907,0.06372535228729248,0.5092366337776184,-0.4038519561290741,0.04560404270887375,0.47547468543052673,-0.657130777835846,0.09555883705615997
33,0.2602887749671936,0.8900959491729736,-0.02084595523774624,-0.13919410109519958,0.6914531588554382,0.11189086735248566,-0.5280817151069641,0.5241847038269043,0.22242051362991333,-0.6748465299606323,0.21580347418785095,0.10945864021778107,-0.7310932278633118,0.14038757979869843,0.08125804364681244,-0.23688597977161407,0.0811924934387207,0.010703704319894314,-0.35085248947143555,-0.272359162569046,-0.07430190593004227,-0.40471434593200684,-0.4682579040527344,0.013031541369855404,-0.4322781562805176,-0.6994235515594482,0.10666465759277344,-0.0011661103926599026,-0.00030534202232956886,-0.00032911350717768073,-0.0325450636446476,-0.37144213914871216,-0.033969946205616,-0.11183123290538788,-0.6189103722572327,-0.029129717499017715,-0.16906538605690002,-0.88914954662323,-0.06927412003278732,0.14256611466407776,0.010321434587240219,0.060200728476047516,0.1884973645210266,-0.28968650102615356,0.016542481258511543,0.1551118940114975,-0.5377737283706665,-0.04255273938179016,0.17382222414016724,-0.8479748964309692,-0.03899787738919258,0.3617498576641083,0.06082610785961151,0.1320962905883789,0.44609981775283813,-0.2444831132888794,0.07310426235198975,0.5016759634017944,-0.41312795877456665,0.034775059670209885,0.47027742862701416,-0.6603981256484985,0.07452637702226639
34,0.24463295936584473,0.890823483467102,0.033795591443777084,-0.15762412548065186,0.7002463340759277,0.15227200090885162,-0.5290799736976624,0.5184422135353088,0.20429131388664246,-0.672042965888977,0.21440529823303223,0.11008834093809128,-0.7376906871795654,0.14430686831474304,0.07631878554821014,-0.23511600494384766,0.07357730716466904,0.007158107124269009,-0.35766488313674927,-0.27370691299438477,-0.0847727358341217,-0.4101812541484833,-0.4715439975261688,-0.004013675265014172,-0.4362599849700928,-0.7019964456558228,0.0866321250796318,-0.001156254904344678,-0.00030926207546144724,-0.00031284912256523967,-0.03618885576725006,-0.37187695503234863,-0.03635832667350769,-0.1164795458316803,-0.6234489679336548,-0.022471819072961807,-0.17452681064605713,-0.8796291351318359,-0.05738223344087601,0.14334063231945038,0.00858541764318943,0.06372172385454178,0.18329539895057678,-0.29051288962364197,0.019140541553497314,0.15206950902938843,-0.5374001264572144,-0.04564827308058739,0.18083907663822174,-0.8494934439659119,-0.026632387191057205,0.365412175655365,0.051953744143247604,0.1391310691833496,0.4375261962413788,-0.25404593348503113,0.08027179539203644,0.4895020127296448,-0.40793126821517944,0.03314105048775673,0.4583650231361389,-0.6569688320159912,0.060097746551036835
35,0.23720097541809082,0.8921250700950623,0.07832510769367218,-0.16523534059524536,0.7037913799285889,0.184530109167099,-0.5221672058105469,0.5219351053237915,0.22606703639030457,-0.6676573753356934,0.2101503312587738,0.11294898390769958,-0.7420234680175781,0.1452396661043167,0.07636282593011856,-0.23578639328479767,0.0701136514544487,0.004128801636397839,-0.3613741993904114,-0.2732389271259308,-0.09438356757164001,-0.4124634861946106,-0.4720672369003296,-0.020028196275234222,-0.43844282627105713,-0.7040276527404785,0.06071762368083,-0.0011637398274615407,-0.0003090977552346885,-0.0003044797631446272,-0.04320899024605751,-0.3735964298248291,-0.03369080275297165,-0.11929865181446075,-0.6257151365280151,-0.022435862571001053,-0.17691972851753235,-0.874824047088623,-0.05219580978155136,0.14303453266620636,0.00785441417247057,0.06644885987043381,0.18026986718177795,-0.2912418246269226,0.020456131547689438,0.14810720086097717,-0.5365995764732361,-0.051740724593400955,0.18153175711631775,-0.8500204086303711,-0.026887185871601105,0.3675771653652191,0.04770316928625107,0.14232859015464783,0.43077796697616577,-0.26047301292419434,0.08635016530752182,0.47921139001846313,-0.4048319458961487,0.03218450769782066,0.4499720335006714,-0.6539252996444702,0.04725770279765129
36,0.23523622751235962,0.8896481990814209,0.10990327596664429,-0.16838711500167847,0.7031651139259338,0.19659775495529175,-0.5194606781005859,0.5150684118270874,0.21622540056705475,-0.6644163727760315,0.20224244892597198,0.11636531352996826,-0.7451839447021484,0.14047543704509735,0.07503281533718109,-0.2366097867488861,0.06798996031284332,0.00021318625658750534,-0.3517990708351135,-0.2717212438583374,-0.09726984053850174,-0.4136866331100464,-0.4738970398902893,-0.02551591768860817,-0.4388013482093811,-0.7047576904296875,0.050542619079351425,-0.0011586350155994296,-0.0003075178829021752,-0.0003006163169629872,-0.04701612517237663,-0.374936044216156,-0.031594760715961456,-0.11995184421539307,-0.6273677945137024,-0.02090233564376831,-0.1804204285144806,-0.8709185123443604,-0.04994010925292969,0.14256027340888977,0.007720654830336571,0.06960658729076385,0.17980504035949707,-0.2858472764492035,0.0026085088029503822,0.1488160490989685,-0.5364758968353271,-0.05419750511646271,0.18293330073356628,-0.8516203761100769,-0.02674349769949913,0.3690366744995117,0.046873606741428375,0.14608871936798096,0.42866674065589905,-0.26340749859809875,0.09231673181056976,0.47414153814315796,-0.4042452275753021,0.03567401319742203,0.44467461109161377,-0.6521227359771729,0.04673305153846741
37,0.23970621824264526,0.8873270153999329,0.12183345854282379,-0.17058295011520386,0.7031855583190918,0.20333443582057953,-0.5208056569099426,0.5143284797668457,0.205134317278862,-0.6627242565155029,0.20345422625541687,0.11404472589492798,-0.7460047602653503,0.14122597873210907,0.06971827894449234,-0.2375989556312561,0.06798084080219269,-0.0034526516683399677,-0.3466455340385437,-0.27052390575408936,-0.09875935316085815,-0.4137132167816162,-0.47375214099884033,-0.02825099602341652,-0.4386638402938843,-0.7065372467041016,0.04568500071763992,-0.0011474695056676865,-0.0002992003282997757,-0.00029885736876167357,-0.04702579975128174,-0.3749098479747772,-0.03186885267496109,-0.1163749098777771,-0.6269747018814087,-0.018372220918536186,-0.17872370779514313,-0.8690130710601807,-0.04755660146474838,0.14295905828475952,0.0068379840813577175,0.07229706645011902,0.179633229970932,-0.2913767099380493,0.012155725620687008,0.15111279487609863,-0.5368624329566956,-0.055836811661720276,0.1859082281589508,-0.8537173271179199,-0.02774224430322647,0.3700506091117859,0.04679150506854057,0.1468779742717743,0.4301403760910034,-0.2671815752983093,0.09191429615020752,0.4749118685722351,-0.40425097942352295,0.034318599849939346,0.4448736011981964,-0.646862804889679,0.04414645582437515
38,0.2408137023448944,0.8893176317214966,0.12664639949798584,-0.17017397284507751,0.7050741314888,0.21309752762317657,-0.5220345258712769,0.514811635017395,0.19941121339797974,-0.663370668888092,0.20662567019462585,0.11153599619865417,-0.7717823386192322,0.12154016643762589,0.08539685606956482,-0.23762553930282593,0.06969975680112839,-0.0070557366125285625,-0.3424064815044403,-0.2713029980659485,-0.09968733042478561,-0.4130587875843048,-0.4751456379890442,-0.025750819593667984,-0.4402557611465454,-0.7083967924118042,0.04902876168489456,-0.001124541973695159,-0.00028457894222810864,-0.000299337028991431,-0.04528556764125824,-0.37527287006378174,-0.03212372213602066,-0.11378121376037598,-0.6266680955886841,-0.01922926865518093,-0.17888835072517395,-0.8710677623748779,-0.049830518662929535,0.14277923107147217,0.00551535515114665,0.07362229377031326,0.1820695698261261,-0.28789445757865906,0.0002247183583676815,0.15306542813777924,-0.5382351279258728,-0.056341126561164856,0.1875128448009491,-0.8582220673561096,-0.030694350600242615,0.3695712089538574,0.04567673057317734,0.14860503375530243,0.429404079914093,-0.26876258850097656,0.0939832329750061,0.4735165238380432,-0.40703532099723816,0.033160921186208725,0.4455849826335907,-0.6489980816841125,0.04200747236609459
39,0.24035674333572388,0.8849601149559021,0.17150259017944336,-0.16714736819267273,0.7038151025772095,0.21532224118709564,-0.5213816165924072,0.515130877494812,0.19443613290786743,-0.6685187816619873,0.20872142910957336,0.10587611049413681,-0.7929949164390564,0.1110898107290268,0.0981268584728241,-0.23780271410942078,0.06648116558790207,-0.005986543372273445,-0.33750927448272705,-0.2751935124397278,-0.1012236475944519,-0.4118635058403015,-0.47942793369293213,-0.023123160004615784,-0.44174957275390625,-0.7128069400787354,0.07290072739124298,-0.0011237768922001123,-0.00027342341491021216,-0.00029804781661368906,-0.04529089480638504,-0.37667107582092285,-0.030897120013833046,-0.11424972116947174,-0.6283887624740601,-0.016091983765363693,-0.1858992576599121,-0.8739559054374695,-0.05107780918478966,0.14424261450767517,0.007353229448199272,0.072849340736866,0.18323427438735962,-0.284030020236969,-0.008492916822433472,0.1513790786266327,-0.5392004251480103,-0.057099610567092896,0.18577800691127777,-0.8617458939552307,-0.02874404937028885,0.3674650192260742,0.04521365463733673,0.14676930010318756,0.42995214462280273,-0.2683206796646118,0.09659816324710846,0.47407642006874084,-0.4074791371822357,0.031490009278059006,0.44640839099884033,-0.6491494178771973,0.04762665182352066
40,0.2436714619398117,0.8839980363845825,0.16033032536506653,-0.1631835699081421,0.7042521238327026,0.21627193689346313,-0.5195703506469727,0.5163912177085876,0.19327902793884277,-0.6699002385139465,0.21026483178138733,0.10717746615409851,-0.804324746131897,0.10875558108091354,0.11082734912633896,-0.23712846636772156,0.06443025916814804,-0.006141134072095156,-0.33425581455230713,-0.27724555134773254,-0.10120217502117157,-0.41127723455429077,-0.4811248779296875,-0.02279573678970337,-0.4377657175064087,-0.714393138885498,0.0657334178686142,-0.0011101237032562494,-0.0002606996858958155,-0.00029859007918275893,-0.04492810741066933,-0.37808454036712646,-0.030529707670211792,-0.11318731307983398,-0.6298302412033081,-0.010509918443858624,-0.1892639696598053,-0.8762367367744446,-0.04672984778881073,0.14448049664497375,0.007972855120897293,0.07301953434944153,0.18381327390670776,-0.28290650248527527,-0.01250576600432396,0.15168778598308563,-0.5405070185661316,-0.054376911371946335,0.1864047795534134,-0.864404559135437,-0.02196180447936058,0.3674997091293335,0.04561493173241615,0.14597994089126587,0.42991018295288086,-0.26863881945610046,0.0986625924706459,0.4731541872024536,-0.407785564661026,0.03270137310028076,0.4483116567134857,-0.6494704484939575,0.05133616924285889
41,0.254441499710083,0.8769501447677612,0.12202276289463043,-0.16041451692581177,0.7049263715744019,0.21960923075675964,-0.5154215693473816,0.5192556977272034,0.1946510672569275,-0.6687676906585693,0.21302789449691772,0.10604014992713928,-0.786324143409729,0.13128399848937988,0.13429933786392212,-0.23820671439170837,0.06183565407991409,-0.0033769113942980766,-0.33328551054000854,-0.2809702157974243,-0.0984179675579071,-0.41124123334884644,-0.48180630803108215,-0.018809741362929344,-0.43816077709198,-0.7147514224052429,0.06722898036241531,-0.0011327328393235803,-0.00027445872547104955,-0.0002979397540912032,-0.04455011337995529,-0.3791201710700989,-0.028470980003476143,-0.1137273982167244,-0.6321648955345154,-0.008823372423648834,-0.19467011094093323,-0.879382848739624,-0.04217702895402908,0.14640656113624573,0.010199794545769691,0.07124300301074982,0.18438422679901123,-0.2818356156349182,-0.015493588522076607,0.1532650589942932,-0.541655957698822,-0.051581814885139465,0.18782839179039001,-0.8658756017684937,-0.018063809722661972,0.368973046541214,0.04884267970919609,0.14312484860420227,0.4315645694732666,-0.26625317335128784,0.09626057744026184,0.4727604389190674,-0.4067203402519226,0.03215799853205681,0.44855934381484985,-0.6497203707695007,0.05324622988700867
42,0.2608764171600342,0.8764314651489258,0.09284187853336334,-0.16091373562812805,0.7062344551086426,0.22241351008415222,-0.5146839022636414,0.5215766429901123,0.19331714510917664,-0.6683274507522583,0.21386903524398804,0.10784941166639328,-0.7984784841537476,0.11452752351760864,0.129374697804451,-0.2390633523464203,0.06204041838645935,-0.0009748641168698668,-0.3344765603542328,-0.28216707706451416,-0.09533178806304932,-0.4132946729660034,-0.4832252562046051,-0.01234089583158493,-0.43749627470970154,-0.715725302696228,0.0730678141117096,-0.0011547134490683675,-0.00028260311228223145,-0.00029821816133335233,-0.04567774385213852,-0.37933290004730225,-0.025978025048971176,-0.11447564512491226,-0.631971001625061,-0.005133618600666523,-0.19409659504890442,-0.8788507580757141,-0.03860558941960335,0.14709070324897766,0.011346336454153061,0.0699540451169014,0.18510034680366516,-0.2812070846557617,-0.016287177801132202,0.1538267880678177,-0.5408995151519775,-0.04998042434453964,0.18904992938041687,-0.864608883857727,-0.017896097153425217,0.36840224266052246,0.05091378092765808,0.14113685488700867,0.43164122104644775,-0.26652806997299194,0.09675495326519012,0.4725010097026825,-0.4036445617675781,0.03343070670962334,0.44971731305122375,-0.645571231842041,0.05795035511255264
43,0.26515913009643555,0.8724588751792908,0.08281321078538895,-0.15878939628601074,0.7054756879806519,0.22233641147613525,-0.5163670778274536,0.5203078985214233,0.19130846858024597,-0.6684319972991943,0.21218378841876984,0.10764619708061218,-0.8086552023887634,0.10866830497980118,0.12557081878185272,-0.23864293098449707,0.06237156689167023,-0.0018367778975516558,-0.33228838443756104,-0.2829038202762604,-0.09517593681812286,-0.4105079174041748,-0.48449718952178955,-0.011449159123003483,-0.4375423192977905,-0.7177330255508423,0.08926912397146225,-0.0011482900008559227,-0.00027404213324189186,-0.0003002400044351816,-0.04526025056838989,-0.37830275297164917,-0.02638399973511696,-0.11299543082714081,-0.6310790777206421,-0.008837049826979637,-0.19209250807762146,-0.877687931060791,-0.04043833911418915,0.14667221903800964,0.010164103470742702,0.07100822031497955,0.18377995491027832,-0.2799363434314728,-0.017426855862140656,0.15145322680473328,-0.53980952501297,-0.05558953806757927,0.18769679963588715,-0.8631783723831177,-0.023504629731178284,0.36707425117492676,0.04904406517744064,0.14235061407089233,0.4290376305580139,-0.2666454315185547,0.09758666157722473,0.4695972800254822,-0.40593159198760986,0.029818646609783173,0.4444085955619812,-0.6498457193374634,0.050351448357105255
44,0.26283082365989685,0.8709369897842407,0.07875746488571167,-0.15724965929985046,0.7037526965141296,0.22090597450733185,-0.5185497999191284,0.5184822082519531,0.18587656319141388,-0.6714688539505005,0.21259969472885132,0.10370585322380066,-0.7956866025924683,0.13070592284202576,0.13954532146453857,-0.23839271068572998,0.062075912952423096,-0.0002868810552172363,-0.3319106996059418,-0.28442540764808655,-0.09167197346687317,-0.4092365503311157,-0.484391450881958,-0.006795896682888269,-0.43649986386299133,-0.7198859453201294,0.0953219011425972,-0.0011490085162222385,-0.0002795431646518409,-0.0003017094568349421,-0.04410640150308609,-0.37827974557876587,-0.024956822395324707,-0.11099307239055634,-0.6323955655097961,-0.012454727664589882,-0.1921411156654358,-0.8768537044525146,-0.046884745359420776,0.14699402451515198,0.009014158509671688,0.0699765533208847,0.18445304036140442,-0.27978092432022095,-0.017067180946469307,0.1521110236644745,-0.5376112461090088,-0.054579444229602814,0.18772104382514954,-0.8612214922904968,-0.02163371816277504,0.36543652415275574,0.04609496146440506,0.14151138067245483,0.42856284976005554,-0.26723188161849976,0.10077030956745148,0.46918368339538574,-0.40869998931884766,0.02874307706952095,0.4468386769294739,-0.6489346027374268,0.04554726928472519
45,0.2718403935432434,0.8746953010559082,0.05872064083814621,-0.15726152062416077,0.7078425288200378,0.19153273105621338,-0.5151996612548828,0.5269098281860352,0.1928766369819641,-0.6772507429122925,0.20479953289031982,0.09477393329143524,-0.7977438569068909,0.1423921287059784,0.12859080731868744,-0.2398683726787567,0.06486755609512329,-0.0003525353386066854,-0.3389700651168823,-0.28303760290145874,-0.08218133449554443,-0.4065598249435425,-0.48234665393829346,0.001611979678273201,-0.43577146530151367,-0.716388463973999,0.09547144174575806,-0.0011322894133627415,-0.0002896564546972513,-0.0003003616875503212,-0.03304412215948105,-0.37639978528022766,-0.027086487039923668,-0.10493480414152145,-0.6337760090827942,-0.014343645423650742,-0.1859743893146515,-0.8897824287414551,-0.04680517688393593,0.14805305004119873,0.010051112622022629,0.06648287922143936,0.19140902161598206,-0.2778019905090332,-0.013398546725511551,0.15946465730667114,-0.5400897264480591,-0.039002664387226105,0.1892653852701187,-0.8634899258613586,-0.009432332590222359,0.36394912004470825,0.04766273498535156,0.14217299222946167,0.4367842674255371,-0.2619171142578125,0.10101300477981567,0.4843991994857788,-0.40758222341537476,0.03931700438261032,0.4599462151527405,-0.6458605527877808,0.06169594079256058
46,0.27525126934051514,0.8770043849945068,0.04535621032118797,-0.15908706188201904,0.7101965546607971,0.1752317249774933,-0.5213041305541992,0.5225709676742554,0.16974881291389465,-0.6819055676460266,0.2014634609222412,0.08710511028766632,-0.8014679551124573,0.14823785424232483,0.11719126999378204,-0.2407473921775818,0.06753520667552948,-0.0036796198692172766,-0.34449005126953125,-0.28025901317596436,-0.08006642013788223,-0.4046313762664795,-0.4822986423969269,0.0025859070010483265,-0.4335073232650757,-0.714633047580719,0.09304071962833405,-0.0011231880635023117,-0.0002891237090807408,-0.00029894785257056355,-0.027949480339884758,-0.3738146424293518,-0.027665158733725548,-0.10025151073932648,-0.6336724758148193,-0.019316351041197777,-0.18168503046035767,-0.8944354057312012,-0.0499112643301487,0.14825084805488586,0.009457115083932877,0.06567385047674179,0.19505661725997925,-0.2773253917694092,-0.010540845803916454,0.16310179233551025,-0.5438315868377686,-0.03165914863348007,0.18965232372283936,-0.8660863637924194,-0.0009454977698624134,0.36352741718292236,0.05024036020040512,0.14291268587112427,0.4408528208732605,-0.2585948705673218,0.09923453629016876,0.4901306629180908,-0.40771594643592834,0.04251057654619217,0.4650963544845581,-0.6512908339500427,0.06752470135688782
47,0.2796509265899658,0.8762185573577881,0.03755015507340431,-0.15626151859760284,0.7112157940864563,0.16353124380111694,-0.5219061374664307,0.5210717916488647,0.15571078658103943,-0.6861833930015564,0.19810742139816284,0.08456822484731674,-0.803458571434021,0.15187183022499084,0.11787642538547516,-0.2304064929485321,0.07408784329891205,-0.010893291793763638,-0.3450378179550171,-0.28034546971321106,-0.07637815177440643,-0.4058303236961365,-0.47974511981010437,0.004411052446812391,-0.43619418144226074,-0.7116133570671082,0.09240841865539551,-0.001091074664145708,-0.0002832250320352614,-0.0002972609072457999,-0.02449350617825985,-0.3716166615486145,-0.02835458517074585,-0.0993182510137558,-0.6338030099868774,-0.016400989145040512,-0.18063020706176758,-0.8988368511199951,-0.04642403870820999,0.14796870946884155,0.010935012251138687,0.06432150304317474,0.1966860592365265,-0.2752493619918823,-0.010331966914236546,0.169939786195755,-0.5450769662857056,-0.02952193096280098,0.19358737766742706,-0.8648945689201355,0.00013620889512822032,0.3617459833621979,0.05284375697374344,0.1426193118095398,0.44103774428367615,-0.25636714696884155,0.09824491292238235,0.4909171462059021,-0.40995046496391296,0.042209379374980927,0.46546947956085205,-0.6559164524078369,0.06422144174575806
48,0.2812238931655884,0.8758904933929443,0.03308236226439476,-0.15770146250724792,0.711700439453125,0.16824394464492798,-0.5230852365493774,0.521748423576355,0.15062502026557922,-0.6883081793785095,0.19864892959594727,0.08290692418813705,-0.8064799308776855,0.157688707113266,0.11949437856674194,-0.2347802072763443,0.07181788980960846,-0.0093460688367486,-0.34486663341522217,-0.28012725710868835,-0.07609149068593979,-0.40652090311050415,-0.47816410660743713,-0.0008743442595005035,-0.43748563528060913,-0.7087129354476929,0.0878525823354721,-0.0010865092044696212,-0.0002812822349369526,-0.00029720208840444684,-0.022583872079849243,-0.37011536955833435,-0.02995951473712921,-0.10065477341413498,-0.6331207156181335,-0.01846768707036972,-0.18233400583267212,-0.9005413055419922,-0.0455133393406868,0.14833760261535645,0.0116226552054286,0.06368684768676758,0.19755297899246216,-0.2738839387893677,-0.008898073807358742,0.17330288887023926,-0.5453289747238159,-0.024646278470754623,0.19539552927017212,-0.8646453619003296,0.004842361900955439,0.3613419532775879,0.05456952750682831,0.14291289448738098,0.44176870584487915,-0.2525329887866974,0.09876884520053864,0.49272364377975464,-0.4096013307571411,0.04483960196375847,0.46692270040512085,-0.6562860012054443,0.07042194902896881
49,0.2816470265388489,0.8746492862701416,0.04172302782535553,-0.15790283679962158,0.7084375619888306,0.17969095706939697,-0.5231244564056396,0.5200788378715515,0.14943601191043854,-0.6872066259384155,0.1989334225654602,0.08373874425888062,-0.8060869574546814,0.15930277109146118,0.12368488311767578,-0.23739013075828552,0.07055754214525223,-0.007245536893606186,-0.3442807197570801,-0.28176039457321167,-0.0756702721118927,-0.4077896177768707,-0.4781287610530853,-0.00180447893217206,-0.4394364058971405,-0.707348108291626,0.08719302713871002,-0.0010925487149506807,-0.0002842470130417496,-0.00029698509024456143,-0.021921351552009583,-0.36942964792251587,-0.031040679663419724,-0.10279323160648346,-0.6326673030853271,-0.016099603846669197,-0.185202956199646,-0.9021871089935303,-0.04192981496453285,0.14847172796726227,0.012491297908127308,0.0631289929151535,0.19872979819774628,-0.2716269791126251,-0.008530410937964916,0.17516165971755981,-0.5453805327415466,-0.02197687141597271,0.19437208771705627,-0.8652093410491943,0.004907949827611446,0.36074453592300415,0.05606871098279953,0.14217381179332733,0.4420689344406128,-0.24966077506542206,0.09900328516960144,0.4943445324897766,-0.408491849899292,0.04796707630157471,0.4674718379974365,-0.6566042900085449,0.0765867829322815
50,0.27840882539749146,0.8746797442436218,0.037500668317079544,-0.15734735131263733,0.7067579030990601,0.18214580416679382,-0.5238255858421326,0.5209825038909912,0.14368273317813873,-0.6908246278762817,0.2017090767621994,0.08004185557365417,-0.8080353140830994,0.16069123148918152,0.12176007777452469,-0.23602910339832306,0.0705031231045723,-0.008215019479393959,-0.3435676395893097,-0.2824881076812744,-0.07944583892822266,-0.4081875681877136,-0.4786466360092163,-0.01645726151764393,-0.4402759075164795,-0.7067809104919434,0.08013052493333817,-0.001081980997696519,-0.00027213094290345907,-0.00029816688038408756,-0.02109847404062748,-0.36925172805786133,-0.032146353274583817,-0.09964314103126526,-0.6317459344863892,-0.01637193374335766,-0.18255901336669922,-0.9038413763046265,-0.037601374089717865,0.14835351705551147,0.013864962384104729,0.06366091221570969,0.20197373628616333,-0.27639156579971313,0.0018496345728635788,0.1773781180381775,-0.5471917986869812,-0.027445955201983452,0.19670233130455017,-0.8674533367156982,0.004370979964733124,0.3616906702518463,0.05858844518661499,0.13995496928691864,0.4448907673358917,-0.2463584840297699,0.09257222712039948,0.49579447507858276,-0.4078816771507263,0.03687817603349686,0.46638959646224976,-0.6646912693977356,0.06288421899080276
51,0.2764844596385956,0.8753554821014404,0.03144928440451622,-0.15796950459480286,0.7073385715484619,0.18218958377838135,-0.5248197317123413,0.5215436220169067,0.14018523693084717,-0.6909830570220947,0.20317670702934265,0.07774709165096283,-0.8060147762298584,0.16405391693115234,0.11742755770683289,-0.23609092831611633,0.07074224948883057,-0.008227158337831497,-0.34425875544548035,-0.2830469012260437,-0.08063966780900955,-0.4084498882293701,-0.47813305258750916,-0.019539929926395416,-0.44021496176719666,-0.7056289911270142,0.08226954936981201,-0.0010857293382287025,-0.00026265482301823795,-0.0002972800866700709,-0.020175140351057053,-0.3690205216407776,-0.0316949263215065,-0.09834717214107513,-0.6309965252876282,-0.014054050669074059,-0.18140876293182373,-0.9066002368927002,-0.033758241683244705,0.14862820506095886,0.013985499739646912,0.06445680558681488,0.20466645061969757,-0.28011471033096313,0.008571016602218151,0.1817280799150467,-0.5489214658737183,-0.023928191512823105,0.18980860710144043,-0.868725061416626,-0.0003828571643680334,0.3621717095375061,0.06011570990085602,0.14028748869895935,0.4464278221130371,-0.24591025710105896,0.09134912490844727,0.4972309470176697,-0.4070166349411011,0.035519570112228394,0.4695044159889221,-0.6652972102165222,0.06892894953489304
52,0.27342498302459717,0.8739312887191772,0.04574666917324066,-0.15721288323402405,0.7054461240768433,0.19569645822048187,-0.5155966281890869,0.5292587280273438,0.1625143587589264,-0.6916387677192688,0.20274510979652405,0.07713259011507034,-0.8078073263168335,0.1652342528104782,0.11096279323101044,-0.23641535639762878,0.06936392188072205,-0.006411997601389885,-0.34403347969055176,-0.2828914523124695,-0.080468088388443,-0.40884554386138916,-0.477222204208374,-0.018618471920490265,-0.440501868724823,-0.703739583492279,0.08779847621917725,-0.0010783863253891468,-0.0002629216178320348,-0.0002952911308966577,-0.020643413066864014,-0.3690125346183777,-0.030996542423963547,-0.1038108617067337,-0.6300846338272095,-0.011634709313511848,-0.1856948882341385,-0.9061983227729797,-0.027234718203544617,0.14817816019058228,0.014849940314888954,0.06399058550596237,0.20366469025611877,-0.27523258328437805,0.001361143309623003,0.18039965629577637,-0.5482071042060852,-0.020750056952238083,0.19176054000854492,-0.8678187131881714,0.008553959429264069,0.36089324951171875,0.06031881645321846,0.13770349323749542,0.44549351930618286,-0.2433750331401825,0.0936986654996872,0.49510109424591064,-0.4050499200820923,0.0368613675236702,0.4659166634082794,-0.6645655632019043,0.06980231404304504
53,0.2748708128929138,0.8725217580795288,0.054875195026397705,-0.154453843832016,0.7024494409561157,0.20318134129047394,-0.5067339539527893,0.5341461896896362,0.17516347765922546,-0.6920589208602905,0.20317992568016052,0.07770716398954391,-0.8045841455459595,0.1673973798751831,0.11262665688991547,-0.23721075057983398,0.06816138327121735,-0.003603925695642829,-0.34299740195274353,-0.28350967168807983,-0.08154381066560745,-0.40782004594802856,-0.47677573561668396,-0.0234234519302845,-0.44055643677711487,-0.7019774913787842,0.08096375316381454,-0.0010738644050434232,-0.0002644503256306052,-0.00029429810820147395,-0.019243769347667694,-0.36893463134765625,-0.0335925817489624,-0.10491062700748444,-0.6294610500335693,-0.013335193507373333,-0.18682371079921722,-0.9046428799629211,-0.026945866644382477,0.14875908195972443,0.01510704681277275,0.06379063427448273,0.20413050055503845,-0.2725578248500824,-0.0026386999525129795,0.18097805976867676,-0.5473250150680542,-0.017962295562028885,0.19420906901359558,-0.8672855496406555,0.014508435502648354,0.3607117533683777,0.06024108827114105,0.13559794425964355,0.44705891609191895,-0.24240179359912872,0.09446372091770172,0.49495720863342285,-0.4043772220611572,0.03900674730539322,0.46429115533828735,-0.663576602935791,0.07201435416936874
54,0.27166998386383057,0.8762068152427673,0.06687766313552856,-0.15342926979064941,0.7040597796440125,0.21174147725105286,-0.5118479132652283,0.5277332663536072,0.16591432690620422,-0.6908039450645447,0.20395240187644958,0.07818924635648727,-0.8110067844390869,0.16370010375976562,0.1002185046672821,-0.2377689778804779,0.06947432458400726,-0.0042441226541996,-0.34281599521636963,-0.2838076055049896,-0.08389808237552643,-0.4106781482696533,-0.47513332962989807,-0.021462563425302505,-0.4430016279220581,-0.702244222164154,0.08197343349456787,-0.001079202862456441,-0.00026834121672436595,-0.00029123909189365804,-0.01989787444472313,-0.3677452802658081,-0.037214167416095734,-0.10476893186569214,-0.6277203559875488,-0.01360541582107544,-0.18685129284858704,-0.9016560912132263,-0.02597498893737793,0.14975792169570923,0.01384761929512024,0.0640283077955246,0.20501106977462769,-0.272615909576416,-0.003455492202192545,0.18191438913345337,-0.5466374754905701,-0.013575529679656029,0.19217464327812195,-0.8696283102035522,0.021043702960014343,0.3590661287307739,0.05976258963346481,0.13700158894062042,0.44954439997673035,-0.24797755479812622,0.08477659523487091,0.49684661626815796,-0.40623828768730164,0.04078758880496025,0.46446889638900757,-0.6619939804077148,0.07811089605093002
55,0.27139174938201904,0.8781664371490479,0.06812842190265656,-0.15301041305065155,0.7045084238052368,0.21012696623802185,-0.5065037608146667,0.5332276225090027,0.17779400944709778,-0.6919717788696289,0.20410577952861786,0.0777665227651596,-0.8106663227081299,0.16289061307907104,0.0996280089020729,-0.23842868208885193,0.06925418972969055,-0.00330268032848835,-0.34337449073791504,-0.2843545079231262,-0.0833233892917633,-0.41229575872421265,-0.4744676351547241,-0.023531585931777954,-0.44336187839508057,-0.7037336230278015,0.0743708461523056,-0.0010767329949885607,-0.0002677006705198437,-0.00029156170785427094,-0.02119429036974907,-0.36756497621536255,-0.03793185204267502,-0.10501793771982193,-0.6281726360321045,-0.01350493635982275,-0.18817181885242462,-0.9014029502868652,-0.018460381776094437,0.14908434450626373,0.013805396854877472,0.06404243409633636,0.2049562931060791,-0.27262642979621887,-0.003035701345652342,0.18181699514389038,-0.5459216237068176,-0.010677197948098183,0.1913871169090271,-0.8691319227218628,0.025603801012039185,0.35809606313705444,0.0602005198597908,0.13572025299072266,0.44983506202697754,-0.2503518760204315,0.08190321922302246,0.49659663438796997,-0.40715309977531433,0.04513833299279213,0.4648185968399048,-0.661396324634552,0.08120466768741608
56,0.27006322145462036,0.8820892572402954,0.06746610254049301,-0.1496361941099167,0.705125093460083,0.21355627477169037,-0.5030479431152344,0.5362337231636047,0.18692408502101898,-0.6919849514961243,0.2097855657339096,0.07775983959436417,-0.8110970258712769,0.16635021567344666,0.1093728244304657,-0.2373078167438507,0.07069724798202515,-0.0003188289701938629,-0.34077930450439453,-0.28555750846862793,-0.0857057198882103,-0.4092889428138733,-0.4753541350364685,-0.0247770044952631,-0.44165873527526855,-0.7025521993637085,0.08314573764801025,-0.0010628410382196307,-0.0002606462803669274,-0.0002911665360443294,-0.0204647034406662,-0.3682270348072052,-0.040317147970199585,-0.1103055477142334,-0.626166582107544,-0.012599300593137741,-0.1911752074956894,-0.8980836868286133,-0.024720817804336548,0.14888764917850494,0.014303063973784447,0.06488397717475891,0.20585894584655762,-0.27225247025489807,-0.004696132615208626,0.1855601668357849,-0.5456401109695435,-0.012171192094683647,0.18763494491577148,-0.872705340385437,0.026213936507701874,0.3581308424472809,0.05953072011470795,0.13023118674755096,0.4580049514770508,-0.2532142102718353,0.0764586552977562,0.5061617493629456,-0.40646231174468994,0.04089083522558212,0.47195690870285034,-0.6575055122375488,0.08622708171606064
57,0.26802778244018555,0.8821485042572021,0.07474125921726227,-0.14961344003677368,0.703249454498291,0.2253074049949646,-0.502659022808075,0.535241961479187,0.19385744631290436,-0.6891921758651733,0.21123439073562622,0.07927179336547852,-0.814680814743042,0.1672777235507965,0.11376035213470459,-0.2363121211528778,0.07280224561691284,-0.0006372948409989476,-0.33755069971084595,-0.2880423069000244,-0.09187981486320496,-0.4063471555709839,-0.4757182002067566,-0.03137148916721344,-0.43947499990463257,-0.7025911211967468,0.09017010033130646,-0.001058713998645544,-0.00025558588095009327,-0.0002903040440287441,-0.01944909244775772,-0.36928027868270874,-0.04373352229595184,-0.11383520066738129,-0.627843976020813,-0.015857689082622528,-0.19251471757888794,-0.8984620571136475,-0.029277123510837555,0.14905166625976562,0.012936333194375038,0.06541182100772858,0.20736658573150635,-0.2721397578716278,-0.005900418385863304,0.18783633410930634,-0.5463632941246033,-0.014270495623350143,0.18369105458259583,-0.876183032989502,0.021008986979722977,0.3582748770713806,0.056923218071460724,0.1269383281469345,0.46431440114974976,-0.25500351190567017,0.07123662531375885,0.5133141279220581,-0.4070465862751007,0.03335210308432579,0.47741228342056274,-0.6580740809440613,0.08346560597419739
58,0.26887214183807373,0.8817045092582703,0.07915347814559937,-0.15137726068496704,0.705685019493103,0.22328069806098938,-0.5070133209228516,0.5283538103103638,0.17407362163066864,-0.6925833821296692,0.21821565926074982,0.08702423423528671,-0.8239454030990601,0.1583825796842575,0.11188320815563202,-0.23589445650577545,0.07380576431751251,0.0007276771357282996,-0.337344765663147,-0.2848188877105713,-0.09013836085796356,-0.4073861539363861,-0.4719793498516083,-0.028105344623327255,-0.436570405960083,-0.7027418613433838,0.10152111947536469,-0.001094789244234562,-0.00027314957696944475,-0.0002872904296964407,-0.02002035081386566,-0.3691507577896118,-0.04301014170050621,-0.11545484513044357,-0.6263422966003418,-0.01055496372282505,-0.19384661316871643,-0.8989659547805786,-0.021390777081251144,0.14985062181949615,0.01521617453545332,0.06282952427864075,0.20962989330291748,-0.2699829638004303,-0.004202656447887421,0.18678610026836395,-0.5445840358734131,-0.004150480963289738,0.1716875433921814,-0.8692997694015503,0.021292049437761307,0.3584594130516052,0.05702850967645645,0.12368983030319214,0.46973103284835815,-0.2485775351524353,0.0644846260547638,0.5188514590263367,-0.4044145345687866,0.04346218332648277,0.47910743951797485,-0.6530518531799316,0.09934831410646439
59,0.2720125913619995,0.8906040191650391,0.07584657520055771,-0.1596825271844864,0.7120764255523682,0.21324869990348816,-0.5090019702911377,0.5274616479873657,0.16251179575920105,-0.691716194152832,0.20265117287635803,0.11570613086223602,-0.851477861404419,0.12261560559272766,0.13711710274219513,-0.23562240600585938,0.0749666765332222,0.0018386779120191932,-0.33537888526916504,-0.28105831146240234,-0.0889047160744667,-0.40679946541786194,-0.47178810834884644,-0.024662857875227928,-0.4354102611541748,-0.7036119103431702,0.10993049293756485,-0.0011186187621206045,-0.00029829813865944743,-0.00028446284704841673,-0.018714431673288345,-0.36879804730415344,-0.044173188507556915,-0.11594142764806747,-0.6265519261360168,-0.0007567643187940121,-0.1920921504497528,-0.9000403881072998,-0.012124638073146343,0.15266484022140503,0.015612943097949028,0.0611797571182251,0.21131247282028198,-0.26777374744415283,-0.0027498682029545307,0.18669864535331726,-0.541420042514801,0.00651487335562706,0.17722155153751373,-0.8665342330932617,0.03780767321586609,0.3642386794090271,0.05888013914227486,0.122799351811409,0.4726617634296417,-0.24533149600028992,0.07791377604007721,0.5176288485527039,-0.40386030077934265,0.04330119490623474,0.4768819212913513,-0.6516093611717224,0.1047089472413063
60,0.2741051912307739,0.8888863921165466,0.08862362802028656,-0.18343716859817505,0.7066413164138794,0.19058169424533844,-0.5231888890266418,0.5014340281486511,0.15212593972682953,-0.7163264751434326,0.18033771216869354,0.09367722272872925,-0.9031070470809937,0.0859876275062561,0.02156028151512146,-0.23221546411514282,0.06749896705150604,-0.015172201208770275,-0.33431148529052734,-0.281923770904541,-0.08153977245092392,-0.41100290417671204,-0.46710407733917236,-0.013036714866757393,-0.44449150562286377,-0.7059599161148071,0.10283474624156952,-0.0011014514602720737,-0.00028614202165044844,-0.00028373405802994967,-0.0036092507652938366,-0.3671325445175171,-0.027537306770682335,-0.10753776133060455,-0.6098132133483887,0.05635474994778633,-0.20030662417411804,-0.8754198551177979,0.06628265976905823,0.1536179780960083,0.025742702186107635,0.06993554532527924,0.2060556560754776,-0.28151726722717285,0.037261731922626495,0.17787224054336548,-0.5232322812080383,0.09472132474184036,0.15509440004825592,-0.8129730820655823,0.15254747867584229,0.3648335337638855,0.08013522624969482,0.14468824863433838,0.45984581112861633,-0.21332299709320068,0.1423337757587433,0.49269551038742065,-0.3647822141647339,0.1734989434480667,0.4429187774658203,-0.5749067068099976,0.27387315034866333
61,0.26724153757095337,0.889439582824707,0.08288849890232086,-0.18895071744918823,0.7034974098205566,0.15047410130500793,-0.5329760313034058,0.4949873089790344,0.1493443250656128,-0.7347341775894165,0.16959363222122192,0.06789424270391464,-0.9370388984680176,0.052560895681381226,-0.08143483102321625,-0.22719958424568176,0.06202125549316406,-0.03166846185922623,-0.325286328792572,-0.2779936194419861,-0.0907566249370575,-0.400210440158844,-0.4763296842575073,0.008158649317920208,-0.43138962984085083,-0.7111857533454895,0.12170599400997162,-0.001052448875270784,-0.0002596393460407853,-0.00027586877695284784,0.0040880972519516945,-0.36498063802719116,-0.011810528114438057,-0.09957391023635864,-0.5940925478935242,0.10858629643917084,-0.20131301879882812,-0.8606023192405701,0.1300032138824463,0.15029823780059814,0.02890956774353981,0.07845130562782288,0.19443798065185547,-0.2892838716506958,0.06922749429941177,0.17052966356277466,-0.5094998478889465,0.17592906951904297,0.1303863227367401,-0.7724802494049072,0.23461586236953735,0.35496556758880615,0.09478478133678436,0.1746109575033188,0.4405539631843567,-0.1995280236005783,0.20334471762180328,0.46010804176330566,-0.34280240535736084,0.28681766986846924,0.42444509267807007,-0.5179869532585144,0.4141310453414917
62,0.27414751052856445,0.8876404166221619,0.0950387716293335,-0.20409511029720306,0.669089674949646,0.10553212463855743,-0.5273273587226868,0.4329771399497986,0.06756601482629776,-0.7548986077308655,0.0656358078122139,0.011350469663739204,-0.9352245330810547,-0.10383947938680649,-0.10379272699356079,-0.18939204514026642,0.04464849829673767,-0.0875907838344574,-0.27146661281585693,-0.3110384941101074,-0.07563062012195587,-0.35216015577316284,-0.5158517360687256,0.01633937656879425,-0.4038184881210327,-0.733639657497406,0.1282980889081955,-0.0007822124753147364,-0.00016489639529027045,-0.0002445407153572887,-0.008702515624463558,-0.36525797843933105,0.01977713219821453,-0.10999879240989685,-0.5759055614471436,0.15764839947223663,-0.2115202397108078,-0.8143296837806702,0.22117555141448975,0.1319429576396942,0.04067433625459671,0.10585351288318634,0.13335710763931274,-0.28652656078338623,0.13157130777835846,0.090354785323143,-0.49985235929489136,0.2673950493335724,0.027966123074293137,-0.7165642976760864,0.34652942419052124,0.2797909677028656,0.11816425621509552,0.23307360708713531,0.31822216510772705,-0.19422024488449097,0.32185885310173035,0.3191791772842407,-0.3133644163608551,0.428325355052948,0.28363487124443054,-0.42754602432250977,0.5711718797683716
63,0.2633202075958252,0.885498046875,0.10298188030719757,-0.21244320273399353,0.6437662839889526,0.057230621576309204,-0.5046583414077759,0.384935200214386,-0.019768889993429184,-0.7152451276779175,0.002924323081970215,-0.07947281002998352,-0.8920481204986572,-0.23662011325359344,-0.1318071186542511,-0.16875803470611572,0.018844468519091606,-0.13188543915748596,-0.2495434433221817,-0.333089679479599,-0.06523626297712326,-0.32774510979652405,-0.5369141101837158,0.013853229582309723,-0.41550734639167786,-0.7404077053070068,0.13714157044887543,-0.0006344266002997756,-0.00011701442417688668,-0.0002216776629211381,-0.017565051093697548,-0.3687305450439453,0.046711646020412445,-0.12396660447120667,-0.5625953078269958,0.20531365275382996,-0.2307804822921753,-0.7778597474098206,0.2944246828556061,0.11447067558765411,0.05625920742750168,0.12009481340646744,0.10340762138366699,-0.26829370856285095,0.18040916323661804,0.0500827431678772,-0.48189643025398254,0.3217240869998932,-0.009498938918113708,-0.6794443130493164,0.4314166307449341,0.22489036619663239,0.13187792897224426,0.2570866346359253,0.23862838745117188,-0.15429364144802094,0.40328383445739746,0.22739116847515106,-0.25667905807495117,0.5220732688903809,0.19551527500152588,-0.39660176634788513,0.6277057528495789
64,0.23728732764720917,0.8901193141937256,0.049351949244737625,-0.10337668657302856,0.6269699335098267,-0.07971225678920746,-0.31479763984680176,0.3130156993865967,-0.14873111248016357,-0.4640346169471741,-0.17479468882083893,-0.2174295336008072,-0.6591912508010864,-0.445853590965271,-0.21923290193080902,-0.06960952281951904,-0.004311282187700272,-0.14202044904232025,-0.1470322608947754,-0.3464931845664978,-0.1065334901213646,-0.2197418361902237,-0.547477126121521,-0.0999763086438179,-0.3418692946434021,-0.7419480085372925,-0.03420919179916382,-0.00042467794264666736,-2.6077959773829207e-05,-0.00021323762484826148,-0.037120550870895386,-0.36121731996536255,0.01871814951300621,-0.13762418925762177,-0.5608195066452026,0.07782141864299774,-0.3277474045753479,-0.7708116769790649,0.14720438420772552,0.04544270038604736,0.04463993012905121,0.12018588185310364,0.023889973759651184,-0.2728274464607239,0.14983965456485748,-0.07349972426891327,-0.4865024983882904,0.22508633136749268,-0.17296376824378967,-0.7000574469566345,0.2747702896595001,0.06359442323446274,0.12389831244945526,0.24464412033557892,-0.003428712487220764,-0.18410345911979675,0.3479290008544922,-0.04745358228683472,-0.31811055541038513,0.4041084349155426,-0.08878108114004135,-0.4984859526157379,0.4126240611076355
65,0.28928759694099426,0.853108286857605,0.06712227314710617,0.009996198117733002,0.5295902490615845,-0.09391399472951889,-0.13938304781913757,0.0795750692486763,-0.18743880093097687,-0.267060250043869,-0.39998525381088257,-0.2333289235830307,-0.3590421676635742,-0.6301230788230896,-0.31261974573135376,-0.01003972813487053,-0.047722943127155304,-0.1400676965713501,-0.0863049253821373,-0.3727838397026062,-0.1133308857679367,-0.16631175577640533,-0.5680910348892212,-0.15978768467903137,-0.25351354479789734,-0.7730638980865479,-0.1482425183057785,-0.0003478895523585379,-4.7171190090011805e-05,-0.00020210887305438519,-0.036460839211940765,-0.35819894075393677,0.01418168842792511,-0.13442906737327576,-0.5646584033966064,-0.022979475557804108,-0.2726021707057953,-0.8074443340301514,0.0021191462874412537,0.02349274978041649,0.023094110190868378,0.11474518477916718,-0.03657788038253784,-0.2793745994567871,0.1275884509086609,-0.13359400629997253,-0.4818907380104065,0.14517101645469666,-0.1870647817850113,-0.7428731918334961,0.11749781668186188,0.05881562456488609,0.07626654207706451,0.24273377656936646,-0.0742151215672493,-0.24741490185260773,0.2964862287044525,-0.09820584952831268,-0.37133562564849854,0.353119432926178,-0.1669194996356964,-0.5229337811470032,0.3382183909416199
66,0.3203328549861908,0.8609538078308105,0.06809943914413452,0.13159121572971344,0.4576822519302368,-0.230681374669075,0.00723566859960556,-0.04654872417449951,-0.3220228850841522,-0.024833284318447113,-0.4860982894897461,-0.31721431016921997,-0.024463921785354614,-0.771917462348938,-0.3121963143348694,0.05985109135508537,-0.08572953939437866,-0.14792850613594055,0.03923024982213974,-0.3956906795501709,-0.08524418622255325,0.0017178654670715332,-0.6102550029754639,-0.12097269296646118,-0.023633629083633423,-0.8435971140861511,-0.1330631524324417,-0.0002218603331129998,0.0001101468806155026,-0.00023208186030387878,-0.03088562749326229,-0.3394308090209961,0.054611317813396454,-0.1791205108165741,-0.5404105186462402,0.07701746374368668,-0.30724361538887024,-0.7805247902870178,0.0728355348110199,-0.04810633882880211,0.07316456735134125,0.10630130767822266,-0.12203182280063629,-0.19954149425029755,0.13514411449432373,-0.239638552069664,-0.41278621554374695,0.19311361014842987,-0.3415445387363434,-0.6782281994819641,0.17670197784900665,-0.08263619244098663,0.19790878891944885,0.17923671007156372,-0.24759404361248016,-0.04217483848333359,0.22593098878860474,-0.31122711300849915,-0.20601916313171387,0.3344665765762329,-0.41154050827026367,-0.40125930309295654,0.3624069094657898
67,0.3714739680290222,0.8184040784835815,-0.012556012719869614,0.2300754189491272,0.4140373468399048,-0.31694597005844116,0.18155641853809357,-0.1357928216457367,-0.36949387192726135,0.23046119511127472,-0.5443651676177979,-0.38365888595581055,0.3103207051753998,-0.827221691608429,-0.21948502957820892,0.11375045776367188,-0.11245201528072357,-0.13613995909690857,0.05437704548239708,-0.42876628041267395,-0.058016564697027206,-0.0027431899216026068,-0.6288350224494934,-0.11026693880558014,-0.06384310871362686,-0.8446651697158813,-0.13468146324157715,-0.0001440323394490406,0.00016978592611849308,-0.000245935982093215,-0.08298914134502411,-0.3215728998184204,0.057857297360897064,-0.24760140478610992,-0.5348962545394897,0.061100006103515625,-0.3846971392631531,-0.7448841333389282,0.006815094500780106,-0.07572124898433685,0.1104697585105896,0.06778303533792496,-0.18706047534942627,-0.13960377871990204,0.11108702421188354,-0.3264507055282593,-0.358377069234848,0.12805022299289703,-0.454174280166626,-0.5895434021949768,0.09061042219400406,-0.1686512529850006,0.26438474655151367,0.11787842959165573,-0.35027459263801575,0.05166294425725937,0.13703615963459015,-0.4393393397331238,-0.12514439225196838,0.22699257731437683,-0.554583728313446,-0.30162322521209717,0.25864100456237793
68,0.4034801125526428,0.7944619655609131,-0.07327942550182343,0.30810511112213135,0.37420010566711426,-0.3663606643676758,0.3329654932022095,-0.1587158590555191,-0.37482792139053345,0.40428030490875244,-0.5597485303878784,-0.3939710259437561,0.5237075090408325,-0.8439909219741821,-0.027138441801071167,0.1403946876525879,-0.12754544615745544,-0.13083681464195251,0.07004834711551666,-0.44916635751724243,-0.034563660621643066,1.8180813640356064e-05,-0.670705258846283,-0.03997189924120903,-0.08438877761363983,-0.862629771232605,-0.10914711654186249,-3.326067599118687e-05,0.00019912864081561565,-0.00021702426602132618,-0.11856476962566376,-0.3164375424385071,0.06149550527334213,-0.29061663150787354,-0.5277813673019409,0.05030301213264465,-0.45077618956565857,-0.7398988008499146,-0.020474759861826897,-0.08938737213611603,0.13256075978279114,0.04530499130487442,-0.23577898740768433,-0.10473282635211945,0.10204234719276428,-0.39893847703933716,-0.3279001712799072,0.09014678001403809,-0.5574252605438232,-0.548363447189331,0.05109851062297821,-0.2151610255241394,0.29061460494995117,0.06887951493263245,-0.4170066714286804,0.10066598653793335,0.1110261082649231,-0.5362994074821472,-0.07334817200899124,0.18190903961658478,-0.6590871214866638,-0.23569348454475403,0.19371339678764343
69,0.3943953514099121,0.7855595946311951,-0.13701003789901733,0.36565130949020386,0.3874107897281647,-0.3573027551174164,0.47209107875823975,-0.12883150577545166,-0.29972365498542786,0.5649158358573914,-0.506803035736084,-0.292758971452713,0.710281252861023,-0.7816061973571777,0.022313352674245834,0.14951884746551514,-0.12521883845329285,-0.12327475845813751,0.0809251070022583,-0.44388139247894287,-0.03128310292959213,-0.002022418426349759,-0.6724541187286377,-0.011797083541750908,-0.09246735274791718,-0.8504972457885742,-0.09788163751363754,1.058986526913941e-06,0.00015303707914426923,-0.00019397425057832152,-0.14063137769699097,-0.31747233867645264,0.03181277588009834,-0.3167799115180969,-0.5223409533500671,0.01315552182495594,-0.4709385633468628,-0.7414243221282959,-0.07984383404254913,-0.0952187329530716,0.13560804724693298,0.031567465513944626,-0.25513291358947754,-0.11470220983028412,0.05892642214894295,-0.425334632396698,-0.33224034309387207,0.02477525919675827,-0.5920727252960205,-0.5426489114761353,-0.030422888696193695,-0.24697968363761902,0.29720109701156616,0.03932643309235573,-0.4709106683731079,0.06883780658245087,0.07172343879938126,-0.575124979019165,-0.07097063958644867,0.08861903846263885,-0.6881150007247925,-0.23932424187660217,0.10175658017396927
70,0.3872944712638855,0.7660125494003296,-0.21521177887916565,0.40515220165252686,0.3952452540397644,-0.3503623604774475,0.5352569222450256,-0.1283118575811386,-0.3054170608520508,0.6413404941558838,-0.4805028438568115,-0.25844481587409973,0.856256365776062,-0.7481969594955444,0.10005182772874832,0.15575873851776123,-0.12665076553821564,-0.11545944213867188,0.08947345614433289,-0.4420684576034546,-0.026643138378858566,-0.005500057712197304,-0.6724961996078491,0.018071554601192474,-0.10401546955108643,-0.8431938290596008,-0.07698483765125275,-1.46255672461848e-07,0.00011858488142024726,-0.00018809437460731715,-0.152724951505661,-0.3173587918281555,0.015334121882915497,-0.3267185389995575,-0.5252618789672852,-0.013797130435705185,-0.48413586616516113,-0.7430529594421387,-0.10627752542495728,-0.09817439317703247,0.13452567160129547,0.021389180794358253,-0.2666986584663391,-0.11992871761322021,0.03375594690442085,-0.4453811049461365,-0.33437609672546387,-0.009510866366326809,-0.6159110069274902,-0.5404441356658936,-0.061287689954042435,-0.26852381229400635,0.2951018810272217,0.018810950219631195,-0.5004886388778687,0.044227294623851776,0.0393158495426178,-0.6028900146484375,-0.08359412848949432,0.039698950946331024,-0.7045456767082214,-0.25672662258148193,0.04368520528078079
71,0.3822781443595886,0.7567055225372314,-0.252066433429718,0.4195224642753601,0.39786022901535034,-0.35120081901550293,0.5633246898651123,-0.1333135962486267,-0.3143377900123596,0.6795510053634644,-0.4693281650543213,-0.24656134843826294,0.9322140216827393,-0.7367401719093323,0.13857501745224,0.15837359428405762,-0.12858745455741882,-0.11052972078323364,0.09283877909183502,-0.44116348028182983,-0.018311800435185432,-0.011222797445952892,-0.6720736026763916,0.04461216926574707,-0.11696231365203857,-0.83738112449646,-0.052386198192834854,1.671939025982283e-05,0.0001050260616466403,-0.00018102582544088364,-0.1604980230331421,-0.3164632320404053,0.015694331377744675,-0.3341468572616577,-0.5251421332359314,-0.015073733404278755,-0.49674394726753235,-0.7399374842643738,-0.11098925769329071,-0.1008237972855568,0.13337735831737518,0.015614595264196396,-0.2744447588920593,-0.12079592049121857,0.02198939584195614,-0.4555165469646454,-0.33473438024520874,-0.025573385879397392,-0.6292364597320557,-0.5374364852905273,-0.0782848671078682,-0.28187334537506104,0.2912409007549286,0.007143426686525345,-0.5169419050216675,0.037719450891017914,0.018650978803634644,-0.6175004243850708,-0.08591379225254059,0.009397841058671474,-0.7151412963867188,-0.26353752613067627,0.008768528699874878
72,0.39187586307525635,0.7668731212615967,-0.22571790218353271,0.42414259910583496,0.3983198404312134,-0.3545801043510437,0.5772647857666016,-0.1353897899389267,-0.3225453495979309,0.6861854791641235,-0.4637831151485443,-0.24287694692611694,0.9306420087814331,-0.7231780290603638,0.0783887654542923,0.1562102735042572,-0.12764886021614075,-0.10750135779380798,0.08810628950595856,-0.4407464861869812,-0.00820978544652462,-0.014669617637991905,-0.6732848882675171,0.054398246109485626,-0.12658968567848206,-0.8324195146560669,-0.03315095603466034,2.112498987116851e-05,8.270749822258949e-05,-0.00017782810027711093,-0.16509902477264404,-0.31622669100761414,0.013450605794787407,-0.3405793607234955,-0.5215691328048706,-0.01761193946003914,-0.5017229914665222,-0.7342854142189026,-0.11354468762874603,-0.10236361622810364,0.13364817202091217,0.013345643877983093,-0.2803539037704468,-0.11899545788764954,0.0186658576130867,-0.4596887230873108,-0.3324761390686035,-0.03614841029047966,-0.6362677216529846,-0.5360491275787354,-0.0747167319059372,-0.2870467007160187,0.28888392448425293,0.0011436801869422197,-0.527198076248169,0.03977976739406586,0.011965078301727772,-0.6349806785583496,-0.0782305896282196,-0.003349002916365862,-0.7241023182868958,-0.2469346523284912,-0.039155926555395126
73,0.39010244607925415,0.7584717273712158,-0.24500975012779236,0.4281896948814392,0.4030073285102844,-0.3491063714027405,0.5848767757415771,-0.13236239552497864,-0.32538604736328125,0.6949301958084106,-0.44859009981155396,-0.2242649495601654,0.9519931077957153,-0.7519228458404541,0.08906740695238113,0.1585928052663803,-0.12789931893348694,-0.10776888579130173,0.08924747258424759,-0.4386714696884155,-0.002912068972364068,-0.013645263388752937,-0.6732481122016907,0.06288842111825943,-0.12834472954273224,-0.8314214944839478,-0.03649909049272537,5.969758058199659e-05,9.277254139306024e-05,-0.00016867034719325602,-0.17084863781929016,-0.3169003129005432,0.012763332575559616,-0.34410470724105835,-0.5210009217262268,-0.013448324054479599,-0.5066867470741272,-0.7297292947769165,-0.11060701310634613,-0.1059432253241539,0.13164874911308289,0.007515289820730686,-0.28447896242141724,-0.10838759690523148,0.0049904282204806805,-0.4643018841743469,-0.3252078890800476,-0.04169300198554993,-0.6373615264892578,-0.5303095579147339,-0.06817185878753662,-0.2896915674209595,0.2879194915294647,-0.004407905042171478,-0.5302590727806091,0.03579454869031906,0.01671815663576126,-0.6450445652008057,-0.07856788486242294,-0.00017329968977719545,-0.731269359588623,-0.2365160882472992,-0.06304758787155151
74,0.39273327589035034,0.754332959651947,-0.24813508987426758,0.4345781207084656,0.4071345329284668,-0.3427242636680603,0.589739978313446,-0.1276060789823532,-0.32511353492736816,0.6988204717636108,-0.4389024078845978,-0.21609541773796082,0.9614179134368896,-0.7657524943351746,0.09864737093448639,0.16290389001369476,-0.12737485766410828,-0.10855942964553833,0.09078410267829895,-0.4390972852706909,0.004326107911765575,-0.010908997617661953,-0.6751279830932617,0.06552985310554504,-0.12834365665912628,-0.82796311378479,-0.05101604759693146,7.042290235403925e-05,9.716046042740345e-05,-0.00017068475426640362,-0.17566363513469696,-0.3181155323982239,0.010163591243326664,-0.3483578562736511,-0.5127004981040955,-0.03830499202013016,-0.49699026346206665,-0.7229238748550415,-0.13413089513778687,-0.10799818485975266,0.1294596791267395,0.005209737457334995,-0.2896665930747986,-0.10379106551408768,-0.007009358610957861,-0.46634477376937866,-0.3209252655506134,-0.05186611786484718,-0.6397465467453003,-0.5263429880142212,-0.06664863228797913,-0.29186731576919556,0.2882070243358612,-0.00556340953335166,-0.534658670425415,0.033797457814216614,0.0166165754199028,-0.6510046124458313,-0.08160156011581421,-0.001485322369262576,-0.7339442372322083,-0.22719493508338928,-0.08185270428657532
75,0.3821813762187958,0.7554306983947754,-0.2469589114189148,0.4399574398994446,0.40866756439208984,-0.33312442898750305,0.590423583984375,-0.12503209710121155,-0.3210926055908203,0.7030125856399536,-0.4545312523841858,-0.18997707962989807,0.9682318568229675,-0.7703193426132202,0.13919590413570404,0.1632516086101532,-0.1283811628818512,-0.10992977023124695,0.08825775980949402,-0.4443255364894867,-0.004914536606520414,-0.027003584429621696,-0.6601583361625671,0.013686908408999443,-0.11921817064285278,-0.8296679258346558,-0.0932532548904419,6.833321822341532e-05,9.214452438754961e-05,-0.00017583146109245718,-0.1804262399673462,-0.31238025426864624,-0.009272155351936817,-0.34593141078948975,-0.5054990649223328,-0.06499574333429337,-0.4946654140949249,-0.7181347012519836,-0.15513606369495392,-0.10863963514566422,0.12886255979537964,0.00880497694015503,-0.28984469175338745,-0.10239959508180618,-0.013572794385254383,-0.4678872227668762,-0.31957507133483887,-0.06441788375377655,-0.6402789354324341,-0.5274410247802734,-0.06412428617477417,-0.2933104634284973,0.2885266840457916,0.004824620671570301,-0.5376354455947876,0.03691427409648895,0.028655393049120903,-0.6542235612869263,-0.07995818555355072,0.006667550653219223,-0.7326134443283081,-0.21747863292694092,-0.0969763696193695
76,0.37613049149513245,0.7483073472976685,-0.2662193775177002,0.43578940629959106,0.39808332920074463,-0.35191118717193604,0.5799301862716675,-0.12362858653068542,-0.3391251266002655,0.6975418329238892,-0.47485530376434326,-0.1897241175174713,0.9625170230865479,-0.7660813927650452,0.1419951617717743,0.16135524213314056,-0.1293266862630844,-0.11408114433288574,0.0898226872086525,-0.44713902473449707,-0.011537844315171242,-0.0391966812312603,-0.6534488797187805,-0.007733126636594534,-0.1256295144557953,-0.83054518699646,-0.10336573421955109,9.292727190768346e-05,9.265277185477316e-05,-0.00017506473523098975,-0.18529309332370758,-0.30936509370803833,-0.018776629120111465,-0.34521007537841797,-0.5026159286499023,-0.06749277561903,-0.489247590303421,-0.7176029682159424,-0.16495050489902496,-0.10830813646316528,0.12709519267082214,0.012919879518449306,-0.2934552729129791,-0.1029069721698761,-0.011822838336229324,-0.46909427642822266,-0.31595680117607117,-0.07575040310621262,-0.643488883972168,-0.5177475810050964,-0.11169779300689697,-0.29120880365371704,0.2736068069934845,0.005779466591775417,-0.5374923348426819,0.04024231806397438,0.03953985124826431,-0.6587703227996826,-0.0783776044845581,0.01152829546481371,-0.7359777092933655,-0.21519999206066132,-0.11202681809663773
77,0.369250625371933,0.7455032467842102,-0.27576708793640137,0.43032631278038025,0.3915208578109741,-0.36782196164131165,0.5880091190338135,-0.149143785238266,-0.3445743918418884,0.6983758211135864,-0.4929770231246948,-0.20252114534378052,0.9550812244415283,-0.7603731155395508,0.12837648391723633,0.16006425023078918,-0.13021206855773926,-0.11690811812877655,0.0911291316151619,-0.44664162397384644,-0.011213560588657856,-0.046050772070884705,-0.6503386497497559,-0.01249828189611435,-0.13633188605308533,-0.8324093818664551,-0.0985126793384552,0.00011273095151409507,9.187076648231596e-05,-0.00017452117754146457,-0.18723034858703613,-0.3073046803474426,-0.02218444086611271,-0.3438364267349243,-0.5021950602531433,-0.06818069517612457,-0.4867721199989319,-0.7173084020614624,-0.1658715009689331,-0.1076894998550415,0.12628953158855438,0.015425075776875019,-0.2953057289123535,-0.1025521382689476,-0.010626273229718208,-0.4714169502258301,-0.3126735985279083,-0.08527884632349014,-0.6474078893661499,-0.511562168598175,-0.13662728667259216,-0.2896156907081604,0.2658006250858307,0.006291674915701151,-0.5377864837646484,0.04227553308010101,0.04537765681743622,-0.6642941236495972,-0.07809574156999588,0.01286837738007307,-0.7524129152297974,-0.2168225646018982,-0.08511410653591156
78,0.38469213247299194,0.7565720081329346,-0.21905499696731567,0.4390344023704529,0.38980770111083984,-0.3683185279369354,0.6043204069137573,-0.13583731651306152,-0.31575167179107666,0.7026827335357666,-0.49866271018981934,-0.2227788269519806,0.9466698169708252,-0.7557599544525146,0.11773797869682312,0.16254153847694397,-0.13460499048233032,-0.11812552809715271,0.08826293796300888,-0.44962069392204285,-0.021124565973877907,-0.04515083506703377,-0.6490127444267273,-0.003705856390297413,-0.14007031917572021,-0.8302066326141357,-0.11295843869447708,7.398011803161353e-05,0.00010250761988572776,-0.00018380946130491793,-0.18730491399765015,-0.3071427345275879,-0.03278656303882599,-0.3420713543891907,-0.49961057305336,-0.07650183886289597,-0.48313069343566895,-0.7128698825836182,-0.17829185724258423,-0.10487428307533264,0.12470164895057678,0.015161057002842426,-0.29585587978363037,-0.09814070910215378,-0.02565600723028183,-0.46381089091300964,-0.30605900287628174,-0.11554976552724838,-0.6543958187103271,-0.5018514394760132,-0.16988201439380646,-0.2835381329059601,0.26719552278518677,0.0101480633020401,-0.5345953702926636,0.058557018637657166,0.03589808940887451,-0.67026287317276,-0.07721181213855743,0.003989741206169128,-0.7480800151824951,-0.218414306640625,-0.12576422095298767
79,0.3872568607330322,0.7618527412414551,-0.20172950625419617,0.4456593990325928,0.39206448197364807,-0.3608187437057495,0.6193639039993286,-0.13549502193927765,-0.2827223539352417,0.7045187950134277,-0.5048105716705322,-0.23525011539459229,0.9247798919677734,-0.7377331852912903,0.07489529252052307,0.16212324798107147,-0.13610805571079254,-0.11884452402591705,0.09163136780261993,-0.45242446660995483,-0.025963807478547096,-0.042520396411418915,-0.6483120322227478,-0.003988033160567284,-0.14333894848823547,-0.8261092901229858,-0.12999144196510315,6.667737034149468e-05,0.00010183124686591327,-0.00019077904289588332,-0.18418128788471222,-0.3075717091560364,-0.03975978493690491,-0.33864712715148926,-0.49751150608062744,-0.08790707588195801,-0.47589927911758423,-0.711310863494873,-0.19185197353363037,-0.10089533030986786,0.12910360097885132,0.013875601813197136,-0.2975437343120575,-0.09892863035202026,-0.032679736614227295,-0.4578969180583954,-0.3049275279045105,-0.12892404198646545,-0.6580246686935425,-0.49745041131973267,-0.17902767658233643,-0.2876390218734741,0.27174365520477295,0.010924280621111393,-0.534032940864563,0.06567392498254776,0.0270686112344265,-0.6755977869033813,-0.08305555582046509,-0.017529670149087906,-0.7434956431388855,-0.2274675965309143,-0.14380773901939392
80,0.4295055866241455,0.7517908215522766,-0.19008395075798035,0.4630645513534546,0.38375672698020935,-0.3398841619491577,0.6266747117042542,-0.14395540952682495,-0.2721453905105591,0.7370625734329224,-0.5388995409011841,-0.20455476641654968,0.9502012133598328,-0.7652841806411743,0.14950071275234222,0.16556134819984436,-0.14020942151546478,-0.11559734493494034,0.10635913908481598,-0.464003324508667,-0.02718869224190712,-0.03353333845734596,-0.6503808498382568,-0.003717489540576935,-0.14028777182102203,-0.8381831645965576,-0.08895702660083771,3.184036904713139e-05,9.942584438249469e-05,-0.00019871685071848333,-0.18253850936889648,-0.3120999336242676,-0.023699117824435234,-0.34384408593177795,-0.4949072599411011,-0.06662676483392715,-0.488993763923645,-0.7250473499298096,-0.20175592601299286,-0.10157947242259979,0.12452931702136993,0.012278713285923004,-0.289779931306839,-0.10902547836303711,-0.019422421231865883,-0.46332383155822754,-0.30902382731437683,-0.10479036718606949,-0.6657750606536865,-0.5159524083137512,-0.1569618582725525,-0.2880892753601074,0.2553567886352539,0.0011083707213401794,-0.5307173728942871,0.047754060477018356,0.023950528353452682,-0.6708633899688721,-0.10274782031774521,-0.011934243142604828,-0.7687966823577881,-0.24382145702838898,-0.11214790493249893
81,0.45563459396362305,0.7461321353912354,-0.190628319978714,0.4643060564994812,0.39449891448020935,-0.3248148560523987,0.6125988960266113,-0.12965711951255798,-0.3245573043823242,0.7463006377220154,-0.5533155202865601,-0.20506902039051056,0.9886261820793152,-0.7935366630554199,0.19677937030792236,0.16167646646499634,-0.1461847424507141,-0.11605517566204071,0.11711016297340393,-0.46775931119918823,-0.03212907910346985,-0.016454897820949554,-0.6523580551147461,0.005341013893485069,-0.13410615921020508,-0.8314093351364136,-0.11402585357427597,4.833083221456036e-05,0.00012021909060422331,-0.0001956778869498521,-0.18217459321022034,-0.323657751083374,-0.011967040598392487,-0.3429047465324402,-0.49432528018951416,-0.05576503649353981,-0.5047101974487305,-0.7273651361465454,-0.19967174530029297,-0.09624502062797546,0.12987546622753143,0.018360493704676628,-0.28444963693618774,-0.12232591211795807,-0.005768829025328159,-0.4598301649093628,-0.3198131322860718,-0.08566964417695999,-0.6669331789016724,-0.5255811214447021,-0.14361411333084106,-0.2873300015926361,0.25363385677337646,0.0048368750140070915,-0.531169056892395,0.025792421773076057,0.024263281375169754,-0.6563650369644165,-0.10880051553249359,-0.013846875168383121,-0.7616739869117737,-0.24279442429542542,-0.07782171666622162
82,0.4887218773365021,0.7447172403335571,-0.15096861124038696,0.47769826650619507,0.40620142221450806,-0.3039880394935608,0.5737862586975098,-0.061989184468984604,-0.3926926255226135,0.7682298421859741,-0.6323353052139282,-0.08884057402610779,0.9450632333755493,-0.909327507019043,0.19473734498023987,0.16373145580291748,-0.13613441586494446,-0.1271899789571762,0.11945882439613342,-0.4612298309803009,-0.05352849140763283,6.601307541131973e-05,-0.6648735404014587,-0.024383163079619408,-0.10716068744659424,-0.8428006768226624,-0.14280174672603607,-4.823065683012828e-05,5.428363147075288e-05,-0.0002292641147505492,-0.16879335045814514,-0.3331453800201416,-0.03336583822965622,-0.3217943012714386,-0.4970166087150574,-0.10695679485797882,-0.48536407947540283,-0.7327096462249756,-0.24471063911914825,-0.1062222272157669,0.11600543558597565,0.017024775967001915,-0.2796429395675659,-0.1503898799419403,-0.004582060966640711,-0.44596099853515625,-0.32739582657814026,-0.13085374236106873,-0.6363964080810547,-0.5168144702911377,-0.16324767470359802,-0.29807448387145996,0.21159756183624268,0.0072522214613854885,-0.5187410116195679,-0.004318952560424805,0.01794477179646492,-0.6506003141403198,-0.1271391659975052,-0.04034361243247986,-0.744418740272522,-0.2657904028892517,-0.14311543107032776
83,0.5138549208641052,0.728600025177002,-0.17547136545181274,0.4705650210380554,0.40491828322410583,-0.2817973494529724,0.549024760723114,-0.08238956332206726,-0.4430282711982727,0.5325515866279602,-0.36409324407577515,-0.35901597142219543,0.9369379281997681,-0.9903812408447266,0.13586030900478363,0.15494725108146667,-0.13446885347366333,-0.12900231778621674,0.11704517900943756,-0.45569437742233276,-0.07283731549978256,0.0007403771160170436,-0.6787232756614685,-0.0747896358370781,-0.08851878345012665,-0.8595512509346008,-0.15514107048511505,-0.00013086888066027313,-1.6488720575580373e-05,-0.0002681729383766651,-0.15866827964782715,-0.3286385238170624,-0.04352649301290512,-0.31282299757003784,-0.5114398002624512,-0.12073659896850586,-0.46361657977104187,-0.739568829536438,-0.2585279941558838,-0.12458471953868866,0.11788855493068695,0.0032783825881779194,-0.28678596019744873,-0.14866021275520325,-0.004072917625308037,-0.4552813768386841,-0.3223452568054199,-0.14237278699874878,-0.6248230934143066,-0.5331296920776367,-0.16956265270709991,-0.2984682619571686,0.21798692643642426,-0.042266346514225006,-0.5319662690162659,-0.029076512902975082,-0.005820620805025101,-0.6480876803398132,-0.13900332152843475,-0.09387209266424179,-0.7442493438720703,-0.2785607576370239,-0.19299587607383728
84,0.5258107781410217,0.7132412195205688,-0.1914784014225006,0.4824790060520172,0.39787954092025757,-0.25687113404273987,0.538398027420044,-0.05043114721775055,-0.4788734018802643,0.41215574741363525,-0.22361978888511658,-0.4938047528266907,0.9151481986045837,-1.033355474472046,0.10050486773252487,0.1494811326265335,-0.13236671686172485,-0.1286131739616394,0.11231179535388947,-0.4594690799713135,-0.07544103264808655,0.018387410789728165,-0.680450439453125,-0.08025504648685455,-0.07086794078350067,-0.8707689642906189,-0.15794497728347778,-0.0001930124853970483,-1.9225211872253567e-05,-0.0002905295114032924,-0.15813535451889038,-0.32189175486564636,-0.056120797991752625,-0.3049435615539551,-0.5146104693412781,-0.1367678940296173,-0.44977909326553345,-0.735019326210022,-0.2822994887828827,-0.1305927038192749,0.12002484500408173,0.0019256469095125794,-0.2915143668651581,-0.14131547510623932,-0.003005343023687601,-0.45855337381362915,-0.31549644470214844,-0.15556269884109497,-0.6088026165962219,-0.5431338548660278,-0.17493273317813873,-0.28924447298049927,0.22552859783172607,-0.07137271016836166,-0.5153700709342957,-0.032630544155836105,-0.013793792575597763,-0.6447879076004028,-0.1410216987133026,-0.1180107519030571,-0.7489513158798218,-0.27805280685424805,-0.21083399653434753
85,0.5087536573410034,0.7115267515182495,-0.22978371381759644,0.48279327154159546,0.36493754386901855,-0.28415265679359436,0.5392244458198547,-0.1381191611289978,-0.4165744185447693,0.5498715043067932,-0.44074347615242004,-0.3532782196998596,0.8879280090332031,-1.0679574012756348,0.07241459935903549,0.149051234126091,-0.1376461684703827,-0.13459667563438416,0.10309949517250061,-0.458875834941864,-0.05014693737030029,0.011393574066460133,-0.6825321912765503,-0.04185081273317337,-0.08313322812318802,-0.8577361702919006,-0.11639870703220367,-0.00016325150500051677,-1.4842802556813695e-05,-0.00028516241582110524,-0.16141609847545624,-0.3129720687866211,-0.04394184425473213,-0.3138240575790405,-0.5059651732444763,-0.10344438999891281,-0.4662083387374878,-0.7345588207244873,-0.25031518936157227,-0.12907880544662476,0.1261831820011139,-0.0032764538191258907,-0.2961467504501343,-0.13113828003406525,0.03108953684568405,-0.4686914086341858,-0.3119346499443054,-0.117207832634449,-0.6360386610031128,-0.5253016352653503,-0.14757153391838074,-0.279666006565094,0.2290874719619751,-0.07427004724740982,-0.5125336647033691,-0.03037833981215954,0.008311618119478226,-0.6531227827072144,-0.13495899736881256,-0.062190692871809006,-0.7598836421966553,-0.26444223523139954,-0.19166353344917297
86,0.5020180940628052,0.7072620391845703,-0.2380690574645996,0.4873984456062317,0.35625016689300537,-0.2730443477630615,0.5397318601608276,-0.19114570319652557,-0.3735998272895813,0.6281005144119263,-0.5615593791007996,-0.2684890031814575,0.8732005953788757,-1.0698723793029785,0.05774512141942978,0.1456010639667511,-0.14471709728240967,-0.1360015869140625,0.09747206419706345,-0.46090126037597656,-0.04032890871167183,-0.0033960859291255474,-0.6857506632804871,-0.021506108343601227,-0.09767138957977295,-0.8544286489486694,-0.11637632548809052,-0.00014355314488057047,-3.381985879968852e-05,-0.0002883356937672943,-0.16991661489009857,-0.3178139328956604,-0.01465893816202879,-0.32457804679870605,-0.4988339841365814,-0.0856759250164032,-0.5005903244018555,-0.7269421815872192,-0.2422049641609192,-0.127724289894104,0.12772569060325623,-0.007867731153964996,-0.2978428900241852,-0.1337435394525528,0.03959970921278,-0.47466978430747986,-0.3127853274345398,-0.10174670815467834,-0.6475778818130493,-0.5115334391593933,-0.14280283451080322,-0.2779369354248047,0.20368191599845886,-0.07744885981082916,-0.5135552287101746,-0.04452843219041824,0.010581319220364094,-0.6523480415344238,-0.13880732655525208,-0.05124950781464577,-0.7610702514648438,-0.26949548721313477,-0.17059096693992615
87,0.5167874097824097,0.701238751411438,-0.2488856464624405,0.4738371968269348,0.31137704849243164,-0.3157076835632324,0.5627771615982056,-0.23195990920066833,-0.32754603028297424,0.6611260175704956,-0.6040301322937012,-0.2511787414550781,0.8668721914291382,-1.043466329574585,0.053045354783535004,0.15891054272651672,-0.14216294884681702,-0.11763723194599152,0.1049388200044632,-0.45518043637275696,-0.01565391570329666,0.006902729626744986,-0.6768090128898621,0.03340042382478714,-0.1042465791106224,-0.857271671295166,-0.056997254490852356,-0.0002553054946474731,-2.4212455173255876e-05,-0.00030329206492751837,-0.16717618703842163,-0.31589704751968384,0.01121091190725565,-0.3324980139732361,-0.5045291185379028,-0.02639791928231716,-0.5220891833305359,-0.7444133758544922,-0.14700739085674286,-0.12275815010070801,0.13099470734596252,-0.00976940244436264,-0.28405216336250305,-0.14286375045776367,0.05289800092577934,-0.4813137948513031,-0.3248206377029419,-0.03834414482116699,-0.6504958868026733,-0.534155547618866,-0.06477905809879303,-0.2646923065185547,0.20001329481601715,-0.06729462742805481,-0.49115675687789917,-0.043721552938222885,0.010207932442426682,-0.6322664022445679,-0.12899106740951538,-0.011110655963420868,-0.7529909610748291,-0.28185924887657166,-0.0873919203877449
88,0.5178648233413696,0.6928048133850098,-0.28185492753982544,0.463736355304718,0.2864106297492981,-0.3693389892578125,0.5582941770553589,-0.24537910521030426,-0.33401423692703247,0.671065092086792,-0.600751519203186,-0.2991155683994293,0.8819317817687988,-1.0057568550109863,0.033596109598875046,0.16477292776107788,-0.14471134543418884,-0.1103467047214508,0.10510654747486115,-0.45495766401290894,0.008965249173343182,0.005919818766415119,-0.6797047853469849,0.0723658949136734,-0.11570889502763748,-0.8538745045661926,-0.0212794691324234,-0.0003135784063488245,-4.9472535465611145e-05,-0.00031149532878771424,-0.16579002141952515,-0.31086599826812744,0.05744043365120888,-0.3390050232410431,-0.5015795230865479,0.03505035489797592,-0.5169131755828857,-0.7362695932388306,-0.012851066887378693,-0.11641989648342133,0.1403002142906189,-0.0091372299939394,-0.2839013934135437,-0.1386869251728058,0.07783633470535278,-0.4805782437324524,-0.33386385440826416,0.005028530955314636,-0.6357557773590088,-0.5346394181251526,-0.009829869493842125,-0.24616383016109467,0.23959767818450928,-0.07549022138118744,-0.46985185146331787,-0.013529401272535324,0.0020070536993443966,-0.6029229164123535,-0.12087341398000717,-0.007488084025681019,-0.717475175857544,-0.27901768684387207,-0.061949219554662704
89,0.5161716938018799,0.6844708323478699,-0.302280068397522,0.4505881667137146,0.2731838524341583,-0.40776968002319336,0.5550061464309692,-0.2442498505115509,-0.34116894006729126,0.6759289503097534,-0.5904169082641602,-0.3283655047416687,0.8763092756271362,-0.9618585109710693,0.012791491113603115,0.16733920574188232,-0.1435886174440384,-0.10615522414445877,0.10459456592798233,-0.4512421488761902,0.024549022316932678,0.003279289463534951,-0.6780681610107422,0.09586826711893082,-0.11882953345775604,-0.8541988134384155,0.008552199229598045,-0.00020390350255183876,1.329275983152911e-05,-0.00027103483444079757,-0.16464796662330627,-0.30535030364990234,0.08659026026725769,-0.3425031304359436,-0.5013223886489868,0.07427991926670074,-0.5143872499465942,-0.7354822754859924,0.06910345703363419,-0.1140020340681076,0.14688047766685486,-0.005687443073838949,-0.28443092107772827,-0.13301755487918854,0.09406155347824097,-0.477037250995636,-0.33844488859176636,0.038176558911800385,-0.6239893436431885,-0.5377124547958374,0.02300058677792549,-0.24190470576286316,0.2617151439189911,-0.05256704241037369,-0.46075478196144104,0.0056189303286373615,0.008559145964682102,-0.590283215045929,-0.11162508279085159,0.005389850586652756,-0.7014232873916626,-0.2791043221950531,-0.03318635746836662
90,0.5173586010932922,0.6730852127075195,-0.30525583028793335,0.4492361545562744,0.27502381801605225,-0.426036536693573,0.5402441024780273,-0.22333446145057678,-0.3733670711517334,0.6555967330932617,-0.555296778678894,-0.3929102420806885,0.8981191515922546,-0.8827872276306152,-0.03577118739485741,0.16490256786346436,-0.14234216511249542,-0.10294546186923981,0.09797948598861694,-0.44661015272140503,0.027627255767583847,-0.0032465357799082994,-0.666022539138794,0.09520190209150314,-0.12142843008041382,-0.837448239326477,-0.002356207463890314,-0.000309168070089072,-1.6445517758256756e-05,-0.00029277437715791166,-0.16303077340126038,-0.2979121208190918,0.09797215461730957,-0.3372330367565155,-0.5073708295822144,0.11621169745922089,-0.5025533437728882,-0.7227988243103027,0.11044839024543762,-0.11449551582336426,0.15178754925727844,-0.0015827587340027094,-0.28293561935424805,-0.12853839993476868,0.10451812297105789,-0.47116369009017944,-0.34258776903152466,0.06631755083799362,-0.6236273050308228,-0.542564868927002,0.07095171511173248,-0.23498806357383728,0.2759448289871216,-0.0624980553984642,-0.4530010521411896,0.012912403792142868,0.022026745602488518,-0.5791606903076172,-0.10363668203353882,0.02739587053656578,-0.6932295560836792,-0.277011513710022,0.012458344921469688
91,0.515688419342041,0.6720794439315796,-0.3047007918357849,0.44605356454849243,0.2732082009315491,-0.4398961663246155,0.5320479273796082,-0.2069883942604065,-0.3934789299964905,0.6418757438659668,-0.5307043790817261,-0.4311320185661316,0.9085204601287842,-0.866928219795227,-0.0442175418138504,0.16365516185760498,-0.14326798915863037,-0.0992441177368164,0.09370353817939758,-0.4448354244232178,0.03759334236383438,-0.009953693486750126,-0.6595499515533447,0.10940707474946976,-0.12941288948059082,-0.8294761776924133,0.02588724158704281,-0.00038596673402935266,-3.267735883127898e-05,-0.0003051537205465138,-0.16256646811962128,-0.29206207394599915,0.10807092487812042,-0.3442140817642212,-0.49930131435394287,0.12039510160684586,-0.5018939971923828,-0.7182461619377136,0.14549344778060913,-0.11405421793460846,0.15409180521965027,-0.00015441939467564225,-0.281658798456192,-0.12592267990112305,0.1133730411529541,-0.46898317337036133,-0.3463732898235321,0.08423639833927155,-0.6245752573013306,-0.5479795336723328,0.09872229397296906,-0.23068131506443024,0.28320378065109253,-0.06657743453979492,-0.4470648765563965,0.014530789107084274,0.033376581966876984,-0.5754269361495972,-0.09722097963094711,0.0442516915500164,-0.6932722330093384,-0.2757614254951477,0.03663156181573868
92,0.5183655023574829,0.6765388250350952,-0.30368173122406006,0.4426419734954834,0.2701120376586914,-0.4499615430831909,0.536906361579895,-0.20460429787635803,-0.3998066186904907,0.6432920694351196,-0.526091992855072,-0.4486331343650818,0.9009172916412354,-0.8593894243240356,-0.05615199729800224,0.1615888923406601,-0.14542995393276215,-0.0941033735871315,0.08763046562671661,-0.44560790061950684,0.04467935860157013,-0.01661299541592598,-0.6602420806884766,0.11634878069162369,-0.13414765894412994,-0.8297455310821533,0.038841038942337036,-0.000415331480326131,-3.719847882166505e-05,-0.0003082963521592319,-0.16497936844825745,-0.2889930009841919,0.11057218909263611,-0.34910714626312256,-0.4972374439239502,0.11931449174880981,-0.5058278441429138,-0.7181223630905151,0.1677073985338211,-0.11153236031532288,0.15677550435066223,-0.000575508049223572,-0.2839992940425873,-0.12297096103429794,0.11994163691997528,-0.4715268015861511,-0.34329283237457275,0.09455539286136627,-0.6315746307373047,-0.5465563535690308,0.1132163554430008,-0.22952909767627716,0.28878217935562134,-0.07273169606924057,-0.44934916496276855,0.018672481179237366,0.03908538818359375,-0.5812506675720215,-0.08772307634353638,0.05182507634162903,-0.6984477043151855,-0.27316591143608093,0.045553967356681824
93,0.5212683081626892,0.6739639043807983,-0.30196017026901245,0.4408387839794159,0.27179479598999023,-0.4563591182231903,0.5346332788467407,-0.19029942154884338,-0.40451642870903015,0.6375395059585571,-0.5157899856567383,-0.463681161403656,0.917335033416748,-0.8238543272018433,-0.08870375156402588,0.16207249462604523,-0.14343690872192383,-0.09676170349121094,0.08665423840284348,-0.44406700134277344,0.04802737385034561,-0.021515805274248123,-0.6581687927246094,0.12323245406150818,-0.14139807224273682,-0.825771689414978,0.04872722923755646,-0.0003171844291500747,9.825447705225088e-06,-0.0002774631429929286,-0.1638982594013214,-0.28543880581855774,0.1162753701210022,-0.34122949838638306,-0.5031085014343262,0.14624926447868347,-0.5079598426818848,-0.7138305902481079,0.18517419695854187,-0.1105317622423172,0.15821291506290436,0.0005404572002589703,-0.2859852910041809,-0.11943618208169937,0.1228497177362442,-0.47123393416404724,-0.3439016342163086,0.10522542893886566,-0.6324840784072876,-0.5522104501724243,0.12974651157855988,-0.22830568253993988,0.29292595386505127,-0.07381012290716171,-0.45157450437545776,0.02043621614575386,0.04671567678451538,-0.581768274307251,-0.08383633941411972,0.06514155864715576,-0.6996394991874695,-0.2715211510658264,0.06243954226374626
94,0.5147156119346619,0.6767131090164185,-0.3016950488090515,0.4378615617752075,0.26701971888542175,-0.4627147316932678,0.5214176177978516,-0.19992825388908386,-0.4187582731246948,0.6270175576210022,-0.5269945859909058,-0.47063225507736206,0.8507024049758911,-0.8227660655975342,-0.16827702522277832,0.16336646676063538,-0.1424284428358078,-0.09822078049182892,0.08542945981025696,-0.44466841220855713,0.0497681200504303,-0.02392331324517727,-0.6555193066596985,0.12372603267431259,-0.144582137465477,-0.8110436201095581,0.022411832585930824,-0.00023300097382161766,4.6025179472053424e-05,-0.0002655779244378209,-0.16916170716285706,-0.284247487783432,0.11118267476558685,-0.3388308882713318,-0.504874050617218,0.15423470735549927,-0.5154181718826294,-0.7026002407073975,0.1600833386182785,-0.11291658878326416,0.15790827572345734,0.002699105069041252,-0.2892463207244873,-0.1223975196480751,0.11951808631420135,-0.4747365713119507,-0.3447582721710205,0.10259309411048889,-0.6421178579330444,-0.5485624670982361,0.11266139149665833,-0.2402985841035843,0.29611799120903015,-0.06606628745794296,-0.46791696548461914,0.024771209806203842,0.04786692187190056,-0.5890061259269714,-0.07654929906129837,0.05618453770875931,-0.7051087617874146,-0.2629380226135254,0.05549915134906769
95,0.49771419167518616,0.6669065952301025,-0.3049212396144867,0.41947659850120544,0.24483010172843933,-0.46533629298210144,0.5223191976547241,-0.2303510457277298,-0.41377806663513184,0.6226476430892944,-0.5691583156585693,-0.4349067211151123,0.7775242328643799,-0.8534363508224487,-0.22978776693344116,0.1607685089111328,-0.14912262558937073,-0.09881812334060669,0.0759160965681076,-0.44557350873947144,0.0340239517390728,-0.031400904059410095,-0.6524418592453003,0.11301964521408081,-0.14692188799381256,-0.7987269163131714,-0.004844046197831631,-0.0003134434809908271,-9.783079804037698e-06,-0.0002998366835527122,-0.17654088139533997,-0.2848426401615143,0.10393564403057098,-0.34038686752319336,-0.4963914752006531,0.15399274230003357,-0.5164315700531006,-0.6927773952484131,0.12688679993152618,-0.11214831471443176,0.1581891030073166,0.003316181246191263,-0.29023319482803345,-0.11803948134183884,0.10854175686836243,-0.4743271470069885,-0.3407188653945923,0.09078067541122437,-0.6484103202819824,-0.5346922278404236,0.1083948165178299,-0.2435355931520462,0.3045496940612793,-0.034884996712207794,-0.4687386155128479,0.03177088871598244,0.05328398197889328,-0.5982078313827515,-0.07109645009040833,0.05612562224268913,-0.7102000713348389,-0.2441970705986023,0.06108105182647705
96,0.5096743106842041,0.6337293982505798,-0.21661481261253357,0.39036989212036133,0.16163253784179688,-0.3879189193248749,0.3243136405944824,-0.31822842359542847,-0.3547009825706482,0.26052939891815186,-0.5698612928390503,-0.4265333414077759,0.3355802297592163,-0.8464698791503906,-0.252681702375412,0.10968340188264847,-0.1531876027584076,-0.11115717887878418,0.026323333382606506,-0.42484182119369507,-0.02787492424249649,-0.10227546840906143,-0.6137917637825012,0.0012939386069774628,-0.1838272660970688,-0.7153893709182739,-0.1411362588405609,-0.00018103695765603334,6.816955283284187e-05,-0.00022884451027493924,-0.12914064526557922,-0.3037886917591095,0.07196924835443497,-0.27197110652923584,-0.46141740679740906,0.08248133957386017,-0.44552627205848694,-0.6065627932548523,0.05430277809500694,-0.06401817500591278,0.11932197213172913,0.045122548937797546,-0.23307178914546967,-0.11856018006801605,0.12151840329170227,-0.3682480454444885,-0.3046732544898987,0.07394039630889893,-0.5625345706939697,-0.48711341619491577,0.1165960505604744,-0.14382882416248322,0.3092908561229706,-0.10164868086576462,-0.16487514972686768,0.19133985042572021,-0.0352497398853302,-0.4335899353027344,-0.0711304098367691,0.14210660755634308,-0.5190412998199463,-0.2572425603866577,0.14854851365089417
97,0.43014127016067505,0.7201348543167114,-0.16369572281837463,0.15068069100379944,0.36999720335006714,-0.2984286844730377,-0.030935615301132202,0.044450193643569946,-0.2681058943271637,-0.19435608386993408,-0.195186585187912,-0.2718799412250519,-0.23549439013004303,-0.4421479105949402,-0.13448838889598846,-0.01656973361968994,-0.06743864715099335,-0.11929318308830261,-0.10531243681907654,-0.37322884798049927,-0.04539687931537628,-0.23318883776664734,-0.5386909246444702,0.03690828010439873,-0.3270002603530884,-0.6864274740219116,0.011687584221363068,-0.00033897714456543326,-6.389480404322967e-06,-0.00021756510250270367,-0.11257805675268173,-0.32396042346954346,0.08961859345436096,-0.2532823085784912,-0.469030499458313,0.19036154448986053,-0.3952385187149048,-0.6010828614234924,0.256410151720047,0.018345743417739868,0.09428505599498749,0.08237668871879578,-0.10757246613502502,-0.19642823934555054,0.17210029065608978,-0.22466525435447693,-0.35373950004577637,0.24544699490070343,-0.40768373012542725,-0.5127684473991394,0.33183586597442627,0.023624606430530548,0.2538110017776489,0.07993819564580917,-0.015495851635932922,0.06128143146634102,0.21079133450984955,-0.17002616822719574,-0.14492221176624298,0.35665664076805115,-0.2245669662952423,-0.26530787348747253,0.4240623712539673
98,0.3865562677383423,0.7881709337234497,-0.11255207657814026,0.03749671205878258,0.513609766960144,-0.17299297451972961,-0.2380370795726776,0.2872214913368225,-0.09107072651386261,-0.3853916525840759,0.05684491991996765,-0.09632932394742966,-0.45759356021881104,-0.09360988438129425,-0.0328487865626812,-0.1128639206290245,0.00016570836305618286,-0.07388024777173996,-0.22210779786109924,-0.3233241140842438,-0.03780002146959305,-0.3384939134120941,-0.48494622111320496,0.064810611307621,-0.42967429757118225,-0.6579335927963257,0.09694414585828781,-0.0007783044711686671,-0.00022541962971445173,-0.00025253917556256056,-0.07595416158437729,-0.3434726595878601,0.06398451328277588,-0.22186440229415894,-0.5225759744644165,0.18779219686985016,-0.3650296926498413,-0.7072262763977051,0.24224357306957245,0.08899714797735214,0.0637834221124649,0.07059428840875626,0.0248439759016037,-0.24124079942703247,0.14055049419403076,-0.07037630677223206,-0.41903871297836304,0.23063337802886963,-0.18787303566932678,-0.6246646642684937,0.3291216492652893,0.17413274943828583,0.1796422004699707,0.10540270805358887,0.1686897724866867,-0.07550126314163208,0.22391937673091888,0.08275424689054489,-0.25090301036834717,0.37735822796821594,0.030815355479717255,-0.37876081466674805,0.4527171850204468
99,0.3922500014305115,0.8022925853729248,-0.0007901415228843689,0.006316890940070152,0.5699334144592285,-0.007146716117858887,-0.31091368198394775,0.39374369382858276,0.11061813682317734,-0.46295875310897827,0.1714019775390625,0.06393355131149292,-0.5859683752059937,0.09185875952243805,0.11724574863910675,-0.16359129548072815,0.03576314076781273,-0.019081981852650642,-0.29576796293258667,-0.2966551184654236,-0.024032367393374443,-0.4019029140472412,-0.46361303329467773,0.071653813123703,-0.475857675075531,-0.6513307094573975,0.08030739426612854,-0.0010797115974128246,-0.00032002475927583873,-0.0002904128050431609,-0.07093904912471771,-0.3586558699607849,0.0459505170583725,-0.20973262190818787,-0.5631082057952881,0.13122190535068512,-0.3576889932155609,-0.7758885025978088,0.17618656158447266,0.12357117235660553,0.0455731526017189,0.04395042732357979,0.10726194828748703,-0.26501142978668213,0.10077301412820816,0.02477719634771347,-0.4678136706352234,0.16846469044685364,-0.07974793761968613,-0.7155308127403259,0.24666553735733032,0.2570335268974304,0.12614545226097107,0.09395947307348251,0.28447574377059937,-0.15447917580604553,0.19676116108894348,0.2419847846031189,-0.31982356309890747,0.32393360137939453,0.19979052245616913,-0.46687155961990356,0.40904340147972107
100,0.4033799171447754,0.7930124998092651,0.07934412360191345,-0.001332956599071622,0.5862276554107666,0.1003686860203743,-0.34108513593673706,0.44830793142318726,0.22634142637252808,-0.518150269985199,0.21743087470531464,0.1786564737558365,-0.652515172958374,0.1727454513311386,0.22120735049247742,-0.18846482038497925,0.05307440459728241,0.014286383986473083,-0.3302866220474243,-0.2883673310279846,-0.017850223928689957,-0.42730164527893066,-0.454102098941803,0.06593267619609833,-0.491739958524704,-0.6524651050567627,0.06108250096440315,-0.0012802528217434883,-0.00036527117481455207,-0.0003095713327638805,-0.07067714631557465,-0.36521053314208984,0.03266230970621109,-0.20655596256256104,-0.5823715925216675,0.08621412515640259,-0.3554379940032959,-0.8126363754272461,0.1313932240009308,0.1396591067314148,0.0342077761888504,0.026502791792154312,0.15166622400283813,-0.27836281061172485,0.07898339629173279,0.07466749101877213,-0.4948346018791199,0.12021929025650024,-0.018239080905914307,-0.7694506645202637,0.18827477097511292,0.3015223741531372,0.09260578453540802,0.0856190100312233,0.3503565192222595,-0.20281821489334106,0.17662391066551208,0.3301566243171692,-0.36353760957717896,0.285744309425354,0.2904050648212433,-0.5228511095046997,0.37514182925224304
101,0.39841562509536743,0.8165360689163208,0.12628400325775146,0.0039566378109157085,0.5986024141311646,0.16481010615825653,-0.35344207286834717,0.4734903573989868,0.3000359535217285,-0.5195399522781372,0.26143088936805725,0.2529487907886505,-0.6608140468597412,0.21119439601898193,0.2934526205062866,-0.19990922510623932,0.06491824984550476,0.03199714794754982,-0.3451700806617737,-0.2799455523490906,-0.012182913720607758,-0.4315893352031708,-0.44156861305236816,0.07105046510696411,-0.4908517003059387,-0.6568118333816528,0.08069995045661926,-0.001318176742643118,-0.0004006538074463606,-0.00032201214344240725,-0.06833240389823914,-0.36651450395584106,0.013478878885507584,-0.20361438393592834,-0.5919094085693359,0.04342898726463318,-0.34050655364990234,-0.8229464292526245,0.07053238898515701,0.14906208217144012,0.02552250772714615,0.017810283228754997,0.18200255930423737,-0.2873813509941101,0.06351883709430695,0.10012757778167725,-0.5077924132347107,0.08748135715723038,0.025382425636053085,-0.8007105588912964,0.14826847612857819,0.3399251103401184,0.06339500844478607,0.07828372716903687,0.3959270119667053,-0.228257954120636,0.1499248594045639,0.390219509601593,-0.3902274966239929,0.24519585072994232,0.3588027358055115,-0.5592107772827148,0.3488460183143616
102,0.393722802400589,0.831931471824646,0.11555555462837219,0.0100105544552207,0.6178262233734131,0.20163336396217346,-0.350067138671875,0.48673465847969055,0.3405055105686188,-0.5326665639877319,0.2522679269313812,0.3039636015892029,-0.6486814022064209,0.22501879930496216,0.3213351368904114,-0.21227094531059265,0.06845070421695709,0.05182434618473053,-0.34673747420310974,-0.28199222683906555,0.007532353512942791,-0.4356350898742676,-0.44718384742736816,0.09642143547534943,-0.4907899498939514,-0.6638895273208618,0.12255540490150452,-0.0014045120915398002,-0.000456788984593004,-0.0003276033094152808,-0.0671641156077385,-0.371262788772583,0.016974380239844322,-0.19650167226791382,-0.6036769151687622,0.05285463482141495,-0.3188936710357666,-0.8384485840797424,0.06719647347927094,0.15570580959320068,0.022968526929616928,0.004470004700124264,0.19713066518306732,-0.28986045718193054,0.05161751061677933,0.12093427777290344,-0.5150524973869324,0.09365111589431763,0.07369539886713028,-0.7907047271728516,0.17146843671798706,0.3624013662338257,0.06166739761829376,0.06337346136569977,0.4217338263988495,-0.23676949739456177,0.1406394988298416,0.42230916023254395,-0.3957708775997162,0.22911009192466736,0.39716213941574097,-0.572265625,0.3304983377456665
103,0.3910388946533203,0.8323088884353638,0.12333182990550995,0.0010855793952941895,0.6284682750701904,0.22197461128234863,-0.3583568036556244,0.4845580458641052,0.3539087474346161,-0.5237874388694763,0.26959216594696045,0.32786861062049866,-0.6515254974365234,0.23610463738441467,0.33789774775505066,-0.21879293024539948,0.06717304140329361,0.05505941063165665,-0.3553891181945801,-0.27942585945129395,0.008442027494311333,-0.4389638304710388,-0.46101057529449463,0.09184364974498749,-0.4804255962371826,-0.6752890348434448,0.11679202318191528,-0.0013699723640456796,-0.00045220262836664915,-0.0003208615235053003,-0.06593439728021622,-0.37320762872695923,0.014226860366761684,-0.18350477516651154,-0.6017230153083801,0.072508305311203,-0.314026415348053,-0.8466031551361084,0.09522465616464615,0.15821978449821472,0.021552633494138718,0.006464661099016666,0.20273834466934204,-0.28480279445648193,0.0477522611618042,0.15116214752197266,-0.5118618011474609,0.11232036352157593,0.09258979558944702,-0.789768636226654,0.186823308467865,0.3676410913467407,0.06271283328533173,0.06013653054833412,0.4344833493232727,-0.23426109552383423,0.14413675665855408,0.44609004259109497,-0.3780466318130493,0.23918431997299194,0.41058462858200073,-0.5666106343269348,0.33282700181007385
104,0.386079341173172,0.8392771482467651,0.13713888823986053,-0.003710700199007988,0.6356562972068787,0.23754280805587769,-0.36704879999160767,0.4820179343223572,0.3580377697944641,-0.5213570594787598,0.28104206919670105,0.3382207751274109,-0.6538119316101074,0.24069201946258545,0.3361024856567383,-0.21888765692710876,0.06429638713598251,0.05850791186094284,-0.3580643832683563,-0.27790820598602295,0.013904651626944542,-0.43975961208343506,-0.46509289741516113,0.09590567648410797,-0.47775745391845703,-0.6834299564361572,0.12531612813472748,-0.001354958163574338,-0.00045888341264799237,-0.0003132240963168442,-0.04329105466604233,-0.37342721223831177,0.010278912261128426,-0.16931264102458954,-0.599328875541687,0.08950300514698029,-0.30820053815841675,-0.8485479950904846,0.12177795171737671,0.15918955206871033,0.02285151742398739,0.010827936232089996,0.20879840850830078,-0.28085801005363464,0.04458855465054512,0.1698155403137207,-0.5055278539657593,0.1344965547323227,0.09931398928165436,-0.7860702276229858,0.20682139694690704,0.36968064308166504,0.06392228603363037,0.06488040089607239,0.4396432340145111,-0.22999371588230133,0.15590238571166992,0.46078944206237793,-0.3760529160499573,0.2386341691017151,0.42455530166625977,-0.555980384349823,0.3789566159248352
105,0.38403838872909546,0.8357206583023071,0.12616479396820068,-0.011682160198688507,0.6439114809036255,0.2392035573720932,-0.3762878179550171,0.47850149869918823,0.35727351903915405,-0.5244123339653015,0.2847445607185364,0.3421825170516968,-0.6532745361328125,0.23919209837913513,0.3285502791404724,-0.2150367647409439,0.06662656366825104,0.055246174335479736,-0.35746729373931885,-0.27627283334732056,0.007858053781092167,-0.4433588981628418,-0.45920228958129883,0.09168420732021332,-0.48285752534866333,-0.6804536581039429,0.13042856752872467,-0.0013553403550758958,-0.000448918086476624,-0.0003096923464909196,-0.03124094009399414,-0.37407684326171875,0.0017996183596551418,-0.15545518696308136,-0.5979523658752441,0.10435052216053009,-0.3057059049606323,-0.8453946113586426,0.15303809940814972,0.1595674306154251,0.02351357415318489,0.015475695952773094,0.21267865598201752,-0.28211691975593567,0.04191093146800995,0.17834734916687012,-0.5026180744171143,0.1530514359474182,0.09517163038253784,-0.7820653319358826,0.22689805924892426,0.3671426773071289,0.06639155745506287,0.07014843821525574,0.4407222867012024,-0.2284574806690216,0.16587643325328827,0.46203598380088806,-0.36686888337135315,0.2623797059059143,0.4268878102302551,-0.5489678978919983,0.4132651090621948
106,0.35682862997055054,0.8476067781448364,-0.014431558549404144,-0.05485377460718155,0.6395237445831299,0.026829294860363007,-0.4196023941040039,0.4831337332725525,0.07870935648679733,-0.5782516002655029,0.3063475489616394,0.13741761445999146,-0.7274531722068787,0.2581500709056854,0.12736807763576508,-0.18752460181713104,0.047977279871702194,-0.030333902686834335,-0.3250831067562103,-0.29084503650665283,-0.007972299121320248,-0.43269971013069153,-0.4524902105331421,0.1008775383234024,-0.5162661075592041,-0.6506121158599854,0.17723345756530762,-0.0009220368228852749,-0.0003133653663098812,-0.000273550336714834,-0.03715100139379501,-0.36841773986816406,0.06638382375240326,-0.16436275839805603,-0.5368161201477051,0.2322864532470703,-0.3094089925289154,-0.7469236850738525,0.3228851854801178,0.13533787429332733,0.03843041509389877,0.059403158724308014,0.14194542169570923,-0.27608832716941833,0.1297510266304016,0.07933692634105682,-0.45601746439933777,0.2859320342540741,-0.040188267827034,-0.6660494804382324,0.41770583391189575,0.31270477175712585,0.11108025163412094,0.14854595065116882,0.3344208300113678,-0.13455933332443237,0.3143917918205261,0.32268449664115906,-0.3027775287628174,0.39869600534439087,0.274419903755188,-0.39644938707351685,0.5799009203910828
107,0.37574532628059387,0.8302868008613586,-0.09011688083410263,-0.039000872522592545,0.6301536560058594,-0.07611669600009918,-0.42411720752716064,0.47899776697158813,-0.08204048126935959,-0.6004272103309631,0.2913089096546173,-0.02124033123254776,-0.7837280631065369,0.23490548133850098,0.0024286583065986633,-0.14569653570652008,0.024654092267155647,-0.090632863342762,-0.2666431665420532,-0.3102392554283142,-0.032555095851421356,-0.4119381904602051,-0.44890397787094116,0.06992398202419281,-0.535545825958252,-0.616216778755188,0.14975598454475403,-0.0006838708650320768,-0.00024671986466273665,-0.00024468940682709217,-0.039939865469932556,-0.36445099115371704,0.06510792672634125,-0.20295822620391846,-0.5240488648414612,0.2585780620574951,-0.3556353449821472,-0.6681673526763916,0.35216987133026123,0.11129458248615265,0.043667133897542953,0.08482172340154648,0.08396439254283905,-0.28728795051574707,0.16646632552146912,-0.011017434298992157,-0.4486546516418457,0.33765333890914917,-0.1365617960691452,-0.634528398513794,0.4808538556098938,0.24439015984535217,0.11912240087985992,0.20560970902442932,0.23446106910705566,-0.09484691917896271,0.38899320363998413,0.20911140739917755,-0.2869618833065033,0.47206711769104004,0.18315571546554565,-0.344318687915802,0.6437058448791504
108,0.398749440908432,0.8126658201217651,-0.09548327326774597,0.050746701657772064,0.5805684328079224,-0.07831422984600067,-0.39853936433792114,0.4520241320133209,-0.15420611202716827,-0.5929461717605591,0.20671051740646362,-0.09088396281003952,-0.8006797432899475,0.12139260768890381,-0.03668828308582306,-0.11735890060663223,0.006702734157443047,-0.12878577411174774,-0.2417447566986084,-0.3156311511993408,-0.050914667546749115,-0.4186325967311859,-0.4191666841506958,0.04451090469956398,-0.5771507024765015,-0.5359064936637878,0.10771684348583221,-0.00047054950846359134,-0.000165485282195732,-0.00020354168373160064,-0.042950600385665894,-0.36904484033584595,0.07071828097105026,-0.2336588203907013,-0.5027077198028564,0.28314411640167236,-0.36940377950668335,-0.6272242069244385,0.3801509439945221,0.09061771631240845,0.044839680194854736,0.10787025839090347,0.05528783053159714,-0.2990083694458008,0.18260422348976135,-0.05259331688284874,-0.4595256447792053,0.35815349221229553,-0.20539572834968567,-0.5933813452720642,0.5190304517745972,0.2033199965953827,0.12042579799890518,0.2593863606452942,0.17331382632255554,-0.115699402987957,0.4218035936355591,0.15190085768699646,-0.2980118989944458,0.5077546238899231,0.14280875027179718,-0.35388416051864624,0.6659446358680725
109,0.44542109966278076,0.7715904712677002,-0.05619703605771065,0.12071622908115387,0.5075178146362305,-0.055619001388549805,-0.33339378237724304,0.38748905062675476,-0.1680971384048462,-0.5270346999168396,0.11832588911056519,-0.05702988803386688,-0.8020720481872559,0.008697707206010818,-0.052711136639118195,-0.08735732734203339,-0.0005263506900519133,-0.1450442224740982,-0.1591598093509674,-0.3568759560585022,-0.06786776334047318,-0.350567102432251,-0.49511152505874634,0.05532156676054001,-0.49915459752082825,-0.6167431473731995,0.0715266540646553,-0.0002531247737351805,-0.000137761962832883,-0.0002055384829873219,-0.036763761192560196,-0.36962074041366577,0.09041916579008102,-0.20079872012138367,-0.4985920190811157,0.29232078790664673,-0.3797032833099365,-0.6144800186157227,0.41020622849464417,0.07200551778078079,0.04636693373322487,0.12708385288715363,0.015317711047828197,-0.2920606732368469,0.21101802587509155,-0.1838597059249878,-0.39781105518341064,0.3786766231060028,-0.1906743049621582,-0.5667210817337036,0.5547233819961548,0.16350534558296204,0.11786894500255585,0.2866779565811157,0.10802672803401947,-0.08863914012908936,0.4495745003223419,0.06961455941200256,-0.3098903298377991,0.5238944292068481,-0.009139791131019592,-0.363034188747406,0.6588966250419617
110,0.478482186794281,0.7440608143806458,-0.04606806859374046,0.1483035683631897,0.4778013229370117,-0.0626993253827095,-0.2964818477630615,0.35162991285324097,-0.20431599020957947,-0.5441097021102905,0.08538633584976196,-0.0968589037656784,-0.7623981833457947,-0.056646764278411865,-0.060727134346961975,-0.06099905073642731,-0.024362538009881973,-0.1593664437532425,-0.11059227585792542,-0.3811604678630829,-0.06868815422058105,-0.2841618061065674,-0.5432374477386475,0.05885046720504761,-0.4581736922264099,-0.668369710445404,0.044541921466588974,-0.0001573584449943155,-0.00011509909381857142,-0.0002023552224272862,-0.03555997461080551,-0.36369919776916504,0.11087612807750702,-0.28641748428344727,-0.4316735863685608,0.28913092613220215,-0.5199580788612366,-0.4959716796875,0.3715208172798157,0.057161152362823486,0.05001721903681755,0.13598637282848358,-0.013282889500260353,-0.2684227228164673,0.24597123265266418,-0.25642696022987366,-0.34851962327957153,0.3979840576648712,-0.32418444752693176,-0.46751534938812256,0.5829070210456848,0.14054906368255615,0.11933591216802597,0.2979660630226135,0.022533047944307327,-0.08719735592603683,0.47587400674819946,-0.07289684563875198,-0.2612631916999817,0.5490530133247375,-0.06227181479334831,-0.35188889503479004,0.6819581389427185
111,0.45847418904304504,0.7254583835601807,0.11812776327133179,0.08228810876607895,0.5185465216636658,-0.1482791304588318,-0.33782535791397095,0.3668389320373535,-0.2653411030769348,-0.5943150520324707,0.11923108994960785,-0.16567456722259521,-0.8105618953704834,0.01219901628792286,-0.11637075990438461,-0.057142458856105804,-0.012525071389973164,-0.17735135555267334,-0.07756061106920242,-0.39109236001968384,-0.0906495526432991,-0.234445720911026,-0.5841099619865417,0.03578992560505867,-0.3902997374534607,-0.7124284505844116,0.012018715962767601,-0.00013586864224635065,-8.577445987612009e-05,-0.00019862496992573142,-0.04252517968416214,-0.3539423942565918,0.11777973175048828,-0.374203622341156,-0.3577519655227661,0.25363677740097046,-0.6221601963043213,-0.3791378438472748,0.3406718671321869,0.04410531371831894,0.05635682865977287,0.14124810695648193,-0.09620945900678635,-0.22214475274085999,0.2651618719100952,-0.3172641396522522,-0.29681000113487244,0.40134626626968384,-0.4751359522342682,-0.31942206621170044,0.49441322684288025,0.1244063526391983,0.1329152137041092,0.3076515197753906,-0.021431531757116318,-0.05055481940507889,0.49858254194259644,-0.16845731437206268,-0.1787053346633911,0.5694780349731445,-0.16894914209842682,-0.23160570859909058,0.686577320098877
112,0.4440308213233948,0.7404846549034119,0.11937883496284485,0.06302337348461151,0.5443713665008545,-0.18637944757938385,-0.35491886734962463,0.39013683795928955,-0.29516929388046265,-0.6230475902557373,0.1643630862236023,-0.19788223505020142,-0.8440829515457153,0.04477936774492264,-0.15736499428749084,-0.03964408114552498,-0.021799426525831223,-0.18109530210494995,-0.05733650177717209,-0.38948142528533936,-0.10376182198524475,-0.19487908482551575,-0.6018694043159485,-0.006557319313287735,-0.3394009470939636,-0.7370573282241821,-0.016156326979398727,-5.975356907583773e-05,-5.576373223448172e-05,-0.00019552002777345479,-0.04676830396056175,-0.3480912148952484,0.1149495542049408,-0.42641037702560425,-0.27460935711860657,0.19495411217212677,-0.677178144454956,-0.23937462270259857,0.2936137318611145,0.03530813753604889,0.05634146183729172,0.145987868309021,-0.15900759398937225,-0.19134467840194702,0.2648642957210541,-0.39368122816085815,-0.22217489778995514,0.3302417993545532,-0.6121033430099487,-0.19455952942371368,0.398648738861084,0.08945074677467346,0.14309534430503845,0.3196903467178345,-0.15375392138957977,-0.047231972217559814,0.47480103373527527,-0.2413415014743805,-0.11677958816289902,0.5685805082321167,-0.22636978328227997,-0.05776713788509369,0.632878839969635
113,0.4538969397544861,0.7278474569320679,0.19662992656230927,0.04338008537888527,0.5798496603965759,-0.20992322266101837,-0.3615684509277344,0.4070524573326111,-0.3103945851325989,-0.6322386264801025,0.2055327296257019,-0.21236708760261536,-0.8576471209526062,0.09642578661441803,-0.14377810060977936,-0.03827255219221115,-0.010338830761611462,-0.18888896703720093,-0.04875439405441284,-0.3872024118900299,-0.11159500479698181,-0.17406418919563293,-0.6083725094795227,-0.036378681659698486,-0.3308713734149933,-0.7468920946121216,-0.02428249828517437,6.4471787482034415e-06,-7.062862277962267e-05,-0.0001988164585782215,-0.0483551099896431,-0.34855008125305176,0.11282207071781158,-0.46052640676498413,-0.19363605976104736,0.13949045538902283,-0.6951143145561218,-0.1129494234919548,0.3041805028915405,0.03627552092075348,0.05596548318862915,0.14592570066452026,-0.1907968521118164,-0.16478511691093445,0.26547181606292725,-0.40447288751602173,-0.1624225229024887,0.33603233098983765,-0.5574055910110474,-0.07644716650247574,0.41889023780822754,0.08349065482616425,0.14836683869361877,0.3228502869606018,-0.15584367513656616,-0.024001672863960266,0.4961717128753662,-0.2074899673461914,-0.045899778604507446,0.5893796682357788,-0.2089116871356964,0.053415168076753616,0.6093575358390808
114,0.4440156817436218,0.7391785383224487,0.1415128856897354,0.029493745416402817,0.6070882081985474,-0.2058400809764862,-0.37601637840270996,0.4192620515823364,-0.3075338900089264,-0.6462291479110718,0.21041668951511383,-0.21030807495117188,-0.8740752935409546,0.1026378720998764,-0.11139042675495148,-0.035103656351566315,-0.002734872279688716,-0.19407904148101807,-0.05128142982721329,-0.3804928958415985,-0.12143702805042267,-0.19277061522006989,-0.6023422479629517,-0.06335753202438354,-0.3359684348106384,-0.7424824237823486,-0.05727672204375267,6.461476004915312e-06,-6.737906369380653e-05,-0.00018883260781876743,-0.16513332724571228,-0.25855210423469543,0.07244917005300522,-0.46712425351142883,-0.1462726891040802,0.1101522147655487,-0.6103432774543762,-0.10962751507759094,0.2782033085823059,0.03482169657945633,0.05461018532514572,0.14800754189491272,-0.21188628673553467,-0.14744488894939423,0.26201000809669495,-0.4250548481941223,-0.1052381619811058,0.25174227356910706,-0.5412641763687134,-0.0111791230738163,0.4046233892440796,0.07845394313335419,0.1513771116733551,0.3255213499069214,-0.165055513381958,-0.011529448442161083,0.507399320602417,-0.3395332098007202,-0.051081281155347824,0.42843207716941833,-0.1977098435163498,0.11046264320611954,0.5892240405082703
115,0.4418538510799408,0.7457934021949768,0.10655423998832703,0.002954942174255848,0.6009718179702759,-0.19182705879211426,-0.36487525701522827,0.4227313995361328,-0.3158414959907532,-0.6524067521095276,0.21188533306121826,-0.21140843629837036,-0.884619951248169,0.10292909294366837,-0.09556198865175247,-0.032900672405958176,0.0006298470543697476,-0.19809839129447937,-0.05355718731880188,-0.377421498298645,-0.12538135051727295,-0.2001568078994751,-0.5982537269592285,-0.08227542042732239,-0.3361995220184326,-0.7396892309188843,-0.07789956778287888,1.747738110680075e-06,-7.255141099449247e-05,-0.00018752392497844994,-0.22818954288959503,-0.2072266787290573,0.050647951662540436,-0.47074398398399353,-0.11716389656066895,0.09539489448070526,-0.5636129379272461,-0.10426876693964005,0.2659313678741455,0.03447137773036957,0.05364177003502846,0.14869529008865356,-0.2408389002084732,-0.12340594828128815,0.24983373284339905,-0.43837130069732666,-0.07243017852306366,0.2065279185771942,-0.5323932766914368,0.024358902126550674,0.39929330348968506,0.0776124820113182,0.1537829339504242,0.3266322612762451,-0.16499221324920654,-0.0006172219291329384,0.5134733319282532,-0.4127430319786072,-0.05417574569582939,0.3414217233657837,-0.1851942092180252,0.1411067545413971,0.587304949760437
116,0.42559921741485596,0.7533451318740845,0.11350861191749573,-0.009510517120361328,0.5985448956489563,-0.18179941177368164,-0.37664365768432617,0.43221044540405273,-0.3077133297920227,-0.6485108137130737,0.21485987305641174,-0.20386871695518494,-0.887053370475769,0.10952287167310715,-0.07674332708120346,-0.03295818716287613,0.0017748952377587557,-0.20076759159564972,-0.05632079765200615,-0.37544745206832886,-0.12931306660175323,-0.20389467477798462,-0.5973778367042542,-0.08651174604892731,-0.33444124460220337,-0.7427965402603149,-0.07494979351758957,-4.94623054692056e-06,-7.322858436964452e-05,-0.00018496248230803758,-0.2643392086029053,-0.17757031321525574,0.03904226794838905,-0.4782770574092865,-0.10018279403448105,0.08741976320743561,-0.6272385120391846,-0.02266186848282814,0.25517845153808594,0.034579336643218994,0.053118567913770676,0.1486591398715973,-0.25887155532836914,-0.11151587218046188,0.24159550666809082,-0.45208868384361267,-0.05121985077857971,0.18638935685157776,-0.531645655632019,0.04877687618136406,0.3874009847640991,0.07693583518266678,0.15517228841781616,0.3263707756996155,-0.16326990723609924,0.0020982646383345127,0.5160022974014282,-0.3964725732803345,-0.047368161380290985,0.4218524694442749,-0.18179839849472046,0.15431728959083557,0.5862952470779419
117,0.41939985752105713,0.759285032749176,0.09470438957214355,-0.013626033440232277,0.5969454050064087,-0.17364473640918732,-0.3687160909175873,0.4341675937175751,-0.30664199590682983,-0.652297854423523,0.21449074149131775,-0.19808676838874817,-0.8913452625274658,0.11449620127677917,-0.07107922434806824,-0.03327322006225586,0.002769498387351632,-0.2039126753807068,-0.05769883468747139,-0.37505602836608887,-0.1305835098028183,-0.20986616611480713,-0.595537543296814,-0.09010666608810425,-0.34066587686538696,-0.7405095100402832,-0.07881306111812592,-1.3907423635828309e-05,-7.442502828780562e-05,-0.00018699999782256782,-0.28398677706718445,-0.16166740655899048,0.03498595207929611,-0.48024433851242065,-0.09121429175138474,0.08836934715509415,-0.5789197683334351,-0.057745687663555145,0.2624972462654114,0.034384436905384064,0.054275427013635635,0.1491246521472931,-0.24675390124320984,-0.11620938777923584,0.2510577142238617,-0.4561282694339752,-0.04203985258936882,0.17867064476013184,-0.5312349796295166,0.06214910373091698,0.3879837989807129,0.07485561072826385,0.15847676992416382,0.32704511284828186,-0.16119255125522614,0.00693356990814209,0.5171558260917664,-0.44972655177116394,-0.04986603558063507,0.3483051657676697,-0.17843392491340637,0.16284218430519104,0.5870212316513062
118,0.4144030809402466,0.7638285756111145,0.082318514585495,-0.01942601054906845,0.5932267904281616,-0.17059186100959778,-0.3660600185394287,0.43256789445877075,-0.30670565366744995,-0.6561418771743774,0.2111373245716095,-0.19802352786064148,-0.8952456712722778,0.11137594282627106,-0.07558302581310272,-0.03404852747917175,0.002349092857912183,-0.20406368374824524,-0.059692930430173874,-0.3753352165222168,-0.12983769178390503,-0.21339374780654907,-0.5956664085388184,-0.088844895362854,-0.34544599056243896,-0.7398924231529236,-0.0794539600610733,-3.471405943855643e-05,-7.251855276990682e-05,-0.000188111123861745,-0.2953217923641205,-0.15322601795196533,0.033418573439121246,-0.4816073179244995,-0.08475653827190399,0.08858180046081543,-0.553939938545227,-0.07457228004932404,0.2672490179538727,0.035461798310279846,0.05413379520177841,0.14952369034290314,-0.24042701721191406,-0.11964761465787888,0.25663870573043823,-0.4433358311653137,-0.05239589512348175,0.24417248368263245,-0.5284635424613953,0.06853191554546356,0.3894825577735901,0.07586401700973511,0.1569570153951645,0.3274120092391968,-0.15975725650787354,0.006929466966539621,0.5192300081253052,-0.41227805614471436,-0.047865331172943115,0.42430850863456726,-0.17394402623176575,0.16264644265174866,0.5852760672569275
119,0.4151645302772522,0.7658342123031616,0.058540720492601395,-0.006784766912460327,0.6103013157844543,-0.1915234476327896,-0.35860511660575867,0.42674341797828674,-0.30729925632476807,-0.6606795191764832,0.20510536432266235,-0.20339469611644745,-0.8969183564186096,0.0991438776254654,-0.08508351445198059,-0.03438738361001015,0.00035749207017943263,-0.20168817043304443,-0.05927234888076782,-0.3746884763240814,-0.12525099515914917,-0.21774618327617645,-0.5925439596176147,-0.0816941186785698,-0.34559693932533264,-0.7357262372970581,-0.07775457203388214,3.669901343528181e-05,-7.859486504457891e-05,-0.00019788167264778167,-0.29807615280151367,-0.15177272260189056,0.03469888120889664,-0.476950466632843,-0.08483411371707916,0.08962121605873108,-0.5354179739952087,-0.08715125918388367,0.2710593044757843,0.034556955099105835,0.054930612444877625,0.149634450674057,-0.23667535185813904,-0.12061604857444763,0.2589987516403198,-0.4302234649658203,-0.06056647747755051,0.2775103449821472,-0.5239871740341187,0.06925719976425171,0.38310036063194275,0.0731687843799591,0.15850327908992767,0.32673218846321106,-0.16215825080871582,0.008921206928789616,0.5197162628173828,-0.3027157485485077,-0.0010564401745796204,0.5086283087730408,-0.33518898487091064,0.1497441828250885,0.5161226391792297
120,0.42006877064704895,0.7694257497787476,0.05228985846042633,-0.007308583706617355,0.6017901301383972,-0.19707736372947693,-0.3753111958503723,0.4280186891555786,-0.30413705110549927,-0.6563619375228882,0.20407025516033173,-0.20209524035453796,-0.8840199708938599,0.10292112827301025,-0.0774889588356018,-0.02937978133559227,0.0013661058619618416,-0.19869178533554077,-0.06419709324836731,-0.3745904564857483,-0.12064364552497864,-0.22306177020072937,-0.5973409414291382,-0.05881793051958084,-0.35133498907089233,-0.7287030220031738,-0.07146337628364563,-2.0778479665750638e-06,-5.909091851208359e-05,-0.00019137037452310324,-0.29896634817123413,-0.1484784483909607,0.03346920758485794,-0.4722631573677063,-0.07776898145675659,0.08239303529262543,-0.5221682786941528,-0.08856913447380066,0.264869749546051,0.03342150151729584,0.053759701550006866,0.14862582087516785,-0.254559189081192,-0.10522247105836868,0.24528545141220093,-0.4355090856552124,-0.046879976987838745,0.20837581157684326,-0.45695728063583374,0.15475283563137054,0.3614612817764282,0.07682465016841888,0.15710225701332092,0.327126145362854,-0.16722440719604492,0.011278649792075157,0.5180180072784424,-0.3893163502216339,-0.02306622639298439,0.3687288463115692,-0.4149305820465088,0.14393438398838043,0.461519718170166
121,0.4042801856994629,0.7914298176765442,-0.010821225121617317,-0.012220576405525208,0.5869702100753784,-0.1565673053264618,-0.384968638420105,0.4080960154533386,-0.31124770641326904,-0.616387128829956,0.17690564692020416,-0.23198357224464417,-0.8562629222869873,0.06751582026481628,-0.11624624580144882,-0.04065153747797012,0.005515077151358128,-0.19341643154621124,-0.08417387306690216,-0.37647807598114014,-0.11550474166870117,-0.2501734793186188,-0.598970890045166,-0.0368540920317173,-0.38047224283218384,-0.7244075536727905,-0.05458756536245346,-0.00011236695718253031,-5.1245824579382315e-05,-0.00018861834541894495,-0.21851058304309845,-0.22120103240013123,0.07888427376747131,-0.48131686449050903,-0.1635669469833374,0.16330040991306305,-0.6264836192131042,-0.17757263779640198,0.2985154092311859,0.037220608443021774,0.0545654296875,0.14576858282089233,-0.18045230209827423,-0.17169801890850067,0.2698894143104553,-0.40026676654815674,-0.11926194280385971,0.31994879245758057,-0.48493459820747375,-0.028161056339740753,0.4799838662147522,0.07223781198263168,0.1556842029094696,0.3295830488204956,-0.1629886031150818,-0.015038457699120045,0.5265001654624939,-0.3323286175727844,-0.05694916471838951,0.47650575637817383,-0.35971230268478394,0.11289841681718826,0.5341271162033081
122,0.3956889510154724,0.8034031391143799,-0.04516256973147392,-0.014893394894897938,0.5789060592651367,-0.13452410697937012,-0.3902236521244049,0.3972553014755249,-0.3151169419288635,-0.5946352481842041,0.16212426126003265,-0.24824705719947815,-0.8411592245101929,0.04825033247470856,-0.13733568787574768,-0.04678496718406677,0.007772703655064106,-0.19054588675498962,-0.09504406154155731,-0.37750518321990967,-0.1127084493637085,-0.26492607593536377,-0.5998578071594238,-0.02490266226232052,-0.39632704854011536,-0.7220702171325684,-0.045404739677906036,-0.00017237980500794947,-4.697698386735283e-05,-0.00018712086603045464,-0.1747312843799591,-0.26077237725257874,0.10359648615121841,-0.4862433671951294,-0.21025316417217255,0.20732545852661133,-0.6832458972930908,-0.22600311040878296,0.31682342290878296,0.039287857711315155,0.05500385910272598,0.14421384036540985,-0.14012768864631653,-0.20787009596824646,0.2832774519920349,-0.3810899257659912,-0.15864795446395874,0.3806602358818054,-0.5001581907272339,-0.12769204378128052,0.5444768667221069,0.06974191963672638,0.1549125760793686,0.3309199810028076,-0.16068372130393982,-0.02935868129134178,0.5311156511306763,-0.3013192415237427,-0.07538627088069916,0.5351516008377075,-0.3296657204627991,0.0960104689002037,0.5736357569694519
123,0.3578890264034271,0.8214327692985535,0.057828642427921295,-0.043809011578559875,0.6349008083343506,-0.051737599074840546,-0.4260041117668152,0.4624519348144531,-0.14970897138118744,-0.6351609230041504,0.22747072577476501,-0.13318881392478943,-0.8459638357162476,0.14487627148628235,-0.10321205109357834,-0.08499537408351898,0.061053015291690826,-0.1648547500371933,-0.20495378971099854,-0.26957032084465027,-0.17244569957256317,-0.38814547657966614,-0.4722014367580414,-0.10987769067287445,-0.5174209475517273,-0.6222141981124878,-0.07664601504802704,-0.00015344681742135435,-2.529889934521634e-05,-0.00019436533330008388,-0.12457195669412613,-0.29561519622802734,0.028157945722341537,-0.3489367365837097,-0.3673189878463745,0.09004942327737808,-0.5457252860069275,-0.4982336461544037,0.1299765557050705,0.0553397536277771,0.020813502371311188,0.14502966403961182,-0.09545738250017166,-0.26333391666412354,0.22186434268951416,-0.2623811364173889,-0.3202604651451111,0.27492618560791016,-0.34633415937423706,-0.43298980593681335,0.33633676171302795,0.1054135113954544,0.0937042087316513,0.3330988585948944,-0.0510767437517643,-0.17261652648448944,0.4744488298892975,-0.18527954816818237,-0.24824602901935577,0.5393562316894531,-0.2449832260608673,-0.23420929908752441,0.5783530473709106
124,0.34748440980911255,0.8167215585708618,0.17465968430042267,-0.04682638496160507,0.6573439836502075,0.047845907509326935,-0.4395225942134857,0.5008899569511414,-0.04513474553823471,-0.6264552474021912,0.28105854988098145,-0.07503669708967209,-0.8341364860534668,0.22572705149650574,-0.07903920114040375,-0.11485946178436279,0.10361659526824951,-0.13691380620002747,-0.28803592920303345,-0.19450898468494415,-0.2058163285255432,-0.46025997400283813,-0.38760316371917725,-0.1456177532672882,-0.6107317209243774,-0.5442517995834351,-0.07418513298034668,-0.00028862859471701086,-7.175012433435768e-05,-0.00021802150877192616,-0.09627499431371689,-0.31798499822616577,-0.02595711499452591,-0.2741674780845642,-0.4538748264312744,-0.010970279574394226,-0.4518231451511383,-0.6421823501586914,0.019699718803167343,0.07934308052062988,0.0015615811571478844,0.13995131850242615,-0.030443591997027397,-0.3010943531990051,0.17419752478599548,-0.16550788283348083,-0.4306207299232483,0.20800767838954926,-0.24165168404579163,-0.6170966625213623,0.17741736769676208,0.15228860080242157,0.052357256412506104,0.3287724554538727,0.04645684361457825,-0.2582707405090332,0.419270396232605,-0.03439494967460632,-0.3362865149974823,0.5069143176078796,-0.10990706086158752,-0.37419527769088745,0.6067688465118408
125,0.3306933641433716,0.8115396499633789,0.24748659133911133,-0.05058016628026962,0.6687055826187134,0.10127509385347366,-0.4456228017807007,0.5205907821655273,0.012683771550655365,-0.6445460319519043,0.3186259865760803,-0.046901263296604156,-0.8523932695388794,0.25002819299697876,-0.08471515774726868,-0.13018780946731567,0.11469459533691406,-0.1267089545726776,-0.32161444425582886,-0.15695075690746307,-0.22824278473854065,-0.4995983839035034,-0.3579605221748352,-0.1659732460975647,-0.6513631939888,-0.5215123891830444,-0.09654125571250916,-0.00028858432779088616,-9.682398376753554e-05,-0.00022124790120869875,-0.07774624228477478,-0.32605987787246704,-0.047255612909793854,-0.22467556595802307,-0.4923374652862549,-0.06496104598045349,-0.37240099906921387,-0.728958249092102,-0.04920376092195511,0.08730810880661011,-0.012229911983013153,0.13850533962249756,-0.0007528197020292282,-0.3166047930717468,0.15350516140460968,-0.11280933022499084,-0.48477086424827576,0.16715630888938904,-0.17037996649742126,-0.7115465402603149,0.0743933692574501,0.169029101729393,0.020335430279374123,0.33008086681365967,0.09805401414632797,-0.3018851578235626,0.3985961079597473,0.04114875569939613,-0.38070857524871826,0.5012111663818359,-0.026324056088924408,-0.44760316610336304,0.6071329116821289
126,0.3285755515098572,0.8191067576408386,0.24558496475219727,-0.06252039968967438,0.662225604057312,0.14762261509895325,-0.45773667097091675,0.5314233303070068,0.06776953488588333,-0.6552514433860779,0.34609994292259216,-0.00878404825925827,-0.8677545785903931,0.28913938999176025,-0.07280289381742477,-0.14408110082149506,0.11821013689041138,-0.1146293431520462,-0.35681888461112976,-0.1340073049068451,-0.23272912204265594,-0.5254144668579102,-0.33868294954299927,-0.17954522371292114,-0.6735201478004456,-0.5153138637542725,-0.10018722712993622,-0.0003660779329948127,-0.00011263617489021271,-0.00022645507124252617,-0.06901547312736511,-0.3357327878475189,-0.051468878984451294,-0.2092071771621704,-0.52283775806427,-0.06576548516750336,-0.34745752811431885,-0.775065541267395,-0.06556244939565659,0.10310810059309006,-0.014586463570594788,0.129633828997612,0.04454807564616203,-0.33011722564697266,0.12815505266189575,-0.07619700580835342,-0.524188220500946,0.158025860786438,-0.13362038135528564,-0.7693630456924438,0.04866025596857071,0.2026963084936142,0.009850997477769852,0.322473406791687,0.15671786665916443,-0.3157334327697754,0.3784411549568176,0.1023382842540741,-0.4154142737388611,0.4881540834903717,0.054693568497896194,-0.5025334358215332,0.6071159839630127
127,0.33777403831481934,0.8229038715362549,0.24095657467842102,-0.0830058753490448,0.6598151922225952,0.18056386709213257,-0.46886277198791504,0.5417563915252686,0.09101129323244095,-0.6763721704483032,0.3529881238937378,0.011241024360060692,-0.8886491060256958,0.31918781995773315,-0.07549577951431274,-0.15915797650814056,0.1162225753068924,-0.10918422788381577,-0.38153067231178284,-0.12845031917095184,-0.21551108360290527,-0.544838547706604,-0.32946211099624634,-0.17213281989097595,-0.6855955719947815,-0.5149354934692383,-0.10273221135139465,-0.00042750785360112786,-0.00011940385593334213,-0.00021821173140779138,-0.06904194504022598,-0.34772300720214844,-0.0457889586687088,-0.21136419475078583,-0.5419129133224487,-0.05457480996847153,-0.3540092706680298,-0.7985224723815918,-0.07988063991069794,0.11987035721540451,-0.006581116002053022,0.12270515412092209,0.08876651525497437,-0.33657315373420715,0.11840590834617615,-0.021250449120998383,-0.5302538275718689,0.1634015291929245,-0.104555644094944,-0.7913432121276855,0.08570964634418488,0.244357168674469,0.03826943412423134,0.3042754530906677,0.2234272062778473,-0.30319762229919434,0.363646000623703,0.1825588047504425,-0.4124967157840729,0.4858447313308716,0.1405908167362213,-0.5196241140365601,0.5873217582702637
128,0.3334197402000427,0.8342505693435669,0.2403508722782135,-0.0950380265712738,0.6700236797332764,0.18683680891990662,-0.482460081577301,0.5544021725654602,0.10294914245605469,-0.6823316812515259,0.3536106050014496,0.04788598418235779,-0.8707802295684814,0.3174944818019867,-0.02019665762782097,-0.17079363763332367,0.11464352160692215,-0.10015375912189484,-0.398928701877594,-0.13008683919906616,-0.20368166267871857,-0.5537940859794617,-0.3348942995071411,-0.1470242142677307,-0.7003287076950073,-0.5203635692596436,-0.08600596338510513,-0.0005400910740718246,-0.00019875631551258266,-0.00022783325402997434,-0.05242260918021202,-0.35426440834999084,-0.05353384092450142,-0.21556590497493744,-0.5562790632247925,-0.05078069120645523,-0.35877668857574463,-0.807376503944397,-0.0768442153930664,0.13339337706565857,0.005325015634298325,0.11610108613967896,0.1193227618932724,-0.33662983775138855,0.11090528964996338,0.017813898622989655,-0.5409317016601562,0.1542918086051941,-0.07849299907684326,-0.8102440237998962,0.09061482548713684,0.276042640209198,0.0466417521238327,0.2846205234527588,0.2867772579193115,-0.27654051780700684,0.3333320617675781,0.25196075439453125,-0.39383482933044434,0.4628241956233978,0.21352854371070862,-0.5132471919059753,0.559519350528717
129,0.3316434621810913,0.8358331918716431,0.24544042348861694,-0.10013213753700256,0.6813869476318359,0.18921849131584167,-0.4909043312072754,0.5563068389892578,0.11237195879220963,-0.6912307739257812,0.3660980463027954,0.06793340295553207,-0.8737434148788452,0.320409893989563,0.002711196430027485,-0.17294064164161682,0.1166427880525589,-0.09523715078830719,-0.4026249051094055,-0.1299336701631546,-0.19756680727005005,-0.5538132190704346,-0.3433518707752228,-0.12838798761367798,-0.7073701620101929,-0.5252687931060791,-0.06602437794208527,-0.0005766996764577925,-0.00022599473595619202,-0.0002354433963773772,-0.049020327627658844,-0.3533039689064026,-0.05227745696902275,-0.2191661298274994,-0.5589625835418701,-0.05064345896244049,-0.3562367558479309,-0.8161057829856873,-0.08628156781196594,0.13752064108848572,0.009757596999406815,0.11609761416912079,0.12433581054210663,-0.33794569969177246,0.11103957146406174,0.026066090911626816,-0.5479251146316528,0.14339089393615723,-0.0697750374674797,-0.8262842893600464,0.06514458358287811,0.2836962938308716,0.05370335653424263,0.28308355808258057,0.30074095726013184,-0.26785358786582947,0.32854288816452026,0.2696457505226135,-0.39277148246765137,0.4714045822620392,0.23612463474273682,-0.5136682987213135,0.5679994821548462
130,0.32236018776893616,0.8283684253692627,0.2689240574836731,-0.10624628514051437,0.6765202879905701,0.20583492517471313,-0.4858331084251404,0.548188328742981,0.12131209671497345,-0.694728672504425,0.37606456875801086,0.05882289260625839,-0.8884226083755493,0.33878034353256226,-0.006732044741511345,-0.171970397233963,0.11378766596317291,-0.09511442482471466,-0.4028244614601135,-0.11976420134305954,-0.20638589560985565,-0.550751805305481,-0.34361040592193604,-0.1569558084011078,-0.7051944136619568,-0.520697832107544,-0.04398307204246521,-0.0005706902011297643,-0.0001708750642137602,-0.00022875961440149695,-0.05826590210199356,-0.35232722759246826,-0.04723624885082245,-0.21141290664672852,-0.5558276176452637,-0.05404987558722496,-0.3588104844093323,-0.822649359703064,-0.08491461724042892,0.13515441119670868,0.007313963491469622,0.11719852685928345,0.12237304449081421,-0.3385504186153412,0.10901632905006409,0.025971969589591026,-0.5469635725021362,0.14786314964294434,-0.07429563999176025,-0.829369843006134,0.06863358616828918,0.2743822932243347,0.06248623877763748,0.2873043417930603,0.28337395191192627,-0.264693021774292,0.3397373557090759,0.25503331422805786,-0.3995648920536041,0.4743439555168152,0.22343572974205017,-0.5297549962997437,0.5584220886230469
131,0.3148759603500366,0.8261301517486572,0.2724810242652893,-0.11258938163518906,0.6747174859046936,0.20432548224925995,-0.4850492477416992,0.5446485877037048,0.12311649322509766,-0.6962577700614929,0.38208842277526855,0.05087672919034958,-0.8983925580978394,0.34870433807373047,-0.014647585339844227,-0.17163853347301483,0.11100681126117706,-0.0951598510146141,-0.40577125549316406,-0.1173454225063324,-0.2086760401725769,-0.5487387180328369,-0.34202468395233154,-0.17049598693847656,-0.704501748085022,-0.5150717496871948,-0.03960752487182617,-0.0005872803740203381,-0.00017649849178269506,-0.00023745006183162332,-0.06438574194908142,-0.35212963819503784,-0.04285535216331482,-0.2072981595993042,-0.5549384951591492,-0.05634143203496933,-0.3614432215690613,-0.8264811635017395,-0.0834709107875824,0.13367345929145813,0.006312312092632055,0.1180989146232605,0.12185156345367432,-0.33885663747787476,0.1082087978720665,0.025683365762233734,-0.5461605787277222,0.1505800038576126,-0.0758466124534607,-0.8322770595550537,0.06794065237045288,0.2691255211830139,0.06751909106969833,0.28945663571357727,0.274861216545105,-0.2601952850818634,0.3456697165966034,0.24721325933933258,-0.4052772521972656,0.47569525241851807,0.21588808298110962,-0.5398725867271423,0.5535430908203125
132,0.3091978430747986,0.830812931060791,0.24386262893676758,-0.11198924481868744,0.6605921983718872,0.19604480266571045,-0.49420952796936035,0.521509051322937,0.11198706179857254,-0.7037168741226196,0.371476411819458,0.04449876397848129,-0.8898994326591492,0.31714993715286255,-0.0027789948508143425,-0.16555452346801758,0.10322169959545135,-0.09380526840686798,-0.4055497646331787,-0.11097308248281479,-0.2073473036289215,-0.5558261871337891,-0.33527445793151855,-0.17531311511993408,-0.7048101425170898,-0.5025594234466553,-0.027707425877451897,-0.0005668915109708905,-0.0001786884677130729,-0.00024097796995192766,-0.07066242396831512,-0.3516766428947449,-0.03280456364154816,-0.20932318270206451,-0.5535234212875366,-0.0562068372964859,-0.37190330028533936,-0.8292469382286072,-0.08395777642726898,0.12888672947883606,0.008855896070599556,0.1168568879365921,0.1209089457988739,-0.3343929052352905,0.11079820990562439,0.025312457233667374,-0.5425784587860107,0.1563597023487091,-0.08024917542934418,-0.8260455131530762,0.07764755934476852,0.26029348373413086,0.08229424059391022,0.28751686215400696,0.27684617042541504,-0.25005272030830383,0.34968870878219604,0.24902775883674622,-0.40152162313461304,0.4772939085960388,0.21201682090759277,-0.5410988330841064,0.5491735935211182
133,0.29112404584884644,0.8435080051422119,0.22828051447868347,-0.11910859495401382,0.6560012102127075,0.14655381441116333,-0.4601326286792755,0.5159995555877686,0.062279168516397476,-0.6881023645401001,0.36138707399368286,0.03924250230193138,-0.8674137592315674,0.28791719675064087,0.021498048678040504,-0.16620029509067535,0.10098075866699219,-0.09117422997951508,-0.4110746681690216,-0.10774023830890656,-0.1900341510772705,-0.5549578666687012,-0.31912046670913696,-0.15512308478355408,-0.7090685963630676,-0.474761426448822,0.0005382159724831581,-0.0006345194415189326,-0.00019206982688046992,-0.00025023220223374665,-0.0763264074921608,-0.3505794405937195,-0.01996050588786602,-0.21146461367607117,-0.5501074194908142,-0.043840691447257996,-0.3867676556110382,-0.8239699602127075,-0.059206195175647736,0.12819182872772217,0.020372340455651283,0.11491791903972626,0.11246727406978607,-0.3202747106552124,0.12069837749004364,0.022151991724967957,-0.5354675650596619,0.17841927707195282,-0.091326043009758,-0.8167861700057983,0.10579611361026764,0.2539442479610443,0.10282392799854279,0.277985543012619,0.28113120794296265,-0.22499924898147583,0.34388458728790283,0.2509388029575348,-0.3988966941833496,0.4738379120826721,0.20638570189476013,-0.5458006858825684,0.5614509582519531
134,0.29874613881111145,0.8183232545852661,0.23762932419776917,-0.09469880163669586,0.6095570921897888,0.041226401925086975,-0.45506781339645386,0.510238766670227,0.02597649022936821,-0.623557984828949,0.18202516436576843,0.022231867536902428,-0.8035382032394409,0.0365879163146019,0.025136873126029968,-0.13908185064792633,0.08896504342556,-0.1136694848537445,-0.276751846075058,-0.2190118432044983,-0.16818687319755554,-0.5451622009277344,-0.264568030834198,-0.18471375107765198,-0.5743492841720581,-0.6020902395248413,-0.06636542826890945,-0.0004222484421916306,-0.00010106491390615702,-0.00022671572514809668,-0.06776201725006104,-0.3471410274505615,0.0059607503935694695,-0.1539197713136673,-0.5539536476135254,-0.014134855940937996,-0.25613996386528015,-0.8374642133712769,-0.04488306865096092,0.10496166348457336,0.025670364499092102,0.12464530766010284,0.08207497745752335,-0.30223527550697327,0.1459387093782425,0.004114806652069092,-0.5199331641197205,0.2194191962480545,-0.08606261014938354,-0.8082525730133057,0.14936867356300354,0.21164163947105408,0.09082673490047455,0.28974080085754395,0.23889568448066711,-0.19710773229599,0.3738618493080139,0.22750666737556458,-0.3690221309661865,0.4922347068786621,0.19269460439682007,-0.5230556726455688,0.6154301166534424
135,0.3093266487121582,0.808387279510498,0.23760563135147095,-0.03909209743142128,0.566749632358551,-0.09721087664365768,-0.2947617471218109,0.4085150361061096,-0.17718268930912018,-0.5347784757614136,0.11484163999557495,-0.09862389415502548,-0.727802574634552,0.03478841483592987,-0.05915767699480057,-0.07967519015073776,0.05489814281463623,-0.13488313555717468,-0.17621129751205444,-0.288018137216568,-0.1535593867301941,-0.4059707224369049,-0.3938397467136383,-0.20362329483032227,-0.5139705538749695,-0.6665973663330078,-0.11285755783319473,-0.00016601633979007602,-3.2177416869672015e-05,-0.00021455013484228402,-0.048690542578697205,-0.34532520174980164,0.020145822316408157,-0.10155344009399414,-0.5498655438423157,-0.01600523851811886,-0.16603988409042358,-0.83563232421875,-0.09781284630298615,0.07337213307619095,0.02760671079158783,0.1302655041217804,0.06625736504793167,-0.2908453941345215,0.15762671828269958,0.01555948331952095,-0.5063667297363281,0.24369150400161743,-0.06396590918302536,-0.7985406517982483,0.16478794813156128,0.18483752012252808,0.08444249629974365,0.29723793268203735,0.20884999632835388,-0.20326054096221924,0.38439351320266724,0.2024000883102417,-0.3678625226020813,0.47947895526885986,0.1902991086244583,-0.5187430381774902,0.619663417339325
136,0.31646156311035156,0.8016101121902466,0.23200750350952148,-0.040361788123846054,0.5486461520195007,-0.15308696031570435,-0.22082877159118652,0.3588850498199463,-0.27353954315185547,-0.49487030506134033,0.08401483297348022,-0.16501231491565704,-0.688429594039917,0.03498861938714981,-0.10209895670413971,-0.05252249911427498,0.04335819184780121,-0.14704275131225586,-0.1488455832004547,-0.3155924081802368,-0.16000917553901672,-0.3370846211910248,-0.4690915048122406,-0.22002801299095154,-0.4995085597038269,-0.7009605169296265,-0.13638994097709656,-0.00019580317893996835,5.2222803788026795e-06,-0.00022457868908531964,-0.047222308814525604,-0.34419459104537964,0.021716531366109848,-0.08879270404577255,-0.5508551597595215,-0.017608970403671265,-0.1377105861902237,-0.8370329141616821,-0.12124012410640717,0.06525509059429169,0.030505884438753128,0.13372457027435303,0.04990319535136223,-0.28051477670669556,0.16403943300247192,0.005400414578616619,-0.49833181500434875,0.2563965618610382,-0.07530617713928223,-0.7933213710784912,0.17851689457893372,0.16461220383644104,0.08781195431947708,0.29513031244277954,0.18053489923477173,-0.19858384132385254,0.389339804649353,0.17035028338432312,-0.3615320324897766,0.4707232713699341,0.169935941696167,-0.5017501711845398,0.6292901635169983
137,0.3303542733192444,0.7909907102584839,0.2333296239376068,0.009491566568613052,0.5483540296554565,-0.17739759385585785,-0.17146240174770355,0.32048100233078003,-0.32453304529190063,-0.4738525450229645,0.0696282759308815,-0.21120110154151917,-0.6727720499038696,0.04450935125350952,-0.15269088745117188,-0.0340774767100811,0.030659906566143036,-0.15047809481620789,-0.13221734762191772,-0.3323575556278229,-0.16159752011299133,-0.2997428774833679,-0.508001983165741,-0.23603788018226624,-0.477581262588501,-0.7225634455680847,-0.14795711636543274,-0.0002090437337756157,3.121302506770007e-05,-0.0002314182638656348,-0.044705890119075775,-0.34285300970077515,0.019486527889966965,-0.0820259153842926,-0.5483219027519226,-0.02561827190220356,-0.11818039417266846,-0.8325841426849365,-0.14987382292747498,0.06146492063999176,0.035488925874233246,0.13495254516601562,0.038078002631664276,-0.2757154703140259,0.16342037916183472,0.0003749628085643053,-0.49371129274368286,0.25869354605674744,-0.08167125284671783,-0.7890691161155701,0.17208793759346008,0.1583450585603714,0.0935802310705185,0.28956207633018494,0.16162557899951935,-0.19334298372268677,0.38908833265304565,0.14861273765563965,-0.3610570430755615,0.4596253037452698,0.15497645735740662,-0.4958677887916565,0.6334357857704163
138,0.33071041107177734,0.7869546413421631,0.23950813710689545,0.028706055134534836,0.5552542209625244,-0.15950903296470642,-0.1655014455318451,0.30810239911079407,-0.3403945863246918,-0.46215325593948364,0.07174493372440338,-0.26605743169784546,-0.67790687084198,0.04678452014923096,-0.2159319519996643,-0.02705593779683113,0.03193211182951927,-0.1574842631816864,-0.13019615411758423,-0.3379765450954437,-0.16864997148513794,-0.28781312704086304,-0.5262729525566101,-0.23205873370170593,-0.46560561656951904,-0.7294801473617554,-0.1718367040157318,-0.00019799424626398832,4.1697247070260346e-05,-0.0002388409193372354,-0.05049915239214897,-0.3444647192955017,0.007028267718851566,-0.093863844871521,-0.5439329147338867,-0.031594984233379364,-0.11759364604949951,-0.8283313512802124,-0.17130929231643677,0.05617465823888779,0.0370657853782177,0.13930381834506989,0.03327286243438721,-0.2805408835411072,0.15237519145011902,-0.018387697637081146,-0.49241435527801514,0.24899956583976746,-0.09543436020612717,-0.756481409072876,0.23798394203186035,0.14849154651165009,0.09147624671459198,0.2948240041732788,0.147882878780365,-0.187424898147583,0.39988744258880615,0.14663344621658325,-0.34820133447647095,0.46897029876708984,0.14392417669296265,-0.49058687686920166,0.6233992576599121
139,0.3454813063144684,0.7729579210281372,0.26412588357925415,0.06312621384859085,0.5455200672149658,-0.14256951212882996,-0.11713864654302597,0.27832409739494324,-0.37267524003982544,-0.4253520667552948,0.06674768030643463,-0.31138747930526733,-0.6124584674835205,0.03696950152516365,-0.3259532153606415,-0.017073268070816994,0.020441975444555283,-0.15517035126686096,-0.12810906767845154,-0.34240686893463135,-0.17082899808883667,-0.26646187901496887,-0.5397496223449707,-0.21788179874420166,-0.4458141624927521,-0.7342353463172913,-0.18930509686470032,-0.00014740975166205317,4.8641762987244874e-05,-0.00024223080254159868,-0.050715550780296326,-0.3475075960159302,-0.003299771575257182,-0.09755165874958038,-0.5395442843437195,-0.02350211702287197,-0.1065971851348877,-0.8272035121917725,-0.17969346046447754,0.05286242067813873,0.03631579875946045,0.14340367913246155,0.021924426779150963,-0.282223641872406,0.1587291657924652,-0.0361199714243412,-0.486844003200531,0.2518501281738281,-0.1010526716709137,-0.729414701461792,0.2855287194252014,0.14680215716362,0.08505140244960785,0.29735881090164185,0.1381593942642212,-0.18228384852409363,0.4098081588745117,0.14757439494132996,-0.3387760818004608,0.4792293310165405,0.14625829458236694,-0.4787902235984802,0.6282491087913513
140,0.35319042205810547,0.7714236974716187,0.26069027185440063,0.09008544683456421,0.5358532667160034,-0.13126236200332642,-0.08506253361701965,0.25433170795440674,-0.3847915828227997,-0.40312686562538147,0.06144493818283081,-0.335401713848114,-0.5786707997322083,0.024890094995498657,-0.36844030022621155,-0.006894725374877453,0.01199223380535841,-0.15399199724197388,-0.12567898631095886,-0.3447052240371704,-0.17308199405670166,-0.2264539897441864,-0.5335780382156372,-0.21307891607284546,-0.43424680829048157,-0.7359693050384521,-0.20899724960327148,-0.0001103091417462565,5.535910895559937e-05,-0.00024272847804240882,-0.04699195176362991,-0.35070183873176575,-0.0002805583644658327,-0.098117396235466,-0.5363032817840576,-0.02141992188990116,-0.09930165112018585,-0.8275611996650696,-0.18648752570152283,0.0501447394490242,0.03439248725771904,0.14552834630012512,0.021378807723522186,-0.2823328375816345,0.15431281924247742,-0.0448039174079895,-0.4864676296710968,0.2512705326080322,-0.10207636654376984,-0.7186002731323242,0.3085707426071167,0.1277906596660614,0.07511312514543533,0.3055780529975891,0.13161270320415497,-0.181812584400177,0.41663601994514465,0.14908131957054138,-0.33497196435928345,0.48560643196105957,0.14781680703163147,-0.4759422838687897,0.6309221982955933
141,0.3541507422924042,0.7740408182144165,0.2539500594139099,0.0969192311167717,0.5357891917228699,-0.1233464926481247,-0.07844018936157227,0.24782153964042664,-0.3950047194957733,-0.39333492517471313,0.061527326703071594,-0.34555041790008545,-0.5649121403694153,0.01958407461643219,-0.38842371106147766,-0.004454542882740498,0.009877057746052742,-0.15564824640750885,-0.12581467628479004,-0.34790128469467163,-0.1773809790611267,-0.2027875781059265,-0.5331650972366333,-0.20941108465194702,-0.42887628078460693,-0.7376629114151001,-0.20858581364154816,-0.00012819684343412519,5.915688234381378e-05,-0.00024536001728847623,-0.04664140194654465,-0.35256391763687134,-0.0005971518694423139,-0.09937125444412231,-0.5353431105613708,-0.017488038167357445,-0.0956544280052185,-0.8285844326019287,-0.1822788119316101,0.047837089747190475,0.03468123823404312,0.14887338876724243,0.01955847069621086,-0.28276872634887695,0.15257485210895538,-0.05159704387187958,-0.48729658126831055,0.25387898087501526,-0.10162028670310974,-0.7112762928009033,0.326732337474823,0.1150653064250946,0.07384044677019119,0.31431645154953003,0.12645551562309265,-0.18350885808467865,0.4229139983654022,0.1522623896598816,-0.3370378017425537,0.4896298050880432,0.1478893905878067,-0.475564181804657,0.6318068504333496
142,0.35371771454811096,0.7751768827438354,0.25074368715286255,0.09990884363651276,0.5343726873397827,-0.12600363790988922,-0.07569540292024612,0.24346089363098145,-0.39979788661003113,-0.3841388523578644,0.06162858009338379,-0.35017576813697815,-0.55659419298172,0.017501579597592354,-0.3931881785392761,0.006493212655186653,0.007534256670624018,-0.15914592146873474,-0.12611040472984314,-0.3488706946372986,-0.17784953117370605,-0.189115509390831,-0.5337511301040649,-0.20308463275432587,-0.4273669421672821,-0.7388783693313599,-0.20627912878990173,-0.00015248854469973594,6.180332275107503e-05,-0.00024846650194376707,-0.046251051127910614,-0.3528721332550049,0.0007786579662933946,-0.10029837489128113,-0.5348478555679321,-0.012994792312383652,-0.09354779124259949,-0.8302069902420044,-0.1664137840270996,0.04644159600138664,0.03522787243127823,0.149586483836174,0.018169399350881577,-0.28128039836883545,0.15256308019161224,-0.05541528761386871,-0.4875826835632324,0.25559118390083313,-0.10147881507873535,-0.7081634998321533,0.3372718095779419,0.10785546153783798,0.07311968505382538,0.31637516617774963,0.12265539169311523,-0.1825714111328125,0.42516303062438965,0.15226556360721588,-0.3355247974395752,0.4919368624687195,0.14915286004543304,-0.4743718206882477,0.6315971612930298
143,0.3523145318031311,0.7777860164642334,0.2509939670562744,0.10449881851673126,0.5292422771453857,-0.11358392983675003,-0.11488287150859833,0.2820858061313629,-0.38098323345184326,-0.377474844455719,0.0763416588306427,-0.3696193993091583,-0.5487366318702698,0.011923901736736298,-0.40206873416900635,0.0023453193716704845,0.0030170618556439877,-0.15501175820827484,-0.12471336871385574,-0.3483728766441345,-0.1807100474834442,-0.18328958749771118,-0.5292748212814331,-0.20130479335784912,-0.42422962188720703,-0.7366828322410583,-0.20986539125442505,-0.0001648438337724656,5.701791087631136e-05,-0.000246937561314553,-0.045897312462329865,-0.35471779108047485,0.0014317177701741457,-0.10134609043598175,-0.5354549884796143,-0.005571109242737293,-0.09011226147413254,-0.8301230072975159,-0.15694540739059448,0.04648776352405548,0.036044955253601074,0.14998145401477814,0.015187658369541168,-0.28358376026153564,0.16095036268234253,-0.056393612176179886,-0.48818063735961914,0.25900155305862427,-0.10332070291042328,-0.7068639993667603,0.3456403315067291,0.10571371763944626,0.07333812862634659,0.31812548637390137,0.12105301022529602,-0.18586204946041107,0.4277592897415161,0.15451736748218536,-0.33784574270248413,0.49648603796958923,0.1524578034877777,-0.4741828441619873,0.6346269845962524
144,0.33286166191101074,0.7924913167953491,0.19441872835159302,0.11044459044933319,0.5240693688392639,-0.10315044224262238,-0.13179205358028412,0.30131345987319946,-0.3751574158668518,-0.36753907799720764,0.08059629797935486,-0.38011109828948975,-0.5422013998031616,0.008629724383354187,-0.3989962339401245,0.009368949569761753,1.5013851225376129e-05,-0.15848752856254578,-0.11787761747837067,-0.34965378046035767,-0.18218469619750977,-0.18031206727027893,-0.5284475088119507,-0.19537867605686188,-0.42290300130844116,-0.737065851688385,-0.20254695415496826,-0.0001697671541478485,4.939350037602708e-05,-0.00024538260186091065,-0.053238436579704285,-0.3514399528503418,0.00019218039233237505,-0.09921487420797348,-0.5357218980789185,-0.007685637101531029,-0.0853157490491867,-0.8337212800979614,-0.16279076039791107,0.046106599271297455,0.03675245866179466,0.14949467778205872,0.01895327866077423,-0.2841574251651764,0.16007426381111145,-0.051502592861652374,-0.4886114299297333,0.25835302472114563,-0.1001819372177124,-0.7087655663490295,0.34323498606681824,0.1203046590089798,0.07859562337398529,0.31394124031066895,0.12395623326301575,-0.18758562207221985,0.42903292179107666,0.16429385542869568,-0.3399983048439026,0.5015376806259155,0.16104984283447266,-0.475685715675354,0.6366877555847168
145,0.3214513063430786,0.7950152158737183,0.16368530690670013,0.11681456863880157,0.5188444256782532,-0.09457004070281982,-0.0795871838927269,0.2536401152610779,-0.3679989278316498,-0.3397262394428253,0.07769244909286499,-0.38539373874664307,-0.5067415237426758,0.011910730041563511,-0.39793798327445984,0.017899073660373688,-0.00357550336048007,-0.1552298665046692,-0.11474254727363586,-0.3488824963569641,-0.18118436634540558,-0.17088663578033447,-0.523957371711731,-0.19424711167812347,-0.4147396683692932,-0.734452486038208,-0.20792287588119507,-0.00016572599997743964,4.4577434891834855e-05,-0.0002440146345179528,-0.0480489507317543,-0.35310181975364685,-0.006037458311766386,-0.09274585545063019,-0.5327455401420593,-0.008531704545021057,-0.07394662499427795,-0.8310598134994507,-0.16206052899360657,0.04580942913889885,0.036389946937561035,0.1489686220884323,0.021145928651094437,-0.286135196685791,0.16022413969039917,-0.04654500260949135,-0.4856701195240021,0.2616434395313263,-0.09107287973165512,-0.709288477897644,0.34137868881225586,0.11312678456306458,0.07565758377313614,0.3151389956474304,0.1276852786540985,-0.18607190251350403,0.4284322261810303,0.1701936423778534,-0.33236104249954224,0.5037612915039062,0.1700035035610199,-0.47087663412094116,0.6395831108093262
146,0.3048061728477478,0.7922465801239014,0.22217710316181183,0.051225610077381134,0.5231306552886963,-0.10127772390842438,-0.10134019702672958,0.2633647918701172,-0.34828802943229675,-0.33827894926071167,0.04604344815015793,-0.31136196851730347,-0.5324105024337769,-0.060739219188690186,-0.3265148401260376,0.011459149420261383,0.0018453890224918723,-0.15043231844902039,-0.12365970760583878,-0.3599027395248413,-0.15855537354946136,-0.2015906572341919,-0.5376746654510498,-0.16457228362560272,-0.4061552882194519,-0.7363446950912476,-0.19385561347007751,-0.00011190924851689488,3.034494693565648e-05,-0.00022826292843092233,-0.06027817726135254,-0.35450202226638794,0.025156719610095024,-0.08957569301128387,-0.5366348624229431,0.0361834280192852,-0.0624440535902977,-0.8298664093017578,-0.08414231240749359,0.0494084432721138,0.042448289692401886,0.14489495754241943,0.010241674259305,-0.28140828013420105,0.17574533820152283,-0.05049532279372215,-0.46993619203567505,0.29677730798721313,-0.07780882716178894,-0.6994668245315552,0.3959153890609741,0.13265460729599,0.08900231122970581,0.2985183000564575,0.1259257197380066,-0.17057916522026062,0.4284271001815796,0.15957322716712952,-0.31481868028640747,0.5095776319503784,0.15167999267578125,-0.4521496891975403,0.6657588481903076
147,0.2685006856918335,0.8053898811340332,0.23168905079364777,-0.04219803586602211,0.5700877904891968,-0.023726675659418106,-0.284138560295105,0.3749631345272064,-0.25311875343322754,-0.46350371837615967,0.1149311363697052,-0.19930562376976013,-0.6405637860298157,0.009012389928102493,-0.1786646693944931,-0.025874841958284378,0.03877284750342369,-0.142051100730896,-0.22353261709213257,-0.244180828332901,-0.20392578840255737,-0.33332034945487976,-0.40998220443725586,-0.15425699949264526,-0.5557721853256226,-0.5589959621429443,-0.03984152525663376,-4.651443668990396e-05,5.236416473053396e-05,-0.00021207092504482716,-0.06879870593547821,-0.3527558445930481,0.027830852195620537,-0.11419203877449036,-0.5427563190460205,0.03620638698339462,-0.15796199440956116,-0.7876960039138794,0.02973228693008423,0.05363068729639053,0.04247497022151947,0.13879013061523438,0.0130693931132555,-0.2846234440803528,0.17808157205581665,-0.058431342244148254,-0.477389395236969,0.29135948419570923,-0.08911561965942383,-0.7343521118164062,0.3042752742767334,0.14268231391906738,0.09049341827630997,0.29108843207359314,0.1349373459815979,-0.1811528503894806,0.4152988791465759,0.15550804138183594,-0.31979578733444214,0.5040717720985413,0.14326632022857666,-0.4503040909767151,0.6528271436691284
148,0.277940034866333,0.8371933698654175,0.2038286030292511,-0.09627395123243332,0.6122391223907471,0.06380175799131393,-0.40424540638923645,0.4681120216846466,-0.12013760209083557,-0.5255787968635559,0.23918882012367249,-0.12578457593917847,-0.6743822693824768,0.1754697859287262,-0.18167153000831604,-0.09502920508384705,0.057559285312891006,-0.11432099342346191,-0.29529672861099243,-0.21877482533454895,-0.19221091270446777,-0.4395793080329895,-0.39213258028030396,-0.1506454199552536,-0.6029561758041382,-0.5544487237930298,-0.05809487774968147,-0.0003776006633415818,-8.672339754411951e-05,-0.00022141827503219247,-0.05453548580408096,-0.35654693841934204,-0.0027565155178308487,-0.16285830736160278,-0.5557841062545776,0.02205556631088257,-0.2561005651950836,-0.8049903512001038,-0.0029081106185913086,0.08977250009775162,0.03848087042570114,0.12118687480688095,0.06912741810083389,-0.3034293055534363,0.1473333239555359,-0.017765387892723083,-0.509437084197998,0.21667684614658356,-0.0812968760728836,-0.7786164283752441,0.2003725916147232,0.20953285694122314,0.10100441426038742,0.25341296195983887,0.21215495467185974,-0.20512008666992188,0.3683224320411682,0.22791051864624023,-0.3375958800315857,0.48152607679367065,0.19225434958934784,-0.4823985695838928,0.5962857604026794
149,0.28902435302734375,0.850752055644989,0.1813797652721405,-0.10341889411211014,0.6157015562057495,0.17032311856746674,-0.4498893618583679,0.5138325691223145,0.004476241767406464,-0.5224102735519409,0.2893327474594116,-0.03681870177388191,-0.6435794830322266,0.25564897060394287,-0.12037622928619385,-0.14237543940544128,0.06306709349155426,-0.08342187106609344,-0.33879876136779785,-0.21427562832832336,-0.1676415055990219,-0.48197054862976074,-0.39174002408981323,-0.13297000527381897,-0.608206033706665,-0.5736456513404846,-0.06942173093557358,-0.0007178643136285245,-0.00017826835392042994,-0.0002472205087542534,-0.043547626584768295,-0.35975614190101624,-0.02909921482205391,-0.17914074659347534,-0.565510630607605,-0.03541170060634613,-0.26370692253112793,-0.8213183283805847,-0.06035810708999634,0.11799076944589615,0.028447788208723068,0.10103210061788559,0.1176891177892685,-0.30425599217414856,0.10263241082429886,0.026051964610815048,-0.5205726623535156,0.13144032657146454,-0.04540393874049187,-0.8054105043411255,0.09579533338546753,0.2612941265106201,0.09491436183452606,0.21443632245063782,0.2975703775882721,-0.22121788561344147,0.2852400243282318,0.32183122634887695,-0.34898966550827026,0.38372546434402466,0.28075069189071655,-0.5015400052070618,0.5267772078514099
150,0.30581143498420715,0.8444636464118958,0.22033485770225525,-0.0983220636844635,0.6175233125686646,0.23468685150146484,-0.4701598584651947,0.5354065299034119,0.08073697984218597,-0.5250788331031799,0.32271939516067505,0.032276004552841187,-0.6322344541549683,0.3002128601074219,-0.049308307468891144,-0.17047807574272156,0.06753365695476532,-0.06280431151390076,-0.36384841799736023,-0.2107831835746765,-0.15225021541118622,-0.5053562521934509,-0.3963615298271179,-0.11246983706951141,-0.6078910827636719,-0.5903300046920776,-0.0735148936510086,-0.0009319513337686658,-0.00021371940965764225,-0.00026733436970971525,-0.035787925124168396,-0.36608749628067017,-0.05357229337096214,-0.18493658304214478,-0.5700621604919434,-0.08104179799556732,-0.2496177852153778,-0.8348102569580078,-0.09787773340940475,0.13466955721378326,0.021718762814998627,0.09002581983804703,0.14389315247535706,-0.3016408085823059,0.07675405591726303,0.05167144909501076,-0.5307097434997559,0.06582902371883392,-0.014203241094946861,-0.8211477994918823,0.024193624034523964,0.2929759621620178,0.08643636107444763,0.19013777375221252,0.3441718518733978,-0.2309136688709259,0.23469391465187073,0.37236207723617554,-0.3586922287940979,0.31912127137184143,0.332690954208374,-0.512804388999939,0.4719288647174835
151,0.3169691264629364,0.8433247804641724,0.22122731804847717,-0.07818170636892319,0.6030848026275635,0.2507760524749756,-0.4683455228805542,0.546086847782135,0.1696518510580063,-0.553769588470459,0.3056950569152832,0.11151765286922455,-0.631662130355835,0.28278911113739014,-0.000772697851061821,-0.18933938443660736,0.08414614200592041,-0.021428968757390976,-0.37875181436538696,-0.2174413800239563,-0.1466708481311798,-0.4955516755580902,-0.4160422086715698,-0.0816495418548584,-0.5914855003356934,-0.6178323030471802,-0.024822911247611046,-0.001188127207569778,-0.0003020809090230614,-0.0002995440154336393,-0.03814468905329704,-0.3705710768699646,-0.0624406561255455,-0.17721042037010193,-0.5896190404891968,-0.1108265072107315,-0.23583346605300903,-0.8525051474571228,-0.13583868741989136,0.1448715627193451,0.019997086375951767,0.07199680805206299,0.16607332229614258,-0.294050931930542,0.04253331199288368,0.0827394351363182,-0.5348758697509766,0.00860833190381527,0.03263337165117264,-0.8361786603927612,-0.020615853369235992,0.3380071520805359,0.07353685796260834,0.15058644115924835,0.4067673683166504,-0.2340954691171646,0.16148221492767334,0.44708436727523804,-0.3732542395591736,0.2122623324394226,0.40356820821762085,-0.5508203506469727,0.331079363822937
152,0.33684855699539185,0.8302176594734192,0.23636287450790405,-0.07373879849910736,0.6062936186790466,0.2759496569633484,-0.48372653126716614,0.5323098301887512,0.2418815791606903,-0.5828825235366821,0.2805224061012268,0.143366739153862,-0.644173264503479,0.25747954845428467,0.012559240683913231,-0.20726165175437927,0.09448689222335815,-0.0011401660740375519,-0.3837330639362335,-0.22968633472919464,-0.14100103080272675,-0.4883253574371338,-0.43279358744621277,-0.0695100724697113,-0.5740326642990112,-0.6393336057662964,0.012608748860657215,-0.0013236766681075096,-0.00034842718741856515,-0.0003197624464519322,-0.042897842824459076,-0.36206328868865967,-0.07498341798782349,-0.17142483592033386,-0.5995206832885742,-0.13167914748191833,-0.22216090559959412,-0.8623281717300415,-0.15073704719543457,0.15170753002166748,0.019733106717467308,0.05950860679149628,0.17949655652046204,-0.29116761684417725,0.018733516335487366,0.10188823938369751,-0.5376195311546326,-0.03962637484073639,0.05876530334353447,-0.8484481573104858,-0.05559810996055603,0.36223649978637695,0.0689832866191864,0.12207108736038208,0.4358386695384979,-0.23882323503494263,0.10808834433555603,0.47308778762817383,-0.39752742648124695,0.12085222452878952,0.44175612926483154,-0.5751118659973145,0.2023511528968811
153,0.3240669369697571,0.8295145034790039,0.26819655299186707,-0.10210088640451431,0.6185972094535828,0.30141353607177734,-0.4915328025817871,0.5257658958435059,0.2308739721775055,-0.6223126649856567,0.25705182552337646,0.14819124341011047,-0.7016004323959351,0.15992772579193115,0.08253614604473114,-0.22907117009162903,0.08902782946825027,0.011262966319918633,-0.3734053671360016,-0.23269829154014587,-0.1299142837524414,-0.4728948175907135,-0.4406476616859436,-0.059586796909570694,-0.5488514304161072,-0.6534543037414551,0.006384284235537052,-0.0013909690314903855,-0.00037628301652148366,-0.0003255844349041581,-0.03807351738214493,-0.36322158575057983,-0.0759022980928421,-0.1573895514011383,-0.6096771955490112,-0.1510566771030426,-0.21177121996879578,-0.8660511374473572,-0.17678570747375488,0.15659306943416595,0.01018224935978651,0.05540381744503975,0.1878717839717865,-0.29225993156433105,0.006478083319962025,0.12138320505619049,-0.5350501537322998,-0.07777415961027145,0.08319085091352463,-0.8559849858283997,-0.10449713468551636,0.37723132967948914,0.041697412729263306,0.11136656999588013,0.45783695578575134,-0.23563210666179657,0.0856386125087738,0.5023157596588135,-0.40095919370651245,0.077353335916996,0.48075634241104126,-0.5890328884124756,0.12404722720384598
154,0.31883731484413147,0.8312727212905884,0.2836003303527832,-0.09922236949205399,0.6279515027999878,0.3161400854587555,-0.48805829882621765,0.5201314091682434,0.24482837319374084,-0.638124942779541,0.25168514251708984,0.16070300340652466,-0.7216631770133972,0.10453672707080841,0.12587906420230865,-0.2358408123254776,0.08550369739532471,0.01902981847524643,-0.36617356538772583,-0.2398684024810791,-0.11482913792133331,-0.4602010250091553,-0.4477538466453552,-0.032829418778419495,-0.530771017074585,-0.6619714498519897,0.02318418398499489,-0.0014731751289218664,-0.0003930373350158334,-0.0003299639211036265,-0.040579654276371,-0.35710328817367554,-0.08178208768367767,-0.14793896675109863,-0.6067194938659668,-0.15064272284507751,-0.1972818523645401,-0.8700723648071289,-0.1637410819530487,0.16145695745944977,0.007897968403995037,0.046676166355609894,0.19178292155265808,-0.2904297709465027,-0.004957248922437429,0.13478711247444153,-0.5331630706787109,-0.10203056037425995,0.10148172080516815,-0.8547221422195435,-0.13176725804805756,0.38521912693977356,0.03708925098180771,0.09661737084388733,0.47117847204208374,-0.22683751583099365,0.06432464718818665,0.5239216089248657,-0.3901355564594269,0.03449090197682381,0.513086199760437,-0.5766496658325195,0.058226458728313446
155,0.3141816258430481,0.8492408394813538,0.23055100440979004,-0.10378796607255936,0.638788104057312,0.2901366353034973,-0.47397035360336304,0.5171917080879211,0.2869657278060913,-0.6391966938972473,0.22615927457809448,0.18330636620521545,-0.642640233039856,0.06632627546787262,0.1801515519618988,-0.2374364137649536,0.08469105511903763,0.026189446449279785,-0.3737526535987854,-0.2359667718410492,-0.1088365912437439,-0.45588839054107666,-0.44457492232322693,-0.00929300021380186,-0.5019634962081909,-0.6581610441207886,0.053471267223358154,-0.0015003804583102465,-0.0003997765015810728,-0.000334409240167588,-0.04660830274224281,-0.3601453900337219,-0.0676967054605484,-0.14694206416606903,-0.6127582788467407,-0.14146186411380768,-0.19030915200710297,-0.8633005023002625,-0.14851756393909454,0.16172701120376587,0.00013053836300969124,0.03673015534877777,0.18583765625953674,-0.289931982755661,-0.020859595388174057,0.14233389496803284,-0.5322732329368591,-0.11166493594646454,0.11893869191408157,-0.85670006275177,-0.12389864772558212,0.3914657533168793,0.03312690556049347,0.08304160088300705,0.4861019253730774,-0.2248329371213913,0.018774565309286118,0.5482982397079468,-0.3847568929195404,0.00033293478190898895,0.5422486066818237,-0.5962857604026794,0.017421439290046692
156,0.3036617934703827,0.874441921710968,0.09862591326236725,-0.0725027322769165,0.660800576210022,0.220578134059906,-0.4305781126022339,0.5085885524749756,0.32518285512924194,-0.5612046122550964,0.23632082343101501,0.30212995409965515,-0.5887100100517273,0.031168023124337196,0.3249708116054535,-0.22854502499103546,0.08296950161457062,0.05221293866634369,-0.367741197347641,-0.24492864310741425,-0.057204000651836395,-0.44531965255737305,-0.4531059265136719,0.06299964338541031,-0.48379284143447876,-0.6571438312530518,0.1408548802137375,-0.001581533346325159,-0.0004890583222731948,-0.00035534397466108203,-0.06001444160938263,-0.35875093936920166,-0.03443516418337822,-0.15418803691864014,-0.6106132864952087,-0.0856732651591301,-0.19956761598587036,-0.8663766384124756,-0.09959979355335236,0.153387188911438,-0.003721182234585285,0.004862522706389427,0.17183518409729004,-0.28972500562667847,-0.03293228521943092,0.13764367997646332,-0.5343841910362244,-0.09918941557407379,0.13252399861812592,-0.8457770943641663,-0.09948483854532242,0.38420963287353516,0.03817399591207504,0.04369907081127167,0.49277710914611816,-0.22213734686374664,-0.017641298472881317,0.567010223865509,-0.37873929738998413,-0.020544398576021194,0.5718508362770081,-0.6057692766189575,0.008218491449952126
157,0.27115100622177124,0.8950697183609009,0.03176096826791763,-0.05987705662846565,0.6795209646224976,0.1872415542602539,-0.42585086822509766,0.5119238495826721,0.3310723304748535,-0.5063549876213074,0.23894333839416504,0.36539143323898315,-0.568253219127655,-0.007074281573295593,0.3507658839225769,-0.22544266283512115,0.0839846283197403,0.045659296214580536,-0.36359405517578125,-0.24201813340187073,-0.056777097284793854,-0.45029354095458984,-0.44899746775627136,0.04112204909324646,-0.4878252148628235,-0.6568446159362793,0.12383905798196793,-0.0016159146325662732,-0.0004690830537583679,-0.0003648672136478126,-0.06019824370741844,-0.3592454493045807,-0.026528239250183105,-0.14650686085224152,-0.6140106320381165,-0.0635627880692482,-0.20541957020759583,-0.8774770498275757,-0.1015314906835556,0.15252995491027832,-0.0056674969382584095,0.005612492561340332,0.17425066232681274,-0.28651559352874756,-0.03751330077648163,0.1385933756828308,-0.5405572056770325,-0.08966614305973053,0.1377405971288681,-0.8517916202545166,-0.10730341821908951,0.381733775138855,0.03164678066968918,0.032608866691589355,0.5037665367126465,-0.2243027687072754,-0.01781398430466652,0.5858343243598938,-0.376450777053833,-0.010570299811661243,0.5825090408325195,-0.6243228316307068,0.035886358469724655
158,0.26386168599128723,0.9056909084320068,-0.003458922728896141,-0.06622890383005142,0.6906099915504456,0.15462854504585266,-0.4296455979347229,0.5099287629127502,0.31582581996917725,-0.5050687193870544,0.2905403971672058,0.372642457485199,-0.5540437698364258,0.013789062388241291,0.3283621668815613,-0.2266947627067566,0.0889936089515686,0.04519034922122955,-0.35917139053344727,-0.24221232533454895,-0.0665864497423172,-0.44665396213531494,-0.4461739957332611,0.0176278967410326,-0.48405689001083374,-0.6565661430358887,0.10388249903917313,-0.0015893838135525584,-0.0004477031761780381,-0.00035998120438307524,-0.05528289079666138,-0.3576371967792511,-0.03129119798541069,-0.1416696310043335,-0.613550066947937,-0.06170494109392166,-0.20194610953330994,-0.8821629881858826,-0.10903098434209824,0.15350821614265442,-0.004210572689771652,0.0011251000687479973,0.17858514189720154,-0.28059834241867065,-0.03645888715982437,0.14706966280937195,-0.538208544254303,-0.07802882790565491,0.1472962349653244,-0.8446174263954163,-0.11233093589544296,0.3793753385543823,0.037238966673612595,0.01667078025639057,0.4983230531215668,-0.2163369208574295,-0.02101098746061325,0.5982426404953003,-0.3647363781929016,-0.0029887789860367775,0.6000121831893921,-0.6315455436706543,0.04868285730481148
159,0.27411162853240967,0.9048546552658081,-0.01301240362226963,-0.07095666229724884,0.7029891014099121,0.14043839275836945,-0.4076702296733856,0.5067588090896606,0.3321263790130615,-0.48097604513168335,0.2712712287902832,0.40608638525009155,-0.5406655073165894,-0.028527460992336273,0.3963015675544739,-0.22890548408031464,0.08395171165466309,0.0598343163728714,-0.3670114576816559,-0.2437286674976349,-0.04107650741934776,-0.4467005729675293,-0.4439709186553955,0.03627318516373634,-0.4859126806259155,-0.6542103290557861,0.09047235548496246,-0.0016477347817271948,-0.0005225823260843754,-0.00036186835495755076,-0.05238259211182594,-0.3560941517353058,-0.02634735405445099,-0.14962586760520935,-0.6139583587646484,-0.04154127463698387,-0.21613052487373352,-0.8769803047180176,-0.07222165167331696,0.1527215838432312,-0.0045700413174927235,-0.0054423753172159195,0.17722654342651367,-0.27909690141677856,-0.04099410027265549,0.15162454545497894,-0.5347785353660583,-0.07957423478364944,0.162790447473526,-0.837661623954773,-0.07586076855659485,0.3737030029296875,0.0501953661441803,0.007855776697397232,0.49396270513534546,-0.21611273288726807,-0.007505488116294146,0.603891134262085,-0.3501833975315094,0.007803680840879679,0.6267975568771362,-0.5840390920639038,0.07585655152797699
160,0.27349981665611267,0.911653459072113,-0.029111415147781372,-0.07728186994791031,0.7112525701522827,0.1145293340086937,-0.40512728691101074,0.5104933977127075,0.34148335456848145,-0.47029954195022583,0.2578620910644531,0.43246135115623474,-0.5426360368728638,-0.04275421425700188,0.4127963185310364,-0.23167109489440918,0.07433703541755676,0.05845974385738373,-0.36311256885528564,-0.24121353030204773,-0.04299740865826607,-0.45463305711746216,-0.4379040598869324,0.023631084710359573,-0.4874689280986786,-0.644601583480835,0.0691932737827301,-0.0017115111695602536,-0.00052216078620404,-0.0003637300105765462,-0.04997528716921806,-0.3577443063259125,-0.019944898784160614,-0.1369703710079193,-0.6217190027236938,-0.03295566886663437,-0.22996629774570465,-0.8876147866249084,-0.045525334775447845,0.15433034300804138,-0.0006088598165661097,-0.0062774838879704475,0.18490570783615112,-0.2810751795768738,-0.039981067180633545,0.16188322007656097,-0.5362012386322021,-0.06859442591667175,0.1659446358680725,-0.8420163989067078,-0.03273223713040352,0.37501710653305054,0.04865676164627075,0.012709606438875198,0.4914189875125885,-0.2053210288286209,-0.0025509013794362545,0.6017488241195679,-0.3459674119949341,0.01962117850780487,0.6391502618789673,-0.5662908554077148,0.09057365357875824
161,0.2677600085735321,0.90883469581604,-0.00937556941062212,-0.08424006402492523,0.7137040495872498,0.12068981677293777,-0.4210447072982788,0.5184143781661987,0.3287755846977234,-0.5465322732925415,0.2434762418270111,0.32541316747665405,-0.6146776676177979,0.043257348239421844,0.2683069109916687,-0.24065402150154114,0.06815636903047562,0.046026237308979034,-0.36598652601242065,-0.24387308955192566,-0.06701651215553284,-0.45940184593200684,-0.4387786388397217,-0.017005765810608864,-0.48607856035232544,-0.6344249844551086,0.005959000438451767,-0.0016718984115868807,-0.0004477408074308187,-0.0003627754049375653,-0.043602343648672104,-0.3619968295097351,-0.030745336785912514,-0.13492949306964874,-0.6197795271873474,-0.018730157986283302,-0.22945931553840637,-0.8874235153198242,-0.040486909449100494,0.15578550100326538,-0.0011050114408135414,0.007105189375579357,0.19362345337867737,-0.28031474351882935,-0.029894372448325157,0.17457187175750732,-0.5357743501663208,-0.05604489520192146,0.1646735668182373,-0.843527615070343,-0.014934062957763672,0.38062822818756104,0.05338481068611145,0.03978439420461655,0.4906439185142517,-0.2013857215642929,0.011066990904510021,0.5936403274536133,-0.3430144786834717,0.05112319067120552,0.6306279897689819,-0.5595818758010864,0.11549612134695053
162,0.2802141010761261,0.898044764995575,0.04669716954231262,-0.10095909237861633,0.6912271976470947,0.17040395736694336,-0.4430443048477173,0.5119450688362122,0.32535308599472046,-0.6015884280204773,0.21534162759780884,0.26787716150283813,-0.7123513221740723,0.04378429055213928,0.24820935726165771,-0.25108522176742554,0.0707191675901413,0.041975028812885284,-0.36894869804382324,-0.2447148561477661,-0.08667150139808655,-0.4583747088909149,-0.4425792694091797,-0.04895232990384102,-0.4854847192764282,-0.633634090423584,-0.0360431894659996,-0.0016236158553510904,-0.00042297516483813524,-0.00033579341834411025,-0.03553090989589691,-0.3643602728843689,-0.03920307010412216,-0.11749599874019623,-0.6244077682495117,-0.03585214167833328,-0.21884790062904358,-0.8906518816947937,-0.0405634269118309,0.15898212790489197,0.0076278261840343475,0.01763412356376648,0.19918358325958252,-0.2829776704311371,-0.016003699973225594,0.18425267934799194,-0.5306738615036011,-0.05153613165020943,0.17502444982528687,-0.8327236175537109,0.003967581316828728,0.3845556974411011,0.06391238421201706,0.0508718267083168,0.4883124828338623,-0.18388214707374573,0.027228383347392082,0.5877635478973389,-0.3234522342681885,0.07199174165725708,0.6307961940765381,-0.5337762236595154,0.13295701146125793
163,0.28256291151046753,0.8964601755142212,0.07765799015760422,-0.11175829917192459,0.6764817237854004,0.19950342178344727,-0.461473673582077,0.5054550766944885,0.3241293728351593,-0.6379871368408203,0.1976919025182724,0.2305312156677246,-0.7772903442382812,0.04728718847036362,0.2339555323123932,-0.2537074685096741,0.07190661132335663,0.03732393682003021,-0.37322375178337097,-0.24778100848197937,-0.08923950046300888,-0.4636165499687195,-0.4449659585952759,-0.06258592009544373,-0.49020838737487793,-0.6460449695587158,-0.03270051255822182,-0.0015948170330375433,-0.0004103708197362721,-0.00031817698618397117,-0.03259016573429108,-0.3631662130355835,-0.04303853213787079,-0.10372737050056458,-0.6251970529556274,-0.04141804203391075,-0.20533838868141174,-0.8903318643569946,-0.0354679599404335,0.16138383746147156,0.014280570670962334,0.02664834074676037,0.2032102346420288,-0.28353673219680786,-0.009453393518924713,0.19677454233169556,-0.5265775918960571,-0.046854328364133835,0.17451199889183044,-0.827912449836731,0.011601487174630165,0.3863952159881592,0.07130901515483856,0.06087255850434303,0.4881524443626404,-0.17833882570266724,0.03912411257624626,0.5830270648002625,-0.3175128996372223,0.08662286400794983,0.6263227462768555,-0.5189354419708252,0.16057685017585754
164,0.28360310196876526,0.8907467126846313,0.11852242797613144,-0.12127010524272919,0.6754089593887329,0.22049236297607422,-0.4760400354862213,0.5046079754829407,0.3150342106819153,-0.6646538972854614,0.16953158378601074,0.2243782877922058,-0.8129675388336182,0.0455658920109272,0.2202489972114563,-0.2528889775276184,0.06844247877597809,0.04008890315890312,-0.38106846809387207,-0.2555762529373169,-0.06221921369433403,-0.45976316928863525,-0.45891377329826355,-0.04204008728265762,-0.4910094141960144,-0.6653224229812622,-0.0008545722812414169,-0.0016153506003320217,-0.0004006907111033797,-0.0003210468275938183,-0.019292734563350677,-0.3633580505847931,-0.041443660855293274,-0.09541481733322144,-0.6234153509140015,-0.020429491996765137,-0.1761411428451538,-0.8869742751121521,0.03021377883851528,0.162479966878891,0.019202664494514465,0.030328210443258286,0.2069869339466095,-0.28141486644744873,0.0013277227990329266,0.20161205530166626,-0.5219764113426208,-0.02407780848443508,0.18215782940387726,-0.8138655424118042,0.04359085485339165,0.38732826709747314,0.07622534781694412,0.06456700712442398,0.48229438066482544,-0.16255585849285126,0.045959025621414185,0.5804154872894287,-0.31073540449142456,0.10422679781913757,0.6274752616882324,-0.5043383836746216,0.17681211233139038
165,0.2934892475605011,0.8852850198745728,0.15000030398368835,-0.12826962769031525,0.673296332359314,0.23462146520614624,-0.4855816662311554,0.4976223111152649,0.3074902296066284,-0.6793414354324341,0.15163008868694305,0.21980328857898712,-0.818161129951477,0.03854941576719284,0.23868559300899506,-0.25333350896835327,0.06212498992681503,0.03168519586324692,-0.3764907717704773,-0.2627401351928711,-0.06779562681913376,-0.45263105630874634,-0.47235214710235596,-0.05639081820845604,-0.48174822330474854,-0.6816601753234863,-0.016906704753637314,-0.0015924193430691957,-0.00035528381704352796,-0.00032258772989735007,-0.0076178861781954765,-0.3606511354446411,-0.04232349991798401,-0.08212126791477203,-0.6218836903572083,-0.015012234449386597,-0.16100294888019562,-0.8889248371124268,0.0432385578751564,0.15997636318206787,0.0277567021548748,0.03843936324119568,0.20820607244968414,-0.2725037932395935,0.008448468521237373,0.19881072640419006,-0.5188570618629456,-0.009169579483568668,0.18133732676506042,-0.8082634210586548,0.05218702554702759,0.3867824375629425,0.08636540174484253,0.07329818606376648,0.48414701223373413,-0.16365404427051544,0.07334841787815094,0.570050060749054,-0.30187439918518066,0.09862156212329865,0.6153437495231628,-0.49548858404159546,0.16781939566135406
166,0.2980559468269348,0.8812786340713501,0.18016405403614044,-0.12484735995531082,0.6756912469863892,0.2521197199821472,-0.48801684379577637,0.49689048528671265,0.30856338143348694,-0.6868661642074585,0.15920814871788025,0.22264209389686584,-0.8209958672523499,0.03154250606894493,0.25493499636650085,-0.2532716691493988,0.06016882508993149,0.03475534915924072,-0.36728042364120483,-0.27084073424339294,-0.07026887685060501,-0.4473717510700226,-0.48035380244255066,-0.05830305069684982,-0.48064425587654114,-0.6905683279037476,0.0064603304490447044,-0.001594755332916975,-0.0003434783429838717,-0.00032400694908574224,0.0017524180002510548,-0.36201468110084534,-0.03945499658584595,-0.07482517510652542,-0.6187773942947388,0.0002102721482515335,-0.14615559577941895,-0.8892202377319336,0.0758158415555954,0.1602933406829834,0.03138953819870949,0.03936408460140228,0.211440771818161,-0.2682201862335205,0.009852711111307144,0.1993694305419922,-0.5165899991989136,0.009013015776872635,0.1816226691007614,-0.7994655966758728,0.07185114920139313,0.3863890767097473,0.08510110527276993,0.055966392159461975,0.4818788170814514,-0.16533201932907104,0.07640685141086578,0.5592525005340576,-0.30308035016059875,0.09551049768924713,0.5937412977218628,-0.49951279163360596,0.1629505455493927
167,0.2993621230125427,0.8786246180534363,0.20550444722175598,-0.12242808938026428,0.6792708039283752,0.2602733373641968,-0.49025124311447144,0.49555879831314087,0.3079325556755066,-0.6908004283905029,0.16259515285491943,0.22131294012069702,-0.8231325149536133,0.02634057030081749,0.26105570793151855,-0.2533343434333801,0.057330794632434845,0.03812196105718613,-0.3626928925514221,-0.2774854898452759,-0.0665566548705101,-0.44372671842575073,-0.48643630743026733,-0.052057936787605286,-0.48130202293395996,-0.6957417726516724,0.023881031200289726,-0.0016060799825936556,-0.0003413090016692877,-0.00032552704215049744,0.007202645298093557,-0.36407363414764404,-0.036423586308956146,-0.07203245162963867,-0.6173362135887146,0.008742908015847206,-0.1388746052980423,-0.8886750936508179,0.09346947073936462,0.15988034009933472,0.034130848944187164,0.037565648555755615,0.2132604420185089,-0.26367735862731934,0.00815442856401205,0.19970431923866272,-0.5147116184234619,0.020969806239008904,0.18238356709480286,-0.7942450046539307,0.0857965350151062,0.3843814730644226,0.08129045367240906,0.04359116032719612,0.47871196269989014,-0.1645556390285492,0.07409197837114334,0.5504633784294128,-0.3031695485115051,0.09201297163963318,0.5752916932106018,-0.5031719207763672,0.16014623641967773
168,0.3013347387313843,0.870832622051239,0.24382063746452332,-0.1204611212015152,0.6778980493545532,0.26728689670562744,-0.49382442235946655,0.4910721182823181,0.30756354331970215,-0.6974064111709595,0.16269859671592712,0.21281032264232635,-0.8258338570594788,0.022296380251646042,0.25169098377227783,-0.2535158395767212,0.05740858614444733,0.0369449108839035,-0.36176639795303345,-0.2801542282104492,-0.06932467222213745,-0.4426071047782898,-0.48890337347984314,-0.05607942119240761,-0.48256853222846985,-0.6970709562301636,0.02934223785996437,-0.0016048937104642391,-0.0003285630082245916,-0.0003269457083661109,0.009881487116217613,-0.36496949195861816,-0.0378485769033432,-0.07005976885557175,-0.6164896488189697,0.011180872097611427,-0.13518738746643066,-0.8889344930648804,0.09887845069169998,0.15903523564338684,0.035522446036338806,0.03897412493824959,0.21448124945163727,-0.2615588307380676,0.008152186870574951,0.19851766526699066,-0.5141156315803528,0.026235174387693405,0.18010151386260986,-0.7933463454246521,0.08914436399936676,0.3834766149520874,0.08056303858757019,0.04014034569263458,0.47677546739578247,-0.16491694748401642,0.07144910097122192,0.5415136814117432,-0.3056636452674866,0.08850747346878052,0.5566743612289429,-0.5085586309432983,0.15863506495952606
169,0.3036229610443115,0.8643816113471985,0.26251155138015747,-0.12118368595838547,0.6749335527420044,0.2654048800468445,-0.4973767101764679,0.48669469356536865,0.30246806144714355,-0.696974515914917,0.16564679145812988,0.2140674591064453,-0.8291592597961426,0.02112252078950405,0.2477479875087738,-0.25314468145370483,0.0561196431517601,0.0359191820025444,-0.3574652671813965,-0.28522932529449463,-0.07433651387691498,-0.4403769075870514,-0.49041861295700073,-0.06094604730606079,-0.4816449284553528,-0.696198046207428,0.04329158365726471,-0.0015823354478925467,-0.0003161941422149539,-0.0003219230566173792,0.015255161561071873,-0.36613473296165466,-0.03882909566164017,-0.06451024115085602,-0.6164824962615967,0.01907326653599739,-0.13958512246608734,-0.8861181735992432,0.09254612028598785,0.1603415459394455,0.03701840341091156,0.04208122193813324,0.21864193677902222,-0.2626131772994995,0.014459386467933655,0.2022140920162201,-0.5150965452194214,0.037768758833408356,0.17784947156906128,-0.7932475805282593,0.09088093042373657,0.38454461097717285,0.08595530688762665,0.043028056621551514,0.47423055768013,-0.16837038099765778,0.0782589316368103,0.5278327465057373,-0.3080793023109436,0.10121610760688782,0.5422946214675903,-0.5092254877090454,0.18676671385765076
170,0.3049495816230774,0.8714094161987305,0.24225270748138428,-0.13333675265312195,0.6878986358642578,0.23497629165649414,-0.503108024597168,0.49155551195144653,0.28251856565475464,-0.6949583292007446,0.16668438911437988,0.21398603916168213,-0.8395653963088989,0.027574678882956505,0.27003926038742065,-0.25261345505714417,0.05409451201558113,0.02523975633084774,-0.3475891053676605,-0.2884681224822998,-0.06939543783664703,-0.43045881390571594,-0.4881947636604309,-0.049015190452337265,-0.47337040305137634,-0.691950798034668,0.07668284326791763,-0.00153052294626832,-0.0002912163035944104,-0.0003204872482456267,0.014460413716733456,-0.3663178086280823,-0.03757753595709801,-0.057484351098537445,-0.6155259609222412,0.0364050455391407,-0.13006579875946045,-0.8774495720863342,0.12898051738739014,0.16460536420345306,0.04056355357170105,0.04241311922669411,0.21977970004081726,-0.26337042450904846,0.01871160976588726,0.19966845214366913,-0.5143906474113464,0.06042180210351944,0.1750265657901764,-0.7872488498687744,0.13005368411540985,0.38600584864616394,0.08984032273292542,0.05736849457025528,0.46868857741355896,-0.17162001132965088,0.08075439929962158,0.5099537372589111,-0.3173559308052063,0.12959106266498566,0.5160576701164246,-0.5231150984764099,0.19779646396636963
171,0.2985385060310364,0.8913328051567078,0.18138571083545685,-0.14567133784294128,0.7103095054626465,0.19672322273254395,-0.4969126284122467,0.488739937543869,0.2863486111164093,-0.690887451171875,0.16384591162204742,0.22857670485973358,-0.8217421770095825,0.029680803418159485,0.2945186495780945,-0.2460632175207138,0.04657775163650513,0.015819022431969643,-0.33691367506980896,-0.282534658908844,-0.043619345873594284,-0.41460108757019043,-0.48751330375671387,-0.006501117721199989,-0.4596044719219208,-0.6864055395126343,0.12295178323984146,-0.0014066786970943213,-0.00032961671240627766,-0.0002948538458440453,0.013936163857579231,-0.3612385392189026,-0.03452605381608009,-0.06085199490189552,-0.6078052520751953,0.058962903916835785,-0.13535630702972412,-0.8738470077514648,0.14412067830562592,0.16598597168922424,0.046980924904346466,0.037660565227270126,0.21692831814289093,-0.2615359425544739,0.025131970643997192,0.1986161172389984,-0.5078393220901489,0.08813702315092087,0.16723603010177612,-0.7741249799728394,0.17405828833580017,0.38654017448425293,0.10165456682443619,0.06553114205598831,0.4698127806186676,-0.16485446691513062,0.09329450130462646,0.5088516473770142,-0.31393617391586304,0.1548149585723877,0.47567838430404663,-0.533850908279419,0.22733935713768005
172,0.2946094870567322,0.9041707515716553,0.13077114522457123,-0.13104717433452606,0.7157531380653381,0.14664418995380402,-0.4856010675430298,0.4857946038246155,0.2950866222381592,-0.6786855459213257,0.16795355081558228,0.24390053749084473,-0.7161797881126404,-0.0380256213247776,0.27652618288993835,-0.23899546265602112,0.04141681641340256,0.013384604826569557,-0.3308887481689453,-0.2769162654876709,-0.030226752161979675,-0.40952539443969727,-0.4850423336029053,0.016779236495494843,-0.4560067057609558,-0.6849383115768433,0.14272800087928772,-0.0013698384864255786,-0.0003535350551828742,-0.0002879482344724238,0.011401171796023846,-0.3578837513923645,-0.03425424173474312,-0.06745146214962006,-0.6026489734649658,0.07448910176753998,-0.13831348717212677,-0.8679778575897217,0.18768087029457092,0.1668311208486557,0.05076128989458084,0.03262289613485336,0.2147282063961029,-0.259542852640152,0.028737500309944153,0.19640874862670898,-0.5035676956176758,0.10081084072589874,0.1515389084815979,-0.7678648233413696,0.19348789751529694,0.38753584027290344,0.10873131453990936,0.06979585438966751,0.471754789352417,-0.15895166993141174,0.10560625046491623,0.507282018661499,-0.3095196485519409,0.17211683094501495,0.47280675172805786,-0.5201730132102966,0.25391459465026855
173,0.30561935901641846,0.9065341353416443,0.13956689834594727,-0.09357133507728577,0.7204778790473938,0.15003511309623718,-0.4517970681190491,0.47998046875,0.32674330472946167,-0.6378690004348755,0.1817024052143097,0.2965551018714905,-0.6417014002799988,-0.08289018273353577,0.36347758769989014,-0.23144227266311646,0.03307170048356056,0.02584761194884777,-0.3259379267692566,-0.26936912536621094,0.004075441509485245,-0.4087669253349304,-0.4609922766685486,0.09389723092317581,-0.46091750264167786,-0.6680768728256226,0.20625481009483337,-0.0014758247416466475,-0.0003246927517466247,-0.0003202328225597739,0.005019370466470718,-0.36405429244041443,-0.026773152872920036,-0.07221376895904541,-0.5879751443862915,0.12914949655532837,-0.1402367651462555,-0.8127138614654541,0.27314120531082153,0.16439726948738098,0.05023398622870445,0.02368941530585289,0.20728659629821777,-0.2582847476005554,0.0403217114508152,0.17094935476779938,-0.4787219762802124,0.17280736565589905,0.1254892647266388,-0.6934952139854431,0.2996285557746887,0.38174110651016235,0.12126070261001587,0.07053613662719727,0.46124058961868286,-0.14887751638889313,0.13605786859989166,0.49200013279914856,-0.29059740900993347,0.24181827902793884,0.45757973194122314,-0.4591646194458008,0.3749684691429138
174,0.31161028146743774,0.9078201651573181,0.14435303211212158,-0.07317917793989182,0.7230488061904907,0.15188023447990417,-0.4334028959274292,0.47681674361228943,0.3439689874649048,-0.6156589984893799,0.18918372690677643,0.3252066373825073,-0.6011746525764465,-0.10730284452438354,0.41079139709472656,-0.22733226418495178,0.028530780225992203,0.03262924775481224,-0.32324397563934326,-0.2652624249458313,0.02274067886173725,-0.4083542227745056,-0.44790560007095337,0.13586030900478363,-0.4635896682739258,-0.6589018106460571,0.24082237482070923,-0.00153349619358778,-0.00030899845296517015,-0.00033780018566176295,0.0015467696357518435,-0.36741191148757935,-0.022702384740114212,-0.07480514049530029,-0.5799905061721802,0.1588924676179886,-0.1412833034992218,-0.7826423645019531,0.31964370608329773,0.16307291388511658,0.04994706064462662,0.018828339874744415,0.20323732495307922,-0.25760018825531006,0.04662515968084335,0.15709584951400757,-0.4652023911476135,0.21198363602161407,0.11131458729505539,-0.6530276536941528,0.3573840856552124,0.378587931394577,0.12807846069335938,0.07093895971775055,0.4555193781852722,-0.14339575171470642,0.1526278555393219,0.48368462920188904,-0.280301034450531,0.2797456979751587,0.4492940902709961,-0.42596742510795593,0.44083887338638306
175,0.3168709874153137,0.9082117080688477,0.14781543612480164,-0.06252503395080566,0.7367949485778809,0.17999449372291565,-0.4261506199836731,0.48146870732307434,0.3395528197288513,-0.5914669036865234,0.2129473239183426,0.3525540828704834,-0.6244460344314575,0.008906852453947067,0.4185445308685303,-0.22726774215698242,0.03339491784572601,0.03870060294866562,-0.31405532360076904,-0.25935715436935425,0.042593132704496384,-0.4138255715370178,-0.4215139150619507,0.18403273820877075,-0.4792281985282898,-0.6021766662597656,0.31270837783813477,-0.001578643685206771,-0.00032940611708909273,-0.0003249344299547374,-0.008581457659602165,-0.3759375810623169,0.00015619583427906036,-0.08057396113872528,-0.5648294687271118,0.20519906282424927,-0.14433765411376953,-0.7492258548736572,0.393760085105896,0.16541196405887604,0.04732230305671692,0.01639692485332489,0.2042333036661148,-0.25829097628593445,0.06275294721126556,0.15534311532974243,-0.44183585047721863,0.2720700800418854,0.11963312327861786,-0.5979108810424805,0.45623016357421875,0.38351935148239136,0.12813504040241241,0.077043816447258,0.45392417907714844,-0.1427856683731079,0.17486661672592163,0.4816911518573761,-0.2634686231613159,0.3265773057937622,0.44934725761413574,-0.3817880153656006,0.5146054625511169
176,0.31797072291374207,0.9070512652397156,0.1522241085767746,-0.042762819677591324,0.724318265914917,0.1765202134847641,-0.42253226041793823,0.4842257499694824,0.3384672999382019,-0.583951473236084,0.22303438186645508,0.36649370193481445,-0.6398830413818359,0.06534820050001144,0.4247874915599823,-0.2263229489326477,0.0351124033331871,0.042457327246665955,-0.31077927350997925,-0.2569711208343506,0.05173538252711296,-0.4167051911354065,-0.410426527261734,0.21072876453399658,-0.48822900652885437,-0.5798211097717285,0.34837472438812256,-0.0016087326221168041,-0.00033343042014166713,-0.000323186453897506,-0.010786036029458046,-0.3736088275909424,0.008919702842831612,-0.08526166528463364,-0.559496283531189,0.22308725118637085,-0.1482456922531128,-0.7374163866043091,0.41910648345947266,0.16682636737823486,0.04574863612651825,0.015809781849384308,0.20360882580280304,-0.2585216760635376,0.07071861624717712,0.15305477380752563,-0.4309537410736084,0.2997207045555115,0.12395049631595612,-0.5743770599365234,0.5039604902267456,0.38502752780914307,0.1250211000442505,0.07752180099487305,0.45438042283058167,-0.14681562781333923,0.18362712860107422,0.48074081540107727,-0.2606245279312134,0.3450317978858948,0.4485745429992676,-0.36829495429992676,0.549353301525116
177,0.31514835357666016,0.9063100218772888,0.1528054177761078,-0.040188126266002655,0.7354069948196411,0.20067277550697327,-0.41772013902664185,0.49039220809936523,0.33373555541038513,-0.5734554529190063,0.23496411740779877,0.3826807141304016,-0.6444509029388428,0.10638308525085449,0.44887053966522217,-0.22701841592788696,0.03589184582233429,0.051306597888469696,-0.3042832612991333,-0.2602362036705017,0.09422043710947037,-0.416703999042511,-0.4021812081336975,0.23791207373142242,-0.48571133613586426,-0.5613923072814941,0.3822513818740845,-0.0016707254108041525,-0.00035915523767471313,-0.0003237304918002337,-0.009462069720029831,-0.3792455792427063,0.03128267824649811,-0.07886123657226562,-0.5430140495300293,0.2495817244052887,-0.14779998362064362,-0.6956784725189209,0.4572504758834839,0.17010432481765747,0.044519420713186264,0.008148266933858395,0.21006546914577484,-0.260215699672699,0.0850478783249855,0.16865023970603943,-0.406569242477417,0.3317219614982605,0.15062794089317322,-0.5316771268844604,0.5579442977905273,0.38854408264160156,0.12722578644752502,0.06936278194189072,0.45756950974464417,-0.13884299993515015,0.18598085641860962,0.48615407943725586,-0.24569401144981384,0.3573157787322998,0.46176332235336304,-0.34768033027648926,0.570056140422821
178,0.3157575726509094,0.9064674377441406,0.14606504142284393,-0.03779088705778122,0.7428441643714905,0.2131277322769165,-0.41366490721702576,0.4930192232131958,0.33359137177467346,-0.5317245721817017,0.240814670920372,0.4254242479801178,-0.6425246000289917,0.13155688345432281,0.4656466245651245,-0.2284747213125229,0.03825867176055908,0.05815524607896805,-0.3003051280975342,-0.26197999715805054,0.11751977354288101,-0.4138360023498535,-0.40036046504974365,0.2543279826641083,-0.48201632499694824,-0.5547434091567993,0.40382465720176697,-0.0017156361136585474,-0.00038606871385127306,-0.0003245353582315147,-0.008727784268558025,-0.38338571786880493,0.04521990567445755,-0.07549649477005005,-0.534552812576294,0.2669793367385864,-0.146794855594635,-0.6726969480514526,0.4814455807209015,0.17230084538459778,0.042643941938877106,0.00397562375292182,0.21437335014343262,-0.263129860162735,0.09308585524559021,0.17844069004058838,-0.3966624438762665,0.34883737564086914,0.16635870933532715,-0.510306715965271,0.5882441997528076,0.3931235074996948,0.12346038222312927,0.06259924173355103,0.4614441990852356,-0.13737723231315613,0.1855604499578476,0.4913921654224396,-0.23903661966323853,0.36252737045288086,0.4710824489593506,-0.33545637130737305,0.5805379748344421
179,0.3089226186275482,0.9101559519767761,0.1399744302034378,-0.03532644361257553,0.7452160120010376,0.21468690037727356,-0.41233980655670166,0.4890703558921814,0.32439833879470825,-0.5059711933135986,0.24375560879707336,0.43348228931427,-0.6460442543029785,0.1350097954273224,0.45701420307159424,-0.2273850440979004,0.03981819748878479,0.05543176084756851,-0.3062611222267151,-0.257793128490448,0.08655199408531189,-0.4133397340774536,-0.3977139890193939,0.25077182054519653,-0.4771343469619751,-0.5711607933044434,0.3986063599586487,-0.001711760414764285,-0.000374016584828496,-0.0003274718183092773,-0.010784519836306572,-0.3865751326084137,0.042564257979393005,-0.07721707224845886,-0.5392273664474487,0.25892555713653564,-0.14144034683704376,-0.6930109262466431,0.46138638257980347,0.17137831449508667,0.04529345780611038,0.00519283302128315,0.21412941813468933,-0.2634117603302002,0.09230600297451019,0.17912790179252625,-0.3981010317802429,0.3487457036972046,0.1695643663406372,-0.5144560933113098,0.587505042552948,0.392450213432312,0.12141208350658417,0.057515911757946014,0.4628137946128845,-0.13613882660865784,0.18522456288337708,0.48976999521255493,-0.24030157923698425,0.36169856786727905,0.4689250886440277,-0.34184688329696655,0.57993483543396
180,0.3075377345085144,0.9112439155578613,0.13849397003650665,-0.025802183896303177,0.7286776304244995,0.19714602828025818,-0.4122925400733948,0.48635604977607727,0.3230491876602173,-0.49208956956863403,0.2423955500125885,0.43730828166007996,-0.6489847898483276,0.13375988602638245,0.4548744559288025,-0.22639697790145874,0.040767595171928406,0.05306616425514221,-0.3101651668548584,-0.25592803955078125,0.0631955936551094,-0.41320472955703735,-0.39950552582740784,0.24268975853919983,-0.4754871726036072,-0.5852313041687012,0.38634616136550903,-0.0017091541085392237,-0.0003701196110341698,-0.0003296355716884136,-0.009934843517839909,-0.3794727325439453,0.03797110915184021,-0.07871896028518677,-0.5445996522903442,0.2427632212638855,-0.1403079777956009,-0.7097307443618774,0.43328574299812317,0.17048338055610657,0.04751741886138916,0.007307249587029219,0.21335875988006592,-0.26292145252227783,0.08915284276008606,0.17829880118370056,-0.40218326449394226,0.34337669610977173,0.1704990565776825,-0.5219489932060242,0.5788495540618896,0.3914906978607178,0.12062312662601471,0.055018700659275055,0.4637860655784607,-0.13468262553215027,0.18278881907463074,0.4881289005279541,-0.24128207564353943,0.3550693392753601,0.46703338623046875,-0.346657931804657,0.5745450258255005
181,0.307908296585083,0.9138330221176147,0.1435486376285553,-0.03217777609825134,0.7274622321128845,0.2158699482679367,-0.41226720809936523,0.4819715619087219,0.32339775562286377,-0.4887121915817261,0.238652765750885,0.43288809061050415,-0.654184103012085,0.13106845319271088,0.4328368604183197,-0.226192444562912,0.04025060683488846,0.05096502974629402,-0.3150782585144043,-0.2547660768032074,0.03981268033385277,-0.4157925248146057,-0.4039357900619507,0.22845295071601868,-0.4753039479255676,-0.5974262356758118,0.3648977279663086,-0.0016855833819136024,-0.0003633679007180035,-0.00033142362372018397,-0.01021868921816349,-0.3764786422252655,0.03153787553310394,-0.07987521588802338,-0.5475035309791565,0.2267778366804123,-0.14233699440956116,-0.7187195420265198,0.39790651202201843,0.17015160620212555,0.0490327849984169,0.007806079927831888,0.20968718826770782,-0.26218509674072266,0.08577877283096313,0.17464786767959595,-0.4054393172264099,0.3332495391368866,0.17183741927146912,-0.530906081199646,0.5631353855133057,0.3910687267780304,0.12074992060661316,0.0509493388235569,0.46129363775253296,-0.13222816586494446,0.1788591742515564,0.4839705228805542,-0.24208992719650269,0.34702545404434204,0.46466782689094543,-0.34873148798942566,0.5673261880874634
182,0.3056027889251709,0.9143117666244507,0.1434062123298645,-0.03722841665148735,0.7254559397697449,0.22502493858337402,-0.41398391127586365,0.479916512966156,0.3273571729660034,-0.4888347089290619,0.18008987605571747,0.42765310406684875,-0.6558669805526733,0.1215180903673172,0.4116417169570923,-0.22799795866012573,0.0418449267745018,0.046755626797676086,-0.3180999755859375,-0.25473976135253906,0.018948044627904892,-0.41631215810775757,-0.409420907497406,0.2097344994544983,-0.47473931312561035,-0.6072518229484558,0.3444937467575073,-0.0016536532202735543,-0.00034913624403998256,-0.0003318111412227154,-0.00919855572283268,-0.37429535388946533,0.02716616541147232,-0.07354080677032471,-0.5442854762077332,0.21922484040260315,-0.14463964104652405,-0.7256920337677002,0.3741508424282074,0.16957294940948486,0.05057396739721298,0.00899496953934431,0.20698562264442444,-0.2620489001274109,0.0832241028547287,0.17116516828536987,-0.408607542514801,0.32572340965270996,0.1717100739479065,-0.5372579097747803,0.5512458682060242,0.3913222551345825,0.12250728160142899,0.05500974878668785,0.4591802656650543,-0.1322520226240158,0.17818868160247803,0.48057863116264343,-0.24379992485046387,0.3449849486351013,0.4620787501335144,-0.35034945607185364,0.5661858320236206
183,0.30535557866096497,0.9160478115081787,0.1356346607208252,-0.04427725821733475,0.72861248254776,0.22086483240127563,-0.42101454734802246,0.4854485094547272,0.32339686155319214,-0.5002719759941101,0.15771067142486572,0.42676085233688354,-0.657181978225708,0.12002977728843689,0.39285510778427124,-0.23006093502044678,0.04468122124671936,0.047667957842350006,-0.3181697726249695,-0.25615599751472473,0.008281435817480087,-0.41672515869140625,-0.4148632287979126,0.18682071566581726,-0.47319817543029785,-0.6101011037826538,0.3306708335876465,-0.0016524363309144974,-0.0003634990134742111,-0.0003298663068562746,-0.008953469805419445,-0.37990179657936096,0.03087032586336136,-0.06646924465894699,-0.5409642457962036,0.22979497909545898,-0.1415303647518158,-0.7226306200027466,0.3786128759384155,0.17087513208389282,0.04953194782137871,0.00871509313583374,0.20905953645706177,-0.26487404108047485,0.08749046921730042,0.1710362732410431,-0.4053071439266205,0.33230531215667725,0.1736583411693573,-0.5310666561126709,0.5614351034164429,0.3914938271045685,0.12428249418735504,0.06158457323908806,0.46063321828842163,-0.12744873762130737,0.18166080117225647,0.4820847809314728,-0.23826518654823303,0.3495442569255829,0.46756041049957275,-0.34175625443458557,0.5772190093994141
184,0.30692070722579956,0.9146560430526733,0.1276583969593048,-0.04584895819425583,0.7332508563995361,0.2061535120010376,-0.4232136309146881,0.4880814552307129,0.3192484378814697,-0.5060429573059082,0.14951364696025848,0.42554739117622375,-0.6556381583213806,0.10518835484981537,0.40532755851745605,-0.23091447353363037,0.04651215672492981,0.046839840710163116,-0.31804466247558594,-0.2594095468521118,0.009347602725028992,-0.41657739877700806,-0.4186265468597412,0.18111072480678558,-0.4705381691455841,-0.6086927056312561,0.3311033248901367,-0.0016685251612216234,-0.0003687485004775226,-0.0003249398141633719,-0.008959634229540825,-0.38265755772590637,0.041293058544397354,-0.06112261116504669,-0.5379475951194763,0.24848952889442444,-0.14034153521060944,-0.7155171632766724,0.40356844663619995,0.1733747124671936,0.04919620603322983,0.009312381036579609,0.21336627006530762,-0.26579388976097107,0.0965157300233841,0.1739579439163208,-0.39890366792678833,0.3475925326347351,0.17680075764656067,-0.5186980366706848,0.5830704569816589,0.3926442265510559,0.12620632350444794,0.06751430034637451,0.46435248851776123,-0.12553609907627106,0.1884549856185913,0.4787444472312927,-0.233943909406662,0.35728752613067627,0.47395533323287964,-0.33085745573043823,0.5898030400276184
185,0.3031836152076721,0.9148565530776978,0.12794770300388336,-0.057707399129867554,0.7329421639442444,0.17782318592071533,-0.42880821228027344,0.4703407883644104,0.33929532766342163,-0.5104746222496033,0.1640130579471588,0.4296545386314392,-0.6532642841339111,0.1186128780245781,0.439663290977478,-0.23240166902542114,0.03778230398893356,0.04373841732740402,-0.30889904499053955,-0.26592016220092773,0.06185371056199074,-0.4107179343700409,-0.4160706102848053,0.2048848271369934,-0.4560554623603821,-0.5953896045684814,0.3660556674003601,-0.0015659285709261894,-0.0003962683549616486,-0.0003116430598311126,-0.004245093557983637,-0.3823307156562805,0.06244323402643204,-0.05164474993944168,-0.5162243843078613,0.2954642176628113,-0.13034440577030182,-0.6722211837768555,0.47693756222724915,0.17475435137748718,0.04190954193472862,0.009998084977269173,0.2090417891740799,-0.26393556594848633,0.1154746413230896,0.17535197734832764,-0.3832249641418457,0.3753189146518707,0.16550907492637634,-0.4826921224594116,0.614838719367981,0.3890916109085083,0.12034918367862701,0.07977665960788727,0.4573153555393219,-0.13224565982818604,0.2255181074142456,0.47899413108825684,-0.21490126848220825,0.3920571506023407,0.4724860191345215,-0.2962123155593872,0.6143666505813599
186,0.3029440641403198,0.9080180525779724,0.14949306845664978,-0.06632478535175323,0.732984185218811,0.17400872707366943,-0.4339762330055237,0.44478023052215576,0.3510150909423828,-0.5455532073974609,0.1502872109413147,0.402459055185318,-0.667144775390625,0.09907190501689911,0.45399945974349976,-0.22929412126541138,0.02628963813185692,0.04387015849351883,-0.30121752619743347,-0.2699640393257141,0.09694217145442963,-0.3995027542114258,-0.41599082946777344,0.23686188459396362,-0.45155438780784607,-0.5882840156555176,0.3817657232284546,-0.0015688450075685978,-0.0003848461783491075,-0.0003239701618440449,-0.003616645932197571,-0.3809690475463867,0.06530554592609406,-0.04429590702056885,-0.5087969303131104,0.30660387873649597,-0.08919889479875565,-0.651594877243042,0.4921971559524536,0.1684969961643219,0.04208873212337494,0.01118876226246357,0.21323354542255402,-0.25885507464408875,0.1221918836236,0.17358005046844482,-0.3758165240287781,0.3678544759750366,0.16256064176559448,-0.47745203971862793,0.6035994291305542,0.38984569907188416,0.12960070371627808,0.08832263946533203,0.4492689371109009,-0.118879534304142,0.2329941987991333,0.4680273234844208,-0.2082696110010147,0.4084516763687134,0.4602271318435669,-0.28686457872390747,0.6195570230484009
187,0.30796581506729126,0.8984693884849548,0.1559198498725891,-0.06853293627500534,0.7337542772293091,0.1736413538455963,-0.43526941537857056,0.4330487847328186,0.35518670082092285,-0.5616376996040344,0.14303158223628998,0.3909671902656555,-0.670673668384552,0.08815984427928925,0.47221964597702026,-0.22670668363571167,0.01913420483469963,0.04398298263549805,-0.29468750953674316,-0.2737974524497986,0.11363449692726135,-0.39093655347824097,-0.4181538224220276,0.25169673562049866,-0.44637179374694824,-0.5859429836273193,0.3907620906829834,-0.0015880647115409374,-0.0003804676525760442,-0.000332292023813352,-0.003824718529358506,-0.3801526129245758,0.06710919737815857,-0.041325852274894714,-0.5046221017837524,0.30904096364974976,-0.0822114497423172,-0.6270872354507446,0.5076411962509155,0.16370892524719238,0.04296250641345978,0.011516455560922623,0.2149975448846817,-0.2547270357608795,0.12753312289714813,0.17264190316200256,-0.3723605275154114,0.36182016134262085,0.16491244733333588,-0.47597187757492065,0.5839736461639404,0.38903144001960754,0.13371330499649048,0.09255993366241455,0.4442017078399658,-0.10978597402572632,0.23776665329933167,0.4626237154006958,-0.20319896936416626,0.41742122173309326,0.45481958985328674,-0.2808639109134674,0.6246638298034668
188,0.31223371624946594,0.8931549787521362,0.15388073027133942,-0.0667152851819992,0.7367117404937744,0.17497612535953522,-0.4315145015716553,0.4242474436759949,0.3590274751186371,-0.5675275325775146,0.13877595961093903,0.3836926221847534,-0.6708337068557739,0.08339527249336243,0.48178741335868835,-0.22467279434204102,0.014485340565443039,0.04285869002342224,-0.2916141152381897,-0.2747546434402466,0.1253618597984314,-0.38686156272888184,-0.41730692982673645,0.26504310965538025,-0.4441693127155304,-0.5821775794029236,0.40235984325408936,-0.0016037048771977425,-0.0003773079952225089,-0.0003381759161129594,-0.0018302821554243565,-0.37992405891418457,0.0700911283493042,-0.039665691554546356,-0.5016005635261536,0.31277358531951904,-0.07793742418289185,-0.6126399040222168,0.5190340876579285,0.16080710291862488,0.04204560071229935,0.011816170066595078,0.21529361605644226,-0.25252261757850647,0.13135719299316406,0.17057570815086365,-0.3701915442943573,0.3607373833656311,0.16208074986934662,-0.47565412521362305,0.5876930356025696,0.3891561031341553,0.13520345091819763,0.0947178453207016,0.44025158882141113,-0.10727700591087341,0.24153351783752441,0.45792192220687866,-0.20239898562431335,0.42203283309936523,0.4499340057373047,-0.2799481749534607,0.6275001764297485
189,0.29450318217277527,0.9067926406860352,0.14292371273040771,-0.08238914608955383,0.7424960136413574,0.1483021378517151,-0.43686234951019287,0.43941864371299744,0.32227960228919983,-0.5835646390914917,0.1378151923418045,0.36424002051353455,-0.7104699611663818,0.08599700778722763,0.4644927382469177,-0.2188425064086914,0.017110316082835197,0.020159631967544556,-0.2784444987773895,-0.28703540563583374,0.12280392646789551,-0.37768518924713135,-0.4292653799057007,0.29957491159439087,-0.4259932041168213,-0.5593169927597046,0.482972115278244,-0.0015614402946084738,-0.0002907165908254683,-0.00032677134731784463,-0.0013974966714158654,-0.37423786520957947,0.10154196619987488,-0.04425720125436783,-0.49423617124557495,0.3511347770690918,-0.08793565630912781,-0.6099759340286255,0.5522726774215698,0.15750116109848022,0.050526782870292664,0.022762568667531013,0.1979568600654602,-0.24277624487876892,0.15730056166648865,0.15332746505737305,-0.358768105506897,0.3760669231414795,0.14795130491256714,-0.4818018078804016,0.599818229675293,0.3713526129722595,0.15421825647354126,0.12026330828666687,0.4189411401748657,-0.07940114289522171,0.27439969778060913,0.4280238151550293,-0.17857801914215088,0.4439736008644104,0.42004644870758057,-0.2613812983036041,0.6280171275138855
190,0.2358485758304596,0.9055649042129517,0.12464439123868942,-0.1320156753063202,0.673342227935791,0.042526546865701675,-0.4651341438293457,0.40230709314346313,0.07475518435239792,-0.6411452293395996,0.09459306299686432,0.06567755341529846,-0.8086044788360596,-0.0048041753470897675,0.09295472502708435,-0.17560593783855438,-0.001245550811290741,-0.06799216568470001,-0.24122834205627441,-0.318891704082489,0.028390366584062576,-0.3755660057067871,-0.4262256622314453,0.1716119796037674,-0.4567834138870239,-0.5177698731422424,0.33930468559265137,-0.0011277938028797507,-0.00016610018792562187,-0.00026019031065516174,-0.03359116613864899,-0.3652861714363098,0.09790228307247162,-0.10905694961547852,-0.46859779953956604,0.31349146366119385,-0.22476905584335327,-0.5407503843307495,0.4908348321914673,0.11378110945224762,0.0612800195813179,0.07981978356838226,0.11298520863056183,-0.25371253490448,0.18753081560134888,0.040604159235954285,-0.38179898262023926,0.3832951784133911,-0.01681925356388092,-0.4947189390659332,0.6107120513916016,0.25737839937210083,0.14757505059242249,0.21343787014484406,0.2640869617462158,-0.10517998039722443,0.35628047585487366,0.2382325679063797,-0.20959728956222534,0.5014179348945618,0.18895593285560608,-0.24796463549137115,0.664096474647522
191,0.2148246169090271,0.8958679437637329,-0.026346027851104736,-0.1506430208683014,0.5995512008666992,-0.14419437944889069,-0.444550096988678,0.30405938625335693,-0.13908717036247253,-0.6053901314735413,-0.010915994644165039,-0.12721142172813416,-0.8084345459938049,-0.1505344957113266,-0.061695318669080734,-0.11370738595724106,-0.03910083323717117,-0.1280895471572876,-0.19713899493217468,-0.34237247705459595,0.01594408228993416,-0.36461010575294495,-0.4081493020057678,0.12728053331375122,-0.4963398873806,-0.4556688368320465,0.30348193645477295,-0.0007843393832445145,-7.151496538426727e-05,-0.00021012236538808793,-0.08585791289806366,-0.32941800355911255,0.14005987346172333,-0.21692287921905518,-0.39065033197402954,0.3082483112812042,-0.3562992215156555,-0.42812514305114746,0.43576765060424805,0.06923315674066544,0.08068902790546417,0.10584940016269684,0.000485442578792572,-0.19737321138381958,0.2509056031703949,-0.12871824204921722,-0.2602408230304718,0.40137994289398193,-0.2186659872531891,-0.31376299262046814,0.5612254738807678,0.18067651987075806,0.16425669193267822,0.2359345704317093,0.11177447438240051,-0.011560384184122086,0.4200032353401184,0.03773004561662674,-0.06364131718873978,0.530517041683197,-0.08188505470752716,-0.13719913363456726,0.6633832454681396
192,0.31969988346099854,0.8668030500411987,-0.09021313488483429,0.02291151136159897,0.4917623996734619,-0.2672787606716156,-0.27590128779411316,0.12734141945838928,-0.29675576090812683,-0.4204200506210327,-0.20328527688980103,-0.23041746020317078,-0.5452734231948853,-0.3854386806488037,-0.202589213848114,-0.03552243858575821,-0.08082626014947891,-0.14337876439094543,-0.14806273579597473,-0.36406823992729187,-0.036760441958904266,-0.33575135469436646,-0.46834221482276917,0.03982965275645256,-0.5451062917709351,-0.5168549418449402,0.13891398906707764,-0.00038315245183184743,-2.244257484562695e-05,-0.0001294616813538596,-0.08419466018676758,-0.33673590421676636,0.1169491857290268,-0.27066731452941895,-0.42099207639694214,0.24377025663852692,-0.4493740499019623,-0.5148674249649048,0.31694063544273376,0.02388671785593033,0.07703977823257446,0.11227041482925415,-0.09266171604394913,-0.1404615193605423,0.22367186844348907,-0.23545992374420166,-0.21947261691093445,0.29015836119651794,-0.3445081114768982,-0.32525157928466797,0.39072245359420776,0.053789883852005005,0.19996416568756104,0.2176220715045929,-0.07182188332080841,0.08772694319486618,0.36156895756721497,-0.15119577944278717,0.05430181324481964,0.37489575147628784,-0.24805399775505066,-0.0014670565724372864,0.4656953811645508
193,0.3474128544330597,0.8251081705093384,-0.20385806262493134,0.10235331952571869,0.4103778004646301,-0.380937397480011,-0.15089759230613708,0.0019674748182296753,-0.4287649989128113,-0.29919448494911194,-0.35899654030799866,-0.34119129180908203,-0.4539962708950043,-0.5518329739570618,-0.20178838074207306,0.014178331941366196,-0.11524750292301178,-0.1513707935810089,-0.0933820977807045,-0.4063579738140106,-0.015759067609906197,-0.2895399332046509,-0.5227046608924866,0.013968694023787975,-0.4921106696128845,-0.5837607383728027,0.02059311419725418,-0.00010920444037765265,7.395112334052101e-05,-0.0001407284871675074,-0.10856227576732635,-0.31952956318855286,0.11597991734743118,-0.30736833810806274,-0.4096824824810028,0.17538104951381683,-0.44604384899139404,-0.507109522819519,0.17473657429218292,-0.007328741252422333,0.10090750455856323,0.10101276636123657,-0.15874038636684418,-0.08287107199430466,0.21290700137615204,-0.3342147469520569,-0.1579272598028183,0.16182556748390198,-0.47791993618011475,-0.283530592918396,0.23649080097675323,-0.040139779448509216,0.2660706341266632,0.14229096472263336,-0.24203640222549438,0.1805230677127838,0.2542562186717987,-0.3218589425086975,0.12657329440116882,0.24242787063121796,-0.42955219745635986,0.04307832196354866,0.30058789253234863
194,0.36360645294189453,0.8049489259719849,-0.2454451322555542,0.1490478515625,0.3606758117675781,-0.45644205808639526,-0.08887877315282822,-0.040450070053339005,-0.5109239220619202,-0.23428013920783997,-0.42312300205230713,-0.3966079354286194,-0.3982189893722534,-0.633355438709259,-0.1969943344593048,0.03960062563419342,-0.12946820259094238,-0.15723347663879395,-0.07108832895755768,-0.426858127117157,0.004857439547777176,-0.26749980449676514,-0.5493587851524353,0.005403256043791771,-0.4699404835700989,-0.6095134019851685,-0.03535536304116249,3.156806997139938e-05,0.00012741745740640908,-0.00015793171769473702,-0.130997896194458,-0.3028634190559387,0.11277081072330475,-0.32586148381233215,-0.3910873234272003,0.11491099745035172,-0.4426622986793518,-0.48799505829811096,0.06376224756240845,-0.02759825810790062,0.11835667490959167,0.09132404625415802,-0.21635760366916656,-0.036707110702991486,0.17912274599075317,-0.37177085876464844,-0.118636853992939,0.06453842669725418,-0.5401135683059692,-0.25769925117492676,0.12065654993057251,-0.09188047051429749,0.30290645360946655,0.08293047547340393,-0.3415241837501526,0.23053878545761108,0.1775372326374054,-0.39614683389663696,0.17274972796440125,0.12324843555688858,-0.511684000492096,0.07211398333311081,0.1904684454202652
195,0.3745376169681549,0.7738759517669678,-0.27231302857398987,0.2002267688512802,0.3321361541748047,-0.468891441822052,-0.030249563977122307,-0.11620331555604935,-0.5286294221878052,-0.16023766994476318,-0.4868762195110321,-0.4372897148132324,-0.33363527059555054,-0.6745791435241699,-0.24737489223480225,0.05703829228878021,-0.14413419365882874,-0.15037444233894348,-0.022156070917844772,-0.43845152854919434,0.0036454210057854652,-0.2232867032289505,-0.5834479331970215,0.008442913182079792,-0.44426512718200684,-0.6609799861907959,0.00544394925236702,0.0001434723089914769,0.0001836107694543898,-0.0001467863767175004,-0.160318985581398,-0.29361581802368164,0.09228232502937317,-0.3459130525588989,-0.392134428024292,0.08992040157318115,-0.46960246562957764,-0.5002869963645935,0.023809902369976044,-0.05726703628897667,0.13222908973693848,0.07744685560464859,-0.2555861473083496,-0.020467543974518776,0.12133409082889557,-0.40497010946273804,-0.144718736410141,0.0021017715334892273,-0.5820395946502686,-0.2887914180755615,0.02291702851653099,-0.14645156264305115,0.30360645055770874,0.07755760848522186,-0.3984001874923706,0.26575911045074463,0.12802496552467346,-0.4371199607849121,0.2046571671962738,0.024261463433504105,-0.5848400592803955,0.05330357700586319,0.09282298386096954
196,0.3898177146911621,0.7650161981582642,-0.2569592595100403,0.22017315030097961,0.28912433981895447,-0.4953268766403198,0.06364007294178009,-0.18174821138381958,-0.5347613096237183,-0.061862263828516006,-0.5344778895378113,-0.43801724910736084,-0.22651788592338562,-0.726688027381897,-0.31668806076049805,0.07924872636795044,-0.15219789743423462,-0.15090027451515198,0.018443303182721138,-0.44619518518447876,-0.006925857625901699,-0.1864756941795349,-0.5985828638076782,-0.017208777368068695,-0.3519175052642822,-0.7110119462013245,-0.047500334680080414,0.00018346472643315792,0.0002598284336272627,-0.00015886398614384234,-0.1804625391960144,-0.29266154766082764,0.06800460815429688,-0.35597431659698486,-0.4017765522003174,0.019199073314666748,-0.49269813299179077,-0.5143384337425232,-0.08226223289966583,-0.06722616404294968,0.13765639066696167,0.06716150790452957,-0.2802475690841675,-0.021999541670084,0.07423227280378342,-0.43412449955940247,-0.18187621235847473,-0.057120513170957565,-0.6216344237327576,-0.34125015139579773,-0.08521823585033417,-0.18680520355701447,0.29800471663475037,0.0548723004758358,-0.4549967646598816,0.2461254745721817,0.05993713438510895,-0.4975406229496002,0.16714471578598022,-0.009262259118258953,-0.6292849779129028,0.02463764138519764,0.006077717989683151
197,0.3851907253265381,0.771841287612915,-0.25876858830451965,0.21976861357688904,0.29004132747650146,-0.5110654830932617,0.10146453231573105,-0.22913867235183716,-0.5310829877853394,-0.02835739031434059,-0.5618425607681274,-0.4344589114189148,-0.1932886689901352,-0.7313442230224609,-0.33910125494003296,0.0867452323436737,-0.15147076547145844,-0.15065217018127441,0.032955098897218704,-0.445365846157074,-0.017998110502958298,-0.1442061960697174,-0.610144853591919,-0.0361056886613369,-0.3090910315513611,-0.7336046099662781,-0.07196192443370819,0.0002529062330722809,0.0002820222289301455,-0.00016052750288508832,-0.18241378664970398,-0.2961825728416443,0.055635616183280945,-0.3508417010307312,-0.42598438262939453,0.005864129867404699,-0.5158411264419556,-0.5339943766593933,-0.15832163393497467,-0.07663577795028687,0.13225694000720978,0.06503196060657501,-0.2866708040237427,-0.04370202124118805,0.04569654166698456,-0.4389951527118683,-0.20561137795448303,-0.07455241680145264,-0.6476324796676636,-0.3580489754676819,-0.1353558748960495,-0.21281591057777405,0.30589771270751953,0.01686534658074379,-0.4817613959312439,0.2007274031639099,0.042965635657310486,-0.5578478574752808,0.14258086681365967,-0.013614746741950512,-0.6944019198417664,-0.002755258232355118,0.010246341116726398
198,0.38091394305229187,0.7778278589248657,-0.2701221704483032,0.20432089269161224,0.30779582262039185,-0.5255366563796997,0.10276444256305695,-0.24711386859416962,-0.5333083868026733,-0.01708444394171238,-0.5781201720237732,-0.439288467168808,-0.193447083234787,-0.723671555519104,-0.36356619000434875,0.0883757695555687,-0.14588141441345215,-0.15177175402641296,0.03245373070240021,-0.44288545846939087,-0.022091370075941086,-0.1265658587217331,-0.6216742992401123,-0.03624140843749046,-0.3024824261665344,-0.7388898134231567,-0.09888242185115814,0.00027077586855739355,0.0002857514482457191,-0.00016495591262355447,-0.1637842208147049,-0.3022221326828003,0.06655531376600266,-0.3509165346622467,-0.44207602739334106,0.017058439552783966,-0.5399592518806458,-0.5495915412902832,-0.17656061053276062,-0.08169996738433838,0.13345584273338318,0.0686408281326294,-0.2908361554145813,-0.0541030690073967,0.04714106768369675,-0.4452590346336365,-0.22427327930927277,-0.05848214030265808,-0.6773085594177246,-0.37324219942092896,-0.10619601607322693,-0.23279282450675964,0.3117123544216156,-0.006129362620413303,-0.4984123408794403,0.18672287464141846,0.05433979257941246,-0.5936896204948425,0.11754488945007324,0.022897150367498398,-0.7260786294937134,-0.019269682466983795,0.02744973450899124
199,0.35067489743232727,0.777144193649292,-0.2819095253944397,0.22399428486824036,0.3419119715690613,-0.4991738200187683,0.13336029648780823,-0.24441388249397278,-0.5289717316627502,0.05665788799524307,-0.5716655254364014,-0.4522971212863922,-0.10293326526880264,-0.71484375,-0.39516741037368774,0.11065565794706345,-0.13209757208824158,-0.14434602856636047,0.061433106660842896,-0.4388669729232788,-0.03115793690085411,-0.07544345408678055,-0.6169916391372681,-0.07930241525173187,-0.22330403327941895,-0.7695189118385315,-0.1239439994096756,0.00023091211915016174,0.00026045681443065405,-0.00017037554061971605,-0.1466420292854309,-0.3065074682235718,0.05876496434211731,-0.30692386627197266,-0.47129276394844055,-0.02517010271549225,-0.4706905484199524,-0.5747864246368408,-0.182759627699852,-0.10558139532804489,0.12046565115451813,0.057385340332984924,-0.29357314109802246,-0.06830984354019165,0.0230767410248518,-0.40690070390701294,-0.25776004791259766,-0.09311370551586151,-0.6245827674865723,-0.3942904770374298,-0.19560442864894867,-0.2499421238899231,0.29728174209594727,0.001577241811901331,-0.4975900650024414,0.17031019926071167,0.05336419865489006,-0.562838613986969,0.09666836261749268,-0.0026322128251194954,-0.6681700944900513,-0.08489783108234406,-0.08943648636341095
200,0.32397741079330444,0.7809853553771973,-0.2493363320827484,0.24661964178085327,0.35870200395584106,-0.46497780084609985,0.15615786612033844,-0.2647050619125366,-0.5201079249382019,0.10147269815206528,-0.5754895210266113,-0.4750761091709137,-0.035272084176540375,-0.7102956771850586,-0.42900803685188293,0.1258315145969391,-0.12648402154445648,-0.1380009651184082,0.08798722922801971,-0.4373452961444855,-0.038914844393730164,-0.026975709944963455,-0.6338136196136475,-0.052796363830566406,-0.17432034015655518,-0.8026670217514038,-0.13066726922988892,0.00014963536523282528,0.000240477776969783,-0.0002007401781156659,-0.1290624439716339,-0.31375232338905334,0.0525406189262867,-0.27665334939956665,-0.4919654130935669,-0.04554721340537071,-0.4300634264945984,-0.5902527570724487,-0.19507311284542084,-0.1118534579873085,0.11489013582468033,0.05182972922921181,-0.2905401587486267,-0.07841958850622177,0.00585953751578927,-0.3953784108161926,-0.26866719126701355,-0.09041205793619156,-0.5791254043579102,-0.4237438440322876,-0.25082024931907654,-0.25112414360046387,0.2885183095932007,0.018733026459813118,-0.493862509727478,0.1603294312953949,0.03707387298345566,-0.5436604619026184,0.11574174463748932,-0.024378430098295212,-0.6307712197303772,-0.12775854766368866,-0.17009946703910828
201,0.350642591714859,0.7817003130912781,-0.294611394405365,0.25677379965782166,0.33912238478660583,-0.46765413880348206,0.20061403512954712,-0.2743169069290161,-0.5370947122573853,0.14347220957279205,-0.5605581998825073,-0.49497783184051514,0.05973973870277405,-0.719933271408081,-0.44243037700653076,0.14154452085494995,-0.12172667682170868,-0.12656450271606445,0.12316662073135376,-0.4344785809516907,-0.039425089955329895,0.00996104720979929,-0.6440105438232422,-0.011696700006723404,-0.1274147778749466,-0.8266825675964355,-0.08531616628170013,0.00015565614739898592,0.00023252613027580082,-0.0002097215037792921,-0.1301083117723465,-0.3193930685520172,0.051063172519207,-0.26675161719322205,-0.48977184295654297,-0.08750841021537781,-0.4148957133293152,-0.577247142791748,-0.28124138712882996,-0.11385542154312134,0.12033174932003021,0.04445737227797508,-0.28690409660339355,-0.08116303384304047,0.008007392287254333,-0.3965851664543152,-0.2724946141242981,-0.09370771050453186,-0.5548178553581238,-0.4347415864467621,-0.2702021896839142,-0.24730634689331055,0.2925167679786682,0.0231487900018692,-0.49784302711486816,0.14697441458702087,0.021518388763070107,-0.5295020937919617,0.07040206342935562,-0.05871230363845825,-0.6151769161224365,-0.1513964682817459,-0.21444034576416016
202,0.3451104164123535,0.7760947942733765,-0.2817944884300232,0.26705867052078247,0.33434247970581055,-0.4621462821960449,0.22760319709777832,-0.25940293073654175,-0.5444619655609131,0.18287810683250427,-0.5347769856452942,-0.4859267473220825,0.11797832697629929,-0.7180298566818237,-0.458860844373703,0.1638917624950409,-0.10834768414497375,-0.11836269497871399,0.13753360509872437,-0.42312029004096985,-0.05059532821178436,0.05237339064478874,-0.6310569643974304,-0.05523402988910675,-0.07153232395648956,-0.8256825804710388,-0.11639820039272308,0.00010829892562469468,0.0002111010835506022,-0.00021205315715633333,-0.12129276245832443,-0.31591179966926575,0.0007720142602920532,-0.22082339227199554,-0.4525601863861084,-0.2142249345779419,-0.34213438630104065,-0.5352728366851807,-0.42586106061935425,-0.1220761090517044,0.12320482730865479,0.02605230174958706,-0.27849340438842773,-0.08034206926822662,-0.03150889277458191,-0.36177146434783936,-0.23344427347183228,-0.21701094508171082,-0.48500382900238037,-0.38685691356658936,-0.4079338610172272,-0.24781030416488647,0.30110418796539307,0.00940190814435482,-0.4942428171634674,0.15825104713439941,-0.01544948946684599,-0.5046300888061523,0.07362877577543259,-0.12447897344827652,-0.5649192929267883,-0.08740748465061188,-0.29771560430526733
203,0.3554966449737549,0.7825782299041748,-0.28386300802230835,0.2906911075115204,0.3346478343009949,-0.46428442001342773,0.24634598195552826,-0.23929589986801147,-0.554397702217102,0.210155189037323,-0.5141077637672424,-0.4901137351989746,0.11922714114189148,-0.7452995777130127,-0.47503334283828735,0.18074673414230347,-0.10035350918769836,-0.11588199436664581,0.14951223134994507,-0.42032861709594727,-0.05369909107685089,0.08182714134454727,-0.6151701211929321,-0.0981818363070488,-0.04455113410949707,-0.8126728534698486,-0.1958458125591278,7.49639148125425e-05,0.00019499662448652089,-0.00022980346693657339,-0.1172686517238617,-0.3152869939804077,-0.037007976323366165,-0.1870802789926529,-0.4244231581687927,-0.2873346209526062,-0.28833597898483276,-0.5128346085548401,-0.5302018523216248,-0.12293784320354462,0.1235734075307846,0.016964536160230637,-0.26990917325019836,-0.08568647503852844,-0.08322891592979431,-0.3226814270019531,-0.2046922892332077,-0.3026237487792969,-0.42183542251586914,-0.35138195753097534,-0.5068065524101257,-0.24005162715911865,0.30668991804122925,-0.00479218689724803,-0.4763946533203125,0.16802996397018433,-0.07040345668792725,-0.4707566499710083,0.09190633147954941,-0.2019365131855011,-0.5055906772613525,-0.023530570790171623,-0.3783164322376251
204,0.37336963415145874,0.7804985046386719,-0.2673220634460449,0.308523952960968,0.3468262255191803,-0.4366084337234497,0.2557239532470703,-0.24145086109638214,-0.5321089029312134,0.20396772027015686,-0.4960606098175049,-0.48573753237724304,0.11045166850090027,-0.730979859828949,-0.49004942178726196,0.16744905710220337,-0.10457954555749893,-0.12525330483913422,0.14741608500480652,-0.4048750698566437,-0.08482116460800171,0.08837001025676727,-0.5931270718574524,-0.14686614274978638,-0.05085369944572449,-0.7985484600067139,-0.2174573540687561,3.2081599783850834e-05,0.00016968639101833105,-0.00023360250634141266,-0.1191493421792984,-0.31434738636016846,-0.05645979195833206,-0.1957668662071228,-0.41590893268585205,-0.3279857039451599,-0.303786039352417,-0.49560725688934326,-0.5820857286453247,-0.11507529020309448,0.1196417361497879,0.021592874079942703,-0.27331066131591797,-0.08467322587966919,-0.1012326031923294,-0.3317227363586426,-0.20973564684391022,-0.33983123302459717,-0.42747727036476135,-0.3577272593975067,-0.5462577939033508,-0.23009268939495087,0.3090183138847351,-0.013172103092074394,-0.48535141348838806,0.16593331098556519,-0.09238740801811218,-0.47557246685028076,0.09278540313243866,-0.237905353307724,-0.5048484206199646,-0.06040177866816521,-0.41386663913726807
205,0.4175531566143036,0.7769180536270142,-0.24182242155075073,0.32395413517951965,0.34109777212142944,-0.4232720136642456,0.2728819251060486,-0.24106939136981964,-0.5288882255554199,0.1975933313369751,-0.5139232277870178,-0.4896543323993683,0.07880370318889618,-0.7373002171516418,-0.46758556365966797,0.1657654345035553,-0.11015634983778,-0.12335897982120514,0.14260676503181458,-0.416157603263855,-0.06307333707809448,0.07109088450670242,-0.5911716222763062,-0.13064351677894592,-0.04989297688007355,-0.7774291038513184,-0.18462979793548584,3.48398789355997e-05,0.00016579809016548097,-0.00022779758728574961,-0.1255931258201599,-0.3176032304763794,-0.04726302996277809,-0.22256356477737427,-0.4251936972141266,-0.3249736428260803,-0.3520824909210205,-0.5107442140579224,-0.5636790990829468,-0.11500894278287888,0.12222659587860107,0.018718641251325607,-0.2910005748271942,-0.07938893139362335,-0.079060859978199,-0.3620931804180145,-0.23883678019046783,-0.3251943588256836,-0.47305598855018616,-0.39288216829299927,-0.5239317417144775,-0.2354651391506195,0.30481019616127014,-0.016576319932937622,-0.5104202628135681,0.15264004468917847,-0.09086352586746216,-0.5081352591514587,0.07112976908683777,-0.23528076708316803,-0.544244110584259,-0.10835878551006317,-0.4120996296405792
206,0.4451560080051422,0.768600344657898,-0.2416800707578659,0.32397472858428955,0.34008678793907166,-0.4134438633918762,0.2938744127750397,-0.24461987614631653,-0.5163534283638,0.19686171412467957,-0.5190585851669312,-0.4866831600666046,0.08243470638990402,-0.7360330820083618,-0.44718897342681885,0.1656496375799179,-0.11105691641569138,-0.12132368236780167,0.1418931484222412,-0.4198617935180664,-0.04988938570022583,0.07349486649036407,-0.5998398065567017,-0.1032668799161911,-0.04028107598423958,-0.7704724073410034,-0.15839332342147827,2.5855850253719836e-05,0.0001733323879307136,-0.00022036433801986277,-0.1279192566871643,-0.31849050521850586,-0.038315676152706146,-0.2232770323753357,-0.4332953095436096,-0.286430299282074,-0.3797575533390045,-0.5123993754386902,-0.5583186149597168,-0.11659172922372818,0.12596911191940308,0.014236761257052422,-0.30218008160591125,-0.07666310667991638,-0.05939188599586487,-0.3824276328086853,-0.25737619400024414,-0.31073909997940063,-0.5077748894691467,-0.409773588180542,-0.5078322887420654,-0.2411419153213501,0.3098646402359009,-0.015525895170867443,-0.5224049091339111,0.15131282806396484,-0.07451947033405304,-0.5358594655990601,0.04254307225346565,-0.23056545853614807,-0.5755236744880676,-0.13138338923454285,-0.4043668806552887
207,0.4694126844406128,0.7587665915489197,-0.203739196062088,0.3483591377735138,0.3582024574279785,-0.3954311013221741,0.30875810980796814,-0.22407010197639465,-0.49727439880371094,0.1788761466741562,-0.5137489438056946,-0.4713168740272522,0.03028726577758789,-0.7307700514793396,-0.475005567073822,0.16164256632328033,-0.11753500998020172,-0.11658549308776855,0.1213211938738823,-0.41804444789886475,-0.045003049075603485,0.014244502410292625,-0.6057066917419434,-0.07176744937896729,-0.10697753727436066,-0.7735913991928101,-0.1591815948486328,8.120339043671265e-05,0.00014059606473892927,-0.00020611172658391297,-0.14340545237064362,-0.29936665296554565,-0.031072154641151428,-0.28195956349372864,-0.4229142665863037,-0.2733476161956787,-0.47678321599960327,-0.5168789625167847,-0.49819016456604004,-0.12000083923339844,0.13341155648231506,-0.00085778022184968,-0.3156014084815979,-0.06655924022197723,-0.06068955734372139,-0.41839924454689026,-0.25475403666496277,-0.2833723723888397,-0.5513947010040283,-0.40479397773742676,-0.47796809673309326,-0.25466763973236084,0.31568625569343567,-0.03252150118350983,-0.5532973408699036,0.17589575052261353,-0.08742939680814743,-0.5894794464111328,0.05027647316455841,-0.23180601000785828,-0.6271626949310303,-0.13505029678344727,-0.40066587924957275
208,0.5074337124824524,0.754624605178833,-0.1974332332611084,0.3603582978248596,0.35626834630966187,-0.3881652355194092,0.26987355947494507,-0.15710735321044922,-0.49996113777160645,0.15139567852020264,-0.47245216369628906,-0.4571561813354492,-0.02070482075214386,-0.721546471118927,-0.435375452041626,0.15323317050933838,-0.10783258080482483,-0.11865180730819702,0.09286072105169296,-0.40373581647872925,-0.09280788898468018,-0.0006637950427830219,-0.5614988207817078,-0.16544672846794128,-0.15629173815250397,-0.7371734380722046,-0.2484191358089447,-6.785630830563605e-05,1.6853828128660098e-05,-0.00023775448789820075,-0.15053880214691162,-0.2846948504447937,-0.07942032068967819,-0.309800922870636,-0.40409350395202637,-0.29110080003738403,-0.5294879674911499,-0.4997262954711914,-0.4984649419784546,-0.11787539720535278,0.12641067802906036,0.01685229316353798,-0.30085331201553345,-0.06780128926038742,-0.06081461161375046,-0.419930100440979,-0.24460823833942413,-0.27624839544296265,-0.5790415406227112,-0.37335360050201416,-0.4695655107498169,-0.26263344287872314,0.29634740948677063,-0.021986624225974083,-0.54151850938797,0.17798110842704773,-0.07735531032085419,-0.5804998874664307,0.10125657916069031,-0.22805210947990417,-0.6174098253250122,-0.07799827307462692,-0.4115421175956726
209,0.526235818862915,0.7500790357589722,-0.20465496182441711,0.36750173568725586,0.3423304259777069,-0.4048159122467041,0.24404743313789368,-0.12993906438350677,-0.5002508759498596,0.1559561789035797,-0.4576588273048401,-0.4411783218383789,-0.035819102078676224,-0.697903037071228,-0.4405907094478607,0.14332206547260284,-0.10150865465402603,-0.12427617609500885,0.0875985398888588,-0.3932470679283142,-0.11309975385665894,0.015516156330704689,-0.515319287776947,-0.24307295680046082,-0.15021121501922607,-0.6788864135742188,-0.3431399464607239,1.5716588677605614e-05,-2.6099587557837367e-06,-0.0002165111363865435,-0.1738397181034088,-0.2692783772945404,-0.111504465341568,-0.33535224199295044,-0.3710985779762268,-0.31130659580230713,-0.5970618724822998,-0.4552314281463623,-0.4468476176261902,-0.11949522793292999,0.12699006497859955,0.028714504092931747,-0.2976394593715668,-0.07368819415569305,-0.06229202076792717,-0.42818498611450195,-0.22286421060562134,-0.2760589122772217,-0.6382034420967102,-0.3396569490432739,-0.3883229196071625,-0.25443655252456665,0.2907426357269287,-0.002995139919221401,-0.5172197222709656,0.19896504282951355,-0.08121757209300995,-0.5576157569885254,0.13108409941196442,-0.22592926025390625,-0.6247702836990356,-0.062186844646930695,-0.3790348172187805
210,0.5437796115875244,0.7450658679008484,-0.19654634594917297,0.3816918432712555,0.34158802032470703,-0.4127246141433716,0.22615844011306763,-0.10983113944530487,-0.503428041934967,0.1210353672504425,-0.4245328903198242,-0.4456048607826233,-0.04355067014694214,-0.7008779048919678,-0.4484122693538666,0.1342698633670807,-0.09341475367546082,-0.13146108388900757,0.059315040707588196,-0.3807312250137329,-0.13929609954357147,0.013527650386095047,-0.4984438717365265,-0.28504282236099243,-0.15392431616783142,-0.662329912185669,-0.39346691966056824,6.014925384079106e-05,-3.7681107642129064e-05,-0.0002019995590671897,-0.19115395843982697,-0.2607975900173187,-0.13688641786575317,-0.35818928480148315,-0.3550562560558319,-0.3247339725494385,-0.6332049369812012,-0.4326098561286926,-0.4311351478099823,-0.12157978117465973,0.11936363577842712,0.043578699231147766,-0.2961742877960205,-0.0772036463022232,-0.06771920621395111,-0.4404231905937195,-0.21490691602230072,-0.26978418231010437,-0.6659117937088013,-0.32690900564193726,-0.3548794388771057,-0.25447046756744385,0.27525293827056885,0.010883658193051815,-0.5154891014099121,0.20372676849365234,-0.06936328113079071,-0.552563488483429,0.15146887302398682,-0.21756109595298767,-0.6231660842895508,-0.05138280242681503,-0.359596848487854
211,0.5525864362716675,0.7417513132095337,-0.16927987337112427,0.3872848153114319,0.3454200029373169,-0.40669578313827515,0.19931212067604065,-0.11830627918243408,-0.4841400384902954,0.11644551157951355,-0.4411788880825043,-0.44008034467697144,-0.05676312744617462,-0.6776167154312134,-0.43987661600112915,0.11665287613868713,-0.08005429059267044,-0.14060352742671967,0.04043855145573616,-0.36996638774871826,-0.15260529518127441,-0.0015989295206964016,-0.488838791847229,-0.30472469329833984,-0.1860584318637848,-0.6441459655761719,-0.41776174306869507,9.95620503090322e-05,-6.0944435972487554e-05,-0.00021659689082298428,-0.2118203341960907,-0.2418261170387268,-0.14781108498573303,-0.38014042377471924,-0.3379836082458496,-0.31357526779174805,-0.6759958267211914,-0.4063659906387329,-0.40872645378112793,-0.11642317473888397,0.11726300418376923,0.05548468604683876,-0.2921416163444519,-0.06631281226873398,-0.06906777620315552,-0.45581960678100586,-0.19893014430999756,-0.25343573093414307,-0.6919629573822021,-0.30758464336395264,-0.35135793685913086,-0.24649348855018616,0.28830206394195557,0.034726012498140335,-0.5076207518577576,0.23035688698291779,-0.04540767893195152,-0.5567176342010498,0.1621180921792984,-0.19458997249603271,-0.6462697386741638,-0.035507217049598694,-0.3322349786758423
212,0.5639992952346802,0.7336782217025757,-0.18838748335838318,0.4015818238258362,0.3581204414367676,-0.4068061113357544,0.17561647295951843,-0.1071198508143425,-0.4973030686378479,0.07649669051170349,-0.3989763855934143,-0.4659382998943329,-0.07566697150468826,-0.6499128937721252,-0.4543841481208801,0.11366012692451477,-0.06436435133218765,-0.14975568652153015,0.04136152192950249,-0.36160627007484436,-0.20600274205207825,-0.018636314198374748,-0.4600590765476227,-0.3622997999191284,-0.20382347702980042,-0.6088805198669434,-0.5019009113311768,0.0001013034489005804,-8.636277198093012e-05,-0.00020336649322416633,-0.21741914749145508,-0.2243610918521881,-0.15895667672157288,-0.40115484595298767,-0.3311738967895508,-0.3275168538093567,-0.6784981489181519,-0.3929785192012787,-0.4321669936180115,-0.11296122521162033,0.11002635955810547,0.06755425035953522,-0.29905545711517334,-0.07920743525028229,-0.058267511427402496,-0.4747779965400696,-0.21414580941200256,-0.2352561503648758,-0.7117087841033936,-0.30398958921432495,-0.3229488730430603,-0.2503538131713867,0.29510173201560974,0.0574326366186142,-0.5203216671943665,0.20811185240745544,-0.026334712281823158,-0.5797178149223328,0.13189366459846497,-0.17305360734462738,-0.6677603721618652,-0.054372064769268036,-0.28885751962661743
213,0.5696802139282227,0.7247328758239746,-0.19646602869033813,0.4234154522418976,0.35202229022979736,-0.40444669127464294,0.17232146859169006,-0.11688636243343353,-0.49705150723457336,0.09792821854352951,-0.4307764172554016,-0.43140938878059387,-0.07392966002225876,-0.6434047222137451,-0.44817379117012024,0.11913348734378815,-0.05842863768339157,-0.1493736207485199,0.04531136155128479,-0.36391496658325195,-0.21039167046546936,-0.014221311546862125,-0.44828519225120544,-0.38535642623901367,-0.19318321347236633,-0.5853212475776672,-0.5317797660827637,5.968418190605007e-05,-5.9677222452592105e-05,-0.0001896978064905852,-0.21451207995414734,-0.22659800946712494,-0.16236625611782074,-0.38582301139831543,-0.32527101039886475,-0.32873690128326416,-0.6688917875289917,-0.38876280188560486,-0.4251481294631958,-0.10515023022890091,0.11763596534729004,0.06521689891815186,-0.29062390327453613,-0.07419287413358688,-0.06320534646511078,-0.45987409353256226,-0.20303477346897125,-0.24412275850772858,-0.6970016360282898,-0.29947811365127563,-0.3037019968032837,-0.2438400685787201,0.2960514426231384,0.06533339619636536,-0.5167506337165833,0.19738972187042236,-0.03357531502842903,-0.5542251467704773,0.1350245624780655,-0.19790974259376526,-0.6434271335601807,-0.052801910787820816,-0.3019692897796631
214,0.5764585137367249,0.7180699110031128,-0.193118616938591,0.4442669451236725,0.33898288011550903,-0.3943290710449219,0.17254889011383057,-0.13433054089546204,-0.5036017894744873,0.08824101835489273,-0.42456573247909546,-0.4382307529449463,-0.06929832696914673,-0.6305954456329346,-0.44313979148864746,0.1269678771495819,-0.05935702472925186,-0.14876297116279602,0.036412980407476425,-0.35792458057403564,-0.22276481986045837,-0.019502028822898865,-0.4445675015449524,-0.4025763273239136,-0.18900997936725616,-0.568153977394104,-0.5473839044570923,9.194044105242938e-05,-3.8584617868764326e-05,-0.00018422616994939744,-0.1987866461277008,-0.2385566085577011,-0.16137158870697021,-0.36237192153930664,-0.3358834981918335,-0.34053564071655273,-0.6163875460624695,-0.4116014540195465,-0.4496454894542694,-0.09450480341911316,0.12422072887420654,0.06051605939865112,-0.2851579189300537,-0.07169929146766663,-0.07636082917451859,-0.45434287190437317,-0.19145017862319946,-0.25928086042404175,-0.6705178022384644,-0.3012810945510864,-0.2992875277996063,-0.23012775182724,0.31014227867126465,0.050578974187374115,-0.5114454030990601,0.20395410060882568,-0.0498637892305851,-0.5411618947982788,0.14398086071014404,-0.21922725439071655,-0.6213101148605347,-0.0468389093875885,-0.32943230867385864
215,0.5816452503204346,0.7214901447296143,-0.17633002996444702,0.45540475845336914,0.3351665139198303,-0.3798048496246338,0.18903754651546478,-0.11138434708118439,-0.49284788966178894,0.08923694491386414,-0.4167606234550476,-0.42589259147644043,-0.06691031157970428,-0.6372584104537964,-0.39363837242126465,0.12746673822402954,-0.05910498648881912,-0.14468112587928772,0.0263393335044384,-0.3500562310218811,-0.23811045289039612,-0.024588804692029953,-0.4254906177520752,-0.43290138244628906,-0.1681261658668518,-0.5446202158927917,-0.5639183521270752,-3.896088674082421e-05,-6.977247539907694e-05,-0.00022607867140322924,-0.19016548991203308,-0.23399923741817474,-0.17013920843601227,-0.33349812030792236,-0.3389609754085541,-0.3583950102329254,-0.5719596147537231,-0.41769880056381226,-0.48134347796440125,-0.10859161615371704,0.1211448460817337,0.049453236162662506,-0.26630309224128723,-0.06350814551115036,-0.08730994910001755,-0.43345820903778076,-0.18069306015968323,-0.28231343626976013,-0.6394372582435608,-0.2967926263809204,-0.31959068775177,-0.23505595326423645,0.31091171503067017,0.037090323865413666,-0.4886026382446289,0.19717715680599213,-0.09382700175046921,-0.5164342522621155,0.14438533782958984,-0.2543417811393738,-0.5929081439971924,-0.03238176926970482,-0.3654481768608093
216,0.5813345909118652,0.7140055894851685,-0.17645546793937683,0.4530028700828552,0.3757322430610657,-0.3620558977127075,0.17915672063827515,-0.029284600168466568,-0.4996836483478546,0.08841072022914886,-0.3969542384147644,-0.44828730821609497,-0.0825919508934021,-0.6101714372634888,-0.46366745233535767,0.12799425423145294,-0.05403771251440048,-0.15028031170368195,0.013653693720698357,-0.3360130190849304,-0.2546941637992859,-0.05505535751581192,-0.3969106078147888,-0.4509075880050659,-0.17795515060424805,-0.5341352820396423,-0.61122065782547,-6.27558256383054e-05,-5.9259269619360566e-05,-0.00023971073096618056,-0.2064182162284851,-0.2147454172372818,-0.17070135474205017,-0.34902071952819824,-0.34141072630882263,-0.3638555407524109,-0.578697919845581,-0.41504186391830444,-0.5066506266593933,-0.11758504807949066,0.11765354871749878,0.05819058045744896,-0.27336984872817993,-0.05031900852918625,-0.09050507843494415,-0.4495997428894043,-0.17512571811676025,-0.27673470973968506,-0.6510323286056519,-0.2981216311454773,-0.3422567844390869,-0.23403993248939514,0.31570643186569214,0.05765386298298836,-0.49018388986587524,0.2004753202199936,-0.08728836476802826,-0.5032024383544922,0.1345059722661972,-0.24509572982788086,-0.6084368824958801,-0.030514352023601532,-0.335774302482605
217,0.5885477662086487,0.7015155553817749,-0.1935005784034729,0.4514123797416687,0.3946470022201538,-0.34909048676490784,0.17115752398967743,-0.021931365132331848,-0.5011171102523804,0.05405375733971596,-0.3549598157405853,-0.4578157663345337,-0.09351995587348938,-0.608860433101654,-0.46741873025894165,0.1294134110212326,-0.05362590029835701,-0.14948859810829163,-0.0011926493607461452,-0.3249276876449585,-0.25875401496887207,-0.08291858434677124,-0.3706553280353546,-0.45863139629364014,-0.18984191119670868,-0.5253728032112122,-0.6275583505630493,-7.434092549374327e-05,-8.364239329239354e-05,-0.0002652412513270974,-0.2195962369441986,-0.19482901692390442,-0.1693556010723114,-0.36236727237701416,-0.32818225026130676,-0.36235588788986206,-0.5659624338150024,-0.3843086063861847,-0.47551876306533813,-0.11479640007019043,0.12002105265855789,0.062499091029167175,-0.2750081419944763,-0.03964746743440628,-0.09377039223909378,-0.4621923565864563,-0.16319487988948822,-0.26859068870544434,-0.6498662233352661,-0.28817492723464966,-0.3426527678966522,-0.22618162631988525,0.31830471754074097,0.05892253667116165,-0.49057328701019287,0.20818442106246948,-0.07644794881343842,-0.48983120918273926,0.13804057240486145,-0.23633278906345367,-0.6182602643966675,-0.01935986801981926,-0.30799442529678345
218,0.6068245768547058,0.6899982690811157,-0.1977940797805786,0.42900484800338745,0.376504123210907,-0.343766987323761,0.186088427901268,-0.05580728501081467,-0.47088009119033813,0.08287414908409119,-0.3706955313682556,-0.45750686526298523,-0.09274953603744507,-0.5980880856513977,-0.46183958649635315,0.1294585019350052,-0.05795380473136902,-0.13984687626361847,-0.029376814141869545,-0.3076840043067932,-0.2595025300979614,-0.1669331192970276,-0.369828462600708,-0.4199569821357727,-0.21805274486541748,-0.5221767425537109,-0.6033221483230591,-0.00012291919847484678,-0.00010336001287214458,-0.000275560247246176,-0.21727797389030457,-0.18637226521968842,-0.16927757859230042,-0.36079999804496765,-0.2889261245727539,-0.33527424931526184,-0.5965370535850525,-0.38260942697525024,-0.4140101671218872,-0.10411877930164337,0.12445196509361267,0.06507720798254013,-0.2451276034116745,0.011461464688181877,-0.1132684051990509,-0.3933061957359314,-0.100889652967453,-0.26265451312065125,-0.6349660158157349,-0.240328848361969,-0.331620991230011,-0.2027764618396759,0.32454073429107666,0.05133921280503273,-0.4390680193901062,0.26884663105010986,-0.07995522767305374,-0.4722672998905182,0.2263445258140564,-0.2297944724559784,-0.5571906566619873,0.11692919582128525,-0.32926854491233826
219,0.6153002381324768,0.6876416802406311,-0.19587214291095734,0.4221177399158478,0.3574507236480713,-0.34929004311561584,0.21786823868751526,-0.08242782205343246,-0.450317919254303,0.10920996963977814,-0.38548195362091064,-0.46696603298187256,-0.07763546705245972,-0.6072201728820801,-0.4531404674053192,0.13763293623924255,-0.06546762585639954,-0.130323588848114,-0.038153864443302155,-0.299193799495697,-0.25310689210891724,-0.21340756118297577,-0.39623987674713135,-0.3855380117893219,-0.35734882950782776,-0.5474599003791809,-0.5079355835914612,-0.0001516417833045125,-8.363527012988925e-05,-0.0002799425274133682,-0.21394804120063782,-0.1879645735025406,-0.15588626265525818,-0.3746997117996216,-0.31232550740242004,-0.2989368140697479,-0.6224293112754822,-0.4101588726043701,-0.38010793924331665,-0.11513631045818329,0.1380263864994049,0.05293440446257591,-0.24621014297008514,0.025315698236227036,-0.10606449842453003,-0.3819645345211029,-0.09310746192932129,-0.24225077033042908,-0.6469480991363525,-0.2131006121635437,-0.2958166003227234,-0.19989949464797974,0.3438214957714081,0.044026218354701996,-0.43429797887802124,0.27736759185791016,-0.0589047335088253,-0.48113417625427246,0.24462047219276428,-0.19121742248535156,-0.5755504369735718,0.14416785538196564,-0.2670244574546814
220,0.619728684425354,0.6820297241210938,-0.2110580950975418,0.4088670611381531,0.328602135181427,-0.3805510401725769,0.2470356971025467,-0.09475874900817871,-0.4433745741844177,0.14069129526615143,-0.4037882685661316,-0.46496132016181946,-0.06716782599687576,-0.6212878227233887,-0.446496844291687,0.14351457357406616,-0.07234756648540497,-0.12359874695539474,-0.042027827352285385,-0.30084842443466187,-0.24437440931797028,-0.22374124825000763,-0.4225456118583679,-0.36221006512641907,-0.40040409564971924,-0.5677789449691772,-0.4613482356071472,-0.00014644282055087388,-1.1017116776201874e-05,-0.00026524998247623444,-0.1913355141878128,-0.16744336485862732,-0.14727570116519928,-0.3703613877296448,-0.33184459805488586,-0.2814423441886902,-0.5779799818992615,-0.4466870427131653,-0.39162909984588623,-0.12115585058927536,0.14697089791297913,0.036232780665159225,-0.24671897292137146,0.024177158251404762,-0.09870824217796326,-0.3801058530807495,-0.09568894654512405,-0.2397395372390747,-0.6509877443313599,-0.21379774808883667,-0.2728283107280731,-0.20564445853233337,0.34788215160369873,0.028691167011857033,-0.4220978617668152,0.2787349224090576,-0.04327506944537163,-0.4969579577445984,0.24225980043411255,-0.16390599310398102,-0.5966711044311523,0.14868061244487762,-0.2354421317577362
221,0.6448416709899902,0.67701655626297,-0.237649604678154,0.3966447114944458,0.3228340744972229,-0.4016220271587372,0.23159369826316833,-0.08072453737258911,-0.4662189781665802,0.1344258040189743,-0.4265722632408142,-0.4858343005180359,-0.13744835555553436,-0.626495361328125,-0.43450576066970825,0.14436788856983185,-0.07640744745731354,-0.12730827927589417,-0.07975345849990845,-0.33159127831459045,-0.18360380828380585,-0.27044278383255005,-0.45682787895202637,-0.33607375621795654,-0.43784672021865845,-0.5814677476882935,-0.4097380042076111,-0.0001969511795323342,1.5120735042728484e-05,-0.00027654008590616286,-0.21124592423439026,-0.19331809878349304,-0.10370160639286041,-0.4042821526527405,-0.36305785179138184,-0.23350396752357483,-0.5876230597496033,-0.4810730218887329,-0.3828577995300293,-0.12082239985466003,0.146715447306633,0.027922306209802628,-0.28165462613105774,0.007634842302650213,-0.057119350880384445,-0.43063491582870483,-0.1359262764453888,-0.18569383025169373,-0.706528902053833,-0.2768442630767822,-0.2007759064435959,-0.23341774940490723,0.33064550161361694,-0.002284560352563858,-0.4265184998512268,0.2753376066684723,-0.04344557970762253,-0.5206809043884277,0.23692277073860168,-0.14471042156219482,-0.6429627537727356,0.10484340786933899,-0.20469465851783752
222,0.6683955192565918,0.6744145154953003,-0.19068001210689545,0.42057937383651733,0.33847254514694214,-0.3615530729293823,0.2572554349899292,-0.10201841592788696,-0.47121095657348633,0.1008228287100792,-0.41792619228363037,-0.5052239894866943,-0.17741724848747253,-0.6196999549865723,-0.4505460560321808,0.14695894718170166,-0.08092713356018066,-0.12528161704540253,-0.10535721480846405,-0.33409029245376587,-0.1689554750919342,-0.28207457065582275,-0.4598030149936676,-0.34710603952407837,-0.44839513301849365,-0.6099368333816528,-0.4026625454425812,-0.0001945338153745979,3.3925953175639734e-05,-0.0002677630982361734,-0.22028324007987976,-0.19682520627975464,-0.09990645945072174,-0.4114847183227539,-0.3668351173400879,-0.23428219556808472,-0.5717214941978455,-0.4887098968029022,-0.40946245193481445,-0.11958520114421844,0.14604218304157257,0.02923700213432312,-0.28531935811042786,0.020561087876558304,-0.05856029689311981,-0.44357556104660034,-0.13237470388412476,-0.17159713804721832,-0.7274028062820435,-0.2828006446361542,-0.18922992050647736,-0.22536268830299377,0.33543699979782104,0.0015793981729075313,-0.4153459668159485,0.27939528226852417,-0.04499500244855881,-0.5213483572006226,0.25534993410110474,-0.14009316265583038,-0.6569355726242065,0.10615763068199158,-0.20515643060207367
223,0.6692678928375244,0.6729892492294312,-0.16304612159729004,0.45044612884521484,0.37811368703842163,-0.2823273837566376,0.26823270320892334,-0.04260256886482239,-0.4604767858982086,0.03255695477128029,-0.36001694202423096,-0.49872568249702454,-0.19834797084331512,-0.575639009475708,-0.4370032548904419,0.15104277431964874,-0.07050250470638275,-0.13086417317390442,-0.08947908878326416,-0.3248605728149414,-0.21323943138122559,-0.25107866525650024,-0.4224512577056885,-0.3808513879776001,-0.45453816652297974,-0.6006431579589844,-0.4104815125465393,-5.195113044464961e-05,3.630997161963023e-05,-0.0002449819294270128,-0.22919237613677979,-0.18574738502502441,-0.09640878438949585,-0.425453782081604,-0.3445727229118347,-0.25049713253974915,-0.592071533203125,-0.4691945016384125,-0.403825581073761,-0.10813900828361511,0.128835529088974,0.047436706721782684,-0.2826106548309326,0.032445721328258514,-0.05505058541893959,-0.4372768700122833,-0.10397014766931534,-0.1795068085193634,-0.716032862663269,-0.28282636404037476,-0.17324674129486084,-0.21476593613624573,0.32730865478515625,0.019038239493966103,-0.42600953578948975,0.28279340267181396,-0.006533307954668999,-0.5178515911102295,0.2497047781944275,-0.10216374695301056,-0.6404778957366943,0.12378497421741486,-0.14070329070091248
224,0.6758886575698853,0.6702737808227539,-0.1447538137435913,0.4704659879207611,0.38036805391311646,-0.2550717890262604,0.24522988498210907,-0.01329936645925045,-0.46130454540252686,-0.009973287582397461,-0.31998541951179504,-0.47928065061569214,-0.24503576755523682,-0.5085050463676453,-0.38311827182769775,0.14037013053894043,-0.06523162126541138,-0.13944903016090393,-0.0877348929643631,-0.3201824128627777,-0.23916003108024597,-0.2640613913536072,-0.41698169708251953,-0.369351863861084,-0.4714151918888092,-0.5923605561256409,-0.3928951025009155,7.772321259835735e-05,2.535703606554307e-05,-0.00021795315842609853,-0.23105035722255707,-0.18583492934703827,-0.08490245789289474,-0.42780959606170654,-0.337907612323761,-0.23532995581626892,-0.6058293581008911,-0.45097512006759644,-0.37629345059394836,-0.09539373964071274,0.11119520664215088,0.06369137763977051,-0.2709784507751465,0.024423032999038696,-0.02417539432644844,-0.4055101275444031,-0.0728994756937027,-0.16234317421913147,-0.6949033737182617,-0.2835114002227783,-0.1728149950504303,-0.1896619200706482,0.3193722367286682,0.05094178020954132,-0.40732377767562866,0.2776806354522705,0.029340168461203575,-0.49426472187042236,0.23227661848068237,-0.0530601441860199,-0.5953273773193359,0.12583410739898682,-0.07757656276226044
225,0.6144651174545288,0.6733800172805786,-0.12399833649396896,0.41045206785202026,0.42763233184814453,-0.25538501143455505,0.18653999269008636,0.06587148457765579,-0.491177499294281,-0.12308347970247269,-0.24527183175086975,-0.3597327470779419,-0.34852334856987,-0.41282448172569275,-0.28693172335624695,0.10833825170993805,-0.055758923292160034,-0.15442922711372375,-0.12658429145812988,-0.27863800525665283,-0.23226813971996307,-0.3525755703449249,-0.33133774995803833,-0.33752238750457764,-0.5708333253860474,-0.48520004749298096,-0.3232802748680115,0.00016604553093202412,1.6153908291016705e-06,-0.00018563136109150946,-0.23700226843357086,-0.20517030358314514,-0.05464018136262894,-0.442806214094162,-0.3506135642528534,-0.14366531372070312,-0.6327444314956665,-0.4506829082965851,-0.19896145164966583,-0.0731072872877121,0.0804692804813385,0.0951874703168869,-0.2580253779888153,-0.05710146576166153,0.05595967918634415,-0.3923057019710541,-0.16009190678596497,-0.001037880778312683,-0.6760661005973816,-0.36259716749191284,-0.0039915889501571655,-0.16503313183784485,0.20498190820217133,0.15639741718769073,-0.3596264719963074,0.22825327515602112,0.11072973906993866,-0.46568748354911804,0.13476547598838806,0.13971033692359924,-0.5996680855751038,0.0872870609164238,0.06246951222419739
226,0.6272400617599487,0.6587492227554321,-0.20336829125881195,0.38304954767227173,0.343347430229187,-0.24924376606941223,0.025251440703868866,0.08399472385644913,-0.43442174792289734,-0.18331411480903625,-0.23831024765968323,-0.33341437578201294,-0.4551538825035095,-0.37660136818885803,-0.161475270986557,0.06932883709669113,-0.07450027763843536,-0.15105853974819183,-0.17258793115615845,-0.27305763959884644,-0.1856776475906372,-0.39028650522232056,-0.32789111137390137,-0.25633811950683594,-0.6387962102890015,-0.4278637766838074,-0.2259155809879303,5.892961780773476e-05,4.728159910882823e-05,-0.00014722485502716154,-0.2138991355895996,-0.22297047078609467,-0.01021776907145977,-0.40172481536865234,-0.2822332978248596,-0.10919167101383209,-0.6271742582321167,-0.33544376492500305,-0.13719215989112854,-0.06512441486120224,0.13698357343673706,0.03756450489163399,-0.06607215106487274,0.07497648894786835,-0.02786683849990368,-0.12562716007232666,0.05772203207015991,-0.012032606638967991,-0.11394882202148438,0.005954965949058533,0.07289499789476395,-0.16333213448524475,0.29933875799179077,0.06195737421512604,-0.1292789727449417,0.34055230021476746,-0.026508521288633347,-0.1238161027431488,0.29167988896369934,-0.02123527228832245,-0.12256501615047455,0.26348626613616943,-0.015203483402729034
227,0.6217696666717529,0.6748758554458618,-0.2126699835062027,0.354237824678421,0.35432279109954834,-0.30712592601776123,-0.008487959392368793,0.0913088321685791,-0.4012802243232727,-0.22974008321762085,-0.1667320728302002,-0.30478474497795105,-0.5230276584625244,-0.31603237986564636,-0.05447721853852272,0.040894124656915665,-0.07385607063770294,-0.15821784734725952,-0.22457045316696167,-0.258297324180603,-0.15248097479343414,-0.45970815420150757,-0.2975460886955261,-0.20039008557796478,-0.7177141904830933,-0.35433733463287354,-0.11053913086652756,-7.607706356793642e-05,6.054293044144288e-05,-0.0001851974957389757,-0.20863893628120422,-0.2128612995147705,0.04904160276055336,-0.3503060042858124,-0.28660333156585693,-0.02908262610435486,-0.05443128943443298,-0.046096786856651306,0.12696415185928345,-0.054078102111816406,0.1482698917388916,-0.03452378511428833,-0.12558087706565857,-0.007479876279830933,0.09984967857599258,0.14513546228408813,0.17166340351104736,0.05141477659344673,0.22694770991802216,0.18315131962299347,0.1758963018655777,-0.15111203491687775,0.3415803909301758,-0.05469150468707085,0.011383287608623505,0.39055466651916504,-0.11311282217502594,0.10029170662164688,0.3726784586906433,-0.06785343587398529,0.17701390385627747,0.3681991398334503,-0.027272704988718033
228,0.6121201515197754,0.6757789850234985,-0.14375771582126617,0.3180240988731384,0.3187139630317688,-0.24567431211471558,-0.07924274355173111,0.07589198648929596,-0.2599863111972809,-0.3348308801651001,-0.19239333271980286,-0.20688188076019287,-0.6087938547134399,-0.3617185950279236,-0.01382729597389698,0.010404389351606369,-0.0720798671245575,-0.1536729484796524,-0.2764795422554016,-0.25246134400367737,-0.11146681755781174,-0.4790728688240051,-0.31843867897987366,-0.0993063673377037,-0.7214305400848389,-0.3757481276988983,-0.036039017140865326,-8.969359623733908e-05,2.4611908884253353e-05,-0.00020292634144425392,-0.20891427993774414,-0.2453814297914505,0.08333905041217804,-0.36379551887512207,-0.31011050939559937,0.1094527617096901,-0.2423597127199173,-0.21405401825904846,0.20315712690353394,0.00546986423432827,0.08217807859182358,0.039286017417907715,-0.12734642624855042,-0.11169951409101486,0.1530551016330719,-0.07898621261119843,-0.04895028471946716,0.18593937158584595,0.33731263875961304,0.32436153292655945,0.1968631148338318,-0.010443337261676788,0.1689826399087906,0.09704422950744629,-0.04433300346136093,0.09852789342403412,0.11425109207630157,0.11467215418815613,0.44951266050338745,-0.14742009341716766,0.19157461822032928,0.4776911735534668,-0.13312700390815735
229,0.4973467290401459,0.7477705478668213,-0.20596754550933838,0.20756743848323822,0.4255249798297882,-0.17768874764442444,-0.229079008102417,0.24726364016532898,-0.24592265486717224,-0.457838237285614,-0.016310520470142365,-0.18069623410701752,-0.7249529361724854,-0.1814519613981247,-0.04916392266750336,-0.027776166796684265,-0.03189069777727127,-0.14684045314788818,-0.3040555715560913,-0.24789415299892426,-0.06533151119947433,-0.49751394987106323,-0.3053302764892578,-0.02584509178996086,-0.7151610851287842,-0.35851237177848816,0.05066550523042679,-0.00025939816259779036,-6.560222391271964e-05,-0.0002090854977723211,-0.16843491792678833,-0.2876167893409729,0.12050969153642654,-0.33405861258506775,-0.36071860790252686,0.23168250918388367,-0.34291887283325195,-0.39542093873023987,0.3244274854660034,0.03467318415641785,0.05478081852197647,0.0697302371263504,-0.08818010240793228,-0.1931285858154297,0.18725229799747467,-0.10863326489925385,-0.2128092497587204,0.30808213353157043,0.07384677976369858,-0.06892652809619904,0.4012783467769623,0.0651496946811676,0.1499795913696289,0.17864832282066345,-0.020275257527828217,-0.0689045712351799,0.23229411244392395,0.055694255977869034,0.09172876179218292,0.1557292342185974,0.09633058309555054,0.08056293427944183,0.23567070066928864
230,0.4407452940940857,0.7858378887176514,-0.21668484807014465,0.12088334560394287,0.49435722827911377,-0.14095360040664673,-0.30747324228286743,0.3255121111869812,-0.22873347997665405,-0.5307285189628601,0.06548692286014557,-0.1559944450855255,-0.7658120393753052,-0.1186627596616745,-0.007456159219145775,-0.04968257620930672,-0.022412044927477837,-0.15317904949188232,-0.31661951541900635,-0.25440800189971924,-0.032421279698610306,-0.5007593631744385,-0.31507641077041626,0.027002684772014618,-0.70488440990448,-0.376742422580719,0.11771421134471893,-0.0003891366650350392,-0.00011384274694137275,-0.00022352911764755845,-0.14203141629695892,-0.3057132959365845,0.14174458384513855,-0.30999064445495605,-0.392204225063324,0.2948404848575592,-0.3963106572628021,-0.5051968693733215,0.3845008611679077,0.05059253051877022,0.03816721960902214,0.08836881071329117,-0.06265075504779816,-0.23809629678726196,0.20578709244728088,-0.11593972146511078,-0.2959388196468353,0.36603444814682007,-0.101260706782341,-0.28633958101272583,0.4805750846862793,0.11275075376033783,0.1421891152858734,0.2117059975862503,-0.010265392251312733,-0.16820815205574036,0.2922620177268982,0.0318201407790184,-0.10834506154060364,0.31732821464538574,0.07753399759531021,-0.1460627317428589,0.42559942603111267
231,0.3803344964981079,0.8075725436210632,-0.178926020860672,0.02108578011393547,0.5459165573120117,-0.14555040001869202,-0.3614482879638672,0.39222848415374756,-0.219998300075531,-0.5609039664268494,0.12796379625797272,-0.15101833641529083,-0.7958015203475952,-0.05566742271184921,0.01560852862894535,-0.05181800574064255,-0.020859330892562866,-0.15752267837524414,-0.3323807120323181,-0.24273458123207092,-0.027748309075832367,-0.5132682919502258,-0.31394249200820923,0.06279027462005615,-0.70756596326828,-0.38715994358062744,0.18396687507629395,-0.0004000224871560931,-0.00012175542360637337,-0.00022933530271984637,-0.118820421397686,-0.3062087297439575,0.1521027386188507,-0.2849370539188385,-0.40331244468688965,0.32421907782554626,-0.3896512985229492,-0.5520408153533936,0.42551708221435547,0.06426756083965302,0.04678049311041832,0.10726631432771683,-0.05999324470758438,-0.24705906212329865,0.21875113248825073,-0.1223805844783783,-0.32891541719436646,0.38759350776672363,-0.15077507495880127,-0.37193113565444946,0.5598904490470886,0.1357603371143341,0.14126014709472656,0.2258273959159851,-0.006102506536990404,-0.20798490941524506,0.3312634825706482,0.021325930953025818,-0.20392267405986786,0.4075992703437805,0.06096230447292328,-0.24840866029262543,0.5373081564903259
232,0.3527708649635315,0.8322756290435791,-0.11560932546854019,-0.036580637097358704,0.5792850852012634,-0.14619392156600952,-0.40813857316970825,0.43452954292297363,-0.20539963245391846,-0.5834321975708008,0.1737494021654129,-0.12725621461868286,-0.8008013963699341,-0.0068983044475317,0.046389415860176086,-0.06217435747385025,-0.013462131842970848,-0.1619339883327484,-0.3376185894012451,-0.24044248461723328,-0.029287319630384445,-0.5205096006393433,-0.3125152587890625,0.0726284384727478,-0.7078280448913574,-0.3903895616531372,0.20769274234771729,-0.000376370910089463,-0.00010586815187707543,-0.00022238293604459614,-0.10479295253753662,-0.3069932460784912,0.16087815165519714,-0.24948520958423615,-0.41992640495300293,0.3461563289165497,-0.4028364419937134,-0.6075254678726196,0.4243032932281494,0.07005821168422699,0.047998737543821335,0.118615061044693,-0.0582522377371788,-0.26324495673179626,0.23587505519390106,-0.11953926831483841,-0.34680670499801636,0.41280946135520935,-0.16661357879638672,-0.44507133960723877,0.5895408987998962,0.146059051156044,0.14123687148094177,0.23640620708465576,0.01758909597992897,-0.15589341521263123,0.3914617896080017,0.009599006734788418,-0.25414687395095825,0.47712865471839905,0.04126295819878578,-0.2978624105453491,0.621456503868103
233,0.32801181077957153,0.8513970375061035,-0.13678860664367676,-0.07577700912952423,0.5989478826522827,-0.14730775356292725,-0.43244367837905884,0.44640976190567017,-0.21415741741657257,-0.5849289894104004,0.1920611560344696,-0.12858770787715912,-0.7943713665008545,0.023602642118930817,0.019339725375175476,-0.06964568048715591,-0.0038494421169161797,-0.16045787930488586,-0.32488033175468445,-0.24805791676044464,-0.022295892238616943,-0.5190755724906921,-0.3292068839073181,0.09900619089603424,-0.6933594942092896,-0.4312351942062378,0.2858007550239563,-0.00042490899795666337,-9.334639617009088e-05,-0.00022581404482480139,-0.08933897316455841,-0.3178723454475403,0.16069449484348297,-0.23292620480060577,-0.4270925223827362,0.3554723858833313,-0.3882420063018799,-0.6277628540992737,0.446152925491333,0.07251878827810287,0.05013167858123779,0.11882305145263672,-0.051212456077337265,-0.27661001682281494,0.24080610275268555,-0.10503785312175751,-0.3682006001472473,0.42155224084854126,-0.16072896122932434,-0.494611918926239,0.6043310761451721,0.1542137861251831,0.14896106719970703,0.23316381871700287,0.02894185110926628,-0.13420546054840088,0.41762566566467285,0.019522901624441147,-0.26062947511672974,0.5171754360198975,0.018951483070850372,-0.3240985870361328,0.6713631749153137
234,0.31456294655799866,0.8629769682884216,-0.1631770133972168,-0.072028748691082,0.6189920902252197,-0.16648322343826294,-0.4436986446380615,0.45158952474594116,-0.2177571952342987,-0.58127760887146,0.18460750579833984,-0.14045579731464386,-0.7768101692199707,0.02417171746492386,-0.009940584190189838,-0.06863655894994736,-0.002457541646435857,-0.16243869066238403,-0.31067919731140137,-0.25805535912513733,-0.02603507600724697,-0.5120083689689636,-0.33831533789634705,0.1095261424779892,-0.6790112257003784,-0.4417937994003296,0.29199862480163574,-0.00036471811472438276,-9.308320295531303e-05,-0.0002366200933465734,-0.07720520347356796,-0.32118290662765503,0.15835298597812653,-0.20244431495666504,-0.44247859716415405,0.35920649766921997,-0.36304497718811035,-0.627606987953186,0.4616718292236328,0.07498271763324738,0.05411529541015625,0.12059544026851654,-0.036046091467142105,-0.27642273902893066,0.24209868907928467,-0.09406202286481857,-0.38093969225883484,0.42252957820892334,-0.1540389508008957,-0.5225998163223267,0.6134814023971558,0.16346830129623413,0.16536736488342285,0.23539389669895172,0.07133153080940247,-0.021763470023870468,0.44366833567619324,0.010407557711005211,-0.22547751665115356,0.550491213798523,-0.001462077721953392,-0.34161439538002014,0.6819610595703125
235,0.2912566363811493,0.8804672956466675,-0.12497518956661224,-0.08700613677501678,0.6324714422225952,-0.13220646977424622,-0.4563736319541931,0.4654129445552826,-0.20830222964286804,-0.6043965816497803,0.17665326595306396,-0.136241614818573,-0.7632166743278503,0.02372484654188156,-0.04911145195364952,-0.07890833914279938,0.0036216918379068375,-0.16147631406784058,-0.3131108283996582,-0.259843647480011,-0.037862539291381836,-0.44066381454467773,-0.4134957194328308,0.1191444844007492,-0.6766760945320129,-0.45796138048171997,0.277169406414032,-0.0003382166032679379,-8.174993126885965e-05,-0.0002162472519557923,-0.07397325336933136,-0.3309934437274933,0.14650839567184448,-0.19458863139152527,-0.45866644382476807,0.3584749102592468,-0.3604795038700104,-0.6200835108757019,0.4681813716888428,0.07959170639514923,0.051962368190288544,0.12361589074134827,-0.02245153859257698,-0.28243952989578247,0.23980511724948883,-0.08990658819675446,-0.3952851891517639,0.4308815002441406,-0.15758585929870605,-0.5361154675483704,0.6197383403778076,0.1826907992362976,0.14743007719516754,0.24275273084640503,0.09451143443584442,-0.048926323652267456,0.4578709602355957,0.02782554179430008,-0.2385619878768921,0.5614217519760132,0.004560152068734169,-0.32347628474235535,0.7033692598342896
236,0.27398809790611267,0.877203106880188,-0.0757094994187355,-0.10483618825674057,0.6443791389465332,-0.11328744888305664,-0.46784526109695435,0.4463326036930084,-0.19935637712478638,-0.6139484643936157,0.173441082239151,-0.14082753658294678,-0.7624250054359436,0.0026947222650051117,-0.06345905363559723,-0.08209992945194244,0.0073647284880280495,-0.16062995791435242,-0.2973371148109436,-0.2722429037094116,-0.056022029370069504,-0.39746156334877014,-0.4541182518005371,0.0937809869647026,-0.5560104846954346,-0.5840374827384949,0.23776167631149292,-0.0003254218609072268,-5.8425845054443926e-05,-0.00019459474424365908,-0.06222120672464371,-0.3553367257118225,0.1186922937631607,-0.18319940567016602,-0.47106584906578064,0.34042811393737793,-0.3412030339241028,-0.6275128126144409,0.433296799659729,0.08222095668315887,0.056212835013866425,0.12638315558433533,0.0019002659246325493,-0.2897346019744873,0.2246779501438141,-0.08086313307285309,-0.4231994152069092,0.4104732871055603,-0.17030496895313263,-0.5625571012496948,0.5691982507705688,0.19302412867546082,0.15848425030708313,0.25246280431747437,0.10750918090343475,-0.10107824951410294,0.4453185200691223,0.04931638017296791,-0.25596189498901367,0.5578287839889526,0.04218599200248718,-0.3493667542934418,0.7057439088821411
237,0.2491064965724945,0.8681572675704956,-0.015699395909905434,-0.12746624648571014,0.6311501264572144,-0.05183566361665726,-0.5019553899765015,0.4205474853515625,-0.12668448686599731,-0.6352510452270508,0.15524864196777344,-0.10021214187145233,-0.7572574615478516,0.006309368181973696,-0.13901880383491516,-0.08822762966156006,0.018277347087860107,-0.15479342639446259,-0.2620680034160614,-0.28448474407196045,-0.06256679445505142,-0.3986128866672516,-0.45312413573265076,0.05346716567873955,-0.5284600257873535,-0.6156136989593506,0.2211182713508606,-0.00016084470553323627,-9.980089089367539e-05,-0.0001868412655312568,-0.04844788461923599,-0.3616299629211426,0.09933074563741684,-0.14219482243061066,-0.5071280002593994,0.2846488952636719,-0.31145405769348145,-0.693545937538147,0.35263916850090027,0.08350124955177307,0.05518653243780136,0.12880563735961914,0.018720902502536774,-0.2922309637069702,0.20727694034576416,-0.06276743859052658,-0.4490744471549988,0.37326857447624207,-0.13078415393829346,-0.6154820919036865,0.5472628474235535,0.20812582969665527,0.14052700996398926,0.2647976875305176,0.12759654223918915,-0.13590094447135925,0.44822704792022705,0.08522789925336838,-0.2844085991382599,0.555274486541748,0.05645505338907242,-0.40720146894454956,0.6899885535240173
238,0.24142837524414062,0.8686221241950989,0.029583649709820747,-0.1492377519607544,0.6329077482223511,-0.022099144756793976,-0.519932210445404,0.4044177234172821,-0.08445344120264053,-0.6540683507919312,0.1413099616765976,-0.07828056812286377,-0.765579342842102,-0.004764881916344166,-0.14181220531463623,-0.0911329984664917,0.02490294724702835,-0.14876839518547058,-0.23928651213645935,-0.2959514856338501,-0.06979841738939285,-0.3988405168056488,-0.4574580192565918,0.03433522954583168,-0.5062649250030518,-0.6424658298492432,0.20500993728637695,-0.00011893109331140295,-0.0001223621511599049,-0.00019145352416671813,-0.04277496784925461,-0.3648449182510376,0.08437997102737427,-0.11771906912326813,-0.5325510501861572,0.24680593609809875,-0.281562477350235,-0.7324787378311157,0.296269029378891,0.08436933159828186,0.05218958482146263,0.1311596930027008,0.025963135063648224,-0.29812365770339966,0.19578799605369568,-0.048960454761981964,-0.46823811531066895,0.34321165084838867,-0.10983054339885712,-0.6536736488342285,0.530312180519104,0.2128964066505432,0.1303958296775818,0.2800954580307007,0.1374691128730774,-0.17097455263137817,0.4506966471672058,0.09241201728582382,-0.32481032609939575,0.5410300493240356,0.06184566766023636,-0.4451283812522888,0.6837872266769409
239,0.23641200363636017,0.8566926121711731,0.04922182112932205,-0.11086060106754303,0.6256933212280273,0.014957438223063946,-0.4734434485435486,0.38889428973197937,-0.10867470502853394,-0.5707334280014038,0.07771377265453339,-0.025656690821051598,-0.6763560771942139,-0.10050727427005768,-0.08952799439430237,-0.0654301717877388,0.006870972458273172,-0.13353055715560913,-0.19973959028720856,-0.3078002631664276,-0.08215086907148361,-0.3702194094657898,-0.47034239768981934,0.02046111598610878,-0.48550522327423096,-0.6595787405967712,0.17787858843803406,-0.00027126914937980473,-9.613169822841883e-05,-0.0002203176263719797,-0.02264651469886303,-0.3709184229373932,0.07449078559875488,-0.09394705295562744,-0.5445669889450073,0.20705345273017883,-0.23867939412593842,-0.7563413381576538,0.23748740553855896,0.08654583990573883,0.048427604138851166,0.13134989142417908,0.04430219903588295,-0.2881934642791748,0.19599273800849915,-0.03170662745833397,-0.46822088956832886,0.3461452126502991,-0.1096271425485611,-0.6738815307617188,0.4616415500640869,0.23875373601913452,0.1310226023197174,0.27480337023735046,0.13485509157180786,-0.1932123303413391,0.4305723309516907,0.11611766368150711,-0.3204876482486725,0.528485119342804,0.07686368376016617,-0.4487985372543335,0.6724019050598145
240,0.2300487756729126,0.8637345433235168,0.09427288174629211,-0.1269446313381195,0.6513030529022217,0.07813151180744171,-0.4871945381164551,0.4029041528701782,-0.06147878244519234,-0.601327657699585,0.08502620458602905,-0.03330950811505318,-0.6916748881340027,-0.08282433450222015,-0.13291874527931213,-0.0713404044508934,0.013963456265628338,-0.1286548525094986,-0.1962578296661377,-0.3079204857349396,-0.09210805594921112,-0.3579965829849243,-0.46942242980003357,0.0014628767967224121,-0.4711777865886688,-0.6734961271286011,0.1821092665195465,-0.00031121514621190727,-2.27486507355934e-05,-0.00018281349912285805,-0.010157381184399128,-0.37310194969177246,0.053707290440797806,-0.08198775351047516,-0.5526713132858276,0.17693880200386047,-0.19849666953086853,-0.7730833888053894,0.1574152708053589,0.08974447101354599,0.051204435527324677,0.13101723790168762,0.06409679353237152,-0.2825305461883545,0.18821868300437927,-0.01770896464586258,-0.48512858152389526,0.32356035709381104,-0.1006280928850174,-0.7008301615715027,0.3538109362125397,0.2409951537847519,0.12852174043655396,0.27446120977401733,0.1837417483329773,-0.191605806350708,0.428367018699646,0.1487162709236145,-0.3312251567840576,0.5184671878814697,0.08276131004095078,-0.4694536328315735,0.6668469905853271
241,0.21877501904964447,0.9096499681472778,0.05701806768774986,-0.15356874465942383,0.6586968898773193,0.10991927981376648,-0.504847526550293,0.4092278480529785,0.006010696291923523,-0.6062796115875244,0.09966914355754852,-0.06734903901815414,-0.7038714289665222,-0.07664529979228973,-0.1650339663028717,-0.09280703216791153,0.014403432607650757,-0.12083692103624344,-0.20620936155319214,-0.29545390605926514,-0.11357435584068298,-0.3515280783176422,-0.4763922691345215,-0.017053203657269478,-0.45205023884773254,-0.6882005929946899,0.15566647052764893,-0.0005150967626832426,-5.8153273130301386e-05,-0.00021809176541864872,0.0087828878313303,-0.3811192214488983,0.02706596441566944,-0.07057292759418488,-0.5378260016441345,0.19818395376205444,-0.16570468246936798,-0.7718594074249268,0.23323065042495728,0.09425947070121765,0.057551465928554535,0.1236393079161644,0.1005215272307396,-0.2687150239944458,0.16935105621814728,0.019472654908895493,-0.4871302843093872,0.31439638137817383,-0.0373915359377861,-0.6843189001083374,0.4174771010875702,0.2534143924713135,0.13878288865089417,0.25261345505714417,0.23868995904922485,-0.17237722873687744,0.38930240273475647,0.17302966117858887,-0.3224942684173584,0.49176985025405884,0.13741962611675262,-0.44114792346954346,0.6289942264556885
242,0.2508932948112488,0.9193387031555176,0.0034616701304912567,-0.17321771383285522,0.6696826219558716,0.11679019033908844,-0.5123374462127686,0.42118269205093384,0.03921055793762207,-0.610620379447937,0.1095518246293068,-0.07950161397457123,-0.7016029953956604,-0.06392673403024673,-0.14698301255702972,-0.08782397210597992,0.013540662825107574,-0.12063149362802505,-0.21901395916938782,-0.2898138165473938,-0.11929826438426971,-0.346255362033844,-0.4774402379989624,-0.02632594294846058,-0.43700650334358215,-0.6984074115753174,0.11435520648956299,-0.0006585234077647328,-6.92848552716896e-05,-0.00024509194190613925,0.016064224764704704,-0.38634181022644043,0.014067284762859344,-0.05870847404003143,-0.5363227725028992,0.19565504789352417,-0.14192281663417816,-0.7814239859580994,0.2477497160434723,0.09796883910894394,0.06305623799562454,0.1139654815196991,0.1175619587302208,-0.2666384279727936,0.15816360712051392,0.04194820672273636,-0.48540499806404114,0.30934906005859375,0.009805070236325264,-0.6896969079971313,0.4417267441749573,0.26157766580581665,0.14448769390583038,0.23213782906532288,0.26141488552093506,-0.15662257373332977,0.3777577877044678,0.21210864186286926,-0.30659767985343933,0.46936243772506714,0.18125951290130615,-0.4316067397594452,0.6008852124214172
243,0.2852191925048828,0.9110746383666992,-0.019054511561989784,-0.15814746916294098,0.6687260866165161,0.10030613839626312,-0.4402066767215729,0.43998581171035767,0.019267482683062553,-0.545390248298645,0.14945396780967712,-0.09260772168636322,-0.6374542713165283,-0.0416744090616703,-0.15745164453983307,-0.09144279360771179,0.008153168484568596,-0.11319829523563385,-0.20212887227535248,-0.29181212186813354,-0.1323258876800537,-0.3151216208934784,-0.4718419909477234,-0.09717337787151337,-0.45079681277275085,-0.7028735876083374,0.10731445252895355,-0.0006147082895040512,-0.00010179629316553473,-0.00023246114142239094,0.028176473453640938,-0.38816311955451965,0.009864257648587227,-0.052378714084625244,-0.5355597138404846,0.2242216020822525,-0.16192924976348877,-0.7846361398696899,0.2970249354839325,0.10928241908550262,0.062136076390743256,0.10981888324022293,0.12749390304088593,-0.259244829416275,0.16150781512260437,0.05903909355401993,-0.4711114466190338,0.32416361570358276,0.026245813816785812,-0.6869797706604004,0.44650590419769287,0.2719164788722992,0.1405767947435379,0.2123846709728241,0.28288108110427856,-0.12672996520996094,0.3795072138309479,0.25274285674095154,-0.2658045291900635,0.4734621047973633,0.22843259572982788,-0.41447800397872925,0.6086738109588623
244,0.3231799602508545,0.8909313082695007,-0.01525946520268917,-0.11942367255687714,0.6642544269561768,0.09961360692977905,-0.42772984504699707,0.4107736349105835,0.039698276668787,-0.5392314791679382,0.15434235334396362,-0.0698421448469162,-0.6294151544570923,-0.022518988698720932,-0.1279102861881256,-0.08007894456386566,-0.0014543882571160793,-0.11118577420711517,-0.17377936840057373,-0.2996913194656372,-0.12990359961986542,-0.26537200808525085,-0.48135143518447876,-0.11576704680919647,-0.41232338547706604,-0.7139253616333008,0.043819114565849304,-0.0005843815742991865,-8.983130101114511e-05,-0.00024068279890343547,0.042733144015073776,-0.3874492645263672,0.014658612199127674,-0.04570109397172928,-0.5356194972991943,0.2337488830089569,-0.1486469805240631,-0.7996984720230103,0.2258148342370987,0.11757282167673111,0.06136877089738846,0.10693080723285675,0.1403627246618271,-0.25809741020202637,0.15799492597579956,0.07541169226169586,-0.48132699728012085,0.3049347400665283,0.016245651990175247,-0.6906864643096924,0.4399128556251526,0.28933602571487427,0.1410938799381256,0.19915254414081573,0.30663421750068665,-0.12678509950637817,0.36373335123062134,0.2862628102302551,-0.27438074350357056,0.4693252742290497,0.2418401539325714,-0.4214344024658203,0.5977253317832947
245,0.3089998960494995,0.9045522212982178,-0.01340894028544426,-0.11075739562511444,0.6624480485916138,0.07766316831111908,-0.3809322118759155,0.4123232960700989,0.04305541515350342,-0.5311343669891357,0.14898298680782318,-0.06639823317527771,-0.63280189037323,-0.03407986834645271,-0.11413563787937164,-0.06713540852069855,-0.007843091152608395,-0.11157213151454926,-0.12730613350868225,-0.3253200650215149,-0.11908981204032898,-0.2529008388519287,-0.5137123465538025,-0.1355382800102234,-0.39055994153022766,-0.7305598258972168,-0.013865478336811066,-0.0006464212201535702,-8.562768925912678e-05,-0.00024939957074820995,0.04464998096227646,-0.38760897517204285,0.028116948902606964,-0.021392052993178368,-0.5450812578201294,0.23805555701255798,-0.14762955904006958,-0.808641254901886,0.2483142912387848,0.11922445893287659,0.060348495841026306,0.0950799286365509,0.16028499603271484,-0.2429642677307129,0.16307663917541504,0.09958523511886597,-0.4837988018989563,0.30565497279167175,0.05484472215175629,-0.6971354484558105,0.4520101547241211,0.30327701568603516,0.1335492581129074,0.1852528154850006,0.32864344120025635,-0.08981337398290634,0.3505801558494568,0.3199375867843628,-0.2663296163082123,0.45295456051826477,0.3030208945274353,-0.4102820158004761,0.5895602107048035
246,0.16868408024311066,0.9003776907920837,0.09718331694602966,-0.14188160002231598,0.533410906791687,0.09420990943908691,-0.3702116012573242,0.2299015372991562,0.07325629144906998,-0.5032905340194702,-0.11202296614646912,-0.008314255625009537,-0.5968049764633179,-0.3482503890991211,-0.015030764043331146,-0.0709160566329956,-0.03179625794291496,-0.11226961761713028,-0.08864818513393402,-0.3691444396972656,-0.10361092537641525,-0.18255312740802765,-0.5624285936355591,-0.07979428023099899,-0.3094031512737274,-0.7631239891052246,0.013485338538885117,-0.0007804760243743658,-1.95926331798546e-05,-0.00026306466315872967,0.05945051833987236,-0.37107136845588684,0.034712787717580795,0.020268447697162628,-0.5465750694274902,0.21046796441078186,-0.03885410726070404,-0.7929855585098267,0.23265260457992554,0.1249019205570221,0.05242236703634262,0.09472157061100006,0.17454689741134644,-0.24486082792282104,0.15704312920570374,0.1177237331867218,-0.4731450080871582,0.30842941999435425,0.08954273164272308,-0.6910978555679321,0.40237414836883545,0.3197163939476013,0.11947852373123169,0.20019710063934326,0.35874617099761963,-0.11576229333877563,0.33676832914352417,0.34917375445365906,-0.278170108795166,0.45420241355895996,0.35135024785995483,-0.40516725182533264,0.576549768447876
247,0.0888504832983017,0.8663637638092041,0.1717883050441742,-0.19149550795555115,0.4607461094856262,0.14407990872859955,-0.41632282733917236,0.13067544996738434,0.10872296988964081,-0.555935263633728,-0.22214286029338837,0.041576944291591644,-0.626267671585083,-0.49500054121017456,0.03587593883275986,-0.08040531724691391,-0.03967192396521568,-0.10269898176193237,-0.08931969106197357,-0.3872498869895935,-0.09727988392114639,-0.2220725119113922,-0.5644620656967163,-0.0185867790132761,-0.30918076634407043,-0.76197749376297,0.0840415507555008,-0.0008820811053737998,-3.7013272958574817e-05,-0.000266592251136899,0.051382504403591156,-0.36280375719070435,0.040740422904491425,0.021164242178201675,-0.5374595522880554,0.20769257843494415,-0.038730181753635406,-0.775182843208313,0.26867589354515076,0.13924093544483185,0.04841403663158417,0.09341263771057129,0.18504691123962402,-0.24704661965370178,0.1254659742116928,0.13235726952552795,-0.46100112795829773,0.3138304352760315,0.06540447473526001,-0.669702410697937,0.43147921562194824,0.31808096170425415,0.11574648320674896,0.20001676678657532,0.3633405268192291,-0.11858491599559784,0.3318484425544739,0.3672783076763153,-0.28336048126220703,0.44368231296539307,0.35335293412208557,-0.39679819345474243,0.5639018416404724
248,0.1356678307056427,0.8536970615386963,0.2374744564294815,-0.20593540370464325,0.4840167164802551,0.21388521790504456,-0.38983258605003357,0.11261408030986786,0.1581687182188034,-0.5348734855651855,-0.28575193881988525,0.096262127161026,-0.604583740234375,-0.5619576573371887,0.07863355427980423,-0.07684406638145447,-0.050791919231414795,-0.0722569078207016,-0.0813356265425682,-0.40485095977783203,-0.11257702112197876,-0.2015523910522461,-0.579582929611206,-0.0532192587852478,-0.27143508195877075,-0.8090171217918396,0.06989132612943649,-0.0009498585714027286,-8.576830441597849e-05,-0.0002668668457772583,0.05700814723968506,-0.36718934774398804,0.009671613574028015,0.02391660585999489,-0.5475690364837646,0.1582026481628418,0.0007081758230924606,-0.8184998035430908,0.21003136038780212,0.1435544490814209,0.04167749360203743,0.08374682068824768,0.19716209173202515,-0.2487255036830902,0.11514490842819214,0.1517973691225052,-0.4586902856826782,0.29096242785453796,0.1462424099445343,-0.6681156158447266,0.44502735137939453,0.345547616481781,0.0886429101228714,0.18921858072280884,0.3880966007709503,-0.14962540566921234,0.29812613129615784,0.39906561374664307,-0.30475756525993347,0.41717076301574707,0.36396467685699463,-0.44972550868988037,0.5488029718399048
249,0.4004726707935333,0.5857886075973511,0.3393979072570801,0.09135689586400986,0.37735602259635925,0.2702859342098236,-0.2133922129869461,0.17435701191425323,0.1598571240901947,-0.3498232066631317,-0.25603413581848145,-0.02553471550345421,-0.42092645168304443,-0.39480122923851013,-0.13310323655605316,-0.06472183018922806,-0.019640330225229263,-0.04416728392243385,-0.07785163074731827,-0.27674025297164917,-0.1626059114933014,-0.18938171863555908,-0.44935494661331177,-0.13286499679088593,-0.14516596496105194,-0.5397782325744629,-0.18921613693237305,-0.0009304279228672385,-0.0002033241034951061,-0.00029200478456914425,-0.030194329097867012,-0.2187151461839676,-0.08707697689533234,-0.04259186238050461,-0.4251783490180969,0.04088188335299492,-0.0017034461488947272,-0.664086103439331,-0.017220258712768555,0.10260641574859619,0.055354952812194824,0.054412808269262314,0.1420644223690033,-0.10542796552181244,-0.021366052329540253,0.15950143337249756,-0.18335673213005066,0.010986551642417908,0.1889963448047638,-0.25708305835723877,0.054757729172706604,0.22498676180839539,0.13273552060127258,0.13034610450267792,0.22722654044628143,0.0004664510488510132,0.05492433160543442,0.28310179710388184,-0.0578732043504715,0.10581448674201965,0.3026331067085266,-0.12018215656280518,0.14300861954689026
250,0.5249320268630981,0.4612298011779785,0.4259081482887268,0.27777981758117676,0.32981932163238525,0.28136593103408813,-0.0238003209233284,0.32367634773254395,0.12830215692520142,-0.11419379711151123,-0.03080657869577408,0.007121262140572071,-0.159297376871109,-0.18575945496559143,0.013062819838523865,-0.023877056315541267,0.0025110775604844093,-0.01558144111186266,-0.04631800949573517,-0.22138166427612305,-0.039278049021959305,-0.10486537218093872,-0.4572153389453888,-0.2254604697227478,-0.06109027564525604,-0.607869029045105,-0.28291234374046326,-0.0009271195158362389,-0.00021408492466434836,-0.0003284001722931862,-0.03263062238693237,-0.17513468861579895,-0.06633500754833221,-0.006274983286857605,-0.420037180185318,-0.09443320333957672,0.006741838064044714,-0.6791344881057739,-0.1878516674041748,0.09099921584129333,0.03794187307357788,0.030308816581964493,0.130978062748909,-0.0421595498919487,-0.08163446187973022,0.11628697067499161,-0.27066394686698914,-0.0826743096113205,0.1199602261185646,-0.4430316686630249,-0.058658719062805176,0.19469092786312103,0.16732612252235413,0.08309745043516159,0.25647836923599243,0.06291896849870682,-0.08765748143196106,0.2389686554670334,0.1846434473991394,-0.04010644927620888,0.3900415599346161,0.22187566757202148,0.07097472995519638
251,0.555957555770874,0.524350643157959,0.34391847252845764,0.17408570647239685,0.4390310049057007,0.1855468451976776,-0.007750814780592918,0.30945533514022827,0.17059263586997986,-0.12835606932640076,0.07764425128698349,0.11239396780729294,-0.1266123652458191,-0.3448680639266968,0.16173703968524933,-0.038856588304042816,0.02505256049335003,-0.04343046247959137,-0.14129690825939178,-0.15897081792354584,0.007566655054688454,-0.0922168642282486,-0.4496276378631592,-0.10332908481359482,-0.06585019081830978,-0.5959574580192566,-0.1578180491924286,-0.0008072857744991779,-0.00021249901328701526,-0.0003141987253911793,-0.0652516707777977,-0.1660047471523285,-0.04276808723807335,-0.0675874799489975,-0.3442394435405731,-0.03715590387582779,-0.05206666886806488,-0.7013671398162842,-0.0881253108382225,0.11353574693202972,0.008777703158557415,0.04557497799396515,0.15878000855445862,-0.15505221486091614,-0.0260334312915802,-0.07066366821527481,-0.18558672070503235,-0.10603038966655731,-0.19295239448547363,-0.29553574323654175,-0.07532794773578644,0.27909815311431885,0.06860508024692535,0.10880331695079803,0.3454146981239319,-0.07652956992387772,0.02030997723340988,0.35488182306289673,-0.06401392072439194,0.05543561279773712,0.44798099994659424,-0.06899142265319824,0.15665817260742188
252,0.5631040334701538,0.5725680589675903,0.2539331316947937,0.12092799693346024,0.4908965826034546,0.13870322704315186,0.019669700413942337,0.2911428213119507,0.21302057802677155,-0.1190272718667984,0.11894512176513672,0.16698168218135834,-0.04711030423641205,-0.4281122088432312,0.2947577238082886,-0.030412394553422928,0.01519461628049612,-0.043931737542152405,-0.14399026334285736,-0.1640624701976776,0.06338030099868774,-0.055643822997808456,-0.4539176821708679,-0.0313902422785759,-0.0027721375226974487,-0.5920698046684265,-0.1019875556230545,-0.0010108932619914412,-0.0002277247840538621,-0.00033422536216676235,-0.09182023257017136,-0.16853153705596924,-0.014940859749913216,-0.07405118644237518,-0.32606008648872375,-0.01106157898902893,-0.07082688063383102,-0.7219547033309937,-0.08803153783082962,0.11839713156223297,-0.009851828217506409,0.03998192772269249,0.022983185946941376,-0.14291751384735107,-0.071685791015625,-0.10613417625427246,-0.14618168771266937,-0.06460270285606384,0.0973895713686943,-0.3571307063102722,0.11328434944152832,0.31899410486221313,0.04232688248157501,0.11684412509202957,0.3866744637489319,-0.13674388825893402,0.09487197548151016,0.39880135655403137,-0.1947576403617859,0.14825016260147095,0.4613119661808014,-0.22412997484207153,0.2617439031600952
253,0.5796181559562683,0.589191198348999,0.22107073664665222,0.08613047003746033,0.4870176911354065,0.21371817588806152,-0.16697761416435242,0.36393338441848755,0.17859309911727905,-0.21634657680988312,0.16523140668869019,0.225447416305542,-0.2794151306152344,-0.1654646396636963,0.27597522735595703,-0.07076746225357056,0.028697310015559196,-0.04293867573142052,-0.16787603497505188,-0.1550586223602295,0.013065118342638016,-0.1191910058259964,-0.41058772802352905,-0.01784173771739006,-0.0785735473036766,-0.6299437284469604,0.18772725760936737,-0.0010845925426110625,-0.00024653051514178514,-0.00032381952041760087,-0.039608802646398544,-0.25679826736450195,0.013048280030488968,-0.009787825867533684,-0.4321848750114441,0.0875936970114708,0.04144839942455292,-0.7529528141021729,0.10538865625858307,0.1307583451271057,-0.013578100129961967,0.0464143306016922,0.11682649701833725,-0.20012632012367249,-0.0038828738033771515,-0.002095557749271393,-0.3003663122653961,0.033773273229599,0.10865488648414612,-0.5142274498939514,0.24198156595230103,0.3413585424423218,0.04133935272693634,0.11515916883945465,0.4264066815376282,-0.17063169181346893,0.1273336410522461,0.4569101333618164,-0.26883530616760254,0.19160588085651398,0.4683312773704529,-0.34028521180152893,0.32270532846450806
254,0.5436681509017944,0.6486022472381592,0.16000811755657196,0.08076086640357971,0.5262632369995117,0.21433407068252563,-0.2843317985534668,0.424573689699173,0.15778394043445587,-0.3462578058242798,0.2535690367221832,0.20751482248306274,-0.4834780693054199,0.03512302786111832,0.2449016273021698,-0.10631588101387024,0.051455289125442505,-0.03418547660112381,-0.18090492486953735,-0.24562305212020874,0.0334542915225029,-0.1613118201494217,-0.4709927439689636,0.09217970818281174,-0.11236666142940521,-0.6982870697975159,0.20221006870269775,-0.0011205567279830575,-0.00033171483664773405,-0.0003169301780872047,-0.01806705817580223,-0.29737865924835205,0.03768409043550491,-0.024349229410290718,-0.4799264073371887,0.15659379959106445,-0.041538503021001816,-0.7782773971557617,0.16742512583732605,0.141367107629776,-0.0069900089874863625,0.041226018220186234,0.16967159509658813,-0.23690378665924072,0.0319950170814991,0.07996536791324615,-0.39225050806999207,0.07213760167360306,0.13788877427577972,-0.6131596565246582,0.27223026752471924,0.3527701497077942,0.03801834583282471,0.11569324880838394,0.44569751620292664,-0.20121589303016663,0.15417972207069397,0.4777681827545166,-0.32135796546936035,0.23728978633880615,0.48052966594696045,-0.4193117618560791,0.36519870162010193
255,0.5213367938995361,0.672590434551239,0.07041724026203156,0.11464144289493561,0.5709185600280762,0.15774011611938477,-0.28045839071273804,0.4757387638092041,0.18783113360404968,-0.3489268720149994,0.28318822383880615,0.24979397654533386,-0.4858192801475525,0.12001201510429382,0.23208670318126678,-0.0971432477235794,0.04650399833917618,-0.015115290880203247,-0.1578194797039032,-0.2845560908317566,0.04947804659605026,-0.15626981854438782,-0.5087922215461731,0.12243850529193878,-0.11549222469329834,-0.7343618869781494,0.2571081817150116,-0.0011412511812523007,-0.00040209124563261867,-0.00031538697658106685,-0.006217999383807182,-0.3178776800632477,0.06289282441139221,-0.0014879824593663216,-0.5139899253845215,0.20316419005393982,-0.05217505618929863,-0.7928882241249084,0.2553737759590149,0.14181768894195557,-0.0012126760557293892,0.029356947168707848,0.1880229115486145,-0.25133243203163147,0.06343991309404373,0.13412292301654816,-0.42931461334228516,0.14838021993637085,0.14412277936935425,-0.6604583263397217,0.3081209659576416,0.3511453866958618,0.04338039457798004,0.10399198532104492,0.4539220929145813,-0.19260789453983307,0.1738976240158081,0.4788978099822998,-0.3251216411590576,0.27502936124801636,0.4902753233909607,-0.4345782399177551,0.413213312625885
256,0.4999290406703949,0.693382740020752,0.028063874691724777,0.18709300458431244,0.5683382749557495,0.1488511711359024,-0.25370723009109497,0.49104684591293335,0.19598214328289032,-0.2810443043708801,0.3100191354751587,0.261955201625824,-0.34878289699554443,-0.015207834541797638,0.4044560194015503,-0.08464107662439346,0.04387394338846207,0.009988601319491863,-0.1665535569190979,-0.2961939573287964,0.05913301557302475,-0.15292054414749146,-0.5355247259140015,0.1385401487350464,-0.13064324855804443,-0.7780865430831909,0.1951129287481308,-0.0012253988534212112,-0.00040683700353838503,-0.00032765718060545623,-0.00748618645593524,-0.33502286672592163,0.05913978070020676,-0.0019643749110400677,-0.5431536436080933,0.18709492683410645,-0.05750522390007973,-0.8091681003570557,0.256643682718277,0.14256995916366577,0.004591472912579775,0.019996371120214462,0.19268381595611572,-0.26297932863235474,0.07101243734359741,0.16095805168151855,-0.45462316274642944,0.16965050995349884,0.1599113941192627,-0.6988369226455688,0.29600363969802856,0.34893614053726196,0.05043493211269379,0.11135190725326538,0.4589613676071167,-0.19050414860248566,0.18663865327835083,0.4933386445045471,-0.33410659432411194,0.2988439202308655,0.5050663948059082,-0.4498947262763977,0.44112592935562134
257,0.493965744972229,0.7027661800384521,-0.02940758690237999,0.24170507490634918,0.5662374496459961,0.11240701377391815,-0.22649750113487244,0.479314386844635,0.21552887558937073,-0.24362358450889587,0.31522661447525024,0.27128151059150696,-0.27335211634635925,-0.12807998061180115,0.5252676606178284,-0.08415691554546356,0.03652528300881386,0.009955387562513351,-0.1638452112674713,-0.3077111840248108,0.06861612945795059,-0.16032478213310242,-0.548254132270813,0.15204909443855286,-0.14301201701164246,-0.7857538461685181,0.19799694418907166,-0.001290446030907333,-0.00042387808207422495,-0.0003396425163373351,-0.005300666205585003,-0.34481173753738403,0.052103910595178604,0.0012431152863427997,-0.5515685081481934,0.1879810392856598,-0.05897270888090134,-0.812725305557251,0.27129116654396057,0.13946014642715454,0.009028646163642406,0.014101010747253895,0.19534239172935486,-0.27458566427230835,0.0690537765622139,0.17696504294872284,-0.4735602140426636,0.1793498992919922,0.16804471611976624,-0.7166755199432373,0.2962910532951355,0.34645169973373413,0.051627565175294876,0.11450796574354172,0.45412009954452515,-0.19272935390472412,0.19127517938613892,0.4967431426048279,-0.34029924869537354,0.30355530977249146,0.5072068572044373,-0.4619959592819214,0.45230045914649963
258,0.47719043493270874,0.7197502255439758,-0.02863192930817604,0.25146612524986267,0.5790879130363464,0.1125369593501091,-0.2090321183204651,0.4622468948364258,0.20017337799072266,-0.18369270861148834,0.16933996975421906,0.3579786419868469,-0.206692636013031,-0.21347039937973022,0.5745083093643188,-0.07693203538656235,0.024759627878665924,0.0229188222438097,-0.16158947348594666,-0.3201962113380432,0.06774424016475677,-0.17363794147968292,-0.5474229454994202,0.15203025937080383,-0.1753968894481659,-0.7820162773132324,0.23797620832920074,-0.001292048254981637,-0.00045824478729628026,-0.00033863072167150676,0.002760060131549835,-0.3583829700946808,0.055283721536397934,0.004570114891976118,-0.55633944272995,0.2089526653289795,-0.0668850690126419,-0.8059011697769165,0.3122123181819916,0.1399962455034256,0.016323864459991455,0.009128435514867306,0.1953984498977661,-0.27613651752471924,0.07693660259246826,0.19407019019126892,-0.47380393743515015,0.1981225460767746,0.1697530746459961,-0.7179205417633057,0.3206533193588257,0.35307860374450684,0.06156351417303085,0.10335726290941238,0.4577106237411499,-0.176071435213089,0.18635717034339905,0.5072644948959351,-0.32261496782302856,0.30786603689193726,0.5193459391593933,-0.45504048466682434,0.464893102645874
259,0.4636744260787964,0.7269403338432312,-0.10110276937484741,0.27164214849472046,0.5868015289306641,0.043949730694293976,-0.19989600777626038,0.44612234830856323,0.1915949285030365,-0.16827735304832458,0.0958649218082428,0.36874622106552124,-0.18121188879013062,-0.270626425743103,0.5699472427368164,-0.0729876309633255,0.022096436470746994,0.04314446821808815,-0.15755578875541687,-0.33568525314331055,0.08163055032491684,-0.18541064858436584,-0.559677243232727,0.17201969027519226,-0.21342068910598755,-0.7844296097755432,0.23491543531417847,-0.0012725495034828782,-0.0005084616132080555,-0.0003264069673605263,-0.0007775650592520833,-0.3645942211151123,0.05248086526989937,0.0004386170767247677,-0.5666095018386841,0.2064935564994812,-0.0601450577378273,-0.8029123544692993,0.32863742113113403,0.13750138878822327,0.020255722105503082,0.011599808931350708,0.18853257596492767,-0.27527856826782227,0.09202621877193451,0.20294804871082306,-0.48084771633148193,0.19733422994613647,0.16761483252048492,-0.7250140309333801,0.3440908193588257,0.3444623053073883,0.04497799649834633,0.08657350391149521,0.4579744338989258,-0.16330154240131378,0.18361060321331024,0.5136228799819946,-0.3261626362800598,0.3048223853111267,0.5388782620429993,-0.45816949009895325,0.47094011306762695
260,0.44038599729537964,0.7383565902709961,-0.10996320843696594,0.2859790325164795,0.6016758680343628,0.0005735047161579132,-0.16654932498931885,0.44172152876853943,0.21011438965797424,-0.16659456491470337,0.13027340173721313,0.36977362632751465,-0.08457084000110626,-0.29106682538986206,0.5899893045425415,-0.05451368913054466,0.011223556473851204,0.060108691453933716,-0.1461549699306488,-0.34886959195137024,0.0900014340877533,-0.1911589801311493,-0.5550436973571777,0.13669942319393158,-0.23618265986442566,-0.7697552442550659,0.22476908564567566,-0.001257939962670207,-0.0004632734344340861,-0.00033921905560418963,0.010502745397388935,-0.37342268228530884,0.050860438495874405,0.0012681494699791074,-0.5725656747817993,0.18401236832141876,-0.06037414073944092,-0.803421139717102,0.32309824228286743,0.13429775834083557,0.014304167591035366,0.010386312380433083,0.19132865965366364,-0.28170740604400635,0.09766583889722824,0.19579526782035828,-0.5001606941223145,0.1767617166042328,0.1642373502254486,-0.7463527917861938,0.30980855226516724,0.35501495003700256,0.046550750732421875,0.06221620365977287,0.4612286686897278,-0.15908855199813843,0.17949560284614563,0.5112906098365784,-0.33179885149002075,0.30783116817474365,0.5490691661834717,-0.4583197832107544,0.473012775182724
261,0.4350320100784302,0.7465488314628601,-0.038056645542383194,0.2726401388645172,0.6300917863845825,-0.012169965542852879,-0.15286654233932495,0.43247145414352417,0.23411330580711365,-0.16111120581626892,0.14432595670223236,0.37067753076553345,-0.031210653483867645,0.06126868724822998,0.20547839999198914,-0.05983862280845642,0.012926595285534859,0.06453616172075272,-0.17170873284339905,-0.33892443776130676,0.09334007650613785,-0.23246446251869202,-0.5383894443511963,0.16853812336921692,-0.32234886288642883,-0.7251192331314087,0.18312174081802368,-0.0011632619425654411,-0.00042685389053076506,-0.0003278622170910239,0.006947940681129694,-0.3683420419692993,0.045414604246616364,-0.019125603139400482,-0.5782163143157959,0.1601289063692093,-0.08300535380840302,-0.8122969269752502,0.24926158785820007,0.11468625068664551,0.006153847556561232,0.012589097954332829,0.17453303933143616,-0.2944445013999939,0.08036436140537262,0.17885620892047882,-0.5071006417274475,0.14917610585689545,0.14857687056064606,-0.7646510004997253,0.24839749932289124,0.3542012572288513,0.04374582692980766,0.04745372384786606,0.4353312849998474,-0.1888284534215927,0.1644689291715622,0.5065977573394775,-0.3413911461830139,0.29172050952911377,0.5086584091186523,-0.47133052349090576,0.43599963188171387
262,0.4242026209831238,0.7589025497436523,0.011743837967514992,0.05602818727493286,0.4887555241584778,0.29102811217308044,-0.11176919937133789,0.41679930686950684,0.24975129961967468,-0.16092923283576965,0.16745150089263916,0.3761875629425049,0.005145631730556488,0.26875731348991394,0.04141991585493088,-0.0558786615729332,0.016892820596694946,0.06395651400089264,-0.17257311940193176,-0.339106023311615,0.07548423111438751,-0.22757798433303833,-0.5400621891021729,0.13761171698570251,-0.3252391815185547,-0.7009997963905334,0.1521071195602417,-0.0011553128715604544,-0.0003980437759310007,-0.000321105879265815,0.012547328136861324,-0.36100929975509644,0.03063381090760231,-0.018534839153289795,-0.5669223666191101,0.14021067321300507,-0.085013747215271,-0.8142629861831665,0.18262147903442383,0.109708771109581,0.0029536201618611813,0.015765361487865448,0.17346617579460144,-0.2995581030845642,0.06566423177719116,0.16358211636543274,-0.5166219472885132,0.12731832265853882,0.1390775442123413,-0.7721385359764099,0.20396065711975098,0.36038148403167725,0.037369903177022934,0.03218093141913414,0.44437479972839355,-0.20815378427505493,0.15567952394485474,0.5067383050918579,-0.3541780114173889,0.27788135409355164,0.48069584369659424,-0.49384206533432007,0.4057232141494751
263,0.06357118487358093,0.6186426877975464,0.352560430765152,-0.024871021509170532,0.3674654960632324,0.4740263521671295,-0.01771114394068718,0.39564669132232666,0.3233335316181183,-0.06517411768436432,0.24332891404628754,0.35280096530914307,0.049841850996017456,0.3525775671005249,-0.05112472176551819,-0.034148722887039185,-0.010845054872334003,0.1017499715089798,-0.08992215245962143,-0.33773255348205566,0.04405291751027107,-0.15784138441085815,-0.5392142534255981,0.10628443956375122,-0.28052785992622375,-0.7223480939865112,0.07252191752195358,-0.0015544035704806447,-0.0004899450577795506,-0.00035287399077787995,0.02745719812810421,-0.35317108035087585,0.02101278118789196,0.01698014885187149,-0.5570399165153503,0.1439085453748703,-0.05704290419816971,-0.7921631932258606,0.21032065153121948,0.11871183663606644,-0.01949191838502884,0.01218169741332531,0.18535807728767395,-0.3022288680076599,0.0754891186952591,0.18218302726745605,-0.4947068691253662,0.15065620839595795,0.1593572199344635,-0.765648603439331,0.24406491219997406,0.37262892723083496,0.027107294648885727,0.020838681608438492,0.45278221368789673,-0.20519018173217773,0.15139156579971313,0.5181702375411987,-0.346890926361084,0.27392756938934326,0.5044090747833252,-0.47883129119873047,0.40009769797325134
264,0.19376108050346375,0.6976184844970703,0.18325503170490265,0.06387954205274582,0.48612356185913086,0.2612007260322571,-0.05414579436182976,0.3934011459350586,0.29744693636894226,-0.04965194687247276,0.20099040865898132,0.38360607624053955,0.05951719731092453,0.14264577627182007,0.23987191915512085,-0.035155296325683594,0.012123305350542068,0.09137146174907684,-0.10898922383785248,-0.32835352420806885,0.02988026663661003,-0.14097250998020172,-0.544070303440094,0.07598178088665009,-0.30601513385772705,-0.7365416288375854,-0.003146253526210785,-0.0014781476929783821,-0.00044845626689493656,-0.000352594128344208,0.02406417205929756,-0.3430836796760559,0.01336966548115015,-0.014984188601374626,-0.554935872554779,0.11562865972518921,-0.10779313743114471,-0.8175082206726074,0.17334099113941193,0.11072475463151932,-0.013423886150121689,0.01618914306163788,0.16528421640396118,-0.3002641201019287,0.0605940967798233,0.15688663721084595,-0.5073614716529846,0.13787347078323364,0.12100478261709213,-0.7856560349464417,0.20731225609779358,0.35833364725112915,0.0324571318924427,0.04685024917125702,0.4412274956703186,-0.2106536328792572,0.1667713224887848,0.49301064014434814,-0.34799689054489136,0.29211634397506714,0.47980839014053345,-0.4709475636482239,0.4204481244087219
265,0.25992023944854736,0.7377853393554688,0.11856739968061447,0.11453693360090256,0.5581732392311096,0.1908024251461029,-0.11957541108131409,0.40509355068206787,0.30794963240623474,-0.016573946923017502,0.17521372437477112,0.38604432344436646,0.041632093489170074,0.04168662056326866,0.35603779554367065,-0.051115892827510834,0.02241981029510498,0.07040167599916458,-0.11313802003860474,-0.31253528594970703,0.02745658904314041,-0.1283273845911026,-0.5562272071838379,0.07152314484119415,-0.2509124279022217,-0.7615902423858643,-0.057067401707172394,-0.0013955377507954836,-0.00041317843715660274,-0.0003544054925441742,0.01512786652892828,-0.3390459418296814,0.006741304416209459,-0.0011984622105956078,-0.5509480834007263,0.11373783648014069,-0.08549871295690536,-0.8246864676475525,0.12340235710144043,0.11231400072574615,-0.010902298614382744,0.018574591726064682,0.16402819752693176,-0.298869788646698,0.056804344058036804,0.14884543418884277,-0.5081572532653809,0.13678604364395142,0.11665114760398865,-0.7962397336959839,0.17915596067905426,0.34456753730773926,0.039249956607818604,0.07490777969360352,0.43471258878707886,-0.21276026964187622,0.1678999811410904,0.4741418957710266,-0.3622875213623047,0.2939438819885254,0.4656398892402649,-0.48634055256843567,0.41523534059524536
266,0.3329276740550995,0.7522367238998413,-0.013277910649776459,0.16385604441165924,0.5711709260940552,0.09812993556261063,-0.04193185642361641,0.3574356138706207,0.34424418210983276,0.0016943281516432762,0.06496217846870422,0.37305301427841187,0.1169302687048912,-0.13958105444908142,0.4155957102775574,-0.04462185129523277,0.02216174080967903,0.03546207398176193,-0.11214122176170349,-0.3326513469219208,-0.00016936194151639938,-0.15539807081222534,-0.5703339576721191,0.09211110323667526,-0.22206787765026093,-0.7571160793304443,0.07012060284614563,-0.0011759751942008734,-0.0003829599008895457,-0.000325427099596709,0.01230800524353981,-0.3476427495479584,0.0052517615258693695,-0.0006957715377211571,-0.5558717846870422,0.11564123630523682,-0.08959502726793289,-0.8285772800445557,0.024514097720384598,0.1173366829752922,-0.0029004195239394903,0.035945117473602295,0.17230966687202454,-0.279774010181427,0.06136694923043251,0.16752535104751587,-0.5086246728897095,0.11019739508628845,0.12484753131866455,-0.7978609800338745,0.18108177185058594,0.3488757908344269,0.04919397830963135,0.10021867603063583,0.43577247858047485,-0.22503754496574402,0.16715244948863983,0.4734005928039551,-0.36225807666778564,0.27893561124801636,0.4756574034690857,-0.4810217320919037,0.40457427501678467
267,0.40265756845474243,0.7274899482727051,0.09431059658527374,0.10428562760353088,0.5442401766777039,0.15078848600387573,-0.10703171789646149,0.4348289668560028,0.21897609531879425,-0.1776975840330124,0.047802627086639404,0.31594905257225037,-0.1168372854590416,-0.2609170973300934,0.42922601103782654,-0.08067916333675385,0.040259815752506256,0.03034474141895771,-0.16359016299247742,-0.332322895526886,-0.02932049334049225,-0.20360423624515533,-0.5635553598403931,0.02204240672290325,-0.2922755479812622,-0.7483185529708862,-0.08846135437488556,-0.0011041306424885988,-0.00041912199230864644,-0.00030116940615698695,0.00980907492339611,-0.35011106729507446,-0.03387187048792839,-0.008278494700789452,-0.572354257106781,0.054750628769397736,-0.11679871380329132,-0.8443447351455688,-0.07479259371757507,0.13689252734184265,0.01341536920517683,0.041349004954099655,0.1977795660495758,-0.27105283737182617,0.04416331276297569,0.17751920223236084,-0.5162694454193115,0.09419065713882446,0.12668892741203308,-0.7992490530014038,0.1640053540468216,0.36220085620880127,0.06590732932090759,0.12563420832157135,0.45196235179901123,-0.20282962918281555,0.1427268534898758,0.4697088301181793,-0.35809072852134705,0.2423611581325531,0.4645555913448334,-0.48740994930267334,0.3623771071434021
268,0.402340829372406,0.5994319319725037,0.4095602035522461,0.09867275506258011,0.45985859632492065,0.3261259198188782,-0.2199670672416687,0.45856791734695435,0.21096044778823853,-0.26578226685523987,0.17948850989341736,0.17518891394138336,-0.3345524072647095,-0.08917716145515442,0.1478685438632965,-0.09268401563167572,0.033755846321582794,0.03388084098696709,-0.16871966421604156,-0.30501416325569153,-0.11479158699512482,-0.2159896045923233,-0.5815776586532593,-0.10856161266565323,-0.2558930516242981,-0.7872797250747681,-0.17788366973400116,-0.0012274249456822872,-0.00032975131762214005,-0.0002891870681196451,0.009505830705165863,-0.34766685962677,-0.09378692507743835,-0.030678097158670425,-0.5786263942718506,-0.06899815797805786,-0.10670829564332962,-0.8227641582489014,-0.14036959409713745,0.14788657426834106,0.02942037023603916,0.04437810927629471,0.2018517255783081,-0.27431267499923706,0.013399879448115826,0.17145448923110962,-0.5150735378265381,0.07784046977758408,0.13099084794521332,-0.7898988723754883,0.07053831964731216,0.3729318380355835,0.06885814666748047,0.13778910040855408,0.45471614599227905,-0.19150707125663757,0.12873248755931854,0.453184574842453,-0.35551661252975464,0.21980862319469452,0.43832361698150635,-0.4916220009326935,0.3700335919857025
269,0.4169176518917084,0.5705413818359375,0.5279314517974854,0.02781865932047367,0.4847698211669922,0.33118146657943726,-0.2881019413471222,0.5051693320274353,0.2186649739742279,-0.37953197956085205,0.19729489088058472,0.14308121800422668,-0.41737326979637146,-0.07140450924634933,0.11850561201572418,-0.10005968809127808,0.01172315888106823,0.04880618304014206,-0.1710822880268097,-0.3244938254356384,-0.10992640256881714,-0.20018327236175537,-0.5910787582397461,-0.14987584948539734,-0.2114388644695282,-0.8007663488388062,-0.24359023571014404,-0.0012508477084338665,-0.00036614949931390584,-0.0002916114463005215,0.010670790448784828,-0.3544556498527527,-0.10354847460985184,0.0009270366281270981,-0.5863261222839355,-0.06066379323601723,-0.031531110405921936,-0.8194207549095154,-0.09098083525896072,0.15201488137245178,0.02989596128463745,0.047920070588588715,0.21198882162570953,-0.27736008167266846,-0.0007919110357761383,0.20769697427749634,-0.5129334926605225,0.10029058903455734,0.15341170132160187,-0.7822813987731934,0.13196517527103424,0.3736650347709656,0.07006044685840607,0.12901237607002258,0.4663461744785309,-0.2093702107667923,0.11551916599273682,0.47091224789619446,-0.36025962233543396,0.21495985984802246,0.44102996587753296,-0.5156161785125732,0.3773142993450165
270,0.4495592713356018,0.5866641402244568,0.4904629588127136,-0.03837280720472336,0.5212666988372803,0.2756308913230896,-0.3313918709754944,0.5505733489990234,0.1909439116716385,-0.44359272718429565,0.3615788221359253,0.027223538607358932,-0.5076402425765991,0.17696592211723328,-0.024887338280677795,-0.09455285221338272,0.015541492030024529,0.05669494718313217,-0.1835046112537384,-0.3228309750556946,-0.0774916559457779,-0.18531225621700287,-0.5917240381240845,-0.0976075530052185,-0.18150681257247925,-0.8074686527252197,-0.1959296464920044,-0.00120919372420758,-0.00038000778295099735,-0.0002853443438652903,0.020849963650107384,-0.35698601603507996,-0.08049646019935608,0.01103189680725336,-0.5790084600448608,-0.0006423667073249817,-0.007330228574573994,-0.7978373765945435,0.06055300310254097,0.1511545479297638,0.026512648910284042,0.04689272493124008,0.2081908881664276,-0.2740679383277893,0.004193419590592384,0.24326008558273315,-0.504930853843689,0.11043001711368561,0.22599710524082184,-0.7572569847106934,0.18109706044197083,0.3793315291404724,0.07034707069396973,0.12876997888088226,0.4585192799568176,-0.20537973940372467,0.10863448679447174,0.4736894369125366,-0.3625553846359253,0.20883217453956604,0.4619068503379822,-0.5296929478645325,0.3335742950439453
271,0.4113200306892395,0.668695330619812,0.22043223679065704,-0.0561896488070488,0.5653868913650513,0.13816297054290771,-0.31112149357795715,0.5805643796920776,0.15443992614746094,-0.4956344962120056,0.358015775680542,0.03631369769573212,-0.547064483165741,-0.20105889439582825,0.13214744627475739,-0.1240231990814209,0.015661558136343956,0.053907088935375214,-0.18991786241531372,-0.3198430836200714,-0.04318366199731827,-0.1888326108455658,-0.5971376895904541,-0.08559296280145645,-0.1882627010345459,-0.8058406114578247,-0.19153648614883423,-0.0011725020594894886,-0.0004675575182773173,-0.00029531301697716117,0.03025062382221222,-0.3579372763633728,-0.06864206492900848,0.023119959980249405,-0.568479061126709,0.007701450027525425,0.02165432833135128,-0.7797523736953735,0.08646301925182343,0.13284794986248016,0.023832768201828003,0.04300907999277115,0.20863185822963715,-0.267983615398407,0.003076528897508979,0.22790002822875977,-0.489080011844635,0.117643803358078,0.22477257251739502,-0.7322787046432495,0.21775761246681213,0.37005066871643066,0.07224796712398529,0.1210644543170929,0.4609811007976532,-0.2044885754585266,0.10495855659246445,0.47767552733421326,-0.36628061532974243,0.18409591913223267,0.42937421798706055,-0.5484976768493652,0.3259827196598053
272,0.4279323220252991,0.690373420715332,0.08017052710056305,-0.08534479141235352,0.5462766289710999,0.1094454675912857,-0.31271982192993164,0.5863187313079834,0.14217792451381683,-0.5536279678344727,0.25485560297966003,0.06243005394935608,-0.5385986566543579,-0.15580356121063232,0.17656156420707703,-0.11948291957378387,0.02223302237689495,0.05960332602262497,-0.18749596178531647,-0.29270145297050476,-0.035314373672008514,-0.2003214806318283,-0.5831340551376343,-0.09871262311935425,-0.1802254021167755,-0.7897428870201111,-0.22902226448059082,-0.0011718790046870708,-0.0005202474421821535,-0.00029415127937681973,0.030600598081946373,-0.35410076379776,-0.0798533484339714,0.0345003604888916,-0.5669238567352295,-0.04593119025230408,0.04237179085612297,-0.7799433469772339,0.05397742614150047,0.1295696496963501,0.026100188493728638,0.03783906623721123,0.18925650417804718,-0.2726989984512329,-0.016088634729385376,0.24178726971149445,-0.49775153398513794,0.08346705883741379,0.24162906408309937,-0.7373923063278198,0.2170802354812622,0.3621378540992737,0.07918164134025574,0.12093476951122284,0.4588894844055176,-0.20751240849494934,0.0956621915102005,0.48383623361587524,-0.3772711455821991,0.16201773285865784,0.46312543749809265,-0.551025390625,0.29140549898147583
273,0.414527952671051,0.7229925394058228,0.08599149435758591,-0.07202666997909546,0.578149139881134,0.03684340789914131,-0.34281274676322937,0.6280038356781006,0.056635599583387375,-0.5825591087341309,0.2901131212711334,0.0010223425924777985,-0.6064785718917847,0.03103182464838028,0.15084955096244812,-0.13927988708019257,0.033792272210121155,0.047973863780498505,-0.19806116819381714,-0.3115440011024475,-0.0023184940218925476,-0.23611319065093994,-0.5584694743156433,-0.08289594948291779,-0.3211774528026581,-0.7472095489501953,-0.12983039021492004,-0.0012151787523180246,-0.0005125440657138824,-0.0003057646390516311,0.017267802730202675,-0.35719871520996094,-0.08413714170455933,-0.001737726852297783,-0.5808461308479309,-0.06901450455188751,-0.02641679346561432,-0.8078920841217041,-0.0754019096493721,0.13248416781425476,0.020142555236816406,0.029159966856241226,0.17093273997306824,-0.27637171745300293,-0.022291000932455063,0.23831816017627716,-0.5058882236480713,0.04691694304347038,0.19140265882015228,-0.7705618143081665,0.15113651752471924,0.3620765805244446,0.08289262652397156,0.11372052133083344,0.4688197076320648,-0.21946752071380615,0.08582979440689087,0.4994021952152252,-0.37514588236808777,0.14674316346645355,0.4692102372646332,-0.5655566453933716,0.24588912725448608
274,0.41018417477607727,0.7573943734169006,0.04139305651187897,-0.07751227915287018,0.5964020490646362,-0.002315158024430275,-0.3619082272052765,0.649294376373291,0.03253326937556267,-0.5759040713310242,0.29242730140686035,0.010021013207733631,-0.6817178130149841,0.2150673270225525,0.04648061469197273,-0.1445365697145462,0.043694134801626205,0.04645540565252304,-0.19935102760791779,-0.31174105405807495,0.010558487847447395,-0.2580273151397705,-0.5436412692070007,-0.08217296004295349,-0.3898879885673523,-0.7287133932113647,-0.0771029144525528,-0.001267699641175568,-0.000522246933542192,-0.0003269402659498155,0.009427987039089203,-0.35453295707702637,-0.08727455884218216,-0.02331889607012272,-0.5819047689437866,-0.0946180671453476,-0.06732480973005295,-0.8246250152587891,-0.1508491188287735,0.1274217963218689,0.02092394232749939,0.02103356271982193,0.15952344238758087,-0.2807428240776062,-0.03485921025276184,0.22625701129436493,-0.5178368091583252,-0.01046895794570446,0.16104114055633545,-0.8011270761489868,0.08895649015903473,0.36058592796325684,0.08713225275278091,0.10466824471950531,0.47037118673324585,-0.23290270566940308,0.07176778465509415,0.5038550496101379,-0.38555195927619934,0.12102577090263367,0.462154746055603,-0.5865927934646606,0.17849504947662354
275,0.4207957088947296,0.7637051939964294,-0.031145745888352394,-0.0724867507815361,0.5872828960418701,-0.004954302217811346,-0.38883692026138306,0.588001012802124,0.04345319792628288,-0.5930444002151489,0.2935154438018799,-0.0002928939647972584,-0.6910521388053894,0.10756996273994446,0.1426285207271576,-0.1374080330133438,0.029665954411029816,0.050240978598594666,-0.1827847957611084,-0.30561965703964233,0.003165376605466008,-0.25787752866744995,-0.5002294778823853,-0.07475222647190094,-0.3564675450325012,-0.6709280014038086,-0.07263284921646118,-0.0012277105124667287,-0.0005254496936686337,-0.00033144408371299505,0.024571740999817848,-0.35075637698173523,-0.08493110537528992,0.025098970159888268,-0.5645191669464111,-0.08011933416128159,0.049143314361572266,-0.803800106048584,-0.20163050293922424,0.12154851853847504,0.014722567982971668,0.028137054294347763,0.174936905503273,-0.27313652634620667,-0.03347199410200119,0.21325507760047913,-0.49901413917541504,0.0160622987896204,0.19131827354431152,-0.7456421852111816,0.1514265537261963,0.3550264239311218,0.07215121388435364,0.10613974183797836,0.46010658144950867,-0.23140808939933777,0.08623715490102768,0.4761749505996704,-0.38464802503585815,0.12160797417163849,0.41825592517852783,-0.59151291847229,0.2047612965106964
276,0.4591555595397949,0.6992782354354858,0.13201577961444855,-0.0646698921918869,0.5956411361694336,0.121384397149086,-0.38053613901138306,0.46325376629829407,0.07954701036214828,-0.5903197526931763,0.15248103439807892,-0.0039727273397147655,-0.6760081052780151,-0.12163673341274261,0.03600180521607399,-0.124919593334198,0.02652496099472046,0.052907854318618774,-0.15709523856639862,-0.31850960850715637,0.011507788673043251,-0.18255414068698883,-0.5325526595115662,-0.11795714497566223,-0.440707266330719,-0.5527331829071045,-0.17055398225784302,-0.001189650152809918,-0.0005867155850864947,-0.00035173416836187243,0.05208598077297211,-0.3416553735733032,-0.04614756628870964,0.0675022229552269,-0.5518015623092651,-0.1410180777311325,0.13790026307106018,-0.7829789519309998,-0.2679171562194824,0.1271877884864807,0.009143276140093803,0.03409485146403313,0.1739547848701477,-0.27795204520225525,0.008863069117069244,0.15902844071388245,-0.49841803312301636,-0.03741280734539032,0.18073247373104095,-0.7430882453918457,-0.06308558583259583,0.35260486602783203,0.05034637078642845,0.11895030736923218,0.45746898651123047,-0.23671969771385193,0.12642709910869598,0.47223860025405884,-0.3909270167350769,0.15786856412887573,0.4123368263244629,-0.5845388770103455,0.23888453841209412
277,0.42832931876182556,0.748127818107605,0.0926961675286293,-0.03943728655576706,0.6307314038276672,0.09232418239116669,-0.36403602361679077,0.4562728703022003,0.16187350451946259,-0.580228328704834,0.1482831984758377,0.053473301231861115,-0.6947610974311829,-0.06592565774917603,0.1186368465423584,-0.14834503829479218,0.026414405554533005,0.042839664965867996,-0.22464793920516968,-0.2787855267524719,0.043546322733163834,-0.2789897322654724,-0.49850529432296753,-0.04396292567253113,-0.4700556993484497,-0.6177986860275269,-0.08020119369029999,-0.0011041568359360099,-0.0005553241935558617,-0.0003444124013185501,0.031840138137340546,-0.3380105197429657,-0.016115542501211166,-0.011262547224760056,-0.5666083097457886,-0.12776678800582886,0.03555840626358986,-0.7983667850494385,-0.2975851595401764,0.11787858605384827,0.015887558460235596,0.03113919124007225,0.18349316716194153,-0.2667417824268341,0.04140631482005119,0.15778717398643494,-0.499172180891037,0.028116028755903244,0.16745221614837646,-0.7822774648666382,-0.05622418224811554,0.34493666887283325,0.06967266649007797,0.12138547003269196,0.44183629751205444,-0.20679032802581787,0.15647053718566895,0.4505547285079956,-0.38274890184402466,0.20446959137916565,0.4260215759277344,-0.5590640306472778,0.3149879574775696
278,0.3849409222602844,0.7894965410232544,0.024710938334465027,-0.05409732088446617,0.6670076847076416,0.0755574107170105,-0.35994237661361694,0.46668553352355957,0.22045587003231049,-0.5868537425994873,0.18363478779792786,0.14015403389930725,-0.6992278695106506,-0.039608798921108246,0.17974257469177246,-0.16482344269752502,0.030446238815784454,0.03880380466580391,-0.2555176615715027,-0.26373037695884705,0.06254666298627853,-0.328304260969162,-0.4782848656177521,0.00939439982175827,-0.48123878240585327,-0.6417904496192932,0.01513054221868515,-0.001101987436413765,-0.0005387355922721326,-0.00034939899342134595,0.014923444017767906,-0.33487677574157715,0.0007243035361170769,-0.04821980744600296,-0.5688408613204956,-0.07012458890676498,-0.049934811890125275,-0.8269671201705933,-0.209701269865036,0.10838121175765991,0.024360232055187225,0.024872668087482452,0.18360494077205658,-0.2642372250556946,0.06829732656478882,0.1384180337190628,-0.5084580183029175,0.04675228148698807,0.1511988341808319,-0.8101938366889954,0.029670877382159233,0.3287094533443451,0.09244611114263535,0.11805455386638641,0.42883795499801636,-0.18853634595870972,0.1824880838394165,0.454757958650589,-0.3616573214530945,0.24863767623901367,0.42613673210144043,-0.5436508059501648,0.35182127356529236
279,0.35400158166885376,0.8154052495956421,0.010439110919833183,-0.06268125772476196,0.6809394359588623,0.04035557061433792,-0.35139650106430054,0.47182589769363403,0.19316044449806213,-0.5884335041046143,0.22216838598251343,0.14931458234786987,-0.732351541519165,0.04150190204381943,0.23120209574699402,-0.18081572651863098,0.0366474986076355,0.037627026438713074,-0.2854158878326416,-0.26203006505966187,0.05131842941045761,-0.3621164858341217,-0.46752873063087463,0.0280048456043005,-0.47844067215919495,-0.6589139699935913,0.06413797289133072,-0.0010546422563493252,-0.0004930813447572291,-0.00032983062556013465,0.00527149997651577,-0.34277868270874023,0.00794475618749857,-0.0729890763759613,-0.5788204073905945,-0.005566168576478958,-0.08973435312509537,-0.8523333072662354,-0.05684396252036095,0.11734643578529358,0.033165596425533295,0.02702782303094864,0.1906832754611969,-0.2638300359249115,0.08644279837608337,0.1416723132133484,-0.5111995935440063,0.08249042183160782,0.14612701535224915,-0.82530677318573,0.08315159380435944,0.33891868591308594,0.10200190544128418,0.1297684609889984,0.43277472257614136,-0.18882474303245544,0.19424033164978027,0.4687565565109253,-0.3475779891014099,0.27445775270462036,0.4438236355781555,-0.5302152633666992,0.3798569440841675
280,0.3422766923904419,0.8240385055541992,0.0695543959736824,-0.06782501935958862,0.6842217445373535,0.03767774626612663,-0.36573919653892517,0.4769483506679535,0.1972350925207138,-0.5871066451072693,0.2527366280555725,0.1578909456729889,-0.7495608329772949,0.06570879369974136,0.17927147448062897,-0.18354815244674683,0.03388150408864021,0.043670110404491425,-0.2974163889884949,-0.26402705907821655,0.031395070254802704,-0.3700655996799469,-0.4695271849632263,0.014415786601603031,-0.4560942053794861,-0.6950742602348328,-0.007336284965276718,-0.0012075193226337433,-0.0005352993030101061,-0.0003174743615090847,-0.0022483007051050663,-0.3440852165222168,-0.003293212503194809,-0.08635479211807251,-0.5890710353851318,-0.005450498778373003,-0.13298113644123077,-0.8601651191711426,-0.03593418374657631,0.13629287481307983,0.039150722324848175,0.019800040870904922,0.2067551612854004,-0.2578633725643158,0.08100609481334686,0.16668136417865753,-0.5079138875007629,0.09831120073795319,0.16257935762405396,-0.8047942519187927,0.15467087924480438,0.3478133976459503,0.10015416145324707,0.12537676095962524,0.4438225328922272,-0.17637911438941956,0.1963653862476349,0.46968942880630493,-0.3304203748703003,0.2874118387699127,0.45626431703567505,-0.5077634453773499,0.3878387212753296
281,0.331624835729599,0.8267723321914673,0.09979745745658875,-0.0663955956697464,0.6856362223625183,0.03761061280965805,-0.3836895525455475,0.47242969274520874,0.16628701984882355,-0.5778000354766846,0.24689632654190063,0.14006631076335907,-0.7557135820388794,0.02901832014322281,0.10528624057769775,-0.18723346292972565,0.02531169354915619,0.0483994260430336,-0.30592554807662964,-0.2578999400138855,0.019233420491218567,-0.3866978883743286,-0.47256338596343994,-0.004720563068985939,-0.4691993296146393,-0.6966285705566406,-0.00517973443493247,-0.0012620100751519203,-0.0005722779897041619,-0.0002940185077022761,-0.009966947138309479,-0.35731950402259827,0.002341250889003277,-0.10039570182561874,-0.6032061576843262,0.005017491057515144,-0.14204666018486023,-0.8759353160858154,-0.06072765588760376,0.1459350883960724,0.04080785810947418,0.021224774420261383,0.2064264416694641,-0.2581997811794281,0.0764676183462143,0.16723117232322693,-0.5124701261520386,0.1000230461359024,0.1701318919658661,-0.8146365284919739,0.13964369893074036,0.36632049083709717,0.09598392248153687,0.1250799000263214,0.4497684836387634,-0.17670011520385742,0.18594780564308167,0.47080421447753906,-0.3472999632358551,0.2582767903804779,0.4667166471481323,-0.5381416082382202,0.3662491738796234
282,0.32767051458358765,0.8358744382858276,0.08959388732910156,-0.07645443826913834,0.7017609477043152,0.013057149946689606,-0.39984583854675293,0.4883415699005127,0.1725502610206604,-0.6028041839599609,0.24437537789344788,0.14476123452186584,-0.7915487289428711,0.03889436274766922,0.06158071011304855,-0.19330506026744843,0.021997224539518356,0.04356447234749794,-0.32722800970077515,-0.2537393271923065,0.03575253486633301,-0.40930241346359253,-0.46614935994148254,-0.003859507152810693,-0.4806510806083679,-0.6945921778678894,0.005712578073143959,-0.0013362329918891191,-0.0005886068101972342,-0.0002990824286825955,-0.01985415816307068,-0.3643820881843567,0.007411787752062082,-0.10957084596157074,-0.6126312017440796,0.0034705991856753826,-0.1457294225692749,-0.8866124749183655,-0.07268109917640686,0.1547815203666687,0.04196387529373169,0.016213906928896904,0.2099248170852661,-0.25563791394233704,0.06502315402030945,0.164667546749115,-0.520148515701294,0.10097036510705948,0.16342738270759583,-0.8376608490943909,0.1453619748353958,0.374490886926651,0.09900932013988495,0.11366425454616547,0.45072779059410095,-0.1824512481689453,0.1715570092201233,0.47802042961120605,-0.3550078868865967,0.24479255080223083,0.46948710083961487,-0.5420239567756653,0.38191884756088257
283,0.32493191957473755,0.83175128698349,0.09944678843021393,-0.09545336663722992,0.7109639644622803,0.003132951445877552,-0.4020099639892578,0.4941657781600952,0.18311059474945068,-0.6053919792175293,0.24241790175437927,0.1439705789089203,-0.8180899620056152,0.02920309454202652,0.02684968337416649,-0.1919880509376526,0.021985534578561783,0.03859223425388336,-0.3396220803260803,-0.2551887035369873,0.040964771062135696,-0.41774535179138184,-0.4654419720172882,-0.01184067316353321,-0.4815056324005127,-0.6859008073806763,0.022825133055448532,-0.0012680438812822104,-0.0005646388744935393,-0.000303624605294317,-0.026115071028470993,-0.3683813810348511,0.005644099786877632,-0.1139359176158905,-0.6182485818862915,-9.450945071876049e-05,-0.15360839664936066,-0.8940448760986328,-0.0953625738620758,0.15783868730068207,0.03991934657096863,0.016214875504374504,0.20854677259922028,-0.25328630208969116,0.05857478082180023,0.15985363721847534,-0.5248247981071472,0.09501062333583832,0.1575697362422943,-0.8467749357223511,0.11713851243257523,0.3756723999977112,0.09832875430583954,0.10831686109304428,0.44990241527557373,-0.18651510775089264,0.1612139791250229,0.47716498374938965,-0.360904335975647,0.23787464201450348,0.46418923139572144,-0.5455448627471924,0.3918030261993408
284,0.30678609013557434,0.8398539423942566,0.121421679854393,-0.10631627589464188,0.7146202921867371,0.08175709843635559,-0.4017670154571533,0.5065321922302246,0.21774008870124817,-0.6073247194290161,0.23157843947410583,0.13319288194179535,-0.8343381881713867,0.017896313220262527,-0.025101985782384872,-0.18743681907653809,0.011959179304540157,0.04695083945989609,-0.32391953468322754,-0.2587057054042816,0.023817675188183784,-0.41661587357521057,-0.4638567566871643,0.005546486936509609,-0.47471487522125244,-0.6850284934043884,-0.003465057350695133,-0.0013096599141135812,-0.0005826542619615793,-0.00029990123584866524,-0.016858644783496857,-0.369773805141449,-0.0039894310757517815,-0.10345933586359024,-0.6127703189849854,-0.018927060067653656,-0.13583412766456604,-0.8840832710266113,-0.22629961371421814,0.16446372866630554,0.03812738507986069,0.013345291838049889,0.2187804877758026,-0.2571823000907898,0.0464417040348053,0.18362373113632202,-0.5253728628158569,0.06603637337684631,0.1739647090435028,-0.8645732402801514,0.014941368252038956,0.38171571493148804,0.09178442507982254,0.1072457879781723,0.4590991735458374,-0.19560587406158447,0.15627014636993408,0.4911240339279175,-0.36694639921188354,0.22689828276634216,0.47819995880126953,-0.5484374761581421,0.39250028133392334
285,0.31900638341903687,0.8271533250808716,0.10245578736066818,-0.10152766853570938,0.699466347694397,0.12906771898269653,-0.42141225934028625,0.5011606216430664,0.22362752258777618,-0.6594786047935486,0.18142291903495789,0.08612731844186783,-0.8619670867919922,-0.005821208469569683,-0.12993545830249786,-0.18537850677967072,-0.0044478969648480415,0.060790229588747025,-0.31083646416664124,-0.26434326171875,-0.007547840476036072,-0.4146716594696045,-0.459543913602829,-0.027857953682541847,-0.47736865282058716,-0.6967586278915405,-0.02751254476606846,-0.0013502883957698941,-0.0005943853175267577,-0.00028156506596133113,-0.011367992497980595,-0.3655487895011902,-0.02471087872982025,-0.08500867336988449,-0.6113009452819824,-0.0379236564040184,-0.12436389178037643,-0.8569279909133911,-0.3510737717151642,0.1653684377670288,0.03415929898619652,0.015898380428552628,0.2217583954334259,-0.2680913209915161,0.03581030294299126,0.1960020363330841,-0.5346612930297852,0.02838006243109703,0.17434465885162354,-0.8576802015304565,-0.08010806143283844,0.39066386222839355,0.08293065428733826,0.11388924717903137,0.46805500984191895,-0.21749944984912872,0.14232195913791656,0.4861937463283539,-0.3882102370262146,0.1947745680809021,0.4801143705844879,-0.5774157047271729,0.3482517600059509
286,0.3375929296016693,0.8121604919433594,0.01663188263773918,-0.11273380368947983,0.6633446216583252,0.17839863896369934,-0.42351198196411133,0.473791241645813,0.21386581659317017,-0.7011176943778992,0.11799044907093048,0.053107090294361115,-0.8817974328994751,-0.01998458243906498,-0.2018650621175766,-0.17507633566856384,-0.01021713949739933,0.06176405027508736,-0.30309322476387024,-0.27334320545196533,-0.0267429668456316,-0.4143103361129761,-0.45955902338027954,-0.06004371866583824,-0.4727289378643036,-0.7090933322906494,-0.0934441089630127,-0.0013843404594808817,-0.0005462788394652307,-0.0003051642270293087,-0.006180251948535442,-0.36565274000167847,-0.06789706647396088,-0.07934838533401489,-0.6120957136154175,-0.06029864028096199,-0.1098068356513977,-0.835808277130127,-0.4327878952026367,0.16518297791481018,0.028625668957829475,0.02333705872297287,0.22294357419013977,-0.2634369432926178,0.014358265325427055,0.18774551153182983,-0.531583309173584,-0.0020414739847183228,0.18604645133018494,-0.8662316799163818,-0.12380027770996094,0.3989119827747345,0.07691656798124313,0.11108888685703278,0.4647626280784607,-0.23097094893455505,0.10638958215713501,0.4764786958694458,-0.40759849548339844,0.14588990807533264,0.4666895866394043,-0.5977797508239746,0.26248899102211
287,0.33630555868148804,0.8031195402145386,0.11567851155996323,-0.12490967661142349,0.604224681854248,0.2670729458332062,-0.4175049066543579,0.4537889361381531,0.20322194695472717,-0.6851423978805542,0.0799810141324997,0.036658212542533875,-0.8360767364501953,-0.01706472784280777,-0.16691599786281586,-0.15408210456371307,-0.029979322105646133,0.06351777911186218,-0.2671531140804291,-0.2822907567024231,-0.06756377965211868,-0.3655822277069092,-0.4597146809101105,-0.19132134318351746,-0.42962270975112915,-0.7160282135009766,-0.1967105269432068,-0.0014453403418883681,-0.00046561326598748565,-0.0003343410207889974,0.008542198687791824,-0.3360760807991028,-0.10382582247257233,-0.009135469794273376,-0.576811671257019,-0.1267760992050171,-0.09848415851593018,-0.826318621635437,-0.4927387237548828,0.1545761525630951,0.0270984023809433,0.040052443742752075,0.20793138444423676,-0.26322141289711,0.0026712953113019466,0.17903459072113037,-0.5254119038581848,-0.008687028661370277,0.20752009749412537,-0.8385611772537231,-0.1768876314163208,0.39438727498054504,0.0634760707616806,0.1289958953857422,0.46955037117004395,-0.23665808141231537,0.12936772406101227,0.48129940032958984,-0.417091965675354,0.17372208833694458,0.4682278037071228,-0.60942542552948,0.2742297649383545
288,0.3610464632511139,0.8142216205596924,0.11314678192138672,-0.10345014929771423,0.6005724668502808,0.31374192237854004,-0.4201139807701111,0.4385591149330139,0.20102861523628235,-0.671566367149353,0.10540517419576645,0.05478300899267197,-0.8668255805969238,-0.0199294313788414,-0.1275993436574936,-0.15058085322380066,-0.03587564826011658,0.05136845260858536,-0.2641497254371643,-0.2703760862350464,-0.10022136569023132,-0.36893919110298157,-0.4521135091781616,-0.2261897325515747,-0.4030861258506775,-0.7287139892578125,-0.2642214894294739,-0.0011931834742426872,-0.0004309122159611434,-0.0003276113420724869,-0.00410969415679574,-0.3415631055831909,-0.0912715345621109,-0.043086662888526917,-0.5784341096878052,-0.1622932404279709,-0.07651957124471664,-0.8037471771240234,-0.5432409644126892,0.1428561508655548,0.01376931369304657,0.05478285253047943,0.18712908029556274,-0.26910287141799927,0.019191138446331024,0.1688138246536255,-0.5272883772850037,-0.006808631122112274,0.20597895979881287,-0.8342902064323425,-0.18104177713394165,0.3930208086967468,0.03225858509540558,0.1298569291830063,0.45650815963745117,-0.26722997426986694,0.14121365547180176,0.4753722548484802,-0.4276394844055176,0.19010627269744873,0.47057148814201355,-0.6181097030639648,0.293820321559906
289,0.3328714370727539,0.8186371326446533,0.15420043468475342,-0.12267550081014633,0.5889217853546143,0.3246203064918518,-0.4388352036476135,0.44378897547721863,0.2005770206451416,-0.6640336513519287,0.16638943552970886,0.04139534384012222,-0.8792938590049744,0.00446269940584898,-0.16750672459602356,-0.1559164822101593,-0.01214348804205656,0.0291134063154459,-0.26369234919548035,-0.25015726685523987,-0.13309428095817566,-0.3995131850242615,-0.440836101770401,-0.25506123900413513,-0.4161537289619446,-0.733012855052948,-0.2707144618034363,-0.0009960648603737354,-0.0003518864687066525,-0.0003216334735043347,-0.021693706512451172,-0.34052774310112,-0.09356296062469482,-0.08953835070133209,-0.5759502649307251,-0.20986267924308777,-0.0662321075797081,-0.7804749011993408,-0.56884765625,0.13118386268615723,0.0022637448273599148,0.06640135496854782,0.19240811467170715,-0.2808515131473541,0.023729681968688965,0.13920879364013672,-0.5216062068939209,0.0049394480884075165,0.18162575364112854,-0.81583172082901,-0.2473384141921997,0.35691606998443604,0.03072134032845497,0.1289191097021103,0.4147856533527374,-0.2819855213165283,0.1344667673110962,0.4377037286758423,-0.4465705156326294,0.2017384171485901,0.44254589080810547,-0.6204788684844971,0.34062641859054565
290,0.31494930386543274,0.8355895280838013,0.12893812358379364,-0.11571656167507172,0.597287654876709,0.2848356366157532,-0.4459426701068878,0.4657531976699829,0.18398737907409668,-0.6557108759880066,0.21183672547340393,0.04512225463986397,-0.9068683385848999,0.017600852996110916,-0.20628362894058228,-0.15427981317043304,-0.002470262348651886,0.024974463507533073,-0.2661234438419342,-0.24031223356723785,-0.1597105860710144,-0.3993537127971649,-0.43839091062545776,-0.29304999113082886,-0.42580628395080566,-0.734632670879364,-0.29849791526794434,-0.0009499290026724339,-0.0003575264709070325,-0.0003289374290034175,-0.021775390952825546,-0.3436022996902466,-0.1055414080619812,-0.11824402213096619,-0.5732333660125732,-0.2578504979610443,-0.05937091261148453,-0.7708778381347656,-0.5674653649330139,0.13211965560913086,-0.0023332866840064526,0.07048948109149933,0.20098814368247986,-0.2929978370666504,0.03150489553809166,0.12043534219264984,-0.5334895253181458,-0.0246074628084898,0.17220042645931244,-0.8131837844848633,-0.29060980677604675,0.3583027720451355,0.02677445486187935,0.13919144868850708,0.4069104492664337,-0.28700029850006104,0.1258792132139206,0.44826051592826843,-0.4354754686355591,0.2235725075006485,0.43119603395462036,-0.615998387336731,0.36222946643829346
291,0.3390955924987793,0.8276494145393372,0.15620410442352295,-0.11470650136470795,0.6377648115158081,0.22436437010765076,-0.450212299823761,0.49349457025527954,0.17269420623779297,-0.6554729342460632,0.2642829418182373,0.03180136904120445,-0.9268283843994141,0.08196423947811127,-0.23491880297660828,-0.16994404792785645,0.018262555822730064,0.01050648745149374,-0.28709328174591064,-0.23858878016471863,-0.16647928953170776,-0.4293074607849121,-0.44255393743515015,-0.2579819858074188,-0.44446638226509094,-0.7315984964370728,-0.2318257987499237,-0.0008654387202113867,-0.00035045688855461776,-0.0003151721612084657,-0.026319097727537155,-0.34869590401649475,-0.1165875643491745,-0.1308392584323883,-0.5943508148193359,-0.2631218433380127,-0.09432637691497803,-0.796539306640625,-0.5355122685432434,0.1374828815460205,-0.005976432003080845,0.07397624850273132,0.20081114768981934,-0.2933971881866455,0.009792502969503403,0.12178900837898254,-0.5367498397827148,-0.055229317396879196,0.15417318046092987,-0.8232560157775879,-0.2955772280693054,0.3608517646789551,0.02358575165271759,0.1429509073495865,0.427680104970932,-0.29025861620903015,0.12723127007484436,0.43933016061782837,-0.441087543964386,0.210454523563385,0.40425825119018555,-0.6374909281730652,0.3052138090133667
292,0.3691575527191162,0.8394321203231812,0.1306605041027069,-0.10236600041389465,0.661070704460144,0.1814534217119217,-0.4539908766746521,0.5165284872055054,0.16752606630325317,-0.6585181951522827,0.29614686965942383,0.04520333558320999,-0.9387251138687134,0.11463367193937302,-0.2572867274284363,-0.18725994229316711,0.025745294988155365,0.0031215609051287174,-0.32022225856781006,-0.24922601878643036,-0.14304935932159424,-0.43541425466537476,-0.4586823582649231,-0.2073049247264862,-0.46026042103767395,-0.7301182746887207,-0.2120758593082428,-0.0009219283238053322,-0.0003658972564153373,-0.0003187618567608297,-0.03518722206354141,-0.3539159297943115,-0.11680188775062561,-0.12609711289405823,-0.6118909120559692,-0.22953592240810394,-0.10709544271230698,-0.7931487560272217,-0.5283560156822205,0.13751837611198425,-0.0015602654311805964,0.07296037673950195,0.205839142203331,-0.2993614077568054,0.011411052197217941,0.1347501575946808,-0.5485726594924927,-0.03813618794083595,0.15525445342063904,-0.826533317565918,-0.2762863039970398,0.35880765318870544,0.03423752263188362,0.15803837776184082,0.44760164618492126,-0.26374053955078125,0.14856626093387604,0.45646435022354126,-0.41927772760391235,0.22529897093772888,0.4219725728034973,-0.6143242120742798,0.3373871147632599
293,0.3759981393814087,0.8476120233535767,0.0382467582821846,-0.10516272485256195,0.6740787029266357,0.1291840672492981,-0.46381598711013794,0.5423662662506104,0.140913188457489,-0.6640012264251709,0.3118653893470764,0.0519806370139122,-0.9455628395080566,0.15607473254203796,-0.21036970615386963,-0.19320571422576904,0.029475249350070953,0.005551458802074194,-0.33437129855155945,-0.2565227150917053,-0.13311433792114258,-0.4382663369178772,-0.4708940386772156,-0.20722030103206635,-0.4713138937950134,-0.7443486452102661,-0.17994791269302368,-0.0009703498799353838,-0.00041508907452225685,-0.0003134094877168536,-0.02693254128098488,-0.3576905429363251,-0.1138557493686676,-0.11393284052610397,-0.6211322546005249,-0.21555569767951965,-0.12167756259441376,-0.8189100027084351,-0.4534441828727722,0.14701449871063232,0.004759734496474266,0.07470745593309402,0.21366533637046814,-0.29315710067749023,0.006766882725059986,0.16323769092559814,-0.5432013869285583,-0.01604475826025009,0.15980714559555054,-0.8332620859146118,-0.19695745408535004,0.3661158084869385,0.04613187909126282,0.16529712080955505,0.45093023777008057,-0.2494448721408844,0.14508987963199615,0.45988550782203674,-0.4112265706062317,0.219038724899292,0.4445337653160095,-0.6039470434188843,0.32866597175598145
294,0.3569867014884949,0.8601818084716797,0.0611298531293869,-0.10498001426458359,0.6856181621551514,0.0893465131521225,-0.47711247205734253,0.5531438589096069,0.12176434695720673,-0.6756880283355713,0.31873780488967896,0.054962821304798126,-0.9563807249069214,0.177259624004364,-0.19315728545188904,-0.19598132371902466,0.03181750327348709,0.0072778379544615746,-0.33867448568344116,-0.2565914988517761,-0.1346551775932312,-0.4407411515712738,-0.4799060821533203,-0.2151457518339157,-0.478912353515625,-0.7474230527877808,-0.17048421502113342,-0.0009697267087176442,-0.0004520892398431897,-0.0003129487158730626,-0.024902980774641037,-0.36061400175094604,-0.11255164444446564,-0.11133290082216263,-0.6289703845977783,-0.19887453317642212,-0.1266670972108841,-0.8374537229537964,-0.4355067014694214,0.14970682561397552,0.010874963365495205,0.07412318885326385,0.22016474604606628,-0.28711506724357605,0.0019965055398643017,0.16719970107078552,-0.5394749641418457,-0.016091378405690193,0.15372206270694733,-0.8375422954559326,-0.17570197582244873,0.36289677023887634,0.06167520210146904,0.1678236871957779,0.46069401502609253,-0.23472441732883453,0.138849139213562,0.47529953718185425,-0.40256378054618835,0.20553624629974365,0.4477015733718872,-0.5962769389152527,0.3181670904159546
295,0.34293466806411743,0.8614927530288696,0.033814579248428345,-0.10005182027816772,0.6919140815734863,0.0748271644115448,-0.4901275932788849,0.5452239513397217,0.10816791653633118,-0.6877924799919128,0.3177639842033386,0.06250855326652527,-0.9461067318916321,0.14420849084854126,-0.2053576111793518,-0.20764809846878052,0.033614665269851685,0.00494332704693079,-0.3380265235900879,-0.2629351019859314,-0.10930126905441284,-0.44522371888160706,-0.4833304286003113,-0.17347975075244904,-0.4954342842102051,-0.7479780912399292,-0.18016506731510162,-0.0009762311819940805,-0.00044409476686269045,-0.00030338027863763273,-0.029299341142177582,-0.360982745885849,-0.10893706977367401,-0.11561954021453857,-0.6322158575057983,-0.19279181957244873,-0.1196649968624115,-0.8248823881149292,-0.4707704782485962,0.15065976977348328,0.010842609219253063,0.07008390128612518,0.21369393169879913,-0.2888198494911194,0.00675811804831028,0.16134724020957947,-0.5468441247940063,-0.020896025002002716,0.1489541232585907,-0.8448104858398438,-0.15309488773345947,0.3635098934173584,0.06117420643568039,0.17091065645217896,0.4723195433616638,-0.22582390904426575,0.1449766755104065,0.491272509098053,-0.3954666554927826,0.21443596482276917,0.46287786960601807,-0.5655800104141235,0.3760393261909485
296,0.3403647840023041,0.8619552850723267,0.055551595985889435,-0.10124296694993973,0.6846420764923096,0.12685531377792358,-0.49963849782943726,0.5259905457496643,0.13049457967281342,-0.6859226226806641,0.3041031062602997,0.06833846867084503,-0.9499125480651855,0.12783817946910858,-0.11780334264039993,-0.21459682285785675,0.032174598425626755,0.013818886131048203,-0.35283732414245605,-0.26978424191474915,-0.09867983311414719,-0.4418923258781433,-0.48810088634490967,-0.13257914781570435,-0.498432993888855,-0.7512454986572266,-0.17554272711277008,-0.001029563252814114,-0.0004442298668436706,-0.00028197106439620256,-0.02815007045865059,-0.3615154027938843,-0.09987840056419373,-0.11352112889289856,-0.6357903480529785,-0.16113658249378204,-0.1180087998509407,-0.846453070640564,-0.40810155868530273,0.15588010847568512,0.01414528675377369,0.06534623354673386,0.21827155351638794,-0.2889178395271301,0.02084575593471527,0.17177718877792358,-0.5427616238594055,0.016006866469979286,0.15568315982818604,-0.8491483926773071,-0.05234538018703461,0.36354660987854004,0.06435364484786987,0.1762831211090088,0.4736024737358093,-0.2262180745601654,0.16542798280715942,0.4929090440273285,-0.38511401414871216,0.24377912282943726,0.4753706455230713,-0.5403969287872314,0.4152083396911621
297,0.32368260622024536,0.8657567501068115,0.02989240363240242,-0.09999163448810577,0.6800563335418701,0.09826003015041351,-0.4995712637901306,0.5229020714759827,0.1611592173576355,-0.6842313408851624,0.2752181589603424,0.09913255274295807,-0.9295725226402283,0.10005635768175125,-0.043559730052948,-0.2213115245103836,0.03675718605518341,0.013894779607653618,-0.36050471663475037,-0.27492624521255493,-0.08737099170684814,-0.43250447511672974,-0.4979284405708313,-0.09896689653396606,-0.49360308051109314,-0.7622354626655579,-0.13558441400527954,-0.0010435925796627998,-0.00046523212222382426,-0.0002744517696555704,-0.02616516873240471,-0.36339667439460754,-0.09413382411003113,-0.11008043587207794,-0.6393243074417114,-0.14368608593940735,-0.1325044482946396,-0.8668667078018188,-0.3405335545539856,0.16024649143218994,0.020089957863092422,0.06242534518241882,0.2361276000738144,-0.28839555382728577,0.03198107331991196,0.17892244458198547,-0.5428400039672852,0.02577950805425644,0.1644023060798645,-0.8555200099945068,0.00043230317533016205,0.3654944598674774,0.08017481863498688,0.17180979251861572,0.49106618762016296,-0.20488932728767395,0.1734645664691925,0.512482225894928,-0.37116163969039917,0.2462608367204666,0.5123076438903809,-0.5345234274864197,0.40741896629333496
298,0.31460511684417725,0.8678252696990967,0.01593017764389515,-0.0993107259273529,0.6775610446929932,0.08270015567541122,-0.4995346665382385,0.5212215185165405,0.17784510552883148,-0.6833110451698303,0.2595006823539734,0.11588889360427856,-0.9185046553611755,0.08493912220001221,-0.0031607169657945633,-0.22496527433395386,0.03925076127052307,0.013936076313257217,-0.3646768629550934,-0.2777242064476013,-0.08121737837791443,-0.42739617824554443,-0.503275990486145,-0.0806770771741867,-0.49097493290901184,-0.768215537071228,-0.11384144425392151,-0.0010512263979762793,-0.0004766603233292699,-0.0002703602076508105,-0.025085100904107094,-0.3644203543663025,-0.09100796282291412,-0.10820820927619934,-0.6412472724914551,-0.13419054448604584,-0.14039212465286255,-0.8779746294021606,-0.30376702547073364,0.16262242197990417,0.023324698209762573,0.06083596870303154,0.2458438128232956,-0.2881113588809967,0.03804025799036026,0.1828104853630066,-0.5428826808929443,0.031097207218408585,0.16914676129817963,-0.858987033367157,0.029150815680623055,0.3665543794631958,0.08878377079963684,0.16937567293643951,0.5005688667297363,-0.19328348338603973,0.17783759534358978,0.5231328010559082,-0.36356955766677856,0.24761123955249786,0.5324065685272217,-0.5313274264335632,0.40318048000335693
299,0.3104299306869507,0.867499589920044,-0.01063457876443863,-0.10893532633781433,0.6786625385284424,0.03418271988630295,-0.5026781558990479,0.5218480825424194,0.1397896707057953,-0.6833542585372925,0.24831154942512512,0.08376684039831161,-0.9108173251152039,0.07704408466815948,0.03230922669172287,-0.2165367752313614,0.0442652553319931,0.01168152317404747,-0.35925203561782837,-0.28336453437805176,-0.07782100141048431,-0.42795681953430176,-0.5139456391334534,-0.05761168152093887,-0.49185335636138916,-0.7772601842880249,-0.07288028299808502,-0.0010940113570541143,-0.000455990870250389,-0.0002619977167341858,-0.010139340534806252,-0.3621281385421753,-0.08071573078632355,-0.09631034731864929,-0.6440051794052124,-0.09575292468070984,-0.13514547049999237,-0.8882231712341309,-0.2429148256778717,0.16373232007026672,0.025010623037815094,0.06227980554103851,0.24825553596019745,-0.2932918071746826,0.042271293699741364,0.20122435688972473,-0.5485624074935913,0.047836266458034515,0.19568780064582825,-0.858311653137207,0.08260101079940796,0.3585420250892639,0.0861409455537796,0.17151835560798645,0.49670514464378357,-0.20797912776470184,0.1766873002052307,0.5157060623168945,-0.36445897817611694,0.24648001790046692,0.5328236222267151,-0.5266233682632446,0.39689910411834717
300,0.3042057454586029,0.874790608882904,-0.012177253141999245,-0.1185465008020401,0.6845889091491699,0.02969932183623314,-0.5010344386100769,0.523817241191864,0.11681576073169708,-0.6845449209213257,0.24293702840805054,0.06775873899459839,-0.9102083444595337,0.06739315390586853,0.04986635595560074,-0.2118987739086151,0.045183777809143066,0.007511438801884651,-0.35459065437316895,-0.28770798444747925,-0.07234599441289902,-0.42882591485977173,-0.5165877342224121,-0.038194458931684494,-0.49319222569465637,-0.7797918319702148,-0.059891365468502045,-0.0011161831207573414,-0.0004444749210961163,-0.00026076362701132894,-0.0026607168838381767,-0.3590817153453827,-0.07253731787204742,-0.09746942669153214,-0.644865870475769,-0.07090374827384949,-0.12843959033489227,-0.893741250038147,-0.22275838255882263,0.16418711841106415,0.026254475116729736,0.06108667328953743,0.2498672753572464,-0.2951679527759552,0.04673635959625244,0.2066115289926529,-0.5501668453216553,0.060513705015182495,0.20511949062347412,-0.8549926280975342,0.12795715034008026,0.35848623514175415,0.08213740587234497,0.1707887351512909,0.500206470489502,-0.21214284002780914,0.17839808762073517,0.513119101524353,-0.3622889518737793,0.26379358768463135,0.5313789248466492,-0.5144684314727783,0.41339311003685
301,0.31632623076438904,0.8823233842849731,-0.035482391715049744,-0.11789412796497345,0.6903037428855896,0.020551998168230057,-0.4973626732826233,0.5268961787223816,0.10019485652446747,-0.6920964121818542,0.24776670336723328,0.05688001215457916,-0.9180809855461121,0.05788758024573326,0.06209522485733032,-0.22062677145004272,0.042953766882419586,0.008677142672240734,-0.3480023145675659,-0.2952856123447418,-0.06003277748823166,-0.42171284556388855,-0.5266609191894531,-0.043356288224458694,-0.4908751845359802,-0.7788606882095337,-0.0558103509247303,-0.0011582165025174618,-0.00046067434595897794,-0.0002655546413734555,0.001501136110164225,-0.3620121479034424,-0.07731492817401886,-0.0940522775053978,-0.6473882794380188,-0.06558041274547577,-0.12173387408256531,-0.8878484964370728,-0.2056346833705902,0.16962800920009613,0.030959289520978928,0.06035226583480835,0.25790560245513916,-0.29133814573287964,0.03632614016532898,0.21941401064395905,-0.5483608841896057,0.06527598202228546,0.217473566532135,-0.8566083312034607,0.14801153540611267,0.3639017939567566,0.08639694005250931,0.1775926798582077,0.5081163048744202,-0.20142114162445068,0.17082977294921875,0.5192676186561584,-0.35430383682250977,0.26757529377937317,0.539676308631897,-0.5042021870613098,0.41532325744628906
302,0.322992742061615,0.8791675567626953,-0.03605838865041733,-0.11908246576786041,0.6919457316398621,0.024725330993533134,-0.4970809817314148,0.5323431491851807,0.0896044373512268,-0.7001744508743286,0.2555779218673706,0.04620363190770149,-0.9173497557640076,0.06905960291624069,0.06432899832725525,-0.22570762038230896,0.04255975782871246,0.010552259162068367,-0.354836106300354,-0.2972254157066345,-0.06107689440250397,-0.41654127836227417,-0.5265064239501953,-0.05503328889608383,-0.496209055185318,-0.7706619501113892,-0.05819752812385559,-0.0011907947482541203,-0.00046219746582210064,-0.0002664584026206285,0.007445211056619883,-0.36050593852996826,-0.07828132808208466,-0.0929669588804245,-0.6437163352966309,-0.059999123215675354,-0.12819862365722656,-0.8769348859786987,-0.17904968559741974,0.16985663771629333,0.0284053236246109,0.06255194544792175,0.263735294342041,-0.2901172637939453,0.03333842754364014,0.2267182469367981,-0.5437950491905212,0.07766015827655792,0.2190621793270111,-0.8526395559310913,0.17552044987678528,0.36524221301078796,0.08448381721973419,0.17249959707260132,0.5069686770439148,-0.20043103396892548,0.16586491465568542,0.5208053588867188,-0.3530018925666809,0.2628438174724579,0.5380797982215881,-0.5035426616668701,0.4142860770225525
303,0.32874393463134766,0.8766046762466431,-0.047461047768592834,-0.11591463536024094,0.6938378810882568,0.019815973937511444,-0.49846434593200684,0.535435140132904,0.07833923399448395,-0.7036893367767334,0.2587839961051941,0.03835232928395271,-0.917612612247467,0.07898972928524017,0.06207442283630371,-0.22848577797412872,0.041702672839164734,0.0121112409979105,-0.3585764169692993,-0.29850608110427856,-0.06009862571954727,-0.4159092307090759,-0.5276464223861694,-0.05882169306278229,-0.49992382526397705,-0.7675914764404297,-0.06175672262907028,-0.001199093647301197,-0.00046691950410604477,-0.000264731323113665,0.01118289865553379,-0.35983410477638245,-0.07872441411018372,-0.093702033162117,-0.6419788002967834,-0.05479460954666138,-0.13380581140518188,-0.86952805519104,-0.16106116771697998,0.16986489295959473,0.027172211557626724,0.06436840444803238,0.2668772041797638,-0.28920137882232666,0.03204658627510071,0.22864164412021637,-0.5404497385025024,0.0876360535621643,0.2168108969926834,-0.8490015268325806,0.1964477151632309,0.3660300672054291,0.0849948525428772,0.17155170440673828,0.5063374042510986,-0.19882425665855408,0.16447734832763672,0.5196954607963562,-0.35148489475250244,0.2638699412345886,0.5340968370437622,-0.5019291639328003,0.41645869612693787
304,0.32602477073669434,0.8766666650772095,-0.04726631939411163,-0.11869378387928009,0.6930336952209473,0.006942868232727051,-0.49666741490364075,0.5389635562896729,0.07300417125225067,-0.7002335786819458,0.25854572653770447,0.04368218779563904,-0.9099218249320984,0.07998219132423401,0.08100183308124542,-0.21950317919254303,0.0425393208861351,0.020642979070544243,-0.3517584502696991,-0.298366904258728,-0.05166882276535034,-0.4186951518058777,-0.5307624340057373,-0.04623492434620857,-0.4994329810142517,-0.7662081718444824,-0.04377168416976929,-0.0011921769473701715,-0.000483383220853284,-0.00025608326541259885,0.013766871765255928,-0.36101728677749634,-0.06893657147884369,-0.09427393972873688,-0.6421972513198853,-0.04162480682134628,-0.12794411182403564,-0.8804751634597778,-0.15038692951202393,0.1719677895307541,0.029828323051333427,0.06226566061377525,0.2651990056037903,-0.2873312830924988,0.035669710487127304,0.23220080137252808,-0.5392221212387085,0.09059397131204605,0.20799899101257324,-0.8392685651779175,0.1973877251148224,0.36916583776474,0.08361566066741943,0.17393456399440765,0.5141093134880066,-0.19752100110054016,0.17266060411930084,0.5198994874954224,-0.3552500009536743,0.26259517669677734,0.5332081317901611,-0.5052695870399475,0.41297101974487305
305,0.3167904019355774,0.874567985534668,-0.05021154507994652,-0.1291298270225525,0.7000617980957031,0.06173189356923103,-0.4932345747947693,0.5181402564048767,0.09672430902719498,-0.6984432935714722,0.24338355660438538,0.08390552550554276,-0.9033688306808472,0.08140075206756592,0.11418862640857697,-0.2209656834602356,0.04797027260065079,0.01879461482167244,-0.35535091161727905,-0.29472774267196655,-0.05989546328783035,-0.41662275791168213,-0.521349310874939,-0.050338953733444214,-0.49421924352645874,-0.7580510973930359,-0.05097200721502304,-0.0011815449688583612,-0.0004634407814592123,-0.0002504322328604758,0.00614992855116725,-0.36128103733062744,-0.0657070055603981,-0.10358135402202606,-0.6412791013717651,-0.05255473032593727,-0.137481227517128,-0.8825215101242065,-0.14406812191009521,0.167462557554245,0.03274150192737579,0.061991993337869644,0.26012396812438965,-0.29197779297828674,0.04490262269973755,0.20291800796985626,-0.5455859899520874,0.07435823976993561,0.1783544272184372,-0.8397918343544006,0.14096198976039886,0.36585521697998047,0.08857805281877518,0.1777624785900116,0.5087953805923462,-0.1985897570848465,0.17948931455612183,0.5137684941291809,-0.3621464669704437,0.2657918334007263,0.5239774584770203,-0.5173220038414001,0.42009270191192627
306,0.2993007302284241,0.889812171459198,-0.01969672366976738,-0.13495498895645142,0.7030748128890991,0.1143903136253357,-0.47521093487739563,0.5125225782394409,0.14970317482948303,-0.7164137363433838,0.21731814742088318,0.11773629486560822,-0.9079934358596802,0.05530451610684395,0.14075571298599243,-0.2218976616859436,0.04533293843269348,0.031141314655542374,-0.3503429889678955,-0.2990553081035614,-0.04661976918578148,-0.41118156909942627,-0.5219162106513977,-0.030950674787163734,-0.4933791160583496,-0.750540018081665,-0.07197780907154083,-0.001241982914507389,-0.0004822821356356144,-0.00026316018193028867,0.00046799727715551853,-0.35663485527038574,-0.055327124893665314,-0.11627346277236938,-0.6380106210708618,-0.05196646973490715,-0.1456846296787262,-0.8776357173919678,-0.14361363649368286,0.16555936634540558,0.031146779656410217,0.053075965493917465,0.2535749673843384,-0.2919101119041443,0.043449245393276215,0.19629967212677002,-0.5378745198249817,0.06796830892562866,0.16155847907066345,-0.8373301029205322,0.14242184162139893,0.36515361070632935,0.08288925886154175,0.1570785641670227,0.5013695955276489,-0.20386412739753723,0.18266963958740234,0.5058820247650146,-0.3634568452835083,0.26880091428756714,0.5119557976722717,-0.5182778835296631,0.41055336594581604
307,0.27163076400756836,0.8967610001564026,-0.01688558980822563,-0.1295657604932785,0.7023380994796753,0.13922403752803802,-0.45973339676856995,0.5123014450073242,0.17763443291187286,-0.7171065807342529,0.20882797241210938,0.1294679045677185,-0.9005820751190186,0.024556688964366913,0.16447332501411438,-0.22271719574928284,0.043953582644462585,0.03913078457117081,-0.34102508425712585,-0.30496746301651,-0.0345824733376503,-0.4059563875198364,-0.5160826444625854,-0.010486303828656673,-0.4880775809288025,-0.7451585531234741,-0.0778520405292511,-0.001284703379496932,-0.000486692413687706,-0.00027227605460211635,-0.002534638624638319,-0.3529324531555176,-0.048275381326675415,-0.12474501132965088,-0.6360975503921509,-0.05289921164512634,-0.15546979010105133,-0.8746527433395386,-0.1459079533815384,0.16287299990653992,0.030618492513895035,0.045104242861270905,0.23713794350624084,-0.29081493616104126,0.03941415250301361,0.19312843680381775,-0.5324079394340515,0.06038731336593628,0.15218670666217804,-0.8394031524658203,0.13250869512557983,0.36107712984085083,0.07919730246067047,0.1427450180053711,0.49345627427101135,-0.2049674093723297,0.18195411562919617,0.5023683309555054,-0.3629244565963745,0.2603920102119446,0.5065703392028809,-0.5176973342895508,0.39435428380966187
308,0.2533007264137268,0.8952988386154175,0.016690045595169067,-0.13311950862407684,0.7004122138023376,0.1572035849094391,-0.4381580948829651,0.5040438175201416,0.24090245366096497,-0.7051223516464233,0.21374249458312988,0.1478417068719864,-0.8833540678024292,0.013472535647451878,0.17127558588981628,-0.2185426503419876,0.043041788041591644,0.045950762927532196,-0.32940739393234253,-0.3037697672843933,-0.02313646301627159,-0.3995541036128998,-0.5040338635444641,0.004060890059918165,-0.4778654873371124,-0.7359839677810669,-0.09782005846500397,-0.0013016483280807734,-0.0005231171380728483,-0.00029803207144141197,-0.0021830457262694836,-0.35379037261009216,-0.03875378519296646,-0.1260351687669754,-0.6302595734596252,-0.028214935213327408,-0.16878117620944977,-0.8730923533439636,-0.11019682884216309,0.16007277369499207,0.03067793883383274,0.04697388783097267,0.22310766577720642,-0.2943844795227051,0.038391515612602234,0.19778329133987427,-0.5239513516426086,0.07851926982402802,0.15057173371315002,-0.8364444375038147,0.151304692029953,0.38128483295440674,0.07058633118867874,0.13694646954536438,0.4787893295288086,-0.2234056293964386,0.16868385672569275,0.49406787753105164,-0.3742484152317047,0.24588891863822937,0.4856993556022644,-0.5383848547935486,0.37371277809143066
309,0.23803824186325073,0.9077813625335693,0.08134480565786362,-0.11434583365917206,0.6839810609817505,0.20372197031974792,-0.4125692844390869,0.4834896922111511,0.2982209026813507,-0.705226719379425,0.19610203802585602,0.15590223670005798,-0.8706468939781189,-0.005740511696785688,0.1708713322877884,-0.2109900414943695,0.031025443226099014,0.05560017377138138,-0.30718013644218445,-0.31348592042922974,-0.009789986535906792,-0.39258259534835815,-0.49660831689834595,0.022313985973596573,-0.4717925488948822,-0.7189087867736816,-0.06433714926242828,-0.0013262107968330383,-0.0005036933580413461,-0.00030232759309001267,-0.014417866244912148,-0.35638779401779175,-0.03614546358585358,-0.1268351972103119,-0.6176815032958984,0.008774182759225368,-0.18879903852939606,-0.8623208999633789,-0.03682609647512436,0.15559899806976318,0.033330731093883514,0.042811207473278046,0.21737132966518402,-0.2843910753726959,0.038856733590364456,0.20012983679771423,-0.5046364665031433,0.12300816923379898,0.1475386917591095,-0.805172324180603,0.22317591309547424,0.3889855146408081,0.06846731901168823,0.13560782372951508,0.4688540995121002,-0.2177073210477829,0.16209062933921814,0.4940156936645508,-0.3562018871307373,0.25884997844696045,0.48673224449157715,-0.5042495131492615,0.4211327135562897
310,0.23811736702919006,0.8967845439910889,0.21917277574539185,-0.1299554407596588,0.6376317739486694,0.31470975279808044,-0.42033398151397705,0.4285760521888733,0.3368241786956787,-0.6761043071746826,0.18992093205451965,0.14548103511333466,-0.8169847130775452,-0.0050552235916256905,0.13560861349105835,-0.21154102683067322,0.008735228329896927,0.04086564481258392,-0.2958328127861023,-0.2933754026889801,-0.04270149767398834,-0.39762037992477417,-0.46925196051597595,0.0537019744515419,-0.5005375742912292,-0.6902832984924316,0.0497068390250206,-0.0012887970078736544,-0.00041123630944639444,-0.0002734796144068241,0.009251896291971207,-0.35962289571762085,0.014676861464977264,-0.12234257161617279,-0.5554211139678955,0.13992083072662354,-0.19864170253276825,-0.738554835319519,0.23453933000564575,0.1554867923259735,0.05219857767224312,0.05345078557729721,0.2206258326768875,-0.2664163112640381,0.07936964929103851,0.2121007889509201,-0.42094478011131287,0.23698630928993225,0.13484986126422882,-0.6319075226783752,0.4135884642601013,0.3701501190662384,0.0845484733581543,0.16188085079193115,0.44358694553375244,-0.2010090947151184,0.22691738605499268,0.4688267707824707,-0.294216513633728,0.35191935300827026,0.43255531787872314,-0.36309438943862915,0.5138573050498962
311,0.22543159127235413,0.8963149785995483,0.29489457607269287,-0.145219087600708,0.6219398975372314,0.3642916679382324,-0.4226057827472687,0.39727962017059326,0.3599851131439209,-0.6632059216499329,0.17827259004116058,0.1216060072183609,-0.7827485203742981,-0.0012497436255216599,0.11769749224185944,-0.21043309569358826,-0.0006737271323800087,0.033759668469429016,-0.28857147693634033,-0.2921724319458008,-0.04274367541074753,-0.40058091282844543,-0.45896607637405396,0.10033532232046127,-0.5120734572410583,-0.6552750468254089,0.1324400156736374,-0.0012753192568197846,-0.00036704805097542703,-0.0002577282430138439,0.025203965604305267,-0.36117106676101685,0.04530196636915207,-0.11112098395824432,-0.5166136622428894,0.22003671526908875,-0.18999969959259033,-0.6543393135070801,0.387032151222229,0.15374720096588135,0.06030341237783432,0.060346879065036774,0.22309046983718872,-0.25796234607696533,0.10744583606719971,0.2200017273426056,-0.37052351236343384,0.3077925443649292,0.1769224852323532,-0.5076963901519775,0.5017718076705933,0.36010313034057617,0.09159505367279053,0.17474421858787537,0.4326135218143463,-0.194114089012146,0.2689211964607239,0.45794743299484253,-0.2569279670715332,0.4105825424194336,0.40760233998298645,-0.28266212344169617,0.5673328638076782
312,0.22050678730010986,0.8948496580123901,0.3361954092979431,-0.15525782108306885,0.6281397342681885,0.37057894468307495,-0.45409518480300903,0.3936728835105896,0.35794222354888916,-0.6458076238632202,0.17328591644763947,0.10337892174720764,-0.751473605632782,0.04508814960718155,0.06424079090356827,-0.21116331219673157,0.0017615664983168244,0.016851892694830894,-0.28045424818992615,-0.30860862135887146,0.00509936548769474,-0.40108251571655273,-0.4471625089645386,0.15329506993293762,-0.5138942003250122,-0.608369767665863,0.20793095231056213,-0.0012317460495978594,-0.0003222291124984622,-0.0002506664313841611,0.0153814060613513,-0.36354488134384155,0.0758657306432724,-0.07944557815790176,-0.45096448063850403,0.29239362478256226,-0.1342271864414215,-0.5442418456077576,0.4768778085708618,0.1474299132823944,0.05842278152704239,0.06737114489078522,0.20623815059661865,-0.25769174098968506,0.133657306432724,0.20487456023693085,-0.33130723237991333,0.3495328426361084,0.1608956903219223,-0.3465164303779602,0.4263176918029785,0.34830227494239807,0.08648712933063507,0.18674570322036743,0.41940197348594666,-0.1885349005460739,0.2982288599014282,0.4454519748687744,-0.23382827639579773,0.4439387321472168,0.4152544140815735,-0.2590005397796631,0.5958830118179321
313,0.22651582956314087,0.8998016119003296,0.3522689938545227,-0.13327525556087494,0.6386160850524902,0.3702739477157593,-0.4540947675704956,0.3789163827896118,0.3607134222984314,-0.6362588405609131,0.13441909849643707,0.1281234323978424,-0.7243202924728394,0.029656581580638885,0.058817073702812195,-0.20230266451835632,0.0019291405333206058,0.0054343631491065025,-0.2749541699886322,-0.3098258376121521,0.0503358356654644,-0.4013044536113739,-0.427151620388031,0.15713739395141602,-0.48878324031829834,-0.5555533766746521,0.3182651996612549,-0.001144512789323926,-0.00026982417330145836,-0.000264436355791986,0.00818487349897623,-0.3550918996334076,0.09558910131454468,-0.062076859176158905,-0.3987220823764801,0.3285382390022278,-0.09679456055164337,-0.4733594059944153,0.520300030708313,0.13894319534301758,0.05081098526716232,0.06674028933048248,0.1909710168838501,-0.25672587752342224,0.14340493083000183,0.1953451782464981,-0.3001912236213684,0.3646649718284607,0.15119314193725586,-0.2455248385667801,0.36836540699005127,0.3349510431289673,0.07424280792474747,0.190763458609581,0.40432897210121155,-0.2046450972557068,0.3028925657272339,0.42757710814476013,-0.23203197121620178,0.44647887349128723,0.4051377773284912,-0.24486428499221802,0.5846964120864868
314,0.2206258922815323,0.9075846076011658,0.34346985816955566,-0.11689483374357224,0.6390271186828613,0.38698533177375793,-0.44964927434921265,0.3691790699958801,0.36910736560821533,-0.626818060874939,0.112960085272789,0.170629620552063,-0.7062108516693115,0.015200977213680744,0.12614649534225464,-0.19985929131507874,0.005495220422744751,0.003169088624417782,-0.2885781526565552,-0.2945455312728882,0.042329154908657074,-0.39954042434692383,-0.399189293384552,0.16745850443840027,-0.4591965079307556,-0.5165534019470215,0.33960068225860596,-0.0011457500513643026,-0.00025619808002375066,-0.0002723293728195131,-0.004318396560847759,-0.35498368740081787,0.1157190129160881,-0.050186462700366974,-0.3781195878982544,0.3627445697784424,-0.06874904781579971,-0.44535747170448303,0.5602904558181763,0.1382545828819275,0.0479639433324337,0.05912800133228302,0.1846258044242859,-0.25091421604156494,0.14573808014392853,0.19646894931793213,-0.282562792301178,0.3928563892841339,0.16485244035720825,-0.1975894570350647,0.36628246307373047,0.3401687443256378,0.06850432604551315,0.185644268989563,0.40644243359565735,-0.2162841409444809,0.2998279333114624,0.43232935667037964,-0.23262058198451996,0.44032084941864014,0.42227745056152344,-0.24841980636119843,0.5727250576019287
315,0.22287046909332275,0.906792938709259,0.3465215563774109,-0.10384656488895416,0.6347076892852783,0.40692955255508423,-0.44561755657196045,0.35632872581481934,0.3792581856250763,-0.6183345317840576,0.09664773941040039,0.20095115900039673,-0.6939778327941895,0.003378915134817362,0.16450566053390503,-0.19906392693519592,0.004766638390719891,0.0034159054048359394,-0.29629409313201904,-0.28728485107421875,0.03543003275990486,-0.3988346457481384,-0.38563692569732666,0.17126566171646118,-0.4516468048095703,-0.48273754119873047,0.31616806983947754,-0.0011687162332236767,-0.0002443562261760235,-0.00028447655495256186,-0.011937091127038002,-0.35518306493759155,0.12624484300613403,-0.04291431978344917,-0.3674700856208801,0.3788590431213379,-0.05097710341215134,-0.4333685636520386,0.5809298753738403,0.13872334361076355,0.046121373772621155,0.055478766560554504,0.18118348717689514,-0.24798732995986938,0.14496298134326935,0.19864335656166077,-0.2756284177303314,0.4036656320095062,0.17428210377693176,-0.1734468936920166,0.3640859127044678,0.34379273653030396,0.06397604942321777,0.1818317323923111,0.407182514667511,-0.22534286975860596,0.2986023426055908,0.43381163477897644,-0.23434974253177643,0.437247097492218,0.42984044551849365,-0.25024741888046265,0.5622546076774597
316,0.2279375195503235,0.8977032899856567,0.3640328049659729,-0.09608714282512665,0.6263149976730347,0.42305731773376465,-0.44106149673461914,0.3497159481048584,0.3820110857486725,-0.6040612459182739,0.0929299145936966,0.21460434794425964,-0.6729980111122131,0.002686604391783476,0.17289161682128906,-0.19828873872756958,0.0041733779944479465,0.005747244227677584,-0.29773709177970886,-0.2819766402244568,0.03637337684631348,-0.39291268587112427,-0.37327513098716736,0.18798142671585083,-0.4432813823223114,-0.45197510719299316,0.32359641790390015,-0.0012103739427402616,-0.00025252639898099005,-0.0002932320348918438,-0.013051876798272133,-0.35008662939071655,0.13835352659225464,-0.03052586317062378,-0.351837694644928,0.400562047958374,-0.035166434943675995,-0.4149998426437378,0.6084356904029846,0.14032894372940063,0.045701563358306885,0.05157407745718956,0.1813155859708786,-0.24358206987380981,0.15355710685253143,0.20504577457904816,-0.26350852847099304,0.42233797907829285,0.1831461787223816,-0.15679210424423218,0.37512534856796265,0.34734460711479187,0.06445817649364471,0.17693355679512024,0.41486063599586487,-0.22439341247081757,0.2975834608078003,0.4416636824607849,-0.23122867941856384,0.4375757575035095,0.44033530354499817,-0.24567627906799316,0.5624902248382568
317,0.2259688526391983,0.8960057497024536,0.36512261629104614,-0.09542451798915863,0.6158981919288635,0.44018489122390747,-0.438567191362381,0.3548344373703003,0.3906852602958679,-0.6045435667037964,0.10073240101337433,0.23290061950683594,-0.678250789642334,-0.004030156880617142,0.17479132115840912,-0.19937410950660706,0.010443459264934063,0.00645841471850872,-0.2994462847709656,-0.2796630859375,0.03628748282790184,-0.3858506679534912,-0.36496931314468384,0.19991973042488098,-0.431789755821228,-0.4306369423866272,0.3323005735874176,-0.0012084306217730045,-0.00024859211407601833,-0.00028534457669593394,-0.019867252558469772,-0.35032761096954346,0.14492109417915344,-0.031728826463222504,-0.34413373470306396,0.40993452072143555,-0.03101174533367157,-0.4061170220375061,0.622150182723999,0.1410403549671173,0.04420573264360428,0.0529988631606102,0.17829295992851257,-0.2450236976146698,0.16414746642112732,0.20200273394584656,-0.25336161255836487,0.43791013956069946,0.19051676988601685,-0.14282821118831635,0.37900668382644653,0.3468771278858185,0.06371302902698517,0.17936263978481293,0.4104292392730713,-0.22797836363315582,0.31247031688690186,0.43553847074508667,-0.23089829087257385,0.45340555906295776,0.4340019226074219,-0.2415929138660431,0.5781182050704956
318,0.22581540048122406,0.8855196237564087,0.3898666501045227,-0.09825126826763153,0.6108079552650452,0.44932258129119873,-0.4365169405937195,0.36009925603866577,0.38378024101257324,-0.5858957767486572,0.10553481429815292,0.2236461639404297,-0.6530357599258423,0.010335583239793777,0.16212905943393707,-0.20139801502227783,0.011619914323091507,0.01398002915084362,-0.29657918214797974,-0.27774864435195923,0.03824666514992714,-0.3812530040740967,-0.36111927032470703,0.20597930252552032,-0.42713701725006104,-0.42078861594200134,0.3351486325263977,-0.0012529511004686356,-0.0002633156254887581,-0.00029034551698714495,-0.021475955843925476,-0.3486374616622925,0.15094757080078125,-0.028553832322359085,-0.33918488025665283,0.42029422521591187,-0.05261599272489548,-0.3615615963935852,0.6139087677001953,0.14364174008369446,0.04488130286335945,0.05374470353126526,0.18106356263160706,-0.2446625679731369,0.174302339553833,0.20229005813598633,-0.2416590303182602,0.42751944065093994,0.19524240493774414,-0.13845449686050415,0.3985738754272461,0.34718891978263855,0.06859272718429565,0.1771271824836731,0.4101331830024719,-0.22566239535808563,0.32228225469589233,0.4356570243835449,-0.22819793224334717,0.4654746651649475,0.43318623304367065,-0.23771370947360992,0.5945672988891602
319,0.24169613420963287,0.8759933710098267,0.34608954191207886,-0.1021716520190239,0.6084719896316528,0.4518963694572449,-0.4330202043056488,0.3624517321586609,0.3816126585006714,-0.5759352445602417,0.1018085777759552,0.2221040278673172,-0.6442364454269409,0.014503460377454758,0.1538950800895691,-0.20108482241630554,0.011989492923021317,0.019547274336218834,-0.29560524225234985,-0.2790006399154663,0.03581918403506279,-0.37690815329551697,-0.3614071309566498,0.20131255686283112,-0.42093610763549805,-0.41783463954925537,0.33057937026023865,-0.0012789121828973293,-0.00028139789355918765,-0.0002967190812341869,-0.021467488259077072,-0.3471768796443939,0.15073102712631226,-0.03457923233509064,-0.328103244304657,0.41924238204956055,-0.059112392365932465,-0.33819830417633057,0.6068216562271118,0.14504660665988922,0.045984745025634766,0.0540049783885479,0.18462207913398743,-0.24482494592666626,0.176290363073349,0.214164137840271,-0.23446711897850037,0.41390854120254517,0.1991967111825943,-0.1412263959646225,0.4149700999259949,0.3459762632846832,0.07291251420974731,0.17537403106689453,0.4135262370109558,-0.22696629166603088,0.319072961807251,0.4392114281654358,-0.23115882277488708,0.4629054665565491,0.43649667501449585,-0.2413143515586853,0.5945162177085876
320,0.24476495385169983,0.892989993095398,0.28246864676475525,-0.08843250572681427,0.6175246238708496,0.43080776929855347,-0.44067734479904175,0.37833595275878906,0.3785979747772217,-0.572426438331604,0.1255451887845993,0.19586890935897827,-0.6413617134094238,0.046543415635824203,0.10020949691534042,-0.20645104348659515,0.02017502672970295,0.02036166377365589,-0.2925835847854614,-0.27212172746658325,0.04152977466583252,-0.37705087661743164,-0.349575936794281,0.2037377506494522,-0.42627841234207153,-0.40577250719070435,0.3304458260536194,-0.0012799975229427218,-0.0002839926746673882,-0.0003000925644300878,-0.015087145380675793,-0.3471291661262512,0.16157880425453186,-0.02542293630540371,-0.33255213499069214,0.4259006977081299,-0.04381321743130684,-0.36588582396507263,0.6281555891036987,0.1487569659948349,0.048033520579338074,0.05376792699098587,0.1947615146636963,-0.24951088428497314,0.17462199926376343,0.22312277555465698,-0.252978652715683,0.4275399446487427,0.2307184785604477,-0.1971869021654129,0.4834734797477722,0.35353314876556396,0.08660881221294403,0.16993927955627441,0.4305945038795471,-0.21517819166183472,0.30016064643859863,0.4647362232208252,-0.23256433010101318,0.447277307510376,0.46817681193351746,-0.2547076642513275,0.5952244997024536
321,0.23076872527599335,0.9143805503845215,0.24988757073879242,-0.10080435872077942,0.6290330290794373,0.399811327457428,-0.44331997632980347,0.3984454274177551,0.3442007899284363,-0.5752986669540405,0.13715779781341553,0.15459367632865906,-0.6337579488754272,0.08389170467853546,0.058555908501148224,-0.2103923261165619,0.02639130875468254,0.01857232116162777,-0.2921164631843567,-0.26582083106040955,0.04792926460504532,-0.37865200638771057,-0.3369699716567993,0.2091343104839325,-0.4303473234176636,-0.3974158465862274,0.34015312790870667,-0.0012890640646219254,-0.0002872618497349322,-0.00030199496541172266,-0.01158243976533413,-0.34996241331100464,0.16080652177333832,-0.021588269621133804,-0.33603063225746155,0.4219885468482971,-0.038705043494701385,-0.3819635808467865,0.6297221183776855,0.15230070054531097,0.04718925431370735,0.05563614144921303,0.19460701942443848,-0.25853949785232544,0.17190033197402954,0.2209024429321289,-0.26932471990585327,0.4304639995098114,0.23682233691215515,-0.18219664692878723,0.4873274564743042,0.360952764749527,0.09403201937675476,0.16552025079727173,0.43783336877822876,-0.21596145629882812,0.29042136669158936,0.4739360213279724,-0.24043235182762146,0.44207438826560974,0.47689366340637207,-0.26689258217811584,0.5978173017501831
322,0.2627657651901245,0.8967379927635193,0.2562553584575653,-0.07757002115249634,0.6167106628417969,0.4230850338935852,-0.45389530062675476,0.40926456451416016,0.33447515964508057,-0.6045089960098267,0.14501222968101501,0.12187551707029343,-0.6872683167457581,0.08093172311782837,0.03726213425397873,-0.21088442206382751,0.018523601815104485,0.02176734246313572,-0.30077946186065674,-0.26841920614242554,0.01915481500327587,-0.39498499035835266,-0.3581368923187256,0.19527660310268402,-0.48098474740982056,-0.4560001492500305,0.3071869909763336,-0.001300909905694425,-0.0002854595077224076,-0.0002963776350952685,-0.011889921501278877,-0.36026766896247864,0.13133300840854645,-0.042556002736091614,-0.37763893604278564,0.3930354416370392,-0.06390386074781418,-0.42234086990356445,0.613012433052063,0.1571543961763382,0.04707074910402298,0.060295648872852325,0.19459670782089233,-0.2691684663295746,0.15779832005500793,0.20794042944908142,-0.29993319511413574,0.4075697064399719,0.18812459707260132,-0.3091464042663574,0.5532995462417603,0.363230437040329,0.07760334014892578,0.17219197750091553,0.4281911253929138,-0.2269608974456787,0.2867938280105591,0.45810961723327637,-0.2622672915458679,0.4416385293006897,0.44087356328964233,-0.2598097324371338,0.5900092124938965
323,0.26037609577178955,0.8961652517318726,0.2648314833641052,-0.07496193796396255,0.5994272232055664,0.41261279582977295,-0.4269471764564514,0.4198993444442749,0.31424230337142944,-0.5997529625892639,0.18572953343391418,0.09279704093933105,-0.7310320138931274,0.052652545273303986,-0.0035034287720918655,-0.20955485105514526,0.012232302688062191,0.014850270003080368,-0.3091636300086975,-0.26867538690567017,-0.03604293614625931,-0.4225361943244934,-0.40103426575660706,0.11229467391967773,-0.5126043558120728,-0.5445888638496399,0.21042534708976746,-0.0012112706899642944,-0.0002467095328029245,-0.00029058015206828713,-0.008107716217637062,-0.36715632677078247,0.06169246882200241,-0.10269367694854736,-0.4639184772968292,0.28240591287612915,-0.17818249762058258,-0.5965248346328735,0.392265260219574,0.15466085076332092,0.04485767334699631,0.06729679554700851,0.19712448120117188,-0.2758336663246155,0.13283208012580872,0.17742007970809937,-0.37006521224975586,0.3641103506088257,0.09096315503120422,-0.4790174961090088,0.4792224168777466,0.3499768078327179,0.06951842457056046,0.1764698326587677,0.4281049370765686,-0.23042771220207214,0.28718066215515137,0.4276466369628906,-0.28792494535446167,0.455293208360672,0.40219229459762573,-0.33033812046051025,0.6008566617965698
324,0.28015750646591187,0.8663948178291321,0.26606088876724243,-0.06666392087936401,0.5889232754707336,0.39469432830810547,-0.40253302454948425,0.4285079538822174,0.2801191806793213,-0.5895833969116211,0.2119462937116623,0.08796192705631256,-0.7488607168197632,0.06296135485172272,-0.014192339032888412,-0.20413798093795776,0.00771781150251627,0.03424825519323349,-0.32036882638931274,-0.2766411602497101,-0.05863219499588013,-0.4368453025817871,-0.4323365390300751,0.05851453170180321,-0.525026798248291,-0.6060838103294373,0.08986038714647293,-0.0011666737264022231,-0.0002585975162219256,-0.00029424921376630664,0.005265690851956606,-0.3656083643436432,0.013628851622343063,-0.10932163894176483,-0.5141672492027283,0.1955854892730713,-0.21129193902015686,-0.7038848996162415,0.21552148461341858,0.14969101548194885,0.04201642423868179,0.0646229088306427,0.20158898830413818,-0.27592623233795166,0.09932281821966171,0.1666446030139923,-0.4181100130081177,0.28799790143966675,0.06865103542804718,-0.6167746186256409,0.3737841844558716,0.3460347652435303,0.06126604229211807,0.16747792065143585,0.4371986985206604,-0.2254648357629776,0.2586142420768738,0.4432845115661621,-0.3103444576263428,0.4079674482345581,0.4030199944972992,-0.3996753692626953,0.5611890554428101
325,0.2810913324356079,0.8436191082000732,0.2809714674949646,-0.07324276864528656,0.5823439359664917,0.3851586580276489,-0.39617258310317993,0.4344806671142578,0.2596942186355591,-0.5841257572174072,0.22679626941680908,0.08080348372459412,-0.7567325234413147,0.07233963906764984,-0.019530009478330612,-0.20089519023895264,0.009325946681201458,0.04303047060966492,-0.3302556276321411,-0.2785365581512451,-0.07354366779327393,-0.4378400444984436,-0.4401220679283142,0.026810327544808388,-0.5365046262741089,-0.6384285688400269,0.027787014842033386,-0.001136906910687685,-0.0002588027564343065,-0.0002938255784101784,-0.004509248770773411,-0.36288315057754517,-0.004686054773628712,-0.11320704221725464,-0.5394659638404846,0.1539359837770462,-0.22776147723197937,-0.7609515190124512,0.1275470107793808,0.14716613292694092,0.04046882688999176,0.06460403650999069,0.20481926202774048,-0.27580976486206055,0.08484336733818054,0.1612858772277832,-0.4396640658378601,0.2529502511024475,0.05744093656539917,-0.6878365278244019,0.32163330912590027,0.341399610042572,0.06300635635852814,0.16407817602157593,0.44088608026504517,-0.22253552079200745,0.2469983696937561,0.4480671286582947,-0.32129549980163574,0.3884602189064026,0.39872637391090393,-0.4291326403617859,0.5450865030288696
326,0.2562209367752075,0.8468053340911865,0.31747013330459595,-0.07173680514097214,0.5729748010635376,0.380859375,-0.38554343581199646,0.43872228264808655,0.24338002502918243,-0.5687803030014038,0.2538850009441376,0.07472830265760422,-0.7535886764526367,0.09300021827220917,-0.03146585822105408,-0.19807642698287964,0.010940128937363625,0.04997635632753372,-0.3323747515678406,-0.2693839371204376,-0.07317589223384857,-0.4474921226501465,-0.4440465569496155,-0.0018941080197691917,-0.5400567054748535,-0.6527603268623352,-0.00818235520273447,-0.0011451330501586199,-0.0002710306434892118,-0.0002845585986506194,0.008128522895276546,-0.3645551800727844,-0.01685907319188118,-0.11061062663793564,-0.5533854365348816,0.13698741793632507,-0.2405652403831482,-0.7897229194641113,0.12746645510196686,0.14937952160835266,0.035013142973184586,0.06141328811645508,0.2078697383403778,-0.27971386909484863,0.08152099698781967,0.16595929861068726,-0.4464546740055084,0.24359828233718872,0.06398658454418182,-0.7228689789772034,0.31548959016799927,0.35231947898864746,0.06046608090400696,0.1652854084968567,0.44471848011016846,-0.21948975324630737,0.2446824014186859,0.4546251893043518,-0.322703093290329,0.3854883313179016,0.39586395025253296,-0.444134920835495,0.537305474281311
327,0.24224154651165009,0.8626932501792908,0.29186591506004333,-0.07548364996910095,0.5819106698036194,0.3664059638977051,-0.37623465061187744,0.45628154277801514,0.24516648054122925,-0.5595579147338867,0.2757278084754944,0.06471836566925049,-0.7544777393341064,0.11407172679901123,-0.029845211654901505,-0.2013993263244629,0.008481666445732117,0.053913116455078125,-0.3304283320903778,-0.2639285922050476,-0.06451920419931412,-0.4492998719215393,-0.43233662843704224,-0.0015802630223333836,-0.5534850358963013,-0.6495901346206665,0.01740984059870243,-0.001123286783695221,-0.00029922675457783043,-0.0002685640356503427,0.016328735277056694,-0.36429888010025024,-0.019396381452679634,-0.11338396370410919,-0.554097056388855,0.1418408900499344,-0.2647198438644409,-0.8031626343727112,0.1404798924922943,0.15349766612052917,0.03860294073820114,0.05601823329925537,0.20641463994979858,-0.2736126184463501,0.08629497140645981,0.16095413267612457,-0.44826948642730713,0.2503354549407959,0.06332875788211823,-0.7172168493270874,0.3480314016342163,0.35269051790237427,0.06810684502124786,0.16758450865745544,0.4438830614089966,-0.20630884170532227,0.2580818831920624,0.4553954601287842,-0.3035421371459961,0.4089288115501404,0.4015689492225647,-0.40786051750183105,0.5778792500495911
328,0.2554292380809784,0.8458824157714844,0.3277266025543213,-0.07754924893379211,0.572655200958252,0.4134179949760437,-0.38679802417755127,0.4271562099456787,0.2849631905555725,-0.53123939037323,0.25304579734802246,0.06665359437465668,-0.6766668558120728,0.11186188459396362,-0.06484189629554749,-0.19323831796646118,-0.0029358724132180214,0.03943284973502159,-0.30243244767189026,-0.26497557759284973,-0.07144708186388016,-0.42834457755088806,-0.4152431786060333,-0.004705925937741995,-0.5194899439811707,-0.6047812700271606,0.016417255625128746,-0.0012354180216789246,-0.00026373527362011373,-0.0002896830555982888,0.0480741411447525,-0.365786612033844,0.020205780863761902,-0.06762807816267014,-0.5220359563827515,0.21678513288497925,-0.2024642825126648,-0.7421796321868896,0.2684941291809082,0.15608376264572144,0.0495373010635376,0.046644434332847595,0.2233126163482666,-0.2563490569591522,0.10410884022712708,0.20597365498542786,-0.39211201667785645,0.3101462721824646,0.15498074889183044,-0.6068310737609863,0.4616425633430481,0.36256223917007446,0.0643017441034317,0.162980854511261,0.443828821182251,-0.17870599031448364,0.27102911472320557,0.46423086524009705,-0.2537861764431,0.42899245023727417,0.41388168931007385,-0.29775169491767883,0.5946788787841797
329,0.26254817843437195,0.8333404064178467,0.30982834100723267,-0.0881737768650055,0.5844388008117676,0.3912894129753113,-0.41405385732650757,0.4495689868927002,0.2601169943809509,-0.549560546875,0.2113989293575287,0.05364615470170975,-0.6693719625473022,0.07221510261297226,-0.07486312091350555,-0.18681180477142334,0.0186189915984869,0.011102105490863323,-0.29938459396362305,-0.2529776990413666,-0.104829803109169,-0.4075148105621338,-0.41469061374664307,-0.06373272836208344,-0.47105807065963745,-0.6019406914710999,-0.06773340702056885,-0.0012221444630995393,-0.0002177543065045029,-0.0002976021496579051,0.0566701665520668,-0.3678656816482544,0.013350950554013252,-0.027956616133451462,-0.5244562029838562,0.21259145438671112,-0.11920152604579926,-0.7203391790390015,0.3382268249988556,0.15929269790649414,0.045907750725746155,0.04210735112428665,0.2326056957244873,-0.2509797513484955,0.08431299775838852,0.22552752494812012,-0.3924381732940674,0.2959355115890503,0.18733489513397217,-0.5890884399414062,0.4810102581977844,0.3768916130065918,0.06167777627706528,0.15111543238162994,0.45689910650253296,-0.16887491941452026,0.24426394701004028,0.48609358072280884,-0.2587418258190155,0.3892504572868347,0.4718511700630188,-0.3250861167907715,0.5434949398040771
330,0.2752155363559723,0.8095223903656006,0.32604876160621643,-0.08285784721374512,0.5761202573776245,0.39452064037323,-0.43102797865867615,0.45679032802581787,0.23651975393295288,-0.5704083442687988,0.16785390675067902,0.05747026577591896,-0.6824313402175903,0.02636118419468403,-0.05692795664072037,-0.18371900916099548,0.02938941679894924,-0.0033070994541049004,-0.29518043994903564,-0.2473304271697998,-0.12400059401988983,-0.39637935161590576,-0.42331165075302124,-0.09581872820854187,-0.45522788166999817,-0.6239164471626282,-0.08874258399009705,-0.0010960688814520836,-0.00022997116320766509,-0.00028285098960623145,0.05507325008511543,-0.3690118193626404,0.0027032983489334583,-0.01697991043329239,-0.5356079339981079,0.18482361733913422,-0.07515004277229309,-0.7115923166275024,0.35190871357917786,0.16173973679542542,0.040098004043102264,0.040848422795534134,0.23956039547920227,-0.24694104492664337,0.06653386354446411,0.2350207269191742,-0.39524340629577637,0.2829020023345947,0.20860445499420166,-0.5948600769042969,0.4734542965888977,0.38438206911087036,0.05591384321451187,0.14419034123420715,0.4740104079246521,-0.16726139187812805,0.20802660286426544,0.5043845772743225,-0.27009886503219604,0.3551343083381653,0.5021187663078308,-0.3660687804222107,0.5086023211479187
331,0.29921987652778625,0.7985482215881348,0.30683037638664246,-0.06684549152851105,0.5705868601799011,0.4012133479118347,-0.4369553327560425,0.43132197856903076,0.2679123878479004,-0.5962119102478027,0.13537487387657166,0.09431780129671097,-0.7014086842536926,-0.016769278794527054,-0.014605589210987091,-0.18852466344833374,0.03574702888727188,-0.0028166163247078657,-0.28414228558540344,-0.24521693587303162,-0.12187997251749039,-0.373752236366272,-0.42334291338920593,-0.10800673067569733,-0.4204794764518738,-0.629759669303894,-0.09520605206489563,-0.0011372505687177181,-0.0002714744186960161,-0.0002904802095144987,0.044965945184230804,-0.3552296459674835,-0.025053009390830994,-0.009412613697350025,-0.5402109026908875,0.14804750680923462,-0.04717228561639786,-0.7103272676467896,0.3417515456676483,0.15893390774726868,0.03073306381702423,0.04394322633743286,0.23639607429504395,-0.2451825737953186,0.05046059936285019,0.2404593974351883,-0.4062800109386444,0.25296586751937866,0.23282647132873535,-0.6220079660415649,0.42156982421875,0.3836676776409149,0.0522739440202713,0.1495703160762787,0.4769894778728485,-0.18019142746925354,0.19075769186019897,0.5190709233283997,-0.2819225788116455,0.3218214213848114,0.521338701248169,-0.4008687734603882,0.4675556719303131
332,0.28460466861724854,0.8054482936859131,0.3294356167316437,-0.061624035239219666,0.5673136711120605,0.40876105427742004,-0.4450511634349823,0.4357169270515442,0.2806006669998169,-0.6154299974441528,0.10533389449119568,0.1254550814628601,-0.6879943609237671,-0.06838621199131012,0.04955662414431572,-0.1838514804840088,0.03871540725231171,-0.005988926626741886,-0.27578866481781006,-0.24535802006721497,-0.13653841614723206,-0.3402850031852722,-0.42692965269088745,-0.147028386592865,-0.38883739709854126,-0.6156818866729736,-0.10049203038215637,-0.0010960380313917994,-0.00026345631340518594,-0.000290311174467206,0.0431380569934845,-0.34992069005966187,-0.04613890126347542,-0.006264485418796539,-0.5412911176681519,0.11748780310153961,-0.03481437265872955,-0.7132495641708374,0.30690184235572815,0.1510033905506134,0.03262881562113762,0.04492881894111633,0.23456695675849915,-0.2441118359565735,0.04999689757823944,0.22550815343856812,-0.41763752698898315,0.22598642110824585,0.22669640183448792,-0.633310854434967,0.3967851400375366,0.3761550188064575,0.05536741018295288,0.14871224761009216,0.4674900770187378,-0.17697560787200928,0.19022268056869507,0.5150076150894165,-0.290439635515213,0.3029957413673401,0.5265979170799255,-0.4224337935447693,0.4417199492454529
333,0.2920506000518799,0.8316159844398499,0.254276305437088,-0.060857292264699936,0.5680854320526123,0.40945833921432495,-0.44312208890914917,0.415023535490036,0.31586021184921265,-0.6050139665603638,0.08398740738630295,0.11259248852729797,-0.6766200065612793,-0.08869487047195435,0.06093122810125351,-0.182930588722229,0.031499870121479034,-0.013781944289803505,-0.28230708837509155,-0.25000208616256714,-0.14275704324245453,-0.3540669083595276,-0.4299243688583374,-0.16501495242118835,-0.3949766159057617,-0.6040574908256531,-0.1863209307193756,-0.001229067798703909,-0.0002470421022735536,-0.00031256198417395353,0.04146655648946762,-0.3609579801559448,-0.03858695179224014,-0.007797613739967346,-0.5313814878463745,0.12570184469223022,-0.0319056510925293,-0.693204402923584,0.3243185877799988,0.1482830047607422,0.03777918219566345,0.04565967619419098,0.2324436902999878,-0.24377314746379852,0.06100106239318848,0.21970398724079132,-0.4070114195346832,0.2483138144016266,0.21760082244873047,-0.6119470596313477,0.4292875826358795,0.3684680759906769,0.06531531363725662,0.15187817811965942,0.4578934609889984,-0.16334602236747742,0.21313171088695526,0.5004497766494751,-0.2809186279773712,0.32438579201698303,0.5236966013908386,-0.41157111525535583,0.4674364924430847
334,0.2898929715156555,0.8464145064353943,0.22239360213279724,-0.0686236023902893,0.5732786059379578,0.40388354659080505,-0.4353537857532501,0.40110424160957336,0.3382294774055481,-0.604780912399292,0.08315170556306839,0.11122448742389679,-0.6661456227302551,-0.09816236793994904,0.0743134468793869,-0.1808968186378479,0.02635839581489563,-0.017879633232951164,-0.28565335273742676,-0.2551099956035614,-0.14301691949367523,-0.36052876710891724,-0.4303712546825409,-0.17097662389278412,-0.3965001106262207,-0.5933188199996948,-0.23462677001953125,-0.0012855073437094688,-0.0002337463229196146,-0.0003169132105540484,0.03932766616344452,-0.3638852834701538,-0.03404192626476288,-0.008404644206166267,-0.5264962911605835,0.12666326761245728,-0.025943394750356674,-0.6862242221832275,0.3198888301849365,0.1459861844778061,0.04042200371623039,0.04585402458906174,0.2297135293483734,-0.24461884796619415,0.06829226016998291,0.21422970294952393,-0.4005579352378845,0.2614767253398895,0.2074468731880188,-0.6084308624267578,0.43118709325790405,0.3648742139339447,0.07028068602085114,0.1531728059053421,0.45072537660598755,-0.15939632058143616,0.22582387924194336,0.48871782422065735,-0.28133106231689453,0.3336021304130554,0.5173819065093994,-0.4117443561553955,0.4783906936645508
335,0.29590654373168945,0.841128945350647,0.23240533471107483,-0.029131360352039337,0.5594972372055054,0.42681264877319336,-0.42467808723449707,0.37021106481552124,0.3425048887729645,-0.5645051002502441,0.07112323492765427,0.10441800206899643,-0.621424674987793,-0.12242040038108826,0.07072137296199799,-0.1758776307106018,0.018365254625678062,-0.031653814017772675,-0.28498202562332153,-0.2621119022369385,-0.14395280182361603,-0.35946473479270935,-0.42095375061035156,-0.21306496858596802,-0.37003597617149353,-0.5703357458114624,-0.23901593685150146,-0.0011547383619472384,-0.00019078468903899193,-0.00028257034136913717,0.02766745164990425,-0.36574769020080566,-0.02035343460738659,-0.02670760080218315,-0.505801260471344,0.11884026229381561,-0.04860057309269905,-0.6627281904220581,0.2909306287765503,0.14729520678520203,0.036893732845783234,0.05093420296907425,0.2125571370124817,-0.24909719824790955,0.08522601425647736,0.17091907560825348,-0.40137308835983276,0.272118479013443,0.17338229715824127,-0.6166772842407227,0.4241907000541687,0.3590748608112335,0.06781335920095444,0.16315211355686188,0.4391145706176758,-0.17798089981079102,0.23142307996749878,0.46865659952163696,-0.2913500666618347,0.34964507818222046,0.49588581919670105,-0.4212852716445923,0.4916173815727234
336,0.295157253742218,0.8453030586242676,0.24942034482955933,-0.024227185174822807,0.5647107362747192,0.43754786252975464,-0.4120604693889618,0.3410947322845459,0.3499720096588135,-0.5470654368400574,0.04258577153086662,0.11882507801055908,-0.6150261759757996,-0.1282264143228531,0.05868672579526901,-0.17091718316078186,0.01805301569402218,-0.04731480032205582,-0.23961791396141052,-0.28665924072265625,-0.08656621724367142,-0.3666214942932129,-0.4048736095428467,-0.20907145738601685,-0.38547611236572266,-0.536785364151001,-0.2416265308856964,-0.0011029663728550076,-0.00015101625467650592,-0.0002820221125148237,0.010842125862836838,-0.3678659200668335,0.0039539821445941925,-0.055335842072963715,-0.48342275619506836,0.15350934863090515,-0.09039513021707535,-0.6135601997375488,0.31846898794174194,0.14569146931171417,0.041323088109493256,0.05531615391373634,0.1979723572731018,-0.2460140734910965,0.10960137844085693,0.141934335231781,-0.39658960700035095,0.29676979780197144,0.1492910087108612,-0.6080686450004578,0.4683854579925537,0.34795722365379333,0.06955728679895401,0.1738564521074295,0.43278974294662476,-0.17454779148101807,0.2524140775203705,0.45720523595809937,-0.28081458806991577,0.38637417554855347,0.4661298096179962,-0.39919787645339966,0.5420132875442505
337,0.2821885645389557,0.8614747524261475,0.24512699246406555,-0.02520698867738247,0.5740377902984619,0.4404127597808838,-0.40661144256591797,0.3421555757522583,0.3417831063270569,-0.5322631597518921,0.06180167198181152,0.11327186971902847,-0.5926275849342346,-0.08824923634529114,0.02672862820327282,-0.17127731442451477,0.02136533334851265,-0.0639512836933136,-0.2622886896133423,-0.26867324113845825,-0.07767117768526077,-0.37842658162117004,-0.3702191710472107,-0.13571643829345703,-0.3996046185493469,-0.4597029685974121,-0.18573881685733795,-0.000987188657745719,-0.0001547207502881065,-0.0002749766572378576,-0.014409633353352547,-0.35968151688575745,0.05492813140153885,-0.07596645504236221,-0.42964455485343933,0.24165473878383636,-0.15092189610004425,-0.48497509956359863,0.3768228590488434,0.14979375898838043,0.04152800887823105,0.06494849175214767,0.1637285202741623,-0.24542713165283203,0.15904054045677185,0.11778009682893753,-0.3408624529838562,0.36978769302368164,0.09327235072851181,-0.4127882421016693,0.4906277060508728,0.3474358320236206,0.07932038605213165,0.18328429758548737,0.41468697786331177,-0.1603112518787384,0.29950839281082153,0.42423760890960693,-0.25748342275619507,0.44532832503318787,0.43701690435409546,-0.36571401357650757,0.6002609133720398
338,0.25832483172416687,0.8814988732337952,0.2536604106426239,-0.05408579111099243,0.5908628702163696,0.42655497789382935,-0.41308143734931946,0.3661767244338989,0.3382483720779419,-0.5405400395393372,0.07565826177597046,0.09664328396320343,-0.6218093633651733,-0.072560153901577,0.09429839998483658,-0.1856931746006012,0.03467186912894249,-0.05852231755852699,-0.28191250562667847,-0.25010916590690613,-0.02801547572016716,-0.3892093300819397,-0.32459795475006104,0.017866753041744232,-0.43013057112693787,-0.4024810791015625,0.017965272068977356,-0.0009311982430517673,-0.00013087647676002234,-0.00026181121938861907,-0.03900458291172981,-0.33512210845947266,0.13138359785079956,-0.10988704860210419,-0.33684056997299194,0.31872108578681946,-0.18306121230125427,-0.3648201525211334,0.4722899794578552,0.1531551331281662,0.03548875451087952,0.07638436555862427,0.128540500998497,-0.2321394383907318,0.21360543370246887,0.06354381144046783,-0.29341962933540344,0.4353969693183899,0.059729792177677155,-0.24682004749774933,0.4971792697906494,0.3374333381652832,0.07119516283273697,0.20143285393714905,0.3653466999530792,-0.16810497641563416,0.36565327644348145,0.37392792105674744,-0.22943860292434692,0.5105711221694946,0.36224836111068726,-0.27235883474349976,0.6526039838790894
339,0.240818053483963,0.8985055685043335,0.2473297417163849,-0.07884678244590759,0.6028239727020264,0.41155385971069336,-0.42275112867355347,0.37768957018852234,0.339957594871521,-0.543610155582428,0.08444838970899582,0.0849120020866394,-0.6418779492378235,-0.06269028782844543,0.12482661753892899,-0.1970803439617157,0.03989310562610626,-0.05057637393474579,-0.29188311100006104,-0.24242103099822998,0.007576415315270424,-0.39355385303497314,-0.3029939532279968,0.11684384196996689,-0.45332765579223633,-0.3695753216743469,0.1636640727519989,-0.0009234758326783776,-0.00013085035607218742,-0.00025429175002500415,-0.04700290411710739,-0.3191370964050293,0.17867901921272278,-0.12463944405317307,-0.2817971408367157,0.3669123947620392,-0.1944093406200409,-0.2835875153541565,0.5206481218338013,0.15662768483161926,0.03433087840676308,0.08038949966430664,0.11207874119281769,-0.22289712727069855,0.242254376411438,0.03625044971704483,-0.2640990912914276,0.4768218994140625,0.03835258632898331,-0.15619312226772308,0.503262996673584,0.33341848850250244,0.07464002072811127,0.20849935710430145,0.345853328704834,-0.17065969109535217,0.3958582282066345,0.35490143299102783,-0.20650704205036163,0.5430850386619568,0.36856189370155334,-0.2661641538143158,0.6805373430252075
340,0.22638097405433655,0.9037594795227051,0.25518709421157837,-0.09624434262514114,0.6043380498886108,0.42489486932754517,-0.44666728377342224,0.3783072233200073,0.34247922897338867,-0.5865190029144287,0.08152299374341965,0.1209801658987999,-0.6852846145629883,-0.08036381751298904,0.12768420577049255,-0.20415814220905304,0.03971968591213226,-0.03596189245581627,-0.2999612092971802,-0.26009565591812134,0.04542776942253113,-0.403596967458725,-0.3397164046764374,0.13880077004432678,-0.47336167097091675,-0.40710800886154175,0.21781456470489502,-0.0009448679629713297,-0.00019078435434494168,-0.0002465410507284105,-0.040935106575489044,-0.34011131525039673,0.1613527536392212,-0.10344554483890533,-0.3454645276069641,0.36658453941345215,-0.1504950225353241,-0.3855856657028198,0.5476166009902954,0.15991520881652832,0.03645706549286842,0.07116322964429855,0.13804452121257782,-0.2342812716960907,0.2225816249847412,0.07088524103164673,-0.29717057943344116,0.460227906703949,0.08010856807231903,-0.2781370282173157,0.5624737739562988,0.34213894605636597,0.08157448470592499,0.19401589035987854,0.37275904417037964,-0.19496771693229675,0.36040961742401123,0.39523279666900635,-0.23273184895515442,0.5052075386047363,0.41621896624565125,-0.29645565152168274,0.6541224718093872
341,0.24591782689094543,0.8747910261154175,0.2725597023963928,-0.08499190956354141,0.5952425003051758,0.42480701208114624,-0.4074462652206421,0.3966168463230133,0.33587005734443665,-0.596701979637146,0.1325988471508026,0.09821459650993347,-0.7283920645713806,-0.01131514087319374,0.02385183423757553,-0.20555487275123596,0.020760225132107735,-0.010377067141234875,-0.28838691115379333,-0.27061912417411804,-0.02046038582921028,-0.4038463830947876,-0.38340330123901367,0.07628277689218521,-0.5133165121078491,-0.5048559308052063,0.1365291029214859,-0.0010799241717904806,-0.00019908676040358841,-0.0002648183726705611,-0.02684463933110237,-0.3545285165309906,0.08573535829782486,-0.13861846923828125,-0.4451485276222229,0.2556544244289398,-0.2407674789428711,-0.5671017169952393,0.38629409670829773,0.15935127437114716,0.04300042986869812,0.0628996416926384,0.17877015471458435,-0.25460073351860046,0.16333216428756714,0.10517425090074539,-0.36634886264801025,0.3862326145172119,0.033923808485269547,-0.4595703184604645,0.48803356289863586,0.3447917699813843,0.09247083961963654,0.17950628697872162,0.3875427842140198,-0.20309767127037048,0.32140183448791504,0.4021306335926056,-0.2682570815086365,0.4749091565608978,0.39471012353897095,-0.31265172362327576,0.6352933645248413
342,0.24660849571228027,0.877269983291626,0.22084708511829376,-0.09069646894931793,0.6233259439468384,0.3352389335632324,-0.38325968384742737,0.4312097430229187,0.32359689474105835,-0.6383730173110962,0.16018003225326538,0.10332053899765015,-0.7910063862800598,0.028330689296126366,0.013068102300167084,-0.20224367082118988,0.011650993488729,0.0184394009411335,-0.30210548639297485,-0.26634877920150757,-0.03592183068394661,-0.4141358733177185,-0.423552930355072,0.012477880343794823,-0.5260149836540222,-0.6033596992492676,0.027824632823467255,-0.0010794291738420725,-0.0002460542891640216,-0.0002838738146238029,-0.023845834657549858,-0.3585294485092163,0.03114536590874195,-0.14660513401031494,-0.5103705525398254,0.12609118223190308,-0.19932511448860168,-0.7008857727050781,0.09563803672790527,0.15830564498901367,0.038828231394290924,0.0565638393163681,0.19169563055038452,-0.2649775743484497,0.12687820196151733,0.1331673115491867,-0.4241020679473877,0.27447396516799927,0.06887278705835342,-0.6161030530929565,0.36929941177368164,0.37729668617248535,0.08163885772228241,0.15276481211185455,0.4214046895503998,-0.1892802119255066,0.26433634757995605,0.43916845321655273,-0.28692469000816345,0.42219656705856323,0.4397064447402954,-0.381150484085083,0.5833637118339539
343,0.25058794021606445,0.8832752108573914,0.19154271483421326,-0.09243792295455933,0.6328863501548767,0.29358765482902527,-0.38175150752067566,0.44908708333969116,0.3041910231113434,-0.6576559543609619,0.16592562198638916,0.11645526438951492,-0.8606244325637817,0.05442430078983307,-0.03148001432418823,-0.2093832939863205,0.022706035524606705,0.015055373311042786,-0.29786887764930725,-0.26210373640060425,-0.06180991604924202,-0.402155339717865,-0.4506964683532715,-0.03849821165204048,-0.5178250670433044,-0.6659433841705322,-0.07113990187644958,-0.0009944401681423187,-0.00030676001915708184,-0.00029923528200015426,-0.014487233012914658,-0.355175256729126,0.01120691280812025,-0.12766823172569275,-0.5539067983627319,0.030143368989229202,-0.14197193086147308,-0.7685244083404541,-0.14375007152557373,0.15543794631958008,0.0328337624669075,0.045217469334602356,0.19521832466125488,-0.2708020806312561,0.0967734307050705,0.1522790938615799,-0.45938655734062195,0.18292896449565887,0.10494617372751236,-0.7128129005432129,0.2543327808380127,0.38357269763946533,0.059311576187610626,0.1350051909685135,0.4502926468849182,-0.20073330402374268,0.22262988984584808,0.4771503210067749,-0.30803048610687256,0.3777619004249573,0.47296035289764404,-0.4360218048095703,0.5252639055252075
344,0.25784382224082947,0.8888181447982788,0.12470782548189163,-0.08728855848312378,0.6516400575637817,0.24201524257659912,-0.3925318121910095,0.4644237756729126,0.29958319664001465,-0.6318554878234863,0.2162671983242035,0.10662263631820679,-0.8960936069488525,0.08786320686340332,-0.07338055968284607,-0.19582852721214294,0.014867632649838924,0.025050852447748184,-0.29854315519332886,-0.27074766159057617,-0.053414829075336456,-0.41358786821365356,-0.4767894148826599,-0.05811949819326401,-0.49104177951812744,-0.7248169183731079,-0.09445979446172714,-0.0010127847781404853,-0.0003360002301633358,-0.0003226337721571326,-0.01341331284493208,-0.3589249849319458,-0.0035244091413915157,-0.12037727236747742,-0.5873632431030273,-0.01321471855044365,-0.1287509649991989,-0.8070887327194214,-0.2776201367378235,0.1521649956703186,0.019283320754766464,0.04859783500432968,0.19747532904148102,-0.284989595413208,0.08228648453950882,0.1637515127658844,-0.4807223081588745,0.1352394074201584,0.1281505525112152,-0.7725925445556641,0.188465416431427,0.38621020317077637,0.044170886278152466,0.13103768229484558,0.47325336933135986,-0.2059316635131836,0.19656862318515778,0.4984637498855591,-0.33777961134910583,0.33425313234329224,0.4929999113082886,-0.4678902328014374,0.47083473205566406
345,0.2778000831604004,0.8790216445922852,0.11459311097860336,-0.11084633320569992,0.6389662027359009,0.27334344387054443,-0.4021238088607788,0.4680407643318176,0.28823524713516235,-0.637718677520752,0.21163029968738556,0.07582630962133408,-0.9279080629348755,0.09355702996253967,-0.10210312902927399,-0.18919257819652557,0.0032085776329040527,0.03471120446920395,-0.29977947473526,-0.2720145583152771,-0.07175317406654358,-0.42121368646621704,-0.49207186698913574,-0.08982233703136444,-0.4908389449119568,-0.7451249361038208,-0.13380858302116394,-0.001059757312759757,-0.0003464071487542242,-0.0003507285437081009,-0.009519633837044239,-0.3508874177932739,-0.026333151385188103,-0.10994547605514526,-0.5893617868423462,-0.05960732325911522,-0.11690007150173187,-0.8446756601333618,-0.29473748803138733,0.14023332297801971,0.012009805999696255,0.05053149163722992,0.18684053421020508,-0.28503668308258057,0.055732615292072296,0.16292449831962585,-0.4941670894622803,0.08923880755901337,0.15104350447654724,-0.8042703866958618,0.11823499947786331,0.36839795112609863,0.041204504668712616,0.1243683397769928,0.4771243929862976,-0.21784552931785583,0.16782410442829132,0.49402105808258057,-0.36852341890335083,0.28091955184936523,0.4883590638637543,-0.5088218450546265,0.40415939688682556
346,0.26332271099090576,0.8774706721305847,0.12395159900188446,-0.12178239226341248,0.6435096263885498,0.20925787091255188,-0.4108659625053406,0.4892095625400543,0.26523637771606445,-0.6420149803161621,0.24169878661632538,0.06084222346544266,-0.9435116052627563,0.09721322357654572,-0.13591864705085754,-0.1898224949836731,0.0054430291056632996,0.04298386350274086,-0.2988240420818329,-0.28279149532318115,-0.0727573037147522,-0.4276251792907715,-0.5107865333557129,-0.09771876037120819,-0.5061478614807129,-0.7564889192581177,-0.14192885160446167,-0.001127489609643817,-0.00040307268500328064,-0.00036665346124209464,-0.012071643024682999,-0.34841686487197876,-0.04099002480506897,-0.10713627934455872,-0.6035376787185669,-0.08901765942573547,-0.06718958169221878,-0.8197349309921265,-0.41220495104789734,0.14100533723831177,0.01137345191091299,0.05624571442604065,0.19232536852359772,-0.29366791248321533,0.047062329947948456,0.14778557419776917,-0.5211426019668579,0.007345914840698242,0.16843357682228088,-0.8136793375015259,0.005666900426149368,0.3596106171607971,0.0404275506734848,0.1249360516667366,0.491333544254303,-0.22501495480537415,0.14214175939559937,0.5166602730751038,-0.37211722135543823,0.23708829283714294,0.5156279802322388,-0.5246083736419678,0.3520280718803406
347,0.26794248819351196,0.8825875520706177,0.11014977097511292,-0.1199815422296524,0.6622636318206787,0.16893446445465088,-0.4154689908027649,0.5020886063575745,0.25806576013565063,-0.6377584934234619,0.2622036337852478,0.05582262575626373,-0.9328222274780273,0.13762319087982178,-0.13148246705532074,-0.18654745817184448,0.0055020647123456,0.04898737370967865,-0.3021962344646454,-0.2775619924068451,-0.07263138145208359,-0.4354875385761261,-0.5162095427513123,-0.12620308995246887,-0.5065779685974121,-0.767635703086853,-0.14702168107032776,-0.0011790208518505096,-0.0004149817686993629,-0.000361083191819489,-0.01369326002895832,-0.3546997308731079,-0.06401783227920532,-0.10740868747234344,-0.6137310266494751,-0.11768200993537903,-0.08565867692232132,-0.8336386680603027,-0.4215877056121826,0.139998197555542,0.01034585665911436,0.0517396405339241,0.19638624787330627,-0.28887486457824707,0.02964288368821144,0.15304133296012878,-0.5248606204986572,-0.005894320085644722,0.18189796805381775,-0.8285980224609375,-0.021914932876825333,0.34553205966949463,0.03936713561415672,0.12758009135723114,0.49119269847869873,-0.22465211153030396,0.12490225583314896,0.5264385938644409,-0.3700845241546631,0.20120200514793396,0.5163220763206482,-0.5388351678848267,0.32001858949661255
348,0.26790833473205566,0.8832889795303345,0.12448452413082123,-0.12611375749111176,0.6712101697921753,0.16090793907642365,-0.4175233244895935,0.5105793476104736,0.24324959516525269,-0.6266459226608276,0.2541159391403198,0.026574093848466873,-0.926968514919281,0.15574845671653748,-0.13227054476737976,-0.1889653205871582,0.008948642760515213,0.04771982878446579,-0.30698683857917786,-0.2796440124511719,-0.0673053115606308,-0.44621819257736206,-0.5228176116943359,-0.13639017939567566,-0.5068963170051575,-0.7652008533477783,-0.15567845106124878,-0.00119436823297292,-0.00038988105370663106,-0.0003622375661507249,-0.015175245702266693,-0.35287564992904663,-0.07674431800842285,-0.10973326861858368,-0.6181341409683228,-0.1416623592376709,-0.08861374855041504,-0.8474206924438477,-0.44075852632522583,0.13947294652462006,0.011093828827142715,0.050612978637218475,0.19683623313903809,-0.2876048982143402,0.018597928807139397,0.156948059797287,-0.5308595895767212,-0.013561204075813293,0.193902850151062,-0.8433381915092468,-0.05560095235705376,0.34328192472457886,0.040678780525922775,0.13265767693519592,0.490407258272171,-0.22770175337791443,0.11706864833831787,0.5305682420730591,-0.3741927742958069,0.18211686611175537,0.5107952356338501,-0.5539249777793884,0.2966175675392151
349,0.29631417989730835,0.8755866885185242,0.13551893830299377,-0.13494552671909332,0.637814462184906,0.1923196017742157,-0.41654467582702637,0.4886741042137146,0.23253054916858673,-0.6174353361129761,0.2586103081703186,0.018648836761713028,-0.9233493804931641,0.15842029452323914,-0.15671241283416748,-0.1892991065979004,0.0011138180270791054,0.04249604791402817,-0.2906244993209839,-0.2817167341709137,-0.09682079404592514,-0.4300331175327301,-0.5216044783592224,-0.16169637441635132,-0.49442222714424133,-0.7661365270614624,-0.19511181116104126,-0.0011449529556557536,-0.0004229229234624654,-0.000363750325050205,-0.009941411204636097,-0.34697428345680237,-0.07306022942066193,-0.10002948343753815,-0.6202760934829712,-0.14591413736343384,-0.0522693395614624,-0.8119566440582275,-0.49474698305130005,0.12767647206783295,0.009251166135072708,0.05138171464204788,0.20810644328594208,-0.27697503566741943,0.009905348531901836,0.14362984895706177,-0.5447667241096497,-0.07555306702852249,0.20569732785224915,-0.8353407979011536,-0.12442377209663391,0.3400830030441284,0.043781526386737823,0.12987637519836426,0.4820452332496643,-0.22739189863204956,0.11401304602622986,0.5285764336585999,-0.37137582898139954,0.17023804783821106,0.5148076415061951,-0.538641631603241,0.29003939032554626
350,0.29517799615859985,0.8812998533248901,0.13144774734973907,-0.12866820394992828,0.6424700021743774,0.2197444885969162,-0.39011842012405396,0.4831768870353699,0.24093228578567505,-0.6140232682228088,0.25309187173843384,0.04805058613419533,-0.9430767893791199,0.13376444578170776,-0.17043036222457886,-0.19079643487930298,-0.0002377304481342435,0.046478141099214554,-0.29628482460975647,-0.27542805671691895,-0.09929944574832916,-0.42210566997528076,-0.5194193124771118,-0.15962083637714386,-0.48674899339675903,-0.7589501142501831,-0.2226119339466095,-0.0012028554920107126,-0.0003861895820591599,-0.00038808799581602216,-0.014447914436459541,-0.3506966233253479,-0.08898692578077316,-0.09662438929080963,-0.6131891012191772,-0.1758410483598709,-0.060406435281038284,-0.8351802825927734,-0.44855090975761414,0.1266695111989975,0.010999809950590134,0.05614268034696579,0.2053908109664917,-0.2749277651309967,0.004975765477865934,0.14884892106056213,-0.5385414958000183,-0.08011031150817871,0.20933812856674194,-0.8309094309806824,-0.15325875580310822,0.335834264755249,0.051436811685562134,0.1360442340373993,0.4784203767776489,-0.23139962553977966,0.11708813905715942,0.5287083387374878,-0.38494396209716797,0.16103868186473846,0.5283613204956055,-0.5565261840820312,0.2680653929710388
351,0.29861998558044434,0.8599821329116821,0.18792423605918884,-0.1454792320728302,0.6182291507720947,0.27394503355026245,-0.384356826543808,0.46380603313446045,0.2548369765281677,-0.6119154691696167,0.2527713179588318,0.051098212599754333,-0.9382098913192749,0.11093215644359589,-0.16713489592075348,-0.18570071458816528,-0.009168827906250954,0.04979662597179413,-0.29379838705062866,-0.27781349420547485,-0.10489001870155334,-0.4192351698875427,-0.513103723526001,-0.1763382852077484,-0.48099207878112793,-0.7569485902786255,-0.2743464708328247,-0.0011806192342191935,-0.00035735813435167074,-0.0003905622288584709,-0.012644113972783089,-0.34817802906036377,-0.07787085324525833,-0.08027297258377075,-0.6022006273269653,-0.15454836189746857,-0.045672204345464706,-0.8365098237991333,-0.4617817997932434,0.1190294474363327,0.007252307143062353,0.05394844710826874,0.20387569069862366,-0.2731122672557831,0.0012458661803975701,0.14949291944503784,-0.5381094813346863,-0.0803942084312439,0.22211620211601257,-0.8197343349456787,-0.170809805393219,0.3470301628112793,0.05108671635389328,0.12397922575473785,0.4727826416492462,-0.23731550574302673,0.10543897747993469,0.5248286724090576,-0.3855690360069275,0.14713558554649353,0.5337561964988708,-0.5750623941421509,0.22466221451759338
352,0.3029690682888031,0.8507359623908997,0.22453151643276215,-0.14757320284843445,0.6087801456451416,0.3115091621875763,-0.3779532313346863,0.45409730076789856,0.2669980525970459,-0.6025525331497192,0.2583375871181488,0.06232413649559021,-0.940945029258728,0.09966138005256653,-0.17313693463802338,-0.17857626080513,-0.010500825941562653,0.05512867122888565,-0.287760853767395,-0.28053033351898193,-0.1004989892244339,-0.4220238924026489,-0.508991003036499,-0.1783638298511505,-0.47823262214660645,-0.7521370649337769,-0.2885391116142273,-0.0011842662934213877,-0.00035283889155834913,-0.0003944619675166905,-0.009070375934243202,-0.34566330909729004,-0.0789705216884613,0.00920986756682396,-0.594791054725647,-0.1587587594985962,-0.04272613674402237,-0.8281455636024475,-0.47416138648986816,0.1191435381770134,0.006157621741294861,0.04939538985490799,0.20424747467041016,-0.2702435553073883,-0.011508417315781116,0.1493741273880005,-0.5436419248580933,-0.1233193427324295,0.21357190608978271,-0.8030503988265991,-0.21211954951286316,0.3512280583381653,0.050991788506507874,0.11433984339237213,0.4771864116191864,-0.22684799134731293,0.10323338210582733,0.5232449769973755,-0.3880921006202698,0.13226433098316193,0.5274935960769653,-0.5539931654930115,0.22748425602912903
353,0.3161621689796448,0.8313363790512085,0.2473493218421936,-0.1484784632921219,0.6031519174575806,0.3278224468231201,-0.37028968334198,0.47164735198020935,0.26936227083206177,-0.5992571115493774,0.26146775484085083,0.06307517737150192,-0.9357038736343384,0.11011768877506256,-0.18539440631866455,-0.1758701205253601,-0.009187578223645687,0.06052311137318611,-0.277823269367218,-0.2788645625114441,-0.10104051232337952,-0.41606128215789795,-0.4976823329925537,-0.1839669942855835,-0.48414134979248047,-0.771622359752655,-0.2600661516189575,-0.001266420353204012,-0.00033914344385266304,-0.00039237478631548584,-0.004338657949119806,-0.3363584578037262,-0.07766004651784897,-0.01288459450006485,-0.5842183828353882,-0.15436114370822906,-0.02973056584596634,-0.8303942680358887,-0.430303156375885,0.123508021235466,0.012182274833321571,0.04594912379980087,0.21360363066196442,-0.2662770748138428,-0.013054586946964264,0.15082713961601257,-0.5399742126464844,-0.13085681200027466,0.20735982060432434,-0.7917971611022949,-0.22050964832305908,0.3486466407775879,0.056660354137420654,0.1037711575627327,0.48967278003692627,-0.20747515559196472,0.11183661222457886,0.5329177379608154,-0.37254419922828674,0.14763836562633514,0.5336701273918152,-0.535069465637207,0.26111677289009094
354,0.3196181654930115,0.8236807584762573,0.26210343837738037,-0.15371328592300415,0.6063880920410156,0.3351942300796509,-0.3832142949104309,0.46697044372558594,0.266722172498703,-0.6008886098861694,0.2639700770378113,0.05309005081653595,-0.9408704042434692,0.10138467699289322,-0.18326358497142792,-0.1799938678741455,-0.006313657388091087,0.06042352691292763,-0.27398449182510376,-0.27553999423980713,-0.106812983751297,-0.41166603565216064,-0.4895198345184326,-0.1911860704421997,-0.4825447201728821,-0.7709594368934631,-0.26383987069129944,-0.0013277006801217794,-0.0003457798738963902,-0.0003889909712597728,-0.0037879846058785915,-0.3345823884010315,-0.0723038986325264,-0.026377009227871895,-0.583257794380188,-0.1416066437959671,-0.03750116005539894,-0.8344870805740356,-0.36504220962524414,0.13076910376548767,0.014815209433436394,0.04632783681154251,0.2172239124774933,-0.26651468873023987,-0.010590576566755772,0.15468794107437134,-0.5384060144424438,-0.11630727350711823,0.20740234851837158,-0.7870041131973267,-0.21858224272727966,0.34981000423431396,0.06157084181904793,0.10158330202102661,0.5010330080986023,-0.1917751133441925,0.11860386282205582,0.5407976508140564,-0.3610001802444458,0.16596665978431702,0.5361720323562622,-0.5245117545127869,0.2899002134799957
355,0.3185153007507324,0.8169432878494263,0.2847880721092224,-0.11960095167160034,0.6208625435829163,0.2832110524177551,-0.3729698359966278,0.4783579707145691,0.2680971324443817,-0.5994864702224731,0.2639911472797394,0.055575866252183914,-0.9466148018836975,0.09176778048276901,-0.1860472559928894,-0.1814224123954773,-0.00804215669631958,0.06270182132720947,-0.26974523067474365,-0.28005126118659973,-0.10347680747509003,-0.41040050983428955,-0.4902341365814209,-0.17721575498580933,-0.4916962683200836,-0.7584604620933533,-0.2559048533439636,-0.0013545623514801264,-0.0003537528682500124,-0.0003900534939020872,-0.010162157006561756,-0.3394148349761963,-0.06726863980293274,-0.03593125939369202,-0.5893421173095703,-0.1234780102968216,-0.04137643054127693,-0.8311572074890137,-0.3957429528236389,0.13227716088294983,0.0178291667252779,0.043636783957481384,0.19961872696876526,-0.2784256041049957,-0.003579161362722516,0.1503494679927826,-0.5412362813949585,-0.10575228929519653,0.2018584907054901,-0.7929515838623047,-0.21549823880195618,0.3496650755405426,0.06309658288955688,0.10404188930988312,0.4875452220439911,-0.20080870389938354,0.1171768456697464,0.535270631313324,-0.3607809543609619,0.1640165150165558,0.5289602875709534,-0.5234657526016235,0.2927827537059784
356,0.31875523924827576,0.8142197132110596,0.2927324175834656,-0.10141345858573914,0.6344377994537354,0.2509928345680237,-0.36833131313323975,0.4884434938430786,0.2690041959285736,-0.6014355421066284,0.2624334990978241,0.06226612627506256,-0.947385311126709,0.08738256990909576,-0.19673912227153778,-0.18447795510292053,-0.008491015061736107,0.06484255194664001,-0.270455539226532,-0.2807843089103699,-0.09953074902296066,-0.411512553691864,-0.4894973337650299,-0.1691334843635559,-0.4997299015522003,-0.7521295547485352,-0.25130119919776917,-0.0013676421949639916,-0.0003731008036993444,-0.00038851023418828845,-0.014127629809081554,-0.34292691946029663,-0.060472115874290466,-0.04229743778705597,-0.5916009545326233,-0.10454408079385757,-0.04375288262963295,-0.8293332457542419,-0.4088197350502014,0.134171262383461,0.01838669553399086,0.04067127779126167,0.19103461503982544,-0.2846802771091461,-0.001230032998137176,0.14998090267181396,-0.5414140820503235,-0.10014252364635468,0.19806602597236633,-0.7931109666824341,-0.21550478041172028,0.3514418303966522,0.06512384116649628,0.10291209816932678,0.48215460777282715,-0.20451286435127258,0.11339172720909119,0.5349600315093994,-0.36037588119506836,0.15809276700019836,0.5252165794372559,-0.5233136415481567,0.285246878862381
357,0.3262717127799988,0.8154901266098022,0.28235405683517456,-0.09058607369661331,0.6489679217338562,0.20941415429115295,-0.3625747561454773,0.49535390734672546,0.26219961047172546,-0.6015886068344116,0.2620922923088074,0.07279276847839355,-0.9469654560089111,0.10310220718383789,-0.18538740277290344,-0.18776997923851013,-0.0070718517526984215,0.05854365974664688,-0.27833035588264465,-0.27648085355758667,-0.0981045663356781,-0.41947853565216064,-0.5001707077026367,-0.1499042809009552,-0.4932069778442383,-0.7776064276695251,-0.2318897843360901,-0.0013479114277288318,-0.000394066417356953,-0.00039051088970154524,-0.01997421309351921,-0.3471474051475525,-0.05799855291843414,0.02636743150651455,-0.5943773984909058,-0.11697833240032196,-0.037798285484313965,-0.8583208322525024,-0.3445280194282532,0.12887273728847504,0.011511065065860748,0.04413297772407532,0.17628487944602966,-0.2937021851539612,0.0030199564062058926,0.14654850959777832,-0.5503188967704773,-0.10379692912101746,0.1961720883846283,-0.8110370635986328,-0.218115895986557,0.3499128222465515,0.06231127679347992,0.10498327761888504,0.48588693141937256,-0.2083853781223297,0.1094822883605957,0.5298473834991455,-0.3743012845516205,0.14538785815238953,0.5185361504554749,-0.5360547304153442,0.25009435415267944
358,0.3232782483100891,0.8192410469055176,0.27211928367614746,-0.09297791868448257,0.6615704298019409,0.1911221295595169,-0.368301659822464,0.5090726017951965,0.2582724094390869,-0.6092138886451721,0.27191126346588135,0.0655132383108139,-0.9515275955200195,0.11523345857858658,-0.21271854639053345,-0.19060018658638,-0.0056492043659091,0.061554670333862305,-0.28957632184028625,-0.27715378999710083,-0.08314016461372375,-0.42508864402770996,-0.506511926651001,-0.12013831734657288,-0.5013911128044128,-0.7922414541244507,-0.20033489167690277,-0.0013425983488559723,-0.00047738233115524054,-0.0003883387544192374,-0.01854075863957405,-0.3513776659965515,-0.061296045780181885,-0.02349831908941269,-0.6080846190452576,-0.11272283643484116,-0.03078407049179077,-0.8387140035629272,-0.4231376051902771,0.1332220733165741,0.010874360799789429,0.04269421473145485,0.1766379177570343,-0.2940555214881897,-0.007462556939572096,0.1433352828025818,-0.5545406937599182,-0.13030081987380981,0.1927359402179718,-0.8169770240783691,-0.2184511125087738,0.3595404028892517,0.0678078904747963,0.10176055133342743,0.4884931147098541,-0.2133520394563675,0.10557438433170319,0.5385869145393372,-0.36291736364364624,0.1269945502281189,0.514498770236969,-0.5448586344718933,0.18296194076538086
359,0.31301456689834595,0.8273649215698242,0.2704707086086273,-0.0974244475364685,0.6603623628616333,0.1976810097694397,-0.3748382329940796,0.5080116391181946,0.2584052085876465,-0.6108132004737854,0.2779720723628998,0.06359003484249115,-0.9431660175323486,0.11796427518129349,-0.20640918612480164,-0.19217991828918457,-0.005609617102891207,0.061070170253515244,-0.30587106943130493,-0.26850494742393494,-0.07266519218683243,-0.4262027442455292,-0.5059888958930969,-0.120572529733181,-0.5050548911094666,-0.7990729212760925,-0.20688936114311218,-0.0012946842471137643,-0.00046504990314133465,-0.00038474873872473836,-0.01951524242758751,-0.35304540395736694,-0.06632760167121887,-0.0517561212182045,-0.6136970520019531,-0.12674590945243835,-0.03320135176181793,-0.8249812126159668,-0.4631858170032501,0.1310935914516449,0.006235077045857906,0.04537190869450569,0.20260988175868988,-0.2820742428302765,-0.006087779067456722,0.14101257920265198,-0.5562827587127686,-0.1395675539970398,0.18813633918762207,-0.8154290914535522,-0.22113317251205444,0.36657583713531494,0.07108163088560104,0.09947840869426727,0.49546563625335693,-0.2115268111228943,0.10532212257385254,0.5356847047805786,-0.3705099821090698,0.12003079056739807,0.5103142857551575,-0.5493754148483276,0.1581268608570099
360,0.30992335081100464,0.830315351486206,0.2704172134399414,-0.09139202535152435,0.6607466340065002,0.20511192083358765,-0.38358065485954285,0.5021919012069702,0.2585234045982361,-0.6063098907470703,0.2770170569419861,0.06641191244125366,-0.9196796417236328,0.11794626712799072,-0.11570001393556595,-0.1925254762172699,-0.008469725959002972,0.06381246447563171,-0.310577392578125,-0.26541733741760254,-0.06652937829494476,-0.4228241741657257,-0.5083732008934021,-0.12225506454706192,-0.5077121257781982,-0.807567834854126,-0.20826655626296997,-0.001268330030143261,-0.00043371281935833395,-0.0003829639172181487,-0.020601820200681686,-0.35524773597717285,-0.07128767669200897,-0.0601617693901062,-0.6172694563865662,-0.13219372928142548,-0.04111035168170929,-0.8260624408721924,-0.46179860830307007,0.12362971901893616,0.0007879624608904123,0.04486999660730362,0.2067948281764984,-0.27677983045578003,-0.0166604183614254,0.1437254250049591,-0.5573258996009827,-0.13519470393657684,0.19550850987434387,-0.8132230043411255,-0.2190195918083191,0.35616809129714966,0.056130751967430115,0.10796137899160385,0.485360324382782,-0.22273489832878113,0.09724357724189758,0.5272855758666992,-0.3767637014389038,0.11929848790168762,0.5062960982322693,-0.547321081161499,0.17247705161571503
361,0.31112074851989746,0.8324252367019653,0.25737231969833374,-0.08392634987831116,0.6619443893432617,0.20882919430732727,-0.3882422149181366,0.4997935891151428,0.2578743100166321,-0.6070324182510376,0.28052136301994324,0.06363613158464432,-0.9164304733276367,0.11952193081378937,-0.08175185322761536,-0.19725339114665985,-0.009867435321211815,0.06718767434358597,-0.31644123792648315,-0.2671072483062744,-0.05679596960544586,-0.4240381121635437,-0.5159163475036621,-0.10340853780508041,-0.5114190578460693,-0.8068457841873169,-0.18316145241260529,-0.001315294299274683,-0.0004628807073459029,-0.0003747148148249835,-0.023978762328624725,-0.3590635657310486,-0.07117383182048798,-0.06675568222999573,-0.6152260303497314,-0.13214010000228882,-0.03961999714374542,-0.82491135597229,-0.4591643810272217,0.12777476012706757,0.0014844629913568497,0.03866143524646759,0.218623086810112,-0.27229028940200806,-0.013471420854330063,0.15342307090759277,-0.5589061975479126,-0.1105160117149353,0.20094150304794312,-0.8163883090019226,-0.18247435986995697,0.3622667193412781,0.05839008837938309,0.10821296274662018,0.48670077323913574,-0.2198362797498703,0.09136847406625748,0.5280057787895203,-0.3692135214805603,0.12191832065582275,0.5115065574645996,-0.5402867794036865,0.19430649280548096
362,0.3025771379470825,0.8422235250473022,0.22431430220603943,-0.08788961172103882,0.6678006649017334,0.18959186971187592,-0.3926973342895508,0.5067501664161682,0.25351831316947937,-0.6127914190292358,0.27594390511512756,0.0590253546833992,-0.9076497554779053,0.10843875259160995,-0.06876213103532791,-0.19666782021522522,-0.0071329278871417046,0.06630261987447739,-0.31767863035202026,-0.2692054808139801,-0.04467358812689781,-0.4203875958919525,-0.5252150297164917,-0.07939019799232483,-0.5142361521720886,-0.8045856356620789,-0.14531894028186798,-0.0013400805182754993,-0.00048076556413434446,-0.00037267274456098676,-0.0227800402790308,-0.3613337278366089,-0.06589997559785843,-0.07151567935943604,-0.6119645833969116,-0.12002617865800858,-0.04543085768818855,-0.8206890225410461,-0.4455382823944092,0.1287502646446228,0.0003793778014369309,0.03409135341644287,0.2183447778224945,-0.2704851031303406,-0.007234548218548298,0.16261497139930725,-0.5569716691970825,-0.09503340721130371,0.20307838916778564,-0.8330851197242737,-0.12797017395496368,0.3671514689922333,0.06304211169481277,0.10732857882976532,0.48871520161628723,-0.21381989121437073,0.09722766280174255,0.5291638970375061,-0.37153029441833496,0.11131054162979126,0.5123499631881714,-0.5601966381072998,0.1546652764081955
363,0.2966238260269165,0.8464193344116211,0.20996087789535522,-0.09073272347450256,0.669033408164978,0.18198218941688538,-0.393385648727417,0.5096698999404907,0.25543832778930664,-0.6164690256118774,0.2734695374965668,0.05762171745300293,-0.9041638374328613,0.10459889471530914,-0.06348520517349243,-0.19714775681495667,-0.006022101733833551,0.06672412902116776,-0.31776750087738037,-0.2702477276325226,-0.03773754835128784,-0.419568806886673,-0.5323091149330139,-0.06444619596004486,-0.5153238773345947,-0.8040337562561035,-0.11957892775535583,-0.0013703953009098768,-0.0004896337632089853,-0.0003751909243874252,-0.022734222933650017,-0.36144834756851196,-0.0650414377450943,-0.07573996484279633,-0.6106432676315308,-0.11490128189325333,-0.04744141921401024,-0.8159087896347046,-0.4434242248535156,0.13046705722808838,-0.0010553478496149182,0.03177996352314949,0.21697789430618286,-0.2702365517616272,-0.004880395717918873,0.1649017333984375,-0.5572284460067749,-0.09095969051122665,0.2005992829799652,-0.8438994884490967,-0.1015949547290802,0.3696192502975464,0.0654618889093399,0.10718534886837006,0.48891061544418335,-0.21099326014518738,0.10000422596931458,0.5291720628738403,-0.3744795322418213,0.10479018092155457,0.5116877555847168,-0.5729912519454956,0.12824320793151855
364,0.3039034605026245,0.850551962852478,0.18507012724876404,-0.0969269797205925,0.6775045394897461,0.16711191833019257,-0.39785236120224,0.5160946846008301,0.2497865855693817,-0.6191374063491821,0.2805582284927368,0.04801057279109955,-0.9070925712585449,0.10247595608234406,-0.053430378437042236,-0.20002301037311554,0.003121129237115383,0.05825406312942505,-0.31590497493743896,-0.27356910705566406,-0.03440307825803757,-0.4248676002025604,-0.5252823829650879,-0.07736757397651672,-0.5133732557296753,-0.8076578378677368,-0.12276135385036469,-0.0013876139419153333,-0.0005319733172655106,-0.0003757438389584422,-0.012876059859991074,-0.35328209400177,-0.06835664808750153,-0.08608488738536835,-0.6149487495422363,-0.124246746301651,-0.05195588618516922,-0.813352108001709,-0.4497932493686676,0.1364954710006714,0.0020539145916700363,0.02825262024998665,0.22492846846580505,-0.2710338830947876,-0.002755834022536874,0.16555112600326538,-0.5552259683609009,-0.11040790379047394,0.20730280876159668,-0.8481898903846741,-0.12183699756860733,0.37377792596817017,0.08438442647457123,0.09656190127134323,0.502448558807373,-0.20247764885425568,0.0910346657037735,0.5402688980102539,-0.3721503019332886,0.09103789925575256,0.5203262567520142,-0.5739026069641113,0.09276837110519409
365,0.30905792117118835,0.8548403978347778,0.18584489822387695,-0.10343094170093536,0.682171106338501,0.16620361804962158,-0.4087882339954376,0.5215901732444763,0.23644939064979553,-0.6133683919906616,0.2801244258880615,0.046048760414123535,-0.909103512763977,0.10052067786455154,-0.04790583997964859,-0.20337729156017303,0.010097356513142586,0.051771052181720734,-0.3156913220882416,-0.27598848938941956,-0.033884868025779724,-0.42749032378196716,-0.5198835134506226,-0.09639757871627808,-0.5147233009338379,-0.8151987791061401,-0.13227081298828125,-0.001378833083435893,-0.0005458147497847676,-0.00037362499278970063,-0.00754233542829752,-0.34971219301223755,-0.07223504781723022,-0.09172733128070831,-0.6225768327713013,-0.1360240876674652,-0.05039910227060318,-0.8108313679695129,-0.4638861417770386,0.1341743767261505,0.0011550590861588717,0.028442014008760452,0.22905969619750977,-0.26730939745903015,-0.0027747834101319313,0.16394507884979248,-0.5475805401802063,-0.1164335310459137,0.2103126347064972,-0.8476136326789856,-0.13777653872966766,0.3731677532196045,0.08980917930603027,0.09196873009204865,0.5058541297912598,-0.19667750597000122,0.0906476080417633,0.543231725692749,-0.3725583255290985,0.08530224859714508,0.5185185670852661,-0.5759875178337097,0.07282961159944534
366,0.3091003894805908,0.8633859753608704,0.16139349341392517,-0.10881949961185455,0.6839390993118286,0.15052607655525208,-0.4094727635383606,0.526225745677948,0.2308870553970337,-0.6083433032035828,0.2845239043235779,0.046972546726465225,-0.9067274332046509,0.10823414474725723,-0.05559723079204559,-0.20483076572418213,0.014107972383499146,0.04863158240914345,-0.31609100103378296,-0.27542197704315186,-0.030881613492965698,-0.42924025654792786,-0.5165291428565979,-0.10673540830612183,-0.5215781331062317,-0.8185538053512573,-0.11810559034347534,-0.001362573355436325,-0.00056822644546628,-0.00037598065682686865,-0.0020743324421346188,-0.34822148084640503,-0.06948414444923401,-0.09195181727409363,-0.6321156024932861,-0.1318735033273697,-0.051309093832969666,-0.8020846843719482,-0.4860153794288635,0.13104987144470215,0.0008760173805058002,0.029319308698177338,0.23317907750606537,-0.26543092727661133,-0.0012580215698108077,0.16533568501472473,-0.5447193384170532,-0.11712378263473511,0.2138359695672989,-0.8508495092391968,-0.13349223136901855,0.3585597276687622,0.08116345852613449,0.09838485717773438,0.5070949792861938,-0.1931610107421875,0.08949653804302216,0.5436897873878479,-0.373157799243927,0.09135828912258148,0.5213547348976135,-0.5770412683486938,0.08656588941812515
367,0.3085026443004608,0.8707151412963867,0.14048482477664948,-0.11204499751329422,0.6831048727035522,0.1422719657421112,-0.410372257232666,0.5265827178955078,0.22980937361717224,-0.60443115234375,0.28663796186447144,0.04591537266969681,-0.9031394720077515,0.1122092455625534,-0.0605180487036705,-0.20370548963546753,0.013763302937150002,0.04863012582063675,-0.31605979800224304,-0.27511167526245117,-0.02736334316432476,-0.43068328499794006,-0.5124358534812927,-0.11101274192333221,-0.5258543491363525,-0.8174818754196167,-0.11726808547973633,-0.0013696275418624282,-0.0005823646206408739,-0.0003776369849219918,0.001429926254786551,-0.3474063277244568,-0.06643655151128769,-0.09129530191421509,-0.6375590562820435,-0.12987297773361206,-0.07215290516614914,-0.8476145267486572,-0.42226120829582214,0.12914812564849854,-0.0009031136287376285,0.029048945754766464,0.23623281717300415,-0.2649781107902527,-0.0012994975550100207,0.16637274622917175,-0.542542040348053,-0.1179734319448471,0.21272829174995422,-0.853359580039978,-0.13652104139328003,0.3505825400352478,0.07684326171875,0.10279775410890579,0.5048122406005859,-0.19337651133537292,0.08848278969526291,0.540696918964386,-0.3756616711616516,0.09526773542165756,0.520044207572937,-0.5796712636947632,0.09938548505306244
368,0.3060237169265747,0.871729850769043,0.13653001189231873,-0.1141062006354332,0.681069016456604,0.13484948873519897,-0.4100000262260437,0.5262951850891113,0.2337113916873932,-0.6025224924087524,0.2883293330669403,0.051570821553468704,-0.9024584889411926,0.11837689578533173,-0.05810320004820824,-0.20325371623039246,0.014958313666284084,0.045878246426582336,-0.3169691562652588,-0.27228888869285583,-0.024375880137085915,-0.43482235074043274,-0.5121538043022156,-0.11665882170200348,-0.5213793516159058,-0.8164798021316528,-0.12448044866323471,-0.0013584578409790993,-0.000576477381400764,-0.00037934351712465286,0.004413115791976452,-0.3469826877117157,-0.06087551265954971,-0.09162352979183197,-0.6354711055755615,-0.1272805631160736,-0.08431331813335419,-0.8701317310333252,-0.38614949584007263,0.1281001716852188,-0.004008805379271507,0.030459240078926086,0.23694629967212677,-0.2651631534099579,-0.0008673835545778275,0.1645820587873459,-0.5420634150505066,-0.11247637122869492,0.20774488151073456,-0.853834867477417,-0.13148224353790283,0.34865590929985046,0.07479551434516907,0.10666676610708237,0.5002923011779785,-0.19639775156974792,0.08508476614952087,0.5384003520011902,-0.3809271454811096,0.09604032337665558,0.5166164636611938,-0.5881211161613464,0.10863105952739716
369,0.3054168224334717,0.8707944750785828,0.1314038783311844,-0.11155442893505096,0.6765685081481934,0.14613375067710876,-0.4074614346027374,0.5225593447685242,0.24148067831993103,-0.6031277179718018,0.2930832505226135,0.048586487770080566,-0.9079270958900452,0.12177078425884247,-0.0596810057759285,-0.20353484153747559,0.01854519546031952,0.04236873984336853,-0.31767237186431885,-0.26972684264183044,-0.029241282492876053,-0.43723613023757935,-0.5170029401779175,-0.12363315373659134,-0.5149851441383362,-0.8174227476119995,-0.13929679989814758,-0.0013057354371994734,-0.0005502839921973646,-0.00038168474566191435,0.006144393235445023,-0.347229540348053,-0.060893889516592026,-0.08899175375699997,-0.6385590434074402,-0.11282849311828613,-0.09184063971042633,-0.8778030872344971,-0.377555251121521,0.12549476325511932,-0.004633486270904541,0.03449629992246628,0.23341068625450134,-0.26541468501091003,-0.00020237191347405314,0.15871088206768036,-0.5509932041168213,-0.11161855608224869,0.2014712393283844,-0.8525812029838562,-0.12925919890403748,0.35581591725349426,0.08353260159492493,0.10082254558801651,0.4955562949180603,-0.19897446036338806,0.08245062083005905,0.5331584215164185,-0.38470369577407837,0.09813520312309265,0.5067964792251587,-0.5926047563552856,0.11059483140707016
370,0.30617058277130127,0.87147057056427,0.1226389929652214,-0.1103273332118988,0.67193603515625,0.15004901587963104,-0.4070796072483063,0.5182248950004578,0.2466125190258026,-0.6016907691955566,0.2968723773956299,0.045803189277648926,-0.9071061611175537,0.1277901977300644,-0.0630594938993454,-0.20504572987556458,0.009797421284019947,0.04727786406874657,-0.31690454483032227,-0.2669612765312195,-0.03008577972650528,-0.4368709325790405,-0.5172754526138306,-0.12843281030654907,-0.5105136036872864,-0.8135875463485718,-0.14232809841632843,-0.0012914335820823908,-0.0005344175733625889,-0.00038235518150031567,0.007598238531500101,-0.3469284176826477,-0.06096392869949341,-0.08660593628883362,-0.6374542117118835,-0.10355345904827118,-0.09829598665237427,-0.8837605714797974,-0.36342281103134155,0.12371652573347092,-0.005006727762520313,0.035173624753952026,0.23180654644966125,-0.26497694849967957,-0.00047306803753599524,0.1578812301158905,-0.5458401441574097,-0.10363367199897766,0.1976938545703888,-0.84972083568573,-0.1337834894657135,0.357860267162323,0.08685373514890671,0.09869609773159027,0.4951048493385315,-0.20106251537799835,0.08367519080638885,0.5325018167495728,-0.3836716413497925,0.10570333898067474,0.5048742294311523,-0.5946258306503296,0.12536783516407013
371,0.2867165803909302,0.8813863396644592,0.11320793628692627,-0.11091490834951401,0.6662474870681763,0.1666405200958252,-0.41259658336639404,0.5146359205245972,0.25135093927383423,-0.612479031085968,0.2965371608734131,0.05615704879164696,-0.9270139932632446,0.12177542597055435,-0.09077276289463043,-0.20128250122070312,0.0045312740840017796,0.05420655757188797,-0.316908061504364,-0.26475560665130615,-0.020162146538496017,-0.44159913063049316,-0.5145697593688965,-0.10373708605766296,-0.49562036991119385,-0.7960344552993774,-0.10085366666316986,-0.0012955311685800552,-0.0005795951001346111,-0.0003809202753473073,0.006472302600741386,-0.34885916113853455,-0.03893272578716278,-0.09043978154659271,-0.6357614994049072,-0.07756727933883667,-0.10932691395282745,-0.8832926750183105,-0.3673721253871918,0.13352610170841217,0.005853013135492802,0.02924971655011177,0.22486768662929535,-0.27130264043807983,0.006324620917439461,0.15478867292404175,-0.5433393716812134,-0.09343612194061279,0.1918015480041504,-0.8451476097106934,-0.13078732788562775,0.3620677590370178,0.08290734142065048,0.09479707479476929,0.4954730272293091,-0.1965523064136505,0.08378779888153076,0.5392215251922607,-0.37849265336990356,0.10548099875450134,0.5155698657035828,-0.5797378420829773,0.1466551423072815
372,0.2806355357170105,0.8741596937179565,0.15358826518058777,-0.0990142673254013,0.6443076133728027,0.1925305426120758,-0.4163110852241516,0.5118850469589233,0.2582358717918396,-0.6169792413711548,0.29794415831565857,0.06823435425758362,-0.9323809146881104,0.12344440817832947,-0.08714090287685394,-0.19705922901630402,-0.007146279327571392,0.06496190279722214,-0.3036683201789856,-0.27441275119781494,-0.02543971687555313,-0.4358675479888916,-0.519666314125061,-0.07798828929662704,-0.47182273864746094,-0.7969353199005127,-0.10033636540174484,-0.0013110260479152203,-0.0005187863716855645,-0.0003898944123648107,0.011968197301030159,-0.3462387025356293,-0.0283438079059124,-0.09680500626564026,-0.6192607879638672,-0.09529176354408264,-0.11419297754764557,-0.8814100027084351,-0.35484975576400757,0.13730639219284058,0.012915972620248795,0.028832033276557922,0.20794600248336792,-0.27026575803756714,0.00040063471533358097,0.15133710205554962,-0.5388071537017822,-0.06692523509263992,0.18879655003547668,-0.8397494554519653,-0.10845072567462921,0.35309702157974243,0.07674019038677216,0.09252812713384628,0.5031872987747192,-0.19658243656158447,0.08303932845592499,0.5387508869171143,-0.3781723082065582,0.11699064075946808,0.5171565413475037,-0.5595839023590088,0.17869244515895844
373,0.2861439883708954,0.8697167634963989,0.07396161556243896,-0.11347372829914093,0.6498923897743225,0.1799556314945221,-0.43119198083877563,0.5109210014343262,0.24097537994384766,-0.6298334002494812,0.29102158546447754,0.056299127638339996,-0.9499883651733398,0.11396631598472595,-0.10036398470401764,-0.20284432172775269,-0.004771932493895292,0.06077692657709122,-0.28698524832725525,-0.282509982585907,-0.04457859322428703,-0.43091294169425964,-0.5099459886550903,-0.06807379424571991,-0.4784228801727295,-0.7792395949363708,-0.10645189881324768,-0.0012499995063990355,-0.0004619964165613055,-0.0003763432614505291,0.009070485830307007,-0.349465548992157,-0.041382379829883575,-0.08249546587467194,-0.6060438752174377,-0.07410342991352081,-0.1362413465976715,-0.8822439908981323,-0.2740402817726135,0.14845120906829834,0.021201718598604202,0.03214500844478607,0.2083013951778412,-0.2748265266418457,0.005634739529341459,0.1670120358467102,-0.5364503264427185,-0.019097110256552696,0.16773295402526855,-0.8407878875732422,-0.05477821081876755,0.35811495780944824,0.08103178441524506,0.09304948151111603,0.5061496496200562,-0.1920366883277893,0.09003673493862152,0.5373201370239258,-0.3745913505554199,0.14342857897281647,0.523862361907959,-0.5420446395874023,0.23755663633346558
374,0.2922954559326172,0.8680874109268188,0.07420994341373444,-0.1157166063785553,0.6447640657424927,0.16605664789676666,-0.4369783401489258,0.4951605200767517,0.22327029705047607,-0.6372482776641846,0.2660219967365265,0.049348145723342896,-0.9618457555770874,0.09459248185157776,-0.10813915729522705,-0.1978127360343933,-0.006538267247378826,0.05020669102668762,-0.27634233236312866,-0.2868170142173767,-0.07080148160457611,-0.4127749502658844,-0.5108829736709595,-0.09496507048606873,-0.47632133960723877,-0.7569186687469482,-0.10801880061626434,-0.0011648896615952253,-0.0003673549508675933,-0.000365536572644487,0.0329740084707737,-0.3456525206565857,-0.05600377917289734,-0.06606073677539825,-0.5922695398330688,-0.04986565560102463,-0.1482311338186264,-0.8632404208183289,-0.19413866102695465,0.1549527645111084,0.029099736362695694,0.04059277102351189,0.22970014810562134,-0.2681787312030792,0.0029063846450299025,0.18797513842582703,-0.5205934643745422,0.032779328525066376,0.14763706922531128,-0.8345514535903931,-0.03531193733215332,0.3631114363670349,0.07937774807214737,0.10438797622919083,0.5032628774642944,-0.18967390060424805,0.09071160852909088,0.5341822504997253,-0.3753776550292969,0.14602653682231903,0.5205237865447998,-0.5423677563667297,0.24737845361232758
375,0.2982121706008911,0.8639370799064636,0.09041731804609299,-0.11908973008394241,0.6443941593170166,0.1710495799779892,-0.44193780422210693,0.4828450083732605,0.2175443470478058,-0.6566693782806396,0.23582147061824799,0.051152829080820084,-0.9905431270599365,0.06410273909568787,-0.09862306714057922,-0.1982620805501938,-0.007879872806370258,0.04527338594198227,-0.28659576177597046,-0.27659231424331665,-0.07853347063064575,-0.40177661180496216,-0.5090134143829346,-0.1053423210978508,-0.4704282283782959,-0.7430748343467712,-0.10425454378128052,-0.001140369800850749,-0.00031603718525730073,-0.0003572425921447575,0.04673968255519867,-0.34391146898269653,-0.06492910534143448,-0.05620025843381882,-0.58537757396698,-0.03359302878379822,-0.15417474508285522,-0.8540338277816772,-0.15094324946403503,0.16086000204086304,0.03468550741672516,0.042911723256111145,0.24436572194099426,-0.26285314559936523,0.0013800187734887004,0.20327244699001312,-0.5095124244689941,0.06720038503408432,0.13637959957122803,-0.8286007642745972,-0.015916628763079643,0.36899346113204956,0.07920313626527786,0.10582607984542847,0.505357027053833,-0.1867556869983673,0.09057044982910156,0.5398310422897339,-0.3707948923110962,0.1481550931930542,0.5217461585998535,-0.535999596118927,0.26481324434280396
376,0.2884089946746826,0.8570520877838135,0.12901467084884644,-0.13806211948394775,0.6395517587661743,0.17437925934791565,-0.4437088370323181,0.4737214744091034,0.21759891510009766,-0.6574670076370239,0.23047789931297302,0.05084509775042534,-1.0033929347991943,0.060228362679481506,-0.08610446751117706,-0.2010822296142578,-0.014209817163646221,0.05180681124329567,-0.29240182042121887,-0.269101083278656,-0.07712201774120331,-0.4044041335582733,-0.505414605140686,-0.07596372067928314,-0.4695166349411011,-0.7434163093566895,-0.08573789894580841,-0.0011593624949455261,-0.00034154660534113646,-0.00034146581310778856,0.055375851690769196,-0.34481579065322876,-0.06080654263496399,-0.0526481494307518,-0.5758965015411377,0.01883123442530632,-0.1743628829717636,-0.8367303013801575,-0.006885424256324768,0.16500961780548096,0.04247482120990753,0.045013345777988434,0.2555255889892578,-0.25393781065940857,0.003873223438858986,0.21139280498027802,-0.49332961440086365,0.11817522346973419,0.13814707100391388,-0.8095894455909729,0.10922849178314209,0.37155836820602417,0.07944809645414352,0.11739237606525421,0.5024135708808899,-0.1942346841096878,0.10244368016719818,0.543098509311676,-0.36082273721694946,0.17955267429351807,0.5272485017776489,-0.5300706028938293,0.31226930022239685
377,0.28375643491744995,0.8566730618476868,0.15117165446281433,-0.15046894550323486,0.6299760341644287,0.1759621500968933,-0.4411848187446594,0.4652561545372009,0.21549606323242188,-0.6573983430862427,0.2133491039276123,0.04761156439781189,-1.0167077779769897,0.029808195307850838,-0.0849759429693222,-0.1907307654619217,-0.014963524416089058,0.051529087126255035,-0.27631425857543945,-0.27173352241516113,-0.09686798602342606,-0.39936965703964233,-0.499085932970047,-0.0890897810459137,-0.4699666202068329,-0.7433617115020752,-0.07482418417930603,-0.0012177485041320324,-0.0002958010009024292,-0.0003758523380383849,0.06410033255815506,-0.3443923592567444,-0.05787518247961998,-0.04470856487751007,-0.5692484378814697,0.03114401176571846,-0.1725102663040161,-0.8296329975128174,0.03703527897596359,0.16246724128723145,0.04865984991192818,0.04570668935775757,0.24608388543128967,-0.2518318295478821,0.012935761362314224,0.21488450467586517,-0.4841914772987366,0.14698651432991028,0.12655022740364075,-0.7942377924919128,0.14758360385894775,0.37216776609420776,0.09619246423244476,0.11614732444286346,0.502528965473175,-0.18780602514743805,0.09934903681278229,0.5451920628547668,-0.36224138736724854,0.18731656670570374,0.5153110027313232,-0.534345269203186,0.33413970470428467
378,0.27700042724609375,0.860917329788208,0.16476811468601227,-0.15390565991401672,0.6281138062477112,0.18688233196735382,-0.4295942187309265,0.4710269570350647,0.2291175127029419,-0.6527824401855469,0.21292582154273987,0.043527886271476746,-1.0253489017486572,0.018384911119937897,-0.10003289580345154,-0.19211053848266602,-0.015295102261006832,0.05467092618346214,-0.27183252573013306,-0.27445369958877563,-0.09416717290878296,-0.39936405420303345,-0.4972485899925232,-0.08108524978160858,-0.44656574726104736,-0.7508733868598938,-0.08185291290283203,-0.0012332620099186897,-0.00032485031988471746,-0.00037243450060486794,0.052073776721954346,-0.3494577407836914,-0.054104723036289215,-0.047034237533807755,-0.5677945613861084,0.05687906593084335,-0.18483921885490417,-0.8302058577537537,0.07376927882432938,0.16234061121940613,0.051976460963487625,0.04710768163204193,0.247049480676651,-0.2532123029232025,0.02226150408387184,0.21846018731594086,-0.4735739231109619,0.1815912425518036,0.11475467681884766,-0.778038501739502,0.20212984085083008,0.3742295503616333,0.09703550487756729,0.12306249141693115,0.5078110098838806,-0.1793825328350067,0.10831993818283081,0.5518105626106262,-0.352666974067688,0.20830979943275452,0.5150692462921143,-0.5212136507034302,0.3634724020957947
379,0.279239296913147,0.860925555229187,0.17986324429512024,-0.15559399127960205,0.6259462833404541,0.19952675700187683,-0.42354413866996765,0.47325778007507324,0.23607796430587769,-0.6542295217514038,0.21297204494476318,0.042744483798742294,-1.027602195739746,0.01368330791592598,-0.11058249324560165,-0.19095970690250397,-0.014427613466978073,0.05498433858156204,-0.26702386140823364,-0.27618348598480225,-0.09603390842676163,-0.3972521424293518,-0.4980006814002991,-0.08383138477802277,-0.4318464398384094,-0.7569291591644287,-0.091528981924057,-0.0012477108975872397,-0.0003320425748825073,-0.00037470419192686677,0.04725386202335358,-0.3526901304721832,-0.05575666204094887,-0.04677719622850418,-0.5670585632324219,0.06272736191749573,-0.18995779752731323,-0.8324702978134155,0.08805754780769348,0.16188734769821167,0.05317559838294983,0.04849556088447571,0.24852418899536133,-0.2526077926158905,0.024347931146621704,0.2195855677127838,-0.4682868719100952,0.1951679140329361,0.10722900927066803,-0.7695319056510925,0.22430819272994995,0.37290483713150024,0.08280233293771744,0.11689658463001251,0.5119525790214539,-0.1769072711467743,0.10790792107582092,0.5549846887588501,-0.34878385066986084,0.2140910029411316,0.5104954242706299,-0.5140959024429321,0.37412720918655396
380,0.27412211894989014,0.8610785007476807,0.18158143758773804,-0.156269371509552,0.6286330223083496,0.2091330885887146,-0.42487001419067383,0.4728761613368988,0.24266716837882996,-0.6545883417129517,0.21466697752475739,0.04444192722439766,-1.024162769317627,0.010251913219690323,-0.12238184362649918,-0.19377146661281586,-0.016352621838450432,0.0571771115064621,-0.26605698466300964,-0.27691328525543213,-0.09642870724201202,-0.39690253138542175,-0.4947779178619385,-0.09036560356616974,-0.4298187494277954,-0.7549499869346619,-0.09556646645069122,-0.0012723987456411123,-0.000360419595381245,-0.00036153773544356227,0.0634455531835556,-0.3467679023742676,-0.05206975340843201,-0.0446266308426857,-0.5622448921203613,0.0877700001001358,-0.20685222744941711,-0.8129275441169739,0.14506307244300842,0.1584840714931488,0.0545756071805954,0.04906135052442551,0.24903547763824463,-0.25275918841362,0.032965488731861115,0.22101528942584991,-0.45766544342041016,0.22429028153419495,0.10414563119411469,-0.7484543323516846,0.25859642028808594,0.36766088008880615,0.0889560878276825,0.12521666288375854,0.5103826522827148,-0.16779735684394836,0.12046125531196594,0.5540560483932495,-0.334885835647583,0.24011540412902832,0.528485119342804,-0.49573421478271484,0.3980099558830261
381,0.2660861015319824,0.8564935922622681,0.2136043906211853,-0.15220430493354797,0.6289282441139221,0.22927707433700562,-0.42614907026290894,0.4643915295600891,0.2515116035938263,-0.6579016447067261,0.21498927474021912,0.05316592752933502,-1.0191210508346558,0.0033849389292299747,-0.13364854454994202,-0.19455483555793762,-0.01436099037528038,0.05993490666151047,-0.26213017106056213,-0.2768588662147522,-0.09859722852706909,-0.3966197967529297,-0.4909190535545349,-0.09381596744060516,-0.43428200483322144,-0.746405839920044,-0.08869440108537674,-0.0013097547926008701,-0.00035892470623366535,-0.0003611297579482198,0.05884215980768204,-0.3524421453475952,-0.05158444494009018,-0.042150504887104034,-0.557723343372345,0.09748372435569763,-0.20489555597305298,-0.8054755926132202,0.14634981751441956,0.15684852004051208,0.05507316440343857,0.04884599894285202,0.24942386150360107,-0.24949732422828674,0.03147383779287338,0.22150900959968567,-0.44985294342041016,0.2396087944507599,0.10047043114900589,-0.7322677373886108,0.26996493339538574,0.36602213978767395,0.09249433875083923,0.13025355339050293,0.5059958696365356,-0.16640666127204895,0.12770450115203857,0.5523896217346191,-0.32996347546577454,0.2525480091571808,0.5034444332122803,-0.48187685012817383,0.42829281091690063
382,0.26796406507492065,0.8578488826751709,0.23888066411018372,-0.14965012669563293,0.6208394765853882,0.26401177048683167,-0.4201585352420807,0.45019543170928955,0.2665264308452606,-0.6526994109153748,0.2076837569475174,0.06823872029781342,-1.0047111511230469,9.615079034119844e-05,-0.12090963125228882,-0.19615671038627625,-0.018007459118962288,0.06445282697677612,-0.2550223469734192,-0.2796974778175354,-0.09184244275093079,-0.3928138017654419,-0.4827430248260498,-0.10176786780357361,-0.42660677433013916,-0.7321022748947144,-0.10440618544816971,-0.0013398689916357398,-0.00033872603671625257,-0.00035433098673820496,0.059713177382946014,-0.3609433174133301,-0.04735895246267319,-0.025188641622662544,-0.5540600419044495,0.12157033383846283,-0.2135334461927414,-0.7841585874557495,0.1785793900489807,0.15450957417488098,0.05271270126104355,0.04992838203907013,0.2529467046260834,-0.2476673722267151,0.036306627094745636,0.22294005751609802,-0.4360555410385132,0.2593013644218445,0.15292027592658997,-0.663964033126831,0.38379013538360596,0.3660535216331482,0.0945567935705185,0.13039982318878174,0.5117930769920349,-0.17241191864013672,0.12674680352210999,0.55036860704422,-0.3197063207626343,0.27315688133239746,0.47160887718200684,-0.46711814403533936,0.4579300880432129
383,0.27377647161483765,0.8543307781219482,0.2630866765975952,-0.13742205500602722,0.6109579205513,0.2909640669822693,-0.41359394788742065,0.4412328004837036,0.27832794189453125,-0.6466087102890015,0.20151960849761963,0.07681537419557571,-0.9911426305770874,-0.007984159514307976,-0.10923540592193604,-0.19792091846466064,-0.019993430003523827,0.06877054274082184,-0.270521879196167,-0.270780086517334,-0.0832967460155487,-0.3887265622615814,-0.4765808880329132,-0.09962889552116394,-0.4230436384677887,-0.718453049659729,-0.11886820197105408,-0.0013630620669573545,-0.00031644193222746253,-0.0003535686410032213,0.05733189731836319,-0.367703914642334,-0.04587026685476303,-0.041757769882678986,-0.556363582611084,0.138118714094162,-0.20210930705070496,-0.7638534903526306,0.24241045117378235,0.1536218225955963,0.050615496933460236,0.05098539590835571,0.2529715895652771,-0.2462386190891266,0.03985382616519928,0.22172768414020538,-0.4256121516227722,0.27316856384277344,0.18239928781986237,-0.6193909049034119,0.4477623701095581,0.3663432002067566,0.09497494995594025,0.13073499500751495,0.5148763656616211,-0.17558890581130981,0.13383591175079346,0.5456279516220093,-0.3123825192451477,0.29550737142562866,0.4513072669506073,-0.4598376750946045,0.4752674698829651
384,0.2833036780357361,0.8526697754859924,0.269651859998703,-0.12415017932653427,0.6039152145385742,0.30331915616989136,-0.40471547842025757,0.44061410427093506,0.2803744673728943,-0.6278285980224609,0.18727722764015198,0.10588040202856064,-0.9187296628952026,-0.04273223131895065,-0.036388177424669266,-0.20334333181381226,-0.01914490945637226,0.07466185092926025,-0.27768534421920776,-0.27250492572784424,-0.06317300349473953,-0.3904762864112854,-0.4719696640968323,-0.07198335230350494,-0.4465462267398834,-0.7075580358505249,-0.064828060567379,-0.0014625668991357088,-0.00032348980312235653,-0.0003182985819876194,0.0666486918926239,-0.3704104721546173,-0.015326851978898048,-0.004263442009687424,-0.5242061018943787,0.2078472077846527,-0.06737101823091507,-0.6502752304077148,0.3609378933906555,0.1566545069217682,0.05252061039209366,0.04148915782570839,0.2665514349937439,-0.2421790510416031,0.060879338532686234,0.26683396100997925,-0.38777241110801697,0.3008911907672882,0.23923730850219727,-0.5080893039703369,0.4946403503417969,0.36759257316589355,0.09953416138887405,0.1227821409702301,0.514414370059967,-0.16371825337409973,0.16140906512737274,0.5617358684539795,-0.28365641832351685,0.3268008828163147,0.49399876594543457,-0.3873657286167145,0.5091618299484253
385,0.29093503952026367,0.8420835733413696,0.2900758683681488,-0.10554647445678711,0.5926816463470459,0.3248748779296875,-0.39976179599761963,0.43855273723602295,0.27425095438957214,-0.6058780550956726,0.20114311575889587,0.13271981477737427,-0.845848560333252,-0.04261937737464905,0.026429472491145134,-0.2015860378742218,-0.02840965986251831,0.06492651253938675,-0.2791667580604553,-0.27684131264686584,-0.05105336382985115,-0.3970809578895569,-0.46984219551086426,-0.0738324448466301,-0.46250954270362854,-0.6871623992919922,-0.061101436614990234,-0.00151116494089365,-0.0003263484104536474,-0.0003097976150456816,0.08158552646636963,-0.368969202041626,0.012722332961857319,0.024450702592730522,-0.5035279393196106,0.25264960527420044,0.01243210956454277,-0.5802538394927979,0.4340498447418213,0.16093534231185913,0.054768167436122894,0.031070690602064133,0.27620476484298706,-0.24180763959884644,0.07622021436691284,0.29912304878234863,-0.3556164801120758,0.32557550072669983,0.2826870083808899,-0.4336184859275818,0.520075798034668,0.3713042140007019,0.10115833580493927,0.12054292857646942,0.5128128528594971,-0.1556122899055481,0.17020642757415771,0.5682605504989624,-0.25802505016326904,0.3415887951850891,0.5154303312301636,-0.3365747332572937,0.5237448215484619
386,0.28277984261512756,0.8280147314071655,0.32185447216033936,-0.0761038288474083,0.5793411731719971,0.35658374428749084,-0.3945220410823822,0.4134323000907898,0.2691345512866974,-0.5930046439170837,0.18435896933078766,0.11266344785690308,-0.785896897315979,-0.08123311400413513,0.006098778918385506,-0.19095006585121155,-0.028287354856729507,0.05105917155742645,-0.27920618653297424,-0.2733658254146576,-0.05257238447666168,-0.38545888662338257,-0.4689429998397827,-0.05916541814804077,-0.44176286458969116,-0.6547085642814636,-0.07625409215688705,-0.0015467291232198477,-0.00029692339012399316,-0.00032578856917098165,0.060566388070583344,-0.3735639452934265,0.03561558574438095,0.04129340872168541,-0.47583138942718506,0.2882469892501831,0.041631460189819336,-0.5417739152908325,0.4985808730125427,0.16087937355041504,0.05737572908401489,0.02376701682806015,0.2622562050819397,-0.24466753005981445,0.08749008178710938,0.30628702044487,-0.3327568769454956,0.34428805112838745,0.30164963006973267,-0.39575648307800293,0.54494708776474,0.3691455125808716,0.10117369890213013,0.11871252954006195,0.501839280128479,-0.15909770131111145,0.19495341181755066,0.5587140917778015,-0.24045555293560028,0.3651823401451111,0.5184328556060791,-0.3056942820549011,0.5461432933807373
387,0.2718355655670166,0.818012535572052,0.3373643159866333,-0.08873961865901947,0.5802916884422302,0.38220036029815674,-0.395344078540802,0.3876192569732666,0.2514474093914032,-0.5851366519927979,0.16989237070083618,0.07798582315444946,-0.7346784472465515,-0.11517728865146637,-0.04004954919219017,-0.18120425939559937,-0.027688048779964447,0.0267650093883276,-0.264165997505188,-0.2800180912017822,-0.0381980836391449,-0.3705787658691406,-0.4585559368133545,-0.05271148681640625,-0.42599713802337646,-0.6070945262908936,-0.09850455820560455,-0.0015291143208742142,-0.0002675760188139975,-0.0003149533295072615,0.04846380278468132,-0.3743186593055725,0.06180455535650253,0.04873067885637283,-0.4465522766113281,0.32566502690315247,0.051285114139318466,-0.5104631185531616,0.5474615097045898,0.15697893500328064,0.06128299981355667,0.018763216212391853,0.2664790153503418,-0.23388007283210754,0.09970861673355103,0.3107215166091919,-0.3158223032951355,0.3587895929813385,0.3147997260093689,-0.3747040033340454,0.5758826732635498,0.364812433719635,0.10046400129795074,0.11427677422761917,0.49233531951904297,-0.15809762477874756,0.2079211175441742,0.5504112839698792,-0.23209646344184875,0.37453240156173706,0.5301841497421265,-0.29457029700279236,0.5562057495117188
388,0.26099979877471924,0.8127937316894531,0.34885919094085693,-0.09925118088722229,0.5808704495429993,0.3971361517906189,-0.3999478816986084,0.37506669759750366,0.25739485025405884,-0.5805999040603638,0.16172805428504944,0.060659170150756836,-0.7031192183494568,-0.1276651918888092,-0.06157394498586655,-0.1771823912858963,-0.026575308293104172,0.011767958290874958,-0.2643401026725769,-0.2748064398765564,-0.047284942120313644,-0.35534459352493286,-0.4548279345035553,-0.055704664438962936,-0.41252899169921875,-0.5805130004882812,-0.12041822075843811,-0.0015093907713890076,-0.00025393179384991527,-0.0003093656850978732,0.04211699962615967,-0.3757703900337219,0.07133971154689789,0.056696876883506775,-0.43424683809280396,0.3395082652568817,0.06179480254650116,-0.4984613060951233,0.5652292966842651,0.15499278903007507,0.06070130318403244,0.01703796535730362,0.2625885605812073,-0.22974622249603271,0.10073910653591156,0.3126174211502075,-0.31159156560897827,0.3618219494819641,0.32300859689712524,-0.36990147829055786,0.5915451049804688,0.36205729842185974,0.09863463789224625,0.11311851441860199,0.4879716634750366,-0.15413478016853333,0.2116563320159912,0.5479027032852173,-0.23199263215065002,0.3757592737674713,0.5394070148468018,-0.2954259514808655,0.558555006980896
389,0.252235472202301,0.8321174383163452,0.30253612995147705,-0.09633517265319824,0.5905888080596924,0.3472945988178253,-0.41453537344932556,0.3715941309928894,0.25876352190971375,-0.5896797180175781,0.15195909142494202,0.05861097201704979,-0.6885893940925598,-0.15110772848129272,-0.07668142020702362,-0.17338907718658447,-0.02361990511417389,0.004355435259640217,-0.27116912603378296,-0.2628278434276581,-0.04883534461259842,-0.36136966943740845,-0.4485816955566406,-0.04710682854056358,-0.4065627157688141,-0.5594403147697449,-0.13554736971855164,-0.0015192099381238222,-0.00026456930208951235,-0.00030401223921217024,0.03720705956220627,-0.37435364723205566,0.08832118660211563,0.062066368758678436,-0.4232098460197449,0.3616766333580017,0.06672525405883789,-0.4886918067932129,0.5731401443481445,0.15320609509944916,0.06362806260585785,0.017234686762094498,0.2665993273258209,-0.22658921778202057,0.10637679696083069,0.31317949295043945,-0.3015492856502533,0.36939874291419983,0.32097041606903076,-0.3588871359825134,0.6024290323257446,0.3608097434043884,0.10138633847236633,0.11860395967960358,0.4841194152832031,-0.1580674648284912,0.22007307410240173,0.545320451259613,-0.22980988025665283,0.38203805685043335,0.5429214239120483,-0.28498074412345886,0.5534135103225708
390,0.2442360520362854,0.8437634110450745,0.2697991728782654,-0.11001469939947128,0.596637487411499,0.34561488032341003,-0.4156951904296875,0.3689426779747009,0.2665248513221741,-0.5938845276832581,0.14272189140319824,0.052939243614673615,-0.6919599771499634,-0.17090445756912231,-0.0822342187166214,-0.17372222244739532,-0.023535385727882385,3.286357969045639e-05,-0.2621188163757324,-0.27138862013816833,-0.028635364025831223,-0.3555769920349121,-0.44626346230506897,-0.033331722021102905,-0.4035458266735077,-0.5583906173706055,-0.03808123990893364,-0.0015119656454771757,-0.00025362803717143834,-0.0003105520736426115,0.03322874754667282,-0.3749167323112488,0.09083414077758789,0.06078536808490753,-0.41900330781936646,0.3677426278591156,0.06120956316590309,-0.48179563879966736,0.592312216758728,0.1537296026945114,0.06349880993366241,0.015450121834874153,0.26300883293151855,-0.22275200486183167,0.10767538845539093,0.3130059838294983,-0.30423420667648315,0.37010887265205383,0.3258342742919922,-0.3654303550720215,0.6069912910461426,0.35893961787223816,0.10166507959365845,0.11879490315914154,0.4816243350505829,-0.15480515360832214,0.22173163294792175,0.5454322099685669,-0.23310616612434387,0.3816509246826172,0.5508779287338257,-0.29066604375839233,0.5558382272720337
391,0.22324690222740173,0.8695383071899414,0.20099791884422302,-0.12029258906841278,0.6108005046844482,0.30151498317718506,-0.41570764780044556,0.37518444657325745,0.26490065455436707,-0.5908286571502686,0.13872632384300232,0.06480632722377777,-0.6908458471298218,-0.133375346660614,-0.05564983934164047,-0.17926982045173645,-0.01544609759002924,0.002072645351290703,-0.24789613485336304,-0.28136947751045227,-0.004103734157979488,-0.3330426514148712,-0.44284892082214355,0.0008644834160804749,-0.3747703433036804,-0.5695964097976685,0.004033580422401428,-0.001476374687626958,-0.00022454984718933702,-0.00031463580671697855,0.026608649641275406,-0.3772374391555786,0.08301667869091034,0.05872582644224167,-0.4208191931247711,0.3577699661254883,0.0648658275604248,-0.4838292598724365,0.592713475227356,0.1537693440914154,0.05958662927150726,0.014475209638476372,0.25667303800582886,-0.22615398466587067,0.10846461355686188,0.30555522441864014,-0.3076648712158203,0.36766517162323,0.3245466947555542,-0.36685872077941895,0.6087042093276978,0.36237621307373047,0.10156835615634918,0.11150345206260681,0.477652370929718,-0.1624666154384613,0.22371909022331238,0.5408294200897217,-0.24444431066513062,0.38104772567749023,0.5540595650672913,-0.3073262572288513,0.5558304786682129
392,0.21120840311050415,0.8840889930725098,0.15341652929782867,-0.11813586950302124,0.6206628084182739,0.2803182005882263,-0.41253232955932617,0.38495779037475586,0.26969900727272034,-0.5942972898483276,0.14775753021240234,0.07492563128471375,-0.701095700263977,-0.10948497802019119,-0.026639122515916824,-0.18229079246520996,-0.006200861185789108,0.0032348590902984142,-0.23976993560791016,-0.28483328223228455,0.02072242647409439,-0.3224261999130249,-0.4340630769729614,0.04008809104561806,-0.37073391675949097,-0.5629196166992188,0.05907248333096504,-0.0014475120697170496,-0.00022041623014956713,-0.00031899032182991505,0.027137286961078644,-0.37853437662124634,0.07227335125207901,0.05596818029880524,-0.4235939085483551,0.3466850519180298,0.06623052060604095,-0.4895535707473755,0.585047721862793,0.15691092610359192,0.05768083781003952,0.011732403188943863,0.2510335445404053,-0.23023787140846252,0.10748916864395142,0.30002981424331665,-0.31513717770576477,0.36523106694221497,0.3250073790550232,-0.37338876724243164,0.610419750213623,0.36775559186935425,0.1018444150686264,0.10568104684352875,0.4773470163345337,-0.16530892252922058,0.22046850621700287,0.5412456393241882,-0.2525675296783447,0.37768304347991943,0.5576604604721069,-0.3216480016708374,0.5570844411849976
393,0.19686129689216614,0.8952364921569824,0.10452356189489365,-0.1334201842546463,0.6256184577941895,0.2601640224456787,-0.42107588052749634,0.39961403608322144,0.2767859995365143,-0.6016711592674255,0.13120052218437195,0.06011930853128433,-0.704418957233429,-0.12474057823419571,-0.04274620860815048,-0.1923162192106247,0.005922694690525532,0.011648688465356827,-0.2474316507577896,-0.2835467457771301,0.04878303408622742,-0.3372396230697632,-0.4112201929092407,0.14413729310035706,-0.3705107271671295,-0.526734471321106,0.217871755361557,-0.0013522010995075107,-0.0002921462000813335,-0.0003015153924934566,0.020755160599946976,-0.37838128209114075,0.09033430367708206,0.03688517585396767,-0.4299033284187317,0.3588079810142517,0.05828232690691948,-0.4871554970741272,0.6075682640075684,0.15990880131721497,0.05760877579450607,0.009879069402813911,0.24063155055046082,-0.23756402730941772,0.11308661103248596,0.27579912543296814,-0.31798410415649414,0.37124690413475037,0.2879255712032318,-0.42571452260017395,0.6084953546524048,0.3742417097091675,0.09961917996406555,0.1168026477098465,0.4826481342315674,-0.1653670370578766,0.22801391780376434,0.5399702191352844,-0.25418633222579956,0.391110360622406,0.5527530312538147,-0.3256322741508484,0.5743755102157593
394,0.19996027648448944,0.8818962574005127,0.1827702522277832,-0.11229011416435242,0.5934864282608032,0.3396131992340088,-0.41966626048088074,0.3711665868759155,0.3326929807662964,-0.5737426280975342,0.11091829836368561,0.05077671632170677,-0.6665558815002441,-0.1002655029296875,-0.058643098920583725,-0.19545377790927887,0.011830511502921581,0.014266662299633026,-0.25428062677383423,-0.2728751599788666,0.07830031961202621,-0.3130236268043518,-0.3912080228328705,0.2687329351902008,-0.3777908682823181,-0.4508521258831024,0.2694624066352844,-0.0012234319001436234,-0.00026066371356137097,-0.00027369227609597147,0.02076088637113571,-0.3718045651912689,0.11080293357372284,0.03391304612159729,-0.41699114441871643,0.3803500533103943,0.04356858879327774,-0.4662996828556061,0.6229712963104248,0.16152015328407288,0.04482400789856911,0.020802296698093414,0.2200630009174347,-0.23611566424369812,0.13718092441558838,0.2504861354827881,-0.30772531032562256,0.40145593881607056,0.26743844151496887,-0.39985597133636475,0.637121856212616,0.3633209466934204,0.08320759981870651,0.13983209431171417,0.4682723581790924,-0.19241344928741455,0.25850462913513184,0.5223414897918701,-0.2594341039657593,0.42127394676208496,0.5344597697257996,-0.3299541473388672,0.5940795540809631
395,0.23912173509597778,0.8735207319259644,0.23057124018669128,-0.09216786175966263,0.6038028001785278,0.3429986834526062,-0.39145857095718384,0.3808945417404175,0.3506406545639038,-0.5283281207084656,0.1043851375579834,0.046858467161655426,-0.5293537974357605,-0.20844559371471405,0.1568392515182495,-0.19436275959014893,0.02348347008228302,0.01224568672478199,-0.24909326434135437,-0.2537463903427124,0.11858358979225159,-0.3006932735443115,-0.32673966884613037,0.3336360454559326,-0.342353880405426,-0.3173598051071167,0.3041088879108429,-0.0011165962787345052,-0.00025766363251022995,-0.00025308787007816136,0.003755453508347273,-0.3405553102493286,0.14580105245113373,-0.0019819196313619614,-0.341682493686676,0.3957868814468384,0.0008639320731163025,-0.2793898582458496,0.5229151248931885,0.16592025756835938,0.0480576790869236,0.033811189234256744,0.18157950043678284,-0.22275742888450623,0.18308056890964508,0.1981174349784851,-0.24514277279376984,0.4465203881263733,0.2266218066215515,-0.21295055747032166,0.594231128692627,0.34922176599502563,0.08249858021736145,0.15632319450378418,0.394636332988739,-0.18023040890693665,0.3248584270477295,0.43408864736557007,-0.19391506910324097,0.4741804301738739,0.4421193599700928,-0.22777503728866577,0.6179461479187012
396,0.2868141531944275,0.8511875867843628,0.2695402204990387,-0.06502068787813187,0.6373578310012817,0.32444751262664795,-0.38005244731903076,0.3951336741447449,0.3478190302848816,-0.5058645606040955,0.10934630036354065,0.03940968960523605,-0.46562620997428894,-0.2684735059738159,0.28118911385536194,-0.19696643948554993,0.03556671738624573,0.009460506029427052,-0.24844390153884888,-0.22952881455421448,0.13672009110450745,-0.2977336049079895,-0.28505006432533264,0.37783557176589966,-0.34045156836509705,-0.24841061234474182,0.37309402227401733,-0.0010291490470990539,-0.00026989757316187024,-0.00023736584989819676,-0.004558497108519077,-0.3250160217285156,0.16664594411849976,-0.023215526714920998,-0.30572500824928284,0.4132187068462372,-0.0259129386395216,-0.17654834687709808,0.503187894821167,0.16788345575332642,0.05187033489346504,0.04435595124959946,0.16167286038398743,-0.21484559774398804,0.21195340156555176,0.16559234261512756,-0.2142980843782425,0.4789394736289978,0.1726171374320984,-0.10249720513820648,0.580406904220581,0.34623417258262634,0.08551260828971863,0.1633485108613968,0.3646966814994812,-0.14728331565856934,0.3627997636795044,0.38625890016555786,-0.15084129571914673,0.5054545402526855,0.3769702613353729,-0.10627353936433792,0.6365444660186768
397,0.30743712186813354,0.8349428772926331,0.28648409247398376,-0.06006262078881264,0.6506661176681519,0.28349441289901733,-0.39324280619621277,0.4101549983024597,0.3281690776348114,-0.5042160749435425,0.11631752550601959,0.026989514008164406,-0.5112379789352417,-0.08844336122274399,0.14384347200393677,-0.20811770856380463,0.04552412033081055,0.009023183025419712,-0.25388675928115845,-0.2132667899131775,0.14051824808120728,-0.31654828786849976,-0.2651107907295227,0.41395682096481323,-0.357468843460083,-0.23467093706130981,0.46969372034072876,-0.0010495760943740606,-0.00032432418083772063,-0.00024503469467163086,-0.0072647156193852425,-0.3041847348213196,0.177117258310318,-0.03617170453071594,-0.28214579820632935,0.4306930899620056,-0.05786912515759468,-0.09769482910633087,0.48843932151794434,0.1676756739616394,0.05588889122009277,0.0485885813832283,0.14432960748672485,-0.19815632700920105,0.2352374792098999,0.13568106293678284,-0.15897761285305023,0.4922570586204529,0.13223148882389069,0.0011621639132499695,0.5630285143852234,0.3389432728290558,0.09014393389225006,0.16415151953697205,0.3467162549495697,-0.09575905650854111,0.40927958488464355,0.3535061478614807,-0.0738338753581047,0.5495110750198364,0.3176264762878418,0.01674899458885193,0.6436706781387329
398,0.3217593729496002,0.8407717347145081,0.26573318243026733,-0.06095597892999649,0.6874798536300659,0.2402411550283432,-0.4070379137992859,0.41070884466171265,0.31774836778640747,-0.5248802900314331,0.12619614601135254,0.10280501842498779,-0.5680446624755859,-0.010431524366140366,0.21052977442741394,-0.22112971544265747,0.04891446605324745,0.026412803679704666,-0.25374534726142883,-0.2227369099855423,0.1681843400001526,-0.32960712909698486,-0.27783894538879395,0.4561144709587097,-0.36184096336364746,-0.24814395606517792,0.5938243865966797,-0.0011274113785475492,-0.00042441842379048467,-0.00025911349803209305,-0.017975464463233948,-0.29789137840270996,0.21870703995227814,-0.043772317469120026,-0.25576120615005493,0.4590104818344116,-0.05904287099838257,-0.06575919687747955,0.5203063488006592,0.17256449162960052,0.055518798530101776,0.04477206617593765,0.14164721965789795,-0.18105101585388184,0.2627831697463989,0.1450558602809906,-0.0790606215596199,0.5108318328857422,0.12981879711151123,0.04162812978029251,0.573788583278656,0.34848546981811523,0.0909048318862915,0.15415585041046143,0.34209775924682617,-0.063301682472229,0.4352591931819916,0.3476611375808716,-0.0217360220849514,0.5723236799240112,0.29430150985717773,0.12251102179288864,0.6433942914009094
399,0.3346722722053528,0.8248862028121948,0.29490405321121216,-0.046943873167037964,0.6707388758659363,0.27858269214630127,-0.38881129026412964,0.4196055829524994,0.3013322949409485,-0.5342128872871399,0.12908853590488434,0.1709119975566864,-0.603779673576355,0.011104779317975044,0.2679474353790283,-0.2197263538837433,0.050502121448516846,0.039946988224983215,-0.25296124815940857,-0.21922314167022705,0.17709118127822876,-0.33598294854164124,-0.30263954401016235,0.3688144087791443,-0.3775392174720764,-0.34661632776260376,0.4785521626472473,-0.0012084926711395383,-0.0004837157321162522,-0.00025930255651474,-0.00668644905090332,-0.25135940313339233,0.2471083104610443,-0.03731342777609825,-0.16498470306396484,0.4867652356624603,-0.0326082706451416,-0.0005323067307472229,0.5401788949966431,0.18200501799583435,0.05922245606780052,0.03706978261470795,0.18383023142814636,-0.14420142769813538,0.2792809307575226,0.17666295170783997,0.005388177931308746,0.4971873462200165,0.13380226492881775,0.14688439667224884,0.5709784626960754,0.3590008616447449,0.09630273282527924,0.15447551012039185,0.3702995777130127,-0.05462813749909401,0.43968212604522705,0.366621732711792,0.07915859669446945,0.5556178092956543,0.3402729332447052,0.1847028136253357,0.6191227436065674
400,0.3384246230125427,0.8369939923286438,0.28121688961982727,-0.060907796025276184,0.6873111724853516,0.2536478042602539,-0.4041491150856018,0.4332389831542969,0.28181958198547363,-0.5524852275848389,0.14849694073200226,0.21287602186203003,-0.6463754177093506,0.0722043439745903,0.2734125852584839,-0.22823674976825714,0.052377477288246155,0.056164905428886414,-0.255511999130249,-0.22163629531860352,0.18303725123405457,-0.34414899349212646,-0.30842921137809753,0.38533711433410645,-0.39812973141670227,-0.36427441239356995,0.5479045510292053,-0.0013355573173612356,-0.000538111082278192,-0.0002693825226742774,-0.007469632662832737,-0.25567418336868286,0.2602607011795044,-0.0450308620929718,-0.18059033155441284,0.5007933378219604,-0.04773677885532379,-0.05074772611260414,0.6032267808914185,0.18360203504562378,0.056991640478372574,0.034925177693367004,0.19090884923934937,-0.1305048018693924,0.2934566140174866,0.19490861892700195,0.013257339596748352,0.4914253354072571,0.13645221292972565,0.16610434651374817,0.6006326079368591,0.36524391174316406,0.10651804506778717,0.14771169424057007,0.3784622251987457,-0.038434404879808426,0.44492489099502563,0.3656712770462036,0.11749625205993652,0.5656305551528931,0.3484492003917694,0.18962323665618896,0.6356601715087891
401,0.3204841613769531,0.8310819268226624,0.3058091402053833,-0.06192886084318161,0.6424955129623413,0.3156259059906006,-0.4073190689086914,0.3974156379699707,0.31607872247695923,-0.48281043767929077,0.007693946361541748,0.23891671001911163,-0.5531489253044128,-0.12184169888496399,0.3204289674758911,-0.22452744841575623,0.044068593531847,0.03682752698659897,-0.2728418707847595,-0.23491396009922028,0.17972786724567413,-0.34672343730926514,-0.2982111871242523,0.41940757632255554,-0.35369932651519775,-0.27903735637664795,0.5462430119514465,-0.0012213662266731262,-0.00046077423030510545,-0.00025952569558285177,-0.021733591333031654,-0.28813832998275757,0.24536484479904175,-0.06735508143901825,-0.2209499180316925,0.4822515845298767,-0.06580142676830292,-0.07057984173297882,0.558316707611084,0.1800198256969452,0.056717902421951294,0.049132294952869415,0.16701894998550415,-0.1699272245168686,0.28333911299705505,0.1552514284849167,-0.08286147564649582,0.5055213570594788,0.12188369035720825,0.06798689812421799,0.5893436670303345,0.35591012239456177,0.10188322514295578,0.1632029414176941,0.3636398911476135,-0.1040022224187851,0.4214041531085968,0.35469454526901245,-0.015690378844738007,0.5450472235679626,0.33302927017211914,0.03881664574146271,0.6493402123451233
402,0.3142055571079254,0.8270961046218872,0.319435179233551,-0.05370486155152321,0.621247410774231,0.3664875626564026,-0.408458948135376,0.37432020902633667,0.34928280115127563,-0.5291748046875,0.0958976149559021,0.19232887029647827,-0.6471217274665833,-0.1061050146818161,0.20830024778842926,-0.22808045148849487,0.037242040038108826,0.02604764513671398,-0.2800616919994354,-0.25163647532463074,0.16437645256519318,-0.3557751774787903,-0.3144158124923706,0.4203919768333435,-0.3889580965042114,-0.33548861742019653,0.5376794338226318,-0.0012467480264604092,-0.00039605400525033474,-0.00026088839513249695,-0.03161056712269783,-0.3145555257797241,0.22352302074432373,-0.08183231949806213,-0.25680965185165405,0.456684410572052,-0.09392189979553223,-0.12639573216438293,0.5465152263641357,0.17674696445465088,0.05048694461584091,0.057510100305080414,0.1579752117395401,-0.19425150752067566,0.27595728635787964,0.15563558042049408,-0.14619076251983643,0.49862590432167053,0.10802790522575378,-0.03247654810547829,0.582126796245575,0.3510954976081848,0.08980168402194977,0.17653389275074005,0.3608819246292114,-0.15241262316703796,0.40324798226356506,0.3706710934638977,-0.10970423370599747,0.5318286418914795,0.34589922428131104,-0.08270466327667236,0.6353875398635864
403,0.3277367353439331,0.8255477547645569,0.33667534589767456,-0.03917397931218147,0.6239094734191895,0.3707910180091858,-0.3823491334915161,0.4244563579559326,0.34647879004478455,-0.5545154809951782,0.18081241846084595,0.16351154446601868,-0.724022388458252,-0.09924115240573883,0.157750204205513,-0.2202627956867218,0.039750248193740845,0.03764428198337555,-0.2878117859363556,-0.25787100195884705,0.09685564786195755,-0.3843502998352051,-0.36968499422073364,0.25280246138572693,-0.4199693500995636,-0.4918232560157776,0.462351530790329,-0.00125985243357718,-0.000358619901817292,-0.00026773259742185473,-0.022610515356063843,-0.3407996594905853,0.17211994528770447,-0.11225295066833496,-0.3341623544692993,0.40702563524246216,-0.17528453469276428,-0.3020617961883545,0.5522188544273376,0.17087464034557343,0.05114651843905449,0.05386941134929657,0.15946868062019348,-0.21553830802440643,0.24990636110305786,0.14776945114135742,-0.22094687819480896,0.4833943843841553,0.10855159163475037,-0.22075070440769196,0.6292943358421326,0.34946367144584656,0.0902358740568161,0.17600782215595245,0.361996054649353,-0.16805243492126465,0.38994258642196655,0.3815704584121704,-0.16297860443592072,0.5263471603393555,0.35595208406448364,-0.1704903542995453,0.6499544382095337
404,0.36050742864608765,0.8097989559173584,0.34994691610336304,-0.00151725672185421,0.5997747182846069,0.3865819573402405,-0.366487979888916,0.42980265617370605,0.3323436975479126,-0.562542736530304,0.21347561478614807,0.13544027507305145,-0.7748655080795288,-0.0626019686460495,0.06925805658102036,-0.20881429314613342,0.019335569813847542,0.05648072436451912,-0.27724626660346985,-0.26127609610557556,0.028764823451638222,-0.39049720764160156,-0.4069100022315979,0.1345275640487671,-0.45732495188713074,-0.5719588994979858,0.26429593563079834,-0.0013721154537051916,-0.0003572141577024013,-0.000280366453807801,-0.008579297922551632,-0.3549651801586151,0.12433028221130371,-0.11256527900695801,-0.38751962780952454,0.34843897819519043,-0.21007566154003143,-0.44856104254722595,0.4930306077003479,0.16734202206134796,0.049649424850940704,0.04897657409310341,0.1723751425743103,-0.2281496673822403,0.21319136023521423,0.16033373773097992,-0.2670738399028778,0.455697238445282,0.13453131914138794,-0.31232401728630066,0.6413905024528503,0.34661954641342163,0.08360185474157333,0.17076870799064636,0.36918121576309204,-0.1716245710849762,0.38169535994529724,0.3964170515537262,-0.1802295744419098,0.5177559852600098,0.3764641284942627,-0.20634549856185913,0.6434650421142578
405,0.35851454734802246,0.8135938048362732,0.34524109959602356,0.019084297120571136,0.5772278308868408,0.40745434165000916,-0.34227269887924194,0.4190404415130615,0.33222559094429016,-0.567566990852356,0.22353100776672363,0.12344743311405182,-0.8015711307525635,-0.05153972655534744,0.025287676602602005,-0.19946715235710144,0.0053736804984509945,0.06661073118448257,-0.2687346935272217,-0.267059326171875,-0.012311311438679695,-0.38949424028396606,-0.4343315362930298,0.06232399865984917,-0.4684563875198364,-0.6161704063415527,0.15096203982830048,-0.0013810237869620323,-0.0003069384256377816,-0.0002859111991710961,0.0027823355048894882,-0.3631579279899597,0.09357623755931854,-0.11087773740291595,-0.41876304149627686,0.30797991156578064,-0.22887803614139557,-0.5301974415779114,0.4431232213973999,0.16491755843162537,0.048680417239665985,0.04605034738779068,0.18921443819999695,-0.22666329145431519,0.19132515788078308,0.17011921107769012,-0.2997542917728424,0.4339166283607483,0.1538265198469162,-0.373793363571167,0.6381288170814514,0.3448369801044464,0.07521982491016388,0.1677129864692688,0.3743385672569275,-0.1782422512769699,0.3717479407787323,0.395306795835495,-0.19595839083194733,0.5046886205673218,0.3896353840827942,-0.23748013377189636,0.6307425498962402
406,0.37973374128341675,0.7814265489578247,0.3635329008102417,0.02359473891556263,0.5623038411140442,0.4304236173629761,-0.3419990539550781,0.4141361713409424,0.3173418641090393,-0.5720376968383789,0.2481381893157959,0.09978844225406647,-0.8010379076004028,-0.06195123493671417,0.01621728204190731,-0.19421011209487915,0.0006429841741919518,0.053138554096221924,-0.2602720856666565,-0.2710886597633362,-0.03262229636311531,-0.32332170009613037,-0.48059186339378357,0.128814697265625,-0.47149115800857544,-0.6290245056152344,0.10102687776088715,-0.001399234402924776,-0.00023890254669822752,-0.0002933244686573744,0.010435359552502632,-0.36160674691200256,0.11153984069824219,-0.09097273647785187,-0.4181663393974304,0.3126998245716095,-0.21200887858867645,-0.5142510533332825,0.47466135025024414,0.15923449397087097,0.05381894111633301,0.04939798638224602,0.1877349615097046,-0.22133785486221313,0.19153228402137756,0.16268500685691833,-0.30251359939575195,0.4325947165489197,0.1514815390110016,-0.3950392007827759,0.6410845518112183,0.3329885005950928,0.07448117434978485,0.17856799066066742,0.3590087890625,-0.1689724326133728,0.38770195841789246,0.3738822937011719,-0.19665753841400146,0.5024131536483765,0.37665867805480957,-0.2502112090587616,0.6232700347900391
407,0.3618304431438446,0.7668185234069824,0.3938211500644684,-0.0038155410438776016,0.5369987487792969,0.4339437484741211,-0.3424498438835144,0.36295729875564575,0.3297497034072876,-0.569343090057373,0.20507799088954926,0.1090916246175766,-0.7764448523521423,-0.11180627346038818,0.04694030433893204,-0.18560358881950378,-0.007295800372958183,0.0043322425335645676,-0.21625247597694397,-0.3131007254123688,0.004366548731923103,-0.3149719834327698,-0.45483922958374023,0.17576918005943298,-0.42307204008102417,-0.5453735589981079,0.18346063792705536,-0.00121964979916811,-0.00016620717360638082,-0.0002910047769546509,-0.006848098244518042,-0.35036587715148926,0.1380208283662796,-0.1132882684469223,-0.41092950105667114,0.31056883931159973,-0.23572194576263428,-0.4265907108783722,0.37405645847320557,0.14209482073783875,0.042797356843948364,0.07056096196174622,0.15288732945919037,-0.20496097207069397,0.21942521631717682,0.07623773068189621,-0.294783353805542,0.4213867485523224,0.05466557294130325,-0.3366551399230957,0.571049690246582,0.30881574749946594,0.06951978802680969,0.20033486187458038,0.3236752152442932,-0.16136100888252258,0.41829144954681396,0.307758629322052,-0.19542057812213898,0.5169177055358887,0.27023521065711975,-0.21017035841941833,0.6287282109260559
408,0.36316365003585815,0.7686408758163452,0.40472233295440674,-0.01373378001153469,0.5398555994033813,0.4147569537162781,-0.3544023931026459,0.3687131404876709,0.29364871978759766,-0.48884379863739014,0.0010845139622688293,0.1647913008928299,-0.6120151281356812,-0.2508143186569214,0.16024792194366455,-0.18301379680633545,-0.008892065845429897,-0.019275488331913948,-0.1887315809726715,-0.34453290700912476,0.03882530331611633,-0.30285197496414185,-0.41900622844696045,0.25197622179985046,-0.41466856002807617,-0.43795526027679443,0.30745941400527954,-0.0009461994050070643,-0.00010110354196513072,-0.0002526614407543093,-0.016913538798689842,-0.347382128238678,0.15717966854572296,-0.1221352070569992,-0.38832181692123413,0.34111547470092773,-0.24943199753761292,-0.3583855628967285,0.4048239588737488,0.13996830582618713,0.05629488825798035,0.08350776135921478,0.13699306547641754,-0.19083291292190552,0.22725889086723328,0.04203926399350166,-0.274859756231308,0.439658522605896,0.019086619839072227,-0.18165306746959686,0.529487133026123,0.29803916811943054,0.08702721446752548,0.21174898743629456,0.2822391986846924,-0.12977126240730286,0.44801080226898193,0.25722694396972656,-0.15816763043403625,0.5275112986564636,0.2412252575159073,-0.14290301501750946,0.6492937803268433
409,0.36531269550323486,0.7900441884994507,0.3688023090362549,-0.006926152389496565,0.5765624046325684,0.3649183511734009,-0.36749422550201416,0.35774511098861694,0.2776988744735718,-0.4374168813228607,-0.07461818307638168,0.19810958206653595,-0.5311678647994995,-0.3062657117843628,0.22073468565940857,-0.1814337819814682,-0.006347172893583775,-0.020936883985996246,-0.16395610570907593,-0.35473060607910156,0.08576314151287079,-0.2940841019153595,-0.37287020683288574,0.3264339566230774,-0.3589933514595032,-0.337516725063324,0.3406658172607422,-0.0008134046802297235,-9.428161138202995e-05,-0.00023826485266909003,-0.013680832460522652,-0.3334990441799164,0.18162751197814941,-0.10598795115947723,-0.36182934045791626,0.371648907661438,-0.2306661158800125,-0.2600215971469879,0.42121976613998413,0.1480485200881958,0.05765022337436676,0.082006074488163,0.15009421110153198,-0.1674545407295227,0.23614582419395447,0.05119047313928604,-0.24936747550964355,0.457412451505661,0.033764369785785675,-0.08775917440652847,0.5489572286605835,0.30261388421058655,0.1083521842956543,0.2022511065006256,0.27746376395225525,-0.08333612233400345,0.46798139810562134,0.2668819725513458,-0.09216022491455078,0.5444749593734741,0.2585337162017822,-0.09245086461305618,0.6466977000236511
410,0.3770521581172943,0.8053642511367798,0.3306243419647217,-0.03370659798383713,0.5995309948921204,0.2948463261127472,-0.3700636029243469,0.35247015953063965,0.24995797872543335,-0.4080383777618408,-0.09103275835514069,0.217657208442688,-0.4660673439502716,-0.3159545660018921,0.28266555070877075,-0.18349111080169678,0.0003450736403465271,-0.02224856987595558,-0.21052907407283783,-0.29539185762405396,0.12075641751289368,-0.3154907822608948,-0.32270145416259766,0.38798004388809204,-0.3680728077888489,-0.2792976200580597,0.43076854944229126,-0.0009063445031642914,-0.000140356773044914,-0.00023818633053451777,-0.01955888606607914,-0.3235967755317688,0.2077435851097107,-0.099814273416996,-0.31056612730026245,0.39874565601348877,-0.19928736984729767,-0.16528074443340302,0.42480361461639404,0.15940386056900024,0.06584298610687256,0.0769418329000473,0.15071555972099304,-0.14584675431251526,0.25120240449905396,0.059008192270994186,-0.2263924926519394,0.47857487201690674,0.015556951984763145,0.03075532615184784,0.5250461101531982,0.31092777848243713,0.1175147220492363,0.18830832839012146,0.27887070178985596,-0.047238003462553024,0.4793371558189392,0.27636057138442993,-0.043698105961084366,0.5587809085845947,0.26952314376831055,-0.050058189779520035,0.6556357145309448
411,0.36983197927474976,0.8251732587814331,0.2756401598453522,-0.037971824407577515,0.6458842754364014,0.24109336733818054,-0.37147778272628784,0.3795928955078125,0.24863994121551514,-0.44549560546875,0.06561284512281418,0.1612412929534912,-0.4153359532356262,-0.34544938802719116,0.37050479650497437,-0.1926157921552658,0.016584545373916626,-0.01589636318385601,-0.22424891591072083,-0.26770129799842834,0.13436944782733917,-0.320128858089447,-0.3011862635612488,0.4193919003009796,-0.37259507179260254,-0.26103219389915466,0.47685444355010986,-0.0009456214029341936,-0.00016234589566010982,-0.00024814874632284045,-0.016309315338730812,-0.31966203451156616,0.21176627278327942,-0.07594016194343567,-0.3201550841331482,0.4085756540298462,-0.17923873662948608,-0.14680147171020508,0.4762531518936157,0.167232483625412,0.06797565519809723,0.0711899921298027,0.15369904041290283,-0.13712534308433533,0.2590896487236023,0.07066339999437332,-0.22541238367557526,0.48861831426620483,0.05385809764266014,0.05862811207771301,0.5591654777526855,0.3182554244995117,0.1213974729180336,0.17903640866279602,0.3080672025680542,-0.02192940004169941,0.46628624200820923,0.30257320404052734,0.00016626901924610138,0.5771585702896118,0.2809702754020691,-0.01173210795968771,0.653791606426239
412,0.3691278100013733,0.840634286403656,0.24549812078475952,-0.0292649082839489,0.6812519431114197,0.19310262799263,-0.3669382929801941,0.4147881865501404,0.2669065594673157,-0.46537625789642334,0.1536833643913269,0.1469118297100067,-0.46516841650009155,-0.1299857646226883,0.18595930933952332,-0.1978810727596283,0.02653869427740574,-0.008516562171280384,-0.23008713126182556,-0.24826546013355255,0.14931663870811462,-0.3222586512565613,-0.3043258786201477,0.4378710389137268,-0.3756188154220581,-0.27594295144081116,0.5234028697013855,-0.0009995136642828584,-0.00019538581545930356,-0.00026468257419764996,-0.01600293256342411,-0.31533533334732056,0.19732502102851868,-0.06538836658000946,-0.3322058320045471,0.4170323610305786,-0.15878885984420776,-0.1467897593975067,0.5109269618988037,0.17075611650943756,0.06972530484199524,0.06391729414463043,0.14218434691429138,-0.14694353938102722,0.2650699019432068,0.07553951442241669,-0.23147132992744446,0.4871111512184143,0.0760025829076767,0.07147832214832306,0.5717340111732483,0.32470807433128357,0.11735643446445465,0.16835546493530273,0.3231584131717682,-0.0075575509108603,0.4626895785331726,0.3168388605117798,0.04010651633143425,0.5911645889282227,0.2747465670108795,0.048165298998355865,0.6482698917388916
413,0.3707083463668823,0.8294185996055603,0.2623545527458191,-0.022011615335941315,0.6999347805976868,0.1869458556175232,-0.36950480937957764,0.43197083473205566,0.26877981424331665,-0.490152508020401,0.20155581831932068,0.15264540910720825,-0.5057826042175293,-0.00198228657245636,0.07927536964416504,-0.20037603378295898,0.03564329072833061,-0.014121751300990582,-0.23620030283927917,-0.23427629470825195,0.15274560451507568,-0.32999491691589355,-0.3016928434371948,0.44759508967399597,-0.3764369785785675,-0.299385130405426,0.5704957246780396,-0.0009996468434110284,-0.00020721336477436125,-0.00026801603962667286,-0.01513262465596199,-0.3113522529602051,0.1887308955192566,-0.06479747593402863,-0.3301844596862793,0.42362260818481445,-0.15217778086662292,-0.13350094854831696,0.5229012966156006,0.17014840245246887,0.07208040356636047,0.062487728893756866,0.13025838136672974,-0.14662514626979828,0.2697247564792633,0.07913529872894287,-0.22954702377319336,0.4921634793281555,0.09139114618301392,0.08531548082828522,0.5711928606033325,0.3285260796546936,0.1156773716211319,0.16305682063102722,0.32624152302742004,-0.00021525309421122074,0.45996615290641785,0.3044971525669098,0.0744500607252121,0.5976816415786743,0.2772362232208252,0.08554117381572723,0.656305730342865
414,0.367404043674469,0.8281627297401428,0.27171024680137634,-0.022593118250370026,0.7102645039558411,0.1715579628944397,-0.3792065680027008,0.43683016300201416,0.250499963760376,-0.5080195665359497,0.225521057844162,0.15264573693275452,-0.5357139110565186,0.0687195360660553,0.027449900284409523,-0.20259705185890198,0.03943163901567459,-0.01947746053338051,-0.24354127049446106,-0.2257843166589737,0.1519809067249298,-0.3393087685108185,-0.30108267068862915,0.4568129777908325,-0.38115012645721436,-0.316283255815506,0.6051113605499268,-0.0010068330448120832,-0.0002278635511174798,-0.0002681812329683453,-0.014991668052971363,-0.3087286949157715,0.1855315864086151,-0.06635334342718124,-0.32749831676483154,0.43120110034942627,-0.1479867547750473,-0.12321718037128448,0.5427885055541992,0.1699150800704956,0.07344483584165573,0.0607294924557209,0.12415143847465515,-0.14848968386650085,0.2722834348678589,0.08309952914714813,-0.2300228774547577,0.49463051557540894,0.09879498183727264,0.10421241074800491,0.5744873285293579,0.3325020670890808,0.1134752705693245,0.15982067584991455,0.3267441391944885,0.00478642201051116,0.4616183042526245,0.31151753664016724,0.07882754504680634,0.6099705696105957,0.2746099829673767,0.11049220710992813,0.6621348857879639
415,0.3641918897628784,0.8332934975624084,0.27027982473373413,-0.015583607368171215,0.7116474509239197,0.1766992062330246,-0.3750438690185547,0.4350784122943878,0.26508378982543945,-0.500071108341217,0.23548699915409088,0.14658379554748535,-0.5528888702392578,0.08888565003871918,-0.01107812486588955,-0.20785203576087952,0.044403403997421265,-0.014604896306991577,-0.24007129669189453,-0.2327888011932373,0.16596871614456177,-0.33533352613449097,-0.28379401564598083,0.47651156783103943,-0.3734469413757324,-0.30302780866622925,0.6223931312561035,-0.0010492268484085798,-0.00027538108406588435,-0.0002678463060874492,-0.0092375623062253,-0.3110355734825134,0.1949082314968109,-0.05487757921218872,-0.31523188948631287,0.444426953792572,-0.13263307511806488,-0.10592852532863617,0.5331534147262573,0.17111757397651672,0.07455533742904663,0.05560895800590515,0.12928897142410278,-0.14735233783721924,0.27917376160621643,0.10662850737571716,-0.12560111284255981,0.49445706605911255,0.102410227060318,0.1262354701757431,0.5682361125946045,0.3368534445762634,0.12382815033197403,0.15879034996032715,0.3332560062408447,0.024955634027719498,0.4610022008419037,0.3026246428489685,0.11354030668735504,0.6005708575248718,0.2727401852607727,0.13343463838100433,0.657065749168396
416,0.36838090419769287,0.8296897411346436,0.27820688486099243,-0.028263457119464874,0.6897464394569397,0.20525875687599182,-0.37903618812561035,0.4300943613052368,0.2700347304344177,-0.49733293056488037,0.20897802710533142,0.13332214951515198,-0.5467933416366577,0.08880284428596497,0.04070156067609787,-0.2072770595550537,0.04181358218193054,-0.025978924706578255,-0.25003325939178467,-0.21236732602119446,0.15661731362342834,-0.34364408254623413,-0.2597920298576355,0.46768075227737427,-0.38727235794067383,-0.25530335307121277,0.5830568075180054,-0.0010253915097564459,-0.0002487453166395426,-0.00025884259957820177,-0.011749530211091042,-0.2997123599052429,0.19629539549350739,-0.08112002164125443,-0.24974073469638824,0.45336800813674927,-0.12426778674125671,-0.058382291346788406,0.5007960200309753,0.17087458074092865,0.07478759437799454,0.060438890010118484,0.12712180614471436,-0.14208875596523285,0.2916366159915924,0.09143760055303574,-0.10464353859424591,0.5064331293106079,0.08537173271179199,0.14232003688812256,0.5550075173377991,0.3290596604347229,0.12740088999271393,0.17711587250232697,0.30964213609695435,0.007759911473840475,0.4886574149131775,0.27702686190605164,0.13372835516929626,0.6100037097930908,0.2532714009284973,0.156600683927536,0.6601946353912354
417,0.3843666613101959,0.8096252679824829,0.28704696893692017,0.03201724588871002,0.6867794990539551,0.26819801330566406,-0.31440913677215576,0.43498146533966064,0.26770925521850586,-0.48699983954429626,0.15907245874404907,0.16047804057598114,-0.5330196022987366,0.039165399968624115,0.1504802256822586,-0.19154785573482513,0.05194750800728798,0.009609289467334747,-0.24761679768562317,-0.16830851137638092,0.15346834063529968,-0.26473647356033325,-0.14123491942882538,0.4667910933494568,-0.2315616011619568,-0.08638495206832886,0.5680221915245056,-0.0009405538439750671,-0.0003949227975681424,-0.00026028905995190144,-0.02088112011551857,-0.2354622781276703,0.22285234928131104,-0.013441238552331924,-0.09666403383016586,0.44302499294281006,-0.008378151804208755,0.041870616376399994,0.4758032262325287,0.1710696816444397,0.05060612037777901,0.05115571618080139,0.13942381739616394,-0.13779933750629425,0.28420203924179077,0.14462745189666748,-0.01826959103345871,0.49471282958984375,0.14765885472297668,0.19909143447875977,0.49291539192199707,0.3484708070755005,0.108680360019207,0.15111130475997925,0.3437196910381317,-0.03978819027543068,0.45415329933166504,0.34473878145217896,0.0900181457400322,0.5726359486579895,0.3108876347541809,0.186804860830307,0.5913630723953247
418,0.3974505066871643,0.7862168550491333,0.29573893547058105,0.08105215430259705,0.66826331615448,0.30070018768310547,-0.26508867740631104,0.4422544836997986,0.22417663037776947,-0.4982929229736328,0.10863014310598373,0.1989099681377411,-0.5323607325553894,-0.03702384978532791,0.1353820413351059,-0.1749410331249237,0.05360248312354088,0.014332614839076996,-0.22257480025291443,-0.14304259419441223,0.08894448727369308,-0.23412398993968964,-0.05193329602479935,0.397569477558136,-0.24581915140151978,0.0056154318153858185,0.3922875225543976,-0.0007538505014963448,-0.00027868812321685255,-0.00024324088008143008,-0.025377731770277023,-0.16969187557697296,0.22094430029392242,-0.0140483183786273,0.01957232505083084,0.44438669085502625,0.0076842703856527805,0.1228223592042923,0.4289107918739319,0.16640621423721313,0.03039521910250187,0.04554592818021774,0.17404717206954956,-0.12977156043052673,0.24618443846702576,0.1331993043422699,0.0739649087190628,0.4646580219268799,0.21887870132923126,0.2761082947254181,0.47929874062538147,0.3747897148132324,0.0674368292093277,0.1159568652510643,0.3978245258331299,-0.09342478215694427,0.3923652470111847,0.386539101600647,0.14161360263824463,0.5006329417228699,0.3722134828567505,0.21713528037071228,0.549739420413971
419,0.41489720344543457,0.7713395357131958,0.2917209267616272,0.10409116744995117,0.6605424284934998,0.31430208683013916,-0.24456313252449036,0.4457496404647827,0.18370026350021362,-0.48823457956314087,0.06609203666448593,0.15364110469818115,-0.5296645164489746,-0.08499281108379364,0.12174174189567566,-0.17148983478546143,0.05577681213617325,0.01672849804162979,-0.208734393119812,-0.13079765439033508,0.046687204390764236,-0.22035236656665802,-0.036584917455911636,0.31105130910873413,-0.25449830293655396,0.048666562885046005,0.2877000570297241,-0.0006516371504403651,-0.0002041722764261067,-0.000234820312471129,-0.026043791323900223,-0.1407783031463623,0.22142213582992554,-0.013081032782793045,0.08269870281219482,0.4446153938770294,0.023283176124095917,0.20216535031795502,0.38575226068496704,0.16491350531578064,0.017440639436244965,0.041252005845308304,0.1721179336309433,-0.12133865803480148,0.24609309434890747,0.17968514561653137,0.08720239251852036,0.46546393632888794,0.2625853419303894,0.2682841420173645,0.5168017148971558,0.3795992136001587,0.014860119670629501,0.09094953536987305,0.42363739013671875,-0.12188827991485596,0.3674822747707367,0.4104711413383484,0.17466403543949127,0.46152395009994507,0.40788689255714417,0.23646315932273865,0.5311829447746277
420,0.4235575795173645,0.7714507579803467,0.26736539602279663,0.12293767929077148,0.6535625457763672,0.3254241943359375,-0.227708101272583,0.4537102282047272,0.1561093032360077,-0.45795828104019165,0.051121436059474945,0.14996065199375153,-0.501822292804718,-0.09563994407653809,0.15432769060134888,-0.1681189239025116,0.05081341788172722,0.025578714907169342,-0.1862856149673462,-0.13155947625637054,0.006770249456167221,-0.1773066222667694,-0.028706375509500504,0.287156343460083,-0.21608872711658478,0.15352702140808105,0.14193758368492126,-0.0005404306575655937,-0.00033449631882831454,-0.00023742411576677114,-0.03966280072927475,-0.11574263870716095,0.21633006632328033,-0.006418135948479176,0.11650149524211884,0.44322580099105835,0.06185717508196831,0.27057716250419617,0.35481083393096924,0.1594492346048355,0.0036415746435523033,0.05090708285570145,0.2039860337972641,-0.11817117035388947,0.23897096514701843,0.20353761315345764,0.12760379910469055,0.42328232526779175,0.2624329626560211,0.30856314301490784,0.4858485460281372,0.3760353922843933,-0.01891515403985977,0.06930369883775711,0.44680842757225037,-0.1344556361436844,0.33414459228515625,0.42813628911972046,0.17986971139907837,0.4230716824531555,0.4312366247177124,0.23056310415267944,0.5015959143638611
421,0.42849496006965637,0.7714861631393433,0.2418104112148285,0.1235288605093956,0.6494661569595337,0.32534921169281006,-0.21510401368141174,0.4453842043876648,0.1322249323129654,-0.4497888684272766,0.02493877522647381,0.13418176770210266,-0.4839627146720886,-0.12111788988113403,0.15201902389526367,-0.16224536299705505,0.04895804077386856,0.035667210817337036,-0.1677704155445099,-0.12918421626091003,-0.021949049085378647,-0.15333765745162964,-0.02057419903576374,0.2545495927333832,-0.1932862550020218,0.2166101634502411,0.04938206821680069,-0.0004288698546588421,-0.00036733108572661877,-0.00022998687927611172,-0.0493745282292366,-0.10030791908502579,0.2118891477584839,-0.013869356364011765,0.13517901301383972,0.43820422887802124,0.04853511229157448,0.25998008251190186,0.33818280696868896,0.15480640530586243,-0.006420450750738382,0.051114216446876526,0.19385890662670135,-0.12254130840301514,0.23312270641326904,0.2165190875530243,0.1493314802646637,0.40044665336608887,0.29337891936302185,0.27733883261680603,0.5184745788574219,0.3750302195549011,-0.04455062747001648,0.045460294932127,0.4633050262928009,-0.14255431294441223,0.3058735728263855,0.4937244653701782,0.027165569365024567,0.40850964188575745,0.444960355758667,0.22882914543151855,0.4762803912162781
422,0.43228596448898315,0.7728557586669922,0.2236236333847046,0.12135565280914307,0.6479648351669312,0.3227669894695282,-0.19980958104133606,0.4435877203941345,0.11642944812774658,-0.42340558767318726,0.025042317807674408,0.10982681065797806,-0.4588547348976135,-0.12401939928531647,0.13688696920871735,-0.15810318291187286,0.04418731853365898,0.03361888229846954,-0.1597999632358551,-0.1254722625017166,-0.06629662960767746,-0.1686244159936905,-0.03977017104625702,0.16046901047229767,-0.20062702894210815,0.2614656388759613,-0.07521497458219528,-0.00035688982461579144,-0.00038711371598765254,-0.00022112828446552157,-0.031892113387584686,-0.10578715801239014,0.19757211208343506,-0.022049257531762123,0.1502200812101364,0.42824041843414307,0.037685513496398926,0.2258642315864563,0.34043776988983154,0.15625883638858795,-0.006009244360029697,0.0407065786421299,0.19200532138347626,-0.12612327933311462,0.229037344455719,0.1811925619840622,0.1697051227092743,0.3946683406829834,0.30985337495803833,0.25620824098587036,0.5310442447662354,0.3854018449783325,-0.036101292818784714,0.039007581770420074,0.460942804813385,-0.14658963680267334,0.30970337986946106,0.5000313520431519,0.020087404176592827,0.40239816904067993,0.42107510566711426,0.2268778383731842,0.47162583470344543
423,0.4370804727077484,0.7665678262710571,0.2187492847442627,0.12209275364875793,0.6412479877471924,0.32338833808898926,-0.1899002492427826,0.4353722929954529,0.10708253085613251,-0.40214404463768005,0.020130719989538193,0.09332769364118576,-0.43635672330856323,-0.13251136243343353,0.11104506254196167,-0.15165793895721436,0.03906216472387314,0.03070663847029209,-0.14832830429077148,-0.128675177693367,-0.10047417879104614,-0.15453629195690155,-0.03574850782752037,0.14122404158115387,-0.20004159212112427,0.27928823232650757,-0.16157442331314087,-0.00031060600304044783,-0.0004002052592113614,-0.00021679063502233475,-0.01970137283205986,-0.10563772916793823,0.18381857872009277,-0.028670134022831917,0.15301513671875,0.4189987778663635,0.030287541449069977,0.19841957092285156,0.3276866674423218,0.15226295590400696,-0.011512737721204758,0.04705709218978882,0.1903010755777359,-0.12551099061965942,0.22349926829338074,0.16413697600364685,0.17839005589485168,0.39538073539733887,0.32490110397338867,0.2404295802116394,0.5354259014129639,0.3685935139656067,-0.04505089297890663,0.055074334144592285,0.4623713493347168,-0.15067854523658752,0.3070969581604004,0.5082074403762817,0.016651365906000137,0.39506545662879944,0.4152495861053467,0.22068729996681213,0.4734104573726654
424,0.4514937400817871,0.7556201219558716,0.23532992601394653,0.1338430941104889,0.6223537921905518,0.3261072039604187,-0.16622206568717957,0.4190234839916229,0.08975856006145477,-0.3725811243057251,0.008755860850214958,0.05698264390230179,-0.34412914514541626,-0.20064455270767212,-0.067281574010849,-0.13737475872039795,0.02390233427286148,0.01432980876415968,-0.13631978631019592,-0.13694605231285095,-0.15831401944160461,-0.1668093204498291,-0.07640129327774048,0.0018231123685836792,-0.2001623809337616,0.06357163190841675,-0.38618284463882446,-0.0002957443939521909,-0.00041689982754178345,-0.00021933589596301317,-0.060932740569114685,-0.07787670195102692,0.1739170253276825,-0.058616045862436295,0.11605221033096313,0.3738096356391907,0.02117813378572464,0.16744062304496765,0.2940204441547394,0.14976735413074493,-0.014451809227466583,0.050786666572093964,0.2207554131746292,-0.12020278722047806,0.21943113207817078,0.161607027053833,0.17418211698532104,0.3951987624168396,0.3085784912109375,0.28337788581848145,0.5016622543334961,0.34894609451293945,-0.05665528029203415,0.059423431754112244,0.46982061862945557,-0.09156422317028046,0.29189470410346985,0.520538330078125,0.002281088847666979,0.37932640314102173,0.46666309237480164,0.19171054661273956,0.4644203782081604
425,0.4533684551715851,0.7511308193206787,0.24649351835250854,0.1435534954071045,0.6051319241523743,0.33127450942993164,-0.1531236171722412,0.40991681814193726,0.0750337764620781,-0.3548269271850586,0.003996486775577068,0.04406393691897392,-0.3240946829319,-0.20234352350234985,-0.07003136724233627,-0.12922684848308563,0.0153661435469985,0.009809399023652077,-0.12385103106498718,-0.1441633701324463,-0.1877782940864563,-0.16658228635787964,-0.09355492889881134,-0.0712098553776741,-0.19300907850265503,-0.051280539482831955,-0.5088492035865784,-0.00031719059916213155,-0.0004348621587269008,-0.00022890858235768974,-0.07638741284608841,-0.05738578364253044,0.17120209336280823,-0.06371104717254639,0.10254675149917603,0.35373401641845703,0.022104613482952118,0.1554819941520691,0.2819666564464569,0.14764070510864258,-0.01428554393351078,0.048945747315883636,0.24071155488491058,-0.11554309725761414,0.21501818299293518,0.1630168855190277,0.17431873083114624,0.39938655495643616,0.3017893433570862,0.3112717270851135,0.4804133176803589,0.3390958905220032,-0.059722259640693665,0.05458272993564606,0.48624181747436523,-0.11861556768417358,0.26904478669166565,0.5358583927154541,-0.0060103232972323895,0.3575782775878906,0.4935949742794037,0.18863064050674438,0.45846617221832275
426,0.4487685561180115,0.7524840235710144,0.23029223084449768,0.13695627450942993,0.6089792251586914,0.32681626081466675,-0.16994954645633698,0.4207761883735657,0.07618126273155212,-0.3484387993812561,0.010797830298542976,0.06265074759721756,-0.3554242253303528,-0.17394804954528809,-0.0020429790019989014,-0.1322944164276123,0.01646563410758972,0.014100762084126472,-0.12515906989574432,-0.1474037766456604,-0.17674335837364197,-0.16770824790000916,-0.08896364271640778,-0.05999384820461273,-0.19790059328079224,0.04922656714916229,-0.35070252418518066,-0.00030641956254839897,-0.0004280427237972617,-0.00022260859259404242,-0.06085420399904251,-0.057957686483860016,0.18490631878376007,-0.05482985079288483,0.12583720684051514,0.37977510690689087,0.02156626433134079,0.1598089635372162,0.3029329180717468,0.14371836185455322,-0.012892743572592735,0.04845365881919861,0.24910785257816315,-0.10986817628145218,0.21276530623435974,0.2057439088821411,0.15836970508098602,0.392917275428772,0.2924654483795166,0.3277636766433716,0.4811801314353943,0.35117945075035095,-0.06548388302326202,0.03708110749721527,0.49967271089553833,-0.12889936566352844,0.25866299867630005,0.5513172149658203,-0.003600113792344928,0.33924609422683716,0.5044462084770203,0.18328383564949036,0.4593495726585388
427,0.418121874332428,0.7577110528945923,0.23974627256393433,0.10089343041181564,0.6196281909942627,0.33897286653518677,-0.20325371623039246,0.4327048063278198,0.10787715017795563,-0.3847931921482086,0.029222987592220306,0.13634106516838074,-0.336683064699173,-0.17580869793891907,0.012505188584327698,-0.1501140594482422,0.02656659483909607,0.025733619928359985,-0.13677671551704407,-0.1376596987247467,-0.11519383639097214,-0.17778749763965607,-0.08379025757312775,-0.028208157047629356,-0.22207413613796234,0.1315348595380783,-0.17681635916233063,-0.00044373248238116503,-0.00037443317705765367,-0.00023797681205905974,-0.02776925452053547,-0.07191263884305954,0.19777265191078186,-0.04064454883337021,0.150872141122818,0.39551249146461487,0.02092931419610977,0.1840222179889679,0.3403996229171753,0.14551189541816711,-0.004895971156656742,0.0492885485291481,0.25165170431137085,-0.09687647223472595,0.2262936532497406,0.2157035917043686,0.17211982607841492,0.39320412278175354,0.29709044098854065,0.3544941246509552,0.4712662994861603,0.36724337935447693,-0.05425850301980972,0.03672122210264206,0.4908231198787689,-0.12219838798046112,0.2809997797012329,0.5383955240249634,0.020444221794605255,0.36816880106925964,0.49802306294441223,0.20030947029590607,0.46566489338874817
428,0.41185933351516724,0.7545102834701538,0.2486235797405243,0.08581024408340454,0.6286671757698059,0.336100697517395,-0.20985549688339233,0.43821942806243896,0.1181708574295044,-0.3836784362792969,0.055663809180259705,0.1357494592666626,-0.3909761607646942,-0.1324281394481659,0.08405298739671707,-0.16177749633789062,0.0310292299836874,0.030674364417791367,-0.14444148540496826,-0.126260444521904,-0.08605927228927612,-0.18386180698871613,-0.07682180404663086,-0.013507340103387833,-0.23397211730480194,0.181313157081604,-0.0927625522017479,-0.0004763418692164123,-0.0002936134405899793,-0.00022540127974934876,-0.006506371311843395,-0.08004896342754364,0.2109735906124115,-0.02949964627623558,0.16698718070983887,0.40418559312820435,0.02309880405664444,0.20015010237693787,0.3604692816734314,0.14678779244422913,0.001393560552969575,0.049828194081783295,0.2530274987220764,-0.08672738820314407,0.23698484897613525,0.22173768281936646,0.18097001314163208,0.3919377028942108,0.3025949001312256,0.3643566071987152,0.46037232875823975,0.3907330632209778,-0.005663810297846794,0.02837054617702961,0.4888833165168762,-0.10587450116872787,0.2945020794868469,0.5323557257652283,0.04155629873275757,0.3878540098667145,0.48273250460624695,0.22537201642990112,0.472290575504303
429,0.40970534086227417,0.756141722202301,0.23736608028411865,0.08917520940303802,0.6343804597854614,0.3320748805999756,-0.2080526053905487,0.43308722972869873,0.13700610399246216,-0.3850864768028259,0.04956071451306343,0.14360123872756958,-0.4154992699623108,-0.13501478731632233,0.1116064041852951,-0.16492901742458344,0.03015327826142311,0.03964703157544136,-0.1412348449230194,-0.1330813765525818,-0.07167310267686844,-0.1813291609287262,-0.08878804743289948,-0.010491188615560532,-0.2415419965982437,0.13987182080745697,-0.0028155185282230377,-0.0005072436179034412,-0.0002604154869914055,-0.00022934484877623618,0.0070990901440382,-0.0812859758734703,0.21007254719734192,-0.025990869849920273,0.17283013463020325,0.4043184518814087,0.05064793676137924,0.28021493554115295,0.33366990089416504,0.14876192808151245,0.0066137369722127914,0.048509977757930756,0.24848273396492004,-0.0833432674407959,0.24331045150756836,0.25561434030532837,0.18387848138809204,0.38659822940826416,0.2986786961555481,0.36520883440971375,0.44853758811950684,0.404181569814682,0.01917865127325058,0.025824952870607376,0.48353832960128784,-0.10456429421901703,0.29723793268203735,0.4876106381416321,0.11554296314716339,0.39323779940605164,0.47728031873703003,0.22619153559207916,0.47423020005226135
430,0.4050581455230713,0.7681370973587036,0.24146637320518494,0.09036409854888916,0.636349081993103,0.3426216244697571,-0.21661606431007385,0.42858168482780457,0.1609579473733902,-0.43811920285224915,0.03578487038612366,0.2339407205581665,-0.38187098503112793,-0.17465516924858093,0.10365001857280731,-0.1697523146867752,0.02973359078168869,0.05391986668109894,-0.1446456015110016,-0.13815581798553467,-0.04171835258603096,-0.18201887607574463,-0.09612995386123657,0.023482512682676315,-0.1287134289741516,0.1266106367111206,0.19305288791656494,-0.000575491925701499,-0.00037631503073498607,-0.00024323357501998544,0.023898711428046227,-0.09008526802062988,0.2210671603679657,0.022428017109632492,0.13731276988983154,0.43176865577697754,0.08502659201622009,0.2774975299835205,0.4123518764972687,0.1579354852437973,0.013997389003634453,0.03361864387989044,0.2478267103433609,-0.09246784448623657,0.24734386801719666,0.2772732377052307,0.1811770796775818,0.389479398727417,0.2938152253627777,0.3539271950721741,0.4598551094532013,0.4137663245201111,0.03304678946733475,0.02239176630973816,0.48370519280433655,-0.11118394136428833,0.29664164781570435,0.49042510986328125,0.11168332397937775,0.404582679271698,0.47773826122283936,0.21955733001232147,0.48416557908058167
431,0.38244712352752686,0.7720053195953369,0.29692572355270386,0.06706392019987106,0.6340223550796509,0.36116909980773926,-0.23824378848075867,0.42079150676727295,0.18545091152191162,-0.46939539909362793,0.022727834060788155,0.24660421907901764,-0.46741828322410583,-0.15133711695671082,0.06995594501495361,-0.18043303489685059,0.03783494979143143,0.05910006910562515,-0.17114710807800293,-0.13377881050109863,0.02522931806743145,-0.20372161269187927,-0.08481469750404358,0.13422763347625732,-0.19878357648849487,0.11219437420368195,0.2199215292930603,-0.0006807202007621527,-0.00031604303512722254,-0.000252756814006716,0.021187029778957367,-0.09170397371053696,0.24289000034332275,0.02336026169359684,0.11577198654413223,0.4403650760650635,0.07533949613571167,0.2581801414489746,0.4273589253425598,0.17055544257164001,0.01897435262799263,0.027545493096113205,0.23883706331253052,-0.10157889127731323,0.2437969297170639,0.24668937921524048,0.14633309841156006,0.4294317960739136,0.284586638212204,0.30350440740585327,0.5025274157524109,0.4225410223007202,0.03863195702433586,0.03846537321805954,0.47402626276016235,-0.12034618854522705,0.3124016523361206,0.48619207739830017,0.10809104144573212,0.4301409125328064,0.4709182381629944,0.2206813097000122,0.505066990852356
432,0.32231661677360535,0.7999700307846069,0.3198239803314209,-0.0007966645061969757,0.6350551247596741,0.34643852710723877,-0.32073384523391724,0.45680052042007446,0.217523455619812,-0.5216180682182312,0.10550318658351898,0.156145378947258,-0.604645848274231,-0.13046874105930328,0.029855040833353996,-0.19492673873901367,0.03848051652312279,0.05740460753440857,-0.22491669654846191,-0.16349029541015625,0.07071838527917862,-0.26910388469696045,-0.1504032015800476,0.27202075719833374,-0.25515949726104736,-0.02481638267636299,0.4136367440223694,-0.001015150104649365,-0.00042598682921379805,-0.0002647468354552984,-0.007778485305607319,-0.18589842319488525,0.24779987335205078,-0.025740094482898712,-0.04850392043590546,0.4656926989555359,-0.0028457380831241608,0.03712686896324158,0.5221594572067261,0.17329460382461548,0.023334331810474396,0.022713690996170044,0.20260807871818542,-0.1729644536972046,0.24275006353855133,0.2089693695306778,-0.017139166593551636,0.45210355520248413,0.2300599217414856,0.05429267883300781,0.5949405431747437,0.40381771326065063,0.06971322000026703,0.0801866427063942,0.4532735049724579,-0.15357473492622375,0.33240824937820435,0.4779781401157379,-0.029310692101716995,0.4698225259780884,0.4638400673866272,0.03437802940607071,0.5684905052185059
433,0.3366604745388031,0.8117973804473877,0.29678237438201904,-0.04192476347088814,0.6515594720840454,0.3216685652732849,-0.36015912890434265,0.4818239212036133,0.22713863849639893,-0.5658262968063354,0.21536146104335785,0.09506230056285858,-0.7427011728286743,-0.02962404116988182,-0.040150925517082214,-0.2042590081691742,0.03419194743037224,0.057462334632873535,-0.2676723003387451,-0.18953177332878113,0.04409173130989075,-0.3547188937664032,-0.24932542443275452,0.18257302045822144,-0.4083237648010254,-0.2488720566034317,0.2969730794429779,-0.0012876996770501137,-0.00045457080705091357,-0.00026653159875422716,-0.01391700841486454,-0.2658747434616089,0.16165122389793396,-0.06254380941390991,-0.250885009765625,0.39787757396698,-0.076053187251091,-0.25639164447784424,0.5591566562652588,0.17497870326042175,0.02549702301621437,0.029064618051052094,0.20700520277023315,-0.2263329029083252,0.19424444437026978,0.2022663652896881,-0.19303472340106964,0.421507865190506,0.18911275267601013,-0.2101324200630188,0.5945117473602295,0.4021926522254944,0.07170197367668152,0.09197311103343964,0.4547461271286011,-0.18397925794124603,0.30758795142173767,0.46540093421936035,-0.14171305298805237,0.47221851348876953,0.4564253091812134,-0.12198665738105774,0.6071363687515259
434,0.3522849977016449,0.8144617080688477,0.270428329706192,-0.05445714294910431,0.6596120595932007,0.24995598196983337,-0.391955703496933,0.4989856779575348,0.22317996621131897,-0.5874700546264648,0.26807302236557007,0.04513451084494591,-0.81001216173172,0.05829700455069542,-0.09404078125953674,-0.20644520223140717,0.0363636389374733,0.0554535910487175,-0.2993409037590027,-0.20543405413627625,0.029349397867918015,-0.40374094247817993,-0.31690511107444763,0.11552315950393677,-0.4870167076587677,-0.4041362404823303,0.18064969778060913,-0.0014035841450095177,-0.0004874743171967566,-0.00027647288516163826,-0.015970755368471146,-0.3065754771232605,0.09477810561656952,-0.11796126514673233,-0.38613981008529663,0.2706168591976166,-0.1960832178592682,-0.5142868161201477,0.3281325101852417,0.17756858468055725,0.02067588083446026,0.030114460736513138,0.21269279718399048,-0.2551965117454529,0.15442386269569397,0.197897806763649,-0.30754411220550537,0.36862149834632874,0.12413021177053452,-0.4205385744571686,0.5559784770011902,0.4033617675304413,0.06663264334201813,0.09092560410499573,0.46444880962371826,-0.2083323895931244,0.27069246768951416,0.47527945041656494,-0.21521231532096863,0.4555480182170868,0.46106159687042236,-0.24336858093738556,0.6000737547874451
435,0.37251919507980347,0.8234080076217651,0.22825311124324799,-0.06969974935054779,0.6694766283035278,0.18189850449562073,-0.3961329460144043,0.5242525339126587,0.19340232014656067,-0.6068880558013916,0.3343360722064972,-0.030268361791968346,-0.857954740524292,0.16293592751026154,-0.1885281205177307,-0.21205097436904907,0.04128299653530121,0.06239381432533264,-0.3157862722873688,-0.22359032928943634,0.017654776573181152,-0.4334601163864136,-0.35985663533210754,0.10249342024326324,-0.5311616659164429,-0.5272929668426514,0.11608598381280899,-0.001488597015850246,-0.00053775729611516,-0.0002898781676776707,-0.010584845207631588,-0.32687509059906006,0.057847488671541214,-0.14695091545581818,-0.4744187295436859,0.15472827851772308,-0.21928361058235168,-0.6622653007507324,0.08726484328508377,0.18104484677314758,0.01982267200946808,0.015468399971723557,0.2052205502986908,-0.2708202600479126,0.10925178229808807,0.17572733759880066,-0.3883873224258423,0.2663269340991974,0.09478476643562317,-0.608426570892334,0.4041566252708435,0.3999553620815277,0.05812633037567139,0.08364274352788925,0.48191946744918823,-0.2000102549791336,0.23308569192886353,0.4975641965866089,-0.25778335332870483,0.42346858978271484,0.48368969559669495,-0.3182189166545868,0.5756319165229797
436,0.3955475687980652,0.8297809362411499,0.17035381495952606,-0.05853288620710373,0.6876791715621948,0.13491806387901306,-0.39130276441574097,0.5439101457595825,0.1847562938928604,-0.6146942377090454,0.36532020568847656,-0.06075733155012131,-0.8797369003295898,0.21770036220550537,-0.2277228981256485,-0.21841701865196228,0.04875125735998154,0.06255123764276505,-0.33199456334114075,-0.22691988945007324,0.02564067766070366,-0.44975847005844116,-0.38664913177490234,0.08400452882051468,-0.5555440187454224,-0.5956297516822815,0.07509052008390427,-0.0015259156934916973,-0.0005649820668622851,-0.0002983490703627467,-0.000641457736492157,-0.33908116817474365,0.04072729870676994,-0.16364547610282898,-0.5189927816390991,0.09077125787734985,-0.23693837225437164,-0.742091178894043,-0.03269749879837036,0.18638937175273895,0.023480281233787537,0.007920997217297554,0.2084590196609497,-0.27449139952659607,0.0864165797829628,0.16257718205451965,-0.4317358732223511,0.22608135640621185,0.07938693463802338,-0.7141485810279846,0.2940659821033478,0.4007006287574768,0.054815471172332764,0.07535907626152039,0.4892330765724182,-0.19116568565368652,0.20893347263336182,0.5160377025604248,-0.28162145614624023,0.39950209856033325,0.5022140145301819,-0.36312568187713623,0.5576865077018738
437,0.4036671221256256,0.8300095796585083,0.1550181806087494,-0.04971593618392944,0.6894949674606323,0.1281447559595108,-0.38782423734664917,0.5503247976303101,0.18826815485954285,-0.6169310212135315,0.3824843168258667,-0.07435573637485504,-0.8904193043708801,0.24097968637943268,-0.252475380897522,-0.22018450498580933,0.0506770983338356,0.06627892702817917,-0.33507758378982544,-0.2288796603679657,0.037337545305490494,-0.45478004217147827,-0.3973921537399292,0.0731235146522522,-0.5654336214065552,-0.629921555519104,0.04934411495923996,-0.0015122855547815561,-0.000575201353058219,-0.0003297712537460029,0.0021278266794979572,-0.3464142084121704,0.030573979020118713,-0.17094235122203827,-0.5406550168991089,0.04888312518596649,-0.24608555436134338,-0.7872735261917114,-0.10612128674983978,0.18619585037231445,0.02467527613043785,0.0033916134852916002,0.2067338228225708,-0.2778911292552948,0.07602858543395996,0.15088093280792236,-0.45483553409576416,0.20128677785396576,0.07032853364944458,-0.7692787647247314,0.23315531015396118,0.39791232347488403,0.053041644394397736,0.07427774369716644,0.48920178413391113,-0.2038152515888214,0.20173415541648865,0.5210990905761719,-0.2962542176246643,0.3897319734096527,0.5072715282440186,-0.3885212540626526,0.5524072647094727
438,0.4171791076660156,0.829971432685852,0.1360197514295578,-0.03583835810422897,0.6964219212532043,0.11445581167936325,-0.38296565413475037,0.564401388168335,0.17598527669906616,-0.6123156547546387,0.40639859437942505,-0.08416329324245453,-0.8853797912597656,0.2645631432533264,-0.2773435711860657,-0.22197461128234863,0.04984966665506363,0.06424663215875626,-0.3320145606994629,-0.23358559608459473,0.040696509182453156,-0.453274130821228,-0.40816718339920044,0.07237134873867035,-0.5724819898605347,-0.641049325466156,0.036345332860946655,-0.0015417658723890781,-0.0005581567529588938,-0.0003270002780482173,0.005176190752536058,-0.35125184059143066,0.018435314297676086,-0.17430700361728668,-0.5554051399230957,0.02228601835668087,-0.25557607412338257,-0.8120149374008179,-0.14919398725032806,0.18246343731880188,0.024593010544776917,-0.003619737457484007,0.20512107014656067,-0.2815919518470764,0.06302133202552795,0.14534533023834229,-0.46601009368896484,0.17944902181625366,0.06895201653242111,-0.7815859317779541,0.2662201523780823,0.39232179522514343,0.05036599189043045,0.07139672338962555,0.4919953942298889,-0.20978593826293945,0.18997091054916382,0.5281285047531128,-0.3033210039138794,0.37994563579559326,0.5123834609985352,-0.39726167917251587,0.5419620275497437
439,0.4271334111690521,0.825896143913269,0.13295479118824005,-0.028407588601112366,0.6956890821456909,0.11687098443508148,-0.3813987374305725,0.5673397779464722,0.17227709293365479,-0.610481858253479,0.4182441830635071,-0.08581182360649109,-0.8845494985580444,0.2753739356994629,-0.28973323106765747,-0.2237788736820221,0.04654968902468681,0.06431378424167633,-0.3292398452758789,-0.23451605439186096,0.04388098418712616,-0.44672906398773193,-0.4066001772880554,0.07203315943479538,-0.5723101496696472,-0.6538600921630859,0.029137877747416496,-0.0015165164368227124,-0.0005500521510839462,-0.0003507341316435486,0.007069737184792757,-0.353717565536499,0.01193450577557087,-0.17386659979820251,-0.5632777214050293,0.008560052141547203,-0.2601797580718994,-0.8254129886627197,-0.16613709926605225,0.18095065653324127,0.02474168874323368,-0.006906228139996529,0.2052750289440155,-0.2832779884338379,0.05777567997574806,0.14406779408454895,-0.4694787561893463,0.17316527664661407,0.06895981729030609,-0.7808395028114319,0.292940616607666,0.38792285323143005,0.04820268601179123,0.0705028772354126,0.49213093519210815,-0.21149760484695435,0.18347038328647614,0.5300562381744385,-0.3044731616973877,0.3745621144771576,0.5139532089233398,-0.39822226762771606,0.5380328893661499
440,0.4163816273212433,0.8288984298706055,0.13576006889343262,-0.02633637562394142,0.6967888474464417,0.12866029143333435,-0.3830336928367615,0.5691765546798706,0.16668415069580078,-0.6127176880836487,0.42603635787963867,-0.09230757504701614,-0.8770321607589722,0.27754998207092285,-0.3116911053657532,-0.22426488995552063,0.04057159274816513,0.06879821419715881,-0.3257051110267639,-0.23528532683849335,0.05205751955509186,-0.4423162341117859,-0.39827337861061096,0.08258157968521118,-0.5667831897735596,-0.6445841789245605,0.026738662272691727,-0.001537612173706293,-0.0005599066498689353,-0.00035209808265790343,0.005582738202065229,-0.3533838391304016,0.01323377899825573,-0.1748514473438263,-0.560736894607544,0.031192975118756294,-0.28395551443099976,-0.8205026984214783,-0.11821095645427704,0.18165597319602966,0.026269197463989258,-0.014968730509281158,0.20894575119018555,-0.27992111444473267,0.06283941119909286,0.14914432168006897,-0.459644079208374,0.19342589378356934,0.059477128088474274,-0.7569056749343872,0.3359714150428772,0.39368167519569397,0.05843672901391983,0.06467337906360626,0.4878131151199341,-0.20812802016735077,0.19003163278102875,0.5264092683792114,-0.2964802384376526,0.3830251097679138,0.5100629329681396,-0.3875649869441986,0.546441912651062
441,0.41574186086654663,0.830579936504364,0.14695799350738525,-0.02183537185192108,0.6953099370002747,0.15178903937339783,-0.3716520369052887,0.5718148946762085,0.1814793348312378,-0.6084805130958557,0.4220859408378601,-0.0817597433924675,-0.873969554901123,0.271779865026474,-0.3243290185928345,-0.2241671085357666,0.034807365387678146,0.06920617818832397,-0.32218247652053833,-0.2350640594959259,0.05270262435078621,-0.4382936954498291,-0.3951692581176758,0.08727248758077621,-0.5649369955062866,-0.6177351474761963,0.0730011984705925,-0.0015647555701434612,-0.0005535985110327601,-0.00034535181475803256,-0.013463250361382961,-0.35279935598373413,0.018019501119852066,-0.1603476107120514,-0.5545860528945923,0.10096020996570587,-0.3032950460910797,-0.8074514865875244,-0.06175602599978447,0.18231824040412903,0.029665187001228333,-0.014664131216704845,0.22025083005428314,-0.27055636048316956,0.0713885948061943,0.16327357292175293,-0.44511669874191284,0.2362997829914093,0.11820049583911896,-0.671036958694458,0.4351818561553955,0.397480309009552,0.06770795583724976,0.06736835837364197,0.4821135997772217,-0.20230001211166382,0.1982230693101883,0.5226720571517944,-0.2872903048992157,0.3918622136116028,0.5142926573753357,-0.37279212474823,0.5703834295272827
442,0.40530526638031006,0.8254066705703735,0.18427573144435883,-0.008574651554226875,0.680846095085144,0.20360618829727173,-0.36784908175468445,0.5588615536689758,0.1857914924621582,-0.5808920860290527,0.4015839993953705,-0.025808388367295265,-0.8160338401794434,0.2597365975379944,-0.22790996730327606,-0.21793553233146667,0.035196349024772644,0.06754771620035172,-0.31370240449905396,-0.2427213191986084,0.025554893538355827,-0.42667919397354126,-0.39542728662490845,0.08592820167541504,-0.5431682467460632,-0.5881394147872925,0.06086196005344391,-0.0015696873888373375,-0.0005319853662513196,-0.0003258890938013792,-0.0039296699687838554,-0.3574426770210266,0.04082666337490082,-0.11124691367149353,-0.5159522294998169,0.20189549028873444,-0.1705370992422104,-0.6567127704620361,0.23910492658615112,0.17754453420639038,0.036831557750701904,-0.0035573625937104225,0.22613525390625,-0.2661978602409363,0.09713950753211975,0.20240169763565063,-0.3988330364227295,0.30457448959350586,0.17837777733802795,-0.5468865633010864,0.5125759243965149,0.3966216444969177,0.06831254810094833,0.06910838186740875,0.4766498804092407,-0.19357147812843323,0.217703178524971,0.5208075642585754,-0.2666407525539398,0.4059729278087616,0.5137221217155457,-0.3276049494743347,0.5883193016052246
443,0.37085866928100586,0.8049119710922241,0.26352235674858093,-0.012941284105181694,0.6250184774398804,0.3266453146934509,-0.37669986486434937,0.44851356744766235,0.2812967896461487,-0.5567840337753296,0.30390024185180664,0.03654159605503082,-0.7374168634414673,0.1689022183418274,-0.17277532815933228,-0.21207866072654724,0.01948549412190914,0.032939612865448,-0.2569400668144226,-0.31130853295326233,0.050487369298934937,-0.33209657669067383,-0.45726478099823,0.16852766275405884,-0.4492609202861786,-0.5744937658309937,0.22045689821243286,-0.001584388897754252,-0.00044107699068263173,-0.00031180575024336576,0.006450955756008625,-0.3625373840332031,0.0714307427406311,-0.06974591314792633,-0.4818698465824127,0.2740309238433838,-0.11431311815977097,-0.5884589552879333,0.3966383934020996,0.17521783709526062,0.037045590579509735,0.0007815673016011715,0.22365707159042358,-0.2507268190383911,0.12074382603168488,0.20513156056404114,-0.35735413432121277,0.3470218777656555,0.19903430342674255,-0.485537588596344,0.5658906698226929,0.39501696825027466,0.07968725264072418,0.09047704190015793,0.4733697175979614,-0.1699705272912979,0.2277836948633194,0.5107630491256714,-0.25413382053375244,0.42289572954177856,0.4888019561767578,-0.3096512258052826,0.6041980981826782
444,0.35025885701179504,0.8054227828979492,0.3323664665222168,-0.03288839012384415,0.6166970133781433,0.3650210201740265,-0.3531351089477539,0.3530350923538208,0.2525664269924164,-0.48256611824035645,0.08229904621839523,0.13356921076774597,-0.5747638940811157,-0.09131363779306412,0.06046202778816223,-0.18304552137851715,0.008741989731788635,-0.0016409121453762054,-0.2092316746711731,-0.3237881362438202,0.058621712028980255,-0.27481335401535034,-0.4181603193283081,0.20170608162879944,-0.37780529260635376,-0.4173140823841095,0.22778847813606262,-0.0012007055338472128,-0.00032388424733653665,-0.00025485866353847086,-0.00174889643676579,-0.34937432408332825,0.09547005593776703,-0.06931769847869873,-0.41785237193107605,0.2873360514640808,-0.11341801285743713,-0.3481753170490265,0.29701441526412964,0.16628730297088623,0.047215841710567474,0.025798771530389786,0.1885789930820465,-0.2232183814048767,0.17011603713035583,0.16476604342460632,-0.3002634644508362,0.40543001890182495,0.16532564163208008,-0.23586848378181458,0.5158650279045105,0.3694845139980316,0.07530047744512558,0.1312883496284485,0.4097962975502014,-0.14193454384803772,0.31001609563827515,0.44948625564575195,-0.20132434368133545,0.4792715311050415,0.4180053472518921,-0.19712018966674805,0.6048562526702881
445,0.34229087829589844,0.8197726011276245,0.36023110151290894,-0.03296105936169624,0.6163856983184814,0.3991745710372925,-0.34581273794174194,0.3099675178527832,0.23427599668502808,-0.4393152594566345,-0.03361169248819351,0.19940249621868134,-0.46864813566207886,-0.23318442702293396,0.19486162066459656,-0.16951408982276917,0.0014857507776468992,-0.018538957461714745,-0.1913377046585083,-0.32425597310066223,0.08127801865339279,-0.25487810373306274,-0.3974120318889618,0.2466869056224823,-0.33083808422088623,-0.3301336169242859,0.25656595826148987,-0.0010737389093264937,-0.00023408464039675891,-0.0002629884984344244,-0.017321063205599785,-0.3360844850540161,0.13103196024894714,-0.08658933639526367,-0.3600608706474304,0.3265564441680908,-0.11826129257678986,-0.2484290450811386,0.3055330514907837,0.16177445650100708,0.05150687322020531,0.03641502186655998,0.16330194473266602,-0.20013661682605743,0.2054784595966339,0.1194961667060852,-0.23904621601104736,0.4234158992767334,0.1509070098400116,-0.10241667926311493,0.48098182678222656,0.3570789098739624,0.075212761759758,0.14906790852546692,0.3717152178287506,-0.1310882568359375,0.36523139476776123,0.4120568633079529,-0.16899815201759338,0.5151433348655701,0.37445682287216187,-0.12261462956666946,0.602647602558136
446,0.35804203152656555,0.7970622777938843,0.3935832381248474,-0.01443866640329361,0.5956734418869019,0.4187871217727661,-0.3295866847038269,0.2996407747268677,0.2963859736919403,-0.4065166711807251,-0.09546204656362534,0.23041453957557678,-0.4034387469291687,-0.3108953833580017,0.2548697292804718,-0.1622331738471985,0.0001608651364222169,-0.019137747585773468,-0.18972328305244446,-0.3190581798553467,0.10731174051761627,-0.2671056389808655,-0.36976999044418335,0.3055313229560852,-0.32946670055389404,-0.2906210422515869,0.2591688632965088,-0.0010150232119485736,-0.00014815763279329985,-0.0002820563386194408,-0.03524625301361084,-0.33170071244239807,0.14107495546340942,-0.10087576508522034,-0.3239361345767975,0.3204222321510315,-0.11359067261219025,-0.1593346744775772,0.240949809551239,0.16174989938735962,0.04567386955022812,0.04519488662481308,0.11412540078163147,-0.18695975840091705,0.2223903238773346,0.064672090113163,-0.20062485337257385,0.4387610852718353,0.09229506552219391,-0.023451901972293854,0.43880128860473633,0.34887218475341797,0.07150334119796753,0.16471223533153534,0.34268996119499207,-0.13617253303527832,0.3992798626422882,0.36257874965667725,-0.12930260598659515,0.5477354526519775,0.339649498462677,-0.045279137790203094,0.5907322764396667
447,0.3679584264755249,0.778475284576416,0.4140945076942444,-0.002129295375198126,0.5919629335403442,0.43073374032974243,-0.3311479985713959,0.304296612739563,0.343029260635376,-0.38870078325271606,-0.11306820809841156,0.26773059368133545,-0.3643742501735687,-0.3454868495464325,0.3265375792980194,-0.17478874325752258,0.019328178837895393,-0.007686654105782509,-0.19849875569343567,-0.280712366104126,0.11569470167160034,-0.2890739142894745,-0.3286685645580292,0.32591909170150757,-0.33924877643585205,-0.26713716983795166,0.25067976117134094,-0.0010788606014102697,-0.00017489996389485896,-0.00027770554879680276,-0.04030213505029678,-0.32415372133255005,0.14326156675815582,-0.09577077627182007,-0.2931266725063324,0.3291686177253723,-0.10063620656728745,-0.10488133132457733,0.23608170449733734,0.1655169278383255,0.04039382189512253,0.043395671993494034,0.09762216359376907,-0.1821896731853485,0.23342490196228027,0.0857391506433487,-0.13295592367649078,0.44984084367752075,0.12348754703998566,0.05468406528234482,0.42486572265625,0.3559790253639221,0.057922519743442535,0.1625027060508728,0.33587414026260376,-0.1575241982936859,0.4188060760498047,0.3530658781528473,-0.0950111374258995,0.566478967666626,0.3363455533981323,0.006099347025156021,0.585204541683197
448,0.37020546197891235,0.7606768012046814,0.4322906732559204,0.00026059430092573166,0.6052641868591309,0.43232348561286926,-0.3311203718185425,0.32614898681640625,0.3481835126876831,-0.3622608184814453,-0.09531383216381073,0.29939502477645874,-0.35112255811691284,-0.31551653146743774,0.3651776909828186,-0.17944982647895813,0.035852380096912384,3.6833807826042175e-06,-0.18185856938362122,-0.2564293444156647,0.1399049162864685,-0.2781140208244324,-0.2855561375617981,0.3649698793888092,-0.26069357991218567,-0.1646980494260788,0.21087104082107544,-0.0009847530163824558,-0.00019934747251681983,-0.00027648810646496713,-0.03449259698390961,-0.3042295575141907,0.1576041281223297,-0.0792074203491211,-0.25036948919296265,0.35837721824645996,-0.08158710598945618,-0.054239243268966675,0.27846014499664307,0.16484606266021729,0.04442329704761505,0.05321656912565231,0.10147614777088165,-0.17199447751045227,0.25222325325012207,0.09831804782152176,-0.07903387397527695,0.46453186869621277,0.1469285786151886,0.10785756260156631,0.426028311252594,0.35629379749298096,0.05933729559183121,0.16424289345741272,0.3388679325580597,-0.1527702659368515,0.43166404962539673,0.35503363609313965,-0.0694088563323021,0.5703616142272949,0.3287147879600525,0.06913886219263077,0.5783494710922241
449,0.36371445655822754,0.7535985112190247,0.4435620903968811,-0.0033687674440443516,0.6138423681259155,0.43385642766952515,-0.32330822944641113,0.34653928875923157,0.35510414838790894,-0.35177886486053467,-0.07760456204414368,0.3515045642852783,-0.342485249042511,-0.297843337059021,0.4042574167251587,-0.18594323098659515,0.04974108934402466,0.0056264023296535015,-0.1749483346939087,-0.23895835876464844,0.14792338013648987,-0.26802027225494385,-0.2594049572944641,0.3967422842979431,-0.21394973993301392,-0.11486393958330154,0.23402169346809387,-0.0009290360612794757,-0.00023692373360972852,-0.000279073603451252,-0.027035649865865707,-0.2913064658641815,0.16964179277420044,-0.0673600435256958,-0.21729159355163574,0.3877451419830322,-0.07503633201122284,-0.030877508223056793,0.3306169807910919,0.16415975987911224,0.04473980888724327,0.06094960495829582,0.10459505021572113,-0.16931942105293274,0.26413625478744507,0.10521893203258514,-0.05494587495923042,0.4842575490474701,0.15475115180015564,0.13474689424037933,0.4392438530921936,0.3600730895996094,0.06289054453372955,0.16618593037128448,0.34553396701812744,-0.1381947100162506,0.43362921476364136,0.3706492483615875,-0.07969680428504944,0.5713266134262085,0.32704395055770874,0.10388896614313126,0.5812417268753052
450,0.3631676137447357,0.7496926188468933,0.45175841450691223,-0.004455560818314552,0.6163431406021118,0.4365650415420532,-0.3169814944267273,0.35578060150146484,0.3610838055610657,-0.3440583348274231,-0.07015309482812881,0.3734639883041382,-0.33628255128860474,-0.2895106077194214,0.41871902346611023,-0.18797935545444489,0.056992873549461365,0.007046036422252655,-0.1709441840648651,-0.23025231063365936,0.14967110753059387,-0.26607319712638855,-0.24969357252120972,0.40831446647644043,-0.1920279562473297,-0.09190011024475098,0.23744171857833862,-0.0008903084089979529,-0.00024230625422205776,-0.0002791721490211785,-0.022831814363598824,-0.28546959161758423,0.1701081395149231,-0.0619761198759079,-0.2058996856212616,0.39574646949768066,-0.07360449433326721,-0.020278915762901306,0.3511420488357544,0.166736900806427,0.040018465369939804,0.05246911942958832,0.103980153799057,-0.16964051127433777,0.266827791929245,0.10775959491729736,-0.04364169389009476,0.4946497678756714,0.1580507606267929,0.14771050214767456,0.44845956563949585,0.3554387092590332,0.07371873408555984,0.16634078323841095,0.34743160009384155,-0.13185453414916992,0.43252819776535034,0.3770271837711334,-0.08799374848604202,0.5687873959541321,0.32669493556022644,0.12242108583450317,0.5864207744598389
451,0.3586323857307434,0.7472948431968689,0.45144468545913696,0.00044920272193849087,0.6281872391700745,0.4292280673980713,-0.3262864351272583,0.37362512946128845,0.3624982535839081,-0.37389642000198364,0.057891637086868286,0.28656840324401855,-0.3528069853782654,-0.2807736396789551,0.4429241418838501,-0.19200961291790009,0.06325234472751617,0.012835169211030006,-0.1896914392709732,-0.22341138124465942,0.16658905148506165,-0.270725280046463,-0.2526590824127197,0.42351311445236206,-0.17655538022518158,-0.07724697142839432,0.2383604645729065,-0.0009182823123410344,-0.0002808574354276061,-0.00029134974465705454,-0.022028937935829163,-0.28297898173332214,0.17613434791564941,-0.05912323668599129,-0.199977308511734,0.4095466732978821,-0.07067827880382538,-0.01889776811003685,0.38281670212745667,0.16780829429626465,0.039542317390441895,0.05749094486236572,0.10841367393732071,-0.17208543419837952,0.2724637985229492,0.11229805648326874,-0.04217168688774109,0.5066180229187012,0.16218478977680206,0.15049003064632416,0.4573691487312317,0.3572359085083008,0.07887321710586548,0.16339382529258728,0.3676440119743347,-0.14310859143733978,0.42833033204078674,0.38430196046829224,-0.09238934516906738,0.5693358182907104,0.3342050313949585,0.12847241759300232,0.5887987017631531
452,0.338431179523468,0.7694524526596069,0.4368568956851959,-0.014261887408792973,0.6285152435302734,0.42318177223205566,-0.35103553533554077,0.38320302963256836,0.3585194945335388,-0.4065662622451782,0.11978728324174881,0.2068735957145691,-0.4258694052696228,-0.10063879191875458,0.30427277088165283,-0.19814780354499817,0.06373777240514755,0.011953325942158699,-0.2113669216632843,-0.2178770899772644,0.16520258784294128,-0.2889785170555115,-0.25659799575805664,0.4122295677661896,-0.2277466058731079,-0.1127295196056366,0.3183556795120239,-0.0009649568237364292,-0.00028389424551278353,-0.00030009407782927155,-0.024661671370267868,-0.2858452796936035,0.19208258390426636,-0.06563927233219147,-0.20174700021743774,0.4125664234161377,-0.07431452721357346,-0.027974974364042282,0.3749513626098633,0.17070943117141724,0.03884299844503403,0.04973647743463516,0.10952205955982208,-0.17764830589294434,0.2756129503250122,0.10544271767139435,-0.04659240320324898,0.5091981887817383,0.15579961240291595,0.1314016580581665,0.4684230387210846,0.3499610424041748,0.08172659575939178,0.1641257107257843,0.37249892950057983,-0.150856152176857,0.4227216839790344,0.38239526748657227,-0.09936939179897308,0.5672727227210999,0.3341333270072937,0.09349991381168365,0.595781683921814
453,0.3174547553062439,0.7883386611938477,0.4007446765899658,-0.020147280767560005,0.6196423768997192,0.4138912558555603,-0.3702201545238495,0.410627543926239,0.3584153652191162,-0.4731094539165497,0.13468435406684875,0.15599048137664795,-0.559057891368866,-0.07291722297668457,0.16127721965312958,-0.203693225979805,0.05800021439790726,0.0219042357057333,-0.2550514340400696,-0.22520679235458374,0.1372012346982956,-0.3359435796737671,-0.2807125449180603,0.35258248448371887,-0.31565725803375244,-0.232072114944458,0.390820175409317,-0.0011557912221178412,-0.0003280433302279562,-0.0002702662313822657,-0.03646492213010788,-0.30340951681137085,0.21350395679473877,-0.08409729599952698,-0.23070472478866577,0.43436965346336365,-0.05873611941933632,-0.06422059237957001,0.4206542372703552,0.17421630024909973,0.03368083015084267,0.04724199324846268,0.11969569325447083,-0.20379728078842163,0.2681773900985718,0.11793097853660583,-0.12471842765808105,0.4863525629043579,0.14580096304416656,0.01236679032444954,0.512545108795166,0.35270488262176514,0.08880598098039627,0.15744057297706604,0.3783581256866455,-0.17177575826644897,0.3999261260032654,0.3894367814064026,-0.1576671451330185,0.5451813340187073,0.3549024164676666,-0.07752804458141327,0.6341724395751953
454,0.31796109676361084,0.7944186925888062,0.3820801377296448,-0.027084290981292725,0.6220381259918213,0.40352755784988403,-0.3841439485549927,0.430499792098999,0.34759676456451416,-0.5224546194076538,0.16269585490226746,0.12921494245529175,-0.6578235626220703,-0.07748685777187347,0.07686889916658401,-0.21241453289985657,0.05105304345488548,0.031149473041296005,-0.2787647545337677,-0.2298511266708374,0.12541714310646057,-0.3565826416015625,-0.30482083559036255,0.3542807698249817,-0.3709690272808075,-0.31500744819641113,0.4479195475578308,-0.0012993148993700743,-0.0003554090508259833,-0.0002579659631010145,-0.05332259088754654,-0.32282567024230957,0.18783017992973328,-0.09468534588813782,-0.28948476910591125,0.4228794276714325,-0.09124277532100677,-0.20543725788593292,0.5111655592918396,0.17376261949539185,0.030381035059690475,0.04352322220802307,0.1274343729019165,-0.23402127623558044,0.24516728520393372,0.13128958642482758,-0.20124661922454834,0.46512848138809204,0.15500104427337646,-0.14897087216377258,0.5610586404800415,0.36488837003707886,0.0854259505867958,0.15421807765960693,0.3949359655380249,-0.19957536458969116,0.3703640103340149,0.391930490732193,-0.20549055933952332,0.5265530347824097,0.37328997254371643,-0.18335209786891937,0.6397980451583862
455,0.38340890407562256,0.7326000928878784,0.39840513467788696,-0.009931130334734917,0.571847677230835,0.41267651319503784,-0.3625839352607727,0.4410412013530731,0.3167746365070343,-0.5271745920181274,0.21609434485435486,0.09592962265014648,-0.7355729341506958,-0.0176616869866848,-0.007944844663143158,-0.20933115482330322,0.04443468898534775,0.04218769818544388,-0.2928487956523895,-0.23119862377643585,0.009856324642896652,-0.40549758076667786,-0.36398887634277344,0.15135234594345093,-0.4866466522216797,-0.47298160195350647,0.22818969190120697,-0.0012456256663426757,-0.00033949658973142505,-0.00029917730716988444,-0.025811655446887016,-0.3419928550720215,0.09207434952259064,-0.10877756774425507,-0.4005172848701477,0.3272593021392822,-0.210068017244339,-0.476112961769104,0.26871535181999207,0.17188680171966553,0.017968639731407166,0.04477731138467789,0.15002486109733582,-0.25997233390808105,0.17884470522403717,0.13676109910011292,-0.30506065487861633,0.396500825881958,0.10254897177219391,-0.38074538111686707,0.5257017612457275,0.3693215847015381,0.04621220380067825,0.1521093249320984,0.40888240933418274,-0.21650554239749908,0.3195520043373108,0.4038979411125183,-0.26349616050720215,0.4849347770214081,0.35521435737609863,-0.2913077473640442,0.6257927417755127
456,0.3983125686645508,0.7083984613418579,0.41366901993751526,-0.03016580082476139,0.5683162212371826,0.367645263671875,-0.35847193002700806,0.4353094696998596,0.2884170711040497,-0.5364768505096436,0.26134949922561646,0.053286340087652206,-0.7775090336799622,0.09605628252029419,-0.13619491457939148,-0.20965027809143066,0.03854284808039665,0.04350844770669937,-0.29523229598999023,-0.22995826601982117,-0.036944564431905746,-0.40591996908187866,-0.3842576742172241,0.030675530433654785,-0.5145089626312256,-0.5244179368019104,0.10448071360588074,-0.0012098867446184158,-0.00029228677158243954,-0.00033843418350443244,-0.02502557635307312,-0.34609103202819824,0.05139251798391342,-0.04033282399177551,-0.46201014518737793,0.24494226276874542,-0.09947293251752853,-0.6228073835372925,0.3019730746746063,0.17005863785743713,-0.0009200247004628181,0.052113067358732224,0.16688686609268188,-0.27220314741134644,0.13590224087238312,0.13635677099227905,-0.3804655075073242,0.2926332354545593,0.10559205710887909,-0.5511471629142761,0.42155832052230835,0.3601575493812561,0.013480095192790031,0.1412334144115448,0.41690361499786377,-0.23444871604442596,0.2698417007923126,0.4156074523925781,-0.3182574212551117,0.4331754446029663,0.3649863302707672,-0.37748438119888306,0.5861170291900635
457,0.40374866127967834,0.7037481069564819,0.4085969924926758,-0.04781348630785942,0.5677776336669922,0.33547258377075195,-0.35841527581214905,0.43199509382247925,0.27347877621650696,-0.5457922220230103,0.290408194065094,0.03211824595928192,-0.8335260152816772,0.15607886016368866,-0.24954046308994293,-0.20893160998821259,0.03732248768210411,0.04848874732851982,-0.3006516396999359,-0.23027251660823822,-0.049646880477666855,-0.4259597659111023,-0.40464264154434204,-0.029031990095973015,-0.5450618267059326,-0.5793184638023376,0.04311215877532959,-0.0012190513079985976,-0.0002934378571808338,-0.0003617777256295085,-0.026963841170072556,-0.35008057951927185,0.02901030145585537,-0.024990597739815712,-0.5046782493591309,0.19147497415542603,-0.04627392813563347,-0.7202625274658203,0.26756030321121216,0.165839284658432,-0.007909749634563923,0.05286639928817749,0.16302722692489624,-0.27714648842811584,0.11224991828203201,0.13610871136188507,-0.4192734956741333,0.24143436551094055,0.09284673631191254,-0.669937014579773,0.3039894104003906,0.35512155294418335,0.0025836601853370667,0.1336645781993866,0.42041170597076416,-0.24216395616531372,0.25021955370903015,0.428058385848999,-0.33985209465026855,0.4172300696372986,0.3748074769973755,-0.41499194502830505,0.5812095403671265
458,0.408641517162323,0.7046617269515991,0.39316326379776,-0.05350877717137337,0.5717638731002808,0.3107619881629944,-0.3600781559944153,0.43345925211906433,0.25916117429733276,-0.5534223318099976,0.31152233481407166,0.01788879930973053,-0.8468213081359863,0.20704221725463867,-0.26409274339675903,-0.20947863161563873,0.038329750299453735,0.05263759195804596,-0.3080204129219055,-0.23043058812618256,-0.05475197732448578,-0.439059317111969,-0.41695982217788696,-0.05865706875920296,-0.3498261272907257,-0.6571588516235352,-0.07931555807590485,-0.0012471547815948725,-0.0003013501700479537,-0.00037376768887043,-0.02897654101252556,-0.3515305519104004,0.015261818654835224,-0.018495293334126472,-0.530941367149353,0.15676753222942352,-0.010795711539685726,-0.757052481174469,0.29341527819633484,0.16591042280197144,-0.01030849851667881,0.05153430253267288,0.16297882795333862,-0.2808934152126312,0.09943430125713348,0.13713255524635315,-0.44186538457870483,0.21285533905029297,0.08534667640924454,-0.7385769486427307,0.2339979112148285,0.35720980167388916,-0.0014451082097366452,0.1297449767589569,0.42589128017425537,-0.2489852011203766,0.24064132571220398,0.438102126121521,-0.353440523147583,0.4077516794204712,0.3878788352012634,-0.4361805319786072,0.5753636360168457
459,0.4110682010650635,0.7028505802154541,0.3771730065345764,-0.06776654720306396,0.5817686319351196,0.28022751212120056,-0.36303818225860596,0.4456073045730591,0.24398553371429443,-0.5614690780639648,0.3272484540939331,0.0022151414304971695,-0.8687640428543091,0.22335897386074066,-0.30729976296424866,-0.2075875848531723,0.04012858867645264,0.05472545698285103,-0.3108518719673157,-0.22903621196746826,-0.0612623430788517,-0.4420618414878845,-0.4118550419807434,-0.05669131129980087,-0.3414151072502136,-0.7310971021652222,-0.0820692777633667,-0.0012620075140148401,-0.0003141580382362008,-0.0003892010427080095,-0.010795529931783676,-0.35655108094215393,0.0034453202970325947,-0.01797495037317276,-0.5482732653617859,0.13985365629196167,0.0038966434076428413,-0.7991524934768677,0.2617362439632416,0.16708332300186157,-0.01231751125305891,0.04784950241446495,0.17080581188201904,-0.2888389825820923,0.08668297529220581,0.1317632496356964,-0.4577775001525879,0.1859700083732605,0.07880744338035583,-0.7797458171844482,0.1988772749900818,0.3592889606952667,-0.0003913214895874262,0.12381251901388168,0.4294629693031311,-0.2541969418525696,0.23223116993904114,0.4484962821006775,-0.3595345616340637,0.3854089379310608,0.39108890295028687,-0.45719414949417114,0.5569175481796265
460,0.4141809940338135,0.7064602375030518,0.35761868953704834,-0.07563437521457672,0.5860773921012878,0.26545456051826477,-0.3668076992034912,0.4497673809528351,0.2373175323009491,-0.5696871280670166,0.3364328444004059,-0.01217111200094223,-0.886203408241272,0.23149864375591278,-0.3405592441558838,-0.2089061737060547,0.04294055327773094,0.05473828315734863,-0.3138318657875061,-0.22983992099761963,-0.06040012091398239,-0.45381635427474976,-0.42306602001190186,-0.06620165705680847,-0.453551709651947,-0.7053661346435547,-0.06820391118526459,-0.0012698797509074211,-0.0003140385961160064,-0.00039370436570607126,-0.001284630037844181,-0.359025239944458,-0.0017097004456445575,-0.02021118625998497,-0.5560606718063354,0.13862207531929016,0.01286053005605936,-0.8211978673934937,0.2590092420578003,0.1686258763074875,-0.01320074126124382,0.04627075046300888,0.16444599628448486,-0.28529641032218933,0.08276179432868958,0.13076753914356232,-0.46392151713371277,0.18419170379638672,0.07570262998342514,-0.8014557361602783,0.1889292299747467,0.3600829243659973,0.0029798184987157583,0.12136875092983246,0.43372511863708496,-0.2550583481788635,0.22648721933364868,0.4580986499786377,-0.35976704955101013,0.37196847796440125,0.39369189739227295,-0.46648359298706055,0.5494483113288879
461,0.4146876633167267,0.7019319534301758,0.358609139919281,-0.0786629468202591,0.581279993057251,0.2677997648715973,-0.36939406394958496,0.4475957751274109,0.2350381314754486,-0.574416995048523,0.3393019437789917,-0.017690954729914665,-0.8944156169891357,0.2368590384721756,-0.35688018798828125,-0.2103945016860962,0.042830243706703186,0.055066488683223724,-0.31324875354766846,-0.22889462113380432,-0.060885801911354065,-0.4501097798347473,-0.41550034284591675,-0.05092287063598633,-0.5148149132728577,-0.6940386295318604,-0.058345191180706024,-0.001286123413592577,-0.0003160339838359505,-0.0004001854103989899,0.0044228024780750275,-0.36026957631111145,-0.00438342709094286,-0.0525524839758873,-0.5590883493423462,0.1273767352104187,0.012024708092212677,-0.8146094083786011,0.30154210329055786,0.16864648461341858,-0.014073949307203293,0.045103032141923904,0.17082324624061584,-0.2889120876789093,0.0813959464430809,0.12893417477607727,-0.46811938285827637,0.18013104796409607,0.07346095144748688,-0.8135378956794739,0.1863553822040558,0.36058908700942993,0.004533964209258556,0.12118824571371078,0.4379463791847229,-0.25635039806365967,0.22090893983840942,0.4655270576477051,-0.36168497800827026,0.3616405129432678,0.3989958167076111,-0.47351017594337463,0.5420727133750916
462,0.41025957465171814,0.709467351436615,0.3521411418914795,-0.0754944458603859,0.5840535163879395,0.26430004835128784,-0.36673158407211304,0.4538195729255676,0.23158173263072968,-0.575669527053833,0.3473467230796814,-0.017299486324191093,-0.8840880990028381,0.2615419030189514,-0.32300281524658203,-0.2124439924955368,0.0453789047896862,0.057444505393505096,-0.3139609396457672,-0.2298503965139389,-0.05826985836029053,-0.45717060565948486,-0.42368730902671814,-0.050755709409713745,-0.5487034916877747,-0.6922966241836548,-0.03564722463488579,-0.0013004967477172613,-0.00032736192224547267,-0.00040438954601995647,-0.012193083763122559,-0.36036428809165955,0.007254310883581638,-0.07281249761581421,-0.5623300671577454,0.1256086528301239,-0.08181795477867126,-0.8141430616378784,0.06452678143978119,0.1705440878868103,-0.01399643998593092,0.04010409861803055,0.1733161211013794,-0.2885240316390991,0.08129923790693283,0.11887149512767792,-0.47380530834198,0.18072064220905304,0.06954605132341385,-0.8208061456680298,0.1807885766029358,0.3614087998867035,0.008733815513551235,0.12045946717262268,0.43704313039779663,-0.2576838433742523,0.21846503019332886,0.46714505553245544,-0.3616276979446411,0.35713768005371094,0.39678606390953064,-0.4772107005119324,0.5356586575508118
463,0.4071959853172302,0.7162723541259766,0.3451222777366638,-0.0921042412519455,0.5845146179199219,0.2670122981071472,-0.3738235831260681,0.4547317326068878,0.2342298924922943,-0.5816270112991333,0.35020649433135986,-0.020443733781576157,-0.868922233581543,0.2653086185455322,-0.31204432249069214,-0.2131350040435791,0.05227631330490112,0.0473310649394989,-0.3153073787689209,-0.2274225652217865,-0.05513211339712143,-0.46230143308639526,-0.42522644996643066,-0.04470207542181015,-0.5518590807914734,-0.6840306520462036,-0.021144956350326538,-0.001255627954378724,-0.00032743485644459724,-0.00037449225783348083,-0.01963065192103386,-0.3617593050003052,0.014844942837953568,-0.08462698757648468,-0.5646724700927734,0.12388481199741364,-0.13122887909412384,-0.8209423422813416,-0.056083545088768005,0.1700144112110138,-0.014544237405061722,0.038759902119636536,0.1748529076576233,-0.2897498607635498,0.07858385145664215,0.11296279728412628,-0.47521913051605225,0.18627077341079712,0.0727941244840622,-0.8131985664367676,0.21263371407985687,0.36070579290390015,0.010681919753551483,0.12108109146356583,0.43447941541671753,-0.2578420042991638,0.2160051017999649,0.46623876690864563,-0.3648201823234558,0.3509314954280853,0.3949124813079834,-0.48304659128189087,0.5290661454200745
464,0.4109739065170288,0.7248440980911255,0.34232616424560547,-0.07452316582202911,0.591685950756073,0.2649696171283722,-0.37860262393951416,0.4537794888019562,0.22994190454483032,-0.584450364112854,0.3504781126976013,-0.027296945452690125,-0.8713226318359375,0.25632086396217346,-0.31882286071777344,-0.21543899178504944,0.04569963738322258,0.05216510593891144,-0.3114583194255829,-0.2308202087879181,-0.0557003915309906,-0.4632874131202698,-0.4286160171031952,-0.028777185827493668,-0.541689932346344,-0.6708481311798096,-0.027333233505487442,-0.001254761591553688,-0.00033452740171924233,-0.00035418267361819744,-0.006942007225006819,-0.3597365915775299,0.00708803441375494,-0.0937432050704956,-0.5596234798431396,0.1162044107913971,-0.15714594721794128,-0.8364624977111816,-0.12096446007490158,0.17352715134620667,-0.010838315822184086,0.03532516956329346,0.1769026219844818,-0.2872196435928345,0.07505649328231812,0.11310235410928726,-0.4719982147216797,0.20033805072307587,0.06924772262573242,-0.8081605434417725,0.23205068707466125,0.3637850880622864,0.015432789921760559,0.11837605386972427,0.43385058641433716,-0.25587743520736694,0.2136237770318985,0.46496349573135376,-0.3610708713531494,0.3480296730995178,0.39065080881118774,-0.48362067341804504,0.5237945318222046
465,0.345041424036026,0.7789753675460815,0.2769700884819031,-0.09454052150249481,0.5943846702575684,0.26313671469688416,-0.389403760433197,0.459572970867157,0.24980181455612183,-0.5732501745223999,0.32929664850234985,0.00556056946516037,-0.8529961109161377,0.1830737143754959,-0.20003218948841095,-0.20810793340206146,0.009642282500863075,0.05915289372205734,-0.29938387870788574,-0.2560821771621704,-0.03922497481107712,-0.4525482952594757,-0.44626352190971375,-0.021462053060531616,-0.5280119776725769,-0.6907119750976562,-0.027817264199256897,-0.0012707362184301019,-0.00037545801023952663,-0.00036737980553880334,-0.004555467050522566,-0.35368531942367554,0.0013189632445573807,-0.1137533187866211,-0.5656461715698242,0.06863093376159668,-0.13699066638946533,-0.8435051441192627,-0.14244475960731506,0.15699326992034912,0.006697374861687422,0.030077986419200897,0.19234883785247803,-0.27207842469215393,0.062109820544719696,0.12834368646144867,-0.4737464487552643,0.18716055154800415,0.08677154779434204,-0.8194242715835571,0.151859313249588,0.3527912199497223,0.028778064996004105,0.11959116160869598,0.4605826735496521,-0.2340123951435089,0.18243026733398438,0.4922003149986267,-0.3479679822921753,0.31656506657600403,0.42831695079803467,-0.475325345993042,0.51055508852005
466,0.28009235858917236,0.8263218402862549,0.19052579998970032,-0.12403425574302673,0.6112368106842041,0.21175618469715118,-0.4167272448539734,0.444637656211853,0.263413667678833,-0.5868280529975891,0.2786208391189575,0.044862113893032074,-0.8508882522583008,0.10779477655887604,-0.08820043504238129,-0.2029782235622406,-0.008743196725845337,0.065516896545887,-0.2983115017414093,-0.2707080841064453,-0.015802953392267227,-0.4266479015350342,-0.4720352292060852,-0.03404106944799423,-0.5116409659385681,-0.7230902910232544,-0.04356996715068817,-0.0013616429641842842,-0.0005135272513143718,-0.0003748019807972014,0.012631818652153015,-0.3533896803855896,0.013884594663977623,-0.08265913277864456,-0.5875049829483032,0.04404537379741669,-0.0980805978178978,-0.8778598308563232,-0.13693620264530182,0.15674027800559998,0.027356820181012154,0.02192630246281624,0.22484087944030762,-0.25415587425231934,0.03813821077346802,0.1699589490890503,-0.4908673167228699,0.13893193006515503,0.15960852801799774,-0.8278402090072632,0.15363971889019012,0.3518674075603485,0.05477983132004738,0.1170441135764122,0.4956488013267517,-0.18502800166606903,0.14955604076385498,0.5437086820602417,-0.32468754053115845,0.26896071434020996,0.514326810836792,-0.480163037776947,0.42173483967781067
467,0.21628673374652863,0.8573722839355469,0.16924160718917847,-0.15121403336524963,0.6322349905967712,0.19463244080543518,-0.4197115898132324,0.4398304224014282,0.2706829309463501,-0.591393768787384,0.23146668076515198,0.0971071794629097,-0.8132089376449585,0.06938160955905914,0.034758079797029495,-0.19413065910339355,-0.008566997945308685,0.06352405995130539,-0.2903364896774292,-0.2815983295440674,-0.002978131640702486,-0.4064708948135376,-0.5046995282173157,-0.029140451923012733,-0.4733964204788208,-0.7249147891998291,-0.06367650628089905,-0.001408290583640337,-0.0005532241193577647,-0.00038709439104422927,0.023901527747511864,-0.3553783893585205,0.007437728811055422,-0.06464585661888123,-0.6027452349662781,0.012337465770542622,-0.0613599456846714,-0.8767192363739014,-0.1808488368988037,0.1507599949836731,0.02703368104994297,0.020062584429979324,0.22205133736133575,-0.2429419755935669,0.005540632642805576,0.16714134812355042,-0.515366792678833,0.04600059241056442,0.1883431375026703,-0.823494553565979,0.06008224934339523,0.33173322677612305,0.07379370927810669,0.13458114862442017,0.5113760232925415,-0.1628320813179016,0.11928690969944,0.5741927623748779,-0.31847524642944336,0.22745034098625183,0.5750214457511902,-0.4686521887779236,0.3630453944206238
468,0.16775210201740265,0.8721112012863159,0.18164679408073425,-0.17059144377708435,0.6465326547622681,0.20196709036827087,-0.42547011375427246,0.42909377813339233,0.2887646555900574,-0.5871819257736206,0.2045198678970337,0.137409970164299,-0.7898421287536621,0.043169062584638596,0.11231870949268341,-0.1904905140399933,-0.010910985991358757,0.0644201934337616,-0.2883676290512085,-0.2918303608894348,-0.004352661315351725,-0.38972753286361694,-0.5263932943344116,-0.04215764254331589,-0.4440431594848633,-0.7272928357124329,-0.10096586495637894,-0.0013685636222362518,-0.0005308951949700713,-0.0003853066300507635,0.03239867836236954,-0.35477444529533386,-0.0037591462023556232,-0.05669212341308594,-0.6115771532058716,-0.009123222902417183,-0.04216058552265167,-0.8893948793411255,-0.1901547908782959,0.14592209458351135,0.027838919311761856,0.022987056523561478,0.2267657369375229,-0.2457222044467926,0.0020916739013046026,0.18834546208381653,-0.5234141945838928,0.010266032069921494,0.20927603542804718,-0.8226135969161987,0.017054365947842598,0.32551559805870056,0.09297973662614822,0.14536602795124054,0.524235188961029,-0.15140731632709503,0.10895600914955139,0.5884857177734375,-0.31723499298095703,0.20596091449260712,0.6013022661209106,-0.46847841143608093,0.3385683596134186
469,0.15829810500144958,0.8856269121170044,0.1442343294620514,-0.18786507844924927,0.6587588787078857,0.16717253625392914,-0.4197867214679718,0.44012466073036194,0.2898566424846649,-0.5890195965766907,0.1993585079908371,0.11921621859073639,-0.7901723384857178,0.0459555983543396,0.08647309988737106,-0.194776713848114,-0.007378814276307821,0.05753525346517563,-0.29138049483299255,-0.2987549304962158,0.0020041128154844046,-0.38074544072151184,-0.5457817912101746,-0.032452911138534546,-0.4550102949142456,-0.7644095420837402,-0.09970250725746155,-0.0012963475892320275,-0.0005495568038895726,-0.00038442004006356,0.032997313886880875,-0.3506428599357605,-0.019853927195072174,-0.05208268016576767,-0.6272972822189331,-0.03166768327355385,-0.03506278246641159,-0.9025079607963562,-0.2190619707107544,0.14740335941314697,0.030194485560059547,0.022909995168447495,0.2295299619436264,-0.24504372477531433,-0.007281288970261812,0.21215225756168365,-0.5258995890617371,-0.021405620500445366,0.23392480611801147,-0.815630316734314,-0.02535238489508629,0.3375293016433716,0.09472842514514923,0.13930651545524597,0.5314711928367615,-0.1548091471195221,0.07849828898906708,0.6125167608261108,-0.30975162982940674,0.15813858807086945,0.6341602206230164,-0.49139603972435,0.255976140499115
470,0.147475466132164,0.8905209302902222,0.15492062270641327,-0.1491095870733261,0.6480962038040161,0.17823776602745056,-0.39812934398651123,0.45130228996276855,0.29161185026168823,-0.5646448135375977,0.23372261226177216,0.14562249183654785,-0.753212571144104,0.10207782685756683,0.03858605772256851,-0.19815459847450256,-0.011631101369857788,0.06886180490255356,-0.2957436442375183,-0.2973802387714386,0.012242725118994713,-0.37890613079071045,-0.533584713935852,-0.050422508269548416,-0.47307664155960083,-0.7666945457458496,-0.10370339453220367,-0.0013774344697594643,-0.000582150649279356,-0.00039184943307191133,0.018295004963874817,-0.3447161912918091,-0.025657646358013153,-0.07325849682092667,-0.6353068947792053,-0.060133758932352066,-0.04958130419254303,-0.9181656241416931,-0.21261949837207794,0.14698293805122375,0.02990073710680008,0.01825253665447235,0.22722552716732025,-0.25199997425079346,-0.010272624902427197,0.21704715490341187,-0.5253189206123352,-0.059406086802482605,0.24327033758163452,-0.8133204579353333,-0.05619201064109802,0.3372238576412201,0.09487730264663696,0.1302981674671173,0.527871310710907,-0.15478917956352234,0.06405659019947052,0.6133140921592712,-0.3119407594203949,0.14125850796699524,0.6281503438949585,-0.5111085176467896,0.21249832212924957
471,0.1653956174850464,0.9064849615097046,0.11202315241098404,-0.10505981743335724,0.6621796488761902,0.19190385937690735,-0.37974581122398376,0.4535742402076721,0.32028496265411377,-0.5571012496948242,0.24925720691680908,0.15358301997184753,-0.717232346534729,0.13886019587516785,0.01928107626736164,-0.19433853030204773,-0.018445204943418503,0.080755315721035,-0.29891908168792725,-0.28394269943237305,0.003885285696014762,-0.38018232583999634,-0.5117699503898621,-0.06336240470409393,-0.47340914607048035,-0.7485313415527344,-0.11759515106678009,-0.0014649569056928158,-0.0005827992572449148,-0.0003833972732536495,0.003423810936510563,-0.3358761668205261,-0.04835260286927223,-0.08536788821220398,-0.628620445728302,-0.11838886141777039,-0.07187888771295547,-0.8988096117973328,-0.2476041316986084,0.14806073904037476,0.03482544422149658,0.008985989727079868,0.23118644952774048,-0.24650537967681885,-0.02637561969459057,0.2136206179857254,-0.5207447409629822,-0.1040850579738617,0.24183648824691772,-0.8044400215148926,-0.09214107692241669,0.3410801291465759,0.09504371881484985,0.11814071238040924,0.5260674357414246,-0.16619277000427246,0.05445169657468796,0.6020790338516235,-0.3312671184539795,0.08496837317943573,0.6225090026855469,-0.5310425758361816,0.16325750946998596
472,0.18526962399482727,0.90633624792099,0.1061130166053772,-0.09098252654075623,0.6877920031547546,0.17084932327270508,-0.40070369839668274,0.45714807510375977,0.3240061402320862,-0.5899156332015991,0.23350989818572998,0.15871162712574005,-0.7700014114379883,0.11608544737100601,0.09181752800941467,-0.20015224814414978,-0.011046262457966805,0.07493650168180466,-0.30472221970558167,-0.28295981884002686,-0.00035173632204532623,-0.37840622663497925,-0.5158791542053223,-0.04245057329535484,-0.4761310815811157,-0.7626557350158691,-0.09092669188976288,-0.0014601383591070771,-0.0005883532576262951,-0.000371578149497509,0.0028973461594432592,-0.3431437015533447,-0.0597209595143795,-0.08298083394765854,-0.6338061094284058,-0.13230767846107483,-0.0716169998049736,-0.8879458904266357,-0.2817705273628235,0.1585075408220291,0.04301357641816139,0.005777505226433277,0.23600547015666962,-0.24842941761016846,-0.02344425767660141,0.2228907346725464,-0.5182459354400635,-0.11110122501850128,0.2466912418603897,-0.8176364898681641,-0.08036506175994873,0.3481663465499878,0.10119913518428802,0.1102236658334732,0.5331544280052185,-0.14578361809253693,0.06172475591301918,0.6143071055412292,-0.31668752431869507,0.095899298787117,0.6357277631759644,-0.5264203548431396,0.15114697813987732
473,0.20736418664455414,0.9090138673782349,0.13231608271598816,-0.09058504551649094,0.6959987878799438,0.19337311387062073,-0.4187191128730774,0.4581376910209656,0.3349805176258087,-0.6262809038162231,0.20000776648521423,0.18644337356090546,-0.8208234310150146,0.0797191932797432,0.16701412200927734,-0.20712582767009735,0.0033421600237488747,0.0683417022228241,-0.3114527761936188,-0.28743332624435425,-0.0015202915528789163,-0.3752530813217163,-0.5229007005691528,-0.0207324530929327,-0.47634953260421753,-0.7727254629135132,-0.05893590301275253,-0.0014997676480561495,-0.0006057735299691558,-0.000366599066182971,0.002465449273586273,-0.3500887155532837,-0.06275909394025803,-0.0802006721496582,-0.6365433931350708,-0.12482607364654541,-0.06924732774496078,-0.8892312049865723,-0.29812949895858765,0.16703256964683533,0.0463801845908165,0.004314942751079798,0.23667031526565552,-0.2512435019016266,-0.023441510275006294,0.22876718640327454,-0.5194643139839172,-0.09875491261482239,0.25628313422203064,-0.821600615978241,-0.05592770874500275,0.35591650009155273,0.1024414673447609,0.10414828360080719,0.5366259813308716,-0.14331459999084473,0.059640929102897644,0.6184782981872559,-0.3123650848865509,0.10484281182289124,0.6434611082077026,-0.5235205888748169,0.13522309064865112
474,0.22687458992004395,0.9001825451850891,0.18175125122070312,-0.08639264106750488,0.6837896704673767,0.253564715385437,-0.4298352003097534,0.4466681480407715,0.3615080714225769,-0.6324021220207214,0.17621158063411713,0.22244247794151306,-0.8302849531173706,0.05196860060095787,0.21978554129600525,-0.21099978685379028,0.016253957524895668,0.06665247678756714,-0.31469422578811646,-0.28770166635513306,-0.002813217230141163,-0.37780436873435974,-0.5234645009040833,-0.00391368055716157,-0.4751799702644348,-0.7732166051864624,-0.044118162244558334,-0.0015540134627372026,-0.0006053156685084105,-0.0003565398510545492,0.0012040658621117473,-0.3579154908657074,-0.06097801774740219,-0.07881347090005875,-0.6361028552055359,-0.10235340893268585,-0.06590695679187775,-0.8963097333908081,-0.2703070044517517,0.17220339179039001,0.04789213091135025,0.00493121100589633,0.2385958731174469,-0.25277942419052124,-0.024327777326107025,0.23095162212848663,-0.5232078433036804,-0.08348286151885986,0.26905059814453125,-0.8206120729446411,-0.016942132264375687,0.3599240481853485,0.10112877190113068,0.103933185338974,0.5375254154205322,-0.14535672962665558,0.058723464608192444,0.6201499700546265,-0.31492167711257935,0.11113853752613068,0.646500825881958,-0.5228527784347534,0.12821941077709198
475,0.24317215383052826,0.8933408260345459,0.19949372112751007,-0.07713795453310013,0.6756891012191772,0.28554317355155945,-0.43520796298980713,0.43902960419654846,0.37201088666915894,-0.6345412135124207,0.1622363030910492,0.23885005712509155,-0.8307512998580933,0.021713905036449432,0.27059927582740784,-0.21284237504005432,0.022019196301698685,0.06695598363876343,-0.31155869364738464,-0.2894073724746704,-0.007091213949024677,-0.37968960404396057,-0.5250851511955261,0.005219664424657822,-0.47694647312164307,-0.7794469594955444,-0.03585825115442276,-0.0015869311755523086,-0.0006009901408106089,-0.00034919363679364324,0.001693714875727892,-0.36359289288520813,-0.05583453178405762,-0.07498972117900848,-0.6379830837249756,-0.09162557870149612,-0.06002691388130188,-0.8988207578659058,-0.244759202003479,0.17440083622932434,0.0507880374789238,0.005367389880120754,0.24463124573230743,-0.2494659423828125,-0.019930938258767128,0.2328278124332428,-0.5222417116165161,-0.07637190818786621,0.2755923271179199,-0.8166018724441528,-0.000919664278626442,0.3607258200645447,0.10124015808105469,0.10632574558258057,0.5418326258659363,-0.14073985815048218,0.06001712381839752,0.6220924854278564,-0.31056106090545654,0.12057646363973618,0.6540414094924927,-0.5156393051147461,0.1426977962255478
476,0.2481728494167328,0.889056921005249,0.20450004935264587,-0.06624753773212433,0.6712036728858948,0.2934330999851227,-0.4342542290687561,0.43650394678115845,0.3725334405899048,-0.6299145221710205,0.15467333793640137,0.24259501695632935,-0.8245975971221924,0.00800639484077692,0.2944459021091461,-0.21053414046764374,0.02070111781358719,0.07426668703556061,-0.3081607222557068,-0.29229140281677246,-0.014483461156487465,-0.3823554515838623,-0.526333212852478,0.004360030870884657,-0.47994256019592285,-0.7850391864776611,-0.03404264897108078,-0.0015825816662982106,-0.000601241597905755,-0.00034874508855864406,0.0029593801591545343,-0.3664381802082062,-0.04938442260026932,-0.07019301503896713,-0.6408883333206177,-0.07884444296360016,-0.054072558879852295,-0.9011567831039429,-0.22064504027366638,0.1746189445257187,0.05281151831150055,0.003380715614184737,0.24845951795578003,-0.2485380321741104,-0.015109491534531116,0.23569756746292114,-0.5223766565322876,-0.0608891099691391,0.2803282141685486,-0.8094903230667114,0.01846642792224884,0.3619467616081238,0.10363708436489105,0.10634312033653259,0.5438991189002991,-0.13693837821483612,0.062379464507102966,0.6248553991317749,-0.3066001534461975,0.13131017982959747,0.6544838547706604,-0.5103441476821899,0.16336867213249207
477,0.24998611211776733,0.8974677324295044,0.14893127977848053,-0.04914906993508339,0.6755688190460205,0.2520492374897003,-0.431231826543808,0.446520060300827,0.3386850953102112,-0.5963521599769592,0.1803775280714035,0.23147094249725342,-0.7450802326202393,0.03464588150382042,0.22452755272388458,-0.2077738642692566,0.017375625669956207,0.08042886853218079,-0.3059501647949219,-0.28334712982177734,0.011388997547328472,-0.3791956305503845,-0.5182234644889832,0.019442837685346603,-0.47711890935897827,-0.7772008180618286,-0.010050218552350998,-0.0015845277812331915,-0.0006432821974158287,-0.00034779158886522055,0.007792769931256771,-0.36261123418807983,-0.03567328304052353,-0.0665268748998642,-0.6381891965866089,-0.06754084676504135,-0.05850174278020859,-0.9062775373458862,-0.18476691842079163,0.17157390713691711,0.04822656884789467,0.00800080131739378,0.25154900550842285,-0.2513881325721741,-0.008906777016818523,0.243585467338562,-0.522269606590271,-0.03508296608924866,0.28337323665618896,-0.8070058822631836,0.058304473757743835,0.3615739643573761,0.10924064368009567,0.10032057017087936,0.5454329252243042,-0.14597392082214355,0.06930586695671082,0.6195748448371887,-0.3014427423477173,0.14100006222724915,0.6546659469604492,-0.5043472051620483,0.18891245126724243
478,0.25274279713630676,0.898184061050415,0.1578112244606018,-0.03542287275195122,0.659613847732544,0.25447505712509155,-0.4396405816078186,0.43826091289520264,0.3290599584579468,-0.5674370527267456,0.18721845746040344,0.20867802202701569,-0.675736665725708,0.04880440980195999,0.14452369511127472,-0.2048802375793457,0.01290830783545971,0.08567292988300323,-0.30179113149642944,-0.2796487808227539,0.017504725605249405,-0.378953754901886,-0.5146993398666382,0.018939252942800522,-0.4727846384048462,-0.7736047506332397,-0.006051243282854557,-0.0015965638449415565,-0.00066276645520702,-0.0003489779192022979,0.012121248990297318,-0.360241562128067,-0.02979503758251667,-0.06476281583309174,-0.6357519626617432,-0.06369572132825851,-0.06274738907814026,-0.9102871417999268,-0.15749295055866241,0.16562578082084656,0.044515542685985565,0.0028117294423282146,0.2534739673137665,-0.25149551033973694,-0.007246617693454027,0.24924960732460022,-0.5215907692909241,-0.021205298602581024,0.28727829456329346,-0.8044404983520508,0.0815185010433197,0.3603464961051941,0.11048683524131775,0.0977531224489212,0.5455209016799927,-0.15079928934574127,0.07126930356025696,0.6166853308677673,-0.2984158992767334,0.14252214133739471,0.6537712812423706,-0.5027124285697937,0.20013803243637085
479,0.25397244095802307,0.8989951610565186,0.15216338634490967,-0.04442538321018219,0.6497148275375366,0.24828621745109558,-0.4052148461341858,0.41997402906417847,0.3654741644859314,-0.5288479328155518,0.14406490325927734,0.27034372091293335,-0.6227636337280273,0.08684854209423065,0.08043882250785828,-0.19997116923332214,0.007576151750981808,0.09297483414411545,-0.29357582330703735,-0.2823941111564636,0.030701078474521637,-0.3766231834888458,-0.5141680240631104,0.028658472001552582,-0.4741385579109192,-0.7712084054946899,0.00445506302639842,-0.0016170627204701304,-0.0006653872551396489,-0.00035204601590521634,0.01325959526002407,-0.35846298933029175,-0.02436171844601631,-0.06282256543636322,-0.6389507055282593,-0.06404430419206619,-0.06611262261867523,-0.9126603007316589,-0.1528857946395874,0.15609301626682281,0.04082750529050827,-0.00802561454474926,0.24852588772773743,-0.2524166405200958,-0.010460336692631245,0.249876469373703,-0.5235945582389832,-0.022142495959997177,0.285472571849823,-0.8048936724662781,0.08048330247402191,0.35381796956062317,0.10528987646102905,0.09046009182929993,0.5405171513557434,-0.1603212207555771,0.0705898106098175,0.6085485219955444,-0.2997376322746277,0.1466648429632187,0.644233226776123,-0.5012023448944092,0.20435628294944763
480,0.25395485758781433,0.9023871421813965,0.13201618194580078,-0.053235072642564774,0.6588499546051025,0.2259136438369751,-0.38414502143859863,0.41030406951904297,0.38017886877059937,-0.5004512071609497,0.12488213181495667,0.31689149141311646,-0.5956623554229736,0.10708022117614746,0.0650850385427475,-0.1929626315832138,0.003558041760697961,0.09680111706256866,-0.2926848530769348,-0.28033727407455444,0.03099799156188965,-0.3866032361984253,-0.506804347038269,-4.0036626160144806e-05,-0.4779708981513977,-0.765498161315918,-0.024342529475688934,-0.0016091562574729323,-0.000648482411634177,-0.0003623216471169144,0.008612217381596565,-0.3569736182689667,-0.028876028954982758,-0.06628958880901337,-0.6381810903549194,-0.0767553448677063,-0.06227730214595795,-0.9131442904472351,-0.1504865139722824,0.14871393144130707,0.03773476555943489,-0.013739051297307014,0.23923611640930176,-0.2505318522453308,-0.012101812288165092,0.23742952942848206,-0.5251515507698059,-0.024193715304136276,0.2755361497402191,-0.804070234298706,0.07710575312376022,0.3422234058380127,0.10102435946464539,0.08523386716842651,0.5306456089019775,-0.15831825137138367,0.0714486688375473,0.5978831648826599,-0.2948048412799835,0.15578657388687134,0.6310326457023621,-0.4906817674636841,0.21626713871955872
481,0.2328418791294098,0.9073736667633057,0.11985833942890167,-0.03302484750747681,0.6717116832733154,0.21198807656764984,-0.36853206157684326,0.422776997089386,0.37269842624664307,-0.5119612812995911,0.16035069525241852,0.3185987174510956,-0.6460474729537964,0.08146312832832336,0.15060707926750183,-0.18890324234962463,-0.0010342731839045882,0.09649229049682617,-0.2907094359397888,-0.28402838110923767,0.043457068502902985,-0.39766889810562134,-0.49959036707878113,0.002738896757364273,-0.48325732350349426,-0.7523941993713379,-0.03236301243305206,-0.0016206747386604548,-0.0006432552472688258,-0.0003687108983285725,0.009239318780601025,-0.35237404704093933,-0.023096665740013123,-0.07034394890069962,-0.6335281729698181,-0.0691271498799324,-0.0655253529548645,-0.9158392548561096,-0.13306862115859985,0.14975950121879578,0.03759002685546875,-0.010502461344003677,0.23275718092918396,-0.25097963213920593,-0.014483913779258728,0.23383428156375885,-0.5212817192077637,-0.01754927821457386,0.27208924293518066,-0.7982404232025146,0.08155122399330139,0.3352108597755432,0.1003829836845398,0.08274857699871063,0.5238794684410095,-0.1574591100215912,0.0709846168756485,0.5947582721710205,-0.28826358914375305,0.15210500359535217,0.6288529634475708,-0.48156118392944336,0.21857284009456635
482,0.2243829220533371,0.912029504776001,0.10157021880149841,-0.024895474314689636,0.6826387643814087,0.2127455472946167,-0.36164528131484985,0.42867809534072876,0.3700656294822693,-0.5270615220069885,0.18386006355285645,0.3219234049320221,-0.6847161054611206,0.07295328378677368,0.19946406781673431,-0.19036459922790527,-0.0030773882754147053,0.09380675852298737,-0.2987552285194397,-0.27511247992515564,0.051019467413425446,-0.4048725962638855,-0.4965670108795166,0.010326992720365524,-0.4862791895866394,-0.748267650604248,-0.03216134011745453,-0.001622913172468543,-0.0006357484962791204,-0.0003694352926686406,0.010544894263148308,-0.3499463200569153,-0.01832917332649231,-0.0715450793504715,-0.6346008777618408,-0.060769252479076385,-0.06078711897134781,-0.9208693504333496,-0.12359979748725891,0.14653679728507996,0.0379331149160862,-0.013378895819187164,0.2323186695575714,-0.24942122399806976,-0.014752903021872044,0.2337760031223297,-0.5185365676879883,-0.012842572294175625,0.2741558253765106,-0.7963917255401611,0.08651424199342728,0.3351094722747803,0.09935244917869568,0.08176897466182709,0.5213432908058167,-0.1580885350704193,0.07276734709739685,0.5940022468566895,-0.28676748275756836,0.15324833989143372,0.6303029656410217,-0.47648459672927856,0.221055269241333
483,0.21878093481063843,0.9142054915428162,0.10879556834697723,-0.039259813725948334,0.6947448253631592,0.20015019178390503,-0.3926553726196289,0.43845629692077637,0.3523348569869995,-0.5662381649017334,0.18271681666374207,0.2747853398323059,-0.7451022863388062,0.053648874163627625,0.22014902532100677,-0.19557958841323853,-0.002823487389832735,0.0875634104013443,-0.30935174226760864,-0.2739475965499878,0.05287693440914154,-0.413374662399292,-0.5004708766937256,0.00729416124522686,-0.48746150732040405,-0.7525725364685059,-0.033566851168870926,-0.0015857587568461895,-0.0006043699104338884,-0.00036204024218022823,0.010897279717028141,-0.34836387634277344,-0.015739161521196365,-0.07418286800384521,-0.6392629146575928,-0.04589957743883133,-0.05084638297557831,-0.9258537292480469,-0.12178334593772888,0.14843425154685974,0.03582245483994484,-0.007462821900844574,0.23223985731601715,-0.25080645084381104,-0.007008273620158434,0.22404663264751434,-0.5199384689331055,-0.002508915960788727,0.27080845832824707,-0.8014078140258789,0.08749504387378693,0.3473137319087982,0.10485781729221344,0.08393678069114685,0.5232138633728027,-0.16069473326206207,0.07723905891180038,0.5989774465560913,-0.28949829936027527,0.1550670862197876,0.6332604289054871,-0.47800830006599426,0.2218615710735321
484,0.21955661475658417,0.9145126342773438,0.10996314883232117,-0.05927067995071411,0.7017092704772949,0.1767585724592209,-0.41630011796951294,0.44767606258392334,0.3371767997741699,-0.6041202545166016,0.17667433619499207,0.26242026686668396,-0.8023396134376526,0.05422007292509079,0.22680887579917908,-0.20099547505378723,0.0004933447344228625,0.08126118779182434,-0.3172210454940796,-0.2770398259162903,0.04450540989637375,-0.41509339213371277,-0.5026459097862244,-0.0017689797095954418,-0.4832647442817688,-0.7517287135124207,-0.03935365378856659,-0.0015503328759223223,-0.0005828175926581025,-0.00035783814382739365,0.009516619145870209,-0.3468526303768158,-0.014691580086946487,-0.07520492374897003,-0.6391487121582031,-0.03749249130487442,-0.0411091148853302,-0.926838755607605,-0.12872855365276337,0.14957939088344574,0.033131178468465805,-0.0005228770896792412,0.23096413910388947,-0.25346124172210693,-0.0037856909912079573,0.21046273410320282,-0.5207985043525696,-0.0006905581685714424,0.2613040804862976,-0.8079797625541687,0.08089534938335419,0.3526001572608948,0.10650742053985596,0.0886649340391159,0.5211981534957886,-0.16101641952991486,0.07665809988975525,0.6018909811973572,-0.29206883907318115,0.14860451221466064,0.635090708732605,-0.48595714569091797,0.20395147800445557
485,0.2224637269973755,0.9149535298347473,0.11230447888374329,-0.07336607575416565,0.7047924995422363,0.17273080348968506,-0.42866694927215576,0.45532387495040894,0.3293518126010895,-0.6255804896354675,0.17503662407398224,0.26033860445022583,-0.8374946117401123,0.0549854040145874,0.2355148196220398,-0.20566479861736298,0.0033866625744849443,0.0778772309422493,-0.32217252254486084,-0.2806653678417206,0.037711456418037415,-0.4156486988067627,-0.5053337812423706,-0.005848980043083429,-0.4780519902706146,-0.7516831159591675,-0.040058620274066925,-0.0015289559960365295,-0.0005717076128348708,-0.00035462219966575503,0.010111435316503048,-0.34513986110687256,-0.014604711905121803,-0.07707947492599487,-0.6369368433952332,-0.03340023756027222,-0.040926627814769745,-0.9274661540985107,-0.1232062429189682,0.15082775056362152,0.03161673620343208,0.0032580168917775154,0.23063474893569946,-0.25472119450569153,-0.0028356164693832397,0.20480602979660034,-0.5204674005508423,-0.0016106831608340144,0.2527238726615906,-0.8103262186050415,0.07385621964931488,0.35570448637008667,0.1063237190246582,0.09206743538379669,0.5188354253768921,-0.15895402431488037,0.07925329357385635,0.6012345552444458,-0.29121553897857666,0.1469593048095703,0.6356537342071533,-0.48490703105926514,0.20188218355178833
486,0.22014960646629333,0.9157566428184509,0.10849399864673615,-0.0855846256017685,0.7073226571083069,0.16724440455436707,-0.4374936819076538,0.4570542573928833,0.3230067491531372,-0.6392698287963867,0.17148354649543762,0.2641022801399231,-0.8595978617668152,0.055078111588954926,0.2421712577342987,-0.20916706323623657,0.006159889977425337,0.0745823085308075,-0.32623040676116943,-0.28220999240875244,0.03513814136385918,-0.4159224033355713,-0.5083556175231934,0.001398484455421567,-0.4751453399658203,-0.7550501227378845,-0.0202674251049757,-0.0015137828886508942,-0.0005728091346099973,-0.00035398133331909776,0.010645355097949505,-0.34529685974121094,-0.014631430618464947,-0.07646971940994263,-0.6369866132736206,-0.02955268695950508,-0.039392538368701935,-0.928614616394043,-0.11702130734920502,0.15238630771636963,0.030517857521772385,0.006498811766505241,0.2315690815448761,-0.2549287676811218,-0.0012156839948147535,0.20503690838813782,-0.5188006162643433,0.0033647904638201,0.25219812989234924,-0.811402440071106,0.07455635070800781,0.3578472137451172,0.10765181481838226,0.09497249126434326,0.5171667337417603,-0.15644164383411407,0.0781242847442627,0.6001522541046143,-0.2896723747253418,0.14276304841041565,0.63471519947052,-0.48184365034103394,0.20238268375396729
487,0.21839956939220428,0.9152458906173706,0.11680679023265839,-0.09481634199619293,0.7076343894004822,0.16583293676376343,-0.4430062174797058,0.45757055282592773,0.31646016240119934,-0.646916389465332,0.17199750244617462,0.2642654776573181,-0.8693490624427795,0.05387289077043533,0.24205446243286133,-0.2124701738357544,0.007434666156768799,0.07369744777679443,-0.3279443681240082,-0.2828305661678314,0.03408685326576233,-0.4153898358345032,-0.5110596418380737,0.00857488252222538,-0.4750162959098816,-0.7592928409576416,-0.010839260183274746,-0.0015059140278026462,-0.0005765450187027454,-0.00035110145108774304,0.011319482699036598,-0.34698712825775146,-0.01667698100209236,-0.0774046927690506,-0.6384105682373047,-0.025053873658180237,-0.04097030684351921,-0.9254149198532104,-0.11597181111574173,0.15433010458946228,0.030683742836117744,0.009997650980949402,0.23370575904846191,-0.2552988827228546,-0.0023132385686039925,0.20701323449611664,-0.5179920196533203,0.005295210983604193,0.25117605924606323,-0.8139020204544067,0.0727226510643959,0.3598520755767822,0.10910782217979431,0.096145398914814,0.5175139904022217,-0.15791915357112885,0.07774022966623306,0.6002457141876221,-0.2936787009239197,0.14102797210216522,0.6305870413780212,-0.4873141348361969,0.2032962441444397
488,0.21808013319969177,0.9154300093650818,0.11905819177627563,-0.09810781478881836,0.7084654569625854,0.16168169677257538,-0.4471862316131592,0.4544951915740967,0.31649935245513916,-0.6613190770149231,0.167377769947052,0.2813847064971924,-0.8777841329574585,0.050233401358127594,0.24075964093208313,-0.21310044825077057,0.006514398846775293,0.07344768196344376,-0.32804960012435913,-0.2838209867477417,0.03521750867366791,-0.41569703817367554,-0.5126539468765259,0.01621905155479908,-0.477546364068985,-0.7600748538970947,-0.0012818677350878716,-0.0015089609660208225,-0.000577720464207232,-0.0003477390855550766,0.013497903943061829,-0.3480913043022156,-0.014004386961460114,-0.07786285877227783,-0.6397132277488708,-0.018840361386537552,-0.04303386062383652,-0.9228167533874512,-0.10899077355861664,0.15675944089889526,0.03661271557211876,0.012246359139680862,0.23324212431907654,-0.2536112666130066,-0.002968866378068924,0.20877894759178162,-0.516726553440094,0.0077606611885130405,0.24908319115638733,-0.8142050504684448,0.06984755396842957,0.3620229959487915,0.11113077402114868,0.09548607468605042,0.5184244513511658,-0.15790918469429016,0.0770886093378067,0.5988181829452515,-0.2954239845275879,0.14168140292167664,0.6253324151039124,-0.49091637134552,0.20767563581466675
489,0.2149772047996521,0.9157823920249939,0.11609315872192383,-0.1070513129234314,0.7105823755264282,0.15519386529922485,-0.4514232575893402,0.4555564820766449,0.3067958652973175,-0.6602439880371094,0.16625121235847473,0.2726925015449524,-0.8866486549377441,0.04825246334075928,0.2483922839164734,-0.21517810225486755,0.00744375865906477,0.07361802458763123,-0.32904231548309326,-0.28256720304489136,0.03918225318193436,-0.41557976603507996,-0.5134612321853638,0.020254451781511307,-0.47855645418167114,-0.7613229751586914,0.004478364251554012,-0.001507940934970975,-0.0005875392816960812,-0.0003426694602239877,0.014531303197145462,-0.3497575521469116,-0.015038540586829185,-0.07917782664299011,-0.6401340961456299,-0.015233689919114113,-0.040897369384765625,-0.9193753600120544,-0.11158832907676697,0.1613900512456894,0.04065549373626709,0.011959236115217209,0.2372623234987259,-0.2538142204284668,-0.005084511823952198,0.21456079185009003,-0.515479326248169,0.00817173533141613,0.24863943457603455,-0.8123956918716431,0.06432313472032547,0.3573620319366455,0.10731127858161926,0.10076822340488434,0.5210084915161133,-0.1606910228729248,0.07637205719947815,0.6003892421722412,-0.29798269271850586,0.147547647356987,0.629027247428894,-0.48973405361175537,0.2185167372226715
490,0.22233985364437103,0.9156011939048767,0.1188526302576065,-0.09628221392631531,0.707859456539154,0.15327376127243042,-0.450829416513443,0.4508371651172638,0.3066062331199646,-0.6685221791267395,0.16091890633106232,0.2813662886619568,-0.8931149244308472,0.044422686100006104,0.2351565808057785,-0.2141096293926239,0.004408957436680794,0.07190032303333282,-0.32730311155319214,-0.28549444675445557,0.03489886224269867,-0.41629505157470703,-0.5226938724517822,0.017823971807956696,-0.4688307046890259,-0.7662187814712524,0.004581092391163111,-0.0015169798862189054,-0.0005738285835832357,-0.00034613144816830754,0.01937193050980568,-0.351676881313324,-0.00810210220515728,-0.07498623430728912,-0.6423299312591553,-0.005295487120747566,-0.039876025170087814,-0.9241465330123901,-0.0914401262998581,0.15652209520339966,0.03877752274274826,0.012686093337833881,0.23687216639518738,-0.2532464265823364,-1.8369872123003006e-05,0.21911902725696564,-0.5142301321029663,0.012701834551990032,0.25591909885406494,-0.811100959777832,0.0659153163433075,0.36291372776031494,0.1084701269865036,0.09966407716274261,0.5210177898406982,-0.1646232157945633,0.08268845826387405,0.6000030040740967,-0.29731661081314087,0.15694387257099152,0.6285303831100464,-0.48224616050720215,0.2343374788761139
491,0.20575052499771118,0.9146744012832642,0.13485176861286163,-0.1342381089925766,0.7066549062728882,0.1868167221546173,-0.47485002875328064,0.44264960289001465,0.2903635799884796,-0.6838896870613098,0.14095762372016907,0.2844187021255493,-0.92979896068573,0.03504012152552605,0.16802598536014557,-0.21178416907787323,0.006960604339838028,0.06739027798175812,-0.32473593950271606,-0.2931448817253113,0.031357165426015854,-0.40529078245162964,-0.5212224721908569,-0.0037015192210674286,-0.4523843824863434,-0.7604824304580688,-0.02706369385123253,-0.0015230022836476564,-0.0005631084786728024,-0.0003262022801209241,0.026900114491581917,-0.35222309827804565,-0.0042954785749316216,-0.068264439702034,-0.6376447677612305,0.021839426830410957,-0.03818042203783989,-0.9214862585067749,-0.0751401036977768,0.15793325006961823,0.04564215987920761,0.015400918200612068,0.24432790279388428,-0.25329720973968506,0.022730698809027672,0.22190791368484497,-0.49787265062332153,0.07871636748313904,0.25401774048805237,-0.7968482971191406,0.1378270387649536,0.36474859714508057,0.1250329315662384,0.1017073467373848,0.515293300151825,-0.15495997667312622,0.11098798364400864,0.5807241201400757,-0.2843043804168701,0.22183546423912048,0.6040493249893188,-0.4616367816925049,0.31643372774124146
492,0.19105398654937744,0.9183491468429565,0.11645044386386871,-0.1704483926296234,0.7060530185699463,0.18981364369392395,-0.49949145317077637,0.4464685320854187,0.23182553052902222,-0.7077844142913818,0.11728952825069427,0.24341456592082977,-0.9451764822006226,0.03901710361242294,0.12016753107309341,-0.21194911003112793,0.011052524670958519,0.048076361417770386,-0.32213568687438965,-0.3040653169155121,0.022427428513765335,-0.39744502305984497,-0.5222632884979248,-0.01397461723536253,-0.4502140283584595,-0.759934663772583,-0.01602913625538349,-0.0014736111043021083,-0.0005467773880809546,-0.00029906813870184124,0.033862825483083725,-0.3503013849258423,0.00633759330958128,-0.05867677927017212,-0.6328457593917847,0.053195931017398834,-0.03652065992355347,-0.9316364526748657,-0.031979598104953766,0.1604219675064087,0.051667243242263794,0.02519397810101509,0.2526456117630005,-0.25412872433662415,0.04546378552913666,0.23382556438446045,-0.4752143621444702,0.14534351229667664,0.24839383363723755,-0.7816063761711121,0.20349684357643127,0.3565588593482971,0.12962567806243896,0.12143051624298096,0.5081345438957214,-0.14892393350601196,0.13507436215877533,0.564719021320343,-0.27893203496932983,0.2676458954811096,0.5893747210502625,-0.43934014439582825,0.405722439289093
493,0.16015847027301788,0.9333858489990234,0.03825327008962631,-0.20908920466899872,0.7007378935813904,0.10302238166332245,-0.5008627772331238,0.43154990673065186,0.07348953187465668,-0.7073167562484741,0.07306615263223648,0.09626872837543488,-0.9175541400909424,-0.10072826594114304,0.08443067222833633,-0.180064857006073,0.010496729984879494,-0.052504852414131165,-0.28222349286079407,-0.3140144348144531,-0.015529890544712543,-0.36912280321121216,-0.5233367085456848,-0.0005869530141353607,-0.4494668245315552,-0.7413347959518433,0.05633370205760002,-0.0011829643044620752,-0.00026098365196958184,-0.00026438289205543697,0.012057729065418243,-0.3636571168899536,0.023580722510814667,-0.07413411140441895,-0.6038695573806763,0.14735478162765503,-0.120545893907547,-0.8594940900802612,0.15094925463199615,0.13439592719078064,0.0587126687169075,0.07726769149303436,0.16945138573646545,-0.2628941833972931,0.129269078373909,0.12628011405467987,-0.48327815532684326,0.25303277373313904,0.0654318779706955,-0.7216789722442627,0.36435091495513916,0.2790735960006714,0.13540080189704895,0.21365401148796082,0.34404420852661133,-0.1525368094444275,0.29374945163726807,0.37391793727874756,-0.2662234604358673,0.42021024227142334,0.3885091245174408,-0.40342360734939575,0.5576732158660889
494,0.17607682943344116,0.9102671146392822,-0.05343358591198921,-0.08199144154787064,0.652780294418335,-0.06870995461940765,-0.27553990483283997,0.2933962941169739,-0.19762243330478668,-0.4833487272262573,0.00039280951023101807,-0.17486083507537842,-0.49408015608787537,-0.23360635340213776,-0.2592898905277252,-0.06916433572769165,-0.012913032434880733,-0.11757691204547882,-0.1830470710992813,-0.3266284465789795,-0.09524886310100555,-0.3231220245361328,-0.49248218536376953,-0.11361101269721985,-0.3924655318260193,-0.7099204659461975,-0.07430273294448853,-0.00045856868382543325,-0.00010941822256427258,-0.00019229769532103091,-0.08204780519008636,-0.3300465941429138,0.009913233108818531,-0.1997109353542328,-0.46510884165763855,0.05247600004076958,-0.2766103744506836,-0.6285822987556458,-0.023837588727474213,0.04585229605436325,0.07579165697097778,0.09973153471946716,-0.04830031841993332,-0.17469218373298645,0.13074299693107605,-0.1107146143913269,-0.3187828063964844,0.1925450563430786,-0.23656970262527466,-0.5536569952964783,0.2050430029630661,0.07580581307411194,0.17509087920188904,0.22573715448379517,-0.01750655472278595,-0.017091549932956696,0.29150673747062683,-0.0017542839050292969,-0.06992161273956299,0.33014827966690063,-0.03870360553264618,-0.119362972676754,0.417705237865448
495,0.25477251410484314,0.8235725164413452,-0.22044643759727478,0.14926379919052124,0.5321668386459351,-0.2184024155139923,0.1334383189678192,0.10341826826334,-0.2894778549671173,0.07813072204589844,-0.19640234112739563,-0.29340144991874695,0.11137726902961731,-0.48549866676330566,-0.28438103199005127,0.045626018196344376,-0.06975321471691132,-0.10077492892742157,-0.054149746894836426,-0.3795976936817169,-0.03520337492227554,-0.16774220764636993,-0.565436840057373,-0.024751290678977966,-0.26328030228614807,-0.7723991870880127,-0.013089725747704506,-0.00031064506038092077,-5.072024214314297e-05,-0.00022786912450101227,-0.12165728211402893,-0.32281023263931274,0.052422646433115005,-0.2510169446468353,-0.4975374937057495,0.06679697334766388,-0.3556517958641052,-0.6842234134674072,0.034506671130657196,-0.03540055826306343,0.10202348232269287,0.05165122449398041,-0.15101860463619232,-0.1715852916240692,0.10086498409509659,-0.2489650994539261,-0.3594435453414917,0.11049602925777435,-0.38260525465011597,-0.5830678939819336,0.11773280054330826,-0.08808815479278564,0.2007756531238556,0.09104034304618835,-0.23792603611946106,-0.010225851088762283,0.18498606979846954,-0.271414190530777,-0.10971145331859589,0.16880016028881073,-0.32369285821914673,-0.20789068937301636,0.18380792438983917
496,0.310396671295166,0.7953802347183228,-0.29223236441612244,0.2857675552368164,0.4774812161922455,-0.2968277335166931,0.3638368844985962,0.0322701521217823,-0.31583383679389954,0.42792579531669617,-0.27847906947135925,-0.2978920340538025,0.4497043490409851,-0.5779883861541748,-0.2618699073791504,0.11295226216316223,-0.09305209666490555,-0.08643258363008499,0.028862662613391876,-0.3976922035217285,-0.00190657377243042,-0.06640461087226868,-0.5956909656524658,0.018545500934123993,-0.17145930230617523,-0.8032563924789429,0.05541311204433441,-0.0003173986042384058,-3.635631946963258e-05,-0.00026156235253438354,-0.14034806191921234,-0.32117724418640137,0.07624907046556473,-0.2723890542984009,-0.5204588174819946,0.07950858026742935,-0.3783855140209198,-0.7210270166397095,0.06088909134268761,-0.08018419146537781,0.11295109987258911,0.018913529813289642,-0.20304086804389954,-0.18253445625305176,0.08079979568719864,-0.32095956802368164,-0.39076632261276245,0.06520206481218338,-0.4472981095314026,-0.6088019013404846,0.07532116025686264,-0.17225562036037445,0.20605817437171936,0.005524866282939911,-0.3507915139198303,-0.019105013459920883,0.11354554444551468,-0.40629225969314575,-0.15302151441574097,0.08036068826913834,-0.4803432822227478,-0.2855195999145508,0.05478585883975029
497,0.34291142225265503,0.774642825126648,-0.3285195827484131,0.36984968185424805,0.4484286308288574,-0.3356418013572693,0.49681350588798523,-0.0010260939598083496,-0.3106016218662262,0.6109423637390137,-0.31318122148513794,-0.29613393545150757,0.6328352689743042,-0.6240557432174683,-0.24276788532733917,0.15123283863067627,-0.1024356260895729,-0.06468792259693146,0.07636387646198273,-0.4047779440879822,0.035911545157432556,-0.01230093464255333,-0.6093388795852661,0.06903762370347977,-0.1262221336364746,-0.8087400794029236,0.1271018534898758,-0.00044319036533124745,-0.00013758396380580962,-0.00028717206441797316,-0.14890921115875244,-0.31810957193374634,0.08941162377595901,-0.28514111042022705,-0.534167468547821,0.08773533999919891,-0.39129942655563354,-0.7380425930023193,0.07026904821395874,-0.10773709416389465,0.11105170845985413,-0.017489060759544373,-0.23139625787734985,-0.1905333697795868,0.051607005298137665,-0.3575245141983032,-0.40894821286201477,0.0325293205678463,-0.4846050441265106,-0.6269456148147583,0.037118636071681976,-0.21428027749061584,0.20391544699668884,-0.06309017539024353,-0.40916791558265686,-0.04834858328104019,0.047386422753334045,-0.47616904973983765,-0.17568325996398926,0.0085245780646801,-0.5617200136184692,-0.32975682616233826,-0.041823860257864
498,0.36828818917274475,0.7622787952423096,-0.3445192873477936,0.4192165434360504,0.4322214424610138,-0.35706859827041626,0.5677411556243896,-0.018205737695097923,-0.3281072974205017,0.6977671384811401,-0.3242590129375458,-0.31570667028427124,0.7314209938049316,-0.6660293936729431,-0.2718185782432556,0.1707395315170288,-0.10855874419212341,-0.05074722692370415,0.11255192756652832,-0.40534114837646484,0.06036665290594101,0.019030142575502396,-0.6176180839538574,0.09237910807132721,-0.09291628003120422,-0.8212671279907227,0.1291603446006775,-0.0005002074176445603,-0.0001939641369972378,-0.0002899705432355404,-0.15168385207653046,-0.31751734018325806,0.09980804473161697,-0.28794050216674805,-0.5369112491607666,0.09259175509214401,-0.39578062295913696,-0.7421560287475586,0.08089945465326309,-0.12323407828807831,0.10576986521482468,-0.045455679297447205,-0.24536925554275513,-0.1987726390361786,0.03954809159040451,-0.36865556240081787,-0.42079341411590576,0.023034684360027313,-0.5053885579109192,-0.6303328275680542,0.024206610396504402,-0.2348710596561432,0.1940249502658844,-0.11377672851085663,-0.4344373643398285,-0.06944532692432404,0.012940030544996262,-0.5130894184112549,-0.1927844136953354,-0.03391256183385849,-0.5996941328048706,-0.3573828935623169,-0.07445557415485382
499,0.39166831970214844,0.7503995895385742,-0.3489121198654175,0.4549941122531891,0.42391374707221985,-0.3502885699272156,0.624890923500061,-0.03630635142326355,-0.2858183979988098,0.7502610683441162,-0.3463241457939148,-0.30435797572135925,0.7873166799545288,-0.6790088415145874,-0.26772525906562805,0.1832582950592041,-0.11184918880462646,-0.0342947356402874,0.1343015432357788,-0.40280580520629883,0.08008970320224762,0.04282659664750099,-0.614741325378418,0.12465095520019531,-0.0785059779882431,-0.825783908367157,0.14913693070411682,-0.0006028893403708935,-0.000251697696512565,-0.0003050047089345753,-0.1531623899936676,-0.31782251596450806,0.0980854332447052,-0.2898714542388916,-0.5387999415397644,0.0830797553062439,-0.407356858253479,-0.7483755350112915,0.07389817386865616,-0.13160352408885956,0.10024680197238922,-0.06544802337884903,-0.24951636791229248,-0.20191454887390137,0.024227101355791092,-0.37471625208854675,-0.42504793405532837,0.004446784965693951,-0.5075331330299377,-0.6417055726051331,0.01022211741656065,-0.24219456315040588,0.1850302517414093,-0.15027377009391785,-0.4505724608898163,-0.07781007140874863,-0.01584029011428356,-0.5317708253860474,-0.19480443000793457,-0.07212626934051514,-0.6187936067581177,-0.3661109209060669,-0.1286487877368927
500,0.3992420434951782,0.7499098777770996,-0.35066312551498413,0.4708918333053589,0.4223283529281616,-0.34329962730407715,0.6642088890075684,-0.062114983797073364,-0.2866821885108948,0.7741619348526001,-0.33710867166519165,-0.3162803649902344,0.8211951851844788,-0.6930298805236816,-0.2696462869644165,0.188827782869339,-0.11439001560211182,-0.030128508806228638,0.14322242140769958,-0.40037354826927185,0.08878254890441895,0.0521819069981575,-0.615483283996582,0.1398589015007019,-0.07806853204965591,-0.8302654027938843,0.15808208286762238,-0.0006435022223740816,-0.000294462195597589,-0.0003047854406759143,-0.15417425334453583,-0.3175334632396698,0.09972243756055832,-0.2910507321357727,-0.5392487645149231,0.07976830005645752,-0.40570318698883057,-0.7608697414398193,0.052096035331487656,-0.13540254533290863,0.09859178960323334,-0.07277347147464752,-0.2546555995941162,-0.2032107561826706,0.01900201104581356,-0.3775191903114319,-0.4277127683162689,0.0008021009853109717,-0.5183700323104858,-0.6385399699211121,0.008771680295467377,-0.24874776601791382,0.18399310111999512,-0.1636200249195099,-0.4608611464500427,-0.08048349618911743,-0.026841139420866966,-0.5433017611503601,-0.1932125687599182,-0.08235648274421692,-0.6305375099182129,-0.36651185154914856,-0.1447252780199051
501,0.40008944272994995,0.7519017457962036,-0.35245072841644287,0.4606630802154541,0.4260041117668152,-0.3312565088272095,0.6683977842330933,-0.0888780802488327,-0.32528141140937805,0.7456700801849365,-0.40190526843070984,-0.3382421135902405,0.8290274143218994,-0.7188640832901001,-0.2473277598619461,0.18547579646110535,-0.12635867297649384,-0.044184401631355286,0.12265527248382568,-0.42112013697624207,0.07853016257286072,0.030400047078728676,-0.623112678527832,0.12058575451374054,-0.10052728652954102,-0.8401809930801392,0.14528194069862366,-0.0005601323791779578,-0.00021422631107270718,-0.00031525566009804606,-0.15745750069618225,-0.3134339153766632,0.09310204535722733,-0.30440396070480347,-0.5284808874130249,0.0705244168639183,-0.42249199748039246,-0.766319990158081,0.035232000052928925,-0.13518273830413818,0.1080968976020813,-0.05756295472383499,-0.25481945276260376,-0.1914793998003006,0.032761044800281525,-0.3821347951889038,-0.415108859539032,0.001990087330341339,-0.5300095081329346,-0.6208674907684326,0.0060698469169437885,-0.25352102518081665,0.20409618318080902,-0.12134206295013428,-0.47588634490966797,-0.06208263337612152,-0.016426684334874153,-0.5706549286842346,-0.17060792446136475,-0.08117138594388962,-0.6513702869415283,-0.33444130420684814,-0.146540105342865
502,0.3546854257583618,0.8145955801010132,-0.21716783940792084,0.3657992482185364,0.47246241569519043,-0.36745449900627136,0.4491857886314392,-0.09715334326028824,-0.36446768045425415,0.38225099444389343,-0.41718411445617676,-0.3268772065639496,0.31225135922431946,-0.7005008459091187,-0.24450594186782837,0.13779620826244354,-0.08964396268129349,-0.09574952721595764,0.05831556394696236,-0.40281420946121216,-0.026625752449035645,-0.046895645558834076,-0.590746283531189,-0.019021913409233093,-0.23635832965373993,-0.7521824836730957,-0.06928832828998566,-0.0002734658191911876,-7.767397619318217e-05,-0.0002477773523423821,-0.13012978434562683,-0.31797170639038086,0.06534378975629807,-0.3068704605102539,-0.48556384444236755,0.018982132896780968,-0.4811067581176758,-0.6663438081741333,-0.02809823863208294,-0.09421691298484802,0.10708962380886078,0.019799791276454926,-0.23000794649124146,-0.14515726268291473,0.06659947335720062,-0.37933698296546936,-0.3576827645301819,0.034640245139598846,-0.5691976547241211,-0.4686700701713562,0.0695735439658165,-0.1869763433933258,0.2170933485031128,-0.007461797446012497,-0.3634911775588989,0.00037932395935058594,0.02845638245344162,-0.49698561429977417,-0.10525663197040558,0.04380488768219948,-0.6426857113838196,-0.22548428177833557,0.04716405272483826
503,0.1991407573223114,0.8415274620056152,0.05710837244987488,0.22248615324497223,0.574109673500061,-0.16335001587867737,0.14647063612937927,0.17181172966957092,-0.18242546916007996,0.11513391137123108,0.007445350289344788,-0.24519994854927063,0.0398486852645874,-0.15451443195343018,-0.3007655143737793,0.061321407556533813,0.01251181960105896,-0.11316314339637756,-0.084296315908432,-0.28524017333984375,-0.14782124757766724,-0.22160902619361877,-0.43157294392585754,-0.13777992129325867,-0.45777925848960876,-0.5602268576622009,-0.14360927045345306,-0.0002490734914317727,-1.8141159671358764e-05,-0.00025341627770103514,-0.1611635684967041,-0.302793949842453,-0.004969172179698944,-0.35646095871925354,-0.440460205078125,-0.003084602765738964,-0.592766523361206,-0.5177130699157715,-0.0008485158905386925,-0.025118781253695488,0.0680064857006073,0.07497955113649368,-0.17141380906105042,-0.2251969277858734,0.0933150053024292,-0.3549220561981201,-0.4058167338371277,0.12233256548643112,-0.5450026392936707,-0.5128260850906372,0.07302045822143555,-0.04668693244457245,0.15695153176784515,0.142581045627594,-0.1884600967168808,-0.17004208266735077,0.19223307073116302,-0.33857741951942444,-0.2551371157169342,0.2594761252403259,-0.4808068871498108,-0.3706945776939392,0.2855302095413208
504,0.07385644316673279,0.8877990245819092,0.007001899182796478,0.05729471147060394,0.5926735401153564,-0.029758285731077194,-0.052339814603328705,0.20147177577018738,0.1502351015806198,-0.07062023133039474,-0.09932342171669006,0.1340721994638443,-0.17813509702682495,-0.31355416774749756,0.020227089524269104,-0.024498626589775085,0.007660751696676016,0.004896484315395355,-0.06530141830444336,-0.30749934911727905,-0.024052955210208893,-0.09884793311357498,-0.46279552578926086,-0.05883026868104935,-0.06729017198085785,-0.5593454837799072,-0.049527060240507126,-0.0009883575839921832,-0.00026692572282627225,-0.000334769778419286,-0.03908033296465874,-0.26398709416389465,0.05736270919442177,-0.12293294072151184,-0.43419164419174194,0.047974541783332825,-0.11412626504898071,-0.4874577522277832,0.1183665320277214,0.04767019674181938,0.07165373861789703,-0.0045480988919734955,-0.005540534853935242,-0.1611493080854416,0.05633185803890228,-0.03453260660171509,-0.3034505546092987,0.13202090561389923,-0.0400138795375824,-0.46916085481643677,0.1385495364665985,0.11472463607788086,0.18345344066619873,0.04989899694919586,0.1269257366657257,-0.01154334843158722,0.12283124029636383,-0.006807669997215271,-0.0776406079530716,0.17557109892368317,0.09173715114593506,-0.11218805611133575,0.17901718616485596
505,-0.010147534310817719,0.8778480887413025,0.042412444949150085,-0.021424714475870132,0.5906848311424255,0.013135155662894249,-0.12322328984737396,0.27716752886772156,0.22340936958789825,-0.1392492949962616,-0.10444258898496628,0.22207728028297424,-0.026022233068943024,-0.4583989381790161,-0.025075770914554596,-0.051322825253009796,0.02359236218035221,0.022013837471604347,-0.031368449330329895,-0.2836536765098572,-0.05069491267204285,0.08866620063781738,-0.4255460500717163,-0.10866731405258179,0.26766663789749146,-0.42679136991500854,-0.1813468486070633,-0.0009758974774740636,-0.00031394383404403925,-0.00033002591226249933,0.059402551501989365,-0.19586560130119324,0.06149061769247055,0.07100016623735428,-0.3604232668876648,-0.0036582164466381073,0.24010279774665833,-0.41535675525665283,0.05215133726596832,0.08108885586261749,0.07794955372810364,0.0015371786430478096,0.13036124408245087,-0.043703652918338776,0.09197619557380676,0.20750762522220612,-0.0926264151930809,0.16005149483680725,0.3394533097743988,-0.23800376057624817,0.1219111904501915,0.20762114226818085,0.19318804144859314,0.026000378653407097,0.30671122670173645,0.10538516938686371,0.07984951138496399,0.32937851548194885,0.010244175791740417,0.17070484161376953,0.43939924240112305,-0.05520378798246384,0.15192675590515137
506,-0.02870488166809082,0.5008920431137085,0.4510483145713806,0.10248780995607376,0.5460262298583984,0.0065946271643042564,0.14604316651821136,0.33610689640045166,0.18904970586299896,-0.048870936036109924,-0.17941555380821228,0.0946546420454979,-0.002167617902159691,-0.5163888931274414,-0.07966691255569458,-0.03354434296488762,-0.02202163264155388,0.03253787010908127,-0.049431346356868744,-0.22891348600387573,-0.08823445439338684,0.1857089400291443,-0.35530656576156616,-0.18068960309028625,0.4267248809337616,-0.34626129269599915,-0.27874788641929626,-0.0009324913844466209,-0.0004481252981349826,-0.00035765778739005327,0.07378308475017548,-0.16335593163967133,-0.0004829578101634979,0.1718667447566986,-0.29932308197021484,-0.05714728683233261,0.39832404255867004,-0.3913455605506897,-0.04054580256342888,0.023709218949079514,0.10877375304698944,-0.016373345628380775,0.031184792518615723,0.07070545852184296,-0.039528217166662216,0.19573283195495605,-0.18336638808250427,0.08440909534692764,0.4716060161590576,-0.18994417786598206,0.077366404235363,0.03932587057352066,0.2521268129348755,-0.007654255256056786,0.09577704966068268,0.2198055386543274,-0.1273994743824005,0.25623956322669983,-0.16856041550636292,0.12446106970310211,0.18743638694286346,-0.21719011664390564,0.046013083308935165
507,0.3256005644798279,0.3233894109725952,0.43504852056503296,0.3313606083393097,0.3247854709625244,0.055652957409620285,0.21658384799957275,0.02687452733516693,0.027141228318214417,0.08120991289615631,-0.2583938539028168,-0.09042182564735413,-0.02217084728181362,-0.5237364172935486,-0.18829801678657532,-0.02877735160291195,-0.04748738557100296,-0.024140866473317146,-0.08641445636749268,-0.17219606041908264,-0.14146368205547333,0.12490717321634293,-0.31324800848960876,-0.2981257140636444,0.2083842158317566,-0.34545624256134033,-0.46661287546157837,-0.0008407128043472767,-0.00040055246790871024,-0.000341862061759457,-0.0025245845317840576,-0.11272035539150238,-0.051947154104709625,0.16600103676319122,-0.24631375074386597,-0.14058411121368408,0.4560578465461731,-0.30580824613571167,-0.1553684026002884,0.006298312917351723,0.061927296221256256,0.0343683622777462,0.008772100321948528,0.0341583788394928,0.00889253243803978,0.17202791571617126,-0.1801009476184845,0.04789624363183975,0.4966205954551697,-0.18036454916000366,0.06647977977991104,-0.1293802261352539,0.10357484221458435,0.014187002554535866,-0.10042090713977814,0.09093408286571503,-0.18458494544029236,0.2888721227645874,-0.1348450779914856,0.1841975301504135,0.40487879514694214,-0.12065662443637848,0.09625750780105591
508,0.13674217462539673,0.33578962087631226,0.5080051422119141,0.15091785788536072,0.16314518451690674,0.16055387258529663,0.3535608649253845,-0.0433155782520771,-0.04637207090854645,0.05582971125841141,-0.24625682830810547,-0.20157288014888763,-0.060750920325517654,-0.47543203830718994,-0.2622110843658447,-0.02076033130288124,-0.0713849887251854,-0.04076100513339043,0.0009260997176170349,-0.16790813207626343,-0.20120123028755188,0.1654556393623352,-0.2806294560432434,-0.3527839779853821,-0.0070000141859054565,-0.3331974148750305,-0.5508425235748291,-0.0008559339912608266,-0.00047593226190656424,-0.00034216459607705474,-0.03908241540193558,-0.09658019244670868,-0.1013469323515892,0.17414984107017517,-0.22137635946273804,-0.18123281002044678,0.43418148159980774,-0.3715149760246277,-0.26312267780303955,-0.010290643200278282,0.10388343781232834,0.03055855631828308,-0.021341122686862946,0.04025360196828842,0.004969329573214054,0.1566569060087204,-0.18151210248470306,0.03408593311905861,0.43603596091270447,-0.30961376428604126,0.0019407346844673157,-0.03725055977702141,0.1925051212310791,0.08659575879573822,-0.009314849972724915,0.21007734537124634,-0.03327567130327225,0.1422608494758606,0.13801229000091553,0.0950608178973198,0.27442440390586853,0.13869474828243256,0.1272772252559662
509,0.14564214646816254,0.036683425307273865,0.522203266620636,0.21978066861629486,-0.11018522083759308,0.21804934740066528,0.3168501853942871,-0.19406402111053467,-0.021854272112250328,0.06840644776821136,-0.3595665395259857,-0.17444580793380737,-0.1549634486436844,-0.4986095726490021,-0.21559879183769226,0.0007872879505157471,-0.04968562349677086,-0.06675560772418976,-0.05154148116707802,-0.0833243876695633,-0.18905842304229736,0.0473347008228302,-0.2997693419456482,-0.39341801404953003,-0.18372924625873566,-0.35817354917526245,-0.5541746616363525,-0.0008456592913717031,-0.0003433171077631414,-0.000296508107567206,0.0029417797923088074,0.044420234858989716,-0.03215264901518822,0.0527784489095211,0.04840445518493652,-0.06954090297222137,0.13126128911972046,0.02807486057281494,-0.067836232483387,0.014176299795508385,0.10061155259609222,0.04498375952243805,0.01660553365945816,0.13465692102909088,0.039761241525411606,0.17550800740718842,0.14022710919380188,0.006828906945884228,0.3239932358264923,0.1477130800485611,-0.045283637940883636,0.041820280253887177,0.21909335255622864,0.09529408067464828,0.1441890001296997,0.28659307956695557,0.046727489680051804,0.24649016559123993,0.29167473316192627,0.1096891313791275,0.20847365260124207,0.41754886507987976,0.09029526263475418
510,0.052191127091646194,-0.05336707830429077,0.6444962620735168,0.14078772068023682,-0.18805304169654846,0.3345971405506134,0.3133775591850281,-0.323413223028183,0.03426145762205124,0.04114470258355141,-0.3598240613937378,-0.10204488039016724,-0.11563673615455627,-0.48444557189941406,-0.23096099495887756,-0.012172454036772251,-0.09509528428316116,-0.04107637703418732,-0.04158446192741394,-0.1375061720609665,-0.2305850088596344,0.006487620994448662,-0.29279494285583496,-0.4388304352760315,0.10282735526561737,-0.40472930669784546,-0.5565621852874756,-0.0009850901551544666,-0.00045762170339003205,-0.0003249886794947088,0.03280344232916832,0.07536306977272034,-0.06405796855688095,0.14051717519760132,-0.08054586499929428,-0.18076321482658386,0.22864271700382233,-0.23977534472942352,-0.19082236289978027,0.027590394020080566,0.11724545806646347,0.04832693934440613,0.08288540691137314,0.18043193221092224,0.02663063257932663,0.23415255546569824,0.250855416059494,0.038129691034555435,0.32821863889694214,0.2809441089630127,0.05597536265850067,0.07066252082586288,0.2580816149711609,0.11021748185157776,0.18652082979679108,0.37658292055130005,0.05860693007707596,0.20234377682209015,0.3928444981575012,0.13290932774543762,0.08664404600858688,0.4242199957370758,0.07070586085319519
511,0.1257539689540863,-0.11559105664491653,0.5912202596664429,0.16907235980033875,-0.2597767412662506,0.37129828333854675,0.3282734751701355,-0.3208952844142914,0.08868932723999023,0.06827577948570251,-0.35199111700057983,-0.09787683933973312,-0.13035708665847778,-0.48212477564811707,-0.20135678350925446,-0.04101599007844925,-0.1071539893746376,-0.021991437301039696,-0.0573379248380661,-0.1538076400756836,-0.24358797073364258,0.0556638278067112,-0.2948276698589325,-0.42264100909233093,0.2739890217781067,-0.42652714252471924,-0.5375241637229919,-0.000977772637270391,-0.0005097571411170065,-0.000338262936566025,0.027375292032957077,0.08043447136878967,-0.08426278829574585,0.17469778656959534,-0.12755689024925232,-0.15236252546310425,0.31688424944877625,-0.33144718408584595,-0.24939924478530884,0.015080709010362625,0.1210898607969284,0.04215376824140549,0.08032148331403732,0.2095189392566681,0.013172954320907593,0.2510666251182556,0.3636186122894287,-0.009421901777386665,0.32980483770370483,0.4489191770553589,0.007294949144124985,0.02314254269003868,0.2566192150115967,0.1064462661743164,0.19908267259597778,0.40148478746414185,0.08679625391960144,0.2405887395143509,0.4824354648590088,0.07411357760429382,0.19242335855960846,0.5436820983886719,0.03592979162931442
512,0.33250659704208374,-0.015836399048566818,0.46574240922927856,0.2827416956424713,-0.24038773775100708,0.310163676738739,0.34347957372665405,-0.2691554129123688,0.03403804078698158,0.051890790462493896,-0.3783092498779297,-0.10299661755561829,0.24554100632667542,-0.4013642370700836,-0.1147117018699646,0.04199623316526413,-0.09780140966176987,-0.036052655428647995,-0.018500803038477898,-0.06247643381357193,-0.17085915803909302,0.1036774069070816,-0.3194892406463623,-0.3849390149116516,0.3480927348136902,-0.45243096351623535,-0.5084607601165771,-0.000652771966997534,-0.0005068968748673797,-0.0003265232080593705,0.05099842697381973,0.06976956874132156,-0.05505868047475815,0.15025757253170013,-0.2017948031425476,-0.1755491942167282,0.3457803428173065,-0.4032212495803833,-0.2785654067993164,0.039840780198574066,0.11470919102430344,0.03684129938483238,0.039800625294446945,0.11049668490886688,-0.004021068103611469,0.1681346744298935,0.1676848828792572,0.0427197702229023,0.20002147555351257,0.06895844638347626,0.0310838520526886,0.07985402643680573,0.25542905926704407,0.0892537534236908,0.061440397053956985,0.33502495288848877,0.03749970719218254,0.10633987188339233,0.25932973623275757,0.0834614560008049,0.046744540333747864,0.42086783051490784,-0.009004315361380577
513,0.45027244091033936,-0.025990154594182968,0.526526927947998,0.2786603569984436,0.021234631538391113,0.24137181043624878,0.2765461504459381,-0.05301786959171295,0.09378215670585632,0.2881794273853302,-0.22186961770057678,-0.05773133784532547,0.4567497968673706,-0.2947952151298523,-0.16734206676483154,0.02540583908557892,-0.07964032888412476,-0.02514011599123478,-0.036149851977825165,-0.10305491089820862,-0.1669744849205017,0.042051590979099274,-0.24536433815956116,-0.37060582637786865,0.42814141511917114,-0.297783225774765,-0.5057271718978882,-0.000915912096388638,-0.0004727229243144393,-0.0003573549329303205,-0.06632423400878906,0.014281533658504486,-0.11502224206924438,-0.04544597119092941,-0.13591384887695312,-0.24750876426696777,0.1722547858953476,-0.2679591774940491,-0.3158138692378998,0.02398955076932907,0.06645229458808899,0.05109871178865433,-0.08972257375717163,0.05157573148608208,-0.03211106359958649,-0.11982741206884384,0.05596549063920975,-0.07532662898302078,0.43572115898132324,0.05005747824907303,0.016002221032977104,0.08620002865791321,0.13897499442100525,0.1320543885231018,-0.0676085352897644,0.2488565444946289,0.003949509933590889,-0.0490257553756237,0.3047884702682495,0.015063133090734482,-0.18606728315353394,0.4109798073768616,-0.022625377401709557
514,0.1667492687702179,0.059045303612947464,0.5240134596824646,0.09193925559520721,0.06916418671607971,0.2890142500400543,0.15341243147850037,0.12680937349796295,0.18802101910114288,0.42551368474960327,0.010316826403141022,0.06396086513996124,0.5332427620887756,-0.25616294145584106,-0.19243991374969482,0.02346586063504219,-0.055333808064460754,-0.0457448847591877,0.06810510158538818,-0.07122945785522461,-0.19620370864868164,0.17203451693058014,-0.1599135547876358,-0.36822566390037537,0.5060902833938599,-0.2010868489742279,-0.43283361196517944,-0.000972298439592123,-0.00040928280213847756,-0.00038940878584980965,0.008547451347112656,-0.019019179046154022,-0.15270458161830902,0.1078924834728241,-0.1406964361667633,-0.2730873227119446,0.2899262607097626,-0.22918081283569336,-0.3776811957359314,0.002771187573671341,0.08147347718477249,0.05604768544435501,0.016200531274080276,-0.009876511991024017,-0.04372289031744003,0.0627702996134758,-0.023182623088359833,-0.10015198588371277,0.4851371943950653,-0.11888851225376129,-0.11852950602769852,0.06377481669187546,0.21810787916183472,0.10078676044940948,-0.03979974985122681,0.33396482467651367,-0.029130131006240845,0.2009139060974121,0.051342353224754333,-0.058351896703243256,0.1618247777223587,0.135538250207901,-0.14896374940872192
515,0.032659757882356644,-0.204788938164711,0.6156855821609497,0.025006193667650223,-0.17071013152599335,0.36504948139190674,0.24165496230125427,0.015043690800666809,0.24880264699459076,0.4687505066394806,-0.026980701833963394,0.09096449613571167,0.5676097869873047,-0.14710931479930878,-0.14730556309223175,0.06480074673891068,-0.057524509727954865,-0.02382592111825943,0.12086181342601776,-0.0004566684365272522,-0.19187131524085999,0.2632361054420471,-0.03707658499479294,-0.30714303255081177,0.555506706237793,-0.038577839732170105,-0.37825077772140503,-0.0011052526533603668,-0.0003576117742341012,-0.0003798453835770488,0.05559966713190079,0.018089409917593002,-0.17622192203998566,0.18134063482284546,-0.08122475445270538,-0.2714141607284546,0.32763639092445374,-0.1474921703338623,-0.40779200196266174,-0.03185584396123886,0.008390255272388458,0.05614657700061798,0.04804571717977524,0.007928114384412766,-0.09449071437120438,0.14296281337738037,-0.031214144080877304,-0.14233818650245667,0.4249560832977295,-0.11062196642160416,-0.22970187664031982,0.03540118411183357,0.010514974594116211,0.08957024663686752,0.08369743078947067,0.15231773257255554,-0.05093582719564438,0.06787442415952682,0.004524644464254379,-0.1015365719795227,0.17749175429344177,0.13430601358413696,-0.1696733832359314
516,-0.05417768657207489,-0.3654438555240631,0.6709733605384827,-0.018421892076730728,-0.29935312271118164,0.44007253646850586,0.2690022587776184,-0.11715725064277649,0.28290465474128723,0.43116796016693115,0.01927170529961586,0.11947980523109436,0.6945462822914124,-0.21677574515342712,0.012058503925800323,0.10019870847463608,-0.045659683644771576,0.01608400046825409,0.187631756067276,0.05779505521059036,-0.1701239049434662,0.3255154490470886,0.02439432591199875,-0.23088206350803375,0.5616416335105896,0.05401015281677246,-0.31887054443359375,-0.0013099531643092632,-0.0003791730268858373,-0.0003822278813458979,0.08536320179700851,0.05946522206068039,-0.17892172932624817,0.21486791968345642,0.02089487761259079,-0.25460898876190186,0.39481502771377563,-0.05307301878929138,-0.31578725576400757,-0.04967828467488289,-0.02538638934493065,0.0358736552298069,0.050729673355817795,0.029820993542671204,-0.1143207922577858,0.09516917914152145,0.008967487141489983,-0.21938566863536835,0.367801308631897,-0.06045440956950188,-0.24535003304481506,-0.07891155779361725,-0.04413994029164314,0.039123475551605225,0.024223625659942627,0.09096697717905045,-0.09724065661430359,0.033371519297361374,0.004549681209027767,-0.16202378273010254,0.16298505663871765,0.1308908760547638,-0.1956949532032013
517,-0.12181996554136276,-0.3938835859298706,0.719057559967041,-0.0416182205080986,-0.22976715862751007,0.5399028062820435,0.25164151191711426,-0.09309739619493484,0.2896837890148163,0.40962111949920654,0.05422365292906761,0.11502973735332489,0.5871550440788269,-0.061634331941604614,-0.009480280801653862,0.13127249479293823,-0.04148108884692192,0.022930363193154335,0.2348511815071106,0.07851821184158325,-0.1867091953754425,0.3540678918361664,0.081544429063797,-0.2115820050239563,0.579871654510498,0.14069053530693054,-0.29719260334968567,-0.0013891925336793065,-0.00040101606282405555,-0.0003734936472028494,0.11706773936748505,0.09030420333147049,-0.21105462312698364,0.21750956773757935,0.07631490379571915,-0.23910783231258392,0.42629557847976685,0.03093814104795456,-0.27414101362228394,-0.08495091646909714,-0.008002326823771,0.034366972744464874,0.020482689142227173,0.056684158742427826,-0.14601966738700867,0.04311135411262512,0.0816216841340065,-0.2252073585987091,0.3090780973434448,0.0043907128274440765,-0.24505943059921265,-0.16896265745162964,-0.03162907809019089,0.016648363322019577,-0.03836604207754135,0.12493422627449036,-0.0994545966386795,-0.022910185158252716,0.07870686054229736,-0.15431079268455505,0.11892241984605789,0.19424167275428772,-0.1869717538356781
518,-0.1348453164100647,-0.450661301612854,0.7208038568496704,0.00325055792927742,-0.23286426067352295,0.5830048322677612,0.298910915851593,-0.06665340065956116,0.33684319257736206,0.4446295499801636,0.029329489916563034,0.13199061155319214,0.5916347503662109,-0.004437772557139397,0.007756480015814304,0.1471320241689682,-0.04841504245996475,0.04372575134038925,0.255021333694458,0.07388164103031158,-0.19867664575576782,0.3734916150569916,0.08213728666305542,-0.23754626512527466,0.5849176645278931,0.1552332490682602,-0.3524879813194275,-0.0014702684711664915,-0.00040609814459457994,-0.00040119083132594824,0.10512343049049377,0.03626185655593872,-0.2457488477230072,0.2213565707206726,0.07751263678073883,-0.3122232258319855,0.3870198130607605,0.09909705072641373,-0.41818392276763916,-0.09554554522037506,-0.018213776871562004,0.022272804751992226,-0.004231113009154797,0.012304278090596199,-0.18701064586639404,0.04697350040078163,0.06656810641288757,-0.28025010228157043,0.2907020151615143,0.08106415718793869,-0.36293643712997437,-0.18378978967666626,-0.06630050390958786,0.02351020649075508,-0.10074454545974731,0.012774288654327393,-0.1524042785167694,-0.00409491453319788,0.15913262963294983,-0.17882391810417175,0.11078014969825745,0.24902525544166565,-0.2581205666065216
519,-0.15197573602199554,-0.40173614025115967,0.7583321332931519,-0.0265885591506958,-0.2634420394897461,0.5732231140136719,0.23754912614822388,-0.07384544610977173,0.39462536573410034,0.37926948070526123,-0.012186553329229355,0.1523759812116623,0.5775055885314941,-0.06605258584022522,0.0110019501298666,0.11870361864566803,-0.06477031111717224,0.045119158923625946,0.22698935866355896,0.06259878724813461,-0.18981316685676575,0.383067786693573,0.026766212657094002,-0.23438040912151337,0.5918674468994141,0.11026822030544281,-0.3312988877296448,-0.0015728031285107136,-0.0004301774315536022,-0.0004217889509163797,0.1003912016749382,0.055448196828365326,-0.22399641573429108,0.19440525770187378,0.06276845186948776,-0.3229702115058899,0.4096367359161377,0.08969054371118546,-0.3712214231491089,-0.09798280894756317,-0.02565085142850876,0.0278313010931015,0.1317918300628662,-0.024429550394415855,-0.13066954910755157,0.07842423021793365,0.0890236496925354,-0.20749099552631378,0.47201430797576904,-0.018788069486618042,-0.1778295636177063,-0.19295525550842285,-0.08336126804351807,0.058482859283685684,0.14495499432086945,-0.08439000695943832,-0.1514328122138977,0.254474937915802,-0.017102904617786407,-0.14834727346897125,0.11573445796966553,0.19682376086711884,-0.23522034287452698
520,-0.17705793678760529,-0.32147103548049927,0.8095419406890869,0.002209997735917568,-0.20460250973701477,0.6332399845123291,0.23367591202259064,-0.036659061908721924,0.405582457780838,0.3989933729171753,0.012828776612877846,0.19807791709899902,0.5445130467414856,0.03562644124031067,0.0910671055316925,0.12977665662765503,-0.06436602771282196,0.0538843609392643,0.2755354940891266,0.0996633768081665,-0.13706064224243164,0.3352448344230652,0.05433790385723114,-0.2503560483455658,0.5785374641418457,0.16714078187942505,-0.3314068019390106,-0.0015403986908495426,-0.000435332884080708,-0.00041145418072119355,0.08653843402862549,0.03201988711953163,-0.26745492219924927,0.1843380331993103,0.08844868838787079,-0.34449970722198486,0.33837777376174927,0.10344812273979187,-0.40994933247566223,-0.11020548641681671,-0.026003539562225342,0.026278015226125717,0.19315731525421143,-0.018096480518579483,-0.10857126116752625,0.24687038362026215,-0.026685237884521484,-0.08505547791719437,0.34829384088516235,0.04792942851781845,-0.3174896538257599,-0.22970835864543915,-0.045492954552173615,0.06397722661495209,0.27736395597457886,-0.09786251187324524,-0.1428728699684143,0.38668447732925415,-0.06438294053077698,-0.12007961422204971,0.36624613404273987,0.07038750499486923,-0.1532466560602188
521,-0.2903684675693512,-0.3082195520401001,0.8005170822143555,-0.037936676293611526,-0.16723409295082092,0.6685854196548462,0.23551714420318604,-0.016483725979924202,0.3875289559364319,0.39421921968460083,0.03657430410385132,0.16388186812400818,0.5232436656951904,0.09084846079349518,0.09283441305160522,0.14751440286636353,-0.05425267666578293,0.053453974425792694,0.29899129271507263,0.12231072783470154,-0.10466794669628143,0.3557114601135254,0.11991174519062042,-0.15513308346271515,0.5518379211425781,0.19522087275981903,-0.26445838809013367,-0.0015686890110373497,-0.0004370980313979089,-0.00039007217856124043,0.12389314919710159,0.08963192254304886,-0.20890384912490845,0.18270814418792725,0.13465557992458344,-0.22764161229133606,0.3043346405029297,0.12744981050491333,-0.29499921202659607,-0.12650913000106812,-0.01109373476356268,0.028969548642635345,0.10255766659975052,0.06749951839447021,-0.13508908450603485,0.11328835785388947,0.05811784043908119,-0.1294485330581665,0.21508586406707764,0.1734294593334198,-0.263276606798172,-0.2704290747642517,-0.014567876234650612,0.05498509109020233,0.07548034191131592,0.02788384258747101,-0.14583230018615723,0.17302364110946655,0.1032973900437355,-0.14313851296901703,0.22433443367481232,0.18805846571922302,-0.18788543343544006
522,-0.33794069290161133,-0.29937970638275146,0.7850452065467834,-0.04102024435997009,-0.16212311387062073,0.6798503398895264,0.24249231815338135,-0.037540413439273834,0.3721219599246979,0.37368038296699524,0.0084929084405303,0.13933315873146057,0.5095430016517639,0.03346441686153412,0.09950302541255951,0.13909098505973816,-0.05825364589691162,0.05760645121335983,0.2958720326423645,0.08560368418693542,-0.06016245484352112,0.3417498767375946,0.08940094709396362,-0.0918409451842308,0.5508121848106384,0.12074923515319824,-0.22694864869117737,-0.0016450854018330574,-0.0004351660027168691,-0.00039163671317510307,0.14259783923625946,0.07894602417945862,-0.1446373164653778,0.2196195125579834,0.06857899576425552,-0.06972861289978027,0.3022666275501251,0.0570327453315258,-0.22582930326461792,-0.12383238971233368,-0.011709565296769142,0.015231907367706299,0.05835936591029167,0.09852772951126099,-0.14507988095283508,0.14088982343673706,0.055830784142017365,-0.06536097824573517,0.12518759071826935,0.17114698886871338,-0.19910524785518646,-0.25961756706237793,-0.002095302101224661,0.0536624900996685,-0.038080133497714996,0.04478876665234566,-0.16353937983512878,0.0826084166765213,0.13992831110954285,-0.1351458877325058,0.1318587213754654,0.1833481788635254,-0.18337969481945038
523,-0.30108386278152466,-0.26704415678977966,0.8271205425262451,-0.08932933211326599,-0.1612105667591095,0.6557241082191467,0.17255976796150208,0.006202017888426781,0.3929319381713867,0.399425745010376,-0.013455092906951904,0.19890286028385162,0.6473547220230103,-0.1287456899881363,0.2251311093568802,0.10885854065418243,-0.042208194732666016,0.07029999792575836,0.20341503620147705,0.08131175488233566,-0.05386221036314964,0.3440103232860565,0.10655705630779266,-0.13299018144607544,0.5719930529594421,0.10775339603424072,-0.25457385182380676,-0.0015511089004576206,-0.00041931861778721213,-0.0003964100033044815,0.13490916788578033,0.0875912606716156,-0.2070077359676361,0.21070906519889832,0.08798186480998993,-0.2005561739206314,0.30912554264068604,0.028203949332237244,-0.31393861770629883,-0.13075843453407288,-0.012907365337014198,0.011503377929329872,0.006867004558444023,0.07801222056150436,-0.19622822105884552,0.12464413046836853,0.05560077726840973,-0.15121892094612122,0.15024659037590027,0.10310781002044678,-0.34400394558906555,-0.26847052574157715,-0.0039968653582036495,0.05946789309382439,-0.13070352375507355,0.03844135254621506,-0.19582772254943848,-0.033789146691560745,0.1427983194589615,-0.18213048577308655,0.04123673960566521,0.16078267991542816,-0.2870660424232483
524,-0.3132093548774719,-0.3398299217224121,0.7920289039611816,-0.07354727387428284,-0.20213523507118225,0.6322399377822876,0.17354604601860046,0.04650653526186943,0.4323478937149048,0.36068058013916016,-0.058978211134672165,0.23114658892154694,0.6556261777877808,-0.21455827355384827,0.31473490595817566,0.11607877910137177,-0.05927831307053566,0.05919991433620453,0.15952660143375397,0.11833652853965759,-0.09462562948465347,0.3668212294578552,0.058938153088092804,-0.17361950874328613,0.5746293067932129,0.06288159638643265,-0.27690616250038147,-0.0016452069394290447,-0.0005181439919397235,-0.0004448534455150366,0.18656791746616364,0.030733715742826462,-0.12088819593191147,0.2976771593093872,-0.029293086379766464,-0.06354507058858871,0.4243620038032532,-0.1365756392478943,-0.04548795521259308,-0.1298883706331253,-0.023496484383940697,0.014655862003564835,0.13807420432567596,0.0020226947963237762,-0.13422219455242157,0.2643643319606781,0.004862409085035324,-0.06133785471320152,0.3534655272960663,-0.10673193633556366,-0.11211027204990387,-0.2731221616268158,-0.04896268621087074,0.05901545286178589,0.13804298639297485,0.01822001300752163,-0.16965706646442413,0.20450368523597717,-0.05434604734182358,-0.1518884003162384,0.32562729716300964,0.03702566772699356,-0.19639189541339874
525,-0.28566262125968933,-0.2681001126766205,0.8427938222885132,-0.08062591403722763,-0.1867273449897766,0.6505227088928223,0.18955868482589722,0.015153366141021252,0.4155678451061249,0.3361084461212158,-0.02460268884897232,0.22079578042030334,0.584031343460083,-0.14635016024112701,0.2171935886144638,0.13655374944210052,-0.0589640773832798,0.05582379549741745,0.22968150675296783,0.090090312063694,-0.07276825606822968,0.3500867784023285,0.052920520305633545,-0.11063548177480698,0.5744501948356628,0.032790590077638626,-0.19400867819786072,-0.0015760217793285847,-0.0005027520237490535,-0.0004111467278562486,0.19533365964889526,0.054975926876068115,-0.11884807795286179,0.24957123398780823,0.05760021507740021,-0.03644014522433281,0.354081392288208,-0.014643192291259766,-0.07226499915122986,-0.134024977684021,-0.021807104349136353,0.028768982738256454,0.0947623923420906,0.07464098930358887,-0.09973453730344772,0.1514415144920349,0.12722206115722656,-0.05443877354264259,0.22545106709003448,0.07645219564437866,-0.13914310932159424,-0.2838898003101349,-0.048683520406484604,0.0785197764635086,0.02027479186654091,0.07126516848802567,-0.13369059562683105,0.06959205865859985,0.012712188065052032,-0.1398373693227768,0.20059843361377716,0.15855899453163147,-0.16584934294223785
526,-0.2547156810760498,-0.28543776273727417,0.8276314735412598,-0.009751755744218826,-0.24728229641914368,0.6105890274047852,0.16739419102668762,-0.1429288685321808,0.3930613696575165,0.3384542465209961,-0.11308707296848297,0.22775384783744812,0.6387030482292175,-0.21196947991847992,0.2686934471130371,0.0643213763833046,-0.000876743346452713,0.04717083275318146,0.1517016440629959,0.027871636673808098,-0.08963945508003235,0.24302661418914795,0.008331114426255226,-0.13114506006240845,0.5098223686218262,-0.09870180487632751,-0.19354701042175293,-0.0017527106683701277,-0.0006167213432490826,-0.00045872124610468745,0.20592299103736877,-0.02286585234105587,-0.06774838268756866,0.3059830069541931,-0.06534220278263092,0.02413214184343815,0.47824162244796753,-0.08462439477443695,0.12140011787414551,-0.030892513692378998,0.021969694644212723,-0.021063949912786484,0.1795925796031952,-0.007456324994564056,-0.08051164448261261,0.27528873085975647,-0.05370368808507919,-0.006326165050268173,0.4175560474395752,-0.03524138033390045,-0.008436456322669983,-0.02098986506462097,0.05211927741765976,-0.0032086223363876343,0.2038712203502655,-0.06300614774227142,-0.1313682645559311,0.27895820140838623,-0.10283787548542023,-0.11850076913833618,0.40001481771469116,0.0353434681892395,-0.130266010761261
527,-0.2366907000541687,-0.2919497489929199,0.8363802433013916,-0.04608563333749771,-0.25578832626342773,0.6024227142333984,0.15731163322925568,-0.15472429990768433,0.38622498512268066,0.3579932451248169,-0.12255872786045074,0.2265348732471466,0.5527002811431885,-0.19995759427547455,0.18870721757411957,0.022629696875810623,0.022228825837373734,0.06228237599134445,0.18387913703918457,-0.018930070102214813,-0.07166922092437744,0.22685575485229492,-0.015992622822523117,-0.08386338502168655,0.5085808038711548,-0.12902984023094177,-0.21333788335323334,-0.0014912683982402086,-0.0005401154630817473,-0.00041542021790519357,0.20731627941131592,-0.04134836792945862,-0.03490190580487251,0.33303987979888916,-0.09605443477630615,0.06178789585828781,0.5364658236503601,-0.08254797756671906,0.2340255081653595,0.017558401450514793,0.04301358014345169,-0.058597978204488754,0.21594765782356262,0.0189954973757267,-0.08528650552034378,0.34239324927330017,-0.10646010935306549,0.01976766251027584,0.5189999341964722,-0.06523545831441879,0.0798787772655487,0.09384335577487946,0.12654823064804077,-0.05669089034199715,0.2931358814239502,-0.08607208728790283,-0.1440621316432953,0.39140811562538147,-0.1089043989777565,-0.12313764542341232,0.5136616826057434,-0.0011186320334672928,-0.106267049908638
528,-0.21396097540855408,-0.3177519738674164,0.8410927057266235,0.011471197009086609,-0.2555472254753113,0.5833898186683655,0.18078139424324036,-0.11590118706226349,0.3474431037902832,0.34780657291412354,-0.2483164370059967,0.266193687915802,0.6006017923355103,-0.2733475863933563,0.28926515579223633,0.06282903254032135,-0.015683308243751526,0.08750157058238983,0.1696159541606903,0.03352835029363632,-0.09900176525115967,0.21008186042308807,0.026518642902374268,-0.13596005737781525,0.4286893606185913,-0.1527079939842224,-0.2434273660182953,-0.0015821150736883283,-0.0005409523146227002,-0.0004301976878196001,0.20243164896965027,-0.045041248202323914,-0.03998938947916031,0.32305192947387695,-0.16881534457206726,0.03417789563536644,0.4849204421043396,-0.21768781542778015,0.1837335079908371,0.0170595720410347,0.04923061281442642,-0.03190232440829277,0.23916402459144592,0.024739772081375122,-0.08015996217727661,0.3424938917160034,-0.20567761361598969,0.0024686623364686966,0.5504453778266907,-0.16557642817497253,0.09511790424585342,0.06541241705417633,0.12966491281986237,-0.003162836655974388,0.3209691047668457,-0.12428391724824905,-0.14168615639209747,0.42818349599838257,-0.2020089477300644,-0.1457664668560028,0.5441597700119019,-0.09477278590202332,-0.11467987298965454
529,-0.21526674926280975,-0.19383108615875244,0.9005565643310547,-0.01897723786532879,-0.14359991252422333,0.6482264995574951,0.12430205196142197,-0.045530371367931366,0.37292611598968506,0.40415024757385254,-0.13813678920269012,0.23786158859729767,0.6676661968231201,-0.3236319422721863,0.32697856426239014,0.0953892394900322,-0.036871954798698425,0.05429794639348984,0.2414781004190445,0.06558932363986969,-0.090406134724617,0.3068224787712097,0.07904071360826492,-0.11552504450082779,0.5135447978973389,-0.04011791944503784,-0.23380163311958313,-0.001594432513229549,-0.0004768325015902519,-0.00042677533929236233,0.18090689182281494,0.02930990606546402,-0.147986501455307,0.28395578265190125,-0.0039106085896492004,-0.10517521947622299,0.4332728981971741,-0.03905284404754639,-0.0681086853146553,-0.04649542644619942,0.015473608858883381,-0.005908503197133541,0.09984971582889557,0.05327802523970604,-0.14934846758842468,0.17917512357234955,-0.012588538229465485,-0.11814524978399277,0.3247825801372528,0.12452375888824463,-0.12431873381137848,-0.10367726534605026,0.08057785034179688,0.028881343081593513,0.06495968997478485,-0.037242341786623,-0.16656336188316345,0.18361765146255493,-0.024500645697116852,-0.15608690679073334,0.3410382866859436,0.13112545013427734,-0.17821532487869263
530,-0.189383402466774,-0.23366093635559082,0.8886833190917969,-0.022520147264003754,-0.19337786734104156,0.621544599533081,0.1102093979716301,-0.11519128829240799,0.3337323069572449,0.3903314471244812,-0.13116076588630676,0.16810889542102814,0.6743476390838623,-0.34368225932121277,0.28767135739326477,0.09386898577213287,-0.059075355529785156,0.046338096261024475,0.15382157266139984,0.07025036215782166,-0.09854070097208023,0.29595452547073364,0.05962596833705902,-0.16973689198493958,0.5189703106880188,-0.06055441498756409,-0.27503538131713867,-0.0016222965205088258,-0.0005099870031699538,-0.00047214492224156857,0.1444007307291031,0.015028770081698895,-0.14485298097133636,0.2779719829559326,-0.023267565295100212,-0.16677787899971008,0.4086810350418091,-0.07261842489242554,-0.2164612114429474,-0.024561673402786255,0.03355509787797928,-0.007271770387887955,0.0792059525847435,0.03618968278169632,-0.1450275182723999,0.2764912247657776,-0.06911776214838028,-0.08399875462055206,0.4627857208251953,0.0741892084479332,-0.02934802696108818,-0.07157716155052185,0.09536740183830261,0.038203902542591095,0.02348659560084343,0.029269633814692497,-0.15719419717788696,0.32426032423973083,-0.048381026834249496,-0.13597625494003296,0.26552650332450867,0.08883601427078247,-0.22463712096214294
531,-0.19228577613830566,-0.2570057809352875,0.8725056648254395,-0.04986937716603279,-0.2153741419315338,0.599723219871521,0.1570689082145691,-0.19820815324783325,0.3255065083503723,0.4132305383682251,-0.21036773920059204,0.1701665222644806,0.5748582482337952,-0.2515413165092468,0.1969067007303238,0.04978238791227341,-0.015997055917978287,0.08016468584537506,0.17280887067317963,0.05242574214935303,-0.10594217479228973,0.309489905834198,0.05357995629310608,-0.18188154697418213,0.4764065146446228,-0.03127717226743698,-0.3187572956085205,-0.0016217648517340422,-0.0005738076288253069,-0.0004693184746429324,0.1369316130876541,0.01114688254892826,-0.14776316285133362,0.243960440158844,0.005510791204869747,-0.2319519817829132,0.3477327227592468,-0.017529260367155075,-0.35472971200942993,0.029156070202589035,0.0770920068025589,-0.02978755161166191,0.16759370267391205,0.0268289465457201,-0.14254450798034668,0.3600504994392395,-0.11359215527772903,-0.046180836856365204,0.5413203835487366,-0.011424820870161057,0.03518827259540558,0.07886362075805664,0.14198678731918335,-0.030297350138425827,0.22195062041282654,0.037941403687000275,-0.1399819701910019,0.44267356395721436,-0.09622465074062347,-0.1064213216304779,0.48859214782714844,-0.04047849029302597,-0.14076948165893555
532,-0.21828562021255493,-0.29115384817123413,0.876671314239502,-0.06183864176273346,-0.23927026987075806,0.6098512411117554,0.13707078993320465,-0.12488661706447601,0.36470645666122437,0.372724711894989,-0.17982511222362518,0.16311609745025635,0.6476140022277832,-0.2355029582977295,0.2310647815465927,0.06863021850585938,-0.03452330455183983,0.058939963579177856,0.2295067012310028,0.045567646622657776,-0.11041779071092606,0.334460973739624,0.0452902652323246,-0.1588919460773468,0.5326987504959106,-0.007982512004673481,-0.27758729457855225,-0.0015395877417176962,-0.0005230765673331916,-0.0004376523138489574,0.1563778817653656,0.05413292348384857,-0.19751527905464172,0.231246680021286,0.05282562971115112,-0.25150927901268005,0.3605808913707733,0.01790560968220234,-0.30026113986968994,-0.05071007460355759,0.027571845799684525,-0.0019552065059542656,0.095425546169281,0.02950090542435646,-0.15387922525405884,0.24795514345169067,-0.018506944179534912,-0.11191420257091522,0.36350017786026,0.07647404074668884,-0.08656146377325058,-0.10732603073120117,0.04674287885427475,0.0136426892131567,0.026698291301727295,0.018102414906024933,-0.11110290884971619,0.16884565353393555,-0.042487021535634995,-0.13194365799427032,0.25099119544029236,0.0843699499964714,-0.14285919070243835
533,-0.24474164843559265,-0.3101350665092468,0.8464034199714661,-0.07034114003181458,-0.2502894401550293,0.5903198719024658,0.16915647685527802,-0.14969781041145325,0.33004075288772583,0.32931655645370483,-0.21567046642303467,0.09279950708150864,-0.019101649522781372,-0.03433341532945633,0.02510080486536026,0.025326674804091454,-0.0006840135902166367,0.05437636002898216,0.2211211919784546,0.010903309099376202,-0.1080237478017807,0.2781045734882355,-0.043400704860687256,-0.09808868169784546,-0.06859338283538818,0.03960014507174492,-0.3942979574203491,-0.0013108995044603944,-0.0005244637723080814,-0.0003982494818046689,0.1950378119945526,-0.006938498467206955,-0.1361624002456665,0.32358187437057495,-0.0005560163408517838,-0.15722337365150452,0.456417977809906,-0.07362483441829681,-0.09589590132236481,-0.0003603808581829071,0.06265559047460556,-0.014019721187651157,0.18494215607643127,-0.0009448770433664322,-0.12652474641799927,0.31735706329345703,-0.14193981885910034,-0.054809123277664185,0.49441641569137573,-0.10743970423936844,-0.0030143484473228455,0.05792614817619324,0.09328217804431915,-0.03512367233633995,0.20637032389640808,0.03792991489171982,-0.1231503114104271,0.3270837664604187,-0.1371738612651825,-0.1228346973657608,0.44915851950645447,-0.08793368935585022,-0.10981646180152893
534,-0.24198395013809204,-0.33943599462509155,0.8253892660140991,-0.053331851959228516,-0.273186594247818,0.5698273181915283,0.21013852953910828,-0.16541653871536255,0.30731478333473206,0.301758736371994,-0.1308061182498932,0.11586302518844604,-0.38109850883483887,0.07090727239847183,-0.07620402425527573,0.00687224417924881,0.022975265979766846,0.04328911378979683,0.22599151730537415,-0.0003401413559913635,-0.05640976503491402,0.3541375696659088,-0.0723114013671875,-0.04556328058242798,0.1636878103017807,-0.04364433139562607,-0.30395904183387756,-0.0014729646500200033,-0.0005175441037863493,-0.00044764275662600994,0.2184676229953766,-0.03359346091747284,-0.10371372103691101,0.3804146349430084,-0.05744491145014763,-0.10397224128246307,0.5159646272659302,-0.11456011980772018,0.004149537533521652,-0.0032948763109743595,0.045800089836120605,-0.017513304948806763,0.2351393848657608,-0.01583951711654663,-0.11560604721307755,0.36284637451171875,-0.20313379168510437,-0.019600577652454376,0.5396130084991455,-0.2559793293476105,0.06031902879476547,0.14171385765075684,0.12370778620243073,-0.06599918752908707,0.3254634141921997,0.023458434268832207,-0.11687895655632019,0.4192259609699249,-0.1797410249710083,-0.11240263283252716,0.5832204222679138,-0.13185903429985046,-0.09675909578800201
535,-0.2505495548248291,-0.3248482346534729,0.833582878112793,-0.07013951241970062,-0.23226308822631836,0.6012214422225952,0.15496708452701569,-0.09934279322624207,0.3530097007751465,0.261143296957016,-0.06722089648246765,0.15258055925369263,-0.125492662191391,0.07432061433792114,0.007214207202196121,0.050263114273548126,-0.018916217610239983,0.04469053074717522,0.23567450046539307,0.027843859046697617,-0.05866231769323349,0.37146124243736267,0.04463449493050575,-0.044187821447849274,0.33001768589019775,0.04286514222621918,-0.2613223195075989,-0.0016229413449764252,-0.000526589690707624,-0.00043274008203297853,0.18347084522247314,0.02351985312998295,-0.1387164145708084,0.39195355772972107,-0.017497612163424492,-0.04233008250594139,0.5384348630905151,-0.11100821197032928,0.10113527625799179,-0.05646433308720589,0.006687197834253311,0.005323059856891632,0.14568598568439484,0.022474369034171104,-0.12119697034358978,0.3929802179336548,-0.15876100957393646,0.0013477271422743797,0.5860604047775269,-0.2283877432346344,0.07410518825054169,-0.03453458845615387,0.0160909965634346,0.0029139071702957153,0.08333967626094818,0.0308238472789526,-0.14002299308776855,0.4750434160232544,-0.12052661180496216,-0.11145637929439545,0.3649321496486664,-0.04630179703235626,-0.17107290029525757
536,-0.2937967777252197,-0.35804086923599243,0.7641603946685791,-0.01813051663339138,-0.25255951285362244,0.5598394870758057,0.2200927436351776,-0.1612841784954071,0.3110635578632355,0.2954403758049011,-0.04465943202376366,0.13076935708522797,0.19986456632614136,-0.07137373834848404,-0.03729097172617912,0.043113403022289276,0.0021724989637732506,0.04593626409769058,0.1912483274936676,0.049339018762111664,-0.07613229751586914,0.41329169273376465,-0.002431686967611313,-0.030266404151916504,0.39869844913482666,-0.12148409336805344,-0.0760219618678093,-0.0016869762912392616,-0.0006042473251000047,-0.00045422831317409873,0.2198438048362732,0.002803550101816654,-0.10592635720968246,0.41924363374710083,-0.047758281230926514,-0.06965888291597366,0.5104876160621643,-0.21961063146591187,0.07836248725652695,-0.017691077664494514,0.012476630508899689,-0.005355069413781166,0.22354069352149963,-0.011805382557213306,-0.1097898855805397,0.3869399428367615,-0.20981289446353912,-0.014218553900718689,0.5840349793434143,-0.30818644165992737,0.09935079514980316,-0.039619989693164825,0.08630264550447464,0.03590886667370796,0.26433974504470825,0.02291260100901127,-0.13381417095661163,0.4854333996772766,-0.18530243635177612,-0.12359254062175751,0.44422441720962524,-0.16249777376651764,-0.18428102135658264
537,-0.32114607095718384,-0.32306811213493347,0.7768603563308716,0.008038422092795372,-0.21547061204910278,0.5854021906852722,0.27290570735931396,-0.09520810842514038,0.28085798025131226,0.3753404915332794,-0.02036689780652523,0.07249779999256134,0.38208702206611633,-0.03534318879246712,-0.10037444531917572,0.09932535886764526,-0.02380974404513836,0.027902662754058838,0.2510210871696472,0.05909881740808487,-0.12167955935001373,0.4052855968475342,0.04384978488087654,-0.11046285927295685,0.5200330018997192,-0.05356135219335556,-0.12897849082946777,-0.0014761339407414198,-0.0005224118940532207,-0.0003939161542803049,0.20249517261981964,0.07270681113004684,-0.1575772762298584,0.3398427963256836,0.049544982612133026,-0.1430964469909668,0.46048659086227417,-0.041993893682956696,-0.051221199333667755,-0.07263030111789703,0.006874619983136654,0.016849016770720482,0.1258818507194519,0.05607152730226517,-0.11194934695959091,0.26956692337989807,-0.04097386449575424,-0.020919499918818474,0.42855846881866455,-0.10407006740570068,0.005406659096479416,-0.13907654583454132,0.03592356666922569,0.06933853030204773,0.06425159424543381,0.045327432453632355,-0.10697978734970093,0.264830619096756,0.04232906550168991,-0.07410670071840286,0.2728562653064728,0.0817188248038292,-0.16236355900764465
538,-0.3594934344291687,-0.3143925666809082,0.7600422501564026,-0.04353886842727661,-0.24085626006126404,0.5862010717391968,0.29811155796051025,-0.08876463770866394,0.28296929597854614,0.3915233314037323,-0.01218106783926487,0.054231058806180954,0.4731011986732483,-0.027856137603521347,-0.12858065962791443,0.12770813703536987,-0.055357735604047775,0.00932120718061924,0.22548022866249084,0.11436422169208527,-0.1237344741821289,0.39813482761383057,0.07152451574802399,-0.1477244794368744,0.5892086029052734,0.01432848535478115,-0.18553966283798218,-0.001309382845647633,-0.0004804038326255977,-0.00034745174343697727,0.19109836220741272,0.08909890055656433,-0.190341979265213,0.295020192861557,0.08542639017105103,-0.176181823015213,0.49383318424224854,0.043456338346004486,-0.08769218623638153,-0.09503345191478729,-0.007715711370110512,0.03312719240784645,0.016307324171066284,-0.019382881000638008,-0.17333808541297913,0.16470681130886078,0.03919720649719238,-0.06593319028615952,0.34609901905059814,0.025833159685134888,-0.06532793492078781,-0.20813629031181335,-0.002786196768283844,0.07083190977573395,-0.08484716713428497,-0.03492172807455063,-0.2003679871559143,0.10800778120756149,0.06723237037658691,-0.06764835864305496,0.22804346680641174,0.12205830216407776,-0.11237631738185883
539,-0.3014313280582428,-0.4527682662010193,0.6955039501190186,-0.054429613053798676,-0.36684906482696533,0.4864283502101898,0.27729693055152893,-0.23777776956558228,0.1695851981639862,0.4447512924671173,-0.09080105274915695,-0.05748502537608147,0.53837651014328,-0.0937860757112503,-0.22429287433624268,0.05835137516260147,-0.02584553323686123,-0.012410463765263557,0.1963205337524414,0.060705333948135376,-0.17863202095031738,0.39070767164230347,0.06543871760368347,-0.19617515802383423,0.5699899792671204,0.022104699164628983,-0.23818926513195038,-0.0011681762989610434,-0.00045217425213195384,-0.0003558041644282639,0.1717871129512787,0.08477676659822464,-0.17251965403556824,0.2735609710216522,0.07487476617097855,-0.1794869601726532,0.2253846824169159,0.16629701852798462,-0.24141934514045715,-0.05148831382393837,0.015278049744665623,0.0608031339943409,-0.03982267901301384,-0.027415025979280472,-0.21561795473098755,0.19740375876426697,0.054619163274765015,-0.028871100395917892,0.11751122772693634,0.18173687160015106,-0.23182421922683716,-0.12141574919223785,0.03671950846910477,0.141574889421463,-0.14514414966106415,-0.03118526004254818,-0.2712031900882721,0.17402102053165436,0.06854459643363953,0.022002793848514557,0.4059562087059021,0.029818978160619736,-0.12020599842071533
540,-0.19513985514640808,-0.5635395646095276,0.6529433727264404,-0.033225126564502716,-0.4240691661834717,0.43640464544296265,-0.054552435874938965,-0.14584265649318695,0.17979860305786133,0.01868388056755066,-0.07555413991212845,-0.013540707528591156,-0.05404365062713623,-0.07733377069234848,-0.18225251138210297,0.019312966614961624,-0.03178327530622482,-0.031468331813812256,0.06866984814405441,0.014303822070360184,-0.19035449624061584,-0.00919729471206665,0.02395857498049736,-0.2986191511154175,0.5156657695770264,-0.08716830611228943,-0.3793903589248657,-0.0012206373503431678,-0.00038513168692588806,-0.000376225943909958,0.004103243350982666,0.05790020152926445,-0.1747969090938568,0.0011662989854812622,0.042544614523649216,-0.23695272207260132,0.46095991134643555,0.11542008072137833,-0.24052317440509796,-0.035721782594919205,0.03766325116157532,0.06077833101153374,-0.08258544653654099,0.04946495220065117,-0.12891480326652527,-0.04344719648361206,0.09725988656282425,-0.08466930687427521,0.40568649768829346,0.12088803946971893,-0.17351283133029938,-0.06253599375486374,0.15513895452022552,0.13653676211833954,-0.09937380254268646,0.17876529693603516,-0.10823097825050354,0.05190983787178993,0.26770174503326416,0.011388072744011879,0.15600541234016418,0.27297794818878174,-0.09851975739002228
541,0.019862286746501923,-0.5768015384674072,0.5628224015235901,0.06768295168876648,-0.4197887182235718,0.2525857985019684,0.011051619425415993,-0.292651504278183,-0.01736539602279663,-0.11800862103700638,-0.20569080114364624,-0.10880022495985031,-0.23651142418384552,-0.26244619488716125,-0.2808375954627991,0.08432186394929886,-0.038115277886390686,0.006174968555569649,0.12848643958568573,-0.028147494420409203,-0.22426187992095947,-0.2813398838043213,-0.02819550596177578,-0.3170049786567688,0.5634630918502808,-0.21570269763469696,-0.42004716396331787,-0.0011013775365427136,-0.0003170755517203361,-0.00034866671194322407,0.03035697154700756,-0.032012950628995895,-0.14941923320293427,0.11282972991466522,-0.08307274430990219,-0.20733612775802612,0.2268964648246765,0.07110359519720078,-0.39733630418777466,-0.0981159582734108,0.027320411056280136,0.03993278741836548,-0.12898893654346466,0.022868046537041664,-0.16880738735198975,-0.09202335774898529,0.055461276322603226,-0.14971907436847687,0.2613917291164398,0.06088314950466156,-0.26748812198638916,-0.21693585813045502,0.11313695460557938,0.07160135358572006,-0.2530457377433777,0.12841364741325378,-0.18877382576465607,0.08586263656616211,0.2516576945781708,0.14877086877822876,0.14688636362552643,0.2710971534252167,0.11543122678995132
542,0.014594173058867455,-0.4848874509334564,0.5790798664093018,0.09489807486534119,-0.3795642554759979,0.22613836824893951,0.0967586562037468,-0.3296634554862976,-0.07050816714763641,0.11676458269357681,-0.2462581992149353,-0.17146055400371552,0.11011040210723877,-0.3143764138221741,-0.37361985445022583,-0.011772777885198593,-0.0334027074277401,-0.027125481516122818,0.2034848928451538,-0.07756546884775162,-0.23114508390426636,-0.14887790381908417,-0.12500378489494324,-0.37643682956695557,0.506486177444458,-0.3166230320930481,-0.5584462881088257,-0.0011883757542818785,-0.00034861775930039585,-0.00036607461515814066,-0.09287724643945694,-0.008095433004200459,-0.15310823917388916,0.08042170107364655,-0.1408342719078064,-0.21888159215450287,0.11222387850284576,0.007394269108772278,-0.3244893550872803,-0.0845060870051384,0.020688151940703392,0.046432867646217346,-0.14646479487419128,0.01053785253316164,-0.19343161582946777,-0.14956820011138916,0.035131342709064484,-0.1797865778207779,0.09127244353294373,0.004048660397529602,-0.1980605572462082,-0.1991254687309265,0.029638733714818954,0.06599573791027069,-0.265136182308197,0.03850937262177467,-0.1767866611480713,-0.09485355019569397,0.11363141238689423,-0.037763841450214386,-0.06736413389444351,0.11144044995307922,-0.049110665917396545
543,-0.012357140891253948,-0.4481312036514282,0.615037202835083,0.18665766716003418,-0.37988489866256714,0.1854085624217987,0.07805467396974564,-0.3258853554725647,-0.12558966875076294,-0.06956607103347778,-0.2672799229621887,-0.15835678577423096,-0.1173364445567131,-0.38562992215156555,-0.3426687717437744,0.025527115911245346,-0.04780691862106323,-0.05964338779449463,0.20578531920909882,-0.07442548125982285,-0.2308627963066101,-0.19411718845367432,-0.1951093077659607,-0.4156409800052643,0.5547912120819092,-0.21821098029613495,-0.58111572265625,-0.0011040009558200836,-0.00031287758611142635,-0.0003354885848239064,-0.025865448638796806,-0.04859752207994461,-0.14815020561218262,0.18323437869548798,-0.13608750700950623,-0.22259479761123657,0.3417397439479828,-0.028352439403533936,-0.2545495927333832,-0.018291303887963295,-0.023048512637615204,0.07662029564380646,-0.15155018866062164,-0.01502520777285099,-0.20111757516860962,-0.16912057995796204,0.015431899577379227,-0.24634113907814026,-0.005602166056632996,-0.005629373248666525,-0.1648797243833542,-0.19358935952186584,0.0029242541640996933,0.04546497017145157,-0.2968488037586212,0.02738591656088829,-0.23343020677566528,-0.18749330937862396,0.07060497999191284,-0.17193777859210968,-0.11746792495250702,0.04940566420555115,-0.07791980355978012
