frame_id,filtered_joint_0,filtered_joint_1,filtered_joint_2,filtered_joint_3,filtered_joint_4,filtered_joint_5,filtered_joint_6,filtered_joint_7,filtered_joint_8,filtered_joint_9,filtered_joint_10,filtered_joint_11,filtered_joint_12,filtered_joint_13,filtered_joint_14,filtered_joint_15,filtered_joint_16,filtered_joint_17,filtered_joint_18,filtered_joint_19,filtered_joint_20,filtered_joint_21,filtered_joint_22,filtered_joint_23,filtered_joint_24,filtered_joint_25,filtered_joint_26,filtered_joint_27,filtered_joint_28,filtered_joint_29,filtered_joint_30,filtered_joint_31,filtered_joint_32,filtered_joint_33,filtered_joint_34,filtered_joint_35,filtered_joint_36,filtered_joint_37,filtered_joint_38,filtered_joint_39,filtered_joint_40,filtered_joint_41,filtered_joint_42,filtered_joint_43,filtered_joint_44,filtered_joint_45,filtered_joint_46,filtered_joint_47,filtered_joint_48,filtered_joint_49,filtered_joint_50,filtered_joint_51,filtered_joint_52,filtered_joint_53,filtered_joint_54,filtered_joint_55,filtered_joint_56,filtered_joint_57,filtered_joint_58,filtered_joint_59,filtered_joint_60,filtered_joint_61,filtered_joint_62
0,0.18049246072769165,0.6561139822006226,0.7503414750099182,-0.24085769057273865,0.3973413407802582,0.5947291254997253,-0.49899232387542725,0.4535523056983948,0.40437495708465576,-0.6269314289093018,0.27904853224754333,0.3116934895515442,-0.7427958250045776,0.2769797444343567,-0.08568008244037628,-0.29779475927352905,0.09536170214414597,-0.0011193305253982544,-0.32669132947921753,-0.3530958592891693,-0.04619375243782997,-0.33522969484329224,-0.5414029955863953,-0.0036119110882282257,-0.31771963834762573,-0.5564587712287903,0.023238517343997955,0.002056485041975975,-0.001928082900121808,0.007905619218945503,-0.011750981211662292,-0.402182400226593,-0.11450918018817902,-0.03031308203935623,-0.6003692746162415,-0.1616300791501999,-0.05421433597803116,-0.784721314907074,-0.05958462879061699,0.2544616758823395,-0.07847172021865845,0.05735638737678528,0.27498146891593933,-0.3722265660762787,-0.016608826816082,0.2474786937236786,-0.4715641736984253,0.11553719639778137,0.2979276180267334,-0.5423377752304077,0.08930160105228424,0.3092406094074249,-0.18738475441932678,0.22666871547698975,0.6155686974525452,-0.48590341210365295,0.17471332848072052,0.5937575697898865,-0.5247441530227661,0.284717857837677,0.5416311621665955,-0.570726752281189,0.3712898790836334
1,0.20977647602558136,0.6306149959564209,0.6926259398460388,-0.1685274839401245,0.49311602115631104,0.5376282930374146,-0.4912840723991394,0.46740713715553284,0.3666088581085205,-0.6700533628463745,0.28342556953430176,0.3155249357223511,-0.7824812531471252,0.2078004777431488,-0.0017164163291454315,-0.28314104676246643,0.0901593416929245,0.005182475317269564,-0.33161962032318115,-0.33625131845474243,-0.033737681806087494,-0.3708738088607788,-0.5461258888244629,0.045162443071603775,-0.3935609459877014,-0.5930404663085938,0.07337801903486252,0.0019240344408899546,-0.0016273666406050324,0.007689407095313072,-0.001610560342669487,-0.39038974046707153,-0.10260221362113953,-0.04222029075026512,-0.6034020185470581,-0.09686975926160812,-0.07785630971193314,-0.8136070370674133,0.03141218423843384,0.24766458570957184,-0.06371384859085083,0.051474109292030334,0.2646365761756897,-0.3712678849697113,-0.006266788579523563,0.24303220212459564,-0.4960947036743164,0.12608900666236877,0.3068532943725586,-0.567915141582489,0.14490997791290283,0.3794088363647461,-0.104169100522995,0.199345201253891,0.5855940580368042,-0.4668411314487457,0.1688627302646637,0.5715222954750061,-0.5353034138679504,0.27266204357147217,0.5156269073486328,-0.5677380561828613,0.3893009424209595
2,0.20838916301727295,0.599830687046051,0.6656818389892578,-0.1294756531715393,0.5299535393714905,0.5050352215766907,-0.473810613155365,0.45865362882614136,0.38473576307296753,-0.6794634461402893,0.29416051506996155,0.27718499302864075,-0.7927751541137695,0.18764056265354156,0.030065851286053658,-0.2793073058128357,0.08296859264373779,0.00613941065967083,-0.33422961831092834,-0.3303970694541931,-0.03915511071681976,-0.38451558351516724,-0.5524759292602539,0.06641484051942825,-0.423209011554718,-0.6156142950057983,0.09034408628940582,0.0018510462250560522,-0.0015118971932679415,0.007434852886945009,0.0060292137786746025,-0.3967667818069458,-0.10378441214561462,-0.04643653333187103,-0.6116292476654053,-0.060187216848134995,-0.0762004405260086,-0.8308025598526001,0.07667447626590729,0.24428433179855347,-0.05688580125570297,0.05302067846059799,0.26402994990348816,-0.37322789430618286,0.0004384196363389492,0.24853965640068054,-0.522064745426178,0.13965141773223877,0.315537691116333,-0.5902293920516968,0.19148759543895721,0.41937780380249023,-0.0605824813246727,0.1821650266647339,0.5783687829971313,-0.4541577100753784,0.1776515543460846,0.5704083442687988,-0.543786883354187,0.2797367572784424,0.5168394446372986,-0.5702921152114868,0.408400297164917
3,0.22473907470703125,0.5880181193351746,0.6449285745620728,-0.11021675914525986,0.5076069831848145,0.5156879425048828,-0.4447445869445801,0.467013418674469,0.38764533400535583,-0.7029076814651489,0.3028542697429657,0.36828476190567017,-0.790981650352478,0.1956915557384491,0.11314962059259415,-0.25760191679000854,0.0964052677154541,0.03663502261042595,-0.34030115604400635,-0.3257957696914673,-0.023384027183055878,-0.41169488430023193,-0.556235671043396,0.07243500649929047,-0.44896605610847473,-0.6239681243896484,0.11309415847063065,0.0018422631546854973,-0.001380786532536149,0.0074967024847865105,0.011476128362119198,-0.37502825260162354,-0.09887701272964478,-0.029841341078281403,-0.5997439026832581,-0.035059474408626556,-0.06960877776145935,-0.7850963473320007,0.11272571980953217,0.2430308610200882,-0.05664123222231865,0.0372009351849556,0.25938504934310913,-0.374487966299057,0.004896731581538916,0.2524818778038025,-0.511953592300415,0.14854490756988525,0.3045429587364197,-0.6053133606910706,0.23028342425823212,0.43503594398498535,-0.029655281454324722,0.17468203604221344,0.5682022571563721,-0.44571083784103394,0.1568293571472168,0.5657720565795898,-0.5458758473396301,0.2655704617500305,0.5084991455078125,-0.5516542792320251,0.4008673429489136
4,0.21967947483062744,0.6015907526016235,0.6489834785461426,-0.07201990485191345,0.5212207436561584,0.5000942349433899,-0.43723854422569275,0.45675161480903625,0.4172872304916382,-0.6974760293960571,0.3011283278465271,0.35411858558654785,-0.8876036405563354,0.20646506547927856,0.05645352974534035,-0.24512702226638794,0.10044334083795547,0.04973485320806503,-0.33870798349380493,-0.32705578207969666,-0.03482189029455185,-0.4068436622619629,-0.5564461946487427,0.08272744715213776,-0.444659948348999,-0.6208670139312744,0.11533869802951813,0.0018545008497312665,-0.0016227716114372015,0.007317439187318087,0.016766762360930443,-0.37472179532051086,-0.09255976974964142,-0.02614753693342209,-0.594801127910614,-0.033137742429971695,-0.06588181853294373,-0.8093715906143188,0.12323647737503052,0.24670317769050598,-0.05117020383477211,0.03802625089883804,0.25999462604522705,-0.37276798486709595,0.008183558471500874,0.251440167427063,-0.5105090737342834,0.1304868459701538,0.309634804725647,-0.5958448052406311,0.2002045214176178,0.4480140209197998,-0.01500178687274456,0.15832126140594482,0.5690029859542847,-0.4452437162399292,0.1608285903930664,0.5611486434936523,-0.5442056655883789,0.26095443964004517,0.5076798796653748,-0.5509383678436279,0.3982694745063782
5,0.23298612236976624,0.6009047031402588,0.6191186308860779,-0.07726190984249115,0.5329680442810059,0.4875199794769287,-0.4293179512023926,0.4657115340232849,0.4244374930858612,-0.7036318778991699,0.3094802498817444,0.3455841541290283,-0.9307876825332642,0.2023850530385971,0.06825625896453857,-0.24110189080238342,0.09920702874660492,0.054396383464336395,-0.34360867738723755,-0.3251027464866638,-0.02640536054968834,-0.4194962978363037,-0.5614097118377686,0.10344064980745316,-0.463724821805954,-0.6484007835388184,0.1299494057893753,0.001834399881772697,-0.0015174363506957889,0.00754859484732151,0.01993093267083168,-0.3762442469596863,-0.08151621371507645,-0.023569032549858093,-0.5977951288223267,-0.019067222252488136,-0.07029025256633759,-0.8160998821258545,0.14184187352657318,0.24577811360359192,-0.047326453030109406,0.03499560058116913,0.25819578766822815,-0.372875839471817,0.009735377505421638,0.24761146306991577,-0.5145623683929443,0.13208092749118805,0.3151355981826782,-0.5871378183364868,0.20344439148902893,0.44749802350997925,-0.0036230995319783688,0.15816974639892578,0.5639165639877319,-0.44350698590278625,0.15506666898727417,0.5480383038520813,-0.5423022508621216,0.25472408533096313,0.5025433301925659,-0.5557643175125122,0.40002742409706116
6,0.21556103229522705,0.5966845750808716,0.6265133619308472,-0.06370502710342407,0.5460000038146973,0.477545827627182,-0.43665337562561035,0.4598041772842407,0.42429181933403015,-0.7056969404220581,0.30418407917022705,0.3413808345794678,-0.9602341055870056,0.19895073771476746,0.06240371987223625,-0.23573820292949677,0.1008114367723465,0.05637603998184204,-0.3413648307323456,-0.3286309838294983,-0.0363929457962513,-0.4192156195640564,-0.5683869123458862,0.0909627377986908,-0.4659658968448639,-0.649315357208252,0.11836622655391693,0.001815584721043706,-0.0015923266764730215,0.007429865188896656,0.018451327458024025,-0.37640923261642456,-0.08340927958488464,-0.023023687303066254,-0.6005504727363586,-0.027534984052181244,-0.07136543095111847,-0.8288849592208862,0.1394503116607666,0.24719718098640442,-0.046403784304857254,0.03779693692922592,0.2555701732635498,-0.3711651861667633,0.0053703924641013145,0.24100898206233978,-0.5102424621582031,0.13147537410259247,0.3170705735683441,-0.5767219066619873,0.19302448630332947,0.4529249966144562,-0.0010989971924573183,0.14982376992702484,0.5677247643470764,-0.4503166675567627,0.15794211626052856,0.5481436848640442,-0.5400600433349609,0.2517845630645752,0.5018600225448608,-0.5549442768096924,0.39689916372299194
7,0.24021080136299133,0.5942164063453674,0.6137422323226929,-0.053960029035806656,0.5298938155174255,0.46365320682525635,-0.4152012765407562,0.46183550357818604,0.44583964347839355,-0.7089694738388062,0.31836241483688354,0.3854143023490906,-0.8713642358779907,0.20273208618164062,0.12787947058677673,-0.23436293005943298,0.10255621373653412,0.0591912567615509,-0.3457931876182556,-0.32647690176963806,-0.02517954260110855,-0.41966041922569275,-0.558928906917572,0.09235174208879471,-0.4630911946296692,-0.6394892930984497,0.12731033563613892,0.0018393148202449083,-0.0015812834026291966,0.007404159754514694,0.018280645832419395,-0.37166452407836914,-0.0779724195599556,-0.015856048092246056,-0.5947856903076172,-0.0244850292801857,-0.06987246125936508,-0.788178563117981,0.13085441291332245,0.24490267038345337,-0.04973558336496353,0.03358270600438118,0.25727131962776184,-0.37613430619239807,0.016929389908909798,0.2431364357471466,-0.5159704089164734,0.15202432870864868,0.3057061433792114,-0.6215876340866089,0.24576333165168762,0.4502791166305542,0.0015292924363166094,0.1480027437210083,0.5650534629821777,-0.44073039293289185,0.14542613923549652,0.5578204989433289,-0.5482326149940491,0.2574833333492279,0.4995090961456299,-0.5581786036491394,0.39200901985168457
8,0.24704256653785706,0.609968900680542,0.5875436067581177,-0.05723317712545395,0.5859028100967407,0.4462139904499054,-0.41089195013046265,0.4583132266998291,0.4447539448738098,-0.7053868174552917,0.298997163772583,0.32500022649765015,-0.8980687260627747,0.20441947877407074,-0.019965924322605133,-0.2517719566822052,0.088049978017807,0.035766422748565674,-0.33501946926116943,-0.32573822140693665,-0.03127853944897652,-0.4180668592453003,-0.5645265579223633,0.11007753759622574,-0.47415614128112793,-0.6605232954025269,0.1502876579761505,0.0016521703219041228,-0.0012694925535470247,0.007529912516474724,0.01856677606701851,-0.3792736828327179,-0.07172718644142151,-0.04338259622454643,-0.6117712259292603,0.005849174223840237,-0.07479649782180786,-0.803951621055603,0.13401798903942108,0.22883868217468262,-0.04096641018986702,0.03654499351978302,0.2626194655895233,-0.38092485070228577,0.024562757462263107,0.24439987540245056,-0.5386738777160645,0.15702030062675476,0.28140789270401,-0.6847765445709229,0.2534539997577667,0.45845937728881836,0.005421030335128307,0.16420158743858337,0.5749772787094116,-0.43418341875076294,0.1510908603668213,0.5324813723564148,-0.546990156173706,0.2533388137817383,0.48859262466430664,-0.5769567489624023,0.4101549983024597
9,0.2807281017303467,0.610016942024231,0.5544851422309875,-0.04433073848485947,0.6191099882125854,0.4057617783546448,-0.4508417546749115,0.47035160660743713,0.4295850694179535,-0.6871150732040405,0.29390665888786316,0.2774573564529419,-0.892021894454956,0.19043618440628052,-0.03879445418715477,-0.25530293583869934,0.0842011496424675,0.028066862374544144,-0.32675647735595703,-0.3132065534591675,-0.03146189823746681,-0.4125306308269501,-0.5509237051010132,0.1423148810863495,-0.4816582500934601,-0.663561999797821,0.2130081057548523,0.0015078731812536716,-0.0011294791474938393,0.007339157164096832,0.011311576701700687,-0.3832300305366516,-0.05088142678141594,-0.06172432005405426,-0.6169987320899963,0.020151769742369652,-0.09184898436069489,-0.798533022403717,0.15689337253570557,0.21884863078594208,-0.038565389811992645,0.038272298872470856,0.26385626196861267,-0.3854934573173523,0.03248945623636246,0.24645784497261047,-0.5431413650512695,0.15680351853370667,0.29270970821380615,-0.7004414796829224,0.27162879705429077,0.4765722155570984,-0.028830109164118767,0.15992005169391632,0.5637495517730713,-0.43157392740249634,0.14658361673355103,0.5176964998245239,-0.5392985939979553,0.23862719535827637,0.5023993849754333,-0.5835961103439331,0.3743932247161865
10,0.2997896075248718,0.6204588413238525,0.5259199142456055,-0.05492940545082092,0.6254643201828003,0.4127950668334961,-0.479105681180954,0.4737437963485718,0.3956082761287689,-0.6597383618354797,0.31901633739471436,0.24548698961734772,-0.8663020133972168,0.1867120862007141,-0.031331002712249756,-0.23692429065704346,0.0844232439994812,0.021678809076547623,-0.31390082836151123,-0.3198050856590271,-0.04914801940321922,-0.4106334447860718,-0.5368094444274902,0.14641115069389343,-0.4874446988105774,-0.6569479703903198,0.1961347758769989,0.0015287083806470037,-0.001157528255134821,0.007524987682700157,-0.005059673450887203,-0.3825192451477051,-0.04773598164319992,-0.06540045142173767,-0.6165109276771545,0.020410209894180298,-0.08599246293306351,-0.7921551465988159,0.16662144660949707,0.2169492542743683,-0.03832080215215683,0.04451573267579079,0.26253923773765564,-0.3772612512111664,0.038397952914237976,0.2453952133655548,-0.544995129108429,0.14480380713939667,0.29598209261894226,-0.6947076916694641,0.2761605381965637,0.4656820297241211,-0.036700136959552765,0.17016413807868958,0.5516983270645142,-0.42132067680358887,0.14022111892700195,0.4915042221546173,-0.5200680494308472,0.22464698553085327,0.5008746385574341,-0.5813586115837097,0.35202908515930176
11,0.31439611315727234,0.6156793832778931,0.5048758387565613,-0.05517922341823578,0.6303925514221191,0.40996053814888,-0.4538724422454834,0.46862080693244934,0.348211407661438,-0.6505939960479736,0.31904202699661255,0.23566998541355133,-0.8671830892562866,0.18208357691764832,-0.00793556310236454,-0.22711984813213348,0.08299803733825684,0.01875760406255722,-0.30927884578704834,-0.3273617923259735,-0.05589468032121658,-0.4124927222728729,-0.5278420448303223,0.15163564682006836,-0.49103015661239624,-0.6551171541213989,0.1832384616136551,0.0015615341253578663,-0.0011475295759737492,0.007736788131296635,-0.012168848887085915,-0.3808853328227997,-0.04870796576142311,-0.07111822068691254,-0.6116622686386108,0.01956983655691147,-0.07988588511943817,-0.7882137894630432,0.17149066925048828,0.21640461683273315,-0.040706053376197815,0.04729003459215164,0.2609955370426178,-0.37159615755081177,0.03993648663163185,0.23982615768909454,-0.5420688390731812,0.1365666687488556,0.28861287236213684,-0.6918723583221436,0.26278138160705566,0.4571397006511688,-0.044290684163570404,0.1726187914609909,0.5394466519355774,-0.4147810935974121,0.13721033930778503,0.48987889289855957,-0.525580883026123,0.24354250729084015,0.5009609460830688,-0.5887227058410645,0.3402796983718872
12,0.32028618454933167,0.5729100108146667,0.45224761962890625,-0.053856536746025085,0.560544490814209,0.4090012311935425,-0.452717661857605,0.48532477021217346,0.37878334522247314,-0.6294131875038147,0.2794609069824219,0.3594246804714203,-0.7075598835945129,0.11967124044895172,0.34918391704559326,-0.20937788486480713,0.09933627396821976,0.049495670944452286,-0.3247714340686798,-0.2835896611213684,-0.08658608794212341,-0.37943994998931885,-0.4268498420715332,0.0639156699180603,-0.3387637138366699,-0.5641149282455444,0.1614273488521576,0.0014766148524358869,-0.0010713271331042051,0.006570866331458092,0.026845064014196396,-0.3365631699562073,-0.08803966641426086,-0.047294795513153076,-0.4956256151199341,0.01702972874045372,0.006823208183050156,-0.6829892992973328,0.2014458328485489,0.20025460422039032,-0.06416310369968414,0.02881934493780136,0.22367389500141144,-0.3485541343688965,-0.0020307619124650955,0.25459128618240356,-0.4275798201560974,0.11717817932367325,0.2674373686313629,-0.6613835692405701,0.27923527359962463,0.44270604848861694,-0.061671897768974304,0.12219619750976562,0.4927370548248291,-0.4330191910266876,0.07336331158876419,0.4866086542606354,-0.4691588580608368,0.14946192502975464,0.495794415473938,-0.561616063117981,0.27766329050064087
13,0.3062782883644104,0.48462969064712524,0.5540539026260376,0.054097436368465424,0.48184895515441895,0.5229537487030029,-0.49909985065460205,0.4792984127998352,0.40578150749206543,-0.6290011405944824,0.3388180732727051,0.5123938918113708,-0.7395656108856201,0.17229732871055603,0.5359050631523132,-0.2365124225616455,0.12518681585788727,0.08409847319126129,-0.3194011151790619,-0.27991175651550293,-0.07923699915409088,-0.360865980386734,-0.38062411546707153,-0.013539835810661316,-0.4008961021900177,-0.5761630535125732,0.12532590329647064,0.001600789837539196,-0.001074519706889987,0.006352270022034645,0.055892810225486755,-0.33522212505340576,-0.08873924612998962,-0.04709269478917122,-0.4871028661727905,0.022439226508140564,0.028156528249382973,-0.6630048751831055,0.37851428985595703,0.22280989587306976,-0.05970742553472519,0.021853884682059288,0.2345161736011505,-0.345392107963562,0.008055435493588448,0.25243550539016724,-0.48105567693710327,0.19111838936805725,0.26018404960632324,-0.662922739982605,0.4616618752479553,0.46313345432281494,-0.10621507465839386,0.072881780564785,0.5376622676849365,-0.444683313369751,0.09193320572376251,0.4819667935371399,-0.4449954628944397,0.2284400761127472,0.4805954694747925,-0.5583566427230835,0.34579116106033325
14,0.34673768281936646,0.5394012331962585,0.556013822555542,0.019434962421655655,0.5525585412979126,0.4540066123008728,-0.4542086124420166,0.5336071252822876,0.37297528982162476,-0.6140730381011963,0.34951266646385193,0.459453821182251,-0.7762413024902344,0.23771575093269348,0.4049627482891083,-0.2436261624097824,0.13236276805400848,0.07697650790214539,-0.3338776230812073,-0.27522528171539307,-0.05554310977458954,-0.3987221419811249,-0.4514656066894531,0.0554022416472435,-0.43813300132751465,-0.5887379050254822,0.15756362676620483,0.001611671643331647,-0.0012491444358602166,0.006441985256969929,0.012702712789177895,-0.332551509141922,-0.07092004269361496,-0.06057688966393471,-0.5401448011398315,0.05357363447546959,0.03988323360681534,-0.7114576697349548,0.36457884311676025,0.22617636620998383,-0.05755959451198578,0.029076941311359406,0.26815229654312134,-0.36131274700164795,0.008903474546968937,0.24219036102294922,-0.5306383371353149,0.19603025913238525,0.25485995411872864,-0.6724992990493774,0.35907238721847534,0.48619604110717773,-0.08059251308441162,0.0848468691110611,0.5577558279037476,-0.43526291847229004,0.12348996102809906,0.4982990622520447,-0.4828900098800659,0.24690791964530945,0.4896535575389862,-0.5596563816070557,0.42215538024902344
15,0.3219679296016693,0.35558393597602844,0.5546990036964417,0.14849482476711273,0.4842943549156189,0.4622344672679901,-0.4300669729709625,0.527420163154602,0.34374120831489563,-0.4469163417816162,0.1726558357477188,0.5201810002326965,-0.7224372625350952,0.21838244795799255,0.517096221446991,-0.24154114723205566,0.14156508445739746,0.08531539142131805,-0.30287399888038635,-0.2347811907529831,-0.06421796977519989,-0.3802618384361267,-0.39878907799720764,-0.0008806400001049042,-0.48072487115859985,-0.5045195817947388,0.07026022672653198,0.0015863542212173343,-0.0011734417639672756,0.005966057535260916,-0.0021529975347220898,-0.28048598766326904,-0.10737334936857224,-0.07365795969963074,-0.48357802629470825,0.03340556100010872,0.06985432654619217,-0.6626476049423218,0.24911057949066162,0.21876740455627441,-0.07165588438510895,0.02830638363957405,0.2619873583316803,-0.33887779712677,-0.00982750952243805,0.24864640831947327,-0.46261247992515564,0.17615140974521637,0.25516366958618164,-0.6322979927062988,0.3631470203399658,0.46084821224212646,-0.0806400254368782,0.09099025279283524,0.4738547205924988,-0.4400460720062256,0.08469000458717346,0.4524092674255371,-0.4771880507469177,0.22500300407409668,0.43001794815063477,-0.5564388632774353,0.34091198444366455
16,0.29680535197257996,0.2636694014072418,0.539068877696991,0.15259361267089844,0.40862053632736206,0.4321478605270386,-0.3857109844684601,0.4844415485858917,0.442346453666687,-0.3862040936946869,0.11761784553527832,0.5200717449188232,-0.7176070213317871,0.2801809310913086,0.6580498218536377,-0.23606055974960327,0.14683932065963745,0.07846098393201828,-0.286631315946579,-0.21493244171142578,-0.05816864222288132,-0.38365277647972107,-0.3710358142852783,0.008606741204857826,-0.47348788380622864,-0.41106778383255005,0.05557882413268089,0.0015074211405590177,-0.0012005309108644724,0.00549637246876955,-0.01051858626306057,-0.2772696614265442,-0.10521070659160614,-0.059448398649692535,-0.39570462703704834,-0.00043636001646518707,0.02129574865102768,-0.6685832738876343,0.15132662653923035,0.21872591972351074,-0.07018278539180756,0.025759942829608917,0.26072725653648376,-0.3181799650192261,-0.014131277799606323,0.22883965075016022,-0.43581831455230713,0.16326867043972015,0.2860383093357086,-0.5703767538070679,0.3620205819606781,0.4482467770576477,-0.0728028267621994,0.07307513058185577,0.4730413854122162,-0.4076841473579407,0.05416020378470421,0.42154383659362793,-0.48589110374450684,0.22044411301612854,0.40084177255630493,-0.5075771808624268,0.3365442156791687
17,0.2974294424057007,0.25199195742607117,0.5115231275558472,0.14170332252979279,0.4239393472671509,0.4207567870616913,-0.46414709091186523,0.43331849575042725,0.40297967195510864,-0.3771483898162842,0.06986765563488007,0.473336786031723,-0.7218272089958191,0.43810075521469116,0.2909165620803833,-0.23559324443340302,0.14699670672416687,0.05757291987538338,-0.29937058687210083,-0.16923969984054565,-0.07182562351226807,-0.38983801007270813,-0.3853437006473541,0.058544907718896866,-0.4313521981239319,-0.3605005145072937,0.04445924609899521,0.0013011618284508586,-0.0014188503846526146,0.004419026430696249,-0.015634488314390182,-0.29017174243927,-0.10914535820484161,-0.0767354816198349,-0.34047919511795044,-0.060270678251981735,-0.0249837264418602,-0.5927808284759521,0.1116025298833847,0.19228902459144592,-0.08921423554420471,0.027209073305130005,0.26478564739227295,-0.3357783257961273,-0.022645261138677597,0.2247985303401947,-0.43513965606689453,0.14430709183216095,0.3137050271034241,-0.5255371332168579,0.3468887209892273,0.4448152780532837,-0.07571332156658173,0.0840836614370346,0.4699491858482361,-0.4448608160018921,0.06618368625640869,0.406890332698822,-0.4691365361213684,0.17960913479328156,0.4137289524078369,-0.5142695903778076,0.3226659893989563
18,0.2812318205833435,0.3483508825302124,0.2862650752067566,0.17023901641368866,0.42184218764305115,0.38856104016304016,-0.45924079418182373,0.41067105531692505,0.3609156608581543,-0.4944121837615967,0.2839670479297638,0.35995686054229736,-0.706108570098877,0.5390985012054443,0.10885061323642731,-0.23106594383716583,0.15019649267196655,0.04385406896471977,-0.2950592041015625,-0.16561457514762878,-0.05821910873055458,-0.3886215090751648,-0.3868875503540039,0.07073883712291718,-0.44931983947753906,-0.38233163952827454,0.060831595212221146,0.0012743750121444464,-0.0014252893161028624,0.004219808615744114,-0.007293520960956812,-0.30188190937042236,-0.10068489611148834,-0.09944936633110046,-0.33665525913238525,-0.041152000427246094,-0.02873663604259491,-0.5603770017623901,0.14369244873523712,0.17625698447227478,-0.10085724294185638,0.03343713656067848,0.25800445675849915,-0.3484271168708801,-0.01328972913324833,0.2188381850719452,-0.45598798990249634,0.1460963934659958,0.34315019845962524,-0.5072219371795654,0.3422473669052124,0.440834105014801,-0.08207365870475769,0.07414586842060089,0.48143434524536133,-0.4731041193008423,0.08077871799468994,0.4117897152900696,-0.47490814328193665,0.16188573837280273,0.44699329137802124,-0.533941388130188,0.30957433581352234
19,0.2632044553756714,0.4091525077819824,0.250313401222229,0.12752963602542877,0.388007789850235,0.37202829122543335,-0.5066654682159424,0.4132208228111267,0.28361326456069946,-0.4593798518180847,0.22280295193195343,0.3139928877353668,-0.6379754543304443,0.6913870573043823,-0.03648326173424721,-0.22922521829605103,0.14400821924209595,0.03550073504447937,-0.29180872440338135,-0.11848152428865433,-0.061103567481040955,-0.37746453285217285,-0.36088719964027405,0.1031336709856987,-0.4055185317993164,-0.32904577255249023,0.070333331823349,0.0013603676343336701,-0.0015453415689989924,0.004380379803478718,-0.016392782330513,-0.2965436577796936,-0.09627275168895721,-0.08186988532543182,-0.31233465671539307,-0.04207921773195267,-0.05831880122423172,-0.5309162735939026,0.015822265297174454,0.1976509988307953,-0.08732813596725464,0.030890407040715218,0.22838778793811798,-0.32834094762802124,-0.0290643610060215,0.20257550477981567,-0.4546203315258026,0.17540466785430908,0.3092539608478546,-0.5422317385673523,0.4275187849998474,0.4539458155632019,-0.09634445607662201,0.089541956782341,0.48041754961013794,-0.41249924898147583,0.05687251687049866,0.4319612979888916,-0.4406750798225403,0.186233252286911,0.4317222237586975,-0.531505286693573,0.33258992433547974
20,0.2533950209617615,0.44223713874816895,0.23075059056282043,0.1042897030711174,0.36959707736968994,0.36303213238716125,-0.5324711799621582,0.4146082401275635,0.24154984951019287,-0.440317302942276,0.18952104449272156,0.28898197412490845,-0.6009014844894409,0.7742536067962646,-0.11556541919708252,-0.22822359204292297,0.14064091444015503,0.030955344438552856,-0.2900400161743164,-0.0928344875574112,-0.06267312169075012,-0.3713935613632202,-0.34673935174942017,0.12076103687286377,-0.38168442249298096,-0.3000507354736328,0.07550361752510071,0.0014071597252041101,-0.0016106669791042805,0.0044677527621388435,-0.02134406566619873,-0.2936388850212097,-0.09387192130088806,-0.07230415940284729,-0.2991008162498474,-0.042583756148815155,-0.07441568374633789,-0.5148854851722717,-0.05375717207789421,0.20929236710071564,-0.07996638864278793,0.029504626989364624,0.21227213740348816,-0.31741124391555786,-0.03764798864722252,0.1937263011932373,-0.4538761377334595,0.1913525015115738,0.29080960154533386,-0.5612820386886597,0.47391849756240845,0.4610804319381714,-0.10410977900028229,0.09791959822177887,0.479864239692688,-0.3795216381549835,0.043864164501428604,0.4429374933242798,-0.42204749584198,0.19948172569274902,0.42341262102127075,-0.5301796793937683,0.3451136648654938
21,0.20142118632793427,0.3534409999847412,0.31281977891921997,0.05044325441122055,0.42351019382476807,0.3123968243598938,-0.45857787132263184,0.4618423581123352,0.2579202651977539,-0.3988747298717499,0.22447258234024048,0.2140950858592987,-0.4356619715690613,0.9536317586898804,-0.1296704113483429,-0.23356029391288757,0.14418937265872955,0.041070304811000824,-0.25690603256225586,-0.11474037170410156,-0.09961424022912979,-0.3541421890258789,-0.28758054971694946,0.10181406885385513,-0.3824847638607025,-0.3078814744949341,0.07872126996517181,0.0014007450081408024,-0.001611822284758091,0.00455031543970108,-0.012705396860837936,-0.2783398926258087,-0.08778953552246094,-0.0895172581076622,-0.32021379470825195,-0.08025525510311127,-0.0907948762178421,-0.5285350680351257,-0.00940612331032753,0.2053605020046234,-0.09563969820737839,0.027014657855033875,0.22861939668655396,-0.280936598777771,-0.08372907340526581,0.18004882335662842,-0.4556828737258911,0.1817777156829834,0.27878260612487793,-0.5417616367340088,0.45457935333251953,0.4394514858722687,-0.10718264430761337,0.09317808598279953,0.4706460237503052,-0.42385968565940857,0.009654529392719269,0.4254937171936035,-0.4224340319633484,0.17388762533664703,0.41169214248657227,-0.509115993976593,0.3136855363845825
22,0.21070140600204468,0.37013447284698486,0.22908461093902588,0.029919913038611412,0.44209325313568115,0.23370838165283203,-0.4205544590950012,0.49783265590667725,0.25623542070388794,-0.43193912506103516,0.3699007034301758,0.22604891657829285,-0.4862799644470215,0.7054093480110168,0.12456958740949631,-0.2406879961490631,0.15483634173870087,0.049653586000204086,-0.2718755006790161,-0.12507370114326477,-0.0993862897157669,-0.3588712215423584,-0.2384607195854187,0.07798340916633606,-0.3966899514198303,-0.37245017290115356,0.1468571424484253,0.001383946742862463,-0.00186075025703758,0.004169450141489506,-0.0020848684944212437,-0.27768003940582275,-0.08916521817445755,-0.11193259060382843,-0.3326614499092102,-0.09141592681407928,-0.04041820392012596,-0.5159793496131897,0.1389550417661667,0.21325522661209106,-0.0945751816034317,0.019523337483406067,0.2661139667034149,-0.304412305355072,-0.06516795605421066,0.17660309374332428,-0.46829700469970703,0.19957029819488525,0.270721971988678,-0.5658096075057983,0.47304224967956543,0.45223569869995117,-0.11481530219316483,0.06028641387820244,0.5139181613922119,-0.4217914044857025,0.007518376223742962,0.42912665009498596,-0.4441553056240082,0.18473514914512634,0.4257420003414154,-0.5227173566818237,0.30551156401634216
23,0.22658184170722961,0.4025181233882904,0.19906949996948242,0.017182761803269386,0.4927200675010681,0.1512829065322876,-0.4178687334060669,0.5106449127197266,0.24260419607162476,-0.44330722093582153,0.3999396562576294,0.2932753264904022,-0.47851085662841797,0.8781442642211914,-0.016595996916294098,-0.24071502685546875,0.17490655183792114,0.03493664413690567,-0.28637149930000305,-0.12914660573005676,-0.09294015914201736,-0.33121681213378906,-0.23406541347503662,0.09373695403337479,-0.3950069546699524,-0.42951345443725586,0.22723476588726044,0.0013715550303459167,-0.0020730015821754932,0.003931589424610138,-0.006711157970130444,-0.271511435508728,-0.08473732322454453,-0.12377876043319702,-0.34793657064437866,-0.06467500329017639,-0.012613032944500446,-0.5502287745475769,0.24923264980316162,0.2163965106010437,-0.09404869377613068,0.013000890612602234,0.2855498194694519,-0.30723267793655396,-0.053227297961711884,0.17224368453025818,-0.47087669372558594,0.2172268033027649,0.25555428862571716,-0.5796340703964233,0.4833182692527771,0.46116480231285095,-0.12520718574523926,0.041399866342544556,0.5322580337524414,-0.4262181222438812,0.027678443118929863,0.43544846773147583,-0.44448113441467285,0.22043517231941223,0.4191884994506836,-0.5407980680465698,0.2999284267425537
24,0.26284435391426086,0.46015670895576477,0.1859649419784546,0.006026371382176876,0.48427915573120117,0.13430649042129517,-0.38699519634246826,0.5244926810264587,0.23296184837818146,-0.441182941198349,0.4272525906562805,0.3048166036605835,-0.49286794662475586,0.9199786186218262,-0.1156202182173729,-0.24044038355350494,0.18952906131744385,0.03581569343805313,-0.27944961190223694,-0.14950776100158691,-0.0938885435461998,-0.3206304907798767,-0.24026961624622345,0.13075880706310272,-0.38346409797668457,-0.4776267409324646,0.28819358348846436,0.0014117604587227106,-0.0019192865584045649,0.0043804519809782505,-0.014984725043177605,-0.27160680294036865,-0.07731610536575317,-0.12403695285320282,-0.36062467098236084,-0.06933415681123734,-0.08245093375444412,-0.5624483823776245,0.19260938465595245,0.22009772062301636,-0.08180725574493408,0.01324349083006382,0.2977652847766876,-0.3202829957008362,-0.03969515860080719,0.1802380084991455,-0.4796447455883026,0.23820658028125763,0.20423302054405212,-0.585608720779419,0.4359357953071594,0.4557482898235321,-0.12567299604415894,0.041341379284858704,0.5383312702178955,-0.4340626001358032,0.04456929862499237,0.4487512707710266,-0.4224744439125061,0.2340121865272522,0.4424302577972412,-0.5565427541732788,0.34230178594589233
25,0.20800915360450745,0.4070022702217102,0.285147100687027,-0.025587573647499084,0.47913721203804016,0.1833725869655609,-0.44772958755493164,0.44425415992736816,0.20227095484733582,-0.42527973651885986,0.4682440161705017,0.2744111120700836,-0.4599081873893738,0.9723185300827026,-0.13014234602451324,-0.23425710201263428,0.17722514271736145,0.0460500568151474,-0.26128342747688293,-0.13817694783210754,-0.1047767847776413,-0.2929985821247101,-0.2020704597234726,0.11333530396223068,-0.389614999294281,-0.3907983601093292,0.13854438066482544,0.0015594366705045104,-0.0020333142019808292,0.0042623113840818405,0.029478441923856735,-0.2912790775299072,-0.09732584655284882,-0.11197824776172638,-0.3361189067363739,-0.09306909143924713,-0.02895059809088707,-0.5661236643791199,0.2665523290634155,0.2254062294960022,-0.0803830474615097,0.013852884992957115,0.2669055759906769,-0.322833776473999,-0.039111778140068054,0.16695450246334076,-0.47346267104148865,0.23789435625076294,0.21874478459358215,-0.5807791948318481,0.48469406366348267,0.4602692127227783,-0.11699375510215759,0.020061302930116653,0.48890531063079834,-0.44922319054603577,0.016306210309267044,0.43976521492004395,-0.4389494061470032,0.23817159235477448,0.4075462818145752,-0.5243769884109497,0.31572186946868896
26,0.22800251841545105,0.36580079793930054,0.31893131136894226,-0.030574122443795204,0.42744171619415283,0.2598605751991272,-0.4552232027053833,0.4364745318889618,0.22637063264846802,-0.45549333095550537,0.49721312522888184,0.2791227698326111,-0.4584175646305084,0.6684631109237671,0.22584395110607147,-0.217261403799057,0.17486588656902313,0.03732401132583618,-0.27771836519241333,-0.15326282382011414,-0.11849930882453918,-0.3005428612232208,-0.21901890635490417,0.10198667645454407,-0.4050446152687073,-0.4276342988014221,0.10003788024187088,0.001542713027447462,-0.0021729115396738052,0.0041579375974833965,0.005287625826895237,-0.25520268082618713,-0.08165740966796875,-0.11626268923282623,-0.364367812871933,-0.07018450647592545,-0.0005332576110959053,-0.5704774260520935,0.34175223112106323,0.21351028978824615,-0.09746219217777252,0.013415977358818054,0.295534610748291,-0.3213210701942444,-0.03433689475059509,0.17749717831611633,-0.46244657039642334,0.23011629283428192,0.23211543262004852,-0.5179969072341919,0.45989564061164856,0.4260619282722473,-0.14966410398483276,0.0264450553804636,0.49419859051704407,-0.4389956593513489,0.026588810607790947,0.4514443874359131,-0.45151078701019287,0.22812360525131226,0.41866886615753174,-0.47726255655288696,0.3777012228965759
27,0.24357271194458008,0.3214759826660156,0.37043309211730957,-0.027979621663689613,0.39136677980422974,0.3098689317703247,-0.4418541193008423,0.47022151947021484,0.15098752081394196,-0.4829019606113434,0.48880964517593384,0.2768899202346802,-0.277870237827301,0.7861987352371216,-0.06042063236236572,-0.2031770944595337,0.1702696681022644,0.03546050190925598,-0.28204259276390076,-0.15434768795967102,-0.13389289379119873,-0.29271209239959717,-0.21347925066947937,0.08576533943414688,-0.44823354482650757,-0.42923134565353394,0.05296894535422325,0.0016131943557411432,-0.0020926103461533785,0.004577786661684513,-0.001806843327358365,-0.24466931819915771,-0.07376562058925629,-0.11184246838092804,-0.3658100366592407,-0.1041499525308609,0.004430876579135656,-0.5799311399459839,0.38924965262413025,0.20685963332653046,-0.11290131509304047,0.018905261531472206,0.29058101773262024,-0.3162922263145447,-0.02936682663857937,0.18065336346626282,-0.4458942711353302,0.225053071975708,0.2343149483203888,-0.4746211767196655,0.40699493885040283,0.4092380404472351,-0.1594676822423935,0.03556593134999275,0.4772196114063263,-0.4248141646385193,0.02447790652513504,0.44978559017181396,-0.4325607419013977,0.19627870619297028,0.4313966631889343,-0.45256978273391724,0.37526649236679077
28,0.23784789443016052,0.323223352432251,0.3827008903026581,-0.02870158851146698,0.4281960427761078,0.3186696171760559,-0.45170676708221436,0.42561858892440796,0.24112442135810852,-0.5052944421768188,0.5492061376571655,0.30789273977279663,-0.20316480100154877,0.9131505489349365,-0.16955704987049103,-0.20308741927146912,0.15473802387714386,0.030453819781541824,-0.28373634815216064,-0.16147619485855103,-0.137058287858963,-0.3011237680912018,-0.21986977756023407,0.04068892449140549,-0.46308982372283936,-0.3741905689239502,0.02014336735010147,0.0016501436475664377,-0.0019688426982611418,0.0048269107937812805,-0.01029334869235754,-0.2412012368440628,-0.06352536380290985,-0.0828302726149559,-0.34504434466362,-0.11759504675865173,0.017931319773197174,-0.5962337255477905,0.43973785638809204,0.19953963160514832,-0.11622684448957443,0.02182643860578537,0.2527432441711426,-0.2985154092311859,-0.04074922204017639,0.18044984340667725,-0.4587898254394531,0.23300310969352722,0.2468133270740509,-0.4860421419143677,0.4179094135761261,0.41464173793792725,-0.145738422870636,0.038974083960056305,0.4780195653438568,-0.424073725938797,0.02673352137207985,0.47408947348594666,-0.39388617873191833,0.20514437556266785,0.4648158550262451,-0.45377519726753235,0.3911837339401245
29,0.2764925956726074,0.36443567276000977,0.34599000215530396,-0.11293522268533707,0.5083460807800293,0.28334856033325195,-0.3964843153953552,0.4621981978416443,0.26673921942710876,-0.5059325695037842,0.36584901809692383,0.3488011956214905,-0.3825678825378418,0.6708073616027832,-0.11131996661424637,-0.2048719823360443,0.12944424152374268,0.033721160143613815,-0.3003719449043274,-0.17957600951194763,-0.0949849784374237,-0.3449981212615967,-0.28619304299354553,0.05625486746430397,-0.4698891341686249,-0.46154433488845825,0.1190265640616417,0.0016898191533982754,-0.0015709821600466967,0.006107106804847717,0.01607716828584671,-0.2931084632873535,-0.05054035782814026,-0.08254557847976685,-0.40070486068725586,-0.04347161203622818,0.0002900613471865654,-0.6400724649429321,0.4455870985984802,0.1968129277229309,-0.09609337151050568,0.01283812616020441,0.23514878749847412,-0.3286442160606384,-0.022908268496394157,0.18848657608032227,-0.4981578290462494,0.23782163858413696,0.24961626529693604,-0.4822537302970886,0.432425320148468,0.4267543852329254,-0.15723559260368347,0.051536787301301956,0.5009282827377319,-0.4280455708503723,0.06005854159593582,0.4717032313346863,-0.40786212682724,0.2353523224592209,0.46316391229629517,-0.4713168144226074,0.43137210607528687
30,0.3343505263328552,0.47135406732559204,0.29947441816329956,-0.07273953408002853,0.5986456871032715,0.27929985523223877,-0.45052316784858704,0.48224547505378723,0.28447338938713074,-0.5249344110488892,0.41634702682495117,0.27404120564460754,-0.5784416198730469,0.5148670673370361,-0.02718283236026764,-0.22220146656036377,0.11901242285966873,0.027196388691663742,-0.3141021132469177,-0.2156769335269928,-0.054567597806453705,-0.39029473066329956,-0.37680262327194214,0.14013776183128357,-0.4754946827888489,-0.5064386129379272,0.20579129457473755,0.0016831993125379086,-0.0014125099405646324,0.006900230422616005,0.004920194391161203,-0.33437031507492065,-0.046730563044548035,-0.06877639889717102,-0.48044729232788086,0.05334620922803879,-0.06715627759695053,-0.678918182849884,0.38499563932418823,0.20098355412483215,-0.08207426965236664,0.014805329963564873,0.24498072266578674,-0.3551855683326721,0.009771304205060005,0.2132672220468521,-0.5253188610076904,0.2568037807941437,0.20042860507965088,-0.5574185848236084,0.475746750831604,0.4474445879459381,-0.13776567578315735,0.07383455336093903,0.5217918157577515,-0.41509610414505005,0.10613644123077393,0.4859316349029541,-0.43830305337905884,0.2668576240539551,0.4689357280731201,-0.5069817304611206,0.4655153453350067
31,0.3006259799003601,0.49173039197921753,0.37614327669143677,-0.006262674927711487,0.5721135139465332,0.34536272287368774,-0.43681126832962036,0.4698643684387207,0.30172842741012573,-0.451984167098999,0.3152378797531128,0.28090786933898926,-0.5744540691375732,0.3280501961708069,0.15885022282600403,-0.2162846475839615,0.1292748749256134,0.03154247999191284,-0.32524967193603516,-0.2238357812166214,-0.04477906972169876,-0.4322046935558319,-0.3815089762210846,0.11381646990776062,-0.36965739727020264,-0.5431360006332397,0.13337647914886475,0.0016932412981987,-0.0012238328345119953,0.006912663578987122,0.031081413850188255,-0.3225809633731842,-0.05997182056307793,-0.0879712924361229,-0.47366032004356384,0.0632827877998352,-0.0987454354763031,-0.5972554683685303,0.2471320480108261,0.20118971168994904,-0.07650843262672424,0.011894680559635162,0.2254563868045807,-0.3297140896320343,-0.008932113647460938,0.209658682346344,-0.5371602773666382,0.2469477653503418,0.21384410560131073,-0.5822737216949463,0.4968784749507904,0.43865662813186646,-0.12680655717849731,0.06902072578668594,0.471085786819458,-0.42504698038101196,0.08378759026527405,0.4714609682559967,-0.4474615454673767,0.23145587742328644,0.472872793674469,-0.5131205320358276,0.37994128465652466
32,0.3185913562774658,0.5433176755905151,0.47794413566589355,-0.05950525403022766,0.6038461923599243,0.3718984127044678,-0.43401068449020386,0.5275461673736572,0.28102099895477295,-0.5174176692962646,0.31886667013168335,0.2780410051345825,-0.6982979774475098,0.3255091905593872,0.10505254566669464,-0.23152956366539001,0.12800684571266174,0.0260897446423769,-0.3199494183063507,-0.25260475277900696,-0.037586092948913574,-0.43243956565856934,-0.44307002425193787,0.15269073843955994,-0.398597776889801,-0.5882713794708252,0.16955304145812988,0.0016778761055320501,-0.001180724473670125,0.007568119093775749,-0.000626981258392334,-0.3575706481933594,-0.04848231002688408,-0.10591831058263779,-0.5438849925994873,0.057739779353141785,-0.10004936158657074,-0.6826046705245972,0.27362000942230225,0.20605075359344482,-0.06339387595653534,0.032718539237976074,0.23626422882080078,-0.3503698408603668,0.014261403121054173,0.20631971955299377,-0.5515339374542236,0.20527353882789612,0.21712979674339294,-0.6209745407104492,0.42419517040252686,0.43150460720062256,-0.1012023314833641,0.10862493515014648,0.49589231610298157,-0.4228406846523285,0.11191107332706451,0.455501914024353,-0.4649280905723572,0.2439219355583191,0.46651387214660645,-0.529296875,0.4346839487552643
33,0.2975873053073883,0.5431638956069946,0.5633163452148438,-0.09479312598705292,0.5979861617088318,0.3972715139389038,-0.4717247486114502,0.5221019387245178,0.3143957257270813,-0.5022620558738708,0.2528940439224243,0.2729080319404602,-0.7669645547866821,0.33589789271354675,0.045344412326812744,-0.24828588962554932,0.1338910311460495,0.030693115666508675,-0.31987687945365906,-0.2604779899120331,-0.040315091609954834,-0.44438326358795166,-0.494192898273468,0.17994338274002075,-0.4731827974319458,-0.6695616245269775,0.2818695902824402,0.001678541535511613,-0.001118548447266221,0.007939435541629791,-0.01415074709802866,-0.37651515007019043,-0.04350148141384125,-0.08017643541097641,-0.5513964295387268,0.06953229755163193,-0.08570805937051773,-0.7291452884674072,0.2765168249607086,0.2113235592842102,-0.06345005333423615,0.036227598786354065,0.24652090668678284,-0.36540985107421875,0.016258683055639267,0.20523984730243683,-0.5432627201080322,0.17664320766925812,0.21138396859169006,-0.6364893317222595,0.31719836592674255,0.4368557929992676,-0.07856947928667068,0.12624402344226837,0.5154504776000977,-0.43804508447647095,0.1291036605834961,0.43554654717445374,-0.512271523475647,0.22677171230316162,0.4475328326225281,-0.5855498313903809,0.4151015281677246
34,0.28089314699172974,0.533470094203949,0.6190283894538879,-0.11587373912334442,0.5854067802429199,0.4171314835548401,-0.4979712963104248,0.5212467312812805,0.3437078595161438,-0.562570333480835,0.28273695707321167,0.26704275608062744,-0.7977062463760376,0.3430275321006775,0.012065371498465538,-0.2584843635559082,0.13558967411518097,0.030221907421946526,-0.32025259733200073,-0.272067666053772,-0.034679532051086426,-0.45581966638565063,-0.5230958461761475,0.2135835438966751,-0.5030153393745422,-0.7172492742538452,0.35582178831100464,0.0016887744423002005,-0.001084436778910458,0.008331913501024246,-0.027699368074536324,-0.3877735733985901,-0.03782259300351143,-0.06878351420164108,-0.5693017244338989,0.07884455472230911,-0.0823875218629837,-0.7604016661643982,0.2619647681713104,0.21532857418060303,-0.057590462267398834,0.046295762062072754,0.25425463914871216,-0.3746227025985718,0.016604453325271606,0.2035447508096695,-0.5547645092010498,0.1544066071510315,0.19703975319862366,-0.661934494972229,0.24704647064208984,0.4402240216732025,-0.06729931384325027,0.14174337685108185,0.5260549187660217,-0.4423852562904358,0.13513115048408508,0.42129555344581604,-0.5341842174530029,0.21266108751296997,0.4372752010822296,-0.6192872524261475,0.40254929661750793
35,0.2769184410572052,0.5341476798057556,0.6504069566726685,-0.12783920764923096,0.5830874443054199,0.41036635637283325,-0.5086187124252319,0.5314911603927612,0.35671231150627136,-0.5186263918876648,0.2229902744293213,0.27779024839401245,-0.7952163219451904,0.31967437267303467,0.15978379547595978,-0.2583913803100586,0.13630864024162292,0.033434316515922546,-0.31895357370376587,-0.2721017599105835,-0.031223203986883163,-0.45591944456100464,-0.5404098629951477,0.22668203711509705,-0.5328401327133179,-0.7362634539604187,0.3856666386127472,0.0017490272875875235,-0.0011033014161512256,0.008593477308750153,-0.03279871866106987,-0.395423948764801,-0.03486417979001999,-0.0899415984749794,-0.5939284563064575,0.02676735259592533,-0.07594984769821167,-0.7683709859848022,0.2464282512664795,0.2156113088130951,-0.057047128677368164,0.04252920299768448,0.2578343451023102,-0.3790116608142853,0.0194239504635334,0.2009761929512024,-0.5501042604446411,0.15232011675834656,0.20352359116077423,-0.6768977642059326,0.24518871307373047,0.4451792240142822,-0.05820351839065552,0.14936023950576782,0.5203254818916321,-0.4493865370750427,0.1565144956111908,0.4094848036766052,-0.5537154674530029,0.20414353907108307,0.4332391619682312,-0.6244242191314697,0.3961368203163147
36,0.28007784485816956,0.5458910465240479,0.6594812870025635,-0.12415120005607605,0.5928013920783997,0.3990172743797302,-0.5100092887878418,0.546411395072937,0.35087379813194275,-0.5037949681282043,0.19402247667312622,0.27004367113113403,-0.802155613899231,0.3278762698173523,0.10057730972766876,-0.260412335395813,0.13504968583583832,0.0328846238553524,-0.319735586643219,-0.2769673466682434,-0.02884296141564846,-0.4558698534965515,-0.5491229891777039,0.22250840067863464,-0.5438547730445862,-0.7546998262405396,0.40545061230659485,0.0017807738622650504,-0.0011023103725165129,0.008832868188619614,-0.03879118710756302,-0.3979420065879822,-0.035836637020111084,-0.10827931761741638,-0.6117159128189087,0.002536316402256489,-0.07119645178318024,-0.7728598117828369,0.2078917920589447,0.21631507575511932,-0.05286630988121033,0.04756246134638786,0.25954586267471313,-0.38674724102020264,0.021118290722370148,0.20327956974506378,-0.5641125440597534,0.14726701378822327,0.2050178050994873,-0.6971313953399658,0.22523659467697144,0.4448792338371277,-0.05414171889424324,0.16332018375396729,0.5305372476577759,-0.4548429846763611,0.15458010137081146,0.40929001569747925,-0.5631891489028931,0.20046664774417877,0.4353705644607544,-0.6366502642631531,0.4038066864013672
37,0.2758898138999939,0.5443969964981079,0.6794498562812805,-0.13110560178756714,0.5863889455795288,0.4028622508049011,-0.5167911052703857,0.5511049032211304,0.3421374559402466,-0.5584613680839539,0.2525392770767212,0.28728049993515015,-0.8127049207687378,0.34625017642974854,0.08379488438367844,-0.2621924877166748,0.13655424118041992,0.030909018591046333,-0.3168966770172119,-0.28042322397232056,-0.027174532413482666,-0.4541838467121124,-0.5481960773468018,0.22808608412742615,-0.5527489185333252,-0.7580592632293701,0.43535828590393066,0.0017904051346704364,-0.0011332295835018158,0.008894634433090687,-0.035048969089984894,-0.40382441878318787,-0.02925211936235428,-0.11566510051488876,-0.6208858489990234,0.006364426109939814,-0.0699000209569931,-0.7736467123031616,0.24375908076763153,0.21504265069961548,-0.050675176084041595,0.05002307519316673,0.26165124773979187,-0.3837195336818695,0.022003542631864548,0.20287910103797913,-0.55922532081604,0.15185712277889252,0.196150541305542,-0.6936873197555542,0.22645212709903717,0.44345623254776,-0.051781341433525085,0.1675664782524109,0.5355904698371887,-0.4523391127586365,0.1562231481075287,0.39803197979927063,-0.5569237470626831,0.20469903945922852,0.4364946484565735,-0.6367965936660767,0.4093250036239624
38,0.2832755744457245,0.5454206466674805,0.7012861967086792,-0.13487625122070312,0.5702040195465088,0.4208486080169678,-0.5156946182250977,0.5386393666267395,0.3452754616737366,-0.6007235050201416,0.2729848027229309,0.2755340039730072,-0.8327695727348328,0.3567187190055847,0.07634087651968002,-0.2641545236110687,0.13589578866958618,0.030261794105172157,-0.3127979040145874,-0.28259068727493286,-0.029551900923252106,-0.4514589011669159,-0.5462435483932495,0.23253819346427917,-0.49504804611206055,-0.721328616142273,0.38512614369392395,0.0017338693141937256,-0.0012331530451774597,0.008546414785087109,-0.035629961639642715,-0.4034706950187683,-0.02686632052063942,-0.12794850766658783,-0.6205258369445801,0.01342245377600193,-0.08137333393096924,-0.7757537364959717,0.2675550580024719,0.21446610987186432,-0.04788409173488617,0.05346890538930893,0.26107361912727356,-0.37966689467430115,0.02461009845137596,0.1992112696170807,-0.5565985441207886,0.1575312614440918,0.18479645252227783,-0.686569333076477,0.23364265263080597,0.4407574534416199,-0.051948487758636475,0.16703040897846222,0.5412949919700623,-0.446713924407959,0.15569350123405457,0.3917772173881531,-0.5465739965438843,0.2077997326850891,0.43272626399993896,-0.6303250789642334,0.41390693187713623
39,0.2877469062805176,0.5474148988723755,0.662122368812561,-0.11694875359535217,0.5873613357543945,0.40423280000686646,-0.509116530418396,0.5319838523864746,0.3451067805290222,-0.6376513838768005,0.3563641309738159,0.23255400359630585,-0.818084716796875,0.3790523111820221,0.012400444597005844,-0.2631617784500122,0.1189483106136322,0.01718633994460106,-0.31960704922676086,-0.28723400831222534,-0.02947089821100235,-0.4428212642669678,-0.5460355877876282,0.22813716530799866,-0.5098476409912109,-0.7351000308990479,0.395811527967453,0.0017775553278625011,-0.001241346588358283,0.008579780347645283,-0.046661220490932465,-0.3981701731681824,-0.02423280104994774,-0.12687720358371735,-0.6291199922561646,0.02942519448697567,-0.08248189836740494,-0.7764941453933716,0.25003236532211304,0.21543599665164948,-0.049408771097660065,0.04688895121216774,0.26620709896087646,-0.38398683071136475,0.027029860764741898,0.20273306965827942,-0.566429853439331,0.1576823741197586,0.2002284824848175,-0.708659291267395,0.24059587717056274,0.4528633952140808,-0.04296734556555748,0.17022007703781128,0.5418164730072021,-0.442962110042572,0.1640751212835312,0.40926235914230347,-0.5466210246086121,0.21905207633972168,0.43405747413635254,-0.634006679058075,0.4163765013217926
40,0.286482036113739,0.5537661910057068,0.6411999464035034,-0.1090811938047409,0.5965344309806824,0.39340078830718994,-0.5059694051742554,0.5335447192192078,0.3471273183822632,-0.6547266840934753,0.4062545895576477,0.21813668310642242,-0.8198028802871704,0.35514935851097107,0.04936667159199715,-0.26158374547958374,0.12600816786289215,0.023666545748710632,-0.3243880271911621,-0.2896459698677063,-0.02796284481883049,-0.4362335205078125,-0.5438461303710938,0.23574203252792358,-0.5232530832290649,-0.7437154650688171,0.40944039821624756,0.0018167441012337804,-0.0012409592745825648,0.008510874584317207,-0.056367069482803345,-0.3930956721305847,-0.022935159504413605,-0.12754778563976288,-0.6357927322387695,0.029872648417949677,-0.08651551604270935,-0.7844634652137756,0.2330346703529358,0.21775588393211365,-0.050805360078811646,0.05335208401083946,0.2688586115837097,-0.38803839683532715,0.02730216272175312,0.2017073929309845,-0.5716792345046997,0.15510399639606476,0.20097455382347107,-0.7255393266677856,0.22876274585723877,0.45558297634124756,-0.04184766113758087,0.18090081214904785,0.544610857963562,-0.4446801245212555,0.17564883828163147,0.4147128164768219,-0.5494105815887451,0.21996502578258514,0.43742048740386963,-0.6308608055114746,0.425060898065567
41,0.2877596616744995,0.5529987812042236,0.6435879468917847,-0.11338351666927338,0.5875972509384155,0.40651512145996094,-0.49973946809768677,0.5277064442634583,0.35938310623168945,-0.6609286069869995,0.42769986391067505,0.21661651134490967,-0.8288730978965759,0.33183765411376953,0.06959754228591919,-0.2611331045627594,0.12857145071029663,0.028401602059602737,-0.32648134231567383,-0.28804588317871094,-0.024951722472906113,-0.43677765130996704,-0.5438798069953918,0.24015173316001892,-0.5431166291236877,-0.7535839676856995,0.42363134026527405,0.0018272863235324621,-0.001231996575370431,0.008455086499452591,-0.0604766309261322,-0.38823336362838745,-0.025303903967142105,-0.12747080624103546,-0.6418795585632324,0.02917308546602726,-0.08893726766109467,-0.7887172698974609,0.2180919200181961,0.21873824298381805,-0.051978256553411484,0.05758608877658844,0.26791179180145264,-0.3876349925994873,0.026483792811632156,0.20098555088043213,-0.5740256309509277,0.1515517234802246,0.20094430446624756,-0.7256173491477966,0.21461325883865356,0.4563230872154236,-0.04488365724682808,0.183557391166687,0.5487174987792969,-0.44412297010421753,0.17647412419319153,0.4162102937698364,-0.5503943562507629,0.21954655647277832,0.4325249493122101,-0.6300369501113892,0.4207841455936432
42,0.28624603152275085,0.5492343306541443,0.6629582047462463,-0.12332146614789963,0.576022744178772,0.42360976338386536,-0.5030730962753296,0.5294027924537659,0.35323482751846313,-0.6734253168106079,0.4305724799633026,0.19620123505592346,-0.832334041595459,0.3298927843570709,0.044868674129247665,-0.26465970277786255,0.12878066301345825,0.029300909489393234,-0.3190986216068268,-0.2901044487953186,-0.02393798902630806,-0.4345141053199768,-0.5371138453483582,0.23586878180503845,-0.48466938734054565,-0.7186810970306396,0.3773267865180969,0.0017254832200706005,-0.0012859432026743889,0.008192908018827438,-0.05255579203367233,-0.3933470845222473,-0.022370439022779465,-0.13736078143119812,-0.6367589235305786,0.032168325036764145,-0.10049118101596832,-0.7851849794387817,0.2475554198026657,0.2163364589214325,-0.05168108642101288,0.056509941816329956,0.2630150318145752,-0.385052889585495,0.026037968695163727,0.19846884906291962,-0.5730111598968506,0.16117355227470398,0.18965837359428406,-0.7238682508468628,0.22785848379135132,0.44763949513435364,-0.043559730052948,0.17477983236312866,0.548509955406189,-0.4312422275543213,0.16367113590240479,0.40661799907684326,-0.5293483734130859,0.22097185254096985,0.43530189990997314,-0.6208242177963257,0.4275670051574707
43,0.28420913219451904,0.5463311076164246,0.684093177318573,-0.13520529866218567,0.5600692629814148,0.43975481390953064,-0.5122780203819275,0.5229606628417969,0.34119540452957153,-0.6812334656715393,0.4346255660057068,0.1799974888563156,-0.841022253036499,0.31693023443222046,0.03907652571797371,-0.26625242829322815,0.11186123639345169,0.009922357276082039,-0.3114481568336487,-0.28851011395454407,-0.030192000791430473,-0.43831151723861694,-0.5194197297096252,0.24522991478443146,-0.445636510848999,-0.6914454698562622,0.3524540364742279,0.0016628229059278965,-0.0013390029780566692,0.007886715233325958,-0.044587135314941406,-0.3930622339248657,-0.024782497435808182,-0.14284121990203857,-0.6232017278671265,0.03310659900307655,-0.107628732919693,-0.7746670246124268,0.2720291316509247,0.21423432230949402,-0.051192767918109894,0.056089676916599274,0.2607027292251587,-0.3761202096939087,0.023835768923163414,0.19589877128601074,-0.5723116397857666,0.16164961457252502,0.17564740777015686,-0.7033966779708862,0.22806662321090698,0.44093722105026245,-0.04500861465930939,0.170151025056839,0.5507456064224243,-0.42526012659072876,0.15590287744998932,0.4270637333393097,-0.5424566268920898,0.2572886347770691,0.43214696645736694,-0.6088995933532715,0.4295123815536499
44,0.28445133566856384,0.5345020890235901,0.7030315399169922,-0.14631636440753937,0.5350090265274048,0.46034038066864014,-0.5269191265106201,0.5227570533752441,0.3373998999595642,-0.6820666790008545,0.4363834857940674,0.16445405781269073,-0.8495453596115112,0.3172551393508911,0.025471437722444534,-0.2673313021659851,0.12057334184646606,0.019762473180890083,-0.3066752254962921,-0.29046499729156494,-0.035406485199928284,-0.44114625453948975,-0.5077190399169922,0.2555882930755615,-0.4242774248123169,-0.6846899390220642,0.3522457778453827,0.0016557900235056877,-0.0013410546816885471,0.007867139764130116,-0.03565184399485588,-0.39763766527175903,-0.02269168384373188,-0.1427123099565506,-0.6154530048370361,0.029963470995426178,-0.10941171646118164,-0.7711373567581177,0.29984337091445923,0.21403703093528748,-0.05253665894269943,0.054865650832653046,0.26034727692604065,-0.37080830335617065,0.022861789911985397,0.19603580236434937,-0.5645022988319397,0.16794779896736145,0.17257802188396454,-0.6901313066482544,0.23335933685302734,0.4390634298324585,-0.051479339599609375,0.16705438494682312,0.5493752360343933,-0.42616137862205505,0.15273350477218628,0.4371093511581421,-0.5480732917785645,0.278864324092865,0.4319658875465393,-0.6112223863601685,0.42466452717781067
45,0.278840035200119,0.5254810452461243,0.7070403099060059,-0.15898966789245605,0.5370487570762634,0.4663865864276886,-0.5354820489883423,0.5175425410270691,0.33231663703918457,-0.6836884617805481,0.43451231718063354,0.16263681650161743,-0.8454885482788086,0.30945348739624023,0.04969734698534012,-0.26933759450912476,0.10845733433961868,0.005325739271938801,-0.30494415760040283,-0.28733015060424805,-0.03511275351047516,-0.44022202491760254,-0.5003633499145508,0.26157689094543457,-0.40551626682281494,-0.6762136220932007,0.3468833565711975,0.001656081760302186,-0.0013400968164205551,0.007947253063321114,-0.034303292632102966,-0.39927786588668823,-0.022967591881752014,-0.140064537525177,-0.6137580275535583,0.0364493690431118,-0.11312893778085709,-0.7670832872390747,0.31783127784729004,0.21378323435783386,-0.05283181741833687,0.05477862060070038,0.25949376821517944,-0.364263117313385,0.024020759388804436,0.19610600173473358,-0.5577207803726196,0.16993793845176697,0.16929903626441956,-0.6790650486946106,0.23764804005622864,0.43440383672714233,-0.05728309229016304,0.1655932515859604,0.5464577674865723,-0.42788803577423096,0.1540975421667099,0.42456114292144775,-0.5128711462020874,0.2735034227371216,0.42982327938079834,-0.6136949062347412,0.4237409234046936
46,0.2761474847793579,0.5177922248840332,0.6991944313049316,-0.1639895737171173,0.5446376800537109,0.46494877338409424,-0.5329156517982483,0.5241953730583191,0.3303678631782532,-0.6787903308868408,0.4511714577674866,0.1615375280380249,-0.8263564109802246,0.31706467270851135,0.03290828689932823,-0.26674261689186096,0.11995592713356018,0.017689121887087822,-0.3035444915294647,-0.27865511178970337,-0.0303981751203537,-0.44673609733581543,-0.49329301714897156,0.26660895347595215,-0.4596998691558838,-0.6920374631881714,0.42865145206451416,0.0016992771998047829,-0.0013020802289247513,0.008238273672759533,-0.025901447981595993,-0.4052248001098633,-0.0201350636780262,-0.12591883540153503,-0.6058344841003418,0.029685363173484802,-0.10337178409099579,-0.7704105377197266,0.33583584427833557,0.21380478143692017,-0.056100159883499146,0.05304625630378723,0.26023900508880615,-0.3634147047996521,0.02787952683866024,0.19920745491981506,-0.5439452528953552,0.1815611869096756,0.19405043125152588,-0.6643508672714233,0.276733934879303,0.4383167326450348,-0.06277933716773987,0.1648089587688446,0.5517020225524902,-0.43476659059524536,0.15859049558639526,0.4230079650878906,-0.49550533294677734,0.2709575295448303,0.43701833486557007,-0.6141989231109619,0.4182417094707489
47,0.29088619351387024,0.5092331171035767,0.6679891347885132,-0.1690378338098526,0.5920121669769287,0.42792946100234985,-0.5041066408157349,0.5085179209709167,0.37529700994491577,-0.6123826503753662,0.3809479773044586,0.19913941621780396,-0.8307656049728394,0.3611236810684204,0.006825050339102745,-0.26534736156463623,0.12901467084884644,0.03148984909057617,-0.31343531608581543,-0.26387375593185425,-0.029514512047171593,-0.4606332778930664,-0.4911014437675476,0.23549185693264008,-0.5020397901535034,-0.6878602504730225,0.4137343764305115,0.0016926625976338983,-0.001184229739010334,0.008440244011580944,-0.020436935126781464,-0.40574729442596436,-0.031366247683763504,-0.13210400938987732,-0.6010971069335938,0.07886065542697906,-0.0797126442193985,-0.7273250818252563,0.35038265585899353,0.21524003148078918,-0.06336664408445358,0.04722083359956741,0.26904988288879395,-0.361030638217926,0.036293089389801025,0.20218700170516968,-0.5368382930755615,0.1954367458820343,0.23774999380111694,-0.6553894281387329,0.34954577684402466,0.443379282951355,-0.06709852814674377,0.15585727989673615,0.5415962934494019,-0.4380356967449188,0.16963063180446625,0.43768060207366943,-0.5006424188613892,0.280927449464798,0.43669426441192627,-0.6090842485427856,0.4143310785293579
48,0.3025345802307129,0.512645959854126,0.6492080688476562,-0.15622767806053162,0.5879982113838196,0.4454745948314667,-0.4905734956264496,0.502822995185852,0.39136797189712524,-0.5817519426345825,0.3462313413619995,0.21789856255054474,-0.8556638956069946,0.3925444483757019,0.0033727295231074095,-0.2662328779697418,0.13234758377075195,0.03757813945412636,-0.324047327041626,-0.2639288306236267,-0.027386939153075218,-0.4692167043685913,-0.4936639070510864,0.21679647266864777,-0.48233115673065186,-0.6946209669113159,0.3983299434185028,0.0017018283251672983,-0.0011070335749536753,0.008616162464022636,-0.019760657101869583,-0.4078742265701294,-0.03750377148389816,-0.11078093945980072,-0.5925028920173645,0.06378090381622314,-0.07402557134628296,-0.7111846208572388,0.352342426776886,0.21619713306427002,-0.0658816546201706,0.046356216073036194,0.2726666033267975,-0.36273717880249023,0.0409390963613987,0.20174548029899597,-0.5372841954231262,0.19835811853408813,0.2632318139076233,-0.6594586372375488,0.37278828024864197,0.4423280954360962,-0.06627596169710159,0.152973473072052,0.5383152961730957,-0.44338715076446533,0.17416825890541077,0.44357144832611084,-0.5019447803497314,0.28357595205307007,0.4516843557357788,-0.5742477178573608,0.4442005753517151
49,0.2955470681190491,0.5097835063934326,0.6511741876602173,-0.15028154850006104,0.5866841077804565,0.44326579570770264,-0.4623177945613861,0.5156404972076416,0.3515024185180664,-0.5403978824615479,0.27033448219299316,0.26123669743537903,-0.8327475786209106,0.40050435066223145,-0.009577583521604538,-0.265853613615036,0.1339671015739441,0.03700536489486694,-0.32087063789367676,-0.25915753841400146,-0.027954185381531715,-0.4710434079170227,-0.4976627826690674,0.22888559103012085,-0.5128788352012634,-0.6981450319290161,0.4286922812461853,0.0017066935542970896,-0.001100019784644246,0.00870316568762064,-0.015743359923362732,-0.4099764823913574,-0.03662101924419403,-0.09564090520143509,-0.5875002145767212,0.04483947157859802,-0.07090217620134354,-0.6915727853775024,0.35664764046669006,0.21308213472366333,-0.0669325515627861,0.04573316127061844,0.26477935910224915,-0.35824358463287354,0.03739078342914581,0.19553813338279724,-0.526458740234375,0.19455668330192566,0.2569667100906372,-0.6544417142868042,0.3668041229248047,0.44478750228881836,-0.06624692678451538,0.1537000834941864,0.5261569619178772,-0.44412657618522644,0.17735670506954193,0.4407657980918884,-0.49580857157707214,0.2813166379928589,0.43901997804641724,-0.5901397466659546,0.41304725408554077
50,0.30108076333999634,0.5464507937431335,0.6736644506454468,-0.15592120587825775,0.5730361342430115,0.44797831773757935,-0.4866177439689636,0.5173806548118591,0.35086947679519653,-0.5273616909980774,0.30420762300491333,0.21581515669822693,-0.8193633556365967,0.3733476400375366,-0.005202419124543667,-0.26481419801712036,0.11309949308633804,0.013296064920723438,-0.31984299421310425,-0.26516544818878174,-0.0326835922896862,-0.46295785903930664,-0.5252671241760254,0.23463496565818787,-0.5198014378547668,-0.7054870128631592,0.4589969515800476,0.0017141478601843119,-0.0011148616904392838,0.008744839578866959,-0.02571970224380493,-0.4092332124710083,-0.03407905623316765,-0.10961014032363892,-0.6031970977783203,0.037468355149030685,-0.08483602106571198,-0.7334491014480591,0.35052618384361267,0.21205756068229675,-0.06390184164047241,0.04799205809831619,0.26247599720954895,-0.3602176308631897,0.034239619970321655,0.1973833441734314,-0.5373837947845459,0.18770214915275574,0.23706018924713135,-0.6535934209823608,0.33260899782180786,0.44332534074783325,-0.062315523624420166,0.16139818727970123,0.5267813205718994,-0.44843804836273193,0.18229657411575317,0.4337412118911743,-0.4917118549346924,0.2754462957382202,0.44177818298339844,-0.6048556566238403,0.4056015610694885
51,0.29358983039855957,0.5344092845916748,0.6739280223846436,-0.16472512483596802,0.5654999017715454,0.4559537172317505,-0.5220422744750977,0.521716833114624,0.3154803514480591,-0.5278315544128418,0.341215580701828,0.18437513709068298,-0.8277943134307861,0.3954111337661743,-0.020278727635741234,-0.2645935118198395,0.12339390814304352,0.022055793553590775,-0.31779801845550537,-0.26298588514328003,-0.040836233645677567,-0.45437419414520264,-0.4976649880409241,0.22825926542282104,-0.5031445026397705,-0.7042419910430908,0.4241648018360138,0.00170397968031466,-0.0011369665153324604,0.008691949769854546,-0.002177078276872635,-0.4211207628250122,-0.02460533194243908,-0.13639482855796814,-0.6112734079360962,0.09016520529985428,-0.08117508888244629,-0.7172333002090454,0.35619276762008667,0.21060341596603394,-0.06310857832431793,0.04982123523950577,0.2655504047870636,-0.3580225706100464,0.04027087986469269,0.20502059161663055,-0.5207707285881042,0.20153319835662842,0.2532132565975189,-0.651701033115387,0.3907706141471863,0.4356256127357483,-0.07950518280267715,0.16791857779026031,0.5192866325378418,-0.45548832416534424,0.19122838973999023,0.4212779402732849,-0.4922873377799988,0.27544403076171875,0.44773441553115845,-0.5733642578125,0.438655287027359
52,0.29658618569374084,0.5355097651481628,0.6702847480773926,-0.16778498888015747,0.5634849071502686,0.4675396680831909,-0.5412611961364746,0.531424343585968,0.3059370517730713,-0.6036689281463623,0.3829827904701233,0.18663451075553894,-0.8636302947998047,0.39542534947395325,-0.019909696653485298,-0.2678067684173584,0.12891733646392822,0.026700807735323906,-0.32326000928878784,-0.26744750142097473,-0.03694596141576767,-0.44998329877853394,-0.49549156427383423,0.2323911190032959,-0.4962156414985657,-0.71714186668396,0.4005594253540039,0.0017042786348611116,-0.0011611415538936853,0.008670050650835037,-0.010122972540557384,-0.41990238428115845,-0.025164004415273666,-0.1435295045375824,-0.6162274479866028,0.11576244235038757,-0.08536627888679504,-0.748187780380249,0.36123043298721313,0.20858973264694214,-0.05843508243560791,0.050765302032232285,0.2664080858230591,-0.3612326383590698,0.04118449240922928,0.20624884963035583,-0.527270495891571,0.20256367325782776,0.2526283860206604,-0.6597620248794556,0.4055205285549164,0.434043288230896,-0.08617822825908661,0.16452881693840027,0.5249693393707275,-0.4509962797164917,0.17243406176567078,0.4171920716762543,-0.49593961238861084,0.26873087882995605,0.4550827145576477,-0.5624767541885376,0.472101628780365
53,0.2917015552520752,0.5392069816589355,0.6978405714035034,-0.15018443763256073,0.5768570899963379,0.4419166147708893,-0.5168318748474121,0.5212883949279785,0.3417065143585205,-0.5709865093231201,0.3430982530117035,0.20033162832260132,-0.8414832353591919,0.37952911853790283,-0.0034648501314222813,-0.26520276069641113,0.13295871019363403,0.03685583174228668,-0.32561349868774414,-0.26260408759117126,-0.03470565378665924,-0.4448709487915039,-0.5055437684059143,0.20301389694213867,-0.5236247777938843,-0.7126373052597046,0.40166813135147095,0.001683987327851355,-0.0010923565132543445,0.008607069030404091,-0.017724569886922836,-0.4166250228881836,-0.03151696175336838,-0.14024844765663147,-0.618876576423645,0.1297939419746399,-0.06900863349437714,-0.7347027063369751,0.3487997055053711,0.21264389157295227,-0.06093547120690346,0.04768485575914383,0.27278846502304077,-0.36348217725753784,0.043149255216121674,0.20766004920005798,-0.5267285108566284,0.20547908544540405,0.27625513076782227,-0.6566389203071594,0.40048158168792725,0.4404186010360718,-0.07406938076019287,0.15598244965076447,0.5322895646095276,-0.4514704942703247,0.17493289709091187,0.4399121403694153,-0.5076106786727905,0.27747851610183716,0.4607142210006714,-0.5842766761779785,0.4401034712791443
54,0.28444913029670715,0.5296207666397095,0.6922354698181152,-0.15051373839378357,0.5725284814834595,0.4515969753265381,-0.5067743062973022,0.5132511854171753,0.3510212302207947,-0.6134012937545776,0.38482752442359924,0.20864379405975342,-0.8443092107772827,0.3459758162498474,-0.004746718797832727,-0.2631351947784424,0.13073286414146423,0.03498627245426178,-0.3199988603591919,-0.2640123963356018,-0.04366050660610199,-0.44685274362564087,-0.5060521364212036,0.21475127339363098,-0.46191030740737915,-0.6872910261154175,0.33757174015045166,0.0016919977497309446,-0.0011797682382166386,0.008469917811453342,-0.027403883635997772,-0.4048730731010437,-0.032610852271318436,-0.13116908073425293,-0.6244184374809265,0.09461347758769989,-0.08577648550271988,-0.7197757959365845,0.3253666162490845,0.20796814560890198,-0.05565524846315384,0.04565202444791794,0.2652745842933655,-0.36554017663002014,0.041738368570804596,0.19617077708244324,-0.5342122912406921,0.1800605207681656,0.2498473972082138,-0.6553580164909363,0.34411516785621643,0.4362117052078247,-0.05559467896819115,0.15793202817440033,0.5479045510292053,-0.4488254487514496,0.1925923228263855,0.4366043508052826,-0.5167436003684998,0.2944813370704651,0.4282575249671936,-0.5813576579093933,0.43348532915115356
55,0.13009001314640045,0.4320068955421448,0.4134634733200073,-0.15459772944450378,0.5305048823356628,0.3025020658969879,-0.528153121471405,0.4966016411781311,0.16658882796764374,-0.6706815958023071,0.3099163770675659,0.07997407019138336,-0.9192315340042114,0.20029740035533905,-0.13106027245521545,-0.24105022847652435,0.09294050931930542,-0.014554683119058609,-0.2514370083808899,-0.28428611159324646,-0.12852738797664642,-0.42735737562179565,-0.5393950939178467,0.02377418428659439,-0.41301387548446655,-0.6478277444839478,0.09621355682611465,0.0013830311363562942,-0.001196796540170908,0.007457104045897722,-0.06476183235645294,-0.3514821529388428,-0.03306042030453682,-0.22078362107276917,-0.5615946054458618,0.1039968878030777,-0.2206830084323883,-0.7228802442550659,0.19221727550029755,0.1751437485218048,-0.07576330006122589,0.08260142058134079,0.16794148087501526,-0.3399162292480469,0.03977978974580765,0.0398758128285408,-0.5007611513137817,0.18806056678295135,0.01959126442670822,-0.6065993309020996,0.34818875789642334,0.3607087731361389,-0.0299117062240839,0.2627650797367096,0.41767919063568115,-0.33036696910858154,0.3428012430667877,0.3385661244392395,-0.4070467948913574,0.4073064625263214,0.3146030604839325,-0.5494442582130432,0.41000282764434814
56,0.1240798756480217,0.3130677342414856,0.5901930332183838,-0.10500678420066833,0.35638368129730225,0.45380979776382446,-0.5563202500343323,0.3865163326263428,0.13490186631679535,-0.6272433996200562,0.18145263195037842,-0.06370997428894043,-0.6267766952514648,0.24853923916816711,-0.27269870042800903,-0.18609943985939026,0.10095663368701935,-0.03554345667362213,-0.21500425040721893,-0.30375906825065613,-0.18722081184387207,-0.38074779510498047,-0.5440692901611328,-0.025749601423740387,-0.1948070228099823,-0.45781639218330383,0.06185166537761688,0.0013668406754732132,-0.0015815114602446556,0.0060383230447769165,-0.05914946645498276,-0.3061619699001312,-0.04610080644488335,-0.20193129777908325,-0.5463935136795044,0.11987875401973724,-0.2670133113861084,-0.6780746579170227,0.19765213131904602,0.17569409310817719,-0.08316349238157272,0.11218217015266418,0.1483597755432129,-0.3003060817718506,0.05230715870857239,0.008356750942766666,-0.4527592062950134,0.22115205228328705,-0.07367143779993057,-0.585978627204895,0.3905976414680481,0.3323032855987549,-0.03297208994626999,0.2908202111721039,0.2726024091243744,-0.3386886715888977,0.3293212056159973,0.20798613131046295,-0.40487539768218994,0.4153282344341278,0.16714949905872345,-0.49644020199775696,0.4298386573791504
57,0.123599112033844,0.3849692940711975,0.42530566453933716,0.025907892733812332,0.34674540162086487,0.15580809116363525,-0.32962262630462646,0.4284980595111847,-0.1440398246049881,-0.4262661337852478,-0.07117795199155807,-0.3114388883113861,-0.4411829710006714,-0.09634369611740112,-0.4698198437690735,-0.13203714787960052,0.04171518608927727,-0.09056773781776428,-0.16468657553195953,-0.2625804543495178,-0.22846002876758575,-0.32909804582595825,-0.5052394866943359,-0.13280263543128967,-0.2858935594558716,-0.5378797054290771,-0.11182510852813721,0.001016140915453434,-0.0010139313526451588,0.005654136650264263,-0.042386461049318314,-0.2756687104701996,-0.019544731825590134,-0.12279578298330307,-0.40471822023391724,0.023738712072372437,-0.07472408562898636,-0.48078054189682007,0.2057770937681198,0.11916697770357132,-0.01519501768052578,0.10936751216650009,0.08907438069581985,-0.2556341588497162,0.1265457570552826,-0.16225257515907288,-0.408677875995636,0.2000192403793335,-0.28247806429862976,-0.49619758129119873,0.3470274806022644,0.22068986296653748,0.05176845192909241,0.2616196870803833,0.11271145939826965,-0.25396668910980225,0.3521064519882202,0.1425265222787857,-0.15456514060497284,0.3020216226577759,-0.13507017493247986,-0.5236152410507202,0.46702831983566284
58,-0.038169749081134796,0.33219823241233826,0.4646261930465698,0.012567676603794098,0.3946717381477356,-0.1913897693157196,-0.11125878244638443,0.2581298053264618,-0.5495896339416504,-0.29296576976776123,-0.1643761396408081,-0.7006480097770691,-0.34461709856987,-0.19177432358264923,-0.8794336318969727,-0.07268429547548294,-0.004873327910900116,-0.16706249117851257,-0.09194374084472656,-0.26821208000183105,-0.27622902393341064,-0.32140958309173584,-0.4963134527206421,-0.27736514806747437,-0.4269173741340637,-0.7541438341140747,-0.702056348323822,0.0011754233855754137,-0.001608596183359623,0.0056107668206095695,-0.1107490286231041,-0.30594366788864136,0.024523815140128136,-0.3077043890953064,-0.43309056758880615,-0.015907377004623413,-0.32969969511032104,-0.5061765313148499,0.2514059841632843,0.042194902896881104,0.028566578403115273,0.1438906192779541,-0.06013572961091995,-0.1945553570985794,0.22768494486808777,-0.34640035033226013,-0.27282974123954773,0.2433813214302063,-0.31166356801986694,-0.12025216221809387,0.27784788608551025,0.0991489440202713,0.16795594990253448,0.2834073305130005,-0.021022111177444458,-0.06356106698513031,0.3551747798919678,-0.15246838331222534,0.001943632960319519,0.37990885972976685,-0.3684055805206299,-0.32044610381126404,0.45977362990379333
59,-0.001447448506951332,0.5328442454338074,0.38652944564819336,0.2076190710067749,0.27880987524986267,-0.28652700781822205,0.15076392889022827,0.021899841725826263,-0.5986186861991882,-0.026917830109596252,-0.42502260208129883,-0.7433716654777527,-0.0031343400478363037,-0.4694736897945404,-1.029902458190918,0.042491696774959564,-0.08141086250543594,-0.13504695892333984,-0.03936485946178436,-0.3686748743057251,-0.17510034143924713,-0.23309913277626038,-0.6974140405654907,-0.18005383014678955,-0.34850627183914185,-0.8813676238059998,-0.4332248866558075,0.0008480673423036933,-0.0013396709691733122,0.002592800185084343,-0.17784592509269714,-0.3070135712623596,0.05173207446932793,-0.43354374170303345,-0.5209085941314697,-0.03490648418664932,-0.546890139579773,-0.6653648614883423,0.06274743378162384,0.024534733965992928,0.09714798629283905,0.11272913217544556,-0.15735751390457153,-0.1417243927717209,0.15859463810920715,-0.5161838531494141,-0.28151726722717285,0.16692312061786652,-0.6292741298675537,-0.31144943833351135,0.22772559523582458,0.03724053502082825,0.2208080142736435,0.1738220453262329,-0.2648336589336395,0.010317962616682053,0.2500883936882019,-0.42146989703178406,-0.026653293520212173,0.23756541311740875,-0.6465489268302917,-0.3119524419307709,0.13153770565986633
60,0.14036481082439423,0.6443219184875488,0.419456422328949,0.34781405329704285,0.26154306530952454,-0.1978045254945755,0.34297364950180054,-0.029023990035057068,-0.5431510806083679,0.17043842375278473,-0.42237329483032227,-0.6349098682403564,0.14660266041755676,-0.5154131054878235,-1.0130544900894165,0.1062738373875618,-0.09372778236865997,-0.09969928860664368,0.03565748408436775,-0.4302636981010437,-0.13506962358951569,-0.10830453038215637,-0.7169947028160095,-0.12745875120162964,-0.26985859870910645,-0.8204323649406433,-0.15795676410198212,0.000677624368108809,-0.0011749278055503964,0.0011633260874077678,-0.17498907446861267,-0.2931673526763916,0.04670022428035736,-0.4040350019931793,-0.5444416403770447,-0.03221423923969269,-0.5444247126579285,-0.7469879388809204,0.057897720485925674,-0.021374892443418503,0.09096763283014297,0.06526677310466766,-0.2090143859386444,-0.0862097293138504,0.10097912698984146,-0.5496252179145813,-0.2705015540122986,0.08810239285230637,-0.6739571690559387,-0.4099460244178772,0.13893640041351318,-0.0985722467303276,0.23913642764091492,0.06736051291227341,-0.40418899059295654,-4.731258377432823e-05,0.12317968904972076,-0.5244911909103394,-0.12714551389217377,0.0711931586265564,-0.6889628171920776,-0.31344568729400635,-0.02352701872587204
61,0.217771977186203,0.7142443656921387,0.40971505641937256,0.3798225224018097,0.2864722013473511,-0.15467330813407898,0.45925652980804443,-0.06059757620096207,-0.4554281532764435,0.31971269845962524,-0.4119812846183777,-0.582451581954956,0.3182034492492676,-0.470878541469574,-0.9885943531990051,0.13746409118175507,-0.09151285886764526,-0.07165975868701935,0.09170734882354736,-0.4505128264427185,-0.1074259877204895,-0.05041515454649925,-0.7458566427230835,-0.08514479547739029,-0.15799926221370697,-0.8763951063156128,-0.04281298816204071,0.0006603955407626927,-0.0013013852294534445,-0.00048194651026278734,-0.16820845007896423,-0.30335211753845215,0.04132844880223274,-0.3926105499267578,-0.5732229948043823,-0.024490930140018463,-0.5330955982208252,-0.8265889286994934,0.06580443680286407,-0.059732962399721146,0.09152562916278839,0.02811138890683651,-0.2512657940387726,-0.0700494796037674,0.05345207825303078,-0.5842917561531067,-0.3088756203651428,0.05859293043613434,-0.6994731426239014,-0.43982887268066406,0.0995548740029335,-0.17209775745868683,0.26315462589263916,-0.0032529011368751526,-0.4618109166622162,-0.02427932620048523,0.006571438163518906,-0.5821207761764526,-0.18795329332351685,-0.03856615349650383,-0.731012225151062,-0.3571588397026062,-0.14485207200050354
62,0.2752879858016968,0.6688828468322754,0.3989643454551697,0.4007444381713867,0.2863073945045471,-0.08280424773693085,0.516208827495575,-0.05971034616231918,-0.4459115266799927,0.3982616662979126,-0.41045665740966797,-0.5516890287399292,0.4350772500038147,-0.4545057415962219,-1.052924394607544,0.1514178216457367,-0.11204425990581512,-0.042657624930143356,0.11312924325466156,-0.4541330933570862,-0.08237282186746597,-0.003856714814901352,-0.737931489944458,-0.07273578643798828,-0.10464324057102203,-0.8851410150527954,0.05001496523618698,0.0005533912917599082,-0.0013207653537392616,-0.001213415409438312,-0.16159924864768982,-0.3007505238056183,0.037884168326854706,-0.3809119760990143,-0.5719926953315735,-0.02295633777976036,-0.541144847869873,-0.8493422269821167,0.05939524620771408,-0.07824879884719849,0.0960790291428566,0.007482622750103474,-0.2628267705440521,-0.055008888244628906,0.025782138109207153,-0.5929363965988159,-0.3078310489654541,0.0265515074133873,-0.7050968408584595,-0.46838611364364624,0.06805815547704697,-0.23057179152965546,0.2651463449001312,-0.025898540392518044,-0.4855350852012634,-0.01452360674738884,-0.039679303765296936,-0.6050403118133545,-0.1988646388053894,-0.07673314958810806,-0.7406437993049622,-0.3619914650917053,-0.22200211882591248
63,0.29813843965530396,0.6424338221549988,0.39725780487060547,0.40134721994400024,0.2904297113418579,-0.031479448080062866,0.5433896780014038,-0.06447212398052216,-0.4358294904232025,0.4450729787349701,-0.4133087396621704,-0.5230617523193359,0.502905547618866,-0.4477948546409607,-1.030267357826233,0.15836715698242188,-0.11900369822978973,-0.02374592423439026,0.11604868620634079,-0.4581552743911743,-0.06356941163539886,0.019297340884804726,-0.7309269905090332,-0.06574531644582748,-0.08029518276453018,-0.8761214017868042,0.11332951486110687,0.00047278287820518017,-0.00129520776681602,-0.0015900781145319343,-0.15592718124389648,-0.29972946643829346,0.04606464505195618,-0.3701326251029968,-0.5617204904556274,-0.008568216115236282,-0.525336503982544,-0.8415027260780334,0.057587891817092896,-0.08321778476238251,0.09972184896469116,-0.0043750181794166565,-0.27307114005088806,-0.04672600328922272,0.009327073581516743,-0.5993527770042419,-0.30914199352264404,0.01386809628456831,-0.7262942790985107,-0.4966016113758087,0.024410367012023926,-0.22995859384536743,0.29264140129089355,-0.044026829302310944,-0.49731072783470154,-0.013921421021223068,-0.07637563347816467,-0.6252627968788147,-0.21177706122398376,-0.10234537720680237,-0.7171752452850342,-0.38609498739242554,-0.23644213378429413
64,0.31272202730178833,0.6348363161087036,0.3960835635662079,0.41101139783859253,0.29519906640052795,-0.011550385504961014,0.5649359226226807,-0.09072311222553253,-0.3756251931190491,0.4691171944141388,-0.41387611627578735,-0.5019517540931702,0.4953020215034485,-0.4306092858314514,-0.9553989171981812,0.1596953570842743,-0.12264814972877502,-0.00782482698559761,0.12351014465093613,-0.46630269289016724,-0.05346328765153885,0.03225715458393097,-0.7222278118133545,-0.06132187694311142,-0.05485165864229202,-0.8584362268447876,0.14490550756454468,0.00045491030323319137,-0.0012598989997059107,-0.00178287154994905,-0.1501110941171646,-0.30302152037620544,0.05121975764632225,-0.36222219467163086,-0.5567530393600464,-0.0004638032987713814,-0.5240468978881836,-0.8388128280639648,0.053932107985019684,-0.0891459733247757,0.09957976639270782,-0.014331985265016556,-0.28231194615364075,-0.042967766523361206,0.016646593809127808,-0.6030746698379517,-0.31441012024879456,0.00046699773520231247,-0.7364014983177185,-0.5183612704277039,-0.007847716100513935,-0.24945852160453796,0.2794143855571747,-0.05393650755286217,-0.49926865100860596,-0.020146731287240982,-0.10304046422243118,-0.6268295049667358,-0.22199925780296326,-0.11899542063474655,-0.6960750818252563,-0.401172935962677,-0.24319767951965332
65,0.31221842765808105,0.67095947265625,0.3829580843448639,0.4027373492717743,0.29183509945869446,-0.0072647701017558575,0.5822133421897888,-0.09639669954776764,-0.3812478184700012,0.4797363877296448,-0.4116365313529968,-0.48047804832458496,0.5350384712219238,-0.42639440298080444,-0.9676381945610046,0.16890224814414978,-0.10844562202692032,-0.026235999539494514,0.11826682835817337,-0.46913576126098633,-0.04317339509725571,0.036361243575811386,-0.719434916973114,-0.04730960726737976,-0.05061206966638565,-0.8431482315063477,0.17664866149425507,0.0004363472107797861,-0.0012923157773911953,-0.0020788945257663727,-0.15319883823394775,-0.2996349334716797,0.05149570479989052,-0.36075830459594727,-0.5506870746612549,0.003994688391685486,-0.5222855806350708,-0.814690351486206,0.05524909496307373,-0.09891293942928314,0.10249055922031403,-0.02079765498638153,-0.29570746421813965,-0.037539511919021606,0.01705707423388958,-0.6055424213409424,-0.30889222025871277,-0.013281161896884441,-0.7377099990844727,-0.5215082168579102,-0.033989857882261276,-0.25259482860565186,0.2798391580581665,-0.05509340018033981,-0.5087755918502808,-0.015125812962651253,-0.12294381856918335,-0.6337218284606934,-0.21986186504364014,-0.1360919326543808,-0.7127505540847778,-0.3840169608592987,-0.28411242365837097
66,0.32525762915611267,0.6920633316040039,0.37672919034957886,0.416404128074646,0.29159611463546753,0.004144162870943546,0.6051809191703796,-0.09153139591217041,-0.3856978416442871,0.4883028566837311,-0.4090091586112976,-0.4897925555706024,0.5494625568389893,-0.4484649896621704,-0.9856603145599365,0.17272035777568817,-0.09775108098983765,-0.03674336522817612,0.11938455700874329,-0.4673582911491394,-0.03478511422872543,0.0312703475356102,-0.7023301124572754,-0.0138094462454319,-0.046587325632572174,-0.8315092921257019,0.21141932904720306,0.00044434628216549754,-0.0013287558685988188,-0.0022478194441646338,-0.14810192584991455,-0.2922484278678894,0.054822295904159546,-0.35755524039268494,-0.5464531183242798,0.013616697862744331,-0.525214433670044,-0.7880726456642151,0.07808047533035278,-0.10217732191085815,0.10040679574012756,-0.023586252704262733,-0.3069359064102173,-0.03502597287297249,0.0153682054951787,-0.6087425947189331,-0.3040046691894531,-0.018546923995018005,-0.7430944442749023,-0.5199896693229675,-0.032673586159944534,-0.25218403339385986,0.2727912664413452,-0.048234134912490845,-0.5136523246765137,-0.009531764313578606,-0.1310790479183197,-0.6381210684776306,-0.21057890355587006,-0.14684897661209106,-0.724673867225647,-0.3598514199256897,-0.297496497631073
67,0.3251565098762512,0.6777480840682983,0.4076123833656311,0.407184362411499,0.2882017493247986,0.0089640524238348,0.6140106916427612,-0.10214754939079285,-0.40037840604782104,0.4891555905342102,-0.4113105237483978,-0.5729563236236572,0.5317740440368652,-0.3930482864379883,-0.9987666606903076,0.17730766534805298,-0.09141670912504196,-0.04394784942269325,0.11828908324241638,-0.4794849753379822,-0.02921312302350998,0.02432948350906372,-0.69721519947052,-0.018194423988461494,-0.07403499633073807,-0.8423678874969482,0.2298920452594757,0.0005005737184546888,-0.0013140630908310413,-0.0024977587163448334,-0.1505747139453888,-0.2951909005641937,0.02600140869617462,-0.37293654680252075,-0.5438225865364075,0.008553477004170418,-0.5360195636749268,-0.7764992117881775,0.030356621369719505,-0.10338819772005081,0.09853605180978775,-0.009816695936024189,-0.3254533112049103,-0.052460815757513046,-0.01014968566596508,-0.6096949577331543,-0.300722599029541,-0.04250313714146614,-0.7384328842163086,-0.5138384699821472,-0.07693459838628769,-0.23974600434303284,0.3056648075580597,-0.06553582102060318,-0.529165506362915,-0.0016598724760115147,-0.10730847716331482,-0.6388833522796631,-0.20618432760238647,-0.17598369717597961,-0.6822162866592407,-0.25872743129730225,-0.3099267780780792
68,0.3246099054813385,0.6691218614578247,0.39334219694137573,0.39882731437683105,0.2914808392524719,-0.0018465477041900158,0.6118331551551819,-0.10845009237527847,-0.40607893466949463,0.5059217214584351,-0.407640278339386,-0.6003730297088623,0.5043103694915771,-0.3642176389694214,-0.9720026254653931,0.18022754788398743,-0.08932286500930786,-0.04833533614873886,0.11693182587623596,-0.48411691188812256,-0.02185557596385479,0.023211248219013214,-0.6943686008453369,-0.024451032280921936,-0.09823557734489441,-0.8514763116836548,0.2285204529762268,0.0005053523927927017,-0.0012176858726888895,-0.002507689641788602,-0.1494865119457245,-0.2954706847667694,0.009965070523321629,-0.3862454295158386,-0.5438231229782104,0.0048743803054094315,-0.560760498046875,-0.7662054896354675,0.024159159511327744,-0.10077584534883499,0.09688778966665268,-0.0019900519400835037,-0.3283092975616455,-0.05395234376192093,-0.016828935593366623,-0.6082855463027954,-0.30041831731796265,-0.06024416536092758,-0.7384724020957947,-0.5059837102890015,-0.07899483293294907,-0.22737310826778412,0.32136762142181396,-0.06663806736469269,-0.5384264588356018,0.005450395867228508,-0.0876850038766861,-0.6367719173431396,-0.19768983125686646,-0.17744237184524536,-0.655412495136261,-0.19948136806488037,-0.31148475408554077
69,0.33028683066368103,0.6578437685966492,0.4090527296066284,0.42279553413391113,0.25721222162246704,-0.040170010179281235,0.6290057897567749,-0.12286954373121262,-0.39828425645828247,0.5109789371490479,-0.4071637988090515,-0.615021824836731,0.5180455446243286,-0.38555705547332764,-0.9527302980422974,0.17721273005008698,-0.09127621352672577,-0.053201206028461456,0.10679047554731369,-0.48811376094818115,-0.023671288043260574,0.004594798199832439,-0.6937227249145508,-0.024983566254377365,-0.12064998596906662,-0.8607556819915771,0.23593571782112122,0.0005255182040855289,-0.0011939400574192405,-0.0025490163825452328,-0.1579635590314865,-0.2980911135673523,0.006906342692673206,-0.3970668911933899,-0.5405992269515991,-0.0016965577378869057,-0.579927921295166,-0.7924219369888306,0.029556896537542343,-0.10933191329240799,0.10246677696704865,-0.01322128064930439,-0.3345530033111572,-0.06006652116775513,-0.023342352360486984,-0.616865873336792,-0.2997187376022339,-0.06623370945453644,-0.7481292486190796,-0.5059077739715576,-0.08579319715499878,-0.21248182654380798,0.3370097875595093,-0.06706953048706055,-0.5373659133911133,0.012290805578231812,-0.0847303718328476,-0.63987135887146,-0.21728388965129852,-0.19510327279567719,-0.6457598209381104,-0.17260175943374634,-0.3121691942214966
70,0.32846611738204956,0.6373401880264282,0.44063612818717957,0.4331989288330078,0.23540975153446198,-0.040359437465667725,0.634526252746582,-0.13879750669002533,-0.40780943632125854,0.50694739818573,-0.40588048100471497,-0.6240217089653015,0.5030232667922974,-0.37840089201927185,-0.996488094329834,0.17706771194934845,-0.0939813032746315,-0.05758436769247055,0.10596908628940582,-0.4890838861465454,-0.030838992446660995,-0.0024571199901401997,-0.687492311000824,-0.030300509184598923,-0.13079890608787537,-0.8628973364830017,0.2406313121318817,0.000551514676772058,-0.0011256263824179769,-0.0025375303812325,-0.16288182139396667,-0.3000417947769165,0.010318450629711151,-0.4054200053215027,-0.5408740043640137,0.005157854873687029,-0.5759085416793823,-0.7833240032196045,0.029686307534575462,-0.11131735891103745,0.10412970185279846,-0.01892610639333725,-0.33992689847946167,-0.05912459269165993,-0.026781855151057243,-0.6267077922821045,-0.29544422030448914,-0.059906862676143646,-0.7544808387756348,-0.5062018632888794,-0.08519044518470764,-0.19692964851856232,0.34131449460983276,-0.06154056638479233,-0.5386011004447937,0.016050994396209717,-0.08370991051197052,-0.6353093981742859,-0.2213120460510254,-0.20467057824134827,-0.6311649680137634,-0.15270191431045532,-0.3143666386604309
71,0.33203524351119995,0.6306202411651611,0.4474233090877533,0.4355846047401428,0.21864984929561615,-0.04262666404247284,0.6314630508422852,-0.14349153637886047,-0.4113311171531677,0.5036120414733887,-0.40374642610549927,-0.6418925523757935,0.5044549703598022,-0.37209218740463257,-1.0105066299438477,0.1769387125968933,-0.09459347277879715,-0.05944383144378662,0.104988232254982,-0.49106189608573914,-0.033803343772888184,-0.0035606753081083298,-0.6877299547195435,-0.028074482455849648,-0.1325293630361557,-0.8636668920516968,0.23523613810539246,0.0005682208575308323,-0.0011027052532881498,-0.0025393711403012276,-0.165338397026062,-0.3008405864238739,0.01411319151520729,-0.4096694886684418,-0.5420348048210144,0.010326729156076908,-0.573615550994873,-0.7825254797935486,0.025279942899942398,-0.11194008588790894,0.10654709488153458,-0.0227188840508461,-0.3430407643318176,-0.05800863355398178,-0.027719372883439064,-0.6324985027313232,-0.29116037487983704,-0.0579848475754261,-0.7564476728439331,-0.5060151815414429,-0.08114442229270935,-0.1927846372127533,0.3480702340602875,-0.06240057945251465,-0.5374923944473267,0.020047437399625778,-0.08513444662094116,-0.6323888301849365,-0.22874736785888672,-0.20936140418052673,-0.6310392618179321,-0.1420566290616989,-0.31671297550201416
72,0.3193524479866028,0.6047265529632568,0.4729309678077698,0.42487043142318726,0.20887207984924316,-0.0591549351811409,0.6355127096176147,-0.14905568957328796,-0.39147114753723145,0.4781297445297241,-0.44307637214660645,-0.6213077902793884,0.5316482782363892,-0.39942115545272827,-0.9763408303260803,0.1786702275276184,-0.0976860523223877,-0.05500756949186325,0.10871431231498718,-0.49154913425445557,-0.040866732597351074,-0.001718553714454174,-0.6898313164710999,-0.02286435104906559,-0.1311815083026886,-0.865564227104187,0.24732515215873718,0.0006054620025679469,-0.0011377830523997545,-0.0027865502052009106,-0.1649606078863144,-0.30996841192245483,0.004135194234549999,-0.40426263213157654,-0.5376858711242676,0.007519311737269163,-0.5885162949562073,-0.7999254465103149,0.025902939960360527,-0.11564292013645172,0.1052313968539238,-0.024545565247535706,-0.3463972806930542,-0.052996762096881866,0.0024923495948314667,-0.6296284794807434,-0.29550623893737793,-0.06755081564188004,-0.7561416029930115,-0.5057663321495056,-0.10190342366695404,-0.18653635680675507,0.3522200584411621,-0.06323038041591644,-0.5380695462226868,0.019992917776107788,-0.08944490551948547,-0.6399028301239014,-0.21150314807891846,-0.17867884039878845,-0.6770263314247131,-0.21342644095420837,-0.334496408700943
73,0.31224870681762695,0.6021949052810669,0.4774389863014221,0.4238300323486328,0.20995108783245087,-0.006579728797078133,0.6421228647232056,-0.1531350314617157,-0.37825238704681396,0.46302342414855957,-0.47575926780700684,-0.6092597246170044,0.5455888509750366,-0.4304737448692322,-1.001515507698059,0.17989790439605713,-0.09906481951475143,-0.05392235517501831,0.11309682577848434,-0.4856562614440918,-0.04489871859550476,-0.002408740809187293,-0.6859257817268372,-0.02506410703063011,-0.13508883118629456,-0.8702089786529541,0.25369131565093994,0.0006214418681338429,-0.0011486058356240392,-0.0027612450066953897,-0.16605183482170105,-0.31507569551467896,-0.0032914963085204363,-0.4028574526309967,-0.5359596014022827,0.011520467698574066,-0.5957084894180298,-0.8013527393341064,0.034871336072683334,-0.11664474010467529,0.10340957343578339,-0.025892890989780426,-0.34459149837493896,-0.046452783048152924,0.016703227534890175,-0.6238258481025696,-0.29715126752853394,-0.07177876681089401,-0.7683675289154053,-0.5042124390602112,-0.10652679204940796,-0.18346670269966125,0.3515072166919708,-0.06796585023403168,-0.5405427813529968,0.016818817704916,-0.09248077124357224,-0.6430220603942871,-0.19982852041721344,-0.16038891673088074,-0.7000706791877747,-0.2526189982891083,-0.34446531534194946
74,0.3125615417957306,0.5933631658554077,0.4879348874092102,0.41964611411094666,0.21392613649368286,0.025323426350951195,0.6449559926986694,-0.1550646424293518,-0.3688202500343323,0.46817320585250854,-0.44758397340774536,-0.6219035387039185,0.5567477941513062,-0.453644722700119,-0.9992978572845459,0.18074318766593933,-0.10056018829345703,-0.05275571346282959,0.1136258989572525,-0.48275476694107056,-0.04948554188013077,0.00036224513314664364,-0.6849780082702637,-0.028294939547777176,-0.13296908140182495,-0.864749550819397,0.2551300525665283,0.0006402768194675446,-0.0011709565296769142,-0.002839605789631605,-0.16582390666007996,-0.31934139132499695,-0.005288723856210709,-0.3978853225708008,-0.5356252193450928,0.01479954831302166,-0.5932203531265259,-0.807032585144043,0.03433915227651596,-0.11593000590801239,0.10366494208574295,-0.02687568962574005,-0.34365320205688477,-0.046206872910261154,0.024965733289718628,-0.6192871928215027,-0.29929453134536743,-0.07639244198799133,-0.7609126567840576,-0.503482460975647,-0.11218376457691193,-0.20322532951831818,0.32059556245803833,-0.04092428833246231,-0.5361658930778503,0.017047792673110962,-0.09884434938430786,-0.642602801322937,-0.19181013107299805,-0.15170176327228546,-0.7138655185699463,-0.276813268661499,-0.34941673278808594
75,0.32699570059776306,0.6237683296203613,0.4674699008464813,0.4151121973991394,0.22497187554836273,0.04451792314648628,0.608668863773346,-0.12697964906692505,-0.41717636585235596,0.46847987174987793,-0.4271199703216553,-0.6061023473739624,0.5803251266479492,-0.4689805507659912,-0.9905723929405212,0.18342161178588867,-0.10252545773983002,-0.052564896643161774,0.11384990811347961,-0.4880024492740631,-0.04259705916047096,-0.005184394307434559,-0.6890295147895813,-0.03259357437491417,-0.12750735878944397,-0.8720929622650146,0.2570273280143738,0.0006479190196841955,-0.0011135993991047144,-0.002575716469436884,-0.16623708605766296,-0.32325273752212524,-0.006155420560389757,-0.39874857664108276,-0.5436025857925415,0.017460335046052933,-0.595300555229187,-0.8210533857345581,0.03907051682472229,-0.11715453863143921,0.10364220291376114,-0.028763696551322937,-0.3448793292045593,-0.04489075765013695,0.030750978738069534,-0.6247431039810181,-0.3000199496746063,-0.07386447489261627,-0.7616230249404907,-0.5088304281234741,-0.11288443207740784,-0.21236063539981842,0.30656933784484863,-0.028484225273132324,-0.5393950939178467,0.017594072967767715,-0.10054340958595276,-0.6428821086883545,-0.18934790790081024,-0.15233606100082397,-0.7310453653335571,-0.2870568037033081,-0.358256071805954
76,0.34624773263931274,0.6627885699272156,0.4471510052680969,0.41400301456451416,0.2178039252758026,0.023677784949541092,0.5834524631500244,-0.10527285933494568,-0.45307427644729614,0.47720035910606384,-0.41500067710876465,-0.5732041597366333,0.5557896494865417,-0.4707803428173065,-0.9827439785003662,0.18623721599578857,-0.10865411162376404,-0.05405961349606514,0.11628632247447968,-0.48467063903808594,-0.043905243277549744,-0.00432104105129838,-0.699421763420105,-0.03698314353823662,-0.1318928599357605,-0.8760799765586853,0.2541947364807129,0.0005307656829245389,-0.0011136236134916544,-0.0023427624255418777,-0.17182987928390503,-0.3251733183860779,-0.009895332157611847,-0.3997322916984558,-0.547399640083313,0.012584084644913673,-0.585006833076477,-0.7978425025939941,0.0364561565220356,-0.1148148775100708,0.10567262768745422,-0.025477681308984756,-0.3408464193344116,-0.04242218658328056,0.03024910017848015,-0.6268748044967651,-0.2971210777759552,-0.07325607538223267,-0.7674053907394409,-0.5133662223815918,-0.12123379856348038,-0.2248060256242752,0.3003138303756714,-0.02616649679839611,-0.5446649193763733,0.016337107867002487,-0.09419526159763336,-0.6477489471435547,-0.18623194098472595,-0.1473279893398285,-0.7454451322555542,-0.29009053111076355,-0.3547476530075073
77,0.3587533235549927,0.7000887393951416,0.4252631962299347,0.4097619652748108,0.2391691952943802,0.012706942856311798,0.5743513703346252,-0.09667474776506424,-0.4682089388370514,0.5062721967697144,-0.4056759476661682,-0.521354079246521,0.5477409362792969,-0.48046350479125977,-0.8863006234169006,0.18919867277145386,-0.10329698771238327,-0.05519692599773407,0.1161823496222496,-0.478121817111969,-0.04535137116909027,-0.004376907832920551,-0.7035592198371887,-0.031480345875024796,-0.12570840120315552,-0.8772948384284973,0.23168061673641205,0.0004349879454821348,-0.0010672137141227722,-0.0021836096420884132,-0.17079007625579834,-0.30956730246543884,0.023043479770421982,-0.39891642332077026,-0.5504517555236816,-0.0004659518599510193,-0.5645815134048462,-0.776445746421814,0.01666010543704033,-0.11245828866958618,0.10722139477729797,-0.02149328589439392,-0.3384432792663574,-0.039736513048410416,0.024678636342287064,-0.6246720552444458,-0.3003028631210327,-0.08751280605792999,-0.7680771946907043,-0.5123282670974731,-0.13165828585624695,-0.23022449016571045,0.29630619287490845,-0.025798961520195007,-0.5417510271072388,0.020105130970478058,-0.09412649273872375,-0.6501163840293884,-0.18336185812950134,-0.16540783643722534,-0.7394282817840576,-0.29839327931404114,-0.3464640974998474
78,0.34724998474121094,0.7102826833724976,0.358070433139801,0.40041208267211914,0.2536564767360687,0.01243506371974945,0.5612056255340576,-0.08784756064414978,-0.4747588336467743,0.4763127565383911,-0.4243411719799042,-0.5157291293144226,0.5202780961990356,-0.46915560960769653,-0.859320878982544,0.18586376309394836,-0.10032344609498978,-0.05635422468185425,0.1169334203004837,-0.48092716932296753,-0.04091474413871765,0.01691451668739319,-0.7083487510681152,-0.01706676185131073,-0.11992219090461731,-0.8758714199066162,0.19360268115997314,0.000388996209949255,-0.0010073869489133358,-0.001946695614606142,-0.16715160012245178,-0.29884424805641174,0.04319637641310692,-0.3974382281303406,-0.5476328134536743,-0.010617976076900959,-0.5490537881851196,-0.7758323550224304,0.013859141618013382,-0.1110445111989975,0.10933210700750351,-0.017760710790753365,-0.3131887912750244,-0.02317550592124462,0.003896252252161503,-0.6233946084976196,-0.29833710193634033,-0.09074543416500092,-0.765978217124939,-0.5082128047943115,-0.1342480480670929,-0.23207047581672668,0.29815202951431274,-0.02264115959405899,-0.5366426706314087,0.025998273864388466,-0.08516037464141846,-0.6454031467437744,-0.17731255292892456,-0.17304137349128723,-0.7327718734741211,-0.29676175117492676,-0.3394041657447815
79,0.3597598671913147,0.727805495262146,0.37729954719543457,0.38958707451820374,0.25985443592071533,0.012090824544429779,0.5794702768325806,-0.09896723926067352,-0.4402911067008972,0.4943808913230896,-0.4149441719055176,-0.530975341796875,0.37344735860824585,-0.42136895656585693,-1.0411310195922852,0.18533188104629517,-0.09817130118608475,-0.05624859035015106,0.11785243451595306,-0.4783821403980255,-0.04085077345371246,0.017360998317599297,-0.708495020866394,-0.001680639572441578,-0.13228529691696167,-0.8764359951019287,0.19975930452346802,0.00034564005909487605,-0.0010392689146101475,-0.002055953722447157,-0.16784609854221344,-0.2905070185661316,0.053256645798683167,-0.4032112658023834,-0.5443199872970581,-0.007539783138781786,-0.5417467355728149,-0.7757463455200195,0.009960410185158253,-0.11220642924308777,0.1124160960316658,-0.01690308190882206,-0.30500733852386475,-0.013843988999724388,-0.0026523368433117867,-0.6265357136726379,-0.2967399060726166,-0.09442755579948425,-0.7674392461776733,-0.5014185905456543,-0.14539696276187897,-0.24057412147521973,0.30138063430786133,-0.023372996598482132,-0.5411893129348755,0.025587167590856552,-0.08134964108467102,-0.6495436429977417,-0.17905810475349426,-0.16554969549179077,-0.7378027439117432,-0.2996866703033447,-0.3513352870941162
80,0.340279757976532,0.7141951322555542,0.33668792247772217,0.38474956154823303,0.26255568861961365,0.010237595997750759,0.5991957187652588,-0.12032759934663773,-0.4237671494483948,0.5118005275726318,-0.3960530757904053,-0.535240888595581,0.2804625332355499,-0.39345037937164307,-1.0814142227172852,0.18579857051372528,-0.09945540130138397,-0.05455648899078369,0.11702197790145874,-0.4783443510532379,-0.04480680078268051,0.01849149540066719,-0.7126317024230957,-0.00038220250280573964,-0.1406976580619812,-0.8661162853240967,0.18694685399532318,0.00043354122317396104,-0.0012139069149270654,-0.0015879346756264567,-0.16842110455036163,-0.28673356771469116,0.06400331854820251,-0.40562695264816284,-0.5447739958763123,-0.00959616620093584,-0.5286769866943359,-0.7741778492927551,0.0006984644569456577,-0.11394977569580078,0.1137784868478775,-0.017437072470784187,-0.3020792007446289,-0.011854803189635277,-0.00779300881549716,-0.6260064840316772,-0.29914265871047974,-0.10200737416744232,-0.7655125856399536,-0.49496614933013916,-0.1640443503856659,-0.2455221712589264,0.3016788959503174,-0.025861874222755432,-0.5382330417633057,0.029331309720873833,-0.0792413204908371,-0.6495330333709717,-0.18212388455867767,-0.1620674729347229,-0.7395305633544922,-0.2997589707374573,-0.3585556149482727
81,0.3246329426765442,0.7119221687316895,0.2956957519054413,0.37758955359458923,0.27178755402565,-0.0012668101117014885,0.5811367034912109,-0.0982370525598526,-0.4754716157913208,0.5217314958572388,-0.39050716161727905,-0.5526332855224609,0.2515704929828644,-0.39406147599220276,-1.1456446647644043,0.18518289923667908,-0.10020174086093903,-0.05486196279525757,0.121724434196949,-0.4800090491771698,-0.043808989226818085,0.024605799466371536,-0.7216360569000244,-0.0017721797339618206,-0.1379508078098297,-0.8770982623100281,0.17374390363693237,0.0003663203970063478,-0.0011079583782702684,-0.0017963217105716467,-0.1673341691493988,-0.2857995629310608,0.06729590892791748,-0.4083709716796875,-0.5452154278755188,-0.010675309225916862,-0.5255556106567383,-0.7811236381530762,0.008247540332376957,-0.11719252914190292,0.11444969475269318,-0.01777483895421028,-0.29879528284072876,-0.011299191042780876,-0.010851036757230759,-0.6289063096046448,-0.2967643737792969,-0.10221680998802185,-0.7675380110740662,-0.49271127581596375,-0.16260182857513428,-0.2524980306625366,0.3008337616920471,-0.02671319991350174,-0.5410974025726318,0.028894871473312378,-0.07893751561641693,-0.6542083024978638,-0.18398958444595337,-0.15872439742088318,-0.7437877655029297,-0.29428720474243164,-0.3649021089076996
82,0.3155243992805481,0.7116050720214844,0.27870476245880127,0.3739777207374573,0.2752228379249573,-0.0072392369620501995,0.5727378129959106,-0.09065917879343033,-0.494318425655365,0.4689059257507324,-0.40792739391326904,-0.5481528043746948,0.2620190978050232,-0.4359244108200073,-1.1531617641448975,0.18428117036819458,-0.11004894971847534,-0.0527036115527153,0.11658582091331482,-0.47778183221817017,-0.04302410036325455,0.01175674144178629,-0.7204223871231079,-0.010169744491577148,-0.13770441710948944,-0.8849631547927856,0.1571393609046936,0.0003236103511881083,-0.0010062730871140957,-0.0018650144338607788,-0.16663789749145508,-0.2869172692298889,0.0684344694018364,-0.40499308705329895,-0.54191654920578,-0.016950663179159164,-0.52264404296875,-0.7790212035179138,0.02330883778631687,-0.11736813187599182,0.11491206288337708,-0.016418874263763428,-0.3190983235836029,-0.026164334267377853,0.002112945541739464,-0.6284422874450684,-0.2973148226737976,-0.10215810686349869,-0.7674407958984375,-0.4894625246524811,-0.1499604731798172,-0.24949857592582703,0.3001108467578888,-0.02380729839205742,-0.5367440581321716,0.028756804764270782,-0.08376230299472809,-0.6553876996040344,-0.186008483171463,-0.159822016954422,-0.7379740476608276,-0.2824459671974182,-0.3553975820541382
83,0.3325960040092468,0.683078408241272,0.37436074018478394,0.361777126789093,0.2530258297920227,0.03216884285211563,0.5746902227401733,-0.12219221889972687,-0.4617156982421875,0.4275255501270294,-0.4345930218696594,-0.6041013598442078,0.24597316980361938,-0.437488317489624,-1.018416166305542,0.18641161918640137,-0.10769970715045929,-0.05602026730775833,0.10422195494174957,-0.4769848585128784,-0.052669983357191086,-0.00014251191169023514,-0.7035452723503113,-0.026867767795920372,-0.15165182948112488,-0.8976571559906006,0.17327937483787537,0.00043734951759688556,-0.0009431767975911498,-0.002020052634179592,-0.16391076147556305,-0.29917871952056885,0.033214911818504333,-0.4047028422355652,-0.5403279066085815,-0.007043825928121805,-0.5375204682350159,-0.769352912902832,0.02942870929837227,-0.10785003006458282,0.11217993497848511,-0.014372698031365871,-0.3281518518924713,-0.028317589312791824,-0.0076209139078855515,-0.6345393657684326,-0.2868739366531372,-0.08888185769319534,-0.7914777994155884,-0.495402067899704,-0.10627448558807373,-0.2439696192741394,0.3040638566017151,-0.017624646425247192,-0.5323880910873413,0.0404692217707634,-0.06444686651229858,-0.6467828154563904,-0.16282802820205688,-0.14624962210655212,-0.7303863763809204,-0.3403617739677429,-0.32721254229545593
84,0.3486979603767395,0.69840407371521,0.3939305543899536,0.36991238594055176,0.2712615430355072,-0.016697630286216736,0.5476279258728027,-0.08629845827817917,-0.47308194637298584,0.3878103494644165,-0.4353417158126831,-0.6075630784034729,0.28655970096588135,-0.43589746952056885,-1.0419411659240723,0.18600556254386902,-0.10877452790737152,-0.0588473342359066,0.09820340573787689,-0.4735890030860901,-0.06188998743891716,-0.00992023479193449,-0.7071629762649536,-0.03215106204152107,-0.1663970798254013,-0.8789432048797607,0.1623523235321045,0.00045705068623647094,-0.0010135198244825006,-0.001151692820712924,-0.15967652201652527,-0.3068734109401703,0.015729879960417747,-0.4106496572494507,-0.5300084352493286,-0.01804264821112156,-0.5455633401870728,-0.7614630460739136,0.03600224480032921,-0.11004723608493805,0.11234930157661438,-0.010471010580658913,-0.34259703755378723,-0.03683144226670265,-0.01460631936788559,-0.6281665563583374,-0.27881893515586853,-0.0966537594795227,-0.7966650724411011,-0.4823041558265686,-0.13036668300628662,-0.24313387274742126,0.3078192472457886,-0.016702711582183838,-0.5406492352485657,0.03965739160776138,-0.05306629836559296,-0.6496191024780273,-0.15582406520843506,-0.14443320035934448,-0.7059015035629272,-0.37256067991256714,-0.33198410272598267
85,0.33603155612945557,0.7161532640457153,0.29690325260162354,0.36864954233169556,0.29015469551086426,-0.024230200797319412,0.5581916570663452,-0.11037331074476242,-0.4895287752151489,0.3884994387626648,-0.4401499629020691,-0.5936009883880615,0.2394251525402069,-0.4527948498725891,-1.0148650407791138,0.18606027960777283,-0.11346393823623657,-0.06545700132846832,0.0876745879650116,-0.48766541481018066,-0.06408362090587616,-0.006776599213480949,-0.7231394648551941,-0.028449270874261856,-0.16414141654968262,-0.8939211964607239,0.11695396155118942,0.00037893024273216724,-0.0008684549247846007,-0.0013649625470861793,-0.16572584211826324,-0.29300010204315186,0.04037294536828995,-0.4145578145980835,-0.524504542350769,-0.026810988783836365,-0.5389740467071533,-0.7717978954315186,0.03410898149013519,-0.11648730933666229,0.11343693733215332,-0.00881719309836626,-0.35060736536979675,-0.0377722829580307,0.005998866632580757,-0.6234580874443054,-0.2718932330608368,-0.09802770614624023,-0.7860220074653625,-0.4762786626815796,-0.1452970802783966,-0.24568669497966766,0.30925822257995605,-0.02091320976614952,-0.5435991883277893,0.04140137881040573,-0.0517553985118866,-0.6612074375152588,-0.15969082713127136,-0.15077850222587585,-0.7316042184829712,-0.30961424112319946,-0.3235031068325043
86,0.3266572952270508,0.7135144472122192,0.2745234966278076,0.35460564494132996,0.28916606307029724,-0.0008629290387034416,0.5699083805084229,-0.13810895383358002,-0.4988429546356201,0.38093000650405884,-0.4361937344074249,-0.6275672912597656,0.22887660562992096,-0.36524778604507446,-1.0196266174316406,0.18851518630981445,-0.11654786765575409,-0.06822862476110458,0.07901646196842194,-0.4933803379535675,-0.06925606727600098,-0.014397144317626953,-0.7437905073165894,-0.035447634756565094,-0.1700996458530426,-0.8985381722450256,0.10317789018154144,0.00038510814192704856,-0.0009471141383983195,-0.0008462602272629738,-0.15770921111106873,-0.29237332940101624,0.02381013333797455,-0.412253737449646,-0.531714141368866,-0.031978752464056015,-0.5228177309036255,-0.778264045715332,0.045122720301151276,-0.11825934052467346,0.11252567172050476,-0.012670719996094704,-0.3489137887954712,-0.040915243327617645,-0.003601939883083105,-0.6247352361679077,-0.26539626717567444,-0.09138724952936172,-0.7790557146072388,-0.47365236282348633,-0.1448250710964203,-0.24678322672843933,0.31300944089889526,-0.026138991117477417,-0.5444095134735107,0.04789910465478897,-0.05663956701755524,-0.6645952463150024,-0.15474745631217957,-0.1489986926317215,-0.7483618259429932,-0.27199727296829224,-0.3078877031803131
87,0.3061038851737976,0.7194282412528992,0.2900301218032837,0.4172157645225525,0.287617564201355,-0.04696255549788475,0.5667381882667542,-0.15501287579536438,-0.4947793781757355,0.38972538709640503,-0.4166354537010193,-0.5918663144111633,0.22979459166526794,-0.19738300144672394,-1.0571856498718262,0.18620698153972626,-0.13394223153591156,-0.05269429460167885,0.08825422078371048,-0.517038106918335,-0.08645488321781158,0.013886074535548687,-0.7071222066879272,-0.04969445988535881,-0.23475900292396545,-0.7368320226669312,0.09130491316318512,0.0004699866403825581,-0.0012298737419769168,-0.0014782961225137115,-0.17324994504451752,-0.30439096689224243,0.01883477345108986,-0.4246411919593811,-0.5665255188941956,-0.08949138969182968,-0.4802277684211731,-0.7620817422866821,-0.024347776547074318,-0.11467085033655167,0.11756446957588196,-0.013038089498877525,-0.32635191082954407,-0.031519852578639984,-0.01937706582248211,-0.6467534899711609,-0.28732040524482727,-0.07909773290157318,-0.7911208868026733,-0.4547654986381531,-0.18892548978328705,-0.23008283972740173,0.33581793308258057,-0.03206043690443039,-0.540428876876831,0.037365205585956573,-0.09485507011413574,-0.6776660680770874,-0.16431674361228943,-0.17996519804000854,-0.7964382171630859,-0.27571532130241394,-0.3250500559806824
88,0.3002040684223175,0.7132142782211304,0.29732125997543335,0.4466187059879303,0.29452019929885864,-0.05882265046238899,0.566806435585022,-0.16334137320518494,-0.49222898483276367,0.40968164801597595,-0.41239288449287415,-0.5675618648529053,0.14360350370407104,-0.13133233785629272,-1.0984078645706177,0.18994487822055817,-0.13828334212303162,-0.046522945165634155,0.0900111049413681,-0.5233843922615051,-0.09443844854831696,0.03302233666181564,-0.6815735697746277,-0.060138605535030365,-0.234038844704628,-0.7361966371536255,0.15185938775539398,0.0004998027579858899,-0.0012309739831835032,-0.001551490742713213,-0.17283445596694946,-0.30672192573547363,0.014009440317749977,-0.4196886718273163,-0.5668684244155884,-0.09209339320659637,-0.46222877502441406,-0.7594438195228577,-0.0456971749663353,-0.11241666972637177,0.11877797544002533,-0.012034980580210686,-0.3072579801082611,-0.030001187697052956,-0.02854650653898716,-0.6547927260398865,-0.29929447174072266,-0.06908036768436432,-0.8137730360031128,-0.4681445062160492,-0.20023100078105927,-0.22082698345184326,0.34816980361938477,-0.034626662731170654,-0.5358594655990601,0.032910771667957306,-0.10175725817680359,-0.6761298179626465,-0.17477865517139435,-0.18938148021697998,-0.7959698438644409,-0.2789607048034668,-0.32584500312805176
89,0.32146090269088745,0.7478930950164795,0.2915205955505371,0.46516162157058716,0.29530614614486694,-0.0661817193031311,0.5685997009277344,-0.1741327941417694,-0.49429553747177124,0.4089198112487793,-0.3989226222038269,-0.5396389365196228,0.15286219120025635,-0.06821665167808533,-1.1188689470291138,0.18905538320541382,-0.14338214695453644,-0.04051691293716431,0.09316793084144592,-0.5311545729637146,-0.09585262835025787,0.03694475442171097,-0.6771191358566284,-0.05925595760345459,-0.2587703466415405,-0.6926091909408569,0.1529477834701538,0.0005134741659276187,-0.0013438458554446697,-0.0018054626416414976,-0.18196354806423187,-0.3098868131637573,0.01171289011836052,-0.4230290949344635,-0.5722891092300415,-0.09798884391784668,-0.4591418504714966,-0.760780930519104,-0.0719560831785202,-0.1125800758600235,0.12396276742219925,-0.013890257105231285,-0.30220964550971985,-0.023996930569410324,-0.03753143548965454,-0.6620288491249084,-0.30292630195617676,-0.07340624928474426,-0.8205165863037109,-0.46270161867141724,-0.21364335715770721,-0.21332064270973206,0.35579460859298706,-0.03660055249929428,-0.5300700664520264,0.0324518196284771,-0.12216638028621674,-0.6785558462142944,-0.17870919406414032,-0.20120464265346527,-0.8060110807418823,-0.28916049003601074,-0.35174456238746643
90,0.3321770131587982,0.7631716728210449,0.26472562551498413,0.4599003791809082,0.2797771096229553,-0.08988044410943985,0.5420141816139221,-0.193291574716568,-0.48061496019363403,0.3859955072402954,-0.40090805292129517,-0.5580896139144897,0.16694340109825134,-0.0890941172838211,-1.0809680223464966,0.18362846970558167,-0.14866173267364502,-0.038318537175655365,0.09261444211006165,-0.5305163264274597,-0.08679427206516266,0.008904125541448593,-0.7285976409912109,-0.038426510989665985,-0.22009819746017456,-0.7920774221420288,0.11366163194179535,0.0005508501781150699,-0.0014080812688916922,-0.0017290200339630246,-0.18273350596427917,-0.30383574962615967,0.02872033230960369,-0.42678797245025635,-0.5846387147903442,-0.10390080511569977,-0.4782075881958008,-0.7770712375640869,-0.02642787992954254,-0.11005611717700958,0.12093134224414825,-0.012719417922198772,-0.2965336740016937,-0.015360459685325623,-0.03395639359951019,-0.6679630875587463,-0.28790557384490967,-0.09003988653421402,-0.8213200569152832,-0.48252713680267334,-0.18496407568454742,-0.21566948294639587,0.3510606288909912,-0.04148311913013458,-0.5263045430183411,0.03645472228527069,-0.11485596001148224,-0.6764557361602783,-0.17262867093086243,-0.19471119344234467,-0.8097084760665894,-0.27192768454551697,-0.3461337685585022
91,0.32758498191833496,0.7477293014526367,0.24874234199523926,0.4698696732521057,0.29309242963790894,-0.10903248190879822,0.5378353595733643,-0.19630667567253113,-0.48543834686279297,0.41794121265411377,-0.42891818284988403,-0.5598518252372742,0.12488053739070892,-0.12625548243522644,-1.1229939460754395,0.18454787135124207,-0.1467064917087555,-0.04410995543003082,0.0915353000164032,-0.5238026976585388,-0.07646490633487701,0.015427816659212112,-0.7069630026817322,-0.03704527020454407,-0.19007593393325806,-0.7544536590576172,0.15391905605793,0.0005526749882847071,-0.001401043264195323,-0.0016511162975803018,-0.17464977502822876,-0.29856961965560913,0.032963093370199203,-0.41850513219833374,-0.5799129009246826,-0.10439109802246094,-0.5371931791305542,-0.8305169343948364,-0.02369915135204792,-0.10411158204078674,0.11726576089859009,-0.011248830705881119,-0.2926805019378662,-0.011461157351732254,-0.03186262398958206,-0.6651405096054077,-0.2869288921356201,-0.07363800704479218,-0.822761058807373,-0.5000839233398438,-0.179820716381073,-0.22045964002609253,0.34049466252326965,-0.04395017772912979,-0.5265399217605591,0.03229770436882973,-0.11586098372936249,-0.6665688753128052,-0.1597539633512497,-0.19943875074386597,-0.8021239042282104,-0.2682379186153412,-0.33012330532073975
92,0.3079970180988312,0.7249500751495361,0.2481691539287567,0.46308887004852295,0.2810829281806946,-0.11584722250699997,0.5302545428276062,-0.19514667987823486,-0.4864395558834076,0.42883938550949097,-0.4421224594116211,-0.5555206537246704,0.09605810791254044,-0.17158669233322144,-1.193955659866333,0.18371906876564026,-0.14302480220794678,-0.04578808695077896,0.09318669140338898,-0.5191255211830139,-0.07081443071365356,0.017082933336496353,-0.7010423541069031,-0.027468636631965637,-0.15822800993919373,-0.7428239583969116,0.20322763919830322,0.0005396342603489757,-0.0013446524972096086,-0.0014221633318811655,-0.17071689665317535,-0.2918075919151306,0.039192426949739456,-0.4148064851760864,-0.5770509243011475,-0.09529823064804077,-0.5747779607772827,-0.8545495271682739,-0.009276595897972584,-0.10130352526903152,0.11662228405475616,-0.010618546046316624,-0.29048508405685425,-0.004985803738236427,-0.026273531839251518,-0.6631114482879639,-0.2782873809337616,-0.06421475112438202,-0.8313571214675903,-0.5112550854682922,-0.1619202345609665,-0.22630774974822998,0.3329368233680725,-0.048813555389642715,-0.5303202867507935,0.029964357614517212,-0.10986343026161194,-0.6711446046829224,-0.17089655995368958,-0.19448181986808777,-0.7911885976791382,-0.2655647099018097,-0.32827144861221313
93,0.30664169788360596,0.715888500213623,0.2519763112068176,0.4574078321456909,0.27934491634368896,-0.12075424194335938,0.5331826210021973,-0.19015195965766907,-0.4964069426059723,0.4344445466995239,-0.44805198907852173,-0.5480073690414429,0.1107708215713501,-0.21297922730445862,-1.2270162105560303,0.18447545170783997,-0.1400812417268753,-0.0467819944024086,0.09615768492221832,-0.5158804059028625,-0.06571024656295776,0.02195563167333603,-0.6955164670944214,-0.03001464158296585,-0.1327386200428009,-0.7372602224349976,0.2255435734987259,0.0005403105169534683,-0.0013133061584085226,-0.0013142952229827642,-0.16708970069885254,-0.2899756133556366,0.040901657193899155,-0.41261088848114014,-0.5772585868835449,-0.09291025996208191,-0.5950391292572021,-0.8689359426498413,-0.007714174222201109,-0.10100462287664413,0.11632773280143738,-0.009636225178837776,-0.2893351912498474,-0.0002812892198562622,-0.023809751495718956,-0.664030909538269,-0.27816325426101685,-0.06235931068658829,-0.8376505374908447,-0.5176435708999634,-0.15305233001708984,-0.2302142083644867,0.3319576382637024,-0.05128836631774902,-0.5317619442939758,0.029804229736328125,-0.11072462797164917,-0.6660518646240234,-0.15623739361763,-0.19893965125083923,-0.7892963886260986,-0.26764318346977234,-0.33225420117378235
94,0.3039460778236389,0.7067816257476807,0.2529219686985016,0.4549075961112976,0.2837081551551819,-0.11282586306333542,0.524558424949646,-0.1914384961128235,-0.4793635606765747,0.42259812355041504,-0.4576761722564697,-0.5504760146141052,0.10984095185995102,-0.2189435064792633,-1.2049826383590698,0.18200084567070007,-0.1400267481803894,-0.045804526656866074,0.09198737889528275,-0.516703724861145,-0.06429726630449295,0.009669934399425983,-0.740199625492096,-0.01721370778977871,-0.15904945135116577,-0.8240785598754883,0.1560477316379547,0.0005570587236434221,-0.0013362113386392593,-0.001152927870862186,-0.1668994426727295,-0.28919124603271484,0.04745851829648018,-0.41742193698883057,-0.5785384178161621,-0.08675883710384369,-0.5088097453117371,-0.7681804895401001,-0.0927712693810463,-0.09943290054798126,0.11872535943984985,-0.008344637230038643,-0.2896677255630493,0.004446102771908045,-0.022412750869989395,-0.6593281030654907,-0.27669036388397217,-0.05633736401796341,-0.8317034244537354,-0.5002896785736084,-0.15703067183494568,-0.22935840487480164,0.33481472730636597,-0.04578940197825432,-0.5279535055160522,0.03440748155117035,-0.10300414264202118,-0.6664290428161621,-0.16069704294204712,-0.18742838501930237,-0.7857363224029541,-0.26231715083122253,-0.3361470699310303
95,0.29961133003234863,0.6938539743423462,0.2509271204471588,0.4603075385093689,0.28326094150543213,-0.12802384793758392,0.5277245044708252,-0.20510581135749817,-0.46059778332710266,0.4067472219467163,-0.4664941430091858,-0.5661858320236206,0.16221053898334503,-0.23915237188339233,-1.1197919845581055,0.17769736051559448,-0.13793669641017914,-0.043898530304431915,0.09314139187335968,-0.5133999586105347,-0.05851134657859802,0.002639348153024912,-0.7559430599212646,-0.006780722644180059,-0.17395320534706116,-0.8632552623748779,0.12383291125297546,0.0005626940401270986,-0.0013674328802153468,-0.0010828691301867366,-0.1684366762638092,-0.2867547273635864,0.05161871761083603,-0.41581103205680847,-0.5751833915710449,-0.07738056778907776,-0.6184070110321045,-0.7746468186378479,-0.026397179812192917,-0.10232584178447723,0.12000030279159546,-0.00706031359732151,-0.2858473062515259,0.008193163201212883,-0.01911979168653488,-0.6558631062507629,-0.27162083983421326,-0.046641554683446884,-0.8278622627258301,-0.4927035868167877,-0.13508525490760803,-0.23066899180412292,0.33769428730010986,-0.047023311257362366,-0.5247767567634583,0.04247038811445236,-0.09427208453416824,-0.6641964912414551,-0.15387500822544098,-0.17814671993255615,-0.7884218692779541,-0.25100013613700867,-0.33282211422920227
96,0.3234333395957947,0.7454160451889038,0.24602386355400085,0.45946186780929565,0.28068310022354126,-0.1125030517578125,0.5318760275840759,-0.20488911867141724,-0.45919662714004517,0.39138180017471313,-0.4484013319015503,-0.5683624744415283,0.16751739382743835,-0.2238791584968567,-1.0344901084899902,0.178774893283844,-0.14186568558216095,-0.04261275753378868,0.08180449903011322,-0.508540153503418,-0.06410937011241913,-0.03579980134963989,-0.7622076272964478,-0.016348164528608322,-0.17668598890304565,-0.8755331039428711,0.1017405316233635,0.0005637656431645155,-0.0013091936707496643,-0.001185587840154767,-0.17407861351966858,-0.29058918356895447,0.046262722462415695,-0.42199957370758057,-0.5744225978851318,-0.07023520022630692,-0.5802161693572998,-0.7806170582771301,-0.004632723517715931,-0.1004544198513031,0.11896433681249619,-0.004880079068243504,-0.2914086878299713,-0.0011683744378387928,-0.02289426326751709,-0.6620199680328369,-0.2837986648082733,-0.04656499624252319,-0.8415728807449341,-0.4745086431503296,-0.14355050027370453,-0.23090147972106934,0.33671191334724426,-0.03971849009394646,-0.5242635011672974,0.04467296600341797,-0.09696577489376068,-0.6634985208511353,-0.15374869108200073,-0.17260611057281494,-0.7702247500419617,-0.298397421836853,-0.37756985425949097
97,0.33639585971832275,0.7734731435775757,0.24335581064224243,0.45900171995162964,0.2792803645133972,-0.10405755043029785,0.5341350436210632,-0.20477120578289032,-0.45843416452407837,0.38302081823349,-0.4385562837123871,-0.5695468187332153,0.1704050898551941,-0.21556837856769562,-0.9880738258361816,0.1793612241744995,-0.14400359988212585,-0.04191311448812485,0.075635626912117,-0.505895733833313,-0.06715549528598785,-0.056716129183769226,-0.7656164169311523,-0.02155420370399952,-0.1781730055809021,-0.8822139501571655,0.08971915394067764,0.0005643487675115466,-0.0012775033246725798,-0.0012414813973009586,-0.17714861035346985,-0.2926756739616394,0.04334830492734909,-0.4253670275211334,-0.574008584022522,-0.06634710729122162,-0.5594349503517151,-0.7838656902313232,0.007210214156657457,-0.09943610429763794,0.11840062588453293,-0.003693723352625966,-0.29443487524986267,-0.006262373179197311,-0.024948108941316605,-0.6653701066970825,-0.2904251217842102,-0.04652334004640579,-0.8490333557128906,-0.46460801362991333,-0.1481567919254303,-0.2310279905796051,0.33617734909057617,-0.03574363514780998,-0.5239841938018799,0.04587147757411003,-0.0984315276145935,-0.6631187200546265,-0.1536799669265747,-0.16959121823310852,-0.7603229284286499,-0.324188232421875,-0.4019189476966858
98,0.3370800018310547,0.7876335382461548,0.23198094964027405,0.46297886967658997,0.27913469076156616,-0.11825399100780487,0.5207734107971191,-0.18019762635231018,-0.47511765360832214,0.38170573115348816,-0.443827360868454,-0.5905712842941284,0.18945103883743286,-0.23341810703277588,-0.9667818546295166,0.17526879906654358,-0.141740083694458,-0.037644386291503906,0.0743601992726326,-0.504767119884491,-0.0633620172739029,-0.06643729656934738,-0.771599292755127,-0.021149635314941406,-0.1843920350074768,-0.8940317630767822,0.0741533562541008,0.000556824030354619,-0.0012626335956156254,-0.0010810706298798323,-0.17538970708847046,-0.29206961393356323,0.05042174831032753,-0.42919468879699707,-0.5694506764411926,-0.055572278797626495,-0.5566083192825317,-0.7987444996833801,0.03115905076265335,-0.09928812086582184,0.11848344653844833,-0.0034942729398608208,-0.2955514192581177,-0.005454711616039276,-0.020277248695492744,-0.6671441793441772,-0.2822249233722687,-0.07890993356704712,-0.8658257722854614,-0.5447815656661987,-0.15417054295539856,-0.23328284919261932,0.33241012692451477,-0.036936499178409576,-0.5237112045288086,0.05182364955544472,-0.09422747790813446,-0.6596702337265015,-0.1507190763950348,-0.1681538075208664,-0.7503209114074707,-0.31631702184677124,-0.40365147590637207
99,0.33550387620925903,0.8010111451148987,0.2302706390619278,0.4288957715034485,0.31119662523269653,-0.08233125507831573,0.5252439379692078,-0.18198621273040771,-0.47701913118362427,0.362790048122406,-0.4337309002876282,-0.6041823625564575,0.22218427062034607,-0.36513733863830566,-0.904770016670227,0.17926287651062012,-0.1458325833082199,-0.039515282958745956,0.064747154712677,-0.5040003061294556,-0.06292320787906647,-0.07698390632867813,-0.7707545757293701,-0.0264081209897995,-0.1934671700000763,-0.8975656032562256,0.06815895438194275,0.0005599865689873695,-0.001274423091672361,-0.0011273103300482035,-0.17431636154651642,-0.2937360405921936,0.05031222850084305,-0.43132707476615906,-0.5723093748092651,-0.0471368283033371,-0.5524988174438477,-0.805012047290802,0.041228435933589935,-0.09871356189250946,0.11914059519767761,-0.004937210585922003,-0.3006213903427124,-0.007387147750705481,-0.01945042796432972,-0.6735327243804932,-0.2825253903865814,-0.09662257134914398,-0.8792157173156738,-0.6008340120315552,-0.163651242852211,-0.22251257300376892,0.3472617268562317,-0.05595661327242851,-0.5202649235725403,0.056655269116163254,-0.09858940541744232,-0.6577471494674683,-0.14574943482875824,-0.17297981679439545,-0.7421741485595703,-0.3170102834701538,-0.42705315351486206
100,0.3348632752895355,0.7927438616752625,0.22963756322860718,0.4401700496673584,0.2970442473888397,-0.08879908919334412,0.5226324796676636,-0.16609686613082886,-0.457830548286438,0.3694464862346649,-0.43077653646469116,-0.5889371037483215,0.2289230227470398,-0.4213976562023163,-0.8729916214942932,0.18123593926429749,-0.14052991569042206,-0.038317739963531494,0.06000456586480141,-0.5061308145523071,-0.06003468483686447,-0.049750909209251404,-0.7695221304893494,-0.01662801206111908,-0.1932435929775238,-0.9033437967300415,0.06878921389579773,0.0005406957352533937,-0.001269382075406611,-0.0011178976856172085,-0.17188838124275208,-0.2907456159591675,0.05352766811847687,-0.42995208501815796,-0.5646331310272217,-0.03315769508481026,-0.5450161695480347,-0.8079003691673279,0.061962030827999115,-0.09822529554367065,0.11798009276390076,-0.004280176013708115,-0.3026261031627655,-0.008944992907345295,-0.016750779002904892,-0.6688616275787354,-0.27966445684432983,-0.10376295447349548,-0.8806873559951782,-0.6198750734329224,-0.16503673791885376,-0.21472838521003723,0.34976309537887573,-0.06096102297306061,-0.5205895900726318,0.0557001531124115,-0.09260398894548416,-0.6543292999267578,-0.1369585394859314,-0.16868749260902405,-0.7354714274406433,-0.29987311363220215,-0.41565990447998047
101,0.3295203447341919,0.7848575115203857,0.20956537127494812,0.3986808657646179,0.31049835681915283,-0.06736312061548233,0.5296363234519958,-0.17857301235198975,-0.46979206800460815,0.38194793462753296,-0.4255598485469818,-0.6191450357437134,0.2301849126815796,-0.4564741849899292,-0.878530740737915,0.18004998564720154,-0.1352788507938385,-0.03830919787287712,0.0603683665394783,-0.5073457956314087,-0.05426650494337082,-0.059425678104162216,-0.7649155855178833,-0.021390922367572784,-0.20085293054580688,-0.9023585319519043,0.07654210925102234,0.0005147537449374795,-0.0012243629898875952,-0.0009420037968084216,-0.17366234958171844,-0.28886523842811584,0.05700640380382538,-0.4357498288154602,-0.5537921190261841,-0.015562573447823524,-0.55128014087677,-0.8088327646255493,0.0759439542889595,-0.09809927642345428,0.11819425225257874,-0.002361709950491786,-0.30515405535697937,-0.005881328135728836,-0.014332521706819534,-0.6637746095657349,-0.27480676770210266,-0.10354609787464142,-0.8812150955200195,-0.6321056485176086,-0.16675272583961487,-0.2133651226758957,0.3499082922935486,-0.061903100460767746,-0.509411633014679,0.12692765891551971,-0.0910114198923111,-0.6478407382965088,-0.12639540433883667,-0.17429889738559723,-0.7326334714889526,-0.2833048403263092,-0.41709691286087036
102,0.32651573419570923,0.7938524484634399,0.20242086052894592,0.42828959226608276,0.31220078468322754,-0.10339826345443726,0.5323736667633057,-0.17781999707221985,-0.47424137592315674,0.3914340138435364,-0.42219942808151245,-0.6397749185562134,0.237177774310112,-0.4624103307723999,-0.8513404130935669,0.18007291853427887,-0.13438674807548523,-0.03968603163957596,0.06491320580244064,-0.5100138187408447,-0.053331661969423294,-0.06444193422794342,-0.7656892538070679,-0.019609995186328888,-0.2054480016231537,-0.9030045866966248,0.07953888922929764,0.00045230280375108123,-0.0010705789318308234,-0.0013012567069381475,-0.17359405755996704,-0.28745919466018677,0.058624207973480225,-0.4371434152126312,-0.5545082688331604,-0.00957445614039898,-0.6223293542861938,-0.8261703252792358,0.03676857426762581,-0.0997718870639801,0.11765897274017334,-0.0021229248959571123,-0.3089049160480499,-0.0075483196415007114,-0.011356499046087265,-0.6606009006500244,-0.272873193025589,-0.10283534228801727,-0.8848181962966919,-0.6410718560218811,-0.1660766303539276,-0.2123541235923767,0.34852105379104614,-0.06517474353313446,-0.5184453725814819,0.09263195842504501,-0.08713922649621964,-0.6461201310157776,-0.12492194771766663,-0.181623637676239,-0.7276405096054077,-0.28609132766723633,-0.43295007944107056
103,0.33049777150154114,0.7933998107910156,0.217997744679451,0.43601498007774353,0.29332664608955383,-0.096194788813591,0.5344960689544678,-0.17733082175254822,-0.46455416083335876,0.3912104368209839,-0.42482176423072815,-0.6415404677391052,0.24979758262634277,-0.48013728857040405,-0.828605592250824,0.1791713386774063,-0.13609901070594788,-0.038426801562309265,0.05876929312944412,-0.508631706237793,-0.04964661970734596,-0.07247230410575867,-0.7724592089653015,-0.009228921495378017,-0.20104767382144928,-0.9155087471008301,0.07090345025062561,0.0004258396802470088,-0.0010193897178396583,-0.0016347761265933514,-0.1749589443206787,-0.29157114028930664,0.059171345084905624,-0.4372992515563965,-0.5557899475097656,-0.010848641395568848,-0.660309910774231,-0.8378522992134094,0.01107431948184967,-0.09632445871829987,0.1201818585395813,-0.0019267068710178137,-0.30832213163375854,-0.005024570040404797,-0.011268486268818378,-0.6644787192344666,-0.27658480405807495,-0.10941211879253387,-0.887031614780426,-0.6439609527587891,-0.1794820874929428,-0.2216552197933197,0.3423488140106201,-0.06580504029989243,-0.5209476947784424,0.07972146570682526,-0.08986025303602219,-0.6432923078536987,-0.12135117501020432,-0.1887158751487732,-0.7258569002151489,-0.2863200902938843,-0.4468233287334442
104,0.332108736038208,0.7862448692321777,0.21261785924434662,0.4497203230857849,0.289173424243927,-0.12193432450294495,0.5321109294891357,-0.1943577080965042,-0.46215522289276123,0.4030124545097351,-0.44421666860580444,-0.6522095799446106,0.23518866300582886,-0.46676039695739746,-0.8705034852027893,0.17781329154968262,-0.13794046640396118,-0.03836735337972641,0.06013300642371178,-0.5124683380126953,-0.04487519711256027,-0.0744035467505455,-0.7714903354644775,-0.008497508242726326,-0.20355486869812012,-0.9145556688308716,0.07491877675056458,0.0004032825818285346,-0.0009361200500279665,-0.0017085385043174028,-0.17198577523231506,-0.2883418798446655,0.06354308128356934,-0.43740880489349365,-0.5514070987701416,0.00017499597743153572,-0.6143494248390198,-0.8191725611686707,0.06221386045217514,-0.09968534111976624,0.11923930048942566,-0.00240461272187531,-0.30814114212989807,-0.0052138036116957664,-0.010238664224743843,-0.6621559858322144,-0.2749786674976349,-0.10455001890659332,-0.8902512788772583,-0.6443389058113098,-0.16883856058120728,-0.2274462878704071,0.33659255504608154,-0.06216266378760338,-0.5062813758850098,0.13687697052955627,-0.09398829191923141,-0.6397407054901123,-0.11961087584495544,-0.18549692630767822,-0.7292870879173279,-0.26607370376586914,-0.43016427755355835
