frame_id,j3d_recon_0,j3d_recon_1,j3d_recon_2,j3d_recon_3,j3d_recon_4,j3d_recon_5,j3d_recon_6,j3d_recon_7,j3d_recon_8,j3d_recon_9,j3d_recon_10,j3d_recon_11,j3d_recon_12,j3d_recon_13,j3d_recon_14,j3d_recon_15,j3d_recon_16,j3d_recon_17,j3d_recon_18,j3d_recon_19,j3d_recon_20,j3d_recon_21,j3d_recon_22,j3d_recon_23,j3d_recon_24,j3d_recon_25,j3d_recon_26,j3d_recon_27,j3d_recon_28,j3d_recon_29,j3d_recon_30,j3d_recon_31,j3d_recon_32,j3d_recon_33,j3d_recon_34,j3d_recon_35,j3d_recon_36,j3d_recon_37,j3d_recon_38,j3d_recon_39,j3d_recon_40,j3d_recon_41,j3d_recon_42,j3d_recon_43,j3d_recon_44,j3d_recon_45,j3d_recon_46,j3d_recon_47,j3d_recon_48,j3d_recon_49,j3d_recon_50,j3d_recon_51,j3d_recon_52,j3d_recon_53,j3d_recon_54,j3d_recon_55,j3d_recon_56,j3d_recon_57,j3d_recon_58,j3d_recon_59,j3d_recon_60,j3d_recon_61,j3d_recon_62
0,96.26388549804688,6.687472820281982,6.318124771118164,60.3919792175293,-6.624118804931641,-3.45317006111145,36.42512130737305,-11.538636207580566,-22.8924560546875,19.850414276123047,-29.213788986206055,-35.268211364746094,9.568988800048828,-29.213462829589844,-69.39044952392578,54.976497650146484,-41.19156265258789,-58.55501174926758,50.618343353271484,-72.89739990234375,-65.37865447998047,48.657894134521484,-95.11054229736328,-64.9232406616211,50.06098937988281,-118.62779998779297,-59.86186218261719,76.68208312988281,-53.72007751464844,-64.266357421875,77.841064453125,-84.60096740722656,-72.81890869140625,76.62458801269531,-107.5668716430664,-78.55868530273438,73.46958923339844,-132.04429626464844,-68.360595703125,100.33226776123047,-58.24541091918945,-51.57148361206055,104.26976013183594,-84.26469421386719,-63.2663459777832,101.94293975830078,-105.20489501953125,-49.8360481262207,118.05189514160156,-108.26282501220703,-68.27332305908203,116.10938262939453,-62.38178634643555,-36.58399200439453,126.31674194335938,-80.97537231445312,-42.04976272583008,133.13035583496094,-99.06986999511719,-38.58668518066406,128.37765502929688,-111.63825225830078,-26.19556999206543
1,95.4842300415039,6.534933567047119,6.27756929397583,60.13309860229492,-6.7815680503845215,-1.2231054306030273,33.37179183959961,-6.033082962036133,-17.072946548461914,9.573723793029785,-18.24346160888672,-22.219165802001953,-11.008702278137207,-38.23305892944336,-42.11046600341797,50.52267837524414,-40.74750900268555,-55.05601119995117,40.299720764160156,-71.8077392578125,-58.871700286865234,33.536216735839844,-92.61231231689453,-53.64311218261719,23.570634841918945,-113.63172912597656,-47.714359283447266,71.14569854736328,-53.07522201538086,-61.840972900390625,70.99774932861328,-84.7049331665039,-66.64390563964844,66.38773345947266,-107.6955337524414,-63.0338134765625,61.411128997802734,-131.2259979248047,-51.074928283691406,94.85324096679688,-57.3458366394043,-50.666961669921875,95.91214752197266,-85.45655059814453,-56.44268035888672,94.89034271240234,-108.24874114990234,-45.9713020324707,107.25926208496094,-124.6683120727539,-31.822294235229492,111.20349884033203,-61.266822814941406,-37.183013916015625,119.08061218261719,-81.44062805175781,-39.57035827636719,123.6060791015625,-100.0420150756836,-35.21410369873047,120.31957244873047,-111.29287719726562,-20.340091705322266
2,94.5481185913086,6.382019996643066,6.293111801147461,60.905826568603516,-7.71400260925293,-2.677901268005371,32.548973083496094,-6.280233383178711,-14.46290111541748,11.262282371520996,-15.538917541503906,-28.445016860961914,-9.253568649291992,-33.44447326660156,-49.68955993652344,53.581504821777344,-39.28724670410156,-57.12602996826172,42.90914535522461,-69.89822387695312,-62.743412017822266,36.59542465209961,-90.81316375732422,-57.296897888183594,27.63079071044922,-112.45280456542969,-51.85618591308594,74.20027160644531,-50.49629592895508,-63.723751068115234,74.1534194946289,-81.88644409179688,-69.63654327392578,69.84436798095703,-104.85823822021484,-65.60139465332031,66.5030746459961,-129.01480102539062,-54.192718505859375,97.18988800048828,-54.2480354309082,-52.24055099487305,99.59447479248047,-82.2195053100586,-57.97657012939453,99.67740631103516,-105.20883178710938,-47.85163879394531,108.54674530029297,-122.01410675048828,-32.039546966552734,113.05472564697266,-57.956024169921875,-38.84090042114258,122.34495544433594,-77.50176239013672,-39.91316604614258,127.916259765625,-95.60609436035156,-35.069766998291016,126.88693237304688,-108.68748474121094,-21.075889587402344
3,93.56787872314453,6.266193389892578,6.319680690765381,60.79462432861328,-9.462423324584961,1.2708897590637207,34.28778076171875,-5.269622325897217,-12.80409049987793,9.172480583190918,-14.533406257629395,-10.326705932617188,-11.564352035522461,-31.261310577392578,-32.57936096191406,49.19298553466797,-41.51071548461914,-51.110130310058594,37.658050537109375,-71.73516082763672,-56.25823211669922,29.50385284423828,-92.42399597167969,-53.09430694580078,20.61979866027832,-113.59732818603516,-45.82505416870117,68.96617126464844,-51.541744232177734,-59.86161422729492,69.76522064208984,-82.57838439941406,-66.49907684326172,67.81689453125,-105.5103988647461,-61.08964157104492,62.40673828125,-125.83845520019531,-44.78582763671875,92.7085952758789,-53.8447265625,-51.29480743408203,94.0474853515625,-81.93061065673828,-55.63549041748047,94.8358154296875,-103.54485321044922,-43.07915496826172,99.07862091064453,-121.10441589355469,-26.964187622070312,109.8458023071289,-56.455284118652344,-40.137577056884766,117.48397827148438,-76.47817993164062,-42.242919921875,122.2618179321289,-94.60836791992188,-37.07188034057617,119.67807006835938,-105.04486846923828,-21.758853912353516
4,93.2551498413086,6.219094276428223,6.350863933563232,61.536109924316406,-10.108144760131836,-0.45638158917427063,33.71504592895508,-10.792712211608887,-11.928040504455566,11.267230033874512,-21.693119049072266,-21.715286254882812,-13.290755271911621,-29.306392669677734,-45.440650939941406,53.703819274902344,-42.504451751708984,-53.03134536743164,43.64501190185547,-72.9111557006836,-59.79671096801758,37.42856979370117,-93.58370971679688,-53.62699508666992,29.034751892089844,-115.00188446044922,-46.74808120727539,73.89794921875,-52.09423065185547,-60.57900619506836,74.32931518554688,-83.37158203125,-65.31819152832031,70.9522476196289,-106.51062774658203,-62.118473052978516,67.17240905761719,-129.48980712890625,-48.93985366821289,96.87875366210938,-53.80781555175781,-50.8037223815918,97.6422348022461,-81.80467987060547,-55.41988754272461,96.84980010986328,-105.40577697753906,-47.29416275024414,111.403564453125,-121.40628814697266,-34.782875061035156,113.24948120117188,-55.96009826660156,-38.842777252197266,120.42735290527344,-76.15283966064453,-40.26164245605469,124.2317123413086,-94.71372985839844,-36.05288314819336,121.59280395507812,-106.38031768798828,-21.491668701171875
5,93.16300201416016,6.181429862976074,6.3370866775512695,60.52083969116211,-8.742206573486328,1.4584823846817017,31.71021842956543,-7.200023174285889,-6.932942867279053,7.983852386474609,-16.93520736694336,-14.659004211425781,-18.614299774169922,-28.877059936523438,-33.49837875366211,48.86028289794922,-43.381343841552734,-48.81422805786133,37.11328125,-73.5848388671875,-53.677162170410156,29.706308364868164,-93.91932678222656,-47.703392028808594,21.077730178833008,-115.72399139404297,-42.32438659667969,68.22820281982422,-54.431758880615234,-56.47931671142578,69.28150939941406,-85.82307434082031,-60.49069595336914,66.34217071533203,-108.91048431396484,-56.644229888916016,61.38657760620117,-131.58328247070312,-43.46744155883789,91.41970825195312,-56.83958053588867,-47.32465362548828,93.22384643554688,-84.83941650390625,-51.752845764160156,92.63236999511719,-107.7927017211914,-41.953975677490234,105.8110122680664,-122.52296447753906,-26.823949813842773,108.08189392089844,-59.18342208862305,-35.78421401977539,116.00626373291016,-79.0222396850586,-37.3259391784668,119.6905746459961,-97.447021484375,-32.70634841918945,118.37374877929688,-109.62788391113281,-18.21515655517578
6,92.682373046875,6.13341760635376,6.357901573181152,61.40262222290039,-9.435504913330078,-1.644413948059082,33.710113525390625,-8.27994155883789,-12.672505378723145,10.67954158782959,-19.10264778137207,-20.64458656311035,-15.201881408691406,-29.424846649169922,-41.382720947265625,54.783512115478516,-41.29960250854492,-54.109046936035156,44.1269645690918,-71.58478546142578,-60.0621223449707,37.11690902709961,-92.32317352294922,-55.328189849853516,27.954097747802734,-113.70368194580078,-49.52627944946289,74.79405212402344,-51.21916198730469,-60.92850112915039,74.6002426147461,-82.44538879394531,-65.59994506835938,71.7708969116211,-105.70584869384766,-63.23015594482422,67.33878326416016,-128.64578247070312,-50.3803596496582,97.11895751953125,-53.368408203125,-50.40546417236328,98.15800476074219,-81.07051086425781,-56.14662170410156,96.71214294433594,-103.72760772705078,-45.90921401977539,113.06029510498047,-118.83497619628906,-34.234703063964844,112.87360382080078,-55.77518081665039,-38.00122833251953,120.8721694946289,-75.51013946533203,-39.72338104248047,125.19717407226562,-93.95692443847656,-36.05451202392578,123.23664093017578,-106.49590301513672,-22.004119873046875
7,92.92586517333984,6.1578192710876465,6.349795818328857,60.246761322021484,-8.144245147705078,1.4342414140701294,31.073291778564453,-7.121944904327393,-5.325693607330322,5.868598937988281,-15.50938606262207,-8.435404777526855,-12.197271347045898,-33.236934661865234,-31.68612289428711,47.72551345825195,-41.28929138183594,-49.334205627441406,35.699405670166016,-71.38236236572266,-53.91840744018555,28.482295989990234,-92.18321990966797,-49.53707504272461,20.066797256469727,-113.69699096679688,-42.780540466308594,66.7113037109375,-52.40482711791992,-57.404056549072266,66.96878814697266,-83.77650451660156,-61.480751037597656,65.08206939697266,-107.09709167480469,-58.43894958496094,58.59904861450195,-128.404296875,-43.93999099731445,89.80290222167969,-55.335906982421875,-48.5968017578125,91.30582427978516,-83.5513916015625,-51.136260986328125,90.56891632080078,-105.28585052490234,-38.87643051147461,95.08753204345703,-123.67176055908203,-23.53494644165039,106.45256805419922,-58.16874313354492,-37.37680435180664,114.47852325439453,-77.90910339355469,-39.527854919433594,119.30610656738281,-95.67662811279297,-33.560665130615234,116.3772964477539,-107.73892974853516,-20.03055763244629
8,92.6156005859375,6.139613151550293,6.293705463409424,59.59454345703125,-6.9455413818359375,0.5327877402305603,30.2811336517334,-11.061936378479004,-4.366634845733643,9.167253494262695,-22.220556259155273,-16.356250762939453,-10.767400741577148,-30.264436721801758,-43.9000358581543,48.180633544921875,-43.576175689697266,-47.61895751953125,38.585426330566406,-74.41374206542969,-52.35615539550781,31.493167877197266,-94.5328369140625,-45.489566802978516,22.263891220092773,-115.3148422241211,-37.93401336669922,66.9559555053711,-56.2756233215332,-53.39026641845703,67.89532470703125,-87.7420883178711,-56.61765670776367,62.123165130615234,-109.79497528076172,-50.63450622558594,59.01154327392578,-134.5189666748047,-40.520965576171875,89.28838348388672,-59.55030059814453,-42.823570251464844,92.67447662353516,-87.42250061035156,-46.26018142700195,91.8831787109375,-110.54170989990234,-36.96071243286133,92.22039794921875,-132.1434326171875,-26.2899169921875,105.06719207763672,-62.1893196105957,-30.375585556030273,115.13386535644531,-80.94679260253906,-32.43439865112305,116.78202819824219,-99.81693267822266,-28.590478897094727,114.9576187133789,-112.72298431396484,-14.220200538635254
9,93.26634979248047,6.229484558105469,6.20657205581665,58.530452728271484,-4.415683269500732,1.4250627756118774,28.308740615844727,-5.9538373947143555,-2.1666269302368164,7.257241725921631,-17.62486457824707,-14.286297798156738,-16.2333927154541,-30.34296989440918,-36.751861572265625,43.053932189941406,-42.07906723022461,-45.58448791503906,31.932100296020508,-72.67741394042969,-49.54859161376953,24.786705017089844,-91.92811584472656,-40.37939453125,15.7664794921875,-110.98361206054688,-28.879220962524414,60.97384262084961,-56.60293960571289,-50.984745025634766,59.88033676147461,-88.2900619506836,-51.151710510253906,53.98478317260742,-110.74494171142578,-47.046260833740234,49.04022979736328,-133.46829223632812,-33.83298873901367,83.42103576660156,-61.34734344482422,-40.24291229248047,86.28394317626953,-89.41036224365234,-42.97032928466797,85.72332763671875,-112.56640625,-33.53383255004883,90.76747131347656,-131.74171447753906,-19.22985076904297,99.26823425292969,-64.83317565917969,-27.704090118408203,108.26885223388672,-84.04405975341797,-30.531368255615234,110.73486328125,-102.96151733398438,-27.12111473083496,113.02208709716797,-118.5264892578125,-14.944232940673828
10,93.86836242675781,6.282608985900879,6.150325775146484,58.723209381103516,-5.225632190704346,2.718822717666626,28.704145431518555,-8.026008605957031,-3.4892067909240723,6.7463908195495605,-17.742551803588867,-16.085050582885742,-16.514204025268555,-33.43449783325195,-36.66433334350586,42.40739059448242,-45.4724235534668,-42.651763916015625,33.385345458984375,-76.45283508300781,-49.451927185058594,25.167503356933594,-95.38542938232422,-40.35349655151367,14.532402038574219,-115.61366271972656,-32.96511459350586,60.76716995239258,-59.98903274536133,-47.84666061401367,57.82732009887695,-91.5218734741211,-50.196128845214844,54.073177337646484,-114.4568862915039,-46.21894836425781,51.67453384399414,-136.8630828857422,-31.927242279052734,83.82332611083984,-63.89406204223633,-37.20697021484375,86.50537109375,-91.9887924194336,-40.46376037597656,85.63589477539062,-116.01598358154297,-33.40022659301758,90.93148803710938,-133.25299072265625,-16.856369018554688,100.15491485595703,-66.5771484375,-24.699321746826172,108.55231475830078,-85.9016342163086,-28.461761474609375,108.54879760742188,-105.0697250366211,-25.51224136352539,111.40257263183594,-120.70718383789062,-12.732077598571777
11,93.91496276855469,6.285810470581055,6.120703220367432,58.4130973815918,-4.386162757873535,2.7059531211853027,29.626399993896484,-7.7158522605896,-7.777846336364746,5.772695064544678,-17.846811294555664,-15.783581733703613,-20.912654876708984,-32.46745681762695,-32.999454498291016,40.953269958496094,-44.27329635620117,-42.69774627685547,31.29120635986328,-75.22567749023438,-48.90599822998047,22.71613121032715,-94.06548309326172,-39.9336051940918,12.21832275390625,-114.68997955322266,-33.45496368408203,59.06296920776367,-59.215843200683594,-47.88779830932617,56.34715270996094,-90.70524597167969,-50.75407409667969,51.77500915527344,-113.44182586669922,-46.6555061340332,50.18340301513672,-136.119140625,-32.64903259277344,82.08767700195312,-63.65802001953125,-37.17766571044922,85.05802917480469,-91.6448974609375,-40.67267608642578,83.38873291015625,-115.57466125488281,-33.553340911865234,87.95309448242188,-135.0098876953125,-19.355762481689453,98.36094665527344,-66.74395751953125,-24.60049057006836,106.79196166992188,-86.04840850830078,-28.20118522644043,109.13754272460938,-104.26248168945312,-22.051658630371094,111.44739532470703,-121.191650390625,-12.879342079162598
12,94.05322265625,6.294612407684326,6.080205917358398,58.90186309814453,-6.35930871963501,9.243946075439453,28.452442169189453,-1.3202470541000366,9.300725936889648,5.172328948974609,-14.208696365356445,14.483412742614746,-5.14772367477417,-36.93862533569336,36.400062561035156,35.0206413269043,-45.599769592285156,-34.269901275634766,19.86914825439453,-70.97604370117188,-48.624820709228516,11.95152759552002,-91.89896392822266,-48.57121276855469,24.523448944091797,-107.64370727539062,-35.21665954589844,52.53227996826172,-59.20828628540039,-43.799442291259766,59.5833740234375,-87.16795349121094,-56.50337600708008,50.83943557739258,-103.89734649658203,-42.76889419555664,60.565391540527344,-120.66161346435547,-24.266910552978516,77.47355651855469,-62.73319625854492,-38.033203125,75.88460540771484,-89.7065658569336,-46.519344329833984,89.70880126953125,-98.63289642333984,-27.848825454711914,86.9015884399414,-118.64064025878906,-17.01449203491211,96.1471176147461,-65.23762512207031,-29.038652420043945,100.64500427246094,-85.19155883789062,-34.62511444091797,109.2674331665039,-102.12693786621094,-37.2686653137207,111.39949035644531,-115.90482330322266,-25.50120735168457
13,92.71240234375,6.178367614746094,6.194118499755859,59.21512985229492,-6.53605842590332,-0.10872725397348404,32.28550338745117,3.871227979660034,-9.107558250427246,7.877804279327393,7.274644374847412,1.3915263414382935,-19.73040008544922,-7.629148483276367,12.732677459716797,42.64035415649414,-24.20686912536621,-56.996402740478516,31.773466110229492,-52.140987396240234,-69.6496810913086,23.929279327392578,-70.59586334228516,-79.37615966796875,15.017773628234863,-88.2073974609375,-66.72709655761719,60.986385345458984,-32.59408187866211,-69.05207061767578,68.40071868896484,-62.443145751953125,-75.75596618652344,58.66886520385742,-82.03486633300781,-67.44429016113281,61.52113342285156,-90.7553482055664,-42.558013916015625,84.6917495727539,-37.90534591674805,-62.82257843017578,87.38501739501953,-65.8575210571289,-65.25956726074219,87.97286987304688,-83.94227600097656,-48.220611572265625,88.19154357910156,-93.31403350830078,-26.497379302978516,102.08570098876953,-43.61370086669922,-53.98384094238281,112.4781723022461,-62.09916687011719,-54.66872024536133,112.99305725097656,-74.6955337524414,-40.1939582824707,112.2846450805664,-88.62874603271484,-28.02753448486328
14,93.46109771728516,6.264170169830322,6.226255416870117,105.30135345458984,-13.260096549987793,-22.588613510131836,117.85582733154297,-39.706424713134766,-31.24764060974121,117.72578430175781,-66.68203735351562,-32.03084945678711,119.57626342773438,-96.78609466552734,-47.42742919921875,70.06731414794922,-58.67952346801758,-46.644874572753906,49.98115921020508,-83.65614318847656,-53.692665100097656,38.90631103515625,-101.794677734375,-46.29297637939453,28.965656280517578,-121.43004608154297,-36.224632263183594,46.964317321777344,-53.85435104370117,-43.95170211791992,20.790252685546875,-71.00056457519531,-49.29793930053711,7.826303958892822,-86.28203582763672,-36.80239486694336,-4.019444942474365,-90.95671081542969,-12.553766250610352,34.17568588256836,-33.53386306762695,-35.76198959350586,7.647561073303223,-43.46678924560547,-33.854793548583984,-3.322681427001953,-60.62034606933594,-19.236452102661133,-18.731870651245117,-73.87216186523438,-5.8832502365112305,27.003019332885742,-14.767230987548828,-31.47291374206543,8.846776962280273,-20.914997100830078,-21.837148666381836,-3.364943027496338,-31.204872131347656,-10.762624740600586,-6.849765777587891,-40.20050811767578,7.849350452423096
15,92.40641021728516,6.17620325088501,6.189834117889404,105.61031341552734,-2.9190335273742676,-26.2502498626709,114.33776092529297,-25.276081085205078,-44.6292610168457,98.35382080078125,-41.99183654785156,-31.17366600036621,100.7632827758789,-75.50921630859375,-30.777685165405273,67.75454711914062,-17.96016502380371,-72.27310180664062,39.328731536865234,-32.19220733642578,-78.9515380859375,20.503787994384766,-44.18017578125,-79.83727264404297,6.386613368988037,-63.2059440612793,-81.16373443603516,47.46818542480469,-6.587801933288574,-70.62660217285156,16.740079879760742,-7.493371486663818,-77.50068664550781,2.118447780609131,-19.55131721496582,-63.67207336425781,-13.58889389038086,-15.193656921386719,-42.019405364990234,39.15692901611328,11.564837455749512,-55.718406677246094,12.833306312561035,18.39605712890625,-48.554500579833984,5.3524651527404785,12.450879096984863,-25.616939544677734,-3.3005623817443848,4.688445568084717,-4.782103061676025,36.41597366333008,27.827861785888672,-44.09372329711914,16.763839721679688,29.015911102294922,-36.008018493652344,6.015161037445068,27.40771484375,-20.087116241455078,-5.230030059814453,21.45365333557129,-6.080999851226807
16,92.42972564697266,6.187265872955322,6.108911037445068,106.82954406738281,-0.36182674765586853,-26.66694450378418,126.81352996826172,-22.658641815185547,-31.8433895111084,115.95462799072266,-47.053993225097656,-29.523719787597656,137.00030517578125,-73.2601547241211,-26.68109130859375,71.42847442626953,-20.846588134765625,-72.8513412475586,49.46502685546875,-43.39137649536133,-80.87263488769531,38.38917541503906,-62.74347686767578,-80.06266021728516,34.900177001953125,-86.01142120361328,-82.54711151123047,49.601097106933594,-12.72254467010498,-70.84273529052734,21.08490753173828,-25.6070499420166,-73.04151153564453,7.950644016265869,-42.651405334472656,-63.97821807861328,-13.117074966430664,-53.784828186035156,-51.81226348876953,38.737060546875,3.892784833908081,-55.579612731933594,11.979520797729492,1.3581628799438477,-47.79026794433594,3.280137777328491,-13.663741111755371,-30.142728805541992,-0.878751277923584,-17.304502487182617,-5.974471569061279,33.57777404785156,19.410747528076172,-43.7116813659668,14.08949089050293,20.170211791992188,-35.43830108642578,3.638219118118286,10.910985946655273,-22.255151748657227,0.7677366733551025,0.15066005289554596,-4.3394341468811035
17,92.50053405761719,6.188626289367676,6.018736362457275,104.05904388427734,-7.420324802398682,-26.0018253326416,110.63320922851562,-35.84006881713867,-35.153541564941406,96.23930358886719,-58.18287658691406,-31.23166847229004,106.47594451904297,-68.97337341308594,-59.84385681152344,64.50452423095703,-35.837345123291016,-64.22075653076172,44.064483642578125,-57.070552825927734,-77.89100646972656,30.179975509643555,-71.89337158203125,-68.74028015136719,14.281455039978027,-89.56280517578125,-66.45124053955078,43.01506423950195,-26.556116104125977,-62.08100128173828,12.583548545837402,-32.62009048461914,-66.24658966064453,-0.6633344888687134,-47.5499267578125,-78.161376953125,-12.174660682678223,-53.737735748291016,-54.62814712524414,33.9009895324707,-6.53766393661499,-49.63557052612305,6.594648361206055,-3.0681707859039307,-44.98471450805664,-8.666470527648926,-12.147768020629883,-27.82604217529297,-12.037592887878418,-9.778376579284668,-3.085523843765259,30.107975006103516,11.329499244689941,-40.73021697998047,11.131728172302246,13.185759544372559,-31.76222038269043,-4.530653476715088,9.841451644897461,-21.348602294921875,-14.066866874694824,6.260098934173584,-2.6174635887145996
18,92.83110046386719,6.232420444488525,6.114058017730713,65.45123291015625,-3.522404909133911,28.44157600402832,36.08148956298828,-4.703170299530029,37.01953125,9.972335815429688,1.827347993850708,38.18997573852539,-17.163610458374023,15.334606170654297,19.756254196166992,36.05257797241211,-57.443092346191406,20.092689514160156,16.409992218017578,-79.99750518798828,7.287988662719727,5.350581169128418,-99.1326904296875,10.679173469543457,-10.145898818969727,-117.0022964477539,13.286369323730469,50.520145416259766,-73.60566711425781,11.201272964477539,49.58982849121094,-102.31796264648438,-1.6171969175338745,34.37360763549805,-120.072509765625,-0.4994466304779053,38.49778366088867,-139.52346801757812,16.795591354370117,75.25208282470703,-74.0680160522461,6.674595832824707,82.2914047241211,-101.27735900878906,4.921091079711914,83.16179656982422,-124.00824737548828,14.999011993408203,94.53004455566406,-135.3966522216797,32.82946014404297,95.44893646240234,-72.30230712890625,6.539037227630615,103.7435073852539,-91.63088989257812,9.521140098571777,108.22068786621094,-109.68058776855469,14.576784133911133,113.94578552246094,-124.48408508300781,25.065683364868164
19,92.78945922851562,6.240763187408447,6.159209251403809,61.2065315246582,-9.724661827087402,15.201725006103516,30.9134578704834,-7.895963191986084,11.498339653015137,11.065799713134766,-26.04334831237793,12.823796272277832,-0.5616918206214905,0.18165260553359985,-6.925118923187256,41.63674545288086,-59.4909782409668,-15.880027770996094,17.37811851501465,-74.3516845703125,-31.55706024169922,9.784276962280273,-92.47261047363281,-20.88239097595215,-1.197900652885437,-112.11495208740234,-13.096887588500977,59.51023483276367,-72.32573699951172,-23.582908630371094,53.516117095947266,-100.99535369873047,-35.09251022338867,40.92835235595703,-120.54694366455078,-32.019561767578125,40.42369842529297,-143.72097778320312,-46.273895263671875,84.20735168457031,-71.21218872070312,-20.10102081298828,84.77425384521484,-98.2417984008789,-28.22506332397461,84.24669647216797,-117.41896057128906,-12.304389953613281,87.98211669921875,-129.70285034179688,7.915858268737793,103.1476821899414,-69.20407104492188,-13.497602462768555,112.62741088867188,-88.02970123291016,-16.462677001953125,117.75643157958984,-104.39107513427734,-7.562601089477539,118.2022705078125,-118.61112213134766,3.8279480934143066
20,92.76680755615234,6.245301723480225,6.183777809143066,61.22102355957031,-9.653806686401367,15.197209358215332,30.95097541809082,-7.843627452850342,11.503914833068848,11.115482330322266,-25.993619918823242,12.835241317749023,-0.5204463601112366,0.2399235963821411,-6.9232025146484375,41.786170959472656,-59.41613006591797,-15.839357376098633,17.5086612701416,-74.23963165283203,-31.463369369506836,9.885821342468262,-92.36201477050781,-20.811378479003906,-1.14322829246521,-112.00906372070312,-13.057615280151367,59.561492919921875,-72.28946685791016,-23.49287223815918,53.53403854370117,-100.94676971435547,-35.034263610839844,40.892494201660156,-120.49177551269531,-31.949176788330078,40.436824798583984,-143.68089294433594,-46.2557373046875,84.16920471191406,-71.22628021240234,-20.06536293029785,84.75137329101562,-98.28984832763672,-28.20802116394043,84.22562408447266,-117.45341491699219,-12.228265762329102,87.97014617919922,-129.72274780273438,8.022744178771973,103.06915283203125,-69.23058319091797,-13.533945083618164,112.58738708496094,-88.06597900390625,-16.478391647338867,117.73084259033203,-104.42754364013672,-7.531451225280762,118.17272186279297,-118.65028381347656,3.8937888145446777
21,92.03523254394531,6.147841930389404,6.245095729827881,111.25517272949219,-8.623448371887207,-20.155126571655273,134.52297973632812,-27.525623321533203,-17.291732788085938,133.25868225097656,-51.29690933227539,-29.383548736572266,162.2063446044922,-41.668922424316406,-41.388877868652344,83.92162322998047,-42.54957580566406,-62.81761169433594,68.9070816040039,-65.60028839111328,-79.73856353759766,61.45448303222656,-83.04405975341797,-68.05877685546875,49.78964614868164,-102.5111083984375,-59.76335144042969,62.414878845214844,-35.55080795288086,-67.0386734008789,35.987884521484375,-48.83964920043945,-77.87535858154297,23.970008850097656,-67.38090515136719,-85.85115814208984,3.0785017013549805,-80.12271118164062,-73.64157104492188,49.17090606689453,-16.309667587280273,-59.40830993652344,28.174528121948242,-14.68509292602539,-78.19670104980469,9.38035774230957,-24.150724411010742,-64.85888671875,-5.805980205535889,-25.037738800048828,-45.359886169433594,41.98897933959961,1.321517825126648,-53.49246597290039,21.56475830078125,2.247389316558838,-59.441246032714844,2.698784589767456,1.8314039707183838,-55.44828796386719,-14.634679794311523,-0.13951212167739868,-44.333282470703125
22,91.7330093383789,6.091501235961914,6.297487735748291,59.369842529296875,-5.981941223144531,14.574019432067871,33.047645568847656,7.211839199066162,19.60648536682129,8.333174705505371,16.678178787231445,22.258914947509766,-19.336454391479492,12.924287796020508,40.01496124267578,37.09805679321289,-55.308650970458984,-12.839956283569336,15.136148452758789,-75.36022186279297,-25.326356887817383,-1.3703964948654175,-88.1165542602539,-17.594100952148438,-9.511693954467773,-107.24556732177734,-5.3854546546936035,53.4620246887207,-70.33222198486328,-18.53516387939453,52.29890823364258,-100.19998168945312,-28.60240936279297,37.373817443847656,-117.67896270751953,-33.5339469909668,41.870849609375,-130.51478576660156,-10.912075996398926,77.4940185546875,-71.32736206054688,-14.070995330810547,90.26765441894531,-95.98636627197266,-19.159788131713867,87.72736358642578,-116.61137390136719,-5.403805732727051,90.25009155273438,-131.33201599121094,13.590980529785156,95.96511840820312,-70.5498046875,-6.763542175292969,109.08426666259766,-87.1617202758789,-9.032800674438477,114.64909362792969,-104.26648712158203,-2.1594021320343018,118.9571304321289,-120.00948333740234,7.5226945877075195
23,91.63434600830078,6.093368053436279,6.305140972137451,102.94764709472656,-21.328683853149414,-13.081405639648438,121.05631256103516,-42.02125930786133,-1.5934165716171265,129.90029907226562,-60.86865234375,14.896299362182617,160.2353515625,-57.6040153503418,1.737175464630127,68.25035858154297,-70.46572875976562,-19.882661819458008,59.73958206176758,-100.46735382080078,-28.06385612487793,48.84141540527344,-114.37588500976562,-14.550073623657227,35.857051849365234,-128.67005920410156,-0.16455352306365967,45.89999008178711,-65.53966522216797,-19.58129119873047,21.613807678222656,-82.42845153808594,-30.477649688720703,11.784247398376465,-103.68080139160156,-28.327272415161133,-4.963346004486084,-105.26908111572266,-6.628930568695068,33.46335220336914,-44.577030181884766,-19.06672477722168,5.889017105102539,-45.54932403564453,-24.83363914489746,-9.605975151062012,-58.02402114868164,-9.85405445098877,-24.249967575073242,-63.76585388183594,9.034674644470215,26.39763069152832,-26.171859741210938,-21.197492599487305,5.170583724975586,-24.696420669555664,-20.29983139038086,-10.772310256958008,-27.898807525634766,-9.96192741394043,-26.265979766845703,-34.01003646850586,-1.2561380863189697
24,92.11304473876953,6.128998756408691,6.325183391571045,58.33916091918945,-3.723773717880249,12.166756629943848,28.97334861755371,2.049379587173462,12.850592613220215,3.958635091781616,-1.333801507949829,21.440410614013672,-4.71963357925415,22.53595733642578,-2.803050994873047,34.94108581542969,-52.04459762573242,-16.792070388793945,19.139732360839844,-78.7256088256836,-26.1143741607666,12.1409912109375,-91.39142608642578,-9.120134353637695,6.801467418670654,-109.71221160888672,5.336917877197266,50.76694107055664,-68.18083190917969,-21.224706649780273,46.502159118652344,-99.07173156738281,-26.124187469482422,33.37070846557617,-118.54361724853516,-27.977750778198242,28.35592269897461,-137.70248413085938,-10.133441925048828,74.34149932861328,-70.71475219726562,-14.978543281555176,85.06517791748047,-96.65531158447266,-18.448657989501953,80.93142700195312,-114.72917938232422,-1.7189271450042725,75.75533294677734,-131.03451538085938,14.87943172454834,92.23029327392578,-71.1265640258789,-6.165297508239746,102.69782257080078,-89.74969482421875,-6.911759376525879,107.87116241455078,-104.95552062988281,3.861711263656616,110.23966979980469,-119.65744018554688,15.086304664611816
25,91.67969512939453,6.096503257751465,6.3193440437316895,110.94477844238281,-8.400782585144043,-19.62970733642578,129.39952087402344,-31.472898483276367,-23.267105102539062,154.93692016601562,-38.15248107910156,-20.390670776367188,179.2513427734375,-25.069095611572266,-37.92795944213867,86.76811981201172,-50.2801628112793,-56.0755729675293,80.22744750976562,-78.23212432861328,-70.79891967773438,76.55604553222656,-90.77755737304688,-52.79417037963867,74.91181945800781,-112.78002166748047,-60.54343795776367,64.29967498779297,-47.25447082519531,-59.27507019042969,38.77356719970703,-61.63080978393555,-70.9207992553711,39.38105773925781,-84.40421295166016,-76.77871704101562,25.104969024658203,-90.22884368896484,-54.175445556640625,48.75971221923828,-29.69338607788086,-52.69347381591797,24.902759552001953,-42.88506317138672,-59.89724349975586,11.8519926071167,-57.6840934753418,-44.689422607421875,-0.4826262593269348,-64.33154296875,-24.369369506835938,39.38246536254883,-12.811677932739258,-48.19384765625,20.228548049926758,-21.219438552856445,-52.24527359008789,4.278263092041016,-27.9106388092041,-43.732643127441406,-8.908689498901367,-37.62567901611328,-33.60487365722656
26,92.2838363647461,6.144897937774658,6.269799709320068,57.416473388671875,-1.1852327585220337,2.093841314315796,28.985172271728516,7.4940080642700195,-2.342050313949585,5.8175883293151855,20.70835304260254,-3.7944087982177734,-10.499711990356445,13.573594093322754,23.764442443847656,37.886043548583984,-30.957477569580078,-47.82114028930664,19.167320251464844,-53.26539993286133,-62.05821228027344,9.162508964538574,-69.56916809082031,-50.59520721435547,-1.8953793048858643,-90.58370971679688,-48.59311294555664,53.715999603271484,-45.703121185302734,-55.945091247558594,47.65780258178711,-75.8240966796875,-62.64804458618164,37.63557815551758,-97.0118408203125,-61.49959182739258,42.5470085144043,-109.43142700195312,-38.48946762084961,75.58123779296875,-53.26361083984375,-47.540985107421875,90.47958374023438,-76.59709167480469,-52.93442916870117,86.84794616699219,-95.750244140625,-37.4390869140625,88.46639251708984,-105.37178802490234,-15.02808952331543,91.41778564453125,-59.252620697021484,-36.901763916015625,103.78987884521484,-76.32999420166016,-39.87246322631836,111.77474975585938,-92.2303466796875,-32.45201873779297,114.03047943115234,-100.38111877441406,-14.260008811950684
27,92.46956634521484,6.179022312164307,6.137941360473633,57.21699523925781,1.5853071212768555,-1.311724066734314,34.74224853515625,14.660293579101562,-16.94439697265625,9.685766220092773,24.153392791748047,-17.676128387451172,16.903507232666016,45.977272033691406,-44.476043701171875,39.623538970947266,-20.43742561340332,-56.233009338378906,21.443811416625977,-42.00930404663086,-72.28594207763672,12.2340087890625,-58.20708084106445,-60.080894470214844,-3.1461827754974365,-75.8501205444336,-61.28702926635742,55.52053451538086,-35.074398040771484,-64.96753692626953,50.55668640136719,-65.39871215820312,-70.98580932617188,39.996402740478516,-84.0810775756836,-80.10539245605469,42.85011291503906,-95.56025695800781,-56.63037109375,76.41932678222656,-45.065650939941406,-55.787288665771484,88.33070373535156,-69.66722869873047,-62.01612854003906,84.21212005615234,-86.91889190673828,-44.704036712646484,86.51410675048828,-96.66468048095703,-22.449739456176758,91.1202621459961,-53.34732437133789,-44.79630661010742,102.62213134765625,-70.3738021850586,-49.8118782043457,112.19282531738281,-85.7689208984375,-43.571311950683594,115.19225311279297,-94.13844299316406,-25.15101432800293
28,92.85028076171875,6.231703281402588,6.183777332305908,107.19740295410156,-11.24622631072998,-22.42469596862793,121.71607208251953,-38.04225540161133,-21.701780319213867,144.67977905273438,-51.96550750732422,-23.397686004638672,159.20474243164062,-35.466163635253906,-47.44752502441406,72.83512878417969,-51.78750228881836,-54.34192657470703,58.379547119140625,-75.7722396850586,-70.868408203125,48.51850128173828,-95.38021850585938,-66.64141845703125,45.828983306884766,-118.95814514160156,-67.9616928100586,50.27585220336914,-45.88259506225586,-54.25786209106445,24.32354164123535,-62.00667953491211,-61.39937973022461,8.526688575744629,-73.2720947265625,-74.50006866455078,1.2475885152816772,-78.22171020507812,-48.970401763916016,37.838375091552734,-25.94795036315918,-46.00844192504883,11.267438888549805,-32.23748779296875,-52.94463348388672,-1.6483198404312134,-42.97306442260742,-34.55649185180664,-10.914068222045898,-46.584381103515625,-11.93229866027832,31.10759735107422,-7.705996990203857,-40.754676818847656,9.918972969055176,-8.201210021972656,-38.75066375732422,-4.280468463897705,-6.285377025604248,-25.80546760559082,-14.635026931762695,-8.712664604187012,-8.94278335571289
29,93.84626007080078,6.326085567474365,6.2022504806518555,57.099090576171875,0.5204346776008606,5.329831600189209,27.714372634887695,9.822981834411621,5.392350673675537,6.296476364135742,-5.884280204772949,10.858247756958008,-18.279571533203125,-2.6129074096679688,-14.943961143493652,32.43135070800781,-38.36756896972656,-37.011573791503906,13.086885452270508,-64.32070922851562,-42.10740280151367,1.8393648862838745,-83.01264190673828,-36.765628814697266,-7.822029113769531,-102.38642883300781,-26.075796127319336,47.6949577331543,-55.96085739135742,-42.515560150146484,50.173545837402344,-87.68724060058594,-44.03285598754883,40.800540924072266,-108.6041488647461,-38.24637222290039,40.83078384399414,-125.05546569824219,-17.006717681884766,70.36693572998047,-63.26704406738281,-33.099578857421875,74.36106872558594,-91.29664611816406,-37.08171844482422,74.58422088623047,-111.82553100585938,-22.487730026245117,78.16422271728516,-119.15206909179688,0.39201974868774414,86.86814880371094,-68.02766418457031,-21.5328369140625,99.18241882324219,-85.5574722290039,-22.519357681274414,106.29335021972656,-100.56288146972656,-12.420042991638184,108.60845184326172,-111.15882110595703,3.4384801387786865
30,94.1497802734375,6.347417831420898,6.154462814331055,57.81110382080078,-1.1514136791229248,11.372058868408203,26.850250244140625,-2.6949522495269775,12.301797866821289,0.8013136386871338,-5.836718559265137,5.04389762878418,-29.95735740661621,-17.934921264648438,-5.806849479675293,30.016035079956055,-47.79248046875,-20.23497200012207,15.398298263549805,-77.22444915771484,-22.539424896240234,6.482677459716797,-95.03572082519531,-11.957586288452148,-2.7956106662750244,-113.56036376953125,0.4111155867576599,45.805572509765625,-65.43700408935547,-24.8041934967041,44.81076431274414,-97.2815933227539,-27.275644302368164,41.82234573364258,-117.12621307373047,-14.709259986877441,33.95996856689453,-136.92640686035156,1.2445263862609863,70.16929626464844,-69.98173522949219,-17.360523223876953,74.28311920166016,-98.30146026611328,-17.422496795654297,74.53211975097656,-118.09871673583984,-1.779213547706604,69.06341552734375,-129.95484924316406,17.873655319213867,88.39570617675781,-71.97366333007812,-7.396369934082031,98.61800384521484,-90.78189086914062,-5.831839561462402,102.41938018798828,-107.22759246826172,3.8656182289123535,102.12139129638672,-118.19712829589844,19.16844367980957
31,92.72924041748047,6.173539161682129,6.2529473304748535,58.95238494873047,-6.571963310241699,2.706577777862549,30.039241790771484,-3.4648571014404297,-5.612604141235352,19.297868728637695,-26.77202033996582,-13.430947303771973,-9.501058578491211,-43.70624923706055,-5.533389568328857,43.53303146362305,-41.131710052490234,-45.927066802978516,28.261972427368164,-69.35368347167969,-51.64314651489258,15.187942504882812,-86.69236755371094,-46.22210693359375,24.10194969177246,-109.4240951538086,-46.292667388916016,61.730384826660156,-53.90101623535156,-53.547019958496094,66.92229461669922,-84.81061553955078,-58.53152847290039,55.031761169433594,-102.39044952392578,-48.25790786743164,40.82204818725586,-122.74701690673828,-38.34768295288086,84.87680053710938,-57.890628814697266,-44.62469482421875,85.44994354248047,-85.19786834716797,-52.346675872802734,85.73561096191406,-104.98136138916016,-36.99332046508789,87.06623077392578,-115.8292465209961,-15.74272632598877,101.61569213867188,-61.06304931640625,-33.5092658996582,105.56344604492188,-81.5792236328125,-37.837379455566406,111.61443328857422,-99.02183532714844,-32.19658660888672,116.57427215576172,-114.03471374511719,-21.1483097076416
32,93.89641571044922,6.305902004241943,6.226368427276611,58.3774528503418,-1.5513566732406616,-0.8940459489822388,32.90421676635742,2.7109594345092773,-17.52684211730957,11.692617416381836,-13.186845779418945,-23.233192443847656,-16.84477996826172,-19.676025390625,-43.568275451660156,42.636207580566406,-35.08736038208008,-51.369625091552734,33.25729751586914,-66.51632690429688,-54.961509704589844,25.284076690673828,-85.22867584228516,-45.08622741699219,19.451465606689453,-107.36504364013672,-37.09133529663086,60.02135467529297,-50.685665130615234,-56.88621139526367,57.02505111694336,-82.50048828125,-57.29648971557617,50.63521194458008,-104.71200561523438,-51.9144172668457,49.70838928222656,-123.49201965332031,-32.63280487060547,81.73960876464844,-57.85974884033203,-45.21757125854492,84.23841857910156,-86.05159759521484,-48.95085525512695,80.47279357910156,-109.06777954101562,-39.368289947509766,81.80486297607422,-121.79353332519531,-18.555269241333008,96.70458984375,-63.38389205932617,-31.96388053894043,105.76831817626953,-82.43216705322266,-36.19978332519531,103.86383819580078,-100.48003387451172,-29.05348014831543,104.05957794189453,-106.98088836669922,-9.014591217041016
33,94.11717987060547,6.351933479309082,6.224560260772705,59.40668487548828,-2.63061785697937,-3.669278144836426,31.767070770263672,1.066083550453186,-16.823965072631836,21.453828811645508,-20.99071502685547,-28.890199661254883,-5.591437339782715,-15.313759803771973,-51.578067779541016,48.200584411621094,-30.681058883666992,-58.74589538574219,38.25956344604492,-61.7868766784668,-63.90473175048828,30.223758697509766,-80.4939956665039,-53.91194152832031,21.814912796020508,-98.86112976074219,-40.492855072021484,66.85228729248047,-44.37625503540039,-65.153564453125,64.23419952392578,-76.19850158691406,-65.60546112060547,61.99262619018555,-98.16487121582031,-56.81440353393555,59.92108917236328,-119.56803131103516,-40.600337982177734,88.4881591796875,-51.58702850341797,-53.38302230834961,91.6686019897461,-79.47785949707031,-58.40397262573242,87.43132781982422,-102.14066314697266,-48.17753982543945,86.94338989257812,-124.89745330810547,-39.091896057128906,103.16816711425781,-57.86967849731445,-40.17039108276367,112.37114715576172,-77.13552856445312,-43.4243049621582,109.83692169189453,-96.50080871582031,-41.762908935546875,108.6287612915039,-110.79241180419922,-26.596233367919922
34,94.4940185546875,6.387517929077148,6.238842964172363,59.81958770751953,-2.428602457046509,-4.611175060272217,31.91609001159668,2.730219602584839,-17.004459381103516,11.710837364196777,-9.05136489868164,-31.019939422607422,-11.375114440917969,-10.60572624206543,-58.29437255859375,49.618587493896484,-28.965621948242188,-60.92575454711914,39.73945236206055,-60.378143310546875,-65.09252166748047,31.37576675415039,-78.5112075805664,-54.146453857421875,23.949857711791992,-97.31880187988281,-40.500362396240234,68.57335662841797,-42.44711685180664,-67.3984603881836,64.7991714477539,-74.26786804199219,-67.53397369384766,62.90570068359375,-96.60438537597656,-59.3791389465332,60.43544387817383,-119.48280334472656,-45.17981719970703,90.1583023071289,-49.95680618286133,-55.39527130126953,93.605712890625,-77.83741760253906,-60.83275604248047,89.21443176269531,-101.42315673828125,-52.77372360229492,85.13754272460938,-124.36764526367188,-45.7612190246582,104.66492462158203,-56.67031478881836,-42.008567810058594,114.2201156616211,-75.74899291992188,-46.008914947509766,110.94618225097656,-95.14320373535156,-44.82792663574219,110.10442352294922,-109.73538208007812,-29.44469451904297
35,94.30068969726562,6.380174160003662,6.226951599121094,111.48998260498047,-8.926412582397461,-23.113367080688477,126.92728424072266,-34.48204803466797,-31.12729835510254,112.97759246826172,-57.03925704956055,-37.25668716430664,131.54432678222656,-86.44928741455078,-40.34117126464844,82.02079010009766,-51.47361373901367,-58.86137771606445,62.08125686645508,-77.00310516357422,-65.79832458496094,54.19645690917969,-95.11414337158203,-54.534080505371094,47.39845275878906,-114.22364044189453,-40.8763427734375,58.34407043457031,-47.25471115112305,-59.09107971191406,33.506160736083984,-67.09700012207031,-62.62622833251953,19.04022979736328,-86.0172348022461,-63.21881866455078,7.053786754608154,-96.2965316772461,-40.509647369384766,43.50083923339844,-28.262104034423828,-50.16473388671875,18.997303009033203,-42.655311584472656,-52.895999908447266,6.039243221282959,-61.254337310791016,-41.74948501586914,-9.524896621704102,-74.4140625,-27.655561447143555,34.964237213134766,-10.15715503692627,-44.62810516357422,16.35797691345215,-20.118213653564453,-39.68144607543945,3.6614723205566406,-34.80259323120117,-36.43464660644531,-7.117912292480469,-46.10869216918945,-20.951486587524414
36,94.1487045288086,6.362581253051758,6.222245216369629,110.96662902832031,-10.796873092651367,-22.182159423828125,125.1558837890625,-37.33366775512695,-29.060604095458984,111.29994201660156,-59.88900375366211,-35.257293701171875,123.92256927490234,-83.83629608154297,-55.982322692871094,80.6024169921875,-54.069984436035156,-55.95167541503906,59.42892837524414,-78.63701629638672,-62.465919494628906,49.583717346191406,-96.28821563720703,-52.102962493896484,40.50452423095703,-113.95819091796875,-37.8459587097168,57.10736083984375,-49.24123764038086,-56.539554595947266,31.581018447875977,-67.83587646484375,-61.59613800048828,16.48283576965332,-86.25086975097656,-61.3228645324707,-0.8876919746398926,-95.23974609375,-41.75495529174805,42.77245330810547,-29.48801040649414,-48.630767822265625,17.613969802856445,-42.40388488769531,-52.4639778137207,1.4788098335266113,-59.34040069580078,-42.97917175292969,-15.920955657958984,-73.21676635742188,-32.68170166015625,34.71063232421875,-10.947843551635742,-44.00068283081055,14.570459365844727,-18.394453048706055,-41.129024505615234,1.1138300895690918,-32.24822235107422,-37.433753967285156,-10.394990921020508,-42.34052276611328,-21.627880096435547
37,94.88174438476562,6.430759906768799,6.252957344055176,60.02959442138672,-1.7838534116744995,-5.191171646118164,33.50143814086914,3.9022247791290283,-20.430355072021484,12.431349754333496,-10.653478622436523,-30.077106475830078,-13.218588829040527,-10.808903694152832,-55.50906753540039,50.1297492980957,-28.82171058654785,-61.56081771850586,40.897525787353516,-60.642799377441406,-65.03788757324219,32.77473831176758,-79.15762329101562,-54.35538864135742,24.339702606201172,-96.85408782958984,-39.72795867919922,69.02127075195312,-42.810142517089844,-67.56658935546875,66.00775146484375,-74.84090423583984,-66.75245666503906,59.255271911621094,-97.72186279296875,-64.49047088623047,60.0964241027832,-116.39633178710938,-44.630184173583984,90.37979888916016,-50.657989501953125,-55.090248107910156,93.4136962890625,-78.7204360961914,-60.51389694213867,88.51715087890625,-101.1398696899414,-49.590423583984375,85.51404571533203,-122.71826171875,-38.352725982666016,104.5728759765625,-57.60555648803711,-41.306785583496094,114.0733642578125,-76.8810806274414,-45.16276168823242,108.42671203613281,-95.83097839355469,-43.75457000732422,109.66609954833984,-108.8249740600586,-25.660030364990234
38,95.3553695678711,6.47879695892334,6.261020183563232,59.98797607421875,-2.013016939163208,-4.281228542327881,33.44941711425781,1.7973142862319946,-20.416444778442383,13.007305145263672,-11.457277297973633,-33.13164520263672,-14.806501388549805,-10.505992889404297,-56.18949890136719,48.540504455566406,-28.286256790161133,-61.16281509399414,40.350040435791016,-60.388275146484375,-65.92696380615234,32.312286376953125,-78.7576675415039,-54.73078918457031,28.054967880249023,-99.47122955322266,-41.998138427734375,67.59510803222656,-41.982261657714844,-68.01783752441406,64.4329833984375,-74.11146545410156,-67.473388671875,56.64069366455078,-96.63926696777344,-64.32217407226562,56.98883819580078,-115.07196807861328,-44.1191291809082,89.59801483154297,-49.82582092285156,-56.25674057006836,91.81816101074219,-78.14907836914062,-61.22832107543945,86.13126373291016,-100.04341125488281,-49.44340896606445,82.07840728759766,-120.5633544921875,-36.57078552246094,104.35327911376953,-56.93293762207031,-42.92387390136719,113.75467681884766,-76.3375473022461,-46.9156379699707,106.26683807373047,-94.66851043701172,-44.76068115234375,106.9951171875,-106.08259582519531,-25.45734405517578
39,95.30339813232422,6.455624580383301,6.232370853424072,111.90606689453125,-11.400459289550781,-22.789270401000977,126.18717193603516,-38.74778366088867,-28.10795783996582,134.44131469726562,-61.56569290161133,-41.006282806396484,138.6913604736328,-82.92310333251953,-67.92243957519531,80.98006439208984,-56.738399505615234,-55.09732437133789,61.37751007080078,-83.09465789794922,-61.474002838134766,51.68143081665039,-100.7834243774414,-50.565513610839844,42.769447326660156,-118.9990463256836,-36.553871154785156,56.93265914916992,-52.06766891479492,-54.95466613769531,32.99262237548828,-73.44174194335938,-58.55516815185547,17.991342544555664,-91.5168685913086,-53.61863327026367,2.1411850452423096,-103.6862564086914,-34.387237548828125,42.29269790649414,-31.814321517944336,-46.9057502746582,16.84576416015625,-45.23290252685547,-48.953857421875,1.6618688106536865,-63.0018196105957,-38.79368209838867,-14.797531127929688,-76.7094955444336,-26.086397171020508,34.033321380615234,-12.811224937438965,-42.49199676513672,14.28177547454834,-20.63294792175293,-37.2850456237793,0.8421000242233276,-33.95198440551758,-31.275875091552734,-10.058064460754395,-45.175270080566406,-16.63950538635254
40,94.92537689208984,6.40918493270874,6.23089075088501,59.64342498779297,-2.6910955905914307,-3.3154096603393555,30.834253311157227,1.127066969871521,-14.520953178405762,7.6873674392700195,-1.8537510633468628,-28.843660354614258,-18.284626007080078,-16.900850296020508,-46.390018463134766,47.68950653076172,-34.73588180541992,-56.660213470458984,36.38197708129883,-65.94456481933594,-59.86268997192383,29.286888122558594,-84.52633666992188,-48.601585388183594,20.961820602416992,-103.12940979003906,-35.202880859375,66.44375610351562,-49.381553649902344,-61.91525650024414,60.164817810058594,-80.9870376586914,-61.406715393066406,54.99296188354492,-104.13147735595703,-58.12105941772461,54.92409133911133,-126.71017456054688,-42.90596389770508,88.24742126464844,-56.192100524902344,-49.254268646240234,92.13729858398438,-84.2650375366211,-54.20879364013672,87.32769012451172,-107.58966827392578,-45.329254150390625,86.13868713378906,-130.62950134277344,-36.56023406982422,102.89429473876953,-61.90174865722656,-35.195858001708984,112.88634490966797,-81.18793487548828,-37.0616569519043,110.58082580566406,-100.8023910522461,-36.08709716796875,109.85720825195312,-113.65335845947266,-19.04667854309082
41,94.86185455322266,6.401905536651611,6.2436203956604,59.643001556396484,-2.9088571071624756,-3.0414531230926514,31.130619049072266,0.8647539615631104,-14.841288566589355,8.496232032775879,-2.13073992729187,-29.91094970703125,-17.253793716430664,-17.16675567626953,-47.679752349853516,47.303253173828125,-33.11676025390625,-57.285499572753906,36.388954162597656,-64.39391326904297,-61.04496765136719,29.080724716186523,-82.95562744140625,-49.89479446411133,20.18140983581543,-101.19866943359375,-36.41485595703125,66.16809844970703,-47.22652816772461,-63.41619110107422,60.25623321533203,-78.90219116210938,-63.610530853271484,55.18766784667969,-102.05362701416016,-60.19627380371094,55.153564453125,-124.74690246582031,-45.15471267700195,88.26659393310547,-54.13132858276367,-51.42951583862305,91.52079010009766,-82.24590301513672,-56.53827667236328,86.68575286865234,-105.49301147460938,-47.49051284790039,85.52822875976562,-128.7171630859375,-39.224525451660156,103.22015380859375,-60.12581253051758,-37.85783004760742,113.20973205566406,-79.36224365234375,-40.22500228881836,109.81456756591797,-98.78709411621094,-38.756072998046875,108.00659942626953,-111.64999389648438,-22.05870246887207
42,94.99476623535156,6.4200968742370605,6.248258113861084,59.78587341308594,-2.793504476547241,-3.470238208770752,32.825618743896484,1.935416340827942,-18.312177658081055,11.231121063232422,-2.0681111812591553,-34.67781066894531,-13.295896530151367,-13.644540786743164,-56.88799285888672,47.687538146972656,-30.435914993286133,-59.23522186279297,39.09551239013672,-62.422142028808594,-63.3897705078125,31.384185791015625,-80.95279693603516,-52.40271759033203,27.354990005493164,-101.82440948486328,-40.0540657043457,66.73348999023438,-44.03764724731445,-66.0783462524414,63.26823043823242,-76.09255981445312,-65.35260009765625,55.769954681396484,-98.57450103759766,-61.75697708129883,54.807830810546875,-118.23912811279297,-42.93748092651367,88.95367431640625,-51.30979537963867,-54.45707702636719,91.53060913085938,-79.57614135742188,-59.25553894042969,86.93913269042969,-101.9236831665039,-47.99995803833008,83.72276306152344,-123.78059387207031,-37.36906433105469,103.99317932128906,-57.842308044433594,-41.19069290161133,114.1559066772461,-76.74811553955078,-45.18351745605469,107.77313995361328,-95.13813781738281,-41.52943420410156,108.76345825195312,-107.06439971923828,-22.924036026000977
43,95.75155639648438,6.5040507316589355,6.2519707679748535,60.29970932006836,-3.041938304901123,-4.066677093505859,33.77135467529297,0.9281984567642212,-20.492555618286133,12.306312561035156,-1.9675488471984863,-37.57432174682617,-12.917481422424316,-15.624176979064941,-57.75039291381836,49.01144790649414,-30.17018699645996,-60.97053527832031,40.82292938232422,-62.33013153076172,-66.2939682006836,32.328128814697266,-79.36363220214844,-53.318023681640625,29.458362579345703,-100.61180114746094,-40.93353271484375,68.58069610595703,-43.5146598815918,-67.80843353271484,65.19080352783203,-75.73757934570312,-67.7059326171875,56.69704818725586,-97.89591979980469,-63.52494812011719,55.883445739746094,-116.14598083496094,-43.14206314086914,91.02410125732422,-50.7541389465332,-55.912967681884766,92.97769927978516,-79.05290985107422,-61.64352035522461,87.71985626220703,-101.47245025634766,-50.508296966552734,81.70465850830078,-121.85189056396484,-38.407222747802734,106.1029052734375,-57.4355354309082,-42.4213981628418,116.03441619873047,-76.51115417480469,-46.986549377441406,113.87792205810547,-94.63211822509766,-38.89141845703125,109.98225402832031,-106.18253326416016,-22.846281051635742
44,95.64703369140625,6.505972385406494,6.2451171875,60.11723327636719,-2.8645381927490234,-3.7803878784179688,33.75616455078125,2.4536311626434326,-20.043895721435547,13.41957950592041,0.044718850404024124,-38.48662185668945,-12.026808738708496,-11.203039169311523,-59.85361862182617,48.061161041259766,-28.038593292236328,-61.34347915649414,40.484317779541016,-60.12529754638672,-67.67467498779297,31.95813751220703,-76.78981018066406,-54.27842712402344,29.329252243041992,-97.75997924804688,-41.407127380371094,67.5353775024414,-40.97282791137695,-68.96916198730469,65.45069122314453,-73.24462890625,-68.59687805175781,56.960731506347656,-95.53610229492188,-65.3656234741211,56.06526184082031,-112.69017791748047,-44.137081146240234,90.16547393798828,-48.45692825317383,-57.786094665527344,92.68073272705078,-76.7103042602539,-63.21609878540039,87.4847412109375,-98.28395080566406,-50.570457458496094,82.62338256835938,-119.30570983886719,-38.917869567871094,105.48257446289062,-55.499210357666016,-44.86842727661133,115.17374420166016,-74.8176498413086,-48.76839065551758,113.09846496582031,-92.65499877929688,-40.07184982299805,109.9821548461914,-105.94197082519531,-25.37067985534668
45,96.10826873779297,6.551308631896973,6.223013401031494,60.378238677978516,-2.4360101222991943,-4.75066614151001,33.48234176635742,2.3768162727355957,-20.701616287231445,12.282891273498535,-0.16854144632816315,-38.317359924316406,-14.325835227966309,-14.00120735168457,-56.425479888916016,49.39617156982422,-28.331148147583008,-62.703617095947266,40.95311737060547,-60.5355339050293,-68.00843811035156,32.62179946899414,-77.4166488647461,-54.645572662353516,30.55763816833496,-98.7090835571289,-42.06932067871094,69.1023941040039,-41.77006149291992,-69.56295776367188,66.06544494628906,-74.0440902709961,-69.3685531616211,58.42115020751953,-96.45986938476562,-64.89093780517578,56.70942306518555,-113.92115020751953,-43.95411682128906,91.4542007446289,-49.54441452026367,-57.42179489135742,94.20232391357422,-77.77503204345703,-63.22462844848633,89.04518127441406,-99.64354705810547,-50.95221710205078,83.72419738769531,-120.13042449951172,-38.55552673339844,106.33474731445312,-56.732608795166016,-43.79331970214844,116.32890319824219,-75.90513610839844,-47.82956314086914,110.64037322998047,-93.40872192382812,-40.02639389038086,111.27638244628906,-108.34910583496094,-24.49867820739746
46,96.01175689697266,6.540818214416504,6.230165481567383,60.18498611450195,-2.104327917098999,-4.446776866912842,33.20121765136719,4.086170196533203,-19.6533260345459,11.76959228515625,3.2121353149414062,-37.1069450378418,-11.519983291625977,-10.283222198486328,-59.536293029785156,48.65592575073242,-28.401103973388672,-62.03245162963867,39.706764221191406,-60.5264892578125,-66.68707275390625,30.698020935058594,-77.24330139160156,-53.61016082763672,23.632905960083008,-94.32603454589844,-37.262630462646484,68.09864807128906,-42.142337799072266,-68.87371826171875,66.47810363769531,-74.48210144042969,-68.24801635742188,59.56388473510742,-97.37339782714844,-65.41386413574219,58.24164962768555,-114.57380676269531,-44.276527404785156,90.36007690429688,-50.071144104003906,-56.80458450317383,93.94622802734375,-78.37479400634766,-61.657833099365234,89.31427764892578,-99.27898406982422,-47.646671295166016,90.9061508178711,-116.7588882446289,-29.911413192749023,105.20436096191406,-57.27981948852539,-43.21879196166992,116.04496765136719,-76.14595794677734,-46.22904968261719,112.0863037109375,-94.32880401611328,-39.000797271728516,113.31097412109375,-109.78470611572266,-24.263776779174805
47,95.88789367675781,6.527672290802002,6.209787368774414,111.21540069580078,-10.254674911499023,-24.69173812866211,123.58737182617188,-38.88551330566406,-29.48379135131836,118.55313110351562,-62.28933334350586,-43.2700309753418,128.66647338867188,-81.96167755126953,-69.98493957519531,77.63700866699219,-53.025691986083984,-58.81953430175781,55.90769577026367,-77.61137390136719,-66.233154296875,48.08632278442383,-96.83834075927734,-56.29268264770508,40.385841369628906,-115.24921417236328,-41.626705169677734,53.512577056884766,-47.49272537231445,-57.46947479248047,24.994705200195312,-62.60188674926758,-60.35997009277344,15.23036003112793,-81.5036849975586,-49.13155746459961,6.208271026611328,-89.2967529296875,-23.951648712158203,39.705535888671875,-27.012441635131836,-47.68925476074219,12.523235321044922,-36.75000762939453,-45.84983825683594,0.8892956972122192,-53.98908233642578,-30.961536407470703,-8.930830001831055,-58.940677642822266,-7.841929912567139,32.22785186767578,-7.809615612030029,-41.940940856933594,12.841362953186035,-14.419968605041504,-34.18716049194336,0.03954395651817322,-25.135744094848633,-23.3485107421875,-9.992781639099121,-36.34573745727539,-9.615432739257812
48,95.72097778320312,6.491847515106201,6.200771808624268,59.19091796875,-1.8889615535736084,-1.4556878805160522,29.45166778564453,1.8431246280670166,-11.003379821777344,11.267071723937988,-10.515233039855957,-27.63564109802246,-17.292924880981445,-4.973929405212402,-48.976497650146484,42.943843841552734,-30.696369171142578,-56.404205322265625,31.217748641967773,-61.74821472167969,-61.55735397338867,21.548667907714844,-80.29988098144531,-52.11348342895508,17.33199119567871,-100.32173919677734,-38.279605865478516,61.549156188964844,-45.19415283203125,-63.88671875,60.165008544921875,-77.45542907714844,-65.55583190917969,55.03853988647461,-100.1446304321289,-59.72621154785156,54.26160430908203,-114.643798828125,-36.90349197387695,84.40995025634766,-53.012184143066406,-52.94944763183594,89.96674346923828,-81.22979736328125,-55.770816802978516,84.53976440429688,-102.50521850585938,-42.781490325927734,91.14374542236328,-117.02426147460938,-23.205347061157227,100.04595947265625,-59.77317810058594,-40.05233383178711,109.84027099609375,-79.22794342041016,-41.11515426635742,110.12406921386719,-97.42169952392578,-33.29391098022461,110.62445068359375,-105.0036849975586,-13.497903823852539
49,95.13362121582031,6.43220329284668,6.170214653015137,59.3895149230957,-1.6384259462356567,-3.661318302154541,34.096923828125,4.982970237731934,-20.73339080810547,19.336015701293945,-17.231679916381836,-27.063831329345703,-6.011218070983887,-8.249588012695312,-51.1112060546875,46.29660415649414,-28.86243438720703,-59.811553955078125,35.53160858154297,-60.13627243041992,-64.59244537353516,26.31255531311035,-77.65363311767578,-53.23508834838867,18.337257385253906,-95.12177276611328,-38.17891311645508,65.1195297241211,-43.08695983886719,-66.5920181274414,63.86997604370117,-75.18181610107422,-67.24933624267578,58.74359130859375,-98.12752532958984,-63.40027618408203,57.440147399902344,-110.6661148071289,-39.70316696166992,87.12380981445312,-51.15275573730469,-54.68171691894531,90.88053131103516,-79.23146057128906,-59.216373443603516,85.33389282226562,-99.75927734375,-45.445526123046875,90.40676879882812,-115.58358001708984,-26.73874855041504,101.91474914550781,-58.16956329345703,-41.24148178100586,110.9774169921875,-77.74020385742188,-42.89765548706055,111.16958618164062,-95.97332763671875,-35.59694290161133,109.44989776611328,-111.76189422607422,-24.255037307739258
50,95.94463348388672,6.532605171203613,6.183640003204346,59.83876037597656,-3.2932894229888916,-3.0377209186553955,32.408180236816406,-1.4993516206741333,-18.50663185119629,19.777345657348633,-13.653934478759766,-39.80839920043945,-9.098000526428223,-16.52298927307129,-60.35578155517578,47.32304763793945,-33.35694122314453,-58.66084289550781,38.26240921020508,-65.25164794921875,-63.98046875,30.67609405517578,-83.61588287353516,-52.532630920410156,23.503162384033203,-99.87446594238281,-35.70912170410156,67.0041732788086,-47.23750305175781,-65.1518783569336,63.46824645996094,-79.35221862792969,-65.30843353271484,56.57544708251953,-101.94258117675781,-61.30958938598633,55.89529037475586,-118.47175598144531,-39.865447998046875,89.7911376953125,-54.13908004760742,-53.03029251098633,91.06409454345703,-82.4344711303711,-58.52849578857422,85.70905303955078,-103.68952941894531,-45.58641052246094,87.09283447265625,-120.6268081665039,-27.512483596801758,105.11683654785156,-60.26536560058594,-39.22734832763672,112.25929260253906,-80.70977020263672,-41.94777297973633,107.4082260131836,-98.97684478759766,-36.01982498168945,108.92780303955078,-114.23563385009766,-20.99472999572754
51,95.70755004882812,6.509483337402344,6.1955461502075195,59.6295166015625,-1.5527769327163696,-3.9286417961120605,32.95552062988281,2.866198778152466,-20.007883071899414,16.73150062561035,-4.672708988189697,-40.95817184448242,-12.019388198852539,-3.3509247303009033,-61.83427047729492,46.9595947265625,-29.48259162902832,-60.2603645324707,37.22921371459961,-60.903839111328125,-66.8343276977539,28.552593231201172,-78.22280883789062,-54.574180603027344,22.559553146362305,-97.89472198486328,-41.173526763916016,66.01144409179688,-43.96870803833008,-66.75543975830078,67.66254425048828,-76.24314880371094,-66.2352294921875,57.37176513671875,-95.76319122314453,-56.87007141113281,57.523536682128906,-113.24485778808594,-35.819217681884766,88.12648010253906,-52.10151290893555,-54.495330810546875,93.16191101074219,-80.18804931640625,-58.78666687011719,88.5972900390625,-99.41204833984375,-42.695777893066406,92.95975494384766,-112.40505981445312,-21.767995834350586,102.86026763916016,-59.18309020996094,-40.68760681152344,111.6280288696289,-79.10421752929688,-42.111351013183594,108.78455352783203,-97.8154067993164,-36.27104187011719,111.76909637451172,-103.78047943115234,-14.777027130126953
52,95.69596099853516,6.509336948394775,6.214950084686279,59.480777740478516,-2.1358089447021484,-2.5453641414642334,32.31230163574219,2.5801029205322266,-17.671417236328125,9.364904403686523,-1.3744007349014282,-32.411624908447266,-17.75941276550293,-6.262894630432129,-54.887351989746094,45.22857666015625,-30.709747314453125,-58.0678825378418,35.17664337158203,-62.24810791015625,-63.5888786315918,27.26427459716797,-80.20248413085938,-51.66978073120117,21.25298309326172,-100.63958740234375,-39.4261474609375,64.16033172607422,-44.975608825683594,-65.1197280883789,63.03627014160156,-77.30987548828125,-65.44011688232422,55.05953598022461,-97.68865203857422,-55.54378890991211,55.02021408081055,-117.6263656616211,-36.78515625,86.76757049560547,-52.66903305053711,-53.662635803222656,91.3050308227539,-80.92322540283203,-57.64969253540039,86.74040985107422,-101.81822204589844,-43.71302032470703,89.78135681152344,-115.49004364013672,-23.088260650634766,102.06961822509766,-59.4187126159668,-40.397071838378906,111.54631042480469,-78.75919342041016,-44.12175369262695,108.0982666015625,-97.10029602050781,-37.343116760253906,110.07584381103516,-103.50959014892578,-16.311601638793945
53,95.6962890625,6.521451473236084,6.266842365264893,113.4103775024414,-8.876392364501953,-23.895639419555664,124.92536926269531,-36.60299301147461,-32.97539138793945,118.20744323730469,-58.91482925415039,-47.601295471191406,130.20297241210938,-81.23260498046875,-71.4969253540039,83.09839630126953,-51.34449005126953,-60.98003387451172,62.147857666015625,-76.25916290283203,-68.78180694580078,52.53458786010742,-94.53668975830078,-58.831573486328125,46.43608093261719,-112.67912292480469,-43.435237884521484,58.80352783203125,-46.68878936767578,-61.08209991455078,32.20970153808594,-64.70872497558594,-65.11381530761719,22.988941192626953,-83.25908660888672,-52.885860443115234,10.417561531066895,-90.35366821289062,-29.054603576660156,43.69758987426758,-27.112945556640625,-51.714576721191406,17.924917221069336,-40.16496658325195,-53.2713737487793,8.181102752685547,-57.96982955932617,-37.78306579589844,-5.5483317375183105,-59.98961639404297,-16.27719497680664,35.2547607421875,-8.359636306762695,-45.9527587890625,15.862930297851562,-17.486997604370117,-41.28487014770508,3.2828001976013184,-29.925792694091797,-32.17103958129883,-7.482469081878662,-41.16641616821289,-18.4197940826416
54,95.76045227050781,6.514513969421387,6.287215709686279,60.04017639160156,-2.286527395248413,-3.769205331802368,32.607093811035156,2.197532892227173,-18.31932830810547,10.073285102844238,-0.6451606750488281,-33.902591705322266,-13.320274353027344,-12.360075950622559,-57.483604431152344,47.95478439331055,-28.575321197509766,-60.8941535949707,38.75355529785156,-60.13307571411133,-67.61766815185547,30.464221954345703,-78.07636260986328,-55.86684799194336,28.267688751220703,-100.49302673339844,-45.63671875,67.23219299316406,-42.17662048339844,-68.16941833496094,64.23633575439453,-74.44893646240234,-68.53697967529297,58.49617385864258,-97.2732162475586,-63.32464599609375,56.42008972167969,-113.95662689208984,-41.86927795410156,89.68199157714844,-49.97426986694336,-56.67641067504883,92.90748596191406,-78.55635070800781,-60.109676361083984,86.7320327758789,-101.4984130859375,-50.62861633300781,90.2431411743164,-118.70835876464844,-32.682159423828125,104.7774429321289,-57.10007858276367,-43.402099609375,115.78295135498047,-76.14656066894531,-43.13761520385742,113.22639465332031,-94.46817016601562,-35.63441848754883,107.14546203613281,-106.8599853515625,-21.3525447845459
55,93.52485656738281,6.258784294128418,6.326810359954834,67.12889862060547,-18.915973663330078,3.2078893184661865,42.12910079956055,-3.2784883975982666,-4.404919624328613,16.001991271972656,-6.444214820861816,-10.453168869018555,-14.255553245544434,-17.596397399902344,-23.524782180786133,81.47636413574219,-78.17713165283203,-9.144383430480957,75.76702117919922,-103.46395874023438,-29.39420509338379,64.88482666015625,-122.39498138427734,-35.31418991088867,55.53364181518555,-144.0465087890625,-41.30266571044922,102.61799621582031,-84.04080200195312,0.05742255598306656,93.32534790039062,-113.09566497802734,-9.591886520385742,79.4455337524414,-131.87339782714844,-4.900157928466797,67.12564849853516,-156.14926147460938,-5.291224956512451,118.95509338378906,-72.07245635986328,15.409601211547852,120.07311248779297,-99.92101287841797,9.180126190185547,109.41663360595703,-121.99723815917969,15.193721771240234,97.7265853881836,-139.82272338867188,26.26955223083496,128.33529663085938,-61.03351593017578,30.027889251708984,136.91680908203125,-72.78524780273438,46.07014465332031,142.00643920898438,-85.90127563476562,59.71257019042969,144.4088134765625,-103.57781982421875,63.484161376953125
56,92.38755798339844,6.160043239593506,6.039405345916748,61.92422103881836,1.5074405670166016,-13.633415222167969,43.003631591796875,7.090571880340576,-36.78004837036133,33.83377456665039,1.3358620405197144,-61.2981071472168,40.727657318115234,10.146316528320312,-94.49752807617188,64.06818389892578,-0.2570692300796509,-75.37550354003906,62.273197174072266,-26.69426155090332,-94.32582092285156,54.05458450317383,-47.39513397216797,-92.82958984375,75.10643005371094,-41.198158264160156,-84.4913558959961,84.67869567871094,-9.441431045532227,-82.4591293334961,74.3979263305664,-38.601097106933594,-88.14604187011719,66.19928741455078,-56.64273452758789,-75.8743896484375,50.526824951171875,-73.92269134521484,-63.997032165527344,103.98213958740234,-20.57184600830078,-70.20714569091797,90.89368438720703,-44.66828536987305,-75.25159454345703,78.41260528564453,-54.31623077392578,-56.250728607177734,65.57671356201172,-67.62432098388672,-40.834144592285156,116.3986587524414,-31.281978607177734,-58.02442932128906,100.3719711303711,-43.32221221923828,-51.4543571472168,89.2420425415039,-53.148216247558594,-39.432674407958984,75.66082763671875,-62.00727462768555,-30.130765914916992
57,91.85848999023438,6.111186504364014,6.108718395233154,102.54801177978516,-27.857980728149414,11.733606338500977,99.18436431884766,-51.41865539550781,30.241321563720703,92.1160888671875,-74.39762115478516,18.717992782592773,83.61505889892578,-104.1483383178711,4.215959548950195,75.1167221069336,-74.46622467041016,-16.589235305786133,67.12350463867188,-102.24990844726562,-31.122323989868164,55.32272720336914,-116.19932556152344,-43.79288101196289,41.90666961669922,-131.8123016357422,-55.891510009765625,67.28115844726562,-67.97097778320312,-37.51694107055664,61.77842712402344,-82.2605972290039,-64.98210144042969,63.90924072265625,-105.51017761230469,-64.97431945800781,70.97248840332031,-83.72634887695312,-78.25252532958984,69.89130401611328,-47.16793441772461,-51.08324432373047,61.4959831237793,-52.08429718017578,-77.30403900146484,39.152645111083984,-62.02088165283203,-80.93287658691406,15.327871322631836,-65.00239562988281,-85.41210174560547,75.89049530029297,-30.379541397094727,-60.51535415649414,58.41852569580078,-29.436756134033203,-72.34294128417969,66.68234252929688,-30.106294631958008,-55.11981964111328,52.93929672241211,-33.53156280517578,-69.07319641113281
58,93.15702819824219,6.257469654083252,5.990885257720947,128.6222686767578,3.6634695529937744,-4.804520130157471,147.63987731933594,-5.252777099609375,-27.382951736450195,163.7880096435547,-20.690000534057617,-42.583316802978516,186.46546936035156,-40.656009674072266,-59.73163986206055,144.76425170898438,-30.583885192871094,-54.263771057128906,150.1964569091797,-54.95457458496094,-75.50159454345703,157.07656860351562,-76.31105041503906,-75.7232437133789,170.5609893798828,-95.41952514648438,-81.20437622070312,126.85139465332031,-30.520915985107422,-70.12319946289062,118.64482879638672,-59.35127258300781,-59.99613571166992,124.48582458496094,-79.18628692626953,-48.99064636230469,114.65907287597656,-94.691650390625,-29.13576316833496,104.62385559082031,-17.574623107910156,-71.84002685546875,99.00995635986328,-32.15205764770508,-48.48143768310547,104.30521392822266,-43.98225784301758,-27.279586791992188,118.13020324707031,-28.70948600769043,-16.52370834350586,89.12891387939453,-3.8676931858062744,-71.72787475585938,94.31304931640625,-6.096156120300293,-51.31226348876953,97.20115661621094,-9.374670028686523,-32.595516204833984,99.19428253173828,-21.71324920654297,-16.58726692199707
59,93.50029754638672,6.275934219360352,6.044492244720459,116.081787109375,-9.327068328857422,-19.13301658630371,121.80126953125,-32.90348815917969,-38.23844528198242,121.62507629394531,-56.182674407958984,-52.083274841308594,124.34369659423828,-81.21343231201172,-75.79998016357422,116.69966125488281,-70.90554809570312,-28.425811767578125,104.24055480957031,-101.29035949707031,-30.307260513305664,96.52570343017578,-122.42337799072266,-31.088666915893555,85.51741790771484,-143.91738891601562,-33.22988510131836,94.82634735107422,-79.85218048095703,-24.04266929626465,72.02318572998047,-101.64567565917969,-19.36224937438965,55.424625396728516,-117.74237060546875,-23.989521026611328,37.19377517700195,-135.94924926757812,-30.730634689331055,71.74879455566406,-69.16062927246094,-19.204509735107422,55.32625961303711,-92.20873260498047,-17.52515983581543,32.1678581237793,-101.70052337646484,-17.727445602416992,12.38669490814209,-114.913818359375,-14.062667846679688,54.441497802734375,-57.57047653198242,-18.424848556518555,34.95181655883789,-65.09795379638672,-14.14059066772461,19.476016998291016,-76.40192413330078,-16.728654861450195,9.143583297729492,-86.14447021484375,-27.599212646484375
60,94.94435119628906,6.483016490936279,6.15104866027832,115.07520294189453,-15.496594429016113,-17.74578094482422,116.91793823242188,-36.76353454589844,-40.63088607788086,112.98929595947266,-59.50202560424805,-55.235496520996094,107.20233154296875,-81.12095642089844,-81.52889251708984,91.94902038574219,-71.32349395751953,-36.9893913269043,82.08799743652344,-102.15342712402344,-43.534645080566406,74.76700592041016,-123.55503845214844,-44.17572021484375,58.04950714111328,-134.1726837158203,-29.840919494628906,67.35884857177734,-70.57461547851562,-37.565677642822266,48.04179763793945,-96.11369323730469,-34.435672760009766,35.078651428222656,-115.58026123046875,-39.07120132446289,20.49828338623047,-138.1946563720703,-35.24763870239258,49.34245300292969,-51.52139663696289,-34.58909606933594,35.43303298950195,-76.63823699951172,-35.48832702636719,14.155326843261719,-89.93485260009766,-38.168827056884766,1.0117366313934326,-109.76044464111328,-36.08982467651367,38.02400207519531,-33.443756103515625,-34.806488037109375,24.813812255859375,-50.451019287109375,-37.7447509765625,15.833512306213379,-67.19218444824219,-42.87286376953125,5.495458602905273,-82.12235260009766,-50.4666862487793
61,95.11075592041016,6.508167743682861,6.261554718017578,114.33659362792969,-16.657169342041016,-16.763803482055664,117.7396240234375,-41.165157318115234,-35.85466766357422,116.36492156982422,-63.69789123535156,-51.32701873779297,115.85846710205078,-82.7491226196289,-80.2544937133789,90.10560607910156,-72.83565521240234,-32.98782730102539,83.14637756347656,-104.85648345947266,-37.9570426940918,74.98358917236328,-126.10958862304688,-37.05020523071289,67.58255004882812,-147.9810028076172,-28.9581241607666,65.80182647705078,-71.99917602539062,-33.23379898071289,50.37797546386719,-100.10027313232422,-29.614084243774414,36.26689529418945,-119.33116912841797,-32.469608306884766,23.646045684814453,-143.22535705566406,-28.351463317871094,48.181636810302734,-53.06413269042969,-30.698455810546875,34.260765075683594,-78.26507568359375,-33.212066650390625,15.513017654418945,-95.35897827148438,-31.521297454833984,-1.4428608417510986,-112.6620864868164,-28.610342025756836,37.038482666015625,-35.20125961303711,-31.470008850097656,26.453603744506836,-53.35801696777344,-37.682395935058594,16.706462860107422,-70.11302947998047,-42.141326904296875,6.426535606384277,-85.37699127197266,-49.38804244995117
62,94.14955139160156,6.418720245361328,6.2740631103515625,110.02084350585938,-17.417490005493164,-17.451967239379883,114.03034973144531,-35.89899826049805,-41.84367752075195,113.12755584716797,-57.774017333984375,-57.89490509033203,114.82125854492188,-73.72929382324219,-88.22296905517578,79.17630767822266,-68.28007507324219,-36.44702911376953,73.51608276367188,-100.31342315673828,-41.273921966552734,67.54460144042969,-122.11470794677734,-42.657737731933594,59.393070220947266,-142.09666442871094,-31.383581161499023,55.66738510131836,-64.52131652832031,-36.83457946777344,40.24672317504883,-92.4620132446289,-34.21746826171875,26.019878387451172,-111.414306640625,-37.28109359741211,11.220857620239258,-134.15150451660156,-34.73622512817383,40.90835952758789,-44.15475082397461,-33.40936279296875,24.153902053833008,-66.9360580444336,-38.27642822265625,4.7228240966796875,-83.11521911621094,-38.616172790527344,-10.5344877243042,-101.70209503173828,-36.38628005981445,32.25382995605469,-25.445661544799805,-33.139190673828125,18.04598617553711,-40.746498107910156,-39.227970123291016,6.496371746063232,-56.24844741821289,-43.29623794555664,-3.682643175125122,-70.01290893554688,-52.06382369995117
63,93.48744201660156,6.338955879211426,6.287827968597412,110.26963806152344,-18.01654815673828,-15.432762145996094,114.252197265625,-36.11531066894531,-39.78408432006836,114.00981903076172,-57.90296173095703,-55.729591369628906,116.34141540527344,-75.05500030517578,-85.23434448242188,79.80409240722656,-67.67094421386719,-36.23490524291992,73.38581085205078,-99.39993286132812,-40.892417907714844,67.89403533935547,-121.17726135253906,-42.907955169677734,59.55245590209961,-140.0647430419922,-30.318532943725586,56.84671401977539,-63.359214782714844,-38.80363845825195,42.47646713256836,-91.32240295410156,-33.35911560058594,27.929340362548828,-110.03826904296875,-35.698875427246094,13.858183860778809,-133.1286163330078,-34.012664794921875,42.683135986328125,-42.78496551513672,-36.953643798828125,25.457719802856445,-65.46778869628906,-39.572086334228516,6.418992042541504,-81.98847198486328,-39.15814971923828,-9.170557975769043,-100.09423065185547,-40.40805435180664,34.67469024658203,-24.06846046447754,-37.5333366394043,20.73589324951172,-39.63972091674805,-43.1964225769043,8.896132469177246,-54.983375549316406,-46.47172927856445,0.3021731972694397,-70.64850616455078,-52.54722213745117
64,93.3129653930664,6.326250076293945,6.298075199127197,109.9213638305664,-17.457256317138672,-15.923373222351074,114.52246856689453,-39.50575637817383,-36.512813568115234,113.75794982910156,-60.808990478515625,-53.01530838012695,112.26396179199219,-78.34526062011719,-82.31322479248047,80.3874740600586,-68.00601959228516,-35.314727783203125,74.41326904296875,-99.78935241699219,-39.90195846557617,68.11165618896484,-121.32372283935547,-41.927093505859375,60.38331985473633,-139.88250732421875,-28.569664001464844,57.32008743286133,-64.53949737548828,-36.9858512878418,43.087947845458984,-92.64129638671875,-32.161502838134766,28.25221061706543,-111.07937622070312,-34.744712829589844,13.344328880310059,-133.67550659179688,-33.42329788208008,42.617069244384766,-44.58745193481445,-34.627281188964844,24.59404182434082,-66.75846862792969,-34.8582878112793,5.998015403747559,-83.5973129272461,-37.23210525512695,-9.077947616577148,-102.00680541992188,-39.87386703491211,33.983951568603516,-26.26249122619629,-34.91729736328125,20.913890838623047,-42.016090393066406,-41.89143371582031,9.586585998535156,-57.62569046020508,-45.59884262084961,1.2830867767333984,-73.47551727294922,-51.790645599365234
65,93.69097900390625,6.371427059173584,6.303922653198242,111.44609069824219,-17.324235916137695,-15.46680736541748,116.05189514160156,-39.57516860961914,-36.075225830078125,114.9903335571289,-62.64695358276367,-50.17471694946289,117.10443878173828,-80.41049194335938,-79.3382339477539,84.7812271118164,-70.86563110351562,-31.83485221862793,76.73998260498047,-102.54487609863281,-34.347713470458984,70.71817016601562,-124.33355712890625,-34.99513244628906,62.30198287963867,-141.78514099121094,-20.353422164916992,61.40187454223633,-68.98223876953125,-32.95384216308594,46.23027038574219,-96.54267120361328,-27.570938110351562,31.568758010864258,-115.21835327148438,-29.986888885498047,15.99074935913086,-137.42306518554688,-27.715843200683594,45.371212005615234,-49.89971923828125,-30.9948787689209,27.75642204284668,-72.4764404296875,-30.509685516357422,9.20289421081543,-89.36425018310547,-33.49744415283203,-5.156796455383301,-108.27572631835938,-36.68556594848633,35.454708099365234,-32.180240631103516,-31.841632843017578,22.796016693115234,-48.40292739868164,-38.733402252197266,11.888547897338867,-64.40763854980469,-42.47115707397461,2.630419969558716,-78.77507781982422,-51.212955474853516
66,93.85421752929688,6.396655082702637,6.306797981262207,110.93550872802734,-17.595359802246094,-15.827157020568848,115.81282043457031,-39.53115463256836,-36.812835693359375,114.02909851074219,-62.018917083740234,-51.83591842651367,114.8430404663086,-81.16617584228516,-80.41277313232422,83.19673156738281,-70.9676284790039,-31.52695655822754,74.69506072998047,-102.60194396972656,-33.65354919433594,66.77767181396484,-123.67130279541016,-31.108407974243164,59.15293884277344,-140.8614501953125,-15.660442352294922,59.7997932434082,-68.79085540771484,-32.14410400390625,44.472877502441406,-96.14945983886719,-26.178936004638672,29.50845718383789,-114.64759063720703,-28.30438232421875,12.523807525634766,-135.49575805664062,-23.43226432800293,44.021419525146484,-49.513893127441406,-29.869834899902344,25.347030639648438,-71.23866271972656,-30.61440658569336,6.742086410522461,-88.19564056396484,-33.04085159301758,-8.048184394836426,-107.15992736816406,-34.31257629394531,34.2791748046875,-31.68589210510254,-30.550382614135742,21.330652236938477,-47.667537689208984,-37.55826950073242,10.039007186889648,-63.335880279541016,-41.76200866699219,0.02386420965194702,-77.47333526611328,-50.32394027709961
67,93.5870590209961,6.363596439361572,6.310989856719971,111.28878784179688,-16.121829986572266,-16.598318099975586,115.93710327148438,-36.00988006591797,-39.41994094848633,114.6053695678711,-54.959144592285156,-58.65338897705078,113.75289154052734,-69.99288940429688,-89.57221984863281,82.86430358886719,-65.99710083007812,-39.705230712890625,75.61894989013672,-97.87086486816406,-41.7382698059082,67.54536437988281,-118.97074127197266,-42.400367736816406,57.75602722167969,-135.74932861328125,-27.876314163208008,59.80731964111328,-62.64638137817383,-41.97422409057617,45.113685607910156,-90.95734405517578,-41.42121887207031,28.920923233032227,-108.47080993652344,-40.687564849853516,12.308530807495117,-129.7959747314453,-42.379573822021484,44.7761116027832,-43.00493240356445,-39.03498458862305,27.274335861206055,-65.20442962646484,-43.57881164550781,8.661121368408203,-82.0925521850586,-46.10628890991211,-5.73122501373291,-100.64608001708984,-50.5463981628418,35.91444396972656,-24.783809661865234,-38.66126251220703,21.59679412841797,-40.523468017578125,-42.89787673950195,11.262991905212402,-55.837215423583984,-49.80448532104492,2.2993087768554688,-66.7798080444336,-62.84440994262695
68,93.32442474365234,6.3259687423706055,6.311891555786133,110.09040832519531,-16.765520095825195,-16.42420196533203,115.00252532958984,-37.73633575439453,-38.0512580871582,115.11912536621094,-57.62544631958008,-56.2685432434082,112.65867614746094,-73.9388656616211,-86.30673217773438,81.67967224121094,-68.1128921508789,-35.36531448364258,74.71050262451172,-100.03108978271484,-35.9448127746582,67.28385162353516,-121.29247283935547,-37.18564224243164,56.46940231323242,-138.8383026123047,-24.334672927856445,58.5381965637207,-65.40373992919922,-36.469093322753906,43.93324279785156,-93.72593688964844,-35.949920654296875,27.500286102294922,-110.97118377685547,-35.32793426513672,9.167131423950195,-130.96014404296875,-34.12993240356445,43.294429779052734,-46.01371765136719,-33.60538864135742,25.02630615234375,-67.7588882446289,-36.94792175292969,6.6681952476501465,-84.64519500732422,-40.6856803894043,-8.808348655700684,-103.087158203125,-42.3292236328125,34.06070327758789,-28.035938262939453,-33.5311279296875,18.924806594848633,-43.12728500366211,-37.01824188232422,8.15621280670166,-58.390499114990234,-43.190616607666016,-0.6051771640777588,-68.82237243652344,-56.50056076049805
69,93.90043640136719,6.381830215454102,6.348756313323975,110.82186126708984,-16.378868103027344,-17.03784942626953,116.47021484375,-37.22909164428711,-38.85265350341797,115.58427429199219,-56.4659309387207,-57.9273681640625,115.17584228515625,-74.83155059814453,-87.36361694335938,80.96615600585938,-65.5965347290039,-40.15247344970703,72.68263244628906,-97.35429382324219,-41.61691665649414,63.870967864990234,-118.24451446533203,-42.05196762084961,53.6093864440918,-135.7181396484375,-28.527233123779297,57.85520553588867,-61.74167251586914,-42.081703186035156,42.56409454345703,-89.82403564453125,-39.79924774169922,26.14848518371582,-107.28533935546875,-40.321258544921875,9.776596069335938,-129.0091552734375,-38.10458755493164,43.198551177978516,-41.734703063964844,-38.76057052612305,25.530704498291016,-64.21846008300781,-42.14252471923828,6.542047500610352,-80.80400085449219,-45.0667839050293,-8.955575942993164,-99.16474151611328,-47.50461959838867,34.70109558105469,-23.222644805908203,-38.151397705078125,20.170692443847656,-38.90985107421875,-42.44837188720703,10.112146377563477,-54.706485748291016,-48.93439865112305,0.2642497420310974,-66.065185546875,-61.416622161865234
70,94.26969146728516,6.417628288269043,6.368480205535889,112.15641784667969,-15.375226974487305,-17.5094051361084,117.29307556152344,-34.94065856933594,-40.772315979003906,116.2082748413086,-53.524742126464844,-60.598114013671875,114.34498596191406,-68.30668640136719,-91.90499877929688,82.82494354248047,-63.147560119628906,-44.67536163330078,74.8335952758789,-94.97053527832031,-47.84010696411133,65.6230239868164,-115.76116180419922,-48.64264678955078,55.35398864746094,-132.84573364257812,-34.5590705871582,59.753082275390625,-58.88438034057617,-47.45409393310547,44.00450134277344,-86.76818084716797,-44.43193054199219,27.465038299560547,-104.23341369628906,-44.14805603027344,10.765701293945312,-125.87516021728516,-43.074317932128906,45.06174087524414,-38.814910888671875,-43.71693420410156,26.366899490356445,-60.51591873168945,-47.67615509033203,6.943350791931152,-76.90772247314453,-49.460304260253906,-8.184268951416016,-95.53712463378906,-52.018592834472656,36.688011169433594,-20.16082000732422,-42.52938461303711,21.865219116210938,-35.54490280151367,-47.35344696044922,11.850505828857422,-51.301063537597656,-54.259605407714844,2.6089847087860107,-62.37308120727539,-67.38980865478516
71,94.29584503173828,6.419590473175049,6.373446941375732,111.58891296386719,-16.364328384399414,-17.01777458190918,116.24835968017578,-36.19308090209961,-40.15797424316406,115.10687255859375,-54.53498077392578,-60.2098388671875,113.99993896484375,-69.83509826660156,-91.38443756103516,81.24384307861328,-64.4200668334961,-42.50141143798828,73.50804901123047,-96.3421630859375,-45.390960693359375,64.83517456054688,-117.38355255126953,-45.58018493652344,54.41532897949219,-134.98712158203125,-32.171653747558594,58.20811462402344,-59.870452880859375,-45.18674087524414,42.8172492980957,-87.92220306396484,-41.69523239135742,26.38724136352539,-105.50936889648438,-41.42434310913086,9.914521217346191,-127.34333038330078,-41.15761184692383,43.8651008605957,-39.46690368652344,-41.90118408203125,25.238733291625977,-61.35829544067383,-45.22840118408203,5.7485551834106445,-77.66643524169922,-47.24575424194336,-9.232837677001953,-96.50028228759766,-49.277503967285156,35.80160903930664,-20.64061164855957,-41.193504333496094,20.99827003479004,-36.12882614135742,-45.795021057128906,11.101489067077637,-52.152076721191406,-52.274227142333984,0.9623095393180847,-63.17375564575195,-65.14004516601562
72,94.3810043334961,6.4278740882873535,6.379944324493408,112.78923034667969,-14.229486465454102,-18.173973083496094,118.86984252929688,-33.63251876831055,-41.38056945800781,116.71495056152344,-53.276275634765625,-60.0994873046875,118.54024505615234,-70.43116760253906,-90.30537414550781,83.93324279785156,-60.33917236328125,-48.60226058959961,77.2413558959961,-92.40486145019531,-52.56227493286133,68.835205078125,-113.56021118164062,-51.94490432739258,58.8063850402832,-130.85430908203125,-37.824947357177734,60.92649459838867,-55.79225158691406,-51.753150939941406,46.50578689575195,-84.58855438232422,-50.67185974121094,29.966487884521484,-102.08364868164062,-49.77075958251953,12.983940124511719,-123.54493713378906,-48.315826416015625,46.20909881591797,-35.83559036254883,-47.34038162231445,26.634048461914062,-57.135440826416016,-45.64375305175781,8.654739379882812,-74.09170532226562,-52.029090881347656,-6.334822654724121,-92.40950012207031,-57.47947692871094,37.89436340332031,-17.17807388305664,-45.39349365234375,23.1031494140625,-32.284950256347656,-51.21780776977539,11.507684707641602,-47.796485900878906,-55.93675231933594,1.9136593341827393,-60.75970458984375,-66.41541290283203
73,93.7288589477539,6.36082649230957,6.348485946655273,112.30158233642578,-16.552173614501953,-15.415639877319336,118.55197143554688,-35.940818786621094,-38.29349136352539,116.22254180908203,-55.775699615478516,-56.5577507019043,117.58946228027344,-72.15629577636719,-86.86637878417969,83.44110870361328,-63.45561218261719,-43.56882095336914,76.86248779296875,-95.10983276367188,-49.08345031738281,67.87902069091797,-115.88750457763672,-49.33698654174805,57.781673431396484,-132.88629150390625,-35.27741622924805,61.01667785644531,-58.441680908203125,-48.25548553466797,46.12747573852539,-86.8189926147461,-47.93985366821289,29.605758666992188,-104.06878662109375,-46.153255462646484,12.411248207092285,-125.09300994873047,-43.95159149169922,47.032527923583984,-37.870025634765625,-46.163551330566406,27.407590866088867,-58.75606918334961,-43.45138168334961,9.647164344787598,-75.87481689453125,-49.364376068115234,-6.440203666687012,-93.48368835449219,-53.776763916015625,39.401248931884766,-19.0161075592041,-45.99604415893555,24.379119873046875,-34.17728042602539,-50.31355285644531,12.594979286193848,-49.58903121948242,-54.17500686645508,3.0246005058288574,-62.67631912231445,-64.27564239501953
74,93.55926513671875,6.3486738204956055,6.3322978019714355,111.44132995605469,-14.038983345031738,-18.232494354248047,117.55326080322266,-33.76869201660156,-40.79837417602539,115.87649536132812,-51.721343994140625,-60.93094253540039,117.4699935913086,-69.847900390625,-90.48294830322266,83.232177734375,-61.333778381347656,-46.18722152709961,75.82200622558594,-92.78949737548828,-51.4366455078125,67.2451171875,-113.6955795288086,-51.59275817871094,57.12910079956055,-130.2510223388672,-36.98497772216797,60.243717193603516,-57.6971435546875,-48.54217529296875,45.037109375,-85.82290649414062,-48.959293365478516,28.584016799926758,-103.08295440673828,-47.34598159790039,11.883676528930664,-124.46367645263672,-46.01463317871094,45.24708557128906,-38.33156967163086,-44.06688690185547,25.254432678222656,-58.94432067871094,-44.37721252441406,7.610276222229004,-75.73625183105469,-51.2641716003418,-7.565568923950195,-93.88471221923828,-56.28879928588867,36.45846939086914,-20.158401489257812,-42.13518142700195,22.049840927124023,-34.66958236694336,-49.441017150878906,10.422867774963379,-49.785579681396484,-54.501529693603516,1.0227038860321045,-62.5443000793457,-65.07421875
75,93.68446350097656,6.362477779388428,6.325790882110596,110.75914764404297,-16.73638916015625,-16.495384216308594,112.77577209472656,-35.26852798461914,-40.83875274658203,111.00623321533203,-55.627113342285156,-58.58436965942383,114.33501434326172,-75.5987777709961,-86.7640380859375,81.52855682373047,-66.91045379638672,-37.96135711669922,73.60569763183594,-98.48870849609375,-41.73295593261719,64.06048583984375,-118.95777893066406,-42.98646926879883,54.87089157104492,-135.8762664794922,-28.31011962890625,58.42361831665039,-63.450164794921875,-39.877845764160156,43.18183517456055,-91.55577087402344,-40.6442985534668,26.830188751220703,-108.91571807861328,-38.99327850341797,10.368927955627441,-130.45590209960938,-37.16355514526367,43.56648635864258,-43.589778900146484,-37.06252670288086,23.939640045166016,-64.55146026611328,-36.21006774902344,5.857471466064453,-81.12982940673828,-42.49697494506836,-8.808571815490723,-99.60228729248047,-47.46464157104492,34.82725143432617,-25.256580352783203,-36.8571891784668,20.374387741088867,-40.358760833740234,-42.76995086669922,9.231812477111816,-55.892677307128906,-47.70213317871094,-0.5650967359542847,-68.55470275878906,-58.427513122558594
76,94.66397857666016,6.4641032218933105,6.336688041687012,111.31084442138672,-17.668529510498047,-16.719512939453125,112.01173400878906,-37.003665924072266,-40.99452209472656,110.3006591796875,-59.12682342529297,-56.90965270996094,110.13140106201172,-79.17977142333984,-85.35311889648438,81.38911437988281,-69.640380859375,-35.10313034057617,72.81319427490234,-101.28520202636719,-39.40182113647461,63.67348098754883,-122.1579360961914,-40.221107482910156,53.28456497192383,-138.36785888671875,-25.1179256439209,57.81562805175781,-66.30879211425781,-36.00847244262695,41.73224639892578,-94.15495300292969,-37.725074768066406,25.43807601928711,-111.82158660888672,-36.518646240234375,8.022435188293457,-132.85342407226562,-34.32408142089844,42.64952087402344,-46.13093185424805,-33.22151184082031,24.085439682006836,-68.34888458251953,-33.5256233215332,5.489990234375,-84.6476821899414,-39.81325912475586,-9.331058502197266,-102.99908447265625,-45.38841247558594,33.63995361328125,-27.578758239746094,-33.42320251464844,19.520923614501953,-43.48995590209961,-38.630374908447266,8.37020206451416,-59.29011917114258,-43.41118621826172,-1.5498473644256592,-72.10587310791016,-54.10026931762695
77,94.87518310546875,6.490561485290527,6.344622611999512,111.4715805053711,-17.698339462280273,-16.85947608947754,112.28936004638672,-38.529300689697266,-39.96758270263672,112.02518463134766,-62.270626068115234,-53.56328582763672,111.41282653808594,-86.5799789428711,-78.65684509277344,82.3913345336914,-71.07542419433594,-33.05875778198242,72.82892608642578,-102.58870697021484,-36.70250701904297,63.655784606933594,-123.51300811767578,-36.211265563964844,53.45267105102539,-141.28741455078125,-22.61443519592285,58.6651611328125,-68.44010162353516,-33.14153289794922,41.66472625732422,-95.22987365722656,-27.46864128112793,26.31307029724121,-113.15658569335938,-32.35755920410156,9.60906982421875,-134.92433166503906,-33.591243743896484,42.96846008300781,-48.63998794555664,-30.1904354095459,24.52369499206543,-70.96406555175781,-31.57392120361328,6.70880651473999,-87.64682006835938,-39.1408805847168,-8.577495574951172,-105.99791717529297,-44.290836334228516,33.370941162109375,-30.352216720581055,-30.463943481445312,19.734973907470703,-46.57523727416992,-36.18601608276367,8.926838874816895,-62.142784118652344,-42.503883361816406,-0.31299889087677,-76.21270751953125,-52.24989318847656
78,93.86009216308594,6.378722667694092,6.29380464553833,109.8591079711914,-19.77228546142578,-14.197572708129883,112.3107681274414,-41.20651626586914,-36.13615036010742,110.22354888916016,-64.98735046386719,-48.99544906616211,110.1153335571289,-87.9988021850586,-74.75125122070312,81.47010803222656,-74.29002380371094,-23.42909812927246,74.44683074951172,-106.26406860351562,-26.081254959106445,68.28128051757812,-128.02297973632812,-24.850160598754883,56.43793487548828,-147.45167541503906,-15.57204532623291,58.014163970947266,-72.0015869140625,-23.221891403198242,42.224266052246094,-99.14598083496094,-17.17859649658203,26.924203872680664,-116.779296875,-22.25019645690918,11.55638313293457,-139.21096801757812,-22.35959815979004,42.37541580200195,-52.3604850769043,-22.16258430480957,25.09402847290039,-74.85272216796875,-26.512248992919922,5.930576324462891,-90.85868072509766,-30.63788414001465,-9.704914093017578,-108.70857238769531,-34.727142333984375,32.65591812133789,-34.52253341674805,-24.13405418395996,17.840526580810547,-50.00943374633789,-27.64620018005371,6.781540870666504,-65.2266845703125,-33.63124465942383,-2.813667058944702,-78.96334075927734,-43.16643524169922
79,94.1819839477539,6.424147605895996,6.300856113433838,110.30716705322266,-17.810470581054688,-16.6295166015625,112.6148452758789,-40.464759826660156,-37.5032958984375,111.12686920166016,-62.227806091308594,-53.73704147338867,100.44519805908203,-73.82103729248047,-83.87511444091797,80.85147857666016,-70.4845962524414,-32.61223602294922,72.25060272216797,-102.11386108398438,-35.854671478271484,64.26937866210938,-123.21281433105469,-33.16231918334961,51.74965286254883,-140.49679565429688,-20.876876831054688,57.37851333618164,-67.61349487304688,-32.70964431762695,40.96551513671875,-94.43749237060547,-26.718820571899414,24.9958553314209,-111.70333862304688,-31.198040008544922,10.474678039550781,-134.6757049560547,-32.134803771972656,42.083805084228516,-47.79736328125,-29.841169357299805,25.846406936645508,-70.97562408447266,-34.84469223022461,6.689774036407471,-86.82054901123047,-39.82781982421875,-8.72674560546875,-104.48759460449219,-45.31848907470703,32.77248764038086,-29.583778381347656,-30.116296768188477,19.207548141479492,-45.919795989990234,-34.99338912963867,8.590497016906738,-61.74419021606445,-40.443355560302734,-0.22821128368377686,-74.78919982910156,-51.432464599609375
80,93.63882446289062,6.353908538818359,6.268232822418213,109.88291931152344,-19.35225486755371,-14.44025707244873,115.92049407958984,-42.56479263305664,-33.6151008605957,116.42028045654297,-64.27727508544922,-49.766029357910156,104.54950714111328,-77.14447021484375,-78.70035552978516,81.60972595214844,-73.47428894042969,-25.3609561920166,75.1337661743164,-105.40997314453125,-29.026317596435547,68.26461029052734,-126.88180541992188,-27.367225646972656,55.50306701660156,-145.11614990234375,-17.065473556518555,58.206642150878906,-71.08810424804688,-25.53650665283203,42.3825798034668,-97.84396362304688,-18.345504760742188,27.05254364013672,-115.50505828857422,-22.90079689025879,12.884851455688477,-138.41650390625,-25.088077545166016,42.670936584472656,-51.41455078125,-24.371387481689453,24.42376708984375,-73.2306137084961,-27.37819480895996,6.00440788269043,-89.56222534179688,-32.92113494873047,-9.567647933959961,-106.62837982177734,-39.51068878173828,33.08113479614258,-33.529258728027344,-26.137805938720703,17.959503173828125,-48.60039138793945,-29.729629516601562,6.698884010314941,-63.998207092285156,-34.54482650756836,-2.747673511505127,-76.82479095458984,-45.10622787475586
81,93.13724517822266,6.293925762176514,6.242264270782471,108.99465942382812,-19.603300094604492,-14.073698043823242,113.12712860107422,-39.988800048828125,-36.42969512939453,114.7311782836914,-62.59451675415039,-51.008846282958984,105.46027374267578,-77.11357116699219,-79.89518737792969,81.86102294921875,-74.41571807861328,-21.856903076171875,76.53519439697266,-106.5259780883789,-24.403276443481445,70.24300384521484,-128.0918731689453,-23.139436721801758,58.42930221557617,-147.40440368652344,-14.027833938598633,58.54930877685547,-72.61875915527344,-21.181529998779297,43.2423095703125,-99.66854858398438,-14.461782455444336,27.730403900146484,-117.12080383300781,-18.65046501159668,13.603628158569336,-140.0379638671875,-18.960947036743164,42.70361328125,-53.35075759887695,-20.12059783935547,24.97312355041504,-75.4326171875,-23.053884506225586,5.985911846160889,-91.0987548828125,-28.066410064697266,-9.703688621520996,-108.3245620727539,-33.44352722167969,32.67689895629883,-35.84361267089844,-22.06784439086914,17.53278160095215,-50.73922348022461,-25.56770896911621,6.151247978210449,-65.95343780517578,-30.164562225341797,-3.3173859119415283,-78.32970428466797,-41.01418685913086
82,93.00572967529297,6.272385120391846,6.229231834411621,109.10836791992188,-19.461008071899414,-14.011841773986816,113.27469635009766,-40.22306823730469,-35.96345138549805,110.63098907470703,-63.36528015136719,-49.46044158935547,104.31915283203125,-81.10423278808594,-77.63391876220703,82.35821533203125,-74.29596710205078,-22.217355728149414,75.56369018554688,-106.05408477783203,-25.213428497314453,67.89032745361328,-127.17095184326172,-24.915477752685547,56.94216537475586,-147.12904357910156,-16.464323043823242,59.046630859375,-72.58876037597656,-21.76741600036621,43.587886810302734,-99.6766357421875,-15.644695281982422,28.206523895263672,-116.97146606445312,-20.700176239013672,13.732574462890625,-139.6299591064453,-18.9774112701416,43.140541076660156,-53.35368347167969,-20.824111938476562,23.967018127441406,-74.36251831054688,-20.443044662475586,6.109679222106934,-90.58170318603516,-27.355770111083984,-9.59343433380127,-108.09927368164062,-32.30250930786133,33.085166931152344,-35.86585998535156,-22.794097900390625,18.37882423400879,-50.93776321411133,-27.063140869140625,7.0277862548828125,-66.085693359375,-31.755775451660156,-2.7059130668640137,-78.66889953613281,-42.201698303222656
83,93.24526977539062,6.315794944763184,6.255354404449463,109.99197387695312,-15.729065895080566,-17.64910316467285,112.02079010009766,-35.824058532714844,-40.6004524230957,107.75176239013672,-54.68596267700195,-59.40147018432617,97.20214080810547,-73.23896026611328,-86.45462799072266,80.40299987792969,-64.3239974975586,-41.533447265625,70.66609954833984,-94.92557525634766,-47.48799133300781,61.7811164855957,-115.61055755615234,-47.997650146484375,51.06755447387695,-133.65855407714844,-35.877410888671875,57.4122314453125,-60.438987731933594,-43.236083984375,42.60258483886719,-88.57440948486328,-44.33924865722656,25.696880340576172,-105.23812103271484,-43.53948974609375,9.094134330749512,-126.37254333496094,-41.095821380615234,42.91215515136719,-40.506202697753906,-39.46910858154297,24.22580337524414,-61.30324172973633,-45.067298889160156,4.955703258514404,-77.08200073242188,-48.602210998535156,-11.441021919250488,-94.8122329711914,-48.86396026611328,34.456546783447266,-22.1419734954834,-38.327701568603516,19.832502365112305,-37.33516311645508,-42.795101165771484,8.534956932067871,-52.25813293457031,-48.56165313720703,0.9093508124351501,-67.51368713378906,-56.33319854736328
84,94.08760070800781,6.406919479370117,6.282034397125244,109.58778381347656,-15.41733169555664,-19.32930564880371,109.34556579589844,-35.22803497314453,-43.011016845703125,104.12300109863281,-56.7748908996582,-58.725955963134766,99.26630401611328,-75.12916564941406,-87.5680923461914,81.14099884033203,-67.82902526855469,-37.5655403137207,70.87865447998047,-98.87586975097656,-41.3322639465332,62.17225646972656,-119.80369567871094,-40.37491989135742,49.07394027709961,-137.27256774902344,-29.0545711517334,57.6070556640625,-65.84373474121094,-36.098167419433594,43.100929260253906,-94.37864685058594,-36.21028137207031,24.789119720458984,-109.65719604492188,-37.92717361450195,8.77973461151123,-131.16746520996094,-33.31109619140625,41.8614616394043,-46.82325744628906,-30.885435104370117,23.23982810974121,-67.7605972290039,-37.20646286010742,4.7012939453125,-83.98026275634766,-43.139732360839844,-12.057744026184082,-100.79631042480469,-48.260047912597656,31.96185874938965,-28.972675323486328,-29.227615356445312,17.614521026611328,-44.5306510925293,-34.17828369140625,6.64328670501709,-59.58220291137695,-40.79910659790039,1.0692812204360962,-74.69587707519531,-50.02587890625
85,93.4389419555664,6.326237201690674,6.243947505950928,108.28570556640625,-20.8668212890625,-13.475912094116211,112.58906555175781,-44.43391799926758,-32.613746643066406,109.163818359375,-67.81617736816406,-45.72578048706055,98.29197692871094,-87.64009857177734,-71.2247085571289,81.26515197753906,-76.52345275878906,-15.702726364135742,72.57784271240234,-107.93231201171875,-18.804162979125977,66.01168823242188,-129.48294067382812,-17.696748733520508,54.17191696166992,-150.24188232421875,-12.344186782836914,57.93134307861328,-74.81729125976562,-13.508587837219238,41.508846282958984,-101.32048797607422,-6.9481587409973145,25.48225975036621,-117.8566665649414,-12.834360122680664,11.646233558654785,-140.9940948486328,-11.281091690063477,41.89052963256836,-55.53957748413086,-12.626413345336914,21.820823669433594,-75.7358627319336,-10.632929801940918,3.9309616088867188,-91.58822631835938,-18.552881240844727,-11.480830192565918,-108.85648345947266,-25.110958099365234,31.5023136138916,-38.204227447509766,-15.057498931884766,15.903730392456055,-52.98907470703125,-16.98069953918457,4.073107719421387,-67.72171783447266,-22.19635009765625,-6.817974090576172,-79.98201751708984,-32.26249694824219
86,92.9994888305664,6.277670383453369,6.211642265319824,108.74663543701172,-20.08071517944336,-13.569869041442871,113.14730834960938,-42.53584289550781,-33.77863693237305,109.39566040039062,-63.44324493408203,-50.32423400878906,99.27253723144531,-76.60673522949219,-79.76960754394531,80.81133270263672,-74.44844818115234,-21.343303680419922,71.99613952636719,-105.47599792480469,-26.127878189086914,65.18484497070312,-126.88204956054688,-26.09408950805664,53.183475494384766,-146.94110107421875,-19.276500701904297,57.54230499267578,-72.17759704589844,-21.13934326171875,43.6068115234375,-100.69190979003906,-20.799999237060547,27.12192726135254,-117.485595703125,-23.272863388061523,13.6171875,-140.24249267578125,-18.515653610229492,42.08284378051758,-52.5571403503418,-20.60067367553711,23.064218521118164,-73.56072235107422,-22.528894424438477,3.7642457485198975,-88.91651153564453,-26.984397888183594,-11.60162353515625,-106.37245178222656,-32.08772277832031,32.44940185546875,-34.883209228515625,-22.878814697265625,16.609825134277344,-49.163692474365234,-25.268903732299805,4.591050624847412,-63.822628021240234,-29.776857376098633,-6.887059688568115,-76.3260726928711,-38.8458366394043
87,93.71870422363281,6.329047679901123,6.207153797149658,112.02471160888672,-18.47519302368164,-14.238163948059082,115.8167724609375,-41.127403259277344,-34.76890182495117,113.06951904296875,-63.18366622924805,-50.28786849975586,103.93330383300781,-66.13201141357422,-82.2400894165039,87.10800170898438,-74.02881622314453,-26.80531120300293,79.93618774414062,-105.41944122314453,-33.38140869140625,73.50501251220703,-127.07470703125,-34.00667953491211,50.48476791381836,-128.7408447265625,-25.504812240600586,63.42890930175781,-72.59402465820312,-27.87210464477539,46.7744255065918,-99.85163116455078,-26.291826248168945,32.70920181274414,-117.21651458740234,-34.44594955444336,21.715208053588867,-141.61981201171875,-37.41981887817383,46.88890838623047,-53.27894592285156,-27.267932891845703,29.82955551147461,-75.82312774658203,-31.63430404663086,9.899696350097656,-91.23428344726562,-32.95399856567383,-6.726030349731445,-104.75869750976562,-43.254032135009766,36.56903839111328,-35.58030700683594,-29.33708953857422,22.503236770629883,-50.85169982910156,-35.2158203125,10.335221290588379,-65.1868896484375,-40.70586395263672,-2.561122179031372,-77.61656951904297,-48.92542266845703
88,93.9379653930664,6.344102382659912,6.207406520843506,111.75868225097656,-18.571622848510742,-14.776535034179688,115.64016723632812,-41.060523986816406,-35.602046966552734,113.82696533203125,-63.456668853759766,-50.8724365234375,99.17298126220703,-67.00464630126953,-80.63365936279297,85.90875244140625,-73.81578826904297,-27.715682983398438,78.05590057373047,-105.16848754882812,-34.05939865112305,72.19953918457031,-127.01750946044922,-35.01169967651367,56.00984573364258,-138.02806091308594,-20.3754940032959,62.14076614379883,-71.9903335571289,-28.52423095703125,46.09683609008789,-99.70238494873047,-27.120405197143555,30.883913040161133,-117.17699432373047,-32.67461395263672,19.354883193969727,-141.45350646972656,-34.492984771728516,45.82820129394531,-52.323272705078125,-27.559804916381836,29.578697204589844,-75.48992156982422,-32.18151092529297,9.32542610168457,-90.59129333496094,-33.08158874511719,-7.925633430480957,-105.0865249633789,-41.00835037231445,35.72552490234375,-34.361385345458984,-29.3665714263916,21.11223602294922,-49.59250259399414,-34.021629333496094,9.345559120178223,-64.31737518310547,-39.468082427978516,-2.5244877338409424,-77.34191131591797,-47.941162109375
89,94.59799194335938,6.409681797027588,6.214358806610107,111.53291320800781,-20.61458396911621,-13.573079109191895,113.4477767944336,-44.58830261230469,-33.374168395996094,109.11800384521484,-67.74847412109375,-47.230308532714844,96.82211303710938,-69.24407958984375,-78.32156372070312,83.96461486816406,-76.51885986328125,-21.9283447265625,75.08839416503906,-107.81006622314453,-28.313140869140625,67.80067443847656,-129.3811798095703,-28.43107795715332,46.945289611816406,-133.70477294921875,-15.930418014526367,59.982059478759766,-74.06705474853516,-22.237747192382812,42.58359146118164,-101.17039489746094,-21.76681137084961,27.651023864746094,-118.71178436279297,-28.26911735534668,16.732149124145508,-143.16433715820312,-31.935504913330078,43.98768997192383,-53.741859436035156,-22.28931999206543,28.16905975341797,-77.16761779785156,-27.962114334106445,7.8719353675842285,-92.39434814453125,-29.402666091918945,-9.219437599182129,-106.66792297363281,-38.365474700927734,34.18231201171875,-35.52167510986328,-25.240949630737305,21.125516891479492,-51.9188117980957,-30.995967864990234,9.549712181091309,-67.0875473022461,-36.0605583190918,-1.8047168254852295,-80.1298828125,-45.32640838623047
90,94.41493225097656,6.392833232879639,6.196715354919434,110.41310119628906,-21.27090835571289,-13.334630012512207,110.7962417602539,-46.78230667114258,-31.092041015625,106.01025390625,-69.04967498779297,-46.11344528198242,94.13516998291016,-75.69303894042969,-77.02387237548828,82.90961456298828,-77.46805572509766,-18.112159729003906,73.99021911621094,-109.0053482055664,-22.773208618164062,65.99903106689453,-130.23187255859375,-21.236339569091797,52.73478317260742,-150.1939239501953,-15.588191986083984,58.97132110595703,-75.12366485595703,-17.235383987426758,41.76222610473633,-102.00494384765625,-13.333001136779785,27.719406127929688,-119.54219818115234,-21.461244583129883,14.578189849853516,-142.98086547851562,-17.21231460571289,42.90480041503906,-54.916587829589844,-17.227977752685547,26.502527236938477,-78.1263656616211,-21.56604766845703,5.5236053466796875,-91.69700622558594,-25.86722755432129,-10.50234603881836,-109.1870346069336,-29.693553924560547,32.86599349975586,-36.89606857299805,-20.381864547729492,19.111557006835938,-53.14727783203125,-24.536495208740234,7.336422920227051,-68.14029693603516,-29.49709701538086,-4.906125545501709,-80.45342254638672,-38.818946838378906
91,94.3025894165039,6.3800764083862305,6.18262243270874,110.38980865478516,-19.95687484741211,-14.98121166229248,112.70914459228516,-44.54745101928711,-33.8223876953125,111.66142272949219,-68.03312683105469,-47.6285285949707,97.61450958251953,-75.00989532470703,-77.25419616699219,84.12767791748047,-76.51034545898438,-21.52126121520996,75.17251586914062,-108.2214126586914,-24.2817440032959,67.92754364013672,-129.7277069091797,-23.669391632080078,53.27762985229492,-141.94444274902344,-8.273552894592285,60.1947021484375,-74.7949447631836,-19.933135986328125,43.38140869140625,-101.83499145507812,-15.721305847167969,28.861404418945312,-119.2793960571289,-23.06017303466797,13.361401557922363,-141.56105041503906,-22.229257583618164,43.694793701171875,-54.99736022949219,-18.6356143951416,25.38793182373047,-76.72679901123047,-22.7769832611084,4.959814071655273,-91.63998413085938,-24.004749298095703,-10.842334747314453,-108.39749908447266,-30.190465927124023,33.17645263671875,-37.11911392211914,-20.689725875854492,18.615964889526367,-52.297645568847656,-25.787166595458984,6.487762451171875,-66.53353118896484,-31.827770233154297,-5.889251708984375,-79.5741958618164,-39.743587493896484
92,94.10472106933594,6.361032009124756,6.186888694763184,111.2870101928711,-19.30426597595215,-14.69810962677002,114.39490509033203,-43.042049407958984,-34.35700988769531,113.79783630371094,-66.22846984863281,-48.58466339111328,101.59733581542969,-74.37435150146484,-78.76947021484375,85.83344268798828,-75.6863021850586,-23.716148376464844,78.3050537109375,-107.64608001708984,-27.05611801147461,71.42990112304688,-129.2037811279297,-25.731470108032227,59.767024993896484,-142.69989013671875,-9.117562294006348,61.92437744140625,-74.20978546142578,-23.23181915283203,45.50501251220703,-101.27218627929688,-18.038360595703125,31.06993865966797,-119.1078109741211,-24.46821403503418,15.122614860534668,-141.0272979736328,-23.144807815551758,45.2781982421875,-54.654808044433594,-22.26023292541504,26.19306755065918,-75.89464569091797,-24.871004104614258,5.608927249908447,-90.4735107421875,-26.6680908203125,-10.51125717163086,-107.47290802001953,-31.37706184387207,34.74922561645508,-36.872520446777344,-24.37670135498047,19.53805160522461,-51.631683349609375,-28.626806259155273,7.444756984710693,-66.20366668701172,-33.7836799621582,-4.239752769470215,-78.85147857666016,-42.776973724365234
93,94.04653930664062,6.355399131774902,6.181868076324463,110.5254898071289,-19.292625427246094,-15.244763374328613,113.53558349609375,-42.55811309814453,-35.45157241821289,112.35697937011719,-65.99083709716797,-49.207889556884766,101.53279876708984,-75.47676849365234,-79.58375549316406,84.13594055175781,-75.15724182128906,-24.517337799072266,76.54413604736328,-107.12928771972656,-27.369409561157227,69.7503890991211,-128.7330322265625,-26.942096710205078,58.61338806152344,-142.00732421875,-9.887073516845703,60.275875091552734,-73.34367370605469,-23.66379737854004,44.213497161865234,-100.66422271728516,-18.818910598754883,29.73227310180664,-118.36997985839844,-25.441495895385742,13.739619255065918,-140.24928283691406,-24.48812484741211,43.94947052001953,-53.56794738769531,-22.229772567749023,25.09859848022461,-74.90782928466797,-25.474063873291016,4.77422571182251,-89.79156494140625,-27.521728515625,-11.482219696044922,-106.73976135253906,-32.14008712768555,33.66218566894531,-35.622135162353516,-23.972909927368164,18.800329208374023,-50.485721588134766,-28.92376708984375,6.529735565185547,-64.481689453125,-35.08380126953125,-5.05755090713501,-77.36884307861328,-43.756717681884766
94,93.34062194824219,6.283975601196289,6.180764675140381,109.58404541015625,-19.24242401123047,-14.789937019348145,112.11577606201172,-43.163700103759766,-33.82294845581055,110.29911041259766,-66.03446960449219,-48.08686065673828,98.69139862060547,-74.76824188232422,-78.1620864868164,83.22393035888672,-74.47476959228516,-23.926328659057617,75.3645248413086,-106.12020111083984,-27.150917053222656,68.99884796142578,-127.6584701538086,-25.504758834838867,56.14529037475586,-147.87005615234375,-20.60703468322754,59.63739013671875,-72.70004272460938,-23.259111404418945,43.654090881347656,-99.70808410644531,-17.53260612487793,28.99446678161621,-117.210693359375,-23.912168502807617,18.39208221435547,-136.8539276123047,-38.337745666503906,43.53880310058594,-53.14708709716797,-21.983219146728516,24.18575096130371,-73.78854370117188,-25.349573135375977,4.284992694854736,-89.07168579101562,-26.797286987304688,-12.166183471679688,-105.07522583007812,-32.99053955078125,33.39190673828125,-35.3853874206543,-23.752817153930664,18.330055236816406,-50.09662628173828,-28.02606964111328,6.2197370529174805,-64.52987670898438,-33.013492584228516,-5.190417289733887,-76.67105102539062,-42.62519454956055
95,93.10093688964844,6.2628865242004395,6.176963806152344,108.9987564086914,-18.915128707885742,-15.223771095275879,112.57646942138672,-43.37971496582031,-33.218318939208984,110.29074096679688,-65.600341796875,-48.30079650878906,101.38188934326172,-77.69364166259766,-78.37200927734375,82.52328491210938,-73.7940444946289,-24.79654884338379,75.55528259277344,-105.66397094726562,-26.89615249633789,69.01277160644531,-127.08097839355469,-25.01804542541504,56.071250915527344,-147.08766174316406,-19.764793395996094,59.04170608520508,-72.03931427001953,-23.856752395629883,43.06068801879883,-98.84318542480469,-17.548654556274414,28.636831283569336,-116.7039566040039,-23.285512924194336,7.729247093200684,-133.78868103027344,-20.580989837646484,43.04216766357422,-52.58934783935547,-22.136409759521484,23.980100631713867,-73.52534484863281,-24.696378707885742,3.740278959274292,-88.3034439086914,-25.684019088745117,-12.913804054260254,-104.75465393066406,-29.74331283569336,32.92395782470703,-34.87254333496094,-23.523977279663086,17.394777297973633,-49.105995178222656,-27.510807037353516,5.047945499420166,-63.24123764038086,-32.6057243347168,-6.904415607452393,-75.04041290283203,-42.03315734863281
96,93.69487762451172,6.32694673538208,6.172092914581299,109.53514099121094,-20.83289909362793,-13.439718246459961,110.43901062011719,-46.33711242675781,-30.725831985473633,105.73741912841797,-68.97044372558594,-44.87506866455078,92.01698303222656,-79.95500946044922,-73.62409973144531,82.95089721679688,-76.88301086425781,-17.791860580444336,71.6570053100586,-107.4248046875,-22.336345672607422,61.77235412597656,-127.715576171875,-21.509702682495117,49.63578414916992,-147.741455078125,-14.812811851501465,59.25765609741211,-74.97528839111328,-16.5399169921875,41.844608306884766,-101.64982604980469,-14.002334594726562,26.658145904541016,-118.96669006347656,-19.789264678955078,12.258295059204102,-141.63491821289062,-16.855270385742188,43.0826530456543,-55.24934768676758,-16.238540649414062,26.868818283081055,-78.22542572021484,-21.12131118774414,6.57438850402832,-93.11527252197266,-21.877531051635742,-11.66919994354248,-107.21475219726562,-28.201236724853516,32.817161560058594,-37.57480239868164,-19.093788146972656,19.355327606201172,-53.79035568237305,-23.513484954833984,7.930491924285889,-68.97022247314453,-28.119327545166016,0.4348866641521454,-82.05850982666016,-39.02706527709961
97,94.0180892944336,6.361804485321045,6.169443130493164,109.95145416259766,-20.942279815673828,-13.565328598022461,110.84895324707031,-46.55995178222656,-30.92124366760254,106.12261199951172,-69.26226806640625,-45.10840606689453,92.35163116455078,-80.2674560546875,-73.94071960449219,83.2635726928711,-77.25080108642578,-17.91147804260254,71.89982604980469,-107.87641906738281,-22.46073341369629,61.978355407714844,-128.21734619140625,-21.62622833251953,49.8057746887207,-148.28697204589844,-14.906699180603027,59.44964599609375,-75.2652359008789,-16.606014251708984,41.99512481689453,-101.99160766601562,-14.085994720458984,26.780723571777344,-119.34644317626953,-19.875696182250977,12.347832679748535,-142.05238342285156,-16.955242156982422,43.207244873046875,-55.40632629394531,-16.292970657348633,26.988651275634766,-78.44602966308594,-21.218002319335938,6.658438682556152,-93.38064575195312,-21.98138999938965,-11.626042366027832,-107.51700592041016,-28.30547332763672,32.912261962890625,-37.637718200683594,-19.20100975036621,19.432571411132812,-53.90641784667969,-23.621950149536133,7.979844570159912,-69.13408660888672,-28.235755920410156,0.4596337676048279,-82.26114654541016,-39.15639114379883
98,94.00173950195312,6.3638200759887695,6.167965412139893,109.9718246459961,-20.967580795288086,-13.481918334960938,110.32122802734375,-45.63080596923828,-32.16757583618164,106.66476440429688,-68.5709457397461,-46.27151107788086,94.91437530517578,-82.7514419555664,-74.78604888916016,84.04660034179688,-77.68230438232422,-16.646461486816406,73.2762451171875,-108.66724395751953,-20.041393280029297,63.65214920043945,-129.14645385742188,-19.181915283203125,51.09339904785156,-149.52334594726562,-14.220904350280762,60.24345779418945,-76.02075958251953,-14.920328140258789,43.393768310546875,-102.85846710205078,-10.394547462463379,27.63568687438965,-119.76362609863281,-16.045639038085938,13.381611824035645,-142.43331909179688,-12.283333778381348,43.72459411621094,-56.4178581237793,-14.55265998840332,26.962295532226562,-79.31031036376953,-18.044597625732422,6.578007698059082,-93.02485656738281,-23.775850296020508,-8.051018714904785,-111.64478302001953,-27.12596893310547,33.120853424072266,-38.851829528808594,-17.51467514038086,19.178672790527344,-54.84439468383789,-21.478710174560547,7.934128761291504,-70.12882232666016,-26.410905838012695,0.013362616300582886,-82.91444396972656,-37.64952087402344
99,93.62776947021484,6.320788860321045,6.157737731933594,110.65763092041016,-21.474403381347656,-11.452430725097656,111.56398010253906,-46.30128860473633,-29.698402404785156,106.2409896850586,-68.18791198730469,-44.75465774536133,97.78463745117188,-92.83374786376953,-67.59915924072266,84.19305419921875,-77.571044921875,-15.81275463104248,72.43547058105469,-107.9238052368164,-20.277191162109375,62.723636627197266,-128.29466247558594,-20.09928321838379,50.16107177734375,-148.40310668945312,-14.598340034484863,60.49391555786133,-75.55615234375,-16.26152801513672,44.276119232177734,-102.70695495605469,-11.946097373962402,28.656635284423828,-119.89759826660156,-16.74698829650879,14.373157501220703,-142.45492553710938,-13.247878074645996,44.4481315612793,-55.780460357666016,-17.71628189086914,27.774412155151367,-78.88321685791016,-18.570276260375977,7.624700546264648,-92.86412811279297,-24.147724151611328,-6.530303478240967,-111.57913208007812,-27.940027236938477,34.49075698852539,-38.19192123413086,-21.807111740112305,20.83358383178711,-54.568572998046875,-24.561613082885742,9.423165321350098,-69.79529571533203,-28.91974449157715,2.226468086242676,-82.34378814697266,-40.577083587646484
100,93.77916717529297,6.330906867980957,6.160060405731201,110.37562561035156,-21.217477798461914,-12.414314270019531,111.31351470947266,-46.14917755126953,-30.605182647705078,107.240966796875,-68.82351684570312,-44.936580657958984,97.37548065185547,-91.55328369140625,-68.90383911132812,83.62400817871094,-77.26701354980469,-17.326831817626953,72.12338256835938,-107.8800277709961,-21.0258731842041,65.2918472290039,-129.37669372558594,-19.630916595458984,51.91460418701172,-149.27137756347656,-14.528965950012207,59.85475540161133,-75.14208221435547,-17.215778350830078,43.22868347167969,-101.9532241821289,-12.043679237365723,27.21310806274414,-119.00930786132812,-16.10255241394043,13.641785621643066,-141.83682250976562,-11.602906227111816,43.80782699584961,-55.21052932739258,-17.94618034362793,26.19182777404785,-77.64862823486328,-19.002696990966797,6.26503849029541,-91.97124481201172,-24.674327850341797,-8.316606521606445,-110.48771667480469,-28.473316192626953,33.81409454345703,-37.450252532958984,-21.514450073242188,19.480085372924805,-53.330509185791016,-23.950292587280273,7.601744651794434,-68.1781234741211,-28.47561264038086,-0.47366321086883545,-80.66451263427734,-39.71621322631836
101,93.09329223632812,6.267126083374023,6.162221431732178,109.0051498413086,-21.785581588745117,-11.349336624145508,111.24774932861328,-46.593196868896484,-29.126766204833984,108.15286254882812,-68.22077941894531,-44.91516876220703,98.3292007446289,-90.9428482055664,-68.72068786621094,82.29930877685547,-77.40788269042969,-13.100885391235352,72.18604278564453,-108.32968139648438,-16.250293731689453,63.15217971801758,-128.9031524658203,-16.224279403686523,50.41950225830078,-148.65359497070312,-10.14641284942627,58.8250846862793,-75.41578674316406,-12.54013442993164,42.53765106201172,-102.256591796875,-7.50006628036499,25.919618606567383,-118.8131103515625,-10.42784595489502,12.018918991088867,-141.3976287841797,-6.631816864013672,42.91984558105469,-55.84281921386719,-13.704997062683105,24.871845245361328,-77.73429107666016,-14.645867347717285,5.199134349822998,-92.27566528320312,-20.037076950073242,-9.049702644348145,-110.80783081054688,-24.07107162475586,32.8908576965332,-38.47757339477539,-17.65641975402832,14.459299087524414,-48.782318115234375,-21.254026412963867,4.894461631774902,-65.0351333618164,-25.956989288330078,-2.542231321334839,-78.24610137939453,-37.36796951293945
102,93.46145629882812,6.301497459411621,6.151144504547119,109.9136962890625,-20.90989112854004,-12.686685562133789,111.7502670288086,-46.25679016113281,-30.020065307617188,108.69197082519531,-68.15406799316406,-45.607791900634766,98.37516784667969,-92.12879943847656,-68.1867904663086,85.01344299316406,-77.69943237304688,-15.108070373535156,74.412353515625,-108.6572265625,-17.492332458496094,64.94847106933594,-129.08973693847656,-16.586837768554688,51.79143524169922,-148.671142578125,-10.557135581970215,61.34381103515625,-76.43629455566406,-13.771132469177246,44.28645324707031,-102.7480697631836,-8.022645950317383,28.077259063720703,-119.69305419921875,-11.353768348693848,9.775105476379395,-139.3400421142578,-12.8824462890625,44.664791107177734,-57.20298385620117,-13.993510246276855,26.572063446044922,-79.16039276123047,-14.529805183410645,6.863158226013184,-93.6531982421875,-20.197546005249023,-7.4634552001953125,-112.25601959228516,-24.136062622070312,33.906585693359375,-39.965972900390625,-17.284427642822266,19.661785125732422,-55.8297119140625,-19.77906608581543,8.38867473602295,-70.54187774658203,-25.784452438354492,1.1596344709396362,-82.56794738769531,-37.909637451171875
103,93.59038543701172,6.31738805770874,6.158970355987549,110.13459777832031,-21.1218318939209,-12.389283180236816,111.5357437133789,-46.033592224121094,-30.443973541259766,107.85590362548828,-67.63128662109375,-46.35939025878906,98.53115844726562,-92.05503845214844,-69.0832290649414,83.46124267578125,-77.01029205322266,-17.388904571533203,71.77889251708984,-107.54269409179688,-20.601070404052734,62.60740661621094,-128.11338806152344,-19.281463623046875,50.7436408996582,-148.9884490966797,-15.227798461914062,59.77291488647461,-74.94058990478516,-17.26634407043457,43.218509674072266,-101.7866439819336,-12.37380313873291,26.995006561279297,-118.63764190673828,-16.28244400024414,8.726049423217773,-138.35794067382812,-17.960708618164062,43.75666809082031,-55.122467041015625,-17.93988800048828,25.95355796813965,-77.33457946777344,-19.2379093170166,6.351072311401367,-91.88848876953125,-25.258544921875,-8.01607608795166,-110.26624298095703,-30.054670333862305,33.765525817871094,-37.435630798339844,-21.448043823242188,19.453022003173828,-53.175331115722656,-24.53819465637207,8.226324081420898,-67.96465301513672,-30.54775619506836,0.8599721193313599,-80.05280303955078,-42.69066619873047
104,93.44869995117188,6.316901683807373,6.1615376472473145,109.05362701416016,-20.815210342407227,-13.422467231750488,110.65032958984375,-46.5165901184082,-30.189510345458984,108.20840454101562,-68.49286651611328,-45.741371154785156,97.41490936279297,-88.77544403076172,-71.10820770263672,82.8263931274414,-76.87110900878906,-16.870229721069336,72.19304656982422,-107.8609390258789,-18.389923095703125,62.83292770385742,-128.33750915527344,-17.40332794189453,50.23475646972656,-148.47532653808594,-12.061752319335938,59.263816833496094,-75.14591979980469,-15.173401832580566,42.77857971191406,-101.65155029296875,-8.811114311218262,26.216501235961914,-118.35493469238281,-11.665749549865723,11.705141067504883,-140.3967742919922,-6.385751247406006,43.02678298950195,-55.68017578125,-14.681671142578125,24.770721435546875,-77.41281127929688,-16.434734344482422,5.024179935455322,-92.01510620117188,-21.63771629333496,-9.675230979919434,-110.38896179199219,-25.305356979370117,32.607234954833984,-38.2137336730957,-17.458698272705078,14.932056427001953,-48.95929718017578,-23.2612247467041,5.283566951751709,-65.25067901611328,-27.97260093688965,-2.8688571453094482,-78.08475494384766,-39.62984085083008
