frame_id,filtered_joint_0,filtered_joint_1,filtered_joint_2,filtered_joint_3,filtered_joint_4,filtered_joint_5,filtered_joint_6,filtered_joint_7,filtered_joint_8,filtered_joint_9,filtered_joint_10,filtered_joint_11,filtered_joint_12,filtered_joint_13,filtered_joint_14,filtered_joint_15,filtered_joint_16,filtered_joint_17,filtered_joint_18,filtered_joint_19,filtered_joint_20,filtered_joint_21,filtered_joint_22,filtered_joint_23,filtered_joint_24,filtered_joint_25,filtered_joint_26,filtered_joint_27,filtered_joint_28,filtered_joint_29,filtered_joint_30,filtered_joint_31,filtered_joint_32,filtered_joint_33,filtered_joint_34,filtered_joint_35,filtered_joint_36,filtered_joint_37,filtered_joint_38,filtered_joint_39,filtered_joint_40,filtered_joint_41,filtered_joint_42,filtered_joint_43,filtered_joint_44,filtered_joint_45,filtered_joint_46,filtered_joint_47,filtered_joint_48,filtered_joint_49,filtered_joint_50,filtered_joint_51,filtered_joint_52,filtered_joint_53,filtered_joint_54,filtered_joint_55,filtered_joint_56,filtered_joint_57,filtered_joint_58,filtered_joint_59,filtered_joint_60,filtered_joint_61,filtered_joint_62
0,0.1686616837978363,0.3236240744590759,0.5530980229377747,-0.09862477332353592,0.36566218733787537,0.46375033259391785,-0.383697509765625,0.40534526109695435,0.21958594024181366,-0.5650513768196106,0.23148326575756073,-0.08662526309490204,-0.5350642204284668,0.34001198410987854,-0.06662122905254364,-0.24047109484672546,0.07602519541978836,-0.04394807666540146,-0.2866393029689789,-0.3452092111110687,-0.09835564345121384,-0.4116858243942261,-0.49401551485061646,0.05694381892681122,-0.47529762983322144,-0.6827956438064575,0.18138597905635834,0.0014580239076167345,-0.0009757404332049191,0.0076023880392313,0.011043278500437737,-0.3162885904312134,-0.11416742205619812,-0.09848101437091827,-0.6477943062782288,0.04197443276643753,-0.1981711983680725,-0.739446759223938,0.04196254909038544,0.19832515716552734,-0.06465845555067062,0.09431876242160797,0.24521996080875397,-0.34650370478630066,0.009143106639385223,0.19116105139255524,-0.6072808504104614,0.18695636093616486,0.10946298390626907,-0.7458395957946777,0.2621796429157257,0.4055302143096924,-0.11218180507421494,0.25809237360954285,0.4861953854560852,-0.2910807728767395,0.1165977269411087,0.3929923176765442,-0.5167946219444275,0.2228248566389084,0.2972591817378998,-0.5941261053085327,0.32393407821655273
1,0.11134134232997894,-0.08159507811069489,0.639877438545227,-0.08279715478420258,0.3682376742362976,0.4144105613231659,-0.3877646327018738,0.40330880880355835,0.1752554476261139,-0.4858211278915405,0.24993839859962463,-0.0708903968334198,-0.4759419560432434,0.35095831751823425,-0.12890097498893738,-0.2505068778991699,0.08163316547870636,-0.01163879968225956,-0.32607898116111755,-0.3258039355278015,-0.10154324769973755,-0.42828574776649475,-0.5146608948707581,0.020210478454828262,-0.5266132950782776,-0.7111372351646423,0.05899808555841446,0.0013721016002818942,-0.0011829053983092308,0.00607680156826973,-0.026649465784430504,-0.30099329352378845,-0.15905538201332092,-0.16166841983795166,-0.6411248445510864,-0.02125491574406624,-0.22493575513362885,-0.6521917581558228,0.0144974235445261,0.189788818359375,-0.08381825685501099,0.08792084455490112,0.22869813442230225,-0.33436524868011475,-0.04761205613613129,0.17166849970817566,-0.617607593536377,0.07405008375644684,-0.005516178905963898,-0.697650671005249,0.05721788853406906,0.41044020652770996,-0.15147601068019867,0.23809683322906494,0.4091452360153198,-0.33436083793640137,0.029360488057136536,0.3364446461200714,-0.5725802183151245,0.17143511772155762,0.2663430869579315,-0.6223185062408447,0.32216984033584595
2,0.1382855772972107,0.1183612048625946,0.5752379894256592,-0.09422482550144196,0.355016827583313,0.4461604058742523,-0.3982146382331848,0.4026549458503723,0.19209763407707214,-0.5285797119140625,0.22740936279296875,-0.07236744463443756,-0.6023540496826172,0.33898502588272095,-0.11714272201061249,-0.2489173710346222,0.07700138539075851,-0.020419403910636902,-0.3079446852207184,-0.31823521852493286,-0.09228304028511047,-0.42453157901763916,-0.5154849290847778,0.011398354545235634,-0.5271326303482056,-0.7076016664505005,0.08631657063961029,0.001295596593990922,-0.0011785569367930293,0.0056364815682172775,-0.017935561016201973,-0.3035285472869873,-0.146590918302536,-0.1455305516719818,-0.6501622200012207,0.0016356566920876503,-0.21517857909202576,-0.7569841146469116,0.052602820098400116,0.19050484895706177,-0.07580061256885529,0.0870405063033104,0.24157306551933289,-0.333671510219574,-0.02557663805782795,0.18389356136322021,-0.6169668436050415,0.10538153350353241,0.03274214267730713,-0.6994282007217407,0.13282188773155212,0.39975589513778687,-0.12885111570358276,0.24233701825141907,0.3907519578933716,-0.3590281009674072,0.07068348675966263,0.3251626789569855,-0.5361682176589966,0.1925012171268463,0.28062933683395386,-0.6027092337608337,0.34174472093582153
3,0.14659522473812103,0.27606311440467834,0.5485610365867615,-0.16952304542064667,0.301954060792923,0.4604719877243042,-0.4003239870071411,0.4097844362258911,0.18708109855651855,-0.5597548484802246,0.21539591252803802,-0.08287051320075989,-0.6165158748626709,0.30543845891952515,-0.0808609277009964,-0.24832063913345337,0.07337082922458649,-0.023465756326913834,-0.2971595525741577,-0.31329888105392456,-0.08884045481681824,-0.42560598254203796,-0.5168827772140503,0.010508260689675808,-0.5225015878677368,-0.7004517912864685,0.12141405045986176,0.001249814173206687,-0.0011590223293751478,0.005431201308965683,-0.011907273903489113,-0.30954864621162415,-0.13257694244384766,-0.13167959451675415,-0.6517133712768555,0.016415651887655258,-0.2097664773464203,-0.8044172525405884,0.08451955765485764,0.1919480860233307,-0.06836563348770142,0.0904393121600151,0.24559077620506287,-0.33625900745391846,-0.01214052177965641,0.18880406022071838,-0.6143636703491211,0.13140499591827393,0.05323009192943573,-0.714820146560669,0.17937740683555603,0.3892781734466553,-0.11978542059659958,0.25476953387260437,0.41627806425094604,-0.3531622886657715,0.12163972854614258,0.33165764808654785,-0.5193606019020081,0.21465525031089783,0.29889050126075745,-0.58524489402771,0.3557887375354767
4,0.15747924149036407,0.3143754005432129,0.5359538793563843,-0.12705832719802856,0.31562477350234985,0.48833930492401123,-0.3895261287689209,0.4151068925857544,0.23797264695167542,-0.5733851194381714,0.21521849930286407,-0.05991765111684799,-0.6330126523971558,0.23262599110603333,-0.14895357191562653,-0.25026196241378784,0.06874415278434753,-0.019526775926351547,-0.288923442363739,-0.31634941697120667,-0.0680195689201355,-0.42434096336364746,-0.5143601894378662,0.02567112073302269,-0.5216817855834961,-0.699048638343811,0.13845205307006836,0.0013036176096647978,-0.0010747021296992898,0.0061926329508423805,-0.006630897056311369,-0.32081955671310425,-0.11279012262821198,-0.11980201303958893,-0.659401535987854,0.030412744730710983,-0.19620735943317413,-0.8408465385437012,0.10963253676891327,0.191395103931427,-0.05806589126586914,0.08499541878700256,0.24584010243415833,-0.3420608937740326,0.006171566899865866,0.2005499303340912,-0.6255818605422974,0.1442798376083374,0.07201807200908661,-0.7232524156570435,0.23391278088092804,0.38289064168930054,-0.09611493349075317,0.2453296184539795,0.429507851600647,-0.3357943296432495,0.15077011287212372,0.3321123719215393,-0.5112999081611633,0.23538142442703247,0.30209434032440186,-0.5835888385772705,0.36675548553466797
5,0.16414757072925568,0.3769509792327881,0.527117908000946,-0.10449021309614182,0.3399679660797119,0.4973152279853821,-0.3801438808441162,0.417249858379364,0.23830759525299072,-0.5835235118865967,0.22014689445495605,-0.05261275917291641,-0.6432769298553467,0.17254608869552612,-0.1955164074897766,-0.24461013078689575,0.06123632937669754,-0.013541525229811668,-0.28440049290657043,-0.3125467300415039,-0.058513060212135315,-0.42480796575546265,-0.5060483813285828,0.04001292958855629,-0.518478274345398,-0.6896020770072937,0.16101810336112976,0.0013216473162174225,-0.001015327638015151,0.006686626002192497,-0.0003121055196970701,-0.330599308013916,-0.09811975061893463,-0.11167287826538086,-0.6546776294708252,0.04114741459488869,-0.19698618352413177,-0.8629341125488281,0.13037720322608948,0.18925264477729797,-0.05160243436694145,0.08490743488073349,0.24730616807937622,-0.3475860357284546,0.017438864335417747,0.2039656937122345,-0.6245412826538086,0.16262485086917877,0.0840039849281311,-0.7256526947021484,0.27190250158309937,0.374925822019577,-0.08464358001947403,0.24685975909233093,0.43997514247894287,-0.32779401540756226,0.16999775171279907,0.3414084017276764,-0.498279869556427,0.2504957616329193,0.316064715385437,-0.5747203826904297,0.37929558753967285
6,0.07862862944602966,0.15344782173633575,0.6012221574783325,-0.09505940973758698,0.34030449390411377,0.4958595037460327,-0.3843083679676056,0.42237919569015503,0.2658312916755676,-0.5916448831558228,0.1773139387369156,-0.008268959820270538,-0.6420677900314331,0.16389033198356628,-0.20176780223846436,-0.2417859435081482,0.06358751654624939,-0.006091512273997068,-0.2831427752971649,-0.3219353258609772,-0.03339632973074913,-0.4273955225944519,-0.5176064968109131,0.05774884670972824,-0.5262731313705444,-0.7142393589019775,0.14283230900764465,0.0013717121910303831,-0.00111173908226192,0.006160082761198282,-0.0023343139328062534,-0.3328877091407776,-0.10040897130966187,-0.12229152023792267,-0.6659361124038696,0.036980606615543365,-0.20018929243087769,-0.8648498058319092,0.11445009708404541,0.19286397099494934,-0.06171613931655884,0.08124027401208878,0.23371157050132751,-0.3569117784500122,0.018115151673555374,0.21005454659461975,-0.6337318420410156,0.14378489553928375,0.08632193505764008,-0.7461388111114502,0.23580454289913177,0.36450305581092834,-0.12612642347812653,0.22511345148086548,0.40029820799827576,-0.3621450662612915,0.15864509344100952,0.32460278272628784,-0.49344104528427124,0.25734567642211914,0.28610649704933167,-0.5761734247207642,0.39911603927612305
7,0.10970807075500488,0.2414625585079193,0.5798681974411011,-0.10406981408596039,0.34096214175224304,0.5055863857269287,-0.3884538412094116,0.4157460927963257,0.2633468806743622,-0.5977545976638794,0.20150257647037506,-0.018413182348012924,-0.6513851284980774,0.15786662697792053,-0.20954909920692444,-0.2455701380968094,0.06458547711372375,-0.01027490384876728,-0.2796403169631958,-0.3346766233444214,-0.04522557556629181,-0.4122394919395447,-0.5176704525947571,0.06861196458339691,-0.5207542777061462,-0.7102439403533936,0.14938472211360931,0.0013651505578309298,-0.0011655782582238317,0.005585458129644394,0.0005568050546571612,-0.33142614364624023,-0.0984768494963646,-0.11365754902362823,-0.6705173254013062,0.04296616464853287,-0.1946699023246765,-0.8810392618179321,0.11585850268602371,0.19121505320072174,-0.05681692808866501,0.08439221978187561,0.2400648295879364,-0.3527013063430786,0.02138463780283928,0.21072790026664734,-0.6368695497512817,0.15174227952957153,0.09151452034711838,-0.737402081489563,0.2675197720527649,0.36194610595703125,-0.1450009047985077,0.22625955939292908,0.42482244968414307,-0.3491888642311096,0.1726456582546234,0.3310195207595825,-0.49811309576034546,0.2584976553916931,0.2957856357097626,-0.5803548097610474,0.3944645822048187
8,0.06245749816298485,0.016110949218273163,0.6561851501464844,-0.16139736771583557,0.27491480112075806,0.4845837652683258,-0.4030824899673462,0.43489527702331543,0.22762952744960785,-0.6073657274246216,0.13051269948482513,0.010672906413674355,-0.645775318145752,0.15761402249336243,-0.22025039792060852,-0.24602463841438293,0.05689492076635361,-0.00215234886854887,-0.31130531430244446,-0.3447269797325134,-0.032078489661216736,-0.4345881938934326,-0.5370477437973022,0.09254754334688187,-0.527477502822876,-0.735863447189331,0.1389462947845459,0.001481776125729084,-0.0011133549269288778,0.006697401404380798,-0.018131930381059647,-0.3100752830505371,-0.1292240470647812,-0.12343589961528778,-0.6787551641464233,0.037031762301921844,-0.21222048997879028,-0.8580824136734009,0.1005295068025589,0.20056034624576569,-0.06113184988498688,0.06789645552635193,0.22481948137283325,-0.3235276937484741,-0.007503969594836235,0.22081559896469116,-0.6280533075332642,0.1270970106124878,0.03765754774212837,-0.7068362832069397,0.2327186018228531,0.36129459738731384,-0.1787128448486328,0.1783590018749237,0.45851582288742065,-0.3381379544734955,0.16760054230690002,0.29350465536117554,-0.4642087519168854,0.20678989589214325,0.24635420739650726,-0.5897760391235352,0.35544854402542114
9,0.0496300533413887,0.02372816577553749,0.631721019744873,-0.1262793242931366,0.2907746434211731,0.4657899737358093,-0.3908921480178833,0.441495805978775,0.21828877925872803,-0.5843139886856079,0.17066192626953125,0.024228572845458984,-0.6319913864135742,0.16391484439373016,-0.20665320754051208,-0.2511568069458008,0.048018988221883774,0.003440032247453928,-0.30558204650878906,-0.3393842875957489,-0.021469581872224808,-0.4048703908920288,-0.548974871635437,0.1095758005976677,-0.507357656955719,-0.7314867973327637,0.17606976628303528,0.00150404404848814,-0.001108317170292139,0.006998063996434212,-0.01173106487840414,-0.30534327030181885,-0.12494631111621857,-0.1101607084274292,-0.6804280281066895,0.052165284752845764,-0.20156560838222504,-0.8564623594284058,0.13382895290851593,0.18470555543899536,-0.059498827904462814,0.07155393064022064,0.2261863648891449,-0.31110864877700806,-0.008229834958910942,0.21792931854724884,-0.6166219711303711,0.12721213698387146,0.025267086923122406,-0.6783431768417358,0.22422897815704346,0.35393014550209045,-0.13269315659999847,0.143265962600708,0.47896093130111694,-0.3314521908760071,0.1784321367740631,0.2855724096298218,-0.45525333285331726,0.18268930912017822,0.24590903520584106,-0.6042466163635254,0.3431854844093323
10,0.04705771058797836,-0.23360088467597961,0.6621531844139099,-0.15414881706237793,-0.09838667511940002,0.5093280076980591,-0.34623903036117554,0.4122091829776764,0.20197075605392456,-0.452181339263916,-0.0016461163759231567,0.01503102295100689,-0.1912633329629898,-0.011554010212421417,-0.19425177574157715,-0.25495463609695435,0.04553285613656044,0.009805959649384022,-0.32411861419677734,-0.3346756100654602,0.01928711123764515,-0.38304808735847473,-0.5588047504425049,0.15161395072937012,-0.43852683901786804,-0.7757219672203064,0.17853671312332153,0.0016695725498721004,-0.0014007196296006441,0.007274209521710873,-0.02801590971648693,-0.3789708614349365,-0.06854890286922455,-0.12397477775812149,-0.6978095769882202,0.06886143237352371,-0.24120724201202393,-0.7673583030700684,0.12406902015209198,0.16562092304229736,-0.052652377635240555,0.054091185331344604,0.21253487467765808,-0.27662479877471924,-0.09824766963720322,0.2058488428592682,-0.6036498546600342,0.08598868548870087,-0.13870081305503845,-0.6361581683158875,0.004510670900344849,0.385086327791214,-0.08121124655008316,0.17722156643867493,0.5103411674499512,-0.3202250003814697,0.178888738155365,0.25057071447372437,-0.4336390793323517,0.10882692039012909,0.1589643657207489,-0.6062040328979492,0.30824437737464905
11,0.16782821714878082,1.3179925680160522,-0.5357613563537598,0.0864076316356659,-0.7756072878837585,0.5043900012969971,-0.5703688859939575,-0.5708441734313965,0.4270341098308563,0.08199861645698547,-0.014535126276314259,0.10325433313846588,0.11348795890808105,-0.2101675420999527,-0.19988760352134705,-0.45534494519233704,-0.2064768522977829,0.18310324847698212,-0.3837738633155823,0.11077968776226044,-0.17039069533348083,0.5152696371078491,-0.7200430035591125,-0.29820847511291504,0.27773886919021606,-0.07530149817466736,-0.3997914493083954,0.009261608123779297,-0.005861492361873388,0.004165319260209799,-0.15898750722408295,-0.3091053366661072,-0.07354691624641418,-0.28785425424575806,-0.40388885140419006,-0.10375091433525085,-0.3979138135910034,-1.3737664222717285,-0.4003666639328003,-0.07548170536756516,0.06733738631010056,-0.15729697048664093,0.14175257086753845,-0.2687346935272217,-0.17100481688976288,0.1139271929860115,-0.7479013204574585,-0.24037538468837738,-0.2827152907848358,-0.788341760635376,-0.018435493111610413,0.6498683094978333,-0.6130008697509766,0.08776413649320602,0.7910597920417786,-0.42363983392715454,0.35169845819473267,0.6906372904777527,0.13729146122932434,0.39915183186531067,-0.07515649497509003,-0.6753243207931519,0.48305588960647583
12,0.19911819696426392,0.9542853236198425,-0.09433935582637787,0.005458135157823563,-0.20346282422542572,0.4849514365196228,-0.472925066947937,-0.12726996839046478,0.39026767015457153,-0.22513218224048615,0.1353764683008194,0.09828352928161621,-0.26932570338249207,-0.022771045565605164,0.012296244502067566,-0.35407716035842896,-0.08394043892621994,0.09055498242378235,-0.35992303490638733,-0.0937127098441124,-0.11464110016822815,0.08343876898288727,-0.6467007398605347,-0.045680850744247437,-0.015269637107849121,-0.3257022202014923,-0.14708679914474487,0.005824641324579716,-0.003924764227122068,0.0052721272222697735,-0.09232574701309204,-0.3038247227668762,-0.09753018617630005,-0.17828983068466187,-0.5111972689628601,-0.002552442252635956,-0.28928905725479126,-1.0913264751434326,-0.19242937862873077,0.0667642205953598,0.015862658619880676,-0.05014816299080849,0.18872109055519104,-0.28886985778808594,-0.10375530272722244,0.12877261638641357,-0.6598443984985352,-0.055494509637355804,-0.11568738520145416,-0.7653803825378418,0.12222752720117569,0.5733741521835327,-0.3193351626396179,0.15324796736240387,0.6642085313796997,-0.3816238045692444,0.320562481880188,0.5071151256561279,-0.11670704185962677,0.3494459390640259,0.05791231617331505,-0.6189389228820801,0.3908417224884033
13,0.1983083039522171,0.7281701564788818,0.3166390359401703,-0.07012506574392319,0.08569137752056122,0.5229193568229675,-0.47383296489715576,0.14272698760032654,0.3565319776535034,-0.39882463216781616,0.25459420680999756,0.07734114676713943,-0.4963154196739197,0.11063951253890991,-0.03930985555052757,-0.3019236922264099,-0.00023856386542320251,0.04817553609609604,-0.3594738841056824,-0.17731119692325592,-0.10801257193088531,-0.15842467546463013,-0.5732061862945557,-0.030702028423547745,-0.2994607090950012,-0.46739402413368225,-0.08464717119932175,0.003733718767762184,-0.002519411500543356,0.005309553816914558,-0.06107977405190468,-0.3156697750091553,-0.09915178269147873,-0.16884645819664001,-0.5115743279457092,-0.05998241901397705,-0.23761945962905884,-0.9501304030418396,-0.12333090603351593,0.11508823931217194,-0.016152508556842804,0.0028667785227298737,0.1919817328453064,-0.3127509355545044,-0.043035537004470825,0.1430753469467163,-0.6351161599159241,0.012665955349802971,-0.01522691547870636,-0.7027413845062256,-0.00033038854598999023,0.4874255061149597,-0.19617150723934174,0.1711086630821228,0.552431046962738,-0.4012470841407776,0.21157783269882202,0.43754813075065613,-0.31733807921409607,0.3025796413421631,0.17261195182800293,-0.6509667634963989,0.32996341586112976
14,0.2414149045944214,0.6695486307144165,0.4276919364929199,-0.039930373430252075,0.26589328050613403,0.48274877667427063,-0.42646199464797974,0.3015769124031067,0.30473020672798157,-0.4926452040672302,0.34052574634552,0.0071233175694942474,-0.6256245374679565,0.23666542768478394,-0.02601797506213188,-0.27108001708984375,0.045555002987384796,0.02711586095392704,-0.3673888146877289,-0.22283828258514404,-0.08135957270860672,-0.2897752523422241,-0.5348723530769348,0.023312348872423172,-0.44926154613494873,-0.5599647760391235,0.022245515137910843,0.002615046687424183,-0.0017678812146186829,0.005204345099627972,-0.05449368432164192,-0.33154043555259705,-0.07764523476362228,-0.15267342329025269,-0.5339900851249695,-0.023057762533426285,-0.21404913067817688,-0.9118156433105469,-0.022699981927871704,0.15683357417583466,-0.034752119332551956,0.033164333552122116,0.20415723323822021,-0.3359297513961792,0.003216184675693512,0.16340672969818115,-0.5885505676269531,0.05474091321229935,0.08154095709323883,-0.7028580904006958,-0.01341332122683525,0.4440572261810303,-0.11789605021476746,0.17900721728801727,0.5456050038337708,-0.382809042930603,0.17540648579597473,0.45007139444351196,-0.38756629824638367,0.2897310256958008,0.2725716233253479,-0.6556112766265869,0.34873896837234497
15,0.28237223625183105,0.6220259070396423,0.4210434556007385,-0.05611715465784073,0.38986456394195557,0.3747599422931671,-0.4404173493385315,0.3944758176803589,0.2289573848247528,-0.508212685585022,0.31679871678352356,0.017056869342923164,-0.7208582162857056,0.2511199712753296,-0.13178440928459167,-0.26037484407424927,0.06044033169746399,-0.0026194974780082703,-0.3455659747123718,-0.2453252673149109,-0.048098739236593246,-0.38218486309051514,-0.5022832751274109,0.01459439191967249,-0.5337159037590027,-0.6023943424224854,0.06865730881690979,0.0022105248644948006,-0.0016794956754893064,0.006113626062870026,0.006311982870101929,-0.3079373836517334,-0.028478363528847694,-0.12346901744604111,-0.5576791763305664,0.030181387439370155,-0.20648904144763947,-0.895294189453125,-0.02307252213358879,0.17285038530826569,-0.044713057577610016,0.0503825843334198,0.22718194127082825,-0.33821165561676025,0.01831159181892872,0.20241135358810425,-0.5807411670684814,0.10166042298078537,0.1318303942680359,-0.698145866394043,-0.017543796449899673,0.4418686032295227,-0.07617455720901489,0.1828015148639679,0.5150926113128662,-0.3906557559967041,0.17235535383224487,0.45715415477752686,-0.44700050354003906,0.23821425437927246,0.35625049471855164,-0.591064453125,0.2923133373260498
16,0.2572842836380005,0.43425625562667847,0.6013708114624023,-0.1414906233549118,0.35091906785964966,0.36279386281967163,-0.4386650323867798,0.3853291869163513,0.31706005334854126,-0.4805326461791992,0.2174169421195984,0.04607310891151428,-0.6381596922874451,0.13351911306381226,-0.11651003360748291,-0.22520172595977783,0.06369069963693619,-0.012027658522129059,-0.2677724063396454,-0.24878105521202087,-0.0674314796924591,-0.31438159942626953,-0.4314751923084259,-0.06733699142932892,-0.4352429509162903,-0.57232266664505,0.024298809468746185,0.0015557714505121112,-0.0010128290159627795,0.004858873318880796,0.020660988986492157,-0.26514139771461487,-0.04620279371738434,-0.07151061296463013,-0.4993322193622589,-0.03410857915878296,-0.04134342819452286,-0.6389317512512207,-0.0750621110200882,0.1758212447166443,-0.07044737040996552,0.05261416360735893,0.20699208974838257,-0.3110882639884949,0.01153410691767931,0.15920358896255493,-0.4746624827384949,0.08602282404899597,0.06961261481046677,-0.5608013868331909,0.07197028398513794,0.37769708037376404,-0.13910150527954102,0.17170479893684387,0.49530261754989624,-0.4486357569694519,0.12106598168611526,0.40702059864997864,-0.4583587050437927,0.18217067420482635,0.34870681166648865,-0.5762753486633301,0.1708730012178421
17,0.25895869731903076,0.5503988265991211,0.3188273012638092,-0.18927426636219025,0.4772334098815918,0.11516136676073074,-0.4754711389541626,0.48645955324172974,0.3727758526802063,-0.6390454173088074,0.2300461083650589,0.15883769094944,-0.1863090991973877,-0.053132154047489166,-0.19318199157714844,-0.2363283485174179,0.14459218084812164,0.0247227493673563,-0.27347230911254883,-0.2802753150463104,-0.07618006318807602,-0.35186129808425903,-0.4814915657043457,0.014766335487365723,-0.4802864193916321,-0.6279062032699585,0.04766438528895378,0.001794892130419612,-0.0018103424226865172,0.0061684781685471535,-0.019423671066761017,-0.3315085172653198,-0.05187766253948212,-0.07283632457256317,-0.6109703779220581,-0.035387229174375534,-0.06147603690624237,-0.7418641448020935,0.013697557151317596,0.20962285995483398,-0.08024974167346954,0.05015433579683304,0.234147310256958,-0.35348740220069885,0.000636800192296505,0.20427130162715912,-0.5944995880126953,0.10584982484579086,0.058824192732572556,-0.6425475478172302,0.2050732970237732,0.4651257395744324,-0.13605090975761414,0.1865888237953186,0.49784570932388306,-0.4456942677497864,0.12909388542175293,0.39651456475257874,-0.46826350688934326,0.11273904144763947,0.4204467535018921,-0.5524653196334839,0.053553469479084015
18,0.302412748336792,0.5414012670516968,0.13484637439250946,-0.1882351040840149,0.5347774028778076,-0.03072434663772583,-0.48290321230888367,0.49932175874710083,0.3741140365600586,-0.6343256235122681,0.2194339632987976,0.2525867223739624,0.07290410250425339,-0.1636967808008194,-0.22195209562778473,-0.21245576441287994,0.21599885821342468,-0.016010578721761703,-0.2686057686805725,-0.29361534118652344,-0.07943044602870941,-0.39299437403678894,-0.4917650818824768,0.036834944039583206,-0.40596073865890503,-0.6303383708000183,0.1955024003982544,0.001818397780880332,-0.0020192782394587994,0.00697140209376812,-0.02172192931175232,-0.37512731552124023,-0.05879633128643036,-0.0742461234331131,-0.6759688854217529,-0.030456647276878357,-0.08553512394428253,-0.8359343409538269,0.07626733183860779,0.22485476732254028,-0.08963465690612793,0.030235901474952698,0.27017343044281006,-0.3846137523651123,-0.02738126367330551,0.2225860357284546,-0.6771028637886047,0.09499405324459076,0.03240093216300011,-0.6268694400787354,0.21670490503311157,0.49785733222961426,-0.13192537426948547,0.1974414736032486,0.5061790347099304,-0.4356634318828583,0.13735851645469666,0.34228798747062683,-0.4376968741416931,0.053674764931201935,0.40264788269996643,-0.5289533138275146,-0.09281673282384872
19,0.24369552731513977,0.5993016958236694,-0.1886083483695984,-0.1877376139163971,0.5020104646682739,0.15248332917690277,-0.4927787780761719,0.42268842458724976,0.28667905926704407,-0.6045997142791748,0.19687210023403168,0.09171511232852936,0.1254604309797287,-0.20341917872428894,-0.2014235556125641,-0.2636486887931824,0.1853562295436859,-0.005543805193156004,-0.2286367565393448,-0.3028469681739807,-0.11196087300777435,-0.393196165561676,-0.5084550976753235,0.1142614483833313,-0.3173554539680481,-0.6770404577255249,0.3291493058204651,0.0015942546306177974,-0.0025194878689944744,0.006274163722991943,-0.008675866760313511,-0.4030715823173523,-0.09286482632160187,-0.08587419986724854,-0.6921119689941406,-0.01281735859811306,-0.030251020565629005,-0.875774621963501,0.17228476703166962,0.23104900121688843,-0.0899258553981781,0.031130867078900337,0.23647212982177734,-0.40288716554641724,-0.05581687390804291,0.10050854086875916,-0.5765178799629211,0.07183989137411118,-0.05281420797109604,-0.6305735111236572,0.3096829056739807,0.4875193238258362,-0.10941308736801147,0.18118742108345032,0.4492703676223755,-0.42994439601898193,0.12740758061408997,0.29628080129623413,-0.42625290155410767,-0.0005796551704406738,0.339356929063797,-0.5268117189407349,-0.2040196806192398
20,0.16131022572517395,0.6320110559463501,-0.3468441367149353,-0.22963857650756836,0.4702935814857483,0.21979618072509766,-0.4863617718219757,0.35465219616889954,0.2284810096025467,-0.5857203006744385,0.19668564200401306,0.051276661455631256,0.17031097412109375,-0.22810742259025574,-0.18707405030727386,-0.2877809405326843,0.16777783632278442,-0.005214295350015163,-0.2047535479068756,-0.2928246855735779,-0.13315370678901672,-0.3916758894920349,-0.5146223902702332,0.15039435029029846,-0.3495669364929199,-0.6278960704803467,0.14897166192531586,0.0013705069432035089,-0.0027933334931731224,0.005250283982604742,-0.004925002809613943,-0.40854522585868835,-0.09997140616178513,-0.09305211901664734,-0.6903891563415527,-0.014042915776371956,-0.03911857306957245,-0.7639856934547424,0.23187272250652313,0.23296266794204712,-0.0888272374868393,0.031941238790750504,0.21855774521827698,-0.4089183807373047,-0.07106330245733261,0.04344647005200386,-0.5394513607025146,0.06867300719022751,-0.08158447593450546,-0.6507892608642578,0.3611338138580322,0.49226224422454834,-0.08897514641284943,0.19104807078838348,0.42621344327926636,-0.4321865439414978,0.11118578910827637,0.27554816007614136,-0.411050409078598,-0.015668079257011414,0.29531872272491455,-0.500911295413971,-0.24777573347091675
21,0.07927453517913818,0.5927867889404297,-0.35419875383377075,-0.03568417578935623,0.6059942245483398,-0.09401515126228333,-0.511009693145752,0.3722653388977051,0.1809188574552536,-0.5913991928100586,0.22242949903011322,0.06786641478538513,0.033211804926395416,-0.15140961110591888,-0.2718125581741333,-0.2975122332572937,0.15336667001247406,-0.0009293818147853017,-0.18543031811714172,-0.2694130539894104,-0.162448450922966,-0.31894558668136597,-0.5618630647659302,0.087399922311306,-0.26678308844566345,-0.6581907272338867,0.2443578839302063,0.001540154218673706,-0.0026613769587129354,0.006412274669855833,0.006104786414653063,-0.43404045701026917,-0.0607537142932415,-0.08434799313545227,-0.6548269987106323,-0.05323820933699608,-0.009949823841452599,-0.7168810367584229,0.23384657502174377,0.23656535148620605,-0.09320208430290222,0.01976407878100872,0.19126594066619873,-0.42547911405563354,-0.07387026399374008,0.1388441026210785,-0.6154956221580505,0.05995729938149452,-0.09214514493942261,-0.6176360249519348,0.3973941206932068,0.4640132188796997,-0.0674615353345871,0.1991046965122223,0.44542795419692993,-0.41469353437423706,0.13312998414039612,0.33020371198654175,-0.439569354057312,0.040890660136938095,0.35094311833381653,-0.5152052640914917,-0.14543107151985168
22,0.0823507308959961,0.54006427526474,-0.21945740282535553,0.0031580179929733276,0.647844672203064,-0.18759679794311523,-0.5128313899040222,0.39257165789604187,0.1952868103981018,-0.5588251352310181,0.2685299515724182,0.1645711064338684,-0.25382426381111145,-0.02944483980536461,-0.20966580510139465,-0.2752002477645874,0.14416061341762543,0.006416205782443285,-0.2925533652305603,-0.3324108123779297,-0.0921388491988182,-0.30970239639282227,-0.5663771629333496,0.09235987812280655,-0.29247310757637024,-0.6692663431167603,0.261680006980896,0.0015735561028122902,-0.0022348181810230017,0.006876708939671516,0.018512995913624763,-0.4229292869567871,-0.018632225692272186,-0.07346226274967194,-0.6547547578811646,-0.0586794875562191,-0.023998351767659187,-0.6698625087738037,0.19891637563705444,0.22961217164993286,-0.08910032361745834,0.019031446427106857,0.18248677253723145,-0.40665286779403687,-0.06722209602594376,0.1857682764530182,-0.598149836063385,0.042821504175662994,0.09617889672517776,-0.6318824291229248,0.28862953186035156,0.4280650317668915,-0.07780342549085617,0.18023580312728882,0.4771735668182373,-0.39384615421295166,0.1376863270998001,0.36947062611579895,-0.4541565179824829,0.05344155803322792,0.4554814100265503,-0.5367676019668579,-0.048092491924762726
23,0.1723080426454544,0.6036316752433777,-0.01840289682149887,0.023124827072024345,0.6002205610275269,-0.17415931820869446,-0.46012669801712036,0.4489501714706421,0.23152057826519012,-0.5867949724197388,0.3342137336730957,0.22084489464759827,-0.5568255186080933,0.1566457599401474,-0.0955081507563591,-0.25502097606658936,0.1324978917837143,0.04349895939230919,-0.30910545587539673,-0.30503520369529724,-0.05872922018170357,-0.41445428133010864,-0.5443958640098572,0.13186237215995789,-0.3389838635921478,-0.6679331660270691,0.30631357431411743,0.0015908977948129177,-0.0020894117187708616,0.006433030124753714,-0.013538645580410957,-0.4258910119533539,-0.012889866717159748,-0.07902934402227402,-0.6401127576828003,0.027035649865865707,-0.10938228666782379,-0.7550280094146729,0.16923020780086517,0.21665045619010925,-0.07738290727138519,0.017641298472881317,0.15382130444049835,-0.3991484045982361,-0.0550178661942482,0.1923041194677353,-0.56925368309021,0.0501532182097435,0.1383289098739624,-0.7068060636520386,0.29250457882881165,0.4385308623313904,-0.06711824238300323,0.14873723685741425,0.47830313444137573,-0.4126618504524231,0.09054397791624069,0.4235491156578064,-0.4784850478172302,0.08896562457084656,0.5127084255218506,-0.6028416752815247,0.11840972304344177
24,0.22264137864112854,0.6418874263763428,0.09944336116313934,0.004149903543293476,0.6357874870300293,-0.08232710510492325,-0.4538458287715912,0.5183773636817932,0.263472318649292,-0.6050612926483154,0.38899755477905273,0.2575276494026184,-0.7648094892501831,0.23446527123451233,-0.011640287935733795,-0.23613443970680237,0.12124936282634735,0.056470926851034164,-0.30691102147102356,-0.29166409373283386,-0.03247687220573425,-0.44367679953575134,-0.5252137780189514,0.18902587890625,-0.4552146792411804,-0.7059255838394165,0.35000866651535034,0.001555195078253746,-0.0019657621160149574,0.006028614938259125,-0.022845298051834106,-0.41001343727111816,-0.0002757720649242401,-0.08174827694892883,-0.6378566026687622,0.08538848906755447,-0.1526230126619339,-0.8106991052627563,0.20097407698631287,0.20902979373931885,-0.06301893293857574,0.017636729404330254,0.1676478385925293,-0.3947547972202301,-0.023142710328102112,0.19474783539772034,-0.5623100996017456,0.07330405712127686,0.15202981233596802,-0.7467924952507019,0.29233527183532715,0.44740772247314453,-0.045009270310401917,0.12110983580350876,0.49944883584976196,-0.42090630531311035,0.08510004729032516,0.4659474790096283,-0.4916580319404602,0.11881481111049652,0.5425353050231934,-0.6363707780838013,0.202928364276886
25,0.16840355098247528,0.5962408781051636,0.1491900533437729,0.018612254410982132,0.6517906188964844,-0.202554389834404,-0.4563683867454529,0.4987686276435852,0.2480980008840561,-0.6025577783584595,0.44908279180526733,0.24200193583965302,-0.6032344698905945,0.2426292449235916,-0.09284485131502151,-0.23774397373199463,0.11443446576595306,0.06369633972644806,-0.29934513568878174,-0.3137294054031372,0.0007944107055664062,-0.4659155607223511,-0.5180126428604126,0.22562822699546814,-0.4105750620365143,-0.7193952798843384,0.40801292657852173,0.0016276809619739652,-0.001963397953659296,0.00666849734261632,-0.04473277926445007,-0.4274212718009949,0.02473597228527069,-0.07530677318572998,-0.6470377445220947,0.13282860815525055,-0.15112081170082092,-0.8157849311828613,0.2110302746295929,0.2112279087305069,-0.07465241849422455,0.004045570734888315,0.15237334370613098,-0.39639124274253845,-0.022548725828528404,0.20332346856594086,-0.5551902651786804,0.07158814370632172,0.17857226729393005,-0.7888279557228088,0.29450035095214844,0.4451017379760742,-0.0393165647983551,0.09533610194921494,0.5128670930862427,-0.42966151237487793,0.07504800707101822,0.46648237109184265,-0.49315375089645386,0.10597948729991913,0.5699924230575562,-0.6772299408912659,0.27021390199661255
26,0.14739437401294708,0.5049224495887756,0.1527739018201828,0.010484746657311916,0.6503682136535645,-0.03502817451953888,-0.4852621555328369,0.5178616046905518,0.24032509326934814,-0.4597081243991852,0.22999228537082672,0.1849893182516098,-0.10469484329223633,-0.016446858644485474,-0.18149161338806152,-0.22473368048667908,0.10473229736089706,0.084304079413414,-0.28477731347084045,-0.2978622615337372,0.005829484201967716,-0.41742706298828125,-0.5532172918319702,0.2188657820224762,-0.3711077570915222,-0.6815342903137207,0.407867968082428,0.001680492889136076,-0.0018284991383552551,0.006557737477123737,-0.023132886737585068,-0.419689804315567,0.046204112470149994,-0.05307122319936752,-0.6259238719940186,0.13449211418628693,-0.13227421045303345,-0.8025944232940674,0.19192779064178467,0.21810390055179596,-0.08610600233078003,-0.0012008599005639553,0.1364009976387024,-0.39075684547424316,-0.05310898274183273,0.22233077883720398,-0.5607508420944214,0.03530675917863846,0.20724162459373474,-0.6880321502685547,0.3782578408718109,0.4178534746170044,-0.09277154505252838,0.06208494305610657,0.4877951443195343,-0.42323005199432373,0.05388330668210983,0.4651431441307068,-0.49664580821990967,0.07962440699338913,0.6010767221450806,-0.6563316583633423,0.1550518125295639
27,0.20655560493469238,0.46008217334747314,0.17049051821231842,0.04497825354337692,0.6534961462020874,0.04477108269929886,-0.4642488956451416,0.525682270526886,0.22410506010055542,-0.4046763777732849,0.14527545869350433,0.185020312666893,-0.009098455309867859,0.1518927663564682,-0.4694712162017822,-0.23055410385131836,0.1056370735168457,0.09647814929485321,-0.27857887744903564,-0.25173959136009216,-0.008944371715188026,-0.38469627499580383,-0.5686811208724976,0.19814124703407288,-0.3455289602279663,-0.654880166053772,0.41106265783309937,0.0017448512371629477,-0.0016755851684138179,0.006757461465895176,-0.013416803441941738,-0.4268968105316162,0.06069263070821762,-0.045991167426109314,-0.6163190603256226,0.13020509481430054,-0.04810813069343567,-0.661108672618866,0.17987677454948425,0.22633573412895203,-0.0986233577132225,-0.006229303311556578,0.12160629034042358,-0.3887597322463989,-0.0656290054321289,0.23708513379096985,-0.5647213459014893,0.03273662179708481,0.21210765838623047,-0.6106693744659424,0.46122127771377563,0.41459932923316956,-0.11369161307811737,0.055216073989868164,0.474627286195755,-0.42030441761016846,0.03221023082733154,0.43997108936309814,-0.4698232114315033,0.051880449056625366,0.5714807510375977,-0.6205384731292725,0.001553647220134735
28,0.26205700635910034,0.4954322576522827,0.07262739539146423,0.03301075100898743,0.6741575598716736,0.08664588630199432,-0.49671006202697754,0.48570072650909424,0.31768548488616943,-0.2787599563598633,0.06981322914361954,0.2328532338142395,0.14863839745521545,-0.06875614076852798,-0.3631317615509033,-0.22951701283454895,0.10724114626646042,0.09664149582386017,-0.3043980896472931,-0.23456250131130219,-0.029198545962572098,-0.4160170555114746,-0.5753761529922485,0.17547577619552612,-0.391846239566803,-0.6475311517715454,0.39184343814849854,0.0016206610016524792,-0.0013971826992928982,0.006555059924721718,-0.010490208864212036,-0.4112386107444763,0.0490281879901886,-0.05522182211279869,-0.6099709272384644,0.12442804872989655,-0.030252045020461082,-0.5782122611999512,0.14980731904506683,0.21961748600006104,-0.0987483486533165,0.0013201013207435608,0.13098280131816864,-0.3794189691543579,-0.05549273267388344,0.24075627326965332,-0.5411337018013,0.04215007647871971,0.2143247425556183,-0.6067347526550293,0.36809390783309937,0.4431002140045166,-0.11784300208091736,0.03321538120508194,0.5101698637008667,-0.4393535852432251,-0.0006153341382741928,0.49984586238861084,-0.5338135957717896,0.039513733237981796,0.6333416104316711,-0.6822998523712158,0.014593493193387985
29,0.24203431606292725,0.5613753199577332,0.05757763236761093,0.0011121239513158798,0.705877423286438,0.08599770814180374,-0.5216823816299438,0.48316431045532227,0.2950773239135742,-0.35703611373901367,0.10408978164196014,0.21995291113853455,0.04844829440116882,-0.06529414653778076,-0.30558499693870544,-0.23353886604309082,0.11202943325042725,0.08785121887922287,-0.3054314851760864,-0.24972113966941833,-0.041224315762519836,-0.41357988119125366,-0.5252234935760498,0.14131882786750793,-0.41086143255233765,-0.661446213722229,0.3774060010910034,0.0015282831154763699,-0.0012176224263384938,0.0064206901006400585,-0.013459043577313423,-0.400800883769989,0.033548541367053986,-0.06210968643426895,-0.6263265609741211,0.12070620059967041,-0.04296894371509552,-0.5430054068565369,0.15030840039253235,0.21098396182060242,-0.088950976729393,0.008753616362810135,0.152267724275589,-0.37167853116989136,-0.04093524068593979,0.2360808253288269,-0.5346131324768066,0.048963308334350586,0.2176547646522522,-0.6252532005310059,0.29558515548706055,0.4547960162162781,-0.1181863471865654,0.05042915791273117,0.5223920345306396,-0.42537492513656616,0.004266838077455759,0.5336883068084717,-0.5408991575241089,0.05317249894142151,0.6387457847595215,-0.6772464513778687,0.05733504891395569
30,0.1656302809715271,0.5317609906196594,0.12673704326152802,-0.15633821487426758,0.4049125015735626,0.2903890013694763,-0.5555907487869263,0.47958701848983765,0.32302212715148926,-0.2924480140209198,0.04886119067668915,0.2619378864765167,0.16327278316020966,-0.13149549067020416,-0.31353479623794556,-0.22992873191833496,0.1196792870759964,0.08748429268598557,-0.31903547048568726,-0.2024487555027008,-0.06618630141019821,-0.4202118515968323,-0.48023200035095215,0.11859066784381866,-0.42638665437698364,-0.6588977575302124,0.40854787826538086,0.0014226791681721807,-0.000999709591269493,0.006208591628819704,-0.005031445063650608,-0.4158298671245575,0.02220849320292473,-0.05682745203375816,-0.615242600440979,0.1002001091837883,-0.013037066906690598,-0.491710364818573,0.17053744196891785,0.21107889711856842,-0.10473142564296722,0.011885205283761024,0.15398305654525757,-0.3771214187145233,-0.06214357912540436,0.23432829976081848,-0.5575461387634277,0.029254866763949394,0.20641204714775085,-0.6283707022666931,0.23110944032669067,0.4852622151374817,-0.139844611287117,0.024597078561782837,0.5561418533325195,-0.46527689695358276,-0.026364533230662346,0.5287472605705261,-0.547535240650177,0.04527896270155907,0.6432119011878967,-0.6925190091133118,-0.04803972318768501
31,0.23007479310035706,-0.2612723708152771,-0.18711689114570618,-0.0939883440732956,0.5527015924453735,0.022631675004959106,-0.5533686876296997,0.44521522521972656,0.23370957374572754,-0.23029080033302307,-0.017156969755887985,0.27309852838516235,0.24519218504428864,-0.19167903065681458,-0.3232157528400421,-0.2350127100944519,0.11097360402345657,0.07073083519935608,-0.3186354637145996,-0.1592852771282196,-0.09951953589916229,-0.37572208046913147,-0.5091272592544556,0.09565378725528717,-0.4075450301170349,-0.6306493282318115,0.4463832974433899,0.001326677156612277,-0.0008281443733721972,0.006241794675588608,0.0011253154370933771,-0.4279228448867798,0.01193137839436531,-0.04657493159174919,-0.6678603887557983,0.059810101985931396,-0.0024373712949454784,-0.49820125102996826,0.22757363319396973,0.18069328367710114,-0.13253501057624817,0.040370747447013855,0.18055510520935059,-0.3877201974391937,-0.07332256436347961,0.21510553359985352,-0.6074416637420654,0.01325992587953806,0.20700562000274658,-0.6542730331420898,0.20144206285476685,0.5101773142814636,-0.13775776326656342,0.04655139148235321,0.550125241279602,-0.4882236421108246,-0.027598610147833824,0.4817081093788147,-0.5140287280082703,0.030878573656082153,0.53929603099823,-0.638989269733429,-0.14999502897262573
32,0.3127441108226776,-0.9393876791000366,-0.5524824261665344,-0.05559498071670532,0.6335498094558716,-0.23510333895683289,-0.4760502576828003,0.40335530042648315,0.1651042103767395,-0.38023802638053894,0.04128662496805191,0.3071068823337555,0.16370341181755066,-0.07269860804080963,-0.27348440885543823,-0.25274404883384705,0.11042630672454834,0.054037392139434814,-0.312227725982666,-0.12707005441188812,-0.1372334063053131,-0.34684884548187256,-0.5161173343658447,0.044893018901348114,-0.3728880286216736,-0.6091578006744385,0.46755462884902954,0.0013414318673312664,-0.000781868351623416,0.006513281725347042,0.00036093316157348454,-0.46170419454574585,-0.0003865845501422882,-0.039114274084568024,-0.7069340944290161,0.02390832081437111,-0.017826402559876442,-0.5176228284835815,0.2280164361000061,0.22301256656646729,-0.14524942636489868,0.018678266555070877,0.22549894452095032,-0.3997020125389099,-0.0884491354227066,0.22455769777297974,-0.6567989587783813,0.010230990126729012,0.19805552065372467,-0.6996049880981445,0.18458393216133118,0.5288441181182861,-0.15445171296596527,0.07796231657266617,0.5317262411117554,-0.49275314807891846,-0.005287958309054375,0.3577929139137268,-0.388351708650589,0.01780937984585762,0.32799744606018066,-0.48859071731567383,-0.29331135749816895
33,0.1686270833015442,-0.3267388343811035,-0.0019525587558746338,-0.13990677893161774,0.6438043713569641,-0.5487965941429138,-0.4549839496612549,0.451657235622406,0.0025290027260780334,-0.38640087842941284,0.014805441722273827,0.27980852127075195,0.1858261227607727,-0.1046953946352005,-0.24960124492645264,-0.27187374234199524,0.1259223371744156,-0.025547821074724197,-0.39916473627090454,-0.2095353752374649,-0.1424882709980011,-0.36907270550727844,-0.5245383381843567,0.05647878348827362,-0.3364657163619995,-0.5969544649124146,0.47820109128952026,0.001330504659563303,-0.0008364644600078464,0.006071862764656544,0.0004975483170710504,-0.47929829359054565,-0.03990912064909935,-0.05046266317367554,-0.7256821393966675,-0.033883772790431976,-0.025262435898184776,-0.5589981079101562,0.2393215000629425,0.20408539474010468,-0.17427769303321838,0.056369632482528687,0.27606287598609924,-0.396426260471344,-0.12355667352676392,0.22657428681850433,-0.6667412519454956,-0.023308012634515762,0.19776974618434906,-0.7142796516418457,0.14457577466964722,0.566034197807312,-0.1441155970096588,0.13847553730010986,0.538299560546875,-0.5029881000518799,0.02731510065495968,0.3345518112182617,-0.3798334002494812,0.0496443435549736,0.23864546418190002,-0.44689467549324036,-0.2731913626194
34,0.12710529565811157,0.07081978023052216,0.09571298211812973,-0.21417590975761414,0.6068267822265625,-0.6445223093032837,-0.4417981207370758,0.4110589027404785,-0.08781680464744568,-0.48732757568359375,0.059605278074741364,0.29287970066070557,0.19787712395191193,-0.13953128457069397,-0.21488162875175476,-0.2611462473869324,0.1454767882823944,0.006743626669049263,-0.39143678545951843,-0.242152601480484,-0.15986108779907227,-0.33860284090042114,-0.5475492477416992,0.08422956615686417,-0.3084288537502289,-0.605370044708252,0.5140649080276489,0.001407580217346549,-0.0009726048447191715,0.006286163814365864,-0.008441608399152756,-0.4840213656425476,-0.005610393360257149,-0.06838356703519821,-0.7046513557434082,-0.027294516563415527,-0.034398652613162994,-0.5780592560768127,0.30762380361557007,0.2183040976524353,-0.15782777965068817,0.026705116033554077,0.2803548276424408,-0.3909676671028137,-0.11721397936344147,0.2317919135093689,-0.6733357906341553,-0.03489468991756439,0.04121161252260208,-0.6793465614318848,0.4315049946308136,0.5509435534477234,-0.11493540555238724,0.16867198050022125,0.5201451182365417,-0.5044815540313721,0.0677485466003418,0.33766937255859375,-0.4149496555328369,0.08021868765354156,0.26859456300735474,-0.4867405593395233,-0.17132030427455902
35,0.08783719688653946,0.26993608474731445,0.23742273449897766,-0.1735207736492157,0.5042979717254639,-0.19687218964099884,-0.4504280686378479,0.3303409814834595,-0.13089236617088318,-0.48369017243385315,0.008596133440732956,0.2577711343765259,0.22030025720596313,-0.1580524742603302,-0.2016560435295105,-0.24509400129318237,0.1341564655303955,0.01453697495162487,-0.37316396832466125,-0.2722080945968628,-0.10962704569101334,-0.29802262783050537,-0.58822101354599,0.10333327949047089,-0.3007681667804718,-0.649143397808075,0.5398279428482056,0.0012782660778611898,-0.0008487829472869635,0.005813836120069027,0.00466193538159132,-0.46030867099761963,0.02213894948363304,-0.07043790817260742,-0.6851410865783691,-0.025194156914949417,-0.0025302525609731674,-0.5240582823753357,0.246751606464386,0.2258453369140625,-0.1404874622821808,0.009699620306491852,0.27246353030204773,-0.38969552516937256,-0.11300307512283325,0.21944975852966309,-0.6695915460586548,-0.048718586564064026,-0.056936293840408325,-0.5996513366699219,0.45959195494651794,0.5195110440254211,-0.10583698749542236,0.1617404818534851,0.4724445939064026,-0.5049608945846558,0.0816667228937149,0.28455376625061035,-0.42221498489379883,0.07617257535457611,0.2892056703567505,-0.5171051025390625,-0.14823809266090393
36,0.08110426366329193,0.2234489917755127,0.269106388092041,-0.14290380477905273,0.44511181116104126,0.01598362624645233,-0.441958487033844,0.30821529030799866,0.07951884716749191,-0.5625313520431519,0.12341777980327606,0.13312210142612457,0.1399851143360138,-0.029298163950443268,-0.08573652058839798,-0.2789013385772705,0.1317797154188156,0.010331673547625542,-0.3746623992919922,-0.268100380897522,-0.07855386286973953,-0.30274641513824463,-0.5498272180557251,0.10708453506231308,-0.2094506025314331,-0.4895540177822113,0.26421254873275757,0.0014478419907391071,-0.001816174597479403,0.006847485434263945,0.0074662272818386555,-0.4442111551761627,-0.01508227176964283,-0.05609055608510971,-0.6381691694259644,-0.01810271665453911,0.006386022083461285,-0.7134340405464172,0.24579323828220367,0.2310795933008194,-0.11719769239425659,0.007294842973351479,0.2566048502922058,-0.38981691002845764,-0.10067896544933319,0.1309429258108139,-0.5963366031646729,-0.023417944088578224,-0.014791972935199738,-0.5779930353164673,0.34657835960388184,0.5185666084289551,-0.1122322827577591,0.15393781661987305,0.4961698651313782,-0.45192408561706543,0.08676575124263763,0.3416998088359833,-0.4556807279586792,0.056878551840782166,0.3128209412097931,-0.49857857823371887,-0.026693642139434814
37,0.07059481739997864,0.2251966893672943,0.21951502561569214,-0.09403920918703079,0.4163920283317566,0.11477803438901901,-0.4657558798789978,0.3176802098751068,0.24731005728244781,-0.5953700542449951,0.19179394841194153,0.04656364023685455,0.177164688706398,-0.0943005383014679,-0.058803752064704895,-0.291595458984375,0.1281743347644806,0.014945116825401783,-0.3733000159263611,-0.27180591225624084,-0.0651487484574318,-0.3208455741405487,-0.5318166613578796,0.10527319461107254,-0.15026827156543732,-0.4039272964000702,0.11402327567338943,0.0015658444026485085,-0.0023427605628967285,0.007389264181256294,0.002697332762181759,-0.4420735239982605,-0.015182898379862309,-0.07109871506690979,-0.6481078863143921,0.017786666750907898,0.018369151279330254,-0.8241876363754272,0.24832254648208618,0.2371487021446228,-0.10758926719427109,0.006730550900101662,0.2456306517124176,-0.3893018960952759,-0.08979717642068863,0.08395878970623016,-0.5569097399711609,-0.028818827122449875,-0.008437326177954674,-0.552398145198822,0.26367515325546265,0.5240557193756104,-0.12210450321435928,0.13803352415561676,0.5169841051101685,-0.4408819079399109,0.07751506567001343,0.3933863639831543,-0.47204387187957764,0.04743365943431854,0.3245004415512085,-0.4784393906593323,0.006018195301294327
38,0.07713210582733154,0.2831897735595703,0.36243224143981934,-0.15517893433570862,0.40134841203689575,0.24881136417388916,-0.5058332681655884,0.32755234837532043,0.265971839427948,-0.6121335625648499,0.21898102760314941,0.010156364180147648,0.061425015330314636,0.024082668125629425,-0.09169577062129974,-0.274973064661026,0.12173931300640106,0.010621757246553898,-0.36110997200012207,-0.2750716805458069,-0.04667234048247337,-0.34995219111442566,-0.5309857130050659,0.13123567402362823,-0.1508723497390747,-0.3817163109779358,0.07423784583806992,0.0016070464625954628,-0.002335780765861273,0.007559527643024921,0.019851405173540115,-0.432658851146698,-0.0020102625712752342,-0.07840967178344727,-0.6067191958427429,0.027422815561294556,-0.020939726382493973,-0.8346846103668213,0.21209444105625153,0.2277391105890274,-0.09041739255189896,0.013120435178279877,0.24125656485557556,-0.3758096694946289,-0.07700891047716141,0.09191390872001648,-0.5391978621482849,-0.027233721688389778,0.022807519882917404,-0.5937325358390808,0.22862538695335388,0.5054783821105957,-0.10363532602787018,0.14705908298492432,0.5251609086990356,-0.4202580451965332,0.08357192575931549,0.44210362434387207,-0.4803483188152313,0.05928962305188179,0.44269758462905884,-0.5499609708786011,0.03304404765367508
39,0.08556981384754181,0.36000940203666687,0.3455464243888855,-0.18270981311798096,0.4700411856174469,0.2594275176525116,-0.5503194332122803,0.3638400435447693,0.20586834847927094,-0.6315664649009705,0.21559366583824158,0.011571497656404972,-0.1167563647031784,0.16785934567451477,-0.05779365822672844,-0.2703710198402405,0.11482054740190506,0.01776924915611744,-0.3559172749519348,-0.27821046113967896,-0.042447589337825775,-0.3596803545951843,-0.5147711038589478,0.14994019269943237,-0.1340331733226776,-0.35083383321762085,0.09494565427303314,0.001630581682547927,-0.002221069298684597,0.007655187044292688,0.0267849862575531,-0.4158478379249573,0.005898249335587025,-0.08237366378307343,-0.582202672958374,0.03277553617954254,-0.054199062287807465,-0.8227800130844116,0.176349937915802,0.2255551964044571,-0.07849627733230591,0.025524578988552094,0.23445278406143188,-0.3620307445526123,-0.06485757231712341,0.11884599924087524,-0.5301300287246704,-0.02272031083703041,0.06270170211791992,-0.6173325777053833,0.18629354238510132,0.4874926805496216,-0.08517076075077057,0.15610405802726746,0.528079628944397,-0.40003883838653564,0.09282084554433823,0.4741372764110565,-0.4873061776161194,0.06363970041275024,0.5201160311698914,-0.5721258521080017,0.06635995954275131
40,0.04422588646411896,0.3616660237312317,0.21349464356899261,-0.16155771911144257,0.40980932116508484,0.3913782835006714,-0.5808172821998596,0.29555249214172363,0.17386578023433685,-0.638904333114624,0.2619031071662903,-0.022773977369070053,0.050125852227211,0.01566135138273239,-0.04441939666867256,-0.29964256286621094,0.10977290570735931,-0.014763652347028255,-0.37405315041542053,-0.2523312568664551,-0.03840014338493347,-0.3729977011680603,-0.523672342300415,0.11765895038843155,-0.1133803278207779,-0.311978280544281,0.08818162232637405,0.0018884089076891541,-0.0028445464558899403,0.008284080773591995,0.022778764367103577,-0.4200103282928467,-0.00486287334933877,-0.08382172137498856,-0.6086695790290833,0.035788394510746,-0.02698884904384613,-0.84953773021698,0.1858263909816742,0.23667600750923157,-0.08325563371181488,0.023521695286035538,0.22787150740623474,-0.35951825976371765,-0.06460359692573547,0.08587230741977692,-0.5146026611328125,-0.062307532876729965,0.14840199053287506,-0.7940642237663269,0.17075887322425842,0.5005791187286377,-0.10162844508886337,0.15440118312835693,0.49370837211608887,-0.3982345163822174,0.05971524119377136,0.40653538703918457,-0.4510378837585449,0.01914094388484955,0.4369772672653198,-0.514114499092102,-0.06879819929599762
41,-0.006749704480171204,0.3549741506576538,0.1620294451713562,-0.16063205897808075,0.36416420340538025,0.4965021014213562,-0.4202016592025757,0.1488061398267746,0.1983126699924469,-0.6672669649124146,0.295095831155777,-0.05332235246896744,0.14814148843288422,-0.06676575541496277,-0.09683170914649963,-0.3060518503189087,0.11636264622211456,-0.03525381535291672,-0.3757116198539734,-0.23725730180740356,-0.04682202637195587,-0.39463573694229126,-0.5232261419296265,0.10607209801673889,-0.10649407655000687,-0.30296647548675537,0.07866220921278,0.0019368489738553762,-0.0029844800010323524,0.008526159450411797,0.013618833385407925,-0.41844332218170166,-0.01655529998242855,-0.09069596230983734,-0.6233658790588379,0.0030276980251073837,-0.029061008244752884,-0.8610009551048279,0.12731881439685822,0.24291706085205078,-0.08658759295940399,0.030695617198944092,0.2196403443813324,-0.36244305968284607,-0.07563512027263641,0.07881727069616318,-0.491857647895813,-0.10893657803535461,0.1760939359664917,-0.8688398599624634,0.15390142798423767,0.5150271058082581,-0.11606813222169876,0.17251703143119812,0.4849925935268402,-0.38508015871047974,0.08063948154449463,0.3974001705646515,-0.44935718178749084,0.0023441696539521217,0.45436587929725647,-0.5732887983322144,-0.1380673199892044
42,-0.05603198707103729,0.3452841341495514,0.0016053318977355957,-0.15453043580055237,0.3026922941207886,0.4991960823535919,-0.5779565572738647,0.2296464741230011,0.13241595029830933,-0.6696432828903198,0.2524861991405487,-0.040459346026182175,0.11259462684392929,-0.026229962706565857,-0.02873862162232399,-0.23457379639148712,0.1325606405735016,-0.02932031638920307,-0.3486839234828949,-0.24174800515174866,-0.04193669185042381,-0.3444737195968628,-0.4975105822086334,0.13436006009578705,-0.055752456188201904,-0.34391796588897705,-0.006236698478460312,0.0017963151913136244,-0.0028532762080430984,0.008523699827492237,0.0251126978546381,-0.42369890213012695,0.015289506874978542,-0.08930806815624237,-0.6347126960754395,0.0257843267172575,-0.007335321046411991,-0.9093055725097656,0.04927586764097214,0.23121345043182373,-0.07050065696239471,0.016709808260202408,0.17992034554481506,-0.34547409415245056,-0.08635576069355011,0.05508178472518921,-0.4608233571052551,-0.09186689555644989,0.19470664858818054,-0.9604265689849854,0.11973387002944946,0.5109886527061462,-0.08432760834693909,0.16009008884429932,0.47469401359558105,-0.40843576192855835,0.10203486680984497,0.40155449509620667,-0.44975680112838745,0.011280424892902374,0.4195424020290375,-0.47919991612434387,-0.06729433685541153
43,-0.08743148297071457,0.39713776111602783,-0.23666581511497498,-0.1954507827758789,0.23267503082752228,0.5310816764831543,-0.645048975944519,0.2389364391565323,0.07118354737758636,-0.6418862342834473,0.24393758177757263,-0.0412118136882782,0.06169936805963516,0.050218354910612106,-0.006594470702111721,-0.20222631096839905,0.14461271464824677,-0.040996767580509186,-0.3392826020717621,-0.252924382686615,-0.024564746767282486,-0.22676149010658264,-0.4021717309951782,0.0021625906229019165,-0.09847545623779297,-0.3639690577983856,-0.043795909732580185,0.0017313363496214151,-0.0028530978597700596,0.008384542539715767,0.038133375346660614,-0.42296087741851807,0.046411920338869095,-0.10363359749317169,-0.629681408405304,-0.023949306458234787,0.006447752472013235,-0.9437566995620728,-0.08603852242231369,0.21932266652584076,-0.06335467100143433,0.005099888890981674,0.1491629034280777,-0.34693360328674316,-0.0924047976732254,0.049244191497564316,-0.4685419797897339,-0.09137212485074997,0.21156886219978333,-0.9742916226387024,0.11753474175930023,0.4941072463989258,-0.06891051679849625,0.14993014931678772,0.4617420434951782,-0.4389244318008423,0.10354283452033997,0.40081048011779785,-0.444975882768631,0.02825290895998478,0.4052095413208008,-0.4359602928161621,-0.020557288080453873
44,-0.043143611401319504,0.4711644947528839,0.17718066275119781,-0.19776198267936707,0.28765976428985596,0.5397082567214966,-0.6881575584411621,0.3072822093963623,0.13643555343151093,-0.7299172878265381,0.21645936369895935,0.07583744078874588,0.05656038224697113,0.02293970063328743,0.026788730174303055,-0.21999576687812805,0.13639584183692932,-0.04276680946350098,-0.32448285818099976,-0.26325708627700806,-0.037485308945178986,-0.16377122700214386,-0.33880650997161865,-0.06572742760181427,-0.10567658394575119,-0.3400864601135254,-0.05407905951142311,0.0017715356079861522,-0.0026847412809729576,0.008354448713362217,0.04153677821159363,-0.39142170548439026,0.05283823236823082,-0.09057757258415222,-0.6093795299530029,-0.020598409697413445,-0.040445324033498764,-0.924746036529541,-0.07394064962863922,0.20220784842967987,-0.06288731098175049,0.001552634872496128,0.12664370238780975,-0.33276861906051636,-0.06531459093093872,0.03866104036569595,-0.4960062801837921,-0.05467178672552109,0.2267482578754425,-0.9875780344009399,0.10369659960269928,0.441720187664032,-0.0737607330083847,0.16676995158195496,0.43743887543678284,-0.3940625786781311,0.13609656691551208,0.4381701350212097,-0.46034127473831177,0.09389171749353409,0.43545711040496826,-0.4668181538581848,0.08307098597288132
45,0.09352973103523254,0.5194173455238342,0.3689291477203369,-0.21637465059757233,0.36047813296318054,0.4933580756187439,-0.5995603203773499,0.23478534817695618,0.16068503260612488,-0.6779387593269348,0.23322252929210663,-0.021649859845638275,-0.22802209854125977,0.14795136451721191,-0.1530505269765854,-0.2358435094356537,0.104057177901268,-0.01578568108379841,-0.3192122280597687,-0.25569793581962585,-0.10449488461017609,-0.2818901836872101,-0.37047886848449707,-0.1436365693807602,-0.2501319348812103,-0.43505069613456726,-0.0893511027097702,0.0014485102146863937,-0.00204818369820714,0.007211086340248585,0.0025286301970481873,-0.3631771206855774,-0.010106338188052177,-0.027412381023168564,-0.49966174364089966,-0.03303767740726471,-0.08843253552913666,-0.8513001203536987,-0.0512639619410038,0.18867188692092896,-0.059911035001277924,0.030068499967455864,0.16450448334217072,-0.30820462107658386,-0.0842839926481247,0.08719838410615921,-0.48369914293289185,-0.08620621263980865,0.19036388397216797,-0.8968260884284973,0.08009744435548782,0.39940008521080017,-0.08946903049945831,0.18213512003421783,0.4241243898868561,-0.38177424669265747,0.09679269790649414,0.43681538105010986,-0.47236722707748413,0.06993319094181061,0.42824846506118774,-0.4804954528808594,0.07273690402507782
46,0.06605749577283859,0.5502378940582275,0.4064217209815979,-0.22587233781814575,0.3230358958244324,0.395275354385376,-0.5397213697433472,0.18921031057834625,0.20742842555046082,-0.656934380531311,0.24303635954856873,-0.018703917041420937,-0.21776798367500305,0.19953826069831848,-0.43007567524909973,-0.2426292896270752,0.08006610721349716,-0.006646270863711834,-0.30911070108413696,-0.2291812300682068,-0.09140729159116745,-0.33440840244293213,-0.37473416328430176,-0.1616315245628357,0.4446142911911011,-0.25972458720207214,-0.4258304834365845,0.001246406463906169,-0.0012398394756019115,0.006668237037956715,-0.012253828346729279,-0.3495611250400543,-0.059971123933792114,-0.07602668553590775,-0.4965236186981201,-0.07298798859119415,-0.10478319972753525,-0.7913776636123657,0.019796114414930344,0.1835198998451233,-0.049490004777908325,0.04538080841302872,0.18858635425567627,-0.2980350852012634,-0.06747128814458847,0.11198872327804565,-0.4762457013130188,-0.07156644761562347,0.1947581171989441,-0.8335896134376526,0.10060042142868042,0.37026000022888184,-0.10432405769824982,0.19062510132789612,0.4184314012527466,-0.38380318880081177,0.06585805118083954,0.4357413649559021,-0.4933040142059326,0.06639733165502548,0.4423580765724182,-0.4928433299064636,0.10440561175346375
47,0.041133325546979904,0.5100513696670532,0.5365481376647949,-0.2279050499200821,0.41820085048675537,0.37570643424987793,-0.47995632886886597,0.26048073172569275,0.08744373917579651,-0.6338071823120117,0.28850239515304565,-0.012543557211756706,-0.39358580112457275,0.19238941371440887,-0.365856409072876,-0.21786963939666748,0.0889606773853302,-0.027271823957562447,-0.29760921001434326,-0.1963365525007248,-0.15342478454113007,-0.3716815114021301,-0.32229918241500854,-0.21208064258098602,0.8424130082130432,-0.2100878655910492,-0.6667013764381409,0.0011580948485061526,-0.0007924728561192751,0.006071685813367367,-0.01966313272714615,-0.3150784969329834,-0.09021320194005966,-0.0880148783326149,-0.41447514295578003,-0.14719492197036743,-0.11701729893684387,-0.7038075923919678,-0.058575619012117386,0.18000878393650055,-0.059425242245197296,0.057760968804359436,0.161922425031662,-0.26566779613494873,-0.08189236372709274,0.12967975437641144,-0.4286433458328247,-0.11285749822854996,0.17463606595993042,-0.699878454208374,0.005165260285139084,0.3373163938522339,-0.1170034110546112,0.21618813276290894,0.416523277759552,-0.3424840569496155,0.04343457520008087,0.42397627234458923,-0.4364914298057556,0.014750959351658821,0.4364480972290039,-0.45840245485305786,0.03179039806127548
48,0.029407627880573273,0.46697068214416504,0.6239567995071411,-0.21539385616779327,0.4810064435005188,0.37080103158950806,-0.476876437664032,0.24947094917297363,0.13816982507705688,-0.6251806616783142,0.3283236622810364,0.0027421172708272934,-0.4671286344528198,0.18124550580978394,-0.33873462677001953,-0.20992252230644226,0.0883985236287117,-0.03329545632004738,-0.298966646194458,-0.17357634007930756,-0.17281700670719147,-0.40630167722702026,-0.2976364493370056,-0.21647495031356812,1.057861328125,-0.18605466187000275,-0.787742018699646,0.0011238574516028166,-0.000525578623637557,0.005862811580300331,-0.021763769909739494,-0.29892104864120483,-0.09726947546005249,-0.10740363597869873,-0.4019077718257904,-0.17070360481739044,-0.12084700912237167,-0.6498208045959473,-0.11722217500209808,0.17894530296325684,-0.06554527580738068,0.06024954840540886,0.1415949910879135,-0.24667200446128845,-0.09190741926431656,0.13291022181510925,-0.42046254873275757,-0.1399836242198944,0.15717893838882446,-0.6549417972564697,-0.04142942652106285,0.33173227310180664,-0.12603795528411865,0.22681979835033417,0.4162004888057709,-0.3254634141921997,0.02712266892194748,0.41665399074554443,-0.4228889048099518,-0.015001475811004639,0.43077927827835083,-0.46076881885528564,-0.008236521854996681
49,0.0039643701165914536,0.42839285731315613,0.6620745658874512,-0.22262068092823029,0.42571884393692017,0.4440852403640747,-0.5148909091949463,0.1859131008386612,0.21936005353927612,-0.46927791833877563,0.28905439376831055,-0.08455373346805573,-0.28080856800079346,0.23342940211296082,-0.38126039505004883,-0.18049512803554535,0.0855073481798172,-0.011749278753995895,-0.23955950140953064,-0.21871331334114075,-0.17460942268371582,-0.384012371301651,-0.19907987117767334,-0.2693392038345337,0.6812404990196228,-0.1143534779548645,-0.680880606174469,0.000937004922889173,-0.0006544995121657848,0.005004757083952427,-0.03264840692281723,-0.2784613370895386,-0.17626379430294037,0.007276620715856552,-0.33036553859710693,-0.18876579403877258,-0.15295633673667908,-0.6770790815353394,-0.24735252559185028,0.16571834683418274,-0.06330147385597229,0.06078048795461655,0.15467548370361328,-0.2779582142829895,-0.09460769593715668,0.12704569101333618,-0.4369581341743469,-0.11823871731758118,0.056115150451660156,-0.6342391967773438,-0.14836302399635315,0.3333352208137512,-0.14151109755039215,0.22894534468650818,0.3796274662017822,-0.33530986309051514,0.05390312522649765,0.4092378616333008,-0.4516158401966095,-0.06450902670621872,0.29209351539611816,-0.40317612886428833,-0.05786507949233055
50,-0.0029110005125403404,0.3580870032310486,0.6962399482727051,-0.25593453645706177,0.3824319839477539,0.43958526849746704,-0.4916785955429077,0.19622987508773804,0.32688188552856445,-0.41342228651046753,0.25819993019104004,-0.042154714465141296,-0.36281418800354004,0.2780604660511017,-0.29487061500549316,-0.2015291154384613,0.0702335312962532,0.015465399250388145,-0.20947739481925964,-0.2219429314136505,-0.20776179432868958,-0.3925074338912964,-0.18282508850097656,-0.32381632924079895,0.6007696986198425,-0.09772796928882599,-0.7030209302902222,0.0009857600089162588,-0.00069826515391469,0.004798685200512409,-0.020035188645124435,-0.26230794191360474,-0.2046191394329071,-0.02366136759519577,-0.32750439643859863,-0.2297634482383728,-0.032152604311704636,-0.6136444211006165,-0.45168423652648926,0.15941593050956726,-0.06784693896770477,0.058440230786800385,0.1546745002269745,-0.25735485553741455,-0.12581339478492737,0.14379554986953735,-0.40524721145629883,-0.16569797694683075,0.03882705792784691,-0.5876593589782715,-0.18601052463054657,0.3652493953704834,-0.12322334945201874,0.1963297426700592,0.36983776092529297,-0.31235361099243164,0.042951956391334534,0.3867374360561371,-0.4413326382637024,-0.06974927335977554,0.26557689905166626,-0.3257099688053131,-0.057866521179676056
51,-0.01314510963857174,0.31237053871154785,0.7246273756027222,-0.24462345242500305,0.3676248788833618,0.5060024261474609,-0.4815833568572998,0.18740205466747284,0.38070088624954224,-0.4079873561859131,0.20787496864795685,-0.06376422941684723,-0.41276031732559204,0.30708831548690796,-0.24785754084587097,-0.2128443717956543,0.060493290424346924,0.03313343599438667,-0.18710926175117493,-0.23597916960716248,-0.2184263914823532,-0.3929789364337921,-0.17799606919288635,-0.35110485553741455,0.20709262788295746,-0.32236480712890625,-0.42105376720428467,0.0009604370570741594,-0.0006348943570628762,0.004646399989724159,-0.013135967776179314,-0.2651523947715759,-0.213608980178833,-0.004886775277554989,-0.3823751211166382,-0.24490603804588318,0.001911453902721405,-0.6272083520889282,-0.346990168094635,0.1577182412147522,-0.07525835931301117,0.054478637874126434,0.15556997060775757,-0.25505560636520386,-0.1376780867576599,0.1509561687707901,-0.40508121252059937,-0.18228654563426971,0.027449434623122215,-0.5683333873748779,-0.17536568641662598,0.3768513798713684,-0.11663740128278732,0.1774722784757614,0.3728654682636261,-0.2937670052051544,0.03188975900411606,0.37747400999069214,-0.44632744789123535,-0.06432482600212097,0.2552932798862457,-0.27952665090560913,-0.04407500475645065
52,-0.04787082597613335,0.28600406646728516,0.6734772324562073,-0.2586732506752014,0.3706623911857605,0.5019984245300293,-0.47306275367736816,0.20850345492362976,0.299523264169693,-0.4157711863517761,0.18125128746032715,-0.019381418824195862,-0.36368221044540405,-0.03549894690513611,-0.24363911151885986,-0.19951757788658142,0.05577918142080307,0.012458398938179016,-0.1921469271183014,-0.27705520391464233,-0.208536759018898,-0.3861168324947357,-0.1833200305700302,-0.34290173649787903,0.12405364215373993,-0.21510224044322968,-0.5532150268554688,0.0008971615461632609,-0.000290241208858788,0.004908855073153973,-0.030676808208227158,-0.2618025243282318,-0.20802421867847443,-0.005806666798889637,-0.41596662998199463,-0.21776777505874634,-0.0051225028000772,-0.6374145746231079,-0.1589580476284027,0.16155800223350525,-0.07963645458221436,0.06720336526632309,0.15514391660690308,-0.2596070170402527,-0.11933969706296921,0.13434112071990967,-0.3995679020881653,-0.16184478998184204,0.008136026561260223,-0.5416151285171509,-0.20926347374916077,0.3440963625907898,-0.1623823344707489,0.19871988892555237,0.35328084230422974,-0.3116394877433777,0.012834549881517887,0.3749421238899231,-0.4507210850715637,-0.03422168642282486,0.29735296964645386,-0.3861905038356781,-0.04074782133102417
53,-0.024744099006056786,0.28907155990600586,0.6482120156288147,-0.24126476049423218,0.3931942284107208,0.4738733172416687,-0.46597474813461304,0.24138158559799194,0.21707965433597565,-0.4227386713027954,0.18004491925239563,-0.030377916991710663,-0.5130764245986938,0.18111583590507507,-0.23188650608062744,-0.19966943562030792,0.04771369695663452,-0.005886807106435299,-0.17884880304336548,-0.2959306836128235,-0.20850175619125366,-0.40510863065719604,-0.22227761149406433,-0.29656699299812317,0.3207259178161621,-0.15233218669891357,-0.46058064699172974,0.0008973387302830815,-0.0002664708881638944,0.0050783236511051655,-0.033202163875103,-0.2698279917240143,-0.18777039647102356,-0.0020239511504769325,-0.4519682824611664,-0.19879163801670074,-0.043744396418333054,-0.6472735404968262,-0.14354611933231354,0.16097113490104675,-0.07369013130664825,0.08216410875320435,0.15975402295589447,-0.2655890882015228,-0.09216237813234329,0.11925213783979416,-0.40914231538772583,-0.1359654814004898,0.027737176045775414,-0.6140309572219849,-0.17928770184516907,0.33201855421066284,-0.1650034785270691,0.22421157360076904,0.35243332386016846,-0.3252529799938202,0.029386408627033234,0.3859110474586487,-0.4544326066970825,0.007747974246740341,0.3399839997291565,-0.4670179486274719,-0.012633628211915493
54,-0.006843306124210358,0.2855396270751953,0.6586126089096069,-0.2127346396446228,0.4129340648651123,0.4762622117996216,-0.48234355449676514,0.25156307220458984,0.2262294888496399,-0.48816531896591187,0.23891037702560425,-0.08399228751659393,-0.5831753015518188,0.3051165044307709,-0.2529635727405548,-0.22170886397361755,0.05067185312509537,-0.007612565532326698,-0.19600196182727814,-0.3069513142108917,-0.20800559222698212,-0.44355660676956177,-0.24226464331150055,-0.2737877070903778,0.43388041853904724,-0.13921315968036652,-0.5603216290473938,0.0010103668319061399,-0.00042717676842585206,0.005294764414429665,-0.030080553144216537,-0.27805107831954956,-0.19129690527915955,-0.004868214949965477,-0.47444337606430054,-0.21141311526298523,-0.03147601708769798,-0.6908231973648071,-0.12259779125452042,0.1655402034521103,-0.05741505324840546,0.08676937967538834,0.17472833395004272,-0.26950013637542725,-0.0764615535736084,0.10252399742603302,-0.35942405462265015,-0.1566886305809021,0.036878664046525955,-0.6678521633148193,-0.09689120948314667,0.34731239080429077,-0.145174041390419,0.225413978099823,0.3546234369277954,-0.33315908908843994,0.05801960825920105,0.39197254180908203,-0.4402287006378174,-0.004753619432449341,0.35836532711982727,-0.4287368059158325,-0.05377093330025673
55,-0.0022477866150438786,0.29539936780929565,0.6487041711807251,-0.2446899563074112,0.40122804045677185,0.43505680561065674,-0.4797176122665405,0.30277812480926514,0.17618966102600098,-0.4608251750469208,0.2382390797138214,-0.11446863412857056,-0.5331295728683472,0.32953622937202454,-0.21751268208026886,-0.228013277053833,0.05995860695838928,-0.00835100281983614,-0.2000923752784729,-0.2823088467121124,-0.22425490617752075,-0.4053102433681488,-0.20043498277664185,-0.3199748992919922,0.5022612810134888,-0.08823953568935394,-0.6024659872055054,0.001080190297216177,-0.000553930236492306,0.005353049375116825,-0.02925756201148033,-0.2671642005443573,-0.20859521627426147,-0.009888337925076485,-0.4617851674556732,-0.23864150047302246,0.0037176478654146194,-0.6730810403823853,-0.23485970497131348,0.1725119650363922,-0.05105030909180641,0.09083804488182068,0.18331357836723328,-0.2686038613319397,-0.07369071245193481,0.11010189354419708,-0.3098289966583252,-0.18412593007087708,0.048886220902204514,-0.6770445108413696,-0.06974273920059204,0.36051565408706665,-0.12864911556243896,0.2395317256450653,0.3527224063873291,-0.3303517997264862,0.07850596308708191,0.4016958773136139,-0.42547881603240967,0.034427572041749954,0.3669533133506775,-0.38163435459136963,-0.07622167468070984
56,0.026205947622656822,0.31302350759506226,0.6487313508987427,-0.25473737716674805,0.39520663022994995,0.4168906807899475,-0.4946359395980835,0.30587103962898254,0.17764896154403687,-0.5119206309318542,0.27158236503601074,-0.12395711243152618,-0.599472165107727,0.3886569142341614,-0.2247980535030365,-0.20757406949996948,0.05672715604305267,-0.024212155491113663,-0.21591512858867645,-0.28357958793640137,-0.21680563688278198,-0.4248135983943939,-0.23857048153877258,-0.29919201135635376,0.5167100429534912,-0.08020558953285217,-0.6198693513870239,0.0011117139365524054,-0.0006806179881095886,0.005483231041580439,-0.036682795733213425,-0.27288350462913513,-0.20366734266281128,-0.008878223598003387,-0.4602386951446533,-0.2439381182193756,0.00018589431419968605,-0.6476652026176453,-0.10908226668834686,0.17519882321357727,-0.04766145348548889,0.09613382071256638,0.18774838745594025,-0.2705267071723938,-0.06369204074144363,0.10540711134672165,-0.3470531105995178,-0.15427204966545105,0.04286660626530647,-0.6849491000175476,-0.032153643667697906,0.3695673644542694,-0.1197357326745987,0.24410676956176758,0.3523190915584564,-0.3315449357032776,0.0860459953546524,0.40894168615341187,-0.42473897337913513,0.06559696793556213,0.38169679045677185,-0.3763011693954468,-0.05708622559905052
57,0.020554587244987488,0.30611127614974976,0.6372170448303223,-0.2568359971046448,0.4091116786003113,0.36495712399482727,-0.4812523126602173,0.28791895508766174,0.12238846719264984,-0.4789203405380249,0.21749401092529297,-0.12289182841777802,-0.645359456539154,0.38356268405914307,-0.23394188284873962,-0.20431092381477356,0.052140697836875916,-0.036163970828056335,-0.19997110962867737,-0.3123876452445984,-0.22659903764724731,-0.37559080123901367,-0.1992168426513672,-0.26389461755752563,0.2811591625213623,-0.2047424614429474,-0.5490589737892151,0.0010131411254405975,-0.000671666581183672,0.005502647254616022,-0.029892152175307274,-0.2848648428916931,-0.18502646684646606,0.01620519533753395,-0.4896424114704132,-0.20088142156600952,0.01791149005293846,-0.6925184726715088,-0.10360164195299149,0.1707659363746643,-0.044214800000190735,0.10332978516817093,0.19250312447547913,-0.2610645294189453,-0.057168006896972656,0.12036655843257904,-0.3819804787635803,-0.12659136950969696,0.0718970000743866,-0.6841204166412354,0.006139874458312988,0.333218514919281,-0.12875357270240784,0.2678038477897644,0.34880346059799194,-0.32798635959625244,0.08958563208580017,0.41308075189590454,-0.4377087652683258,0.09679722785949707,0.4034443497657776,-0.45128875970840454,-0.031580716371536255
58,0.034324776381254196,0.32968926429748535,0.6558756828308105,-0.2586366534233093,0.41183608770370483,0.3880646526813507,-0.4871600866317749,0.30123069882392883,0.1604590117931366,-0.46053004264831543,0.21489077806472778,-0.0802585780620575,-0.6000100374221802,0.36470210552215576,-0.20188848674297333,-0.18913152813911438,0.04941701889038086,-0.022830836474895477,-0.2101009637117386,-0.30116701126098633,-0.21630384027957916,-0.3917808532714844,-0.21134907007217407,-0.29551178216934204,0.37315547466278076,-0.11541985720396042,-0.6063627600669861,0.0010614707134664059,-0.0007298238924704492,0.0054918634705245495,-0.02691444754600525,-0.28596264123916626,-0.18563365936279297,-0.02200871892273426,-0.4686281085014343,-0.24684658646583557,0.00972550269216299,-0.6763492822647095,0.00602499395608902,0.1713862270116806,-0.03707605227828026,0.09246720373630524,0.1985262632369995,-0.2815845310688019,-0.0454075001180172,0.12930640578269958,-0.39314234256744385,-0.09244592487812042,0.07537147402763367,-0.7082028388977051,0.04576011002063751,0.3674747943878174,-0.113054558634758,0.24829159677028656,0.3630180060863495,-0.33303457498550415,0.0997852087020874,0.4331531524658203,-0.4301605224609375,0.11578959226608276,0.3933102488517761,-0.3929307460784912,-0.05621175095438957
59,0.05107313394546509,0.35068434476852417,0.6696527004241943,-0.26046502590179443,0.3962578773498535,0.4014509320259094,-0.49664899706840515,0.2972404360771179,0.1899397075176239,-0.5056921243667603,0.2464454472064972,-0.07646983861923218,-0.5501058101654053,0.36169958114624023,-0.20888479053974152,-0.21706952154636383,0.044730041176080704,-0.006753874011337757,-0.2206372320652008,-0.2961660623550415,-0.2111491858959198,-0.4054117202758789,-0.2357955276966095,-0.2545229196548462,0.43486297130584717,-0.1204925924539566,-0.548861026763916,0.0011556579265743494,-0.0007825163775123656,0.005701209418475628,-0.028456179425120354,-0.28686463832855225,-0.18328620493412018,-0.018351800739765167,-0.47171711921691895,-0.22776387631893158,-0.010253255255520344,-0.6712571382522583,0.03933672979474068,0.16874346137046814,-0.03197665512561798,0.08744803071022034,0.19813260436058044,-0.28068774938583374,-0.04164891690015793,0.13902659714221954,-0.39296215772628784,-0.07319377362728119,0.08572173118591309,-0.7096844911575317,0.06856217980384827,0.33290329575538635,-0.11480022966861725,0.25815343856811523,0.357852041721344,-0.3367595970630646,0.08981737494468689,0.4312615394592285,-0.41266706585884094,0.048644065856933594,0.3842182457447052,-0.34736981987953186,-0.07602392137050629
60,0.010836968198418617,0.28312546014785767,0.719064474105835,-0.2874583601951599,0.3979390263557434,0.4441182613372803,-0.5177677869796753,0.24085284769535065,0.14233872294425964,-0.5153068900108337,0.25206422805786133,-0.05737673491239548,-0.3820452392101288,0.3052178621292114,-0.17998608946800232,-0.22471687197685242,0.04220610484480858,0.0028542443178594112,-0.22029662132263184,-0.2657974064350128,-0.21932345628738403,-0.36750465631484985,-0.23745864629745483,-0.2630650997161865,0.47923344373703003,-0.07433651387691498,-0.6247707605361938,0.001129315234720707,-0.0007065657991915941,0.005590662360191345,-0.03288297355175018,-0.26018640398979187,-0.189546599984169,-0.029322989284992218,-0.4415431618690491,-0.2693389058113098,-0.06952245533466339,-0.6807895302772522,-0.24802184104919434,0.16262316703796387,-0.038757868111133575,0.08800193667411804,0.17243021726608276,-0.2412218153476715,-0.0804433673620224,0.14882120490074158,-0.3320251703262329,-0.10412414371967316,0.09236083924770355,-0.6663860082626343,0.03282570466399193,0.3027713894844055,-0.11393433064222336,0.27318593859672546,0.3652918338775635,-0.30007898807525635,0.06477522104978561,0.41177868843078613,-0.36414581537246704,0.01555594615638256,0.3415082097053528,-0.2799318730831146,-0.1007862240076065
61,0.027690935879945755,0.29085057973861694,0.7230207324028015,-0.29727303981781006,0.3617665469646454,0.42603546380996704,-0.4809771180152893,0.24081340432167053,0.2298220992088318,-0.5125313997268677,0.2541723847389221,-0.04135216400027275,-0.3800501823425293,0.2965215742588043,-0.149887815117836,-0.22911910712718964,0.04138266295194626,0.011914815753698349,-0.2082938253879547,-0.2559961974620819,-0.22015556693077087,-0.3936671018600464,-0.24361200630664825,-0.2730760872364044,0.4842897653579712,-0.08376744389533997,-0.5722478032112122,0.0011032306356355548,-0.0006799922557547688,0.0054910024628043175,-0.025875821709632874,-0.2553008794784546,-0.1976051926612854,-0.03000115230679512,-0.4426940977573395,-0.2622355818748474,-0.03429289162158966,-0.6568542718887329,-0.23320874571800232,0.16550925374031067,-0.04016217961907387,0.0890149176120758,0.16524672508239746,-0.23456332087516785,-0.0848575085401535,0.13071033358573914,-0.32484686374664307,-0.11929360777139664,0.04712284356355667,-0.6260230541229248,0.010670671239495277,0.29443323612213135,-0.11369781196117401,0.2751520276069641,0.3854067325592041,-0.27638310194015503,0.05062747374176979,0.404513418674469,-0.3510776162147522,0.002620175015181303,0.35400697588920593,-0.27870845794677734,-0.07131198793649673
62,-0.017735211178660393,0.20730219781398773,0.7340848445892334,-0.23207257688045502,0.384169340133667,0.4878103733062744,-0.4782227873802185,0.20793744921684265,0.30637121200561523,-0.4857628345489502,0.26617348194122314,-0.043392546474933624,-0.38956189155578613,0.25153979659080505,-0.20475363731384277,-0.2036973237991333,0.037012647837400436,0.011838005855679512,-0.22466906905174255,-0.18879131972789764,-0.22065570950508118,-0.41321516036987305,-0.2790110111236572,-0.2842472791671753,0.4036497175693512,-0.09390315413475037,-0.5812978744506836,0.001077455934137106,-0.0008219985174946487,0.0052857850678265095,-0.019363803789019585,-0.2617993950843811,-0.2218702882528305,-0.03582290560007095,-0.44643473625183105,-0.24629324674606323,-0.022568020969629288,-0.7380861639976501,-0.203162282705307,0.16549736261367798,-0.03976462781429291,0.08439677208662033,0.17427244782447815,-0.25111714005470276,-0.09130451083183289,0.10619065165519714,-0.35300135612487793,-0.13642370700836182,0.07472255825996399,-0.5996519923210144,-0.10638744384050369,0.31356650590896606,-0.11704225093126297,0.2572858929634094,0.40071916580200195,-0.29081130027770996,0.03186170756816864,0.40444058179855347,-0.36523574590682983,-0.03311104699969292,0.3476104140281677,-0.2840242385864258,-0.10808166116476059
63,0.08959905803203583,0.32632994651794434,0.7024768590927124,-0.2255118489265442,0.46485471725463867,0.4676835536956787,-0.4709107279777527,0.199799582362175,0.32349884510040283,-0.49338528513908386,0.29422077536582947,0.0015034470707178116,-0.4818164110183716,0.33185210824012756,-0.22448664903640747,-0.2167418897151947,0.041793566197156906,0.0019215503707528114,-0.2604973018169403,-0.23722043633460999,-0.1469258815050125,-0.29522448778152466,-0.24017047882080078,-0.15694203972816467,0.050406426191329956,-0.23860640823841095,-0.37014737725257874,0.001205097301863134,-0.0010149036534130573,0.0064157722517848015,-0.003370148129761219,-0.31125906109809875,-0.1262771189212799,-0.0490475669503212,-0.4881577491760254,-0.13907818496227264,-0.12134717404842377,-0.7567277550697327,-0.023715391755104065,0.16485968232154846,-0.02754354476928711,0.07464953511953354,0.17874199151992798,-0.2857901453971863,-0.01890624314546585,0.12030854821205139,-0.4317917823791504,-0.021614041179418564,0.06523048877716064,-0.6689853668212891,0.027823280543088913,0.3488064110279083,-0.09372813999652863,0.2542049288749695,0.42482638359069824,-0.3388652503490448,0.08341857045888901,0.39398548007011414,-0.412536084651947,0.09455109387636185,0.3909232020378113,-0.38974636793136597,0.07795973867177963
64,0.1598690301179886,0.43567222356796265,0.6849088668823242,-0.22422529757022858,0.5067449808120728,0.4644180238246918,-0.48456645011901855,0.30895861983299255,0.28292739391326904,-0.5278292894363403,0.24668705463409424,-0.016479801386594772,-0.6626468896865845,0.2946113348007202,-0.06849482655525208,-0.2030511200428009,0.03719310462474823,-0.009024170227348804,-0.26859742403030396,-0.2779161334037781,-0.10146220028400421,-0.26601964235305786,-0.23940695822238922,-0.07077477872371674,-0.13196611404418945,-0.3629785478115082,-0.21805837750434875,0.0013317440170794725,-0.0011552409268915653,0.006615098565816879,0.007220675237476826,-0.3416013717651367,-0.08352721482515335,-0.057210493832826614,-0.5116698741912842,-0.033096540719270706,-0.1389293670654297,-0.7729198932647705,0.14353257417678833,0.16850367188453674,-0.02271150052547455,0.08329680562019348,0.18819588422775269,-0.31403425335884094,0.03695286810398102,0.12011268734931946,-0.4576195478439331,0.09141014516353607,0.04287664592266083,-0.6440248489379883,0.19906309247016907,0.3485872745513916,-0.08664492517709732,0.2646251916885376,0.4271519184112549,-0.3420499563217163,0.16465434432029724,0.35386577248573303,-0.42238348722457886,0.2360537052154541,0.3105931878089905,-0.41879695653915405,0.2986598610877991
65,0.027437563985586166,0.2964414656162262,0.5323616862297058,-0.3230654001235962,0.42751115560531616,0.4176012873649597,-0.3545859158039093,0.23707348108291626,0.034560687839984894,-0.18247577548027039,0.16543647646903992,-0.2031838744878769,-0.16121341288089752,0.19280028343200684,-0.20836617052555084,-0.11997067928314209,0.01657797209918499,-0.04436122998595238,-0.19598320126533508,-0.21830889582633972,-0.12351766228675842,-0.19461868703365326,-0.022465139627456665,-0.24418380856513977,-0.2154063731431961,-0.4099327325820923,-0.30243679881095886,0.0011174422688782215,-0.0010097946505993605,0.00610884465277195,-0.011069828644394875,-0.18875977396965027,-0.11242173612117767,-0.00012337788939476013,-0.32889026403427124,0.10592887550592422,0.04965616762638092,-0.3543448746204376,-0.14395833015441895,0.12509629130363464,-0.027944285422563553,0.08738638460636139,0.05427335575222969,-0.19094404578208923,-0.02545933425426483,0.0010768771171569824,-0.28520363569259644,0.0415070466697216,-0.012590790167450905,-0.4247291386127472,0.06214352324604988,0.3085911273956299,-0.024389129132032394,0.2460884004831314,0.24950005114078522,-0.19352419674396515,0.13801492750644684,0.1794053018093109,-0.17593544721603394,0.25532805919647217,0.1833842694759369,-0.154305100440979,0.27334150671958923
66,-0.02366127073764801,0.3876441717147827,0.4532473087310791,-0.11360807716846466,0.5181384086608887,0.08615535497665405,-0.08293724060058594,0.14077138900756836,-0.19702564179897308,-0.07290971279144287,-0.10138636827468872,-0.36933767795562744,-0.09217402338981628,-0.2343750298023224,-0.48130255937576294,-0.023382119834423065,-0.000787799246609211,-0.12311363220214844,-0.07127878069877625,-0.28357967734336853,-0.1528014838695526,-0.17111045122146606,-0.31953752040863037,-0.19221022725105286,-0.21292167901992798,-0.49726051092147827,-0.25482553243637085,0.0007375458371825516,-0.0005438177613541484,0.005538723431527615,-0.046823374927043915,-0.2150861620903015,-0.07072874903678894,-0.09852223843336105,-0.3715865910053253,0.06465713679790497,-0.17002688348293304,-0.4700772762298584,-0.015298351645469666,0.055305708199739456,-0.006307118572294712,0.1299278736114502,-0.04167362302541733,-0.1426992267370224,0.07312968373298645,-0.183682382106781,-0.22519561648368835,0.09318793565034866,-0.30582767724990845,-0.363585501909256,0.2175801694393158,0.12807372212409973,0.080826036632061,0.2284422069787979,-0.001704096794128418,-0.08373201638460159,0.25200846791267395,-0.10445275157690048,-0.05487402528524399,0.30031120777130127,-0.21619445085525513,-0.22254250943660736,0.3751680552959442
67,0.05872480571269989,0.5589209794998169,0.41418683528900146,0.1475469321012497,0.41259920597076416,0.009654723107814789,0.21429502964019775,-0.035027094185352325,-0.30996453762054443,0.17592276632785797,-0.3103713393211365,-0.45620304346084595,0.2858657240867615,-0.5200342535972595,-0.553579568862915,0.053862281143665314,-0.06433138251304626,-0.11775714159011841,-0.010544542223215103,-0.33230966329574585,-0.13922467827796936,-0.11483970284461975,-0.4733758568763733,-0.19971208274364471,-0.22440654039382935,-0.6555596590042114,-0.15361784398555756,0.00043494708370417356,-7.437799649778754e-05,0.004170198924839497,-0.1002398282289505,-0.22317001223564148,-0.07010054588317871,-0.24357075989246368,-0.3951241970062256,-0.01015230268239975,-0.34422072768211365,-0.5608491897583008,-0.06523023545742035,-0.020145118236541748,0.04153752326965332,0.09913536161184311,-0.17214687168598175,-0.08644482493400574,0.03671090304851532,-0.3477551341056824,-0.20557266473770142,-0.023506179451942444,-0.22111615538597107,-0.22160303592681885,0.012241452932357788,-0.06698424369096756,0.17058417201042175,0.1840158998966217,-0.24256397783756256,-0.005597338080406189,0.15911617875099182,-0.32926851511001587,-0.08556551486253738,0.13177692890167236,-0.48260247707366943,-0.2353399693965912,0.17208632826805115
68,0.12411344051361084,0.6623249053955078,0.30343836545944214,0.2793806791305542,0.3416820168495178,0.10124168545007706,0.40661177039146423,-0.07088856399059296,-0.3583391308784485,0.31481051445007324,-0.41604098677635193,-0.44434911012649536,0.256320059299469,-0.47556832432746887,-0.8836602568626404,0.09148809313774109,-0.09946681559085846,-0.10040023922920227,0.03153742104768753,-0.3589979410171509,-0.17339259386062622,-0.06776343286037445,-0.5302482843399048,-0.2408960908651352,-0.19657951593399048,-0.7331414222717285,-0.20137187838554382,0.00030315070762299,0.00012060093285981566,0.002676626667380333,-0.16484422981739044,-0.22668707370758057,-0.11554181575775146,-0.2999333143234253,-0.35889148712158203,-0.1891654133796692,-0.4292764663696289,-0.6214816570281982,-0.17816559970378876,-0.06562300771474838,0.06792134046554565,0.08644018322229385,-0.24880874156951904,-0.0690399706363678,-0.004175769165158272,-0.4453877806663513,-0.21348483860492706,-0.10110251605510712,-0.43416711688041687,-0.3121936619281769,-0.0661168023943901,-0.19667410850524902,0.2096232771873474,0.14094918966293335,-0.3700987696647644,-0.006805540528148413,0.09956170618534088,-0.4966420829296112,-0.14690032601356506,0.05403047055006027,-0.4485796093940735,-0.20977556705474854,-0.02573002129793167
69,0.11755505204200745,0.6929774284362793,0.29422473907470703,0.3642500042915344,0.3034987151622772,0.13630858063697815,0.4932451546192169,-0.082890085875988,-0.4093620181083679,0.3951711654663086,-0.4467814564704895,-0.4680859446525574,0.2859732508659363,-0.46932253241539,-1.0176563262939453,0.10701799392700195,-0.11785416305065155,-0.08978475630283356,0.06880924850702286,-0.38540396094322205,-0.16030006110668182,-0.031947650015354156,-0.5473577976226807,-0.2776033878326416,-0.19109809398651123,-0.7704012393951416,-0.22229008376598358,0.00022573847672902048,6.252151797525585e-05,0.001974488142877817,-0.20383213460445404,-0.2256728708744049,-0.13054555654525757,-0.32704606652259827,-0.37983644008636475,-0.2531844973564148,-0.4583607017993927,-0.6410189867019653,-0.2384747415781021,-0.08591762185096741,0.07649287581443787,0.07647000253200531,-0.2863946557044983,-0.054580748081207275,-0.019877735525369644,-0.4946190118789673,-0.21265295147895813,-0.14371606707572937,-0.5349855422973633,-0.3665238320827484,-0.12788495421409607,-0.25941750407218933,0.22792932391166687,0.12739881873130798,-0.4359212815761566,-0.005073131527751684,0.06716682016849518,-0.5567559003829956,-0.1764822006225586,-0.033935874700546265,-0.5853886604309082,-0.26132750511169434,-0.09583410620689392
70,0.18382218480110168,0.6069030165672302,0.47763538360595703,0.25884300470352173,0.17193575203418732,0.357348769903183,0.503983736038208,-0.05496741831302643,-0.48523300886154175,0.42236781120300293,-0.506118893623352,-0.4297090768814087,-0.00033524632453918457,-0.2922741174697876,-1.4509119987487793,0.14831972122192383,-0.13277047872543335,-0.09757271409034729,0.07785926759243011,-0.44113689661026,-0.19216349720954895,-0.011275894939899445,-0.6364612579345703,-0.2532328963279724,-0.11460854113101959,-0.5250089764595032,-0.44504058361053467,0.0002017721999436617,0.0001047318583005108,0.0004846135852858424,-0.23028141260147095,-0.2601657807826996,-0.1137000322341919,-0.33742576837539673,-0.4317607283592224,-0.29097408056259155,-0.538905680179596,-0.6823417544364929,-0.19833050668239594,-0.08967839926481247,0.10905472189188004,0.06322122365236282,-0.34218236804008484,-0.08036909997463226,-0.04571893811225891,-0.5620741844177246,-0.2169431447982788,-0.11454200744628906,-0.6802123188972473,-0.466156005859375,-0.17641055583953857,-0.19205045700073242,0.277324914932251,0.11381927877664566,-0.4979507327079773,-0.004599192179739475,0.02331501618027687,-0.6455438137054443,-0.2368628978729248,-0.11487732082605362,-0.6167205572128296,-0.28402259945869446,-0.2316848635673523
71,0.2018459439277649,0.533419132232666,0.6071069836616516,0.2361091673374176,0.06482891738414764,0.4551273584365845,0.5275975465774536,-0.040066998451948166,-0.5580065250396729,0.40035805106163025,-0.518730640411377,-0.3754451274871826,0.07464834302663803,-0.29084378480911255,-1.7586369514465332,0.12032205611467361,-0.1786462366580963,-0.06368205696344376,0.1070680022239685,-0.48707741498947144,-0.20104217529296875,0.010681767016649246,-0.7129969596862793,-0.22642983496189117,-0.09316214174032211,-0.35196593403816223,-0.5449028611183167,0.00026168455951847136,-0.0002919348771683872,-0.0012465235777199268,-0.25023913383483887,-0.2874317169189453,-0.10487771034240723,-0.3683001399040222,-0.46953636407852173,-0.31710875034332275,-0.46965935826301575,-0.26908591389656067,0.44749248027801514,-0.0947355329990387,0.12310207635164261,0.06047593057155609,-0.36501193046569824,-0.0960538387298584,-0.06694836914539337,-0.603512704372406,-0.21842607855796814,-0.11338275671005249,-0.6239026188850403,-0.47097066044807434,-0.105073943734169,-0.17235836386680603,0.3029138445854187,0.09223290532827377,-0.5194613933563232,0.008611544966697693,0.016809111461043358,-0.7156943082809448,-0.2913524806499481,-0.17538127303123474,-0.7791751623153687,-0.47686806321144104,-0.29773998260498047
72,0.17521142959594727,0.6040849685668945,0.42398932576179504,0.23821479082107544,0.008779028430581093,0.5095667839050293,0.4197472333908081,-0.2030991017818451,-0.23795588314533234,0.4129323959350586,-0.558201014995575,-0.32583099603652954,0.2249859720468521,-0.386491060256958,-1.4555439949035645,0.15623879432678223,-0.16554982960224152,-0.0819261372089386,0.11610116064548492,-0.5219594836235046,-0.15327802300453186,0.014553733170032501,-0.7412881851196289,-0.21566921472549438,-0.2256787121295929,-0.7306423187255859,-0.28663116693496704,0.00035942764952778816,-0.0005304636433720589,-0.001869900617748499,-0.2551625967025757,-0.30744948983192444,-0.104427270591259,-0.2796836495399475,-0.5144957304000854,-0.29312705993652344,-0.5196781754493713,-0.546226978302002,0.14270740747451782,-0.10026653110980988,0.12390660494565964,0.06028338521718979,-0.3216623365879059,-0.09977047890424728,-0.09825123846530914,-0.43560895323753357,-0.14897027611732483,-0.22630801796913147,-0.3571237027645111,0.06603008508682251,-0.4425421953201294,-0.16871169209480286,0.31390130519866943,0.08837170153856277,-0.5636558532714844,-0.004063163418322802,0.0022742869332432747,-0.7620338201522827,-0.32377010583877563,-0.21730178594589233,-0.8771283626556396,-0.559042751789093,-0.37968748807907104
73,0.3810346722602844,0.5415860414505005,0.1632409393787384,0.38834699988365173,-0.008497439324855804,0.46797728538513184,0.35556718707084656,-0.2612431049346924,-0.10578038543462753,0.5111747980117798,-0.7172914743423462,-0.6518608927726746,0.53071129322052,-0.5696362853050232,-1.3881475925445557,0.1630719006061554,-0.17081312835216522,-0.09775786101818085,0.13242413103580475,-0.5327154994010925,-0.17983026802539825,-0.006626702845096588,-0.7322975397109985,-0.2879154086112976,-0.31040158867836,-0.985261082649231,-0.36693254113197327,0.00041215846431441605,-0.0007320877630263567,-0.001481504994444549,-0.2179945707321167,-0.2738829553127289,-0.13570688664913177,-0.15011712908744812,-0.3979935050010681,-0.3352704644203186,-0.583432674407959,-0.039863139390945435,0.8009249567985535,-0.09798140823841095,0.1424524188041687,0.05768745392560959,-0.2898155152797699,-0.09660056233406067,-0.12417717278003693,-0.2826694846153259,-0.06385654211044312,-0.35822635889053345,-0.17145593464374542,0.29582786560058594,-0.7563436627388,-0.22745603322982788,0.27700167894363403,0.056280266493558884,-0.5862977504730225,-0.10922007262706757,-0.07439529895782471,-0.8050552606582642,-0.31310245394706726,-0.2588740587234497,-0.9724558591842651,-0.5713039636611938,-0.5609736442565918
74,0.15301458537578583,0.5408885478973389,0.10419022291898727,0.4104014039039612,0.08719906955957413,0.442600816488266,0.33852219581604004,-0.2643929421901703,-0.07111804932355881,0.5269168615341187,-0.7493451237678528,-0.7558926343917847,0.6620526313781738,-0.5884538888931274,-1.4398751258850098,0.17859815061092377,-0.14992472529411316,-0.11195636540651321,0.14019839465618134,-0.5216859579086304,-0.20242220163345337,-0.020767372101545334,-0.7250176668167114,-0.33878305554389954,-0.3294008672237396,-0.9922015070915222,-0.3877624273300171,0.0004702605656348169,-0.0008267711964435875,-0.001324380747973919,-0.20716825127601624,-0.24609264731407166,-0.17859981954097748,-0.0873183012008667,-0.30577653646469116,-0.35579249262809753,-0.4600091576576233,0.21449996531009674,1.0086581707000732,-0.0962323471903801,0.13979676365852356,0.05738434940576553,-0.27119195461273193,-0.08308964222669601,-0.14892077445983887,-0.2379770278930664,-0.05390923470258713,-0.40017086267471313,-0.08424343168735504,0.4842342734336853,-0.86469966173172,-0.25454452633857727,0.27438288927078247,0.04275715723633766,-0.5836783051490784,-0.13414093852043152,-0.13706077635288239,-0.5597224235534668,-0.03832332789897919,-0.3305363059043884,-0.918066680431366,-0.5829129219055176,-0.6315213441848755
75,0.1833854615688324,0.5804895758628845,0.3158424496650696,0.43200165033340454,0.11811146140098572,0.3777490258216858,0.43816012144088745,-0.19093580543994904,-0.14842551946640015,0.5110681056976318,-0.5969642400741577,-0.6612666845321655,0.5733447074890137,-0.5790528059005737,-1.1740100383758545,0.16608253121376038,-0.13074415922164917,-0.10897482931613922,0.13725748658180237,-0.4667571783065796,-0.19081948697566986,-0.0014498494565486908,-0.6707746982574463,-0.28510838747024536,-0.36660146713256836,-0.7934467792510986,-0.34981703758239746,0.00028282348648644984,-0.00038122659316286445,-0.0009080705349333584,-0.20899979770183563,-0.21994417905807495,-0.17582044005393982,-0.1836361587047577,-0.34956568479537964,-0.3375524878501892,0.12253087759017944,0.1374063342809677,0.10491880774497986,-0.1024383008480072,0.1147356629371643,0.054998479783535004,-0.30441445112228394,-0.06820390373468399,-0.11282274127006531,-0.3637719750404358,-0.13783465325832367,-0.3452551066875458,0.9141556024551392,1.6584800481796265,-1.0624746084213257,-0.2451498806476593,0.27234023809432983,0.07865888625383377,-0.5583458542823792,-0.0723830834031105,-0.08809670805931091,-0.5889433026313782,-0.1276547908782959,-0.26769813895225525,-0.7933046817779541,-0.44681745767593384,-0.5039572715759277
76,0.20312783122062683,0.6048466563224792,0.4182567894458771,0.43413227796554565,0.13382317125797272,0.3375406861305237,0.48520493507385254,-0.14325499534606934,-0.20762640237808228,0.4830551743507385,-0.5033408403396606,-0.6261252164840698,0.44063639640808105,-0.543560802936554,-1.0852699279785156,0.15951761603355408,-0.12334674596786499,-0.10954398661851883,0.12625111639499664,-0.4392254054546356,-0.18180076777935028,0.009969564154744148,-0.6404482126235962,-0.2621746063232422,-0.4038691520690918,-0.6873709559440613,-0.2985514998435974,0.0001892485306598246,-0.00015044858446344733,-0.0006452940870076418,-0.2090718150138855,-0.20200540125370026,-0.17540496587753296,-0.23487642407417297,-0.3671369254589081,-0.33131858706474304,0.42563700675964355,0.09062230587005615,-0.39203786849975586,-0.10714680701494217,0.09513086080551147,0.05556688457727432,-0.32376059889793396,-0.06018267199397087,-0.09522456675767899,-0.4299735724925995,-0.1843799501657486,-0.3194349706172943,1.456743597984314,2.2924299240112305,-1.1664550304412842,-0.2335544228553772,0.2695685625076294,0.10682588070631027,-0.5498161315917969,-0.04399029165506363,-0.06781256198883057,-0.6100305318832397,-0.17014971375465393,-0.247064471244812,-0.7398212552070618,-0.364965558052063,-0.42336606979370117
77,0.22688572108745575,0.5924416780471802,0.404021680355072,0.3644513487815857,0.2385355830192566,0.134685218334198,0.4018367528915405,-0.2689906358718872,-0.30565279722213745,0.3332632780075073,-0.528052568435669,-0.6037689447402954,0.38104575872421265,-0.7325865030288696,-0.9920859336853027,0.16030699014663696,-0.14216943085193634,-0.1161404550075531,0.04285544902086258,-0.4064338803291321,-0.1687050312757492,-0.04974856600165367,-0.5969091653823853,-0.2022261917591095,-0.3838620185852051,-0.7623171806335449,-0.14495055377483368,0.0002427780709695071,-0.00012533325934782624,0.0021761618554592133,-0.17883148789405823,-0.2074410319328308,-0.1188608929514885,-0.33420780301094055,-0.3702365458011627,-0.20897172391414642,-0.08097733557224274,-0.19469788670539856,-0.20628947019577026,-0.06615718454122543,0.08707458525896072,0.07966791093349457,-0.2658773362636566,-0.0020159389823675156,-0.019065801054239273,-0.45044153928756714,-0.12404245883226395,-0.1687006801366806,0.42876294255256653,1.1518069505691528,-0.6323513984680176,-0.18120726943016052,0.282131552696228,0.13782116770744324,-0.38144707679748535,0.11036700010299683,-0.026669325307011604,-0.5524221658706665,-0.040010664612054825,-0.09653221070766449,-0.7063900232315063,-0.18518191576004028,-0.18636786937713623
78,0.06085802614688873,0.5052164196968079,0.5665817260742188,0.019889608025550842,0.2984583079814911,0.2859436273574829,-0.02220064401626587,-0.11262403428554535,-0.1815599501132965,-0.07900471985340118,-0.3227446675300598,-0.4833131730556488,0.12300289422273636,-0.5259767770767212,-0.9266474843025208,0.00784391164779663,-0.08602988719940186,-0.12211605906486511,-0.018350815400481224,-0.34055638313293457,-0.21710003912448883,-0.15334153175354004,-0.5265560150146484,-0.16663828492164612,-0.3419668674468994,-0.7543220520019531,-0.0048065632581710815,0.0007077429909259081,-0.00024187169037759304,0.005374927539378405,-0.0881391316652298,-0.25216108560562134,-0.09130493551492691,-0.23673105239868164,-0.3916091024875641,-0.04609767347574234,-0.18660083413124084,-0.32182514667510986,0.06329777091741562,0.026991024613380432,0.03907974436879158,0.10785163938999176,-0.11300653219223022,-0.09939388930797577,0.07024763524532318,-0.2804027795791626,-0.18333664536476135,0.057310327887535095,0.284964919090271,0.6918243765830994,-0.4310305118560791,0.04133353382349014,0.09642037749290466,0.26032671332359314,-0.13449940085411072,-0.05207156017422676,0.17872336506843567,-0.28473082184791565,-0.10590270906686783,0.19607165455818176,-0.4296359121799469,-0.18892139196395874,0.18298214673995972
79,0.04156996309757233,0.41231435537338257,0.6165318489074707,-0.15725725889205933,0.34009188413619995,0.38377058506011963,-0.2856513261795044,0.059210002422332764,-0.12280501425266266,-0.30598437786102295,-0.17530712485313416,-0.4288698434829712,-0.15891316533088684,-0.2697902023792267,-0.74248206615448,-0.07577650994062424,-0.05168014392256737,-0.12015324831008911,-0.06362694501876831,-0.3341480493545532,-0.229038804769516,-0.14897020161151886,-0.5056261420249939,-0.16834303736686707,-0.24702078104019165,-0.7112491130828857,0.06621847301721573,0.0007120526861399412,-0.0004994391347281635,0.005353217013180256,-0.040808625519275665,-0.28480905294418335,-0.09732472896575928,-0.15103930234909058,-0.466097891330719,0.007551034912467003,-0.14155180752277374,-0.5096096992492676,0.16592204570770264,0.06603393703699112,0.004294911399483681,0.1266702562570572,0.014409836381673813,-0.19005313515663147,0.06922398507595062,-0.14704112708568573,-0.3160645365715027,0.12308119237422943,0.12335227429866791,0.12055879831314087,-0.14431293308734894,0.154469296336174,0.0066999346017837524,0.3079904317855835,0.05024396628141403,-0.16727733612060547,0.2254759669303894,-0.04987388104200363,-0.23710790276527405,0.2846333384513855,-0.15602433681488037,-0.34426742792129517,0.3019193410873413
80,0.10179313272237778,0.48547041416168213,0.544327974319458,-0.14163777232170105,0.3761613070964813,0.34655046463012695,-0.38295912742614746,0.21179288625717163,0.03377685695886612,-0.4429363012313843,-0.02809438854455948,-0.18433959782123566,-0.39759862422943115,-0.05494770407676697,-0.3913329839706421,-0.15508383512496948,-0.017598018050193787,-0.0639452263712883,-0.014777494594454765,-0.24287068843841553,-0.22972798347473145,-0.1536898910999298,-0.31029295921325684,-0.18123047053813934,0.5343415141105652,-0.42174389958381653,-0.3211677372455597,0.00100683921482414,-0.0008394741453230381,0.005451684817671776,-0.00934248324483633,-0.28475600481033325,-0.08933369070291519,-0.035122498869895935,-0.49296292662620544,0.012448611669242382,-0.07325795292854309,-0.5843023061752319,0.19578160345554352,0.1138053685426712,-0.02135329879820347,0.10644296556711197,0.08567896485328674,-0.23025012016296387,0.04704244062304497,-0.02014951780438423,-0.3815035820007324,0.08986539393663406,0.11227959394454956,-0.2721744775772095,-0.030010439455509186,0.22646385431289673,-0.016131039708852768,0.30848777294158936,0.257286936044693,-0.24214810132980347,0.15698054432868958,0.14900949597358704,-0.3164360523223877,0.17441464960575104,0.06786179542541504,-0.35514724254608154,0.1861816644668579
81,0.11078546196222305,0.5357977151870728,0.523359477519989,-0.1788184642791748,0.4131559133529663,0.36886924505233765,-0.4781137704849243,0.3138122260570526,0.12529854476451874,-0.49119627475738525,0.09341609477996826,-0.07816387712955475,-0.37164074182510376,-0.1228865534067154,-0.4346224069595337,-0.2002307027578354,0.008565687574446201,-0.04023806378245354,-0.15961052477359772,-0.2110622227191925,-0.12427201122045517,-0.22020849585533142,-0.23802652955055237,-0.17112793028354645,0.9316938519477844,-0.25802671909332275,-0.5101641416549683,0.0010713059455156326,-0.0009158210013993084,0.005466388538479805,-0.01556326076388359,-0.2932034134864807,-0.05757903680205345,-0.053328003734350204,-0.4771888554096222,0.00729084899649024,-0.1331309974193573,-0.5728029012680054,0.2631737291812897,0.1439661681652069,-0.03821144625544548,0.09457890689373016,0.13823354244232178,-0.26845479011535645,0.018333716318011284,0.07138791680335999,-0.4089195728302002,0.08180753886699677,0.1012207493185997,-0.484778493642807,0.03389158844947815,0.2839832901954651,-0.039466287940740585,0.2898016571998596,0.32914596796035767,-0.27227848768234253,0.1279035210609436,0.23546454310417175,-0.3847290277481079,0.12412887811660767,0.21022184193134308,-0.4075123071670532,0.15067119896411896
82,0.12242932617664337,0.5758568048477173,0.42714613676071167,-0.13651932775974274,0.5086557865142822,0.3392294645309448,-0.5240451097488403,0.41868942975997925,0.1366574466228485,-0.5556942820549011,0.21873554587364197,-0.05326195806264877,-0.5579423308372498,0.08283401280641556,-0.3841489553451538,-0.23127567768096924,0.033600304275751114,-0.032915741205215454,-0.25426608324050903,-0.21420349180698395,-0.0984066054224968,-0.3120480477809906,-0.3386649489402771,-0.10090591013431549,0.2702454626560211,-0.4336000978946686,-0.21091365814208984,0.001041546929627657,-0.0011597241973504424,0.005325098522007465,-0.04384259507060051,-0.30268412828445435,-0.08662082254886627,-0.09935101866722107,-0.5023880004882812,-0.040431272238492966,-0.15193644165992737,-0.6909688711166382,0.1732633113861084,0.15768806636333466,-0.04709351062774658,0.06766989827156067,0.17430339753627777,-0.28794604539871216,-0.005239766091108322,0.1181974709033966,-0.42456698417663574,0.019769636914134026,0.09817208349704742,-0.592867374420166,-0.010918160900473595,0.3248331546783447,-0.042975060641765594,0.2229696810245514,0.36513352394104004,-0.28409260511398315,0.09149575233459473,0.30798858404159546,-0.42420101165771484,0.07920034974813461,0.2989254593849182,-0.4473305344581604,0.08786817640066147
83,0.17285430431365967,0.6220873594284058,0.41337278485298157,-0.1345810890197754,0.5582432746887207,0.3225213885307312,-0.5373287796974182,0.4572138786315918,0.1414969116449356,-0.5918179750442505,0.2713894546031952,-0.03281918913125992,-0.667374849319458,0.17176777124404907,-0.36239564418792725,-0.2448740005493164,0.04668010026216507,-0.026245690882205963,-0.3096467852592468,-0.20812225341796875,-0.08504385501146317,-0.3243831992149353,-0.3569401502609253,-0.14103148877620697,-0.0708848237991333,-0.5352355241775513,-0.030017152428627014,0.0009930976666510105,-0.0012268263380974531,0.005289927590638399,-0.055473580956459045,-0.3134150505065918,-0.0964341014623642,-0.12236371636390686,-0.5278012156486511,-0.046099547296762466,-0.16364246606826782,-0.765320360660553,0.17051094770431519,0.16861426830291748,-0.04720161110162735,0.05295393988490105,0.19486263394355774,-0.29769694805145264,-0.018768014386296272,0.1447851061820984,-0.4534298777580261,0.017545273527503014,0.123792864382267,-0.6630917191505432,0.07771743088960648,0.3576192259788513,-0.03653020039200783,0.18088498711585999,0.397302508354187,-0.28881052136421204,0.0732281431555748,0.36569440364837646,-0.4428330659866333,0.05883675068616867,0.3592170476913452,-0.4583088457584381,0.06240891292691231
84,0.1941991150379181,0.6636771559715271,0.431393563747406,-0.16937774419784546,0.626815915107727,0.29757654666900635,-0.5490169525146484,0.5287864208221436,0.14693820476531982,-0.6310529708862305,0.32036542892456055,-0.0029950980097055435,-0.7356103658676147,0.27248668670654297,-0.28521034121513367,-0.24702686071395874,0.05583730340003967,-0.027985991910099983,-0.3280085325241089,-0.18729043006896973,-0.10775600373744965,-0.3155883550643921,-0.33722221851348877,-0.20691338181495667,-0.1609327644109726,-0.5252270102500916,-0.22133423388004303,0.001040806295350194,-0.001153186778537929,0.005485274828970432,-0.06045827269554138,-0.30046793818473816,-0.12526509165763855,-0.0875997543334961,-0.480972558259964,-0.09733069688081741,-0.13674460351467133,-0.7853084802627563,0.13772010803222656,0.17405670881271362,-0.044974155724048615,0.0557202510535717,0.2158968597650528,-0.31023406982421875,-0.024251937866210938,0.15514518320560455,-0.4892362356185913,0.010143415071070194,0.14691506326198578,-0.6660962104797363,0.06408881396055222,0.3815862536430359,-0.033459633588790894,0.16709062457084656,0.45801863074302673,-0.3079204559326172,0.0567551851272583,0.39647090435028076,-0.45385366678237915,0.05221837759017944,0.41616788506507874,-0.49594032764434814,0.08532992750406265
85,0.17247390747070312,0.7208889722824097,0.3554113507270813,-0.19052985310554504,0.6405404806137085,0.31088316440582275,-0.5601263642311096,0.5607523918151855,0.1767512410879135,-0.6774548888206482,0.34106725454330444,-0.009985674172639847,-0.7301192879676819,0.26178133487701416,-0.29106441140174866,-0.24417777359485626,0.059418320655822754,-0.02103366330265999,-0.31727978587150574,-0.219893217086792,-0.1251770555973053,-0.3638319671154022,-0.35389620065689087,-0.14365439116954803,-0.24818146228790283,-0.5094625949859619,-0.1187174990773201,0.0009638821939006448,-0.0009508253424428403,0.0054343813098967075,-0.06736043840646744,-0.2843063771724701,-0.1400083303451538,-0.09904792904853821,-0.4828844964504242,-0.11929461359977722,-0.11526405811309814,-0.7356324195861816,0.12360870838165283,0.1688862144947052,-0.0494246631860733,0.05900602042675018,0.2094159573316574,-0.3316895067691803,-0.0408615916967392,0.15153834223747253,-0.5049969553947449,0.006719343364238739,0.1442502737045288,-0.7095510959625244,0.06849882006645203,0.39226800203323364,-0.03830341249704361,0.10973776876926422,0.48438459634780884,-0.31166332960128784,0.04979507997632027,0.4087759554386139,-0.4462769627571106,0.06434263288974762,0.4435191750526428,-0.4950582981109619,0.07449594140052795
86,0.14757117629051208,0.7597755193710327,0.3102061450481415,-0.21303966641426086,0.6486128568649292,0.3090691566467285,-0.5623488426208496,0.5785683393478394,0.18769100308418274,-0.70484459400177,0.36147284507751465,-0.0235427375882864,-0.7242151498794556,0.2550164461135864,-0.31204020977020264,-0.23874470591545105,0.0730813592672348,-0.0010449578985571861,-0.30882349610328674,-0.23714442551136017,-0.13749945163726807,-0.3293626606464386,-0.35870829224586487,-0.1361912190914154,-0.28717896342277527,-0.5061417818069458,-0.06135497987270355,0.0009247055277228355,-0.0008836660999804735,0.005281852558255196,-0.0666537880897522,-0.27874428033828735,-0.14892885088920593,-0.10353629291057587,-0.48757752776145935,-0.1276361644268036,-0.098964162170887,-0.7109876871109009,0.11647693812847137,0.16947615146636963,-0.054612308740615845,0.06361095607280731,0.20438037812709808,-0.3384269177913666,-0.054967038333415985,0.14909687638282776,-0.5073725581169128,-0.0034033413976430893,0.14194953441619873,-0.7344270944595337,0.05439850687980652,0.40323275327682495,-0.04365348070859909,0.07817577570676804,0.4938558340072632,-0.31587326526641846,0.04383392259478569,0.4536738395690918,-0.4693465232849121,0.06374725699424744,0.46277010440826416,-0.49211305379867554,0.07151341438293457
87,0.11909133940935135,0.7105711698532104,0.2814942002296448,-0.22542455792427063,0.6605204939842224,0.3118060231208801,-0.5517578125,0.585781991481781,0.11946052312850952,-0.6924654245376587,0.39132407307624817,-0.014198565855622292,-0.7353985905647278,0.2544511556625366,-0.2968299984931946,-0.24790707230567932,0.07508683204650879,-0.0001871943532023579,-0.3153841495513916,-0.2297256588935852,-0.131862610578537,-0.39418184757232666,-0.4066527783870697,-0.08785728365182877,-0.39642107486724854,-0.6137255430221558,0.009335432201623917,0.001043207012116909,-0.0010980655206367373,0.004963428247720003,-0.049882922321558,-0.3091895878314972,-0.14430028200149536,-0.08616591989994049,-0.5320941209793091,-0.0880100280046463,-0.14225336909294128,-0.7719842791557312,0.092015840113163,0.1886110007762909,-0.06721906363964081,0.06668204069137573,0.22176741063594818,-0.33422714471817017,-0.0413237102329731,0.15150591731071472,-0.5036450624465942,-0.01328718475997448,0.13978362083435059,-0.7453259825706482,0.059710949659347534,0.42413443326950073,-0.03611435368657112,0.11501701176166534,0.5133820176124573,-0.31951209902763367,0.07047763466835022,0.49882155656814575,-0.47051751613616943,0.12230921536684036,0.5187123417854309,-0.49535128474235535,0.14668595790863037
88,0.1113373190164566,0.689211368560791,0.32688701152801514,-0.19517822563648224,0.674199640750885,0.21379029750823975,-0.5545867681503296,0.5952681303024292,0.13521325588226318,-0.6423676013946533,0.46251246333122253,0.015568871051073074,-0.7770522832870483,0.19929008185863495,-0.22607851028442383,-0.2518097758293152,0.058413926512002945,-0.0021190098486840725,-0.3130291700363159,-0.2422601282596588,-0.12330375611782074,-0.40425077080726624,-0.4628884196281433,-0.06367392838001251,-0.44168782234191895,-0.7185477018356323,0.009766785427927971,0.001107877353206277,-0.001418182859197259,0.004889697302132845,-0.025233576074242592,-0.34261101484298706,-0.14635975658893585,-0.08165132999420166,-0.5801215171813965,-0.07593192160129547,-0.1403864026069641,-0.8324130773544312,0.05775228142738342,0.19402602314949036,-0.059657566249370575,0.06759452819824219,0.23371544480323792,-0.3341849446296692,-0.022388286888599396,0.18141508102416992,-0.5370798110961914,-0.007882317528128624,0.14971433579921722,-0.7407779693603516,0.06192045658826828,0.4288296699523926,-0.04723390191793442,0.16101105511188507,0.5134520530700684,-0.3309064209461212,0.08734053373336792,0.5120000839233398,-0.4604710340499878,0.1359909474849701,0.5507783889770508,-0.5545568466186523,0.16225501894950867
89,0.13487565517425537,0.70957350730896,0.30950063467025757,-0.17322903871536255,0.6993182301521301,0.17945057153701782,-0.5398554801940918,0.5877599716186523,0.15169411897659302,-0.6560595035552979,0.44888269901275635,0.04630422219634056,-0.8148674964904785,0.16824662685394287,-0.17050442099571228,-0.25848907232284546,0.05674537271261215,-0.008718821220099926,-0.3113791048526764,-0.2626016139984131,-0.10377254337072372,-0.4234182834625244,-0.4999530613422394,-0.03041842207312584,-0.4858236312866211,-0.7627754807472229,0.037494029849767685,0.0011470490135252476,-0.0015884963795542717,0.004877617582678795,-0.0052598221227526665,-0.34714752435684204,-0.13517679274082184,-0.09529200196266174,-0.6137211322784424,-0.08724366128444672,-0.14601349830627441,-0.849782407283783,0.045420654118061066,0.20242735743522644,-0.0615762323141098,0.06814558804035187,0.23676741123199463,-0.33359283208847046,-0.02496841549873352,0.19890247285366058,-0.5356320142745972,-0.015829602256417274,0.1654069572687149,-0.744035005569458,0.05346961319446564,0.4355623424053192,-0.05774907395243645,0.16309595108032227,0.5171974301338196,-0.3245247006416321,0.08978787064552307,0.5380592346191406,-0.4721105098724365,0.1325327455997467,0.5834716558456421,-0.568884551525116,0.17388689517974854
90,0.1041724905371666,0.5833194851875305,0.3218074440956116,-0.19143438339233398,0.7083614468574524,0.09598609805107117,-0.5746740102767944,0.5675737857818604,0.22242552042007446,-0.7455856800079346,0.42949140071868896,0.1664298176765442,-0.7922828793525696,0.38802844285964966,-0.16456565260887146,-0.2589948773384094,0.08571410924196243,-0.0021331424359232187,-0.32264798879623413,-0.3029254078865051,-0.10279128700494766,-0.35849130153656006,-0.489298939704895,0.026080062612891197,-0.18047098815441132,-0.7185174226760864,-0.08083824813365936,0.001602575066499412,-0.0028224140405654907,0.004679109901189804,0.04763608053326607,-0.37412476539611816,-0.1334274411201477,-0.09760740399360657,-0.6785489320755005,-0.063645139336586,-0.11742711812257767,-0.9339369535446167,0.16167844831943512,0.21444252133369446,-0.06829597055912018,0.08612073957920074,0.30669456720352173,-0.34560608863830566,-0.02766532450914383,0.19294248521327972,-0.5376558899879456,0.030946869403123856,0.1432264745235443,-0.7362704277038574,0.1686481386423111,0.36902210116386414,-0.08106100559234619,0.2239352911710739,0.5616282224655151,-0.4237929582595825,0.11718094348907471,0.5743815302848816,-0.5494143962860107,0.15999865531921387,0.6307610273361206,-0.585563063621521,0.20072895288467407
91,0.07613080739974976,0.5929903984069824,0.35046273469924927,-0.20437127351760864,0.6597391366958618,0.08690774440765381,-0.5802152752876282,0.6088225841522217,0.2843785583972931,-0.7407398223876953,0.40021297335624695,0.27458456158638,-0.7108362913131714,0.420429527759552,-0.10399379581212997,-0.2576134502887726,0.08060099184513092,-0.013186635449528694,-0.31709039211273193,-0.31133994460105896,-0.06486227363348007,-0.39861106872558594,-0.5055347084999084,0.04140293225646019,-0.24184784293174744,-0.7009275555610657,0.08953922986984253,0.0013512735022231936,-0.002261555287986994,0.004755543544888496,0.06120290607213974,-0.3605099320411682,-0.11590607464313507,-0.07604686170816422,-0.6660052537918091,-0.030409881845116615,-0.09316433221101761,-0.9484174847602844,0.11650943756103516,0.2062956988811493,-0.08541756868362427,0.08249034732580185,0.3040255308151245,-0.3333708643913269,-0.026804566383361816,0.21148645877838135,-0.5099728107452393,-0.003539128229022026,0.11338873207569122,-0.6589025259017944,0.1345769166946411,0.375393271446228,-0.08677875995635986,0.1898040622472763,0.580329418182373,-0.444618284702301,0.08269228786230087,0.554697573184967,-0.5377540588378906,0.16430051624774933,0.6578980684280396,-0.5682157874107361,0.1390189528465271
92,0.030172154307365417,0.49045512080192566,0.34680068492889404,-0.17720988392829895,0.4238317012786865,0.17396540939807892,-0.5849799513816833,0.568798303604126,0.323495090007782,-0.7504546642303467,0.49271178245544434,0.09486298263072968,-0.7103990316390991,0.5996137857437134,-0.030812259763479233,-0.2724742293357849,0.11637409031391144,-0.004534419625997543,-0.25850626826286316,-0.26442235708236694,-0.10201109945774078,-0.40587490797042847,-0.5176910161972046,0.06447038054466248,-0.1882476657629013,-0.7263325452804565,-0.08907581865787506,0.0017545963637530804,-0.003298095427453518,0.004729169886559248,0.04842574521899223,-0.3340609669685364,-0.14433535933494568,-0.061085157096385956,-0.7156687378883362,-0.03806280344724655,-0.09051308780908585,-0.981674075126648,0.19316904246807098,0.19335873425006866,-0.07800427824258804,0.08347243070602417,0.30568695068359375,-0.33887869119644165,-0.05819832533597946,0.242194265127182,-0.5962591171264648,-0.02614324539899826,0.06821500509977341,-0.7286111116409302,0.24025540053844452,0.39927083253860474,-0.0673222690820694,0.1819380521774292,0.5299611687660217,-0.45972776412963867,0.07913000881671906,0.5836899280548096,-0.5573369264602661,0.07398399710655212,0.6841551065444946,-0.5845881104469299,0.10051289200782776
93,0.05784734711050987,0.5326062440872192,0.281515896320343,-0.20270438492298126,0.5561325550079346,0.12662765383720398,-0.590142548084259,0.6076236963272095,0.3328249752521515,-0.743301510810852,0.5198937654495239,0.06296451389789581,-0.7663429975509644,0.5904239416122437,0.023311205208301544,-0.278759628534317,0.13019564747810364,0.00521945022046566,-0.2302851676940918,-0.24328547716140747,-0.12510161101818085,-0.4162583649158478,-0.5250810384750366,0.05029348284006119,-0.18574616312980652,-0.7053565382957458,-0.13104093074798584,0.001927421661093831,-0.0035354099236428738,0.004880777560174465,0.03348183259367943,-0.31543979048728943,-0.1364545375108719,-0.062117017805576324,-0.7372303009033203,-0.047270268201828,-0.08611147105693817,-0.9490240812301636,0.23979400098323822,0.18017175793647766,-0.07171069830656052,0.08850334584712982,0.31332099437713623,-0.33225274085998535,-0.06848615407943726,0.2672889828681946,-0.6259475946426392,-0.01799711212515831,0.0788121372461319,-0.7356914281845093,0.3033810555934906,0.40557509660720825,-0.05900411680340767,0.1903643012046814,0.572368860244751,-0.48958033323287964,0.059387579560279846,0.6126078963279724,-0.557504415512085,0.037914689630270004,0.7178052663803101,-0.5897915363311768,0.10978417843580246
94,0.06455779075622559,0.5131369829177856,0.3309750556945801,-0.1844671666622162,0.4695361256599426,0.2976734936237335,-0.5830566883087158,0.6492537260055542,0.33396345376968384,-0.7548972368240356,0.5319302082061768,0.1891695111989975,-0.8881250619888306,0.5500586032867432,0.11799823492765427,-0.252105176448822,0.13525228202342987,0.05269825458526611,-0.22239604592323303,-0.2241523712873459,-0.12138865888118744,-0.4459708333015442,-0.5212788581848145,0.07243528217077255,-0.1681549847126007,-0.6897773742675781,-0.14417223632335663,0.002003179397433996,-0.0034024855121970177,0.005575964692980051,0.013997068628668785,-0.3282600939273834,-0.14388112723827362,-0.047119274735450745,-0.7637999057769775,-0.04700517654418945,-0.09376908838748932,-0.9574487209320068,0.2662757635116577,0.185465008020401,-0.08362433314323425,0.07110699266195297,0.27464038133621216,-0.3435348868370056,-0.08217030763626099,0.28271615505218506,-0.6265062689781189,-0.015821339562535286,0.08566857874393463,-0.740045428276062,0.34475404024124146,0.40883561968803406,-0.057009436190128326,0.13975518941879272,0.5539255142211914,-0.4777587056159973,0.02677231654524803,0.6154553890228271,-0.5538852214813232,-0.013148503378033638,0.7253341674804688,-0.5842359662055969,0.07462134957313538
95,0.05259992927312851,0.5907502770423889,0.21187743544578552,-0.22177791595458984,0.36519867181777954,0.3257928490638733,-0.6701331734657288,0.6421977281570435,0.3102332651615143,-0.6710611581802368,0.5072183012962341,0.2560790479183197,-0.5483022332191467,0.6717836856842041,0.05770799145102501,-0.2572903335094452,0.11558622866868973,0.016312375664711,-0.2650357484817505,-0.2000553011894226,-0.11180692911148071,-0.26965147256851196,-0.4019559621810913,-0.02010929211974144,-0.11043764650821686,-0.6571136713027954,-0.0969119593501091,0.0017118096584454179,-0.003006606362760067,0.00466829864308238,0.011450694873929024,-0.2768610119819641,-0.1454804241657257,-0.07434605807065964,-0.6755194067955017,-0.02705417573451996,-0.1604832410812378,-0.68470698595047,0.19297628104686737,0.16495516896247864,-0.11413565278053284,0.07795069366693497,0.2603248953819275,-0.30008092522621155,-0.05875726044178009,0.2408456951379776,-0.5620321035385132,-0.011782178655266762,0.06248308718204498,-0.6297299861907959,0.26422643661499023,0.32993850111961365,-0.12204627692699432,0.14079734683036804,0.4979243874549866,-0.473463237285614,0.026283789426088333,0.5400641560554504,-0.4910510182380676,0.09437266737222672,0.6307403445243835,-0.6015951633453369,0.12379094958305359
96,0.07564342021942139,0.6413446664810181,0.14633266627788544,-0.2261669784784317,0.5327186584472656,0.2785552740097046,-0.6420227289199829,0.615139901638031,0.3283834457397461,-0.7418071627616882,0.43334347009658813,0.20598293840885162,-0.7392324805259705,0.490161657333374,0.17642027139663696,-0.23942536115646362,0.11881525069475174,0.04449234902858734,-0.2697216272354126,-0.2327670454978943,-0.11333112418651581,-0.30497559905052185,-0.43641993403434753,-0.014473714865744114,0.14502832293510437,-0.5584148168563843,-0.16519895195960999,0.0019326471956446767,-0.0029348917305469513,0.00550744216889143,-0.010518066585063934,-0.31570059061050415,-0.11862793564796448,-0.04635852202773094,-0.7252650856971741,-0.0216379277408123,-0.12754160165786743,-0.8093521595001221,0.23397190868854523,0.17687422037124634,-0.1025802493095398,0.059567227959632874,0.22915157675743103,-0.3304223120212555,-0.08010637015104294,0.26231592893600464,-0.60833340883255,-0.012942101806402206,0.08676111698150635,-0.6720839738845825,0.3107168674468994,0.3730190694332123,-0.076118104159832,0.10682585835456848,0.5422039031982422,-0.48469671607017517,0.007604194805026054,0.5731018781661987,-0.5085955262184143,0.019098125398159027,0.6717666387557983,-0.59571373462677,0.07967454940080643
97,0.05381404981017113,0.4731024503707886,0.22573977708816528,-0.2137260138988495,0.4558480381965637,0.2593582272529602,-0.6250077486038208,0.655510663986206,0.32916703820228577,-0.7597149610519409,0.43037521839141846,0.2696914076805115,-0.8272383809089661,0.4153428375720978,0.22336165606975555,-0.23069815337657928,0.1330011487007141,0.08431115001440048,-0.22777855396270752,-0.22169087827205658,-0.12795308232307434,-0.403894305229187,-0.49992242455482483,0.03212841972708702,0.19566825032234192,-0.5582720041275024,-0.22963184118270874,0.0021210825070738792,-0.0031733631622046232,0.0064517781138420105,-0.019323237240314484,-0.36583197116851807,-0.07431396842002869,-0.010640046559274197,-0.7412370443344116,-0.025588877499103546,-0.08647727966308594,-0.8775711059570312,0.29397642612457275,0.19004392623901367,-0.10804236680269241,0.05142055079340935,0.20888826251029968,-0.3652680516242981,-0.07252279669046402,0.2758105993270874,-0.6421284675598145,-0.02419227734208107,0.08416220545768738,-0.772917628288269,0.3459286689758301,0.3888554573059082,-0.0582747757434845,0.08188224583864212,0.5682294368743896,-0.4734598398208618,-0.013399599120020866,0.604508101940155,-0.5372654795646667,-0.019722940400242805,0.6944565773010254,-0.6475949883460999,0.05265942960977554
98,-0.036854468286037445,0.32822656631469727,0.10405441373586655,-0.3168516159057617,0.3370075523853302,0.274219274520874,-0.5727742314338684,0.6761214137077332,0.319629430770874,-0.7383315563201904,0.3824193477630615,0.22998467087745667,-0.3866152763366699,0.38002538681030273,-0.0013888552784919739,-0.23749074339866638,0.15476691722869873,0.09588442742824554,-0.23117904365062714,-0.26631197333335876,-0.11700635403394699,-0.45779186487197876,-0.5461465716362,0.07451196014881134,0.30014580488204956,-0.4616243243217468,-0.25796353816986084,0.0022614896297454834,-0.0029534385539591312,0.007341602351516485,0.003973951563239098,-0.3894939124584198,-0.07641783356666565,-0.002761735115200281,-0.7857411503791809,-0.034939564764499664,-0.05416516959667206,-0.964992880821228,0.24825948476791382,0.20930802822113037,-0.10419471561908722,0.03547247126698494,0.23350030183792114,-0.3906601071357727,-0.07174643874168396,0.29657280445098877,-0.6726593971252441,0.010505683720111847,0.13757799565792084,-0.8489261865615845,0.3447659909725189,0.4279918074607849,-0.11162059754133224,0.06862683594226837,0.5786625742912292,-0.4776649475097656,0.003419926855713129,0.6306017637252808,-0.5578911304473877,0.0132907098159194,0.741316556930542,-0.7175393104553223,0.0250175092369318
99,-0.10622625052928925,0.6141834855079651,-0.2439723014831543,-0.25205859541893005,0.30097806453704834,0.19721825420856476,-0.5380021333694458,0.552277684211731,0.3235045075416565,-0.7466521263122559,0.3969770669937134,-0.02020372450351715,-0.13869541883468628,0.34110862016677856,-0.2775149941444397,-0.26176273822784424,0.15092971920967102,0.07828265428543091,-0.2588261365890503,-0.3182685971260071,-0.08331305533647537,-0.42697882652282715,-0.576874852180481,0.09673676639795303,-0.06671005487442017,-0.49062782526016235,-0.1681945025920868,0.002268225885927677,-0.0030310358852148056,0.007740120403468609,0.06329832971096039,-0.42652595043182373,-0.041399408131837845,0.04597598686814308,-0.8449575901031494,-0.05020316690206528,-0.04271522909402847,-0.9880368709564209,0.09627267718315125,0.2270682156085968,-0.09360258281230927,0.028724363073706627,0.27632996439933777,-0.3696020841598511,-0.08120926469564438,0.24573832750320435,-0.6311162710189819,-0.04506008327007294,0.15566927194595337,-0.8177739381790161,0.2091159075498581,0.35337167978286743,-0.10035718977451324,0.10814942419528961,0.5465851426124573,-0.39897820353507996,0.04617251083254814,0.5561879277229309,-0.5713908672332764,0.03182227909564972,0.6939000487327576,-0.7538549900054932,-0.012568837031722069
100,-0.11293066293001175,0.8887639045715332,-0.5274836421012878,-0.17073851823806763,0.29095369577407837,0.08977657556533813,-0.4845563769340515,0.5205434560775757,0.363261878490448,-0.856153130531311,0.3642241656780243,-0.10061807185411453,-0.1415480524301529,0.3349558711051941,-0.36353641748428345,-0.2728678584098816,0.11362892389297485,0.0850944072008133,-0.24543409049510956,-0.35304129123687744,-0.06813913583755493,-0.41509678959846497,-0.5792887806892395,0.13730165362358093,-0.2431453913450241,-0.5552380084991455,-0.016757585108280182,0.002300238236784935,-0.0032021054066717625,0.008040854707360268,0.006818564608693123,-0.3833114504814148,-0.03483618423342705,0.04561896622180939,-0.8744033575057983,-0.03270789235830307,-0.03412514552474022,-1.0289798974990845,0.10533753782510757,0.24914585053920746,-0.07795507460832596,0.02344740927219391,0.2987874448299408,-0.36164391040802,-0.09316409379243851,0.208291158080101,-0.5956485271453857,-0.03904338553547859,0.16911301016807556,-0.806047797203064,0.1877727210521698,0.40489301085472107,-0.07181563228368759,0.13153710961341858,0.5453475713729858,-0.37198448181152344,0.05908290296792984,0.5559945106506348,-0.5762093663215637,0.018574293702840805,0.6643862724304199,-0.8120518326759338,-0.024905648082494736
101,-0.18424123525619507,0.7264028191566467,-0.25717177987098694,-0.24467818439006805,0.38333019614219666,0.07005637884140015,-0.5921506881713867,0.5050630569458008,0.28269922733306885,-0.760872483253479,0.42166900634765625,0.028709828853607178,-0.4515708386898041,0.4389294981956482,-0.1867247074842453,-0.2608734369277954,0.06578782200813293,0.06728164851665497,-0.22612810134887695,-0.3078070282936096,-0.0335223451256752,-0.37647730112075806,-0.550694465637207,0.207900732755661,-0.26449641585350037,-0.5853270292282104,0.13754652440547943,0.0019634352065622807,-0.0027389749884605408,0.007229331880807877,0.020550956949591637,-0.3674587905406952,-0.040387026965618134,0.011926157400012016,-0.7407104969024658,0.015281368046998978,-0.02988564968109131,-1.0023738145828247,0.17496803402900696,0.23150475323200226,-0.057481810450553894,0.02687140181660652,0.29543623328208923,-0.3337721824645996,-0.0588412806391716,0.21202531456947327,-0.5579627752304077,-0.008968601934611797,0.16484194993972778,-0.7373737692832947,0.2263714224100113,0.38290372490882874,-0.07370001077651978,0.1273951530456543,0.5164217352867126,-0.3504304587841034,0.06706269830465317,0.547613263130188,-0.5651922225952148,0.025720488280057907,0.679572582244873,-0.7311387062072754,0.060032449662685394
102,-0.1369602382183075,0.8516640663146973,-0.4093899726867676,-0.1580694317817688,0.24240556359291077,0.07730303704738617,-0.5803841352462769,0.505454421043396,0.20129801332950592,-0.7442591786384583,0.39603233337402344,0.08281638473272324,-0.5378883481025696,0.49234116077423096,-0.03405950218439102,-0.2657489478588104,0.08492543548345566,0.09134265780448914,-0.3120175004005432,-0.21764600276947021,-0.005978045053780079,-0.3890147805213928,-0.5430349111557007,0.13710683584213257,-0.3410792946815491,-0.516258716583252,0.21518900990486145,0.001977956388145685,-0.002992049790918827,0.007155337370932102,0.058342888951301575,-0.4069829285144806,-0.02578447200357914,-0.03819935396313667,-0.7058665752410889,-0.02145273983478546,0.026287145912647247,-0.8895391225814819,0.16330865025520325,0.2329956293106079,-0.0668666735291481,0.015159442089498043,0.28196853399276733,-0.3310242295265198,-0.0676954910159111,0.16018037497997284,-0.5352029800415039,-0.006684560794383287,0.12719736993312836,-0.7234318256378174,0.2691114544868469,0.3964267373085022,-0.06436796486377716,0.16465699672698975,0.46894028782844543,-0.37195855379104614,0.08127357810735703,0.4541392922401428,-0.578209638595581,0.05141270160675049,0.5140960216522217,-0.7352819442749023,0.06187906116247177
103,-0.11789547652006149,0.7367140054702759,-0.40756210684776306,-0.1745803952217102,0.17991650104522705,0.26432380080223083,-0.5437185764312744,0.4123518466949463,0.3116891384124756,-0.650242805480957,0.3436205983161926,0.1311671882867813,-0.1545097678899765,0.1361948400735855,-0.08631706237792969,-0.2567402720451355,0.09061934053897858,0.05204426497220993,-0.3440209925174713,-0.24603860080242157,-0.006556672044098377,-0.33177369832992554,-0.4818785786628723,0.11948234587907791,-0.23044858872890472,-0.34957459568977356,0.14576980471611023,0.00198029400780797,-0.003094719722867012,0.006581702269613743,0.019093770533800125,-0.3529427647590637,-0.00969773344695568,-0.0491458997130394,-0.5484864711761475,-0.1264449954032898,0.03327590599656105,-0.7649427652359009,0.05019267275929451,0.22067418694496155,-0.09464913606643677,0.011293850839138031,0.2656034231185913,-0.33264726400375366,-0.0902281254529953,0.1629347950220108,-0.5141364932060242,-0.040380969643592834,0.2089216262102127,-0.7689493894577026,0.1308506727218628,0.3913658857345581,-0.12597569823265076,0.15052132308483124,0.45293909311294556,-0.3740771412849426,0.04571177437901497,0.43084442615509033,-0.5762396454811096,0.0016765762120485306,0.47549009323120117,-0.7004967927932739,-0.016672283411026
104,-0.11881336569786072,0.7058308720588684,-0.17711040377616882,-0.20711398124694824,0.14589132368564606,0.340324342250824,-0.510088324546814,0.33554619550704956,0.40048685669898987,-0.656467854976654,0.26379725337028503,0.10208318382501602,0.03147217631340027,-0.005275718867778778,-0.07505643367767334,-0.26042163372039795,0.08229942619800568,0.03763294592499733,-0.3690985143184662,-0.24116872251033783,-0.013404792174696922,-0.3321513533592224,-0.5008032917976379,0.1591634452342987,-0.15323284268379211,-0.2845546007156372,0.13156388700008392,0.0018532612593844533,-0.003106791991740465,0.0063890451565384865,0.007244128733873367,-0.34469592571258545,0.02002173662185669,-0.05630146712064743,-0.5094138383865356,-0.13067731261253357,0.009253432042896748,-0.7053737640380859,0.050975438207387924,0.2050999402999878,-0.10228671133518219,0.00772083830088377,0.2372477948665619,-0.3374688923358917,-0.07655072957277298,0.14577363431453705,-0.4804327189922333,-0.04384319484233856,0.26091089844703674,-0.8099325895309448,0.1018448919057846,0.421714723110199,-0.11846299469470978,0.15577121078968048,0.44100552797317505,-0.4072669744491577,0.07083043456077576,0.41993778944015503,-0.5774694681167603,-0.07047184556722641,0.4667544364929199,-0.6526716947555542,-0.036182016134262085
105,-0.3094101548194885,0.2167714685201645,-0.08435504138469696,-0.1844371110200882,0.14901083707809448,0.4749222993850708,-0.4980507493019104,0.24532310664653778,0.3319826126098633,-0.6163910627365112,0.26673856377601624,0.05459658429026604,0.051889676600694656,0.09932645410299301,0.048715878278017044,-0.28313571214675903,0.07482124865055084,0.018659571185708046,-0.37177574634552,-0.2312798947095871,0.0025865365751087666,-0.16101506352424622,-0.3815573453903198,0.008173897862434387,-0.07444179058074951,-0.26738065481185913,0.09833181649446487,0.0018731716554611921,-0.003292109351605177,0.006731180474162102,-0.0020751887932419777,-0.3334210515022278,0.031407181173563004,-0.07356307655572891,-0.5278014540672302,-0.11755190789699554,0.01780536025762558,-0.7187179327011108,0.04505345970392227,0.2026742398738861,-0.10910758376121521,0.0004087621346116066,0.19144055247306824,-0.3445573151111603,-0.07351258397102356,0.15676739811897278,-0.4871184229850769,-0.06619486212730408,0.27265527844429016,-0.9036582708358765,0.17110253870487213,0.44622814655303955,-0.15336036682128906,0.0854855477809906,0.439164936542511,-0.40627849102020264,0.06897182762622833,0.43266814947128296,-0.5450795292854309,-0.09252423048019409,0.4507167637348175,-0.6095403432846069,-0.07871747016906738
106,-0.24165138602256775,0.36111366748809814,-0.16219109296798706,-0.1697780340909958,0.14683839678764343,0.5493893623352051,-0.5088492631912231,0.27228185534477234,0.37704139947891235,-0.5828244686126709,0.2812385857105255,0.07536628097295761,-0.01883912831544876,0.26545336842536926,0.12222348153591156,-0.2754421532154083,0.05345610901713371,0.03044798970222473,-0.32589754462242126,-0.2435387670993805,-0.061325300484895706,-0.0722164735198021,-0.293175607919693,-0.07513498514890671,0.006599340587854385,-0.2674783766269684,0.04133075848221779,0.001720391446724534,-0.0027836309745907784,0.006622804328799248,-0.011230001226067543,-0.31694814562797546,0.041260384023189545,-0.08057822287082672,-0.5344536304473877,-0.08119507133960724,0.05292152613401413,-0.7398351430892944,0.0070461612194776535,0.19907629489898682,-0.10420460999011993,0.004099431913346052,0.16964586079120636,-0.34111183881759644,-0.06681925803422928,0.16536548733711243,-0.4749944806098938,-0.08157247304916382,0.2460416853427887,-0.8975604176521301,0.1520358920097351,0.4559445381164551,-0.14735829830169678,0.07354596257209778,0.4424671530723572,-0.39347124099731445,0.0846458151936531,0.45997655391693115,-0.4920106530189514,-0.00266893208026886,0.4073452055454254,-0.5860815048217773,-0.10861784219741821
107,-0.16304372251033783,0.45172446966171265,-0.066611647605896,-0.15736287832260132,0.1467200666666031,0.6086645126342773,-0.43541646003723145,0.21155548095703125,0.4302651286125183,-0.5662040114402771,0.211959570646286,0.03573985770344734,0.03553837910294533,0.22346052527427673,0.08020284026861191,-0.27159005403518677,0.03166390210390091,0.04726701229810715,-0.319028377532959,-0.2823205888271332,-0.09435263276100159,-0.0022553615272045135,-0.25827518105506897,-0.097312331199646,0.02214949019253254,-0.25586628913879395,0.06372921913862228,0.0018108305521309376,-0.0029226569458842278,0.007140748202800751,-0.03809313848614693,-0.34567224979400635,0.004872281104326248,-0.07681630551815033,-0.5301468372344971,-0.0765969455242157,0.08009505271911621,-0.7022274732589722,0.009835564531385899,0.20257817208766937,-0.10036018490791321,0.002707364736124873,0.17796240746974945,-0.33867576718330383,-0.07285654544830322,0.18613064289093018,-0.43420201539993286,-0.12361786514520645,0.22573038935661316,-0.9177567362785339,0.19039583206176758,0.4680265784263611,-0.15606015920639038,0.0637618750333786,0.41742509603500366,-0.39063796401023865,0.06900618225336075,0.39976850152015686,-0.42978018522262573,-0.11331150680780411,0.37688127160072327,-0.51717609167099,-0.2005559802055359
108,-0.39025548100471497,0.21428126096725464,-0.13414642214775085,-0.19534532725811005,0.1700589954853058,0.6271212100982666,-0.49283599853515625,0.23673759400844574,0.42526599764823914,-0.5754510164260864,0.22103914618492126,0.045481376349925995,-0.009065002202987671,0.37774670124053955,0.07745891064405441,-0.2766154408454895,0.039759233593940735,0.03676944598555565,-0.3073124885559082,-0.2883467674255371,-0.11754462122917175,0.014708928763866425,-0.24889127910137177,-0.1319449096918106,-0.00015415996313095093,-0.2524564564228058,0.05382225289940834,0.0018205613596364856,-0.0028896175790578127,0.007477092556655407,-0.04063347727060318,-0.36697912216186523,0.0006773006170988083,-0.08305354416370392,-0.5380274653434753,-0.0764690488576889,0.052954673767089844,-0.6971725225448608,0.02260863594710827,0.20128977298736572,-0.10409998148679733,0.003948274999856949,0.16155190765857697,-0.3507477045059204,-0.07099544256925583,0.18855902552604675,-0.4726830720901489,-0.10204290598630905,0.24484361708164215,-0.9390866756439209,0.22783681750297546,0.4647626280784607,-0.17067556083202362,0.047052450478076935,0.42870885133743286,-0.39582788944244385,0.06561463326215744,0.4177985191345215,-0.44038379192352295,-0.14364229142665863,0.40065664052963257,-0.5233849287033081,-0.20646637678146362
109,-0.4786812365055084,0.02832074463367462,-0.20567616820335388,-0.22239352762699127,0.1566062569618225,0.6300705671310425,-0.475024551153183,0.22847238183021545,0.3345515727996826,-0.5813246369361877,0.20368902385234833,0.05674375966191292,0.01810339465737343,0.378612220287323,0.10260315984487534,-0.27869272232055664,0.035905834287405014,0.034116555005311966,-0.29499703645706177,-0.30984246730804443,-0.12598368525505066,0.026078619062900543,-0.24694937467575073,-0.15094095468521118,-0.004169425927102566,-0.25103864073753357,0.045597195625305176,0.001890723593533039,-0.003067567478865385,0.007752853445708752,-0.03877588361501694,-0.3765707015991211,-0.003731892444193363,-0.08251877874135971,-0.5369247794151306,-0.08124925941228867,0.05029589682817459,-0.7028239965438843,0.02252941206097603,0.20260734856128693,-0.10901644080877304,0.008087370544672012,0.19026990234851837,-0.34909588098526,-0.05509287118911743,0.19252142310142517,-0.49294549226760864,-0.10491199791431427,0.2601921558380127,-0.730546772480011,0.14344903826713562,0.45845773816108704,-0.19924315810203552,0.037610068917274475,0.439484179019928,-0.41014689207077026,0.06344600021839142,0.4335537254810333,-0.45938801765441895,-0.136674165725708,0.42015939950942993,-0.5343281626701355,-0.19802241027355194
110,-0.46266284584999084,-0.03746362775564194,-0.20732900500297546,-0.18136930465698242,0.2228676974773407,0.5935122966766357,-0.4846113324165344,0.22151830792427063,0.2384919673204422,-0.6237213611602783,0.23442403972148895,0.06176508963108063,0.0005392841994762421,0.4102444350719452,0.15112459659576416,-0.29382002353668213,0.04138205200433731,0.02411259338259697,-0.3065108358860016,-0.3063867688179016,-0.12194547057151794,0.017272628843784332,-0.2444307506084442,-0.15781119465827942,-0.010973612777888775,-0.24718597531318665,0.04994553327560425,0.0019813759718090296,-0.003322695381939411,0.007835122756659985,-0.029132449999451637,-0.3598174452781677,0.014334529638290405,-0.07559508830308914,-0.5493592023849487,-0.06039900332689285,0.04220537841320038,-0.7193006277084351,0.043673545122146606,0.20039087533950806,-0.09871059656143188,0.005796661134809256,0.2164924144744873,-0.3485181927680969,-0.04522724077105522,0.1939164251089096,-0.4898284077644348,-0.08455286920070648,0.2917005717754364,-0.8533483743667603,0.21071356534957886,0.46655070781707764,-0.17541363835334778,0.049867019057273865,0.48983973264694214,-0.40124285221099854,0.052989810705184937,0.44062232971191406,-0.4643620252609253,-0.08521395921707153,0.42893439531326294,-0.5253417491912842,-0.10933744162321091
111,-0.3085460960865021,0.22816912829875946,-0.20448905229568481,-0.16162890195846558,0.2148723602294922,0.6286458969116211,-0.5309125185012817,0.2702259123325348,0.3290371894836426,-0.5707011222839355,0.25852859020233154,0.0975767970085144,-0.09662720561027527,0.5797916054725647,0.21535062789916992,-0.2774946391582489,0.031150223687291145,0.034636881202459335,-0.28940585255622864,-0.29068437218666077,-0.1286325454711914,0.01290578581392765,-0.22803103923797607,-0.1590416133403778,0.01861395314335823,-0.25622981786727905,0.014306463301181793,0.0017750057158991694,-0.002640197053551674,0.007322181947529316,-0.021545561030507088,-0.34370172023773193,0.045297812670469284,-0.07387763261795044,-0.562564492225647,-0.03349766507744789,0.07845187187194824,-0.7455499172210693,0.03609122708439827,0.21177196502685547,-0.09086616337299347,0.011238758452236652,0.22374682128429413,-0.3446423411369324,-0.039545636624097824,0.20317493379116058,-0.49087896943092346,-0.07930904626846313,0.2667888104915619,-0.6687838435173035,0.10977314412593842,0.4839392304420471,-0.1520424783229828,0.05487087368965149,0.4916929006576538,-0.4045864939689636,0.05737899988889694,0.49179917573928833,-0.44484445452690125,0.0061772651970386505,0.44129177927970886,-0.5146498084068298,-0.13853338360786438
112,-0.2284279763698578,0.35945847630500793,-0.07064078748226166,-0.11527669429779053,0.2538348436355591,0.6598238348960876,-0.45910656452178955,0.2934848368167877,0.39699819684028625,-0.5694177150726318,0.2436196655035019,0.13827309012413025,-0.33380749821662903,0.6262813806533813,0.26748114824295044,-0.26281797885894775,0.03843894600868225,0.05784575641155243,-0.26942211389541626,-0.28848984837532043,-0.1109229177236557,0.08324174582958221,-0.09779812395572662,-0.1903933584690094,0.386936753988266,-0.13272380828857422,-0.1291874498128891,0.0016719428822398186,-0.0020876890048384666,0.007214472629129887,-0.01809263974428177,-0.35346657037734985,0.02431119605898857,-0.07878454029560089,-0.5471413135528564,0.01365920715034008,0.0811823233962059,-0.7434395551681519,0.08424235135316849,0.21455159783363342,-0.08118709176778793,0.012310853227972984,0.20349514484405518,-0.34661707282066345,-0.03047342598438263,0.2098550796508789,-0.49499693512916565,-0.08908163011074066,0.2218688279390335,-0.7934112548828125,0.19255201518535614,0.4864669442176819,-0.09109458327293396,0.0728878527879715,0.5165597200393677,-0.39263665676116943,0.06699097156524658,0.501934826374054,-0.47494423389434814,0.01102922111749649,0.520186722278595,-0.5525771379470825,-0.05847480148077011
113,-0.12914876639842987,0.35339343547821045,0.2561756372451782,-0.13928577303886414,0.306809663772583,0.6470037698745728,-0.4826016426086426,0.3184785842895508,0.40030038356781006,-0.5893120765686035,0.23557314276695251,0.13718074560165405,-0.2978091835975647,0.7184149622917175,0.187490314245224,-0.2676323354244232,0.0516866073012352,0.027341771870851517,-0.28051483631134033,-0.28652524948120117,-0.08703749626874924,0.06886884570121765,-0.13745513558387756,-0.14983190596103668,0.2106705754995346,-0.18457908928394318,-0.03391934558749199,0.0012840338749811053,-0.0019675984513014555,0.005897479131817818,-0.029242269694805145,-0.3649824261665344,0.02383802831172943,-0.0726160854101181,-0.5499767065048218,0.055425189435482025,0.06616558134555817,-0.7308108806610107,0.0783904641866684,0.21430134773254395,-0.07005000114440918,0.015483889728784561,0.19324436783790588,-0.3535023331642151,-0.03425684571266174,0.19636619091033936,-0.4888937175273895,-0.11083813011646271,0.2313588559627533,-0.6783536076545715,0.10940200835466385,0.4860057830810547,-0.08118174970149994,0.08306335657835007,0.5150076150894165,-0.39012807607650757,0.08256535232067108,0.49926692247390747,-0.4718266725540161,-0.0327395498752594,0.5029057264328003,-0.5616490840911865,-0.11062492430210114
114,-0.10471494495868683,0.30141890048980713,0.41417938470840454,-0.13636422157287598,0.31240779161453247,0.6507610082626343,-0.4962292015552521,0.32184237241744995,0.4239920377731323,-0.6016949415206909,0.2210545539855957,0.14652884006500244,-0.19376526772975922,0.6828179359436035,0.16276314854621887,-0.2789413034915924,0.05650158226490021,0.015127010643482208,-0.2923370599746704,-0.2794637382030487,-0.0725991427898407,-0.1057504266500473,-0.29667091369628906,-0.002824738621711731,0.11497330665588379,-0.2108873724937439,0.02207338996231556,0.001023573917336762,-0.0006202738732099533,0.005807570181787014,-0.013996567577123642,-0.34913012385368347,0.06037435680627823,-0.0645999163389206,-0.5521427989006042,0.06081642210483551,0.06895411759614944,-0.7068498730659485,0.07142215967178345,0.21686044335365295,-0.06942787021398544,0.013247239403426647,0.19578194618225098,-0.3472678065299988,-0.038564227521419525,0.19207632541656494,-0.486098051071167,-0.12671653926372528,0.23432104289531708,-0.6194325089454651,0.05411062389612198,0.4883934259414673,-0.08412481844425201,0.08084620535373688,0.518001914024353,-0.3930717706680298,0.0817890539765358,0.4985767900943756,-0.47371113300323486,-0.0598076656460762,0.5017266273498535,-0.5651458501815796,-0.15084509551525116
115,-0.11247418820858002,0.42893290519714355,0.04825367033481598,-0.12524592876434326,0.2695143222808838,0.6548838019371033,-0.4910452663898468,0.2830561399459839,0.44272667169570923,-0.6166349649429321,0.2219942957162857,0.17170527577400208,-0.02331552654504776,0.36856383085250854,0.09769956022500992,-0.27536243200302124,0.04724913462996483,0.02535601332783699,-0.30375540256500244,-0.2845180332660675,-0.07869327813386917,-0.18359607458114624,-0.3908485770225525,0.056748226284980774,0.07884766906499863,-0.22580501437187195,0.04610424488782883,0.0014668359654024243,-0.001698995241895318,0.0068637533113360405,-0.024164602160453796,-0.36733412742614746,0.03592963516712189,-0.05510133504867554,-0.5611723065376282,0.08403576165437698,0.07139383256435394,-0.7057569026947021,0.0763472467660904,0.21618232131004333,-0.0769796147942543,0.01757456548511982,0.19420813024044037,-0.3445797264575958,-0.038113780319690704,0.19301912188529968,-0.46841543912887573,-0.12936222553253174,0.2541652321815491,-0.5301744937896729,0.021242158487439156,0.47787171602249146,-0.11993320286273956,0.0820179283618927,0.4886888861656189,-0.4031805098056793,0.0827094167470932,0.47921544313430786,-0.4707779288291931,-0.07859530299901962,0.47306233644485474,-0.5464869737625122,-0.17260783910751343
116,-0.07438354939222336,0.4315585792064667,0.11398406326770782,-0.06789830327033997,0.25793910026550293,0.6858550906181335,-0.4432886838912964,0.3001675009727478,0.40431299805641174,-0.5972163677215576,0.24462726712226868,0.1705261915922165,-0.37771835923194885,0.49733418226242065,0.2714749574661255,-0.27029678225517273,0.06520436704158783,0.046789854764938354,-0.2727518081665039,-0.2755861282348633,-0.07093089073896408,-0.25602856278419495,-0.41282743215560913,0.14857827126979828,0.47562533617019653,-0.07339669018983841,-0.1040455549955368,0.001563309459015727,-0.0017730857944115996,0.006600646302103996,-0.026339862495660782,-0.37144914269447327,0.023294009268283844,-0.09511395543813705,-0.5712499618530273,0.079247385263443,0.11173322796821594,-0.7446901798248291,0.16488873958587646,0.2226579189300537,-0.07447618246078491,0.02078346163034439,0.25101810693740845,-0.3093186914920807,-0.02747051790356636,0.17723599076271057,-0.4930337071418762,-0.11373967677354813,0.1910150647163391,-0.5604049563407898,0.047376055270433426,0.4859853982925415,-0.1033252701163292,0.08332262933254242,0.5071069598197937,-0.36599430441856384,0.07087815552949905,0.49795210361480713,-0.48973774909973145,-0.01817805878818035,0.5299783945083618,-0.5813738107681274,-0.04788665845990181
117,-0.03477303683757782,0.4505365490913391,0.06767752766609192,-0.036959704011678696,0.2570022940635681,0.7237727046012878,-0.4700542390346527,0.3097130060195923,0.37016189098358154,-0.5260234475135803,0.3607053756713867,0.220225989818573,-0.536193311214447,0.6009734869003296,0.38217830657958984,-0.274924635887146,0.09483004361391068,0.07311492413282394,-0.1845245510339737,-0.25998690724372864,-0.07369033247232437,-0.12545710802078247,-0.24736754596233368,0.05781516805291176,0.8298644423484802,0.04399450123310089,-0.21311061084270477,0.0016017123125493526,-0.002031877636909485,0.006033215671777725,-0.021334275603294373,-0.3789142370223999,-0.014375574886798859,-0.1268872767686844,-0.6112457513809204,0.06018602102994919,0.01786361262202263,-0.713942289352417,0.23186573386192322,0.22643610835075378,-0.07151219248771667,0.0273209810256958,0.2331576943397522,-0.32055413722991943,-0.03689872846007347,0.15482193231582642,-0.45920342206954956,-0.09679728746414185,0.12866969406604767,-0.5686676502227783,0.10288988053798676,0.4897100329399109,-0.11900452524423599,0.08682812750339508,0.47539475560188293,-0.34771519899368286,0.07618576288223267,0.4733971059322357,-0.5130423307418823,0.03745623677968979,0.5492913722991943,-0.6365410089492798,0.029730815440416336
118,-0.024572789669036865,0.517706036567688,0.0610986091196537,-0.06490825116634369,0.2530820667743683,0.6950072050094604,-0.49404847621917725,0.3328043520450592,0.2742074728012085,-0.43952348828315735,0.3775539696216583,0.18012070655822754,-0.5337582230567932,0.6621577739715576,0.31810668110847473,-0.27240225672721863,0.10665291547775269,0.07464831322431564,-0.10400500148534775,-0.2853573262691498,-0.09238123893737793,-0.2570633590221405,-0.33066603541374207,0.07632964849472046,0.29087281227111816,-0.2108350694179535,-0.06475937366485596,0.0016181609826162457,-0.00193797517567873,0.006014855112880468,-0.03144771233201027,-0.3977278769016266,-0.04016222059726715,-0.14071257412433624,-0.6269060373306274,0.05312131345272064,0.07873450964689255,-0.8213709592819214,0.2798635959625244,0.21096375584602356,-0.0671762004494667,0.014396282844245434,0.24564029276371002,-0.3181115984916687,-0.05047494173049927,0.16948869824409485,-0.41025811433792114,-0.07509555667638779,0.15547022223472595,-0.5695666074752808,0.12009146064519882,0.4454193115234375,-0.125649556517601,0.07220332324504852,0.4387591481208801,-0.353439062833786,0.03905618190765381,0.4290717542171478,-0.5073436498641968,-0.031600967049598694,0.5450736880302429,-0.6394271850585938,-0.06128101423382759
119,0.009201557375490665,0.5585640072822571,0.1678561568260193,-0.06328476965427399,0.38850098848342896,0.6179054975509644,-0.4864940643310547,0.33643269538879395,0.24346548318862915,-0.48125797510147095,0.281424343585968,0.21001136302947998,-0.5930007696151733,0.5546122789382935,0.26839303970336914,-0.26808983087539673,0.07034115493297577,0.06424406170845032,-0.17228686809539795,-0.28993546962738037,-0.09183795750141144,-0.2539024353027344,-0.3509170114994049,0.08140847086906433,0.7604336738586426,-0.1454334706068039,-0.26527926325798035,0.0014816396869719028,-0.0013677173992618918,0.005877048708498478,-0.04539976269006729,-0.35650962591171265,-0.03358663618564606,-0.050580937415361404,-0.5933018326759338,0.011080771684646606,0.10507969558238983,-0.9016091227531433,0.3034387230873108,0.20050589740276337,-0.060616664588451385,0.012635555118322372,0.24292045831680298,-0.3109155297279358,-0.03914466127753258,0.18706876039505005,-0.4420761466026306,-0.036545708775520325,0.14075356721878052,-0.6337692737579346,0.1618727296590805,0.41546016931533813,-0.11357837915420532,0.08756415545940399,0.47181522846221924,-0.33748292922973633,0.031843751668930054,0.4660446345806122,-0.47675564885139465,0.055324487388134,0.5490937829017639,-0.6669601202011108,-0.01471765898168087
120,0.036186348646879196,0.5910341739654541,0.2534956634044647,-0.050712548196315765,0.439128577709198,0.5961993336677551,-0.47883716225624084,0.32818520069122314,0.2346128225326538,-0.5025547742843628,0.22024130821228027,0.23012423515319824,-0.658206582069397,0.5217893123626709,0.25888705253601074,-0.25098270177841187,0.06919025629758835,0.06520459055900574,-0.18755504488945007,-0.2917466163635254,-0.0915919840335846,-0.2643933594226837,-0.3617408871650696,0.12258867919445038,1.0278849601745605,-0.09932208061218262,-0.35692447423934937,0.0015340364770963788,-0.0012924873735755682,0.005688438192009926,-0.057734183967113495,-0.3402446210384369,-0.03188947215676308,-0.08759965002536774,-0.5957639217376709,0.023278895765542984,0.1141635850071907,-0.9151228666305542,0.32906508445739746,0.19121795892715454,-0.058440860360860825,0.00903846975415945,0.2387075275182724,-0.3123241066932678,-0.03486664593219757,0.20077821612358093,-0.4480109214782715,-0.007878938689827919,0.12281360477209091,-0.611050009727478,0.1678738296031952,0.4025544822216034,-0.10417602956295013,0.09247948229312897,0.49123337864875793,-0.3346901834011078,0.025082699954509735,0.41842639446258545,-0.47500836849212646,0.04127292335033417,0.5617552995681763,-0.6628174185752869,0.021053675562143326
121,0.12047667056322098,0.6224731206893921,0.3007811903953552,0.022229721769690514,0.48631012439727783,0.5589396357536316,-0.43534910678863525,0.3141353130340576,0.233948215842247,-0.5659884214401245,0.19498229026794434,0.21489781141281128,-0.7180497646331787,0.5393043756484985,0.19451911747455597,-0.25327518582344055,0.06444139033555984,0.06440933048725128,-0.21539905667304993,-0.28789371252059937,-0.06635518372058868,-0.15842172503471375,-0.3147677183151245,0.1582432985305786,1.1821367740631104,-0.12170840799808502,-0.3248649835586548,0.0014098640531301498,-0.001273191417567432,0.005567115731537342,-0.05716801434755325,-0.3495357632637024,-0.010126587003469467,-0.0531124509871006,-0.5694660544395447,0.07920044660568237,0.0505392886698246,-0.870518684387207,0.36139440536499023,0.19299885630607605,-0.04422646015882492,0.030769523233175278,0.20994019508361816,-0.33233803510665894,-0.014990891329944134,0.2040097713470459,-0.4465388357639313,-0.044264353811740875,0.09930840879678726,-0.5782661437988281,0.1437753140926361,0.4389449656009674,-0.07350033521652222,0.11842833459377289,0.509225606918335,-0.3389723598957062,0.06204875558614731,0.4696339964866638,-0.4969058632850647,0.10002920031547546,0.5777527689933777,-0.6298266649246216,0.05809861049056053
122,0.15475186705589294,0.6695365905761719,0.3048608899116516,0.03756888583302498,0.5432626008987427,0.5017823576927185,-0.49036580324172974,0.3627161979675293,0.20235630869865417,-0.6111613512039185,0.20251888036727905,0.19519536197185516,-0.761957049369812,0.5629652738571167,0.11838660389184952,-0.25232166051864624,0.06320390850305557,0.058306559920310974,-0.24759414792060852,-0.28679996728897095,-0.05839070677757263,-0.12126575410366058,-0.281459778547287,0.15837210416793823,1.25978422164917,-0.12847167253494263,-0.3470088541507721,0.0013748824130743742,-0.0013197282096371055,0.005583746358752251,-0.055077262222766876,-0.3526228666305542,0.0005289968103170395,-0.032009307295084,-0.5542708039283752,0.10535725206136703,-0.004029951989650726,-0.844514012336731,0.3734651803970337,0.1936795711517334,-0.03418638929724693,0.0392896831035614,0.19785548746585846,-0.3372010290622711,-0.02039213851094246,0.20197415351867676,-0.44572913646698,-0.05893830955028534,0.08737939596176147,-0.5816836953163147,0.14173656702041626,0.4545558989048004,-0.05591534078121185,0.1287786066532135,0.511326789855957,-0.3383200466632843,0.0804375410079956,0.4980599284172058,-0.5125149488449097,0.12264353036880493,0.5912772417068481,-0.6157427430152893,0.06879280507564545
123,0.13207459449768066,0.6740533113479614,0.32239919900894165,-0.02398543804883957,0.5516135692596436,0.421269953250885,-0.4565536379814148,0.34473514556884766,0.21949422359466553,-0.5669304132461548,0.18313953280448914,0.17521914839744568,-0.7462062835693359,0.530200719833374,0.131797194480896,-0.25056731700897217,0.06710990518331528,0.06944777071475983,-0.2471388280391693,-0.28136593103408813,-0.04020783305168152,-0.2065517157316208,-0.3355422616004944,0.17266032099723816,1.284943699836731,-0.09581705927848816,-0.3948700428009033,0.0013350617373362184,-0.0011074640788137913,0.005785323679447174,-0.05856715515255928,-0.33904165029525757,-0.011048231273889542,-0.06097280979156494,-0.5674847364425659,0.08254271000623703,0.015160453505814075,-0.8541091680526733,0.3386828303337097,0.18107804656028748,-0.024856675416231155,0.039950791746377945,0.17661085724830627,-0.33958590030670166,-0.017691023647785187,0.19598272442817688,-0.4451557695865631,-0.059731632471084595,0.08202975988388062,-0.5675613284111023,0.14893943071365356,0.44362547993659973,-0.06057629734277725,0.12316545844078064,0.5027153491973877,-0.33718734979629517,0.06935495138168335,0.5033898949623108,-0.4989222586154938,0.12756934762001038,0.5783271789550781,-0.6046955585479736,0.08874660730361938
124,0.06564506143331528,0.6046504974365234,0.34616926312446594,-0.043443042784929276,0.5542259216308594,0.4277069866657257,-0.5019676685333252,0.3280760943889618,0.2018190622329712,-0.6054123640060425,0.17876030504703522,0.1763288676738739,-0.6627815961837769,0.5113978981971741,0.12576191127300262,-0.2388637214899063,0.06172794848680496,0.038059961050748825,-0.25700175762176514,-0.27851641178131104,-0.05150973051786423,-0.25338590145111084,-0.3499544560909271,0.15635429322719574,1.2871263027191162,-0.08683190494775772,-0.4505365490913391,0.0013036585878580809,-0.0008870639139786363,0.005695982836186886,-0.06035108119249344,-0.31877046823501587,-0.025333460420370102,-0.09419973194599152,-0.5763064622879028,0.07777949422597885,0.014276083558797836,-0.8535417318344116,0.38446885347366333,0.169911727309227,-0.029584001749753952,0.04557791352272034,0.2053065001964569,-0.32277625799179077,-0.019512757658958435,0.20454560220241547,-0.4548516869544983,-0.025536714121699333,0.09015190601348877,-0.5752661228179932,0.15445846319198608,0.4071257710456848,-0.0805763304233551,0.13405752182006836,0.5024827718734741,-0.32953235507011414,0.05681628733873367,0.4996564984321594,-0.4669781029224396,0.12571194767951965,0.5826512575149536,-0.6023253202438354,0.07097487896680832
125,0.09592744708061218,0.6452199220657349,0.24481463432312012,-0.038340236991643906,0.5867729187011719,0.40421703457832336,-0.5231984257698059,0.34500837326049805,0.18980953097343445,-0.6232253313064575,0.16824442148208618,0.18936997652053833,-0.7496649026870728,0.562932014465332,0.0863267108798027,-0.24574244022369385,0.05816325172781944,0.04004007577896118,-0.25513195991516113,-0.2793717384338379,-0.049251824617385864,-0.19854044914245605,-0.31665974855422974,0.1790473312139511,1.313816785812378,-0.09185227751731873,-0.3899456560611725,0.0014581114519387484,-0.0012272653402760625,0.0063251168467104435,-0.06121200695633888,-0.3298524022102356,-0.005049784667789936,-0.04095044732093811,-0.5444964170455933,0.11115188896656036,-0.016880247741937637,-0.8316676616668701,0.4052906632423401,0.1726469099521637,-0.029897291213274002,0.05382043868303299,0.20307552814483643,-0.3300560712814331,-0.015491245314478874,0.20517784357070923,-0.4512847065925598,-0.011540031060576439,0.08238162100315094,-0.5833849906921387,0.13796646893024445,0.4302403926849365,-0.049541253596544266,0.1462802290916443,0.5063636302947998,-0.32732146978378296,0.08857183158397675,0.5063928365707397,-0.475281685590744,0.15462008118629456,0.5885065793991089,-0.5970832109451294,0.08839569240808487
126,0.025084316730499268,0.5437284708023071,0.2678833603858948,-0.08953376859426498,0.5762304663658142,0.3761875033378601,-0.5363247394561768,0.3470247983932495,0.17697983980178833,-0.6086641550064087,0.19374477863311768,0.15556634962558746,-0.6812039613723755,0.6080437898635864,0.05338244140148163,-0.24672532081604004,0.04751310497522354,0.03211022913455963,-0.2544076144695282,-0.2736049294471741,-0.05794157087802887,-0.20897486805915833,-0.32897353172302246,0.17807215452194214,1.2938735485076904,-0.05728113651275635,-0.4681365489959717,0.0013638688251376152,-0.0009993724524974823,0.006007416173815727,-0.0715613067150116,-0.31562626361846924,-0.004339307546615601,0.002735467627644539,-0.5372096300125122,0.0475323423743248,0.01630660891532898,-0.8646247386932373,0.4092901349067688,0.17595234513282776,-0.03278400003910065,0.0622660368680954,0.2403620183467865,-0.30746906995773315,0.004030921496450901,0.2053510844707489,-0.4444606304168701,0.0013732695952057838,0.043784234672784805,-0.5165877342224121,0.155349463224411,0.3921974003314972,-0.06443560123443604,0.16445018351078033,0.4869496822357178,-0.32871589064598083,0.09395849704742432,0.4848559498786926,-0.48275506496429443,0.15275803208351135,0.5303621888160706,-0.5683820843696594,0.06656216084957123
127,0.025826919823884964,0.45451897382736206,0.3525373935699463,-0.1587636023759842,0.4878694713115692,0.4193832576274872,-0.4970909357070923,0.3050217628479004,0.1829807460308075,-0.6652854681015015,0.220427006483078,0.1637694239616394,-0.5959521532058716,0.3283866345882416,-0.0496579185128212,-0.2526634931564331,0.0769612193107605,0.0458885133266449,-0.2420867383480072,-0.29102346301078796,-0.10065907984972,-0.21913117170333862,-0.3408677577972412,0.18594719469547272,1.2327442169189453,-0.0018572043627500534,-0.38159850239753723,0.0013325527543202043,-0.0015605303924530745,0.005312517285346985,-0.06106681749224663,-0.33128732442855835,-0.012475831434130669,0.006202215328812599,-0.5126786828041077,0.10633467137813568,0.04745855554938316,-0.8575260043144226,0.448089063167572,0.1656014323234558,-0.032951898872852325,0.06283415108919144,0.22852462530136108,-0.31597304344177246,-0.004219691269099712,0.2147234082221985,-0.4212108254432678,-0.049100134521722794,0.07873225212097168,-0.5520983934402466,0.1586047112941742,0.411594033241272,-0.08418229967355728,0.1404220461845398,0.47345536947250366,-0.34573525190353394,0.07739058136940002,0.47913503646850586,-0.49349984526634216,0.13325592875480652,0.5559747815132141,-0.5969051122665405,0.07470954954624176
128,0.016908401623368263,0.3590167760848999,0.3961485028266907,-0.17427942156791687,0.43832945823669434,0.4708099961280823,-0.45679399371147156,0.27482283115386963,0.19827568531036377,-0.6898415684700012,0.22144603729248047,0.1681256890296936,-0.6832189559936523,0.43298807740211487,0.09428247809410095,-0.25232386589050293,0.08786767721176147,0.054864171892404556,-0.23662850260734558,-0.3139020800590515,-0.11620619893074036,-0.211910679936409,-0.34112462401390076,0.1851215362548828,1.0942435264587402,0.027945900335907936,-0.2909822463989258,0.0013311923248693347,-0.0019128709100186825,0.004912844393402338,-0.06350287050008774,-0.35174843668937683,-0.016963914036750793,0.0008512854110449553,-0.5038982629776001,0.13595977425575256,0.004683727398514748,-0.8043633103370667,0.5170803070068359,0.1687653362751007,-0.03346875309944153,0.06421521306037903,0.21896860003471375,-0.32427358627319336,-0.010064467787742615,0.2179115116596222,-0.3893885612487793,-0.0647706389427185,0.1131209209561348,-0.5516974329948425,0.18970268964767456,0.4341168999671936,-0.09266598522663116,0.12244966626167297,0.46851205825805664,-0.36135178804397583,0.0617496557533741,0.4926695227622986,-0.4953828454017639,0.09199564903974533,0.5585333108901978,-0.6176310777664185,0.024910656735301018
129,0.12168536335229874,0.4772098958492279,0.4335585832595825,-0.17113815248012543,0.4907017946243286,0.47328877449035645,-0.4691443145275116,0.29727959632873535,0.200435072183609,-0.6911499500274658,0.2252790331840515,0.15120850503444672,-0.5166633129119873,0.1287131905555725,-0.08464677631855011,-0.25453492999076843,0.07655671238899231,0.053592074662446976,-0.2357654869556427,-0.313873827457428,-0.0903460830450058,-0.3115997910499573,-0.3760884702205658,0.13893751800060272,0.40541988611221313,-0.25688436627388,-0.08546589314937592,0.0013587274588644505,-0.001775466836988926,0.005528890062123537,-0.05094318091869354,-0.3531654477119446,-0.010540294460952282,-0.046498071402311325,-0.5325733423233032,0.08830495923757553,-0.05828176438808441,-0.770634651184082,0.46210381388664246,0.1799449920654297,-0.03474795073270798,0.058755312114953995,0.21234306693077087,-0.3234119713306427,-0.02392137050628662,0.2290685623884201,-0.425050288438797,-0.0702672153711319,0.12816870212554932,-0.583072304725647,0.16010788083076477,0.4440114200115204,-0.0711936205625534,0.10992195457220078,0.49512213468551636,-0.3469761312007904,0.048216771334409714,0.5113516449928284,-0.48884302377700806,0.0654577687382698,0.5606321692466736,-0.6064183712005615,-0.004477694630622864
130,0.1173124834895134,0.5446640253067017,0.2326115220785141,-0.18161410093307495,0.4415038526058197,0.5122805833816528,-0.45606303215026855,0.3054685890674591,0.18373745679855347,-0.7109576463699341,0.22177936136722565,0.19030091166496277,-0.6294609308242798,0.41219937801361084,-0.10235586762428284,-0.2482365369796753,0.09729576855897903,0.05506601184606552,-0.2264864295721054,-0.3181273341178894,-0.08401290327310562,-0.24235382676124573,-0.3976297974586487,0.08919067680835724,0.7210134267807007,-0.12329927831888199,-0.1890941560268402,0.0013627582229673862,-0.002056271070614457,0.005124006420373917,-0.033267077058553696,-0.37177106738090515,-0.01295300479978323,-0.09492605924606323,-0.574808657169342,0.06273435056209564,-0.046175796538591385,-0.7674261927604675,0.5271009206771851,0.19249355792999268,-0.03681764751672745,0.06968836486339569,0.21801835298538208,-0.31759414076805115,-0.01049467921257019,0.2181648313999176,-0.4243999719619751,-0.05560915917158127,0.1120857447385788,-0.5732764005661011,0.20876598358154297,0.43841373920440674,-0.08825995773077011,0.10483470559120178,0.5115505456924438,-0.3936471939086914,-0.0008739661425352097,0.5412272214889526,-0.5139464139938354,0.022643063217401505,0.5694762468338013,-0.6103273034095764,-0.0666942372918129
131,0.1429072618484497,0.5885709524154663,0.2649674415588379,-0.20294024050235748,0.4646666347980499,0.4382427930831909,-0.44068989157676697,0.305030882358551,0.2377673089504242,-0.6708380579948425,0.21307095885276794,0.2099924087524414,-0.6690771579742432,0.35487353801727295,-0.07327216863632202,-0.25063708424568176,0.08442942798137665,0.06663863360881805,-0.25527673959732056,-0.31032371520996094,-0.0808195099234581,-0.14744284749031067,-0.38513126969337463,0.06953608989715576,0.19384314119815826,-0.22661371529102325,-0.07926218211650848,0.0013131494633853436,-0.001527373562566936,0.0056333341635763645,-0.01895347610116005,-0.3502662777900696,-0.04353366047143936,-0.13955911993980408,-0.5473757386207581,0.05335831269621849,-0.07491974532604218,-0.6880120038986206,0.39292293787002563,0.19568488001823425,-0.042321160435676575,0.052210621535778046,0.22162725031375885,-0.18311060965061188,-0.08043353259563446,0.2231234908103943,-0.4219280481338501,-0.028961729258298874,0.16570885479450226,-0.5542113780975342,0.2035888135433197,0.4536120891571045,-0.08048170804977417,0.11427010595798492,0.5074588656425476,-0.3465569019317627,0.004865216091275215,0.5336557030677795,-0.4805905818939209,0.03256134316325188,0.5992293357849121,-0.5662058591842651,0.03403793275356293
132,0.1513644903898239,0.6045635342597961,0.1951376497745514,-0.19326364994049072,0.46960532665252686,0.39869552850723267,-0.3896538019180298,0.2533451318740845,0.28339627385139465,-0.6601920127868652,0.20197299122810364,0.24314159154891968,-0.6905968189239502,0.33800894021987915,-0.060504406690597534,-0.21085655689239502,0.08603142201900482,0.07909268140792847,-0.26696956157684326,-0.3159949779510498,-0.08842583000659943,-0.10393775254487991,-0.38820120692253113,0.05210346728563309,-0.06540769338607788,-0.06629818677902222,0.09544742107391357,0.001329390099272132,-0.0013135367771610618,0.005937849171459675,-0.005401565693318844,-0.3381527364253998,-0.058153651654720306,-0.16681841015815735,-0.5447393655776978,0.06293229758739471,-0.08587720990180969,-0.6237655282020569,0.33653536438941956,0.19534526765346527,-0.047888584434986115,0.04207001253962517,0.24023212492465973,-0.09887805581092834,-0.12668466567993164,0.21631525456905365,-0.39873814582824707,-0.007354955188930035,0.19642099738121033,-0.5300729274749756,0.20515313744544983,0.4487781524658203,-0.093859001994133,0.12559394538402557,0.5021579265594482,-0.3279556632041931,0.024814248085021973,0.5170007944107056,-0.46091821789741516,0.03831178694963455,0.6091442704200745,-0.5254695415496826,0.06633380800485611
133,0.10061438381671906,0.5199042558670044,0.3741307854652405,-0.17883989214897156,0.5321864485740662,0.3786734342575073,-0.4135785400867462,0.29600760340690613,0.2913757562637329,-0.6689695119857788,0.19298994541168213,0.26290982961654663,-0.7774969935417175,0.31644362211227417,-0.02601701393723488,-0.23681232333183289,0.07815594226121902,0.07016682624816895,-0.27846527099609375,-0.3110239505767822,-0.056747402995824814,-0.06751073151826859,-0.3986959755420685,0.0791701152920723,-0.2260364294052124,-0.25068092346191406,0.14355280995368958,0.0012740662787109613,-0.0012228942941874266,0.006022402085363865,-0.01798059232532978,-0.34211447834968567,-0.03882882744073868,-0.12791454792022705,-0.5260505676269531,0.08571027219295502,-0.07236316055059433,-0.547799825668335,0.25472861528396606,0.198635995388031,-0.05106016993522644,0.032169558107852936,0.23757627606391907,-0.15811429917812347,-0.09077361226081848,0.23576022684574127,-0.42798900604248047,0.0005232370458543301,0.20318475365638733,-0.5487738847732544,0.24571174383163452,0.45363348722457886,-0.08712396025657654,0.11808643490076065,0.5039998888969421,-0.31831470131874084,0.020276155322790146,0.5246249437332153,-0.43540269136428833,0.05875334516167641,0.6387606263160706,-0.5436422824859619,0.1016949862241745
134,0.1366392970085144,0.6017420291900635,0.2604801654815674,-0.1778775453567505,0.5877183675765991,0.3440362215042114,-0.4428814947605133,0.3177722990512848,0.2914586663246155,-0.6580199599266052,0.20598074793815613,0.24142181873321533,-0.8038073778152466,0.27497440576553345,0.01499023288488388,-0.24492910504341125,0.07526350021362305,0.07839034497737885,-0.28203245997428894,-0.299083948135376,-0.05805296450853348,-0.03373924642801285,-0.401730477809906,0.08127015829086304,-0.30836212635040283,-0.4139324426651001,0.16089636087417603,0.0013167911674827337,-0.0011291331611573696,0.006161028519272804,-0.006589061114937067,-0.34618520736694336,-0.022191133350133896,-0.1054607555270195,-0.5314422845840454,0.10534171760082245,-0.06342768669128418,-0.5838655233383179,0.2595778703689575,0.20035308599472046,-0.049870580434799194,0.03228681907057762,0.24736207723617554,-0.21539345383644104,-0.05939221382141113,0.24067111313343048,-0.44518762826919556,0.009383518248796463,0.2089727818965912,-0.5555707216262817,0.25655636191368103,0.4566892385482788,-0.0686551034450531,0.12770316004753113,0.5130424499511719,-0.31576284766197205,0.027349118143320084,0.5267339944839478,-0.42565423250198364,0.08382529020309448,0.6603329181671143,-0.5422146320343018,0.158346027135849
135,0.16724717617034912,0.6205412149429321,0.20459723472595215,-0.2067832201719284,0.5323978662490845,0.30615559220314026,-0.4395269453525543,0.36322230100631714,0.31485265493392944,-0.6360150575637817,0.23724600672721863,0.2915443778038025,-0.7155762314796448,0.2960624098777771,0.14993174374103546,-0.24747630953788757,0.052951741963624954,0.06645223498344421,-0.2903897762298584,-0.2778877019882202,-0.020497573539614677,-0.17002876102924347,-0.40419548749923706,0.14562231302261353,-0.3241127133369446,-0.4759078621864319,0.1763741374015808,0.0013519825879484415,-0.0012390697374939919,0.005730477161705494,-0.022591060027480125,-0.3306490182876587,0.011090236715972424,-0.1023060530424118,-0.48724859952926636,0.17108550667762756,-0.05836332589387894,-0.5923448801040649,0.3443383574485779,0.17859616875648499,-0.05360620841383934,0.02323737181723118,0.2060813307762146,-0.24854212999343872,-0.032322876155376434,0.20994028449058533,-0.4431912899017334,0.05985013395547867,0.09713408350944519,-0.4991760849952698,0.3789934515953064,0.4266754686832428,-0.09185819327831268,0.10380019247531891,0.4431558847427368,-0.2988896369934082,0.01510070264339447,0.530127227306366,-0.3996150493621826,0.10786683112382889,0.590327262878418,-0.47107449173927307,0.20568424463272095
136,0.16383594274520874,0.6767762899398804,0.14294476807117462,-0.20355278253555298,0.5600756406784058,0.299455463886261,-0.4434448778629303,0.41571494936943054,0.3344482183456421,-0.6016029119491577,0.24093571305274963,0.2999923825263977,-0.6831519603729248,0.3342156708240509,0.19244703650474548,-0.2581323981285095,0.041930899024009705,0.063822440803051,-0.29466646909713745,-0.27347370982170105,0.011031502857804298,-0.25742796063423157,-0.4298812747001648,0.18520286679267883,-0.3515230119228363,-0.525965690612793,0.20744991302490234,0.0012314232299104333,-0.0010109854629263282,0.005696849897503853,-0.04946097359061241,-0.339992880821228,-0.011730168014764786,-0.06574840843677521,-0.5408382415771484,0.17363068461418152,-0.022251971065998077,-0.6613331437110901,0.39084306359291077,0.17081218957901,-0.04998188838362694,0.016341518610715866,0.20323285460472107,-0.25411996245384216,-0.01917196623980999,0.1966036558151245,-0.4445464611053467,0.08512196689844131,0.04823249951004982,-0.5330024361610413,0.4557666778564453,0.43938148021698,-0.09208136051893234,0.07870303839445114,0.4428847134113312,-0.2858583927154541,0.01975410431623459,0.5563099384307861,-0.39114707708358765,0.1440562903881073,0.5741631984710693,-0.4808332324028015,0.2863079309463501
137,0.14030086994171143,0.6298865079879761,0.25984930992126465,-0.2273382693529129,0.48652946949005127,0.40742218494415283,-0.47598010301589966,0.4070177674293518,0.3431697487831116,-0.5968413352966309,0.2165318727493286,0.2333163321018219,-0.6747921705245972,0.22979259490966797,0.09709014743566513,-0.2614748179912567,0.02793595939874649,0.04854726046323776,-0.3046833872795105,-0.2577541172504425,0.0120158102363348,-0.2554869055747986,-0.3759113550186157,0.17764690518379211,0.3827248215675354,-0.3225489854812622,-0.10435037314891815,0.0012884396128356457,-0.0012391044292598963,0.005714547820389271,-0.06433545053005219,-0.3359103798866272,0.02222849428653717,-0.07840573787689209,-0.49470263719558716,0.14457236230373383,-0.047110509127378464,-0.6819968223571777,0.4271475672721863,0.17864872515201569,-0.05984906107187271,0.01343922596424818,0.1982547640800476,-0.258478045463562,-0.008923795074224472,0.17250630259513855,-0.4461895227432251,0.08426512032747269,0.040793467313051224,-0.507187008857727,0.42998796701431274,0.427575021982193,-0.08931858837604523,0.06239654868841171,0.4389041066169739,-0.27357691526412964,0.04901611804962158,0.5459858775138855,-0.3875947594642639,0.17831695079803467,0.5555744171142578,-0.48290836811065674,0.38366785645484924
138,0.15757229924201965,0.6434712409973145,0.31700611114501953,-0.2440222203731537,0.528086245059967,0.29464447498321533,-0.5505011081695557,0.40713751316070557,0.2877400517463684,-0.6363273859024048,0.2372768223285675,0.23953643441200256,-0.7023990154266357,0.18096955120563507,0.07030371576547623,-0.26516592502593994,0.02055761031806469,0.03825145214796066,-0.30409327149391174,-0.26297131180763245,0.009991229511797428,-0.2899989187717438,-0.3969849944114685,0.21754832565784454,0.7836205959320068,-0.22811293601989746,-0.29386624693870544,0.0013482285430654883,-0.0012832703068852425,0.005891966167837381,-0.034250639379024506,-0.3225911259651184,0.05193519964814186,-0.0815531462430954,-0.4892314672470093,0.11471261829137802,-0.04654167592525482,-0.7417840957641602,0.40295782685279846,0.1821075677871704,-0.05187772959470749,0.01713823899626732,0.19597184658050537,-0.28362324833869934,-0.004192760679870844,0.1530267894268036,-0.45539969205856323,0.07561788707971573,0.029262065887451172,-0.5715487003326416,0.47659313678741455,0.4248344302177429,-0.07649506628513336,0.07853814959526062,0.4607143700122833,-0.28373444080352783,0.06056620180606842,0.5491434335708618,-0.4093362092971802,0.1958998292684555,0.5766520500183105,-0.500494122505188,0.40710166096687317
139,0.12708613276481628,0.6293666362762451,0.30973464250564575,-0.22850850224494934,0.5781545639038086,0.3091397285461426,-0.5517382621765137,0.446410596370697,0.30548346042633057,-0.6186916828155518,0.2679925560951233,0.24745377898216248,-0.7406395077705383,0.17783629894256592,0.07704450190067291,-0.26306256651878357,0.010492118075489998,0.034485429525375366,-0.30402299761772156,-0.2769086956977844,0.02865126170217991,-0.3190048933029175,-0.41391992568969727,0.26028966903686523,1.0210727453231812,-0.17593111097812653,-0.3427989184856415,0.0014474517665803432,-0.0015443090815097094,0.006142931524664164,-0.013730160892009735,-0.3171882927417755,0.08386549353599548,-0.07101411372423172,-0.4707714915275574,0.11875096708536148,-0.020894404500722885,-0.8391705751419067,0.37328997254371643,0.18456321954727173,-0.04885488748550415,0.01754438877105713,0.2013097107410431,-0.3098015785217285,0.006307624746114016,0.15203414857387543,-0.44816941022872925,0.08362821489572525,0.04964401572942734,-0.6067631244659424,0.49287277460098267,0.4249451160430908,-0.06840570271015167,0.08848370611667633,0.4759087562561035,-0.2876729965209961,0.08326821029186249,0.5527895092964172,-0.42247474193573,0.2274186611175537,0.6153295040130615,-0.5507268905639648,0.392843633890152
140,0.12663795053958893,0.634528398513794,0.3225114345550537,-0.23776456713676453,0.5877675414085388,0.23800601065158844,-0.553565263748169,0.4749065041542053,0.32410454750061035,-0.617579460144043,0.26214152574539185,0.25708311796188354,-0.7093775272369385,0.26223236322402954,-0.12405204772949219,-0.26304519176483154,0.006010476499795914,0.03664720803499222,-0.30806779861450195,-0.28259778022766113,0.039599210023880005,-0.2979126572608948,-0.3883835971355438,0.2632097601890564,1.1155588626861572,-0.14962434768676758,-0.3650638461112976,0.0015149622922763228,-0.00161074660718441,0.006617959588766098,-0.01846311241388321,-0.3451876640319824,0.07191843539476395,-0.07166787981987,-0.4461454153060913,0.13322889804840088,-0.030125640332698822,-0.8118934035301208,0.41848817467689514,0.1807984709739685,-0.0443291962146759,0.01810968853533268,0.20003965497016907,-0.32076001167297363,0.01132425107061863,0.1482132226228714,-0.4714609384536743,0.11500276625156403,0.050736479461193085,-0.5983346700668335,0.5312386751174927,0.4215400218963623,-0.07303108274936676,0.08977983891963959,0.513349175453186,-0.32222694158554077,0.08491373062133789,0.5430850386619568,-0.4120928645133972,0.2550841271877289,0.6129610538482666,-0.5440772771835327,0.35945698618888855
141,0.07323271036148071,0.7147150039672852,0.11843018233776093,-0.2419210523366928,0.6112865209579468,0.25843462347984314,-0.5163549184799194,0.4393045902252197,0.35782527923583984,-0.6320205330848694,0.24554133415222168,0.28038686513900757,-0.7328761219978333,0.22452649474143982,-0.04741714894771576,-0.2632276117801666,0.01068589836359024,0.035790491849184036,-0.3083975613117218,-0.2900043725967407,0.04249928519129753,-0.32879742980003357,-0.41348814964294434,0.28566327691078186,1.1923828125,-0.13481096923351288,-0.3686930537223816,0.0015756861539557576,-0.001768371555954218,0.0068047852255403996,-0.007426023483276367,-0.3255956768989563,0.0944463461637497,-0.06462159752845764,-0.4415058493614197,0.1294160783290863,-0.009485343471169472,-0.8635238409042358,0.3746482729911804,0.18700122833251953,-0.042656950652599335,0.02073505148291588,0.2016899585723877,-0.32873377203941345,0.019605159759521484,0.1546664834022522,-0.46263062953948975,0.11149293184280396,0.06346175074577332,-0.6100616455078125,0.522708535194397,0.43041810393333435,-0.05886031687259674,0.09174270927906036,0.4987064301967621,-0.30270639061927795,0.10181260854005814,0.5393548607826233,-0.4192033112049103,0.2724195122718811,0.6232209801673889,-0.5667985677719116,0.38375869393348694
142,0.14190497994422913,0.7087256908416748,0.17151153087615967,-0.23393860459327698,0.5804779529571533,0.2711248993873596,-0.5220646262168884,0.45064404606819153,0.3775479197502136,-0.6146973371505737,0.22554899752140045,0.25684866309165955,-0.6976094841957092,0.2210676074028015,-0.004386303946375847,-0.2612370252609253,0.008270662277936935,0.03908045217394829,-0.32496321201324463,-0.2718307673931122,0.03991806134581566,-0.2956830561161041,-0.3726674020290375,0.2624272108078003,1.2355260848999023,-0.11206801980733871,-0.3729814291000366,0.001504508894868195,-0.0017319198232144117,0.006333613768219948,-0.023287318646907806,-0.3419528603553772,0.07890371978282928,-0.08130653202533722,-0.4940829277038574,0.16242167353630066,-0.03555005043745041,-0.8047888278961182,0.41630131006240845,0.19082871079444885,-0.05057664215564728,0.020569706335663795,0.17615486681461334,-0.31939804553985596,0.012557879090309143,0.14657095074653625,-0.45550626516342163,0.1080610603094101,0.05659271404147148,-0.621953010559082,0.5875924825668335,0.42954862117767334,-0.05893424153327942,0.0835919976234436,0.47307562828063965,-0.29936879873275757,0.0974997878074646,0.5297898054122925,-0.4142038822174072,0.2515049874782562,0.5934535264968872,-0.5541579723358154,0.42600366473197937
