frame_id,pose_R_0,pose_R_1,pose_R_2,pose_R_3,pose_R_4,pose_R_5,pose_R_6,pose_R_7,pose_R_8,pose_R_9,pose_R_10,pose_R_11,pose_R_12,pose_R_13,pose_R_14,pose_R_15,pose_R_16,pose_R_17,pose_R_18,pose_R_19,pose_R_20,pose_R_21,pose_R_22,pose_R_23,pose_R_24,pose_R_25,pose_R_26,pose_R_27,pose_R_28,pose_R_29,pose_R_30,pose_R_31,pose_R_32,pose_R_33,pose_R_34,pose_R_35,pose_R_36,pose_R_37,pose_R_38,pose_R_39,pose_R_40,pose_R_41,pose_R_42,pose_R_43,pose_R_44,pose_R_45,pose_R_46,pose_R_47,pose_R_48,pose_R_49,pose_R_50,pose_R_51,pose_R_52,pose_R_53,pose_R_54,pose_R_55,pose_R_56,pose_R_57,pose_R_58,pose_R_59,pose_R_60,pose_R_61,pose_R_62,pose_R_63,pose_R_64,pose_R_65,pose_R_66,pose_R_67,pose_R_68,pose_R_69,pose_R_70,pose_R_71,pose_R_72,pose_R_73,pose_R_74,pose_R_75,pose_R_76,pose_R_77,pose_R_78,pose_R_79,pose_R_80,pose_R_81,pose_R_82,pose_R_83,pose_R_84,pose_R_85,pose_R_86,pose_R_87,pose_R_88,pose_R_89,pose_R_90,pose_R_91,pose_R_92,pose_R_93,pose_R_94,pose_R_95,pose_R_96,pose_R_97,pose_R_98,pose_R_99,pose_R_100,pose_R_101,pose_R_102,pose_R_103,pose_R_104,pose_R_105,pose_R_106,pose_R_107,pose_R_108,pose_R_109,pose_R_110,pose_R_111,pose_R_112,pose_R_113,pose_R_114,pose_R_115,pose_R_116,pose_R_117,pose_R_118,pose_R_119,pose_R_120,pose_R_121,pose_R_122,pose_R_123,pose_R_124,pose_R_125,pose_R_126,pose_R_127,pose_R_128,pose_R_129,pose_R_130,pose_R_131,pose_R_132,pose_R_133,pose_R_134,pose_R_135,pose_R_136,pose_R_137,pose_R_138,pose_R_139,pose_R_140,pose_R_141,pose_R_142,pose_R_143
0,0.2767251133918762,0.485351026058197,-0.8293718099594116,0.6243536472320557,0.5652727484703064,0.5391189455986023,0.7304832339286804,-0.6670090556144714,-0.14660552144050598,0.6861770749092102,-0.6588982343673706,-0.30824360251426697,0.6581835746765137,0.7428025007247925,-0.12263277918100357,0.30976665019989014,-0.11873308569192886,0.9433700442314148,0.9631432890892029,-0.18197688460350037,0.19808931648731232,0.17993560433387756,0.9832679629325867,0.02841275744140148,-0.1999453455209732,0.008277765475213528,0.9797720909118652,0.97231125831604,-0.021411146968603134,-0.23270675539970398,0.022463565692305565,0.9997459053993225,0.0018730442970991135,0.23260752856731415,-0.007048605475574732,0.9725451469421387,0.7840990424156189,-0.4825991988182068,-0.3902393579483032,0.5274166464805603,0.8495580554008484,0.009099094197154045,0.3271397650241852,-0.21295331418514252,0.9206684827804565,0.949057936668396,-0.23990991711616516,0.20428478717803955,0.23008158802986145,0.9705824255943298,0.07093815505504608,-0.2152939885854721,-0.020322246477007866,0.9763377904891968,0.981777012348175,-0.1807718127965927,-0.058612700551748276,0.18272414803504944,0.982711911201477,0.029818633571267128,0.0522090308368206,-0.03998520225286484,0.9978353381156921,0.9175546169281006,-0.16738492250442505,-0.36066028475761414,0.22320502996444702,0.9675012230873108,0.11883115768432617,0.329048752784729,-0.1895352602005005,0.9250963926315308,0.9067295789718628,-0.42125552892684937,-0.019628379493951797,0.40860092639923096,0.8660699129104614,0.28804194927215576,-0.10433971881866455,-0.2691963315010071,0.9574165940284729,0.8740176558494568,-0.41324445605278015,-0.25558212399482727,0.4752407968044281,0.8365813493728638,0.27253958582878113,0.1011897549033165,-0.35966745018959045,0.9275774359703064,0.7791093587875366,-0.4649331271648407,-0.4205065965652466,0.520128071308136,0.8538630604743958,0.019613081589341164,0.34993627667427063,-0.23399801552295685,0.907077431678772,0.9717663526535034,-0.22072257101535797,0.08337689936161041,0.21343106031417847,0.9729710817337036,0.08817266672849655,-0.10058500617742538,-0.06788800656795502,0.9926096200942993,0.9558811187744141,-0.220398411154747,0.19420573115348816,0.21528089046478271,0.9754038453102112,0.047344233840703964,-0.19986361265182495,-0.0034466737415641546,0.9798176884651184,0.9976553916931152,-0.06623539328575134,-0.017223475500941277,0.06472375988960266,0.9949237704277039,-0.0770554393529892,0.022239843383431435,0.07575999945402145,0.9968780279159546,0.9548612833023071,0.2969236671924591,0.008730864152312279,-0.29287752509117126,0.9361258149147034,0.19465677440166473,0.04962501302361488,-0.18842729926109314,0.980832576751709,0.9859447479248047,-0.1408471167087555,-0.08986092358827591,0.12941573560237885,0.9840083718299866,-0.12238897383213043,0.1056620329618454,0.10903935134410858,0.9884057641029358
1,0.2944234013557434,0.5025563836097717,-0.8128665089607239,0.6021999716758728,0.5628955960273743,0.566130518913269,0.7420714497566223,-0.6561902761459351,-0.13690978288650513,0.7466607689857483,-0.5740257501602173,-0.33614295721054077,0.5765957832336426,0.8104768991470337,-0.10326898843050003,0.3317151665687561,-0.11671172082424164,0.9361321330070496,0.9189111590385437,-0.38012614846229553,0.10538683086633682,0.37965890765190125,0.9247819185256958,0.025249455124139786,-0.10705780982971191,0.016809042543172836,0.9941107034683228,0.9825100302696228,-0.007621751632541418,-0.18605346977710724,0.008717096410691738,0.9999491572380066,0.005069891456514597,0.1860053688287735,-0.00660306541249156,0.9825265407562256,0.7578108310699463,-0.461982786655426,-0.4607544243335724,0.5168799757957458,0.8560188412666321,-0.008179436437785625,0.39819321036338806,-0.23195625841617584,0.8874899744987488,0.9496004581451416,-0.24312736093997955,0.19785861670970917,0.23359782993793488,0.9697723984718323,0.07052312791347504,-0.20902393758296967,-0.020749449729919434,0.9776903390884399,0.9677711129188538,-0.24877679347991943,-0.039104994386434555,0.25035569071769714,0.9672160148620605,0.04260595887899399,0.027223603799939156,-0.0510229729115963,0.9983263611793518,0.9041306972503662,-0.11258171498775482,-0.4121565520763397,0.16030551493167877,0.9835724830627441,0.08298996090888977,0.39604270458221436,-0.14110474288463593,0.9073255658149719,0.8857900500297546,-0.4612645208835602,-0.051098503172397614,0.4528105854988098,0.8348901867866516,0.31292328238487244,-0.101678766310215,-0.3003222644329071,0.9484028220176697,0.8746230602264404,-0.42476117610931396,-0.2336931675672531,0.4789758324623108,0.8316070437431335,0.2810904383659363,0.07494458556175232,-0.3577815592288971,0.930793046951294,0.7574282884597778,-0.4321316182613373,-0.48945340514183044,0.4973573386669159,0.867537796497345,0.0037225184496492147,0.4230107367038727,-0.24625279009342194,0.872021496295929,0.9665041565895081,-0.23950156569480896,0.09224259853363037,0.23070606589317322,0.9682161808013916,0.09660302847623825,-0.1124473512172699,-0.07208630442619324,0.9910394549369812,0.8068459630012512,0.18177123367786407,0.5621021389961243,-0.07460486888885498,0.9752206206321716,-0.20827604830265045,-0.5860321521759033,0.12611111998558044,0.8004138469696045,0.9961490631103516,-0.08292005956172943,-0.028482744470238686,0.07985280454158783,0.9921958446502686,-0.09576483070850372,0.03620128706097603,0.09312161803245544,0.9949963688850403,0.9530426859855652,0.2826632261276245,-0.10867892950773239,-0.26251041889190674,0.9500325322151184,0.16889776289463043,0.15098971128463745,-0.13243743777275085,0.9796236157417297,0.9892197251319885,-0.14506779611110687,0.01999031938612461,0.14634786546230316,0.984157919883728,-0.10007725656032562,-0.005155644845217466,0.10192393511533737,0.9947788119316101
2,0.2868744432926178,0.4874732196331024,-0.8246653079986572,0.6061933040618896,0.5742002129554749,0.5502942800521851,0.741776704788208,-0.6577720046043396,-0.13077965378761292,0.7521960735321045,-0.5889645218849182,-0.29550275206565857,0.5893874168395996,0.8018885850906372,-0.09796524792909622,0.2946583330631256,-0.10047651827335358,0.950305700302124,0.9242219924926758,-0.3655444085597992,0.11041276156902313,0.36503729224205017,0.9306434988975525,0.025504663586616516,-0.11207800358533859,0.016732802614569664,0.9935585260391235,0.98115473985672,-0.0039591300301253796,-0.19318310916423798,0.005305611528456211,0.9999651312828064,0.006453121080994606,0.1931508183479309,-0.007356464862823486,0.9811415076255798,0.7626413106918335,-0.4928935170173645,-0.4188486635684967,0.5430817008018494,0.8396795392036438,0.000725599005818367,0.35134100914001465,-0.22802241146564484,0.9080557823181152,0.9562106132507324,-0.2257058024406433,0.1863280087709427,0.21740548312664032,0.9739735126495361,0.06411299854516983,-0.1959492266178131,-0.020796796306967735,0.9803934693336487,0.9718039035797119,-0.2323557436466217,-0.040099725127220154,0.2339072823524475,0.9714500308036804,0.03965180367231369,0.029741553589701653,-0.04791339859366417,0.9984086155891418,0.9139256477355957,-0.15538698434829712,-0.3749597668647766,0.21141788363456726,0.9708437323570251,0.11298208683729172,0.3464713990688324,-0.18253043293952942,0.9201305508613586,0.889601469039917,-0.45419055223464966,-0.04816775768995285,0.44574230909347534,0.8403434157371521,0.30844244360923767,-0.09961418807506561,-0.29586127400398254,0.9500226974487305,0.8778693675994873,-0.4074302911758423,-0.2516861855983734,0.46811801195144653,0.8409355282783508,0.2714644968509674,0.10104899108409882,-0.3561291992664337,0.9289569854736328,0.7599673271179199,-0.47916901111602783,-0.4391431510448456,0.539147138595581,0.8420920968055725,0.014186167158186436,0.36300140619277954,-0.24754378199577332,0.8983051180839539,0.9756516218185425,-0.20232698321342468,0.08466250449419022,0.195647731423378,0.9773256778717041,0.08097238838672638,-0.09912573546171188,-0.06243681162595749,0.993114173412323,0.937763512134552,-0.32016521692276,0.1345132440328598,0.310038298368454,0.946354329586029,0.09104768931865692,-0.15644749999046326,-0.0436769463121891,0.986720085144043,0.996981143951416,-0.07557156682014465,-0.017818056046962738,0.07373686134815216,0.9934250712394714,-0.08757548779249191,0.02431912161409855,0.08599726855754852,0.9959985017776489,0.952559769153595,0.27993252873420715,-0.11944717168807983,-0.2588746249675751,0.9515965580940247,0.16567397117614746,0.16004306077957153,-0.12689252197742462,0.978920042514801,0.994162380695343,-0.10650664567947388,0.017247363924980164,0.107487253844738,0.9915465116500854,-0.07267726212739944,-0.00936095230281353,0.07410687208175659,0.9972063899040222
3,0.2838326096534729,0.4881691038608551,-0.8253059983253479,0.6110761165618896,0.5711937546730042,0.5480179190635681,0.7389350533485413,-0.6598701477050781,-0.13618506491184235,0.7587242126464844,-0.5781919956207275,-0.30005258321762085,0.5790282487869263,0.8096367716789246,-0.095992311835289,0.29843559861183167,-0.10090723633766174,0.9490805864334106,0.9191598892211914,-0.38238829374313354,0.09446869790554047,0.3820570111274719,0.9238699078559875,0.02228870987892151,-0.09579972922801971,0.01560554001480341,0.9952782988548279,0.9833370447158813,-0.031133227050304413,-0.17910607159137726,0.03141329437494278,0.9995056986808777,-0.0012728733709082007,0.17905716598033905,-0.0043746489100158215,0.9838289618492126,0.7693189382553101,-0.4800138473510742,-0.42158642411231995,0.5295959711074829,0.8482497930526733,0.0006085670902393758,0.3573184907436371,-0.2237386703491211,0.9067879915237427,0.9520363807678223,-0.25052058696746826,0.17568758130073547,0.2420000582933426,0.9678404927253723,0.06870779395103455,-0.1872502714395523,-0.02289591357111931,0.9820453524589539,0.9702557921409607,-0.24059978127479553,-0.026747388765215874,0.24156877398490906,0.9694615602493286,0.0422942079603672,0.015754587948322296,-0.04749753326177597,0.9987471103668213,0.9134436845779419,-0.14420899748802185,-0.38055798411369324,0.19800874590873718,0.9744501113891602,0.10601633787155151,0.3555462658405304,-0.1721937656402588,0.9186599850654602,0.8841915726661682,-0.46500182151794434,-0.044480908662080765,0.4538618326187134,0.8326545357704163,0.3173261284828186,-0.11051999777555466,-0.3007652759552002,0.9472727179527283,0.8599368929862976,-0.4256528317928314,-0.28165265917778015,0.49827203154563904,0.8196930885314941,0.28253886103630066,0.11060526967048645,-0.38330525159835815,0.916975200176239,0.7707158923149109,-0.47193190455436707,-0.42810896039009094,0.5290498733520508,0.8484169244766235,0.017173442989587784,0.35511019825935364,-0.23972682654857635,0.903563916683197,0.9685853719711304,-0.23952941596508026,0.0668434426188469,0.23305872082710266,0.9680991172790527,0.09202013164758682,-0.08675260841846466,-0.07355090230703354,0.9935110807418823,0.838550329208374,0.17861153185367584,0.514714777469635,-0.08727943897247314,0.9765733480453491,-0.19668962061405182,-0.5377877354621887,0.1200101375579834,0.8344950079917908,0.9971916079521179,-0.06953820586204529,-0.027808399870991707,0.06711779534816742,0.9945229291915894,-0.08012108504772186,0.03322756662964821,0.07802964001893997,0.9963971376419067,0.950135350227356,0.28125104308128357,-0.13468720018863678,-0.2584249675273895,0.9518899321556091,0.1646878868341446,0.17452602088451385,-0.12166925519704819,0.9771065711975098,0.9947294592857361,-0.10038545727729797,0.020882904529571533,0.10158037394285202,0.9925379157066345,-0.06745316833257675,-0.013955757953226566,0.0692189484834671,0.9975038766860962
4,0.2761456072330475,0.4779517352581024,-0.8338499665260315,0.6123173236846924,0.58123779296875,0.535938560962677,0.7408178448677063,-0.6585778594017029,-0.13215185701847076,0.7689688801765442,-0.5670690536499023,-0.295160174369812,0.5679535269737244,0.8179296255111694,-0.0917603150010109,0.29345467686653137,-0.0970764234662056,0.9510312676429749,0.9035679697990417,-0.41471952199935913,0.10757623612880707,0.41429582238197327,0.9097321033477783,0.027322089299559593,-0.10919655859470367,0.01988101936876774,0.9938213229179382,0.9842472672462463,-0.002860622014850378,-0.17677436769008636,0.004055660683661699,0.9999712705612183,0.006399303209036589,0.17675098776817322,-0.00701543316245079,0.9842305779457092,0.7768703103065491,-0.485465407371521,-0.40099361538887024,0.5319451689720154,0.8467613458633423,0.0054341452196240425,0.3369078040122986,-0.21752823889255524,0.9160647392272949,0.9535105228424072,-0.25086402893066406,0.166987806558609,0.24281585216522217,0.9677335023880005,0.06732264161109924,-0.17848852276802063,-0.023645561188459396,0.9836578369140625,0.9640734195709229,-0.2634386420249939,-0.03409590572118759,0.2648175358772278,0.9632208943367004,0.045575641095638275,0.020835505798459053,-0.052967458963394165,0.9983788728713989,0.921746551990509,-0.15210936963558197,-0.356715589761734,0.20396287739276886,0.9725114703178406,0.11234157532453537,0.32982179522514343,-0.17630720138549805,0.9274337291717529,0.8828969597816467,-0.4673105478286743,-0.04597584530711174,0.4562973976135254,0.8307134509086609,0.3189167082309723,-0.11084038019180298,-0.30254924297332764,0.946666955947876,0.8525238633155823,-0.4412388503551483,-0.28019872307777405,0.5135863423347473,0.8067503571510315,0.29220351576805115,0.09711886942386627,-0.3930167257785797,0.9143881797790527,0.7734206318855286,-0.4773190915584564,-0.41711753606796265,0.5327470302581787,0.846045970916748,0.01966743730008602,0.34351295232772827,-0.23742932081222534,0.9086397290229797,0.9683404564857483,-0.23268193006515503,0.09042083472013474,0.2243659943342209,0.9700205326080322,0.09338101744651794,-0.10943814367055893,-0.07013725489377975,0.9915160536766052,0.8594576716423035,0.14543606340885162,0.4900825023651123,-0.06783747673034668,0.9826458692550659,-0.17264175415039062,-0.5066859126091003,0.11513231694698334,0.8544085621833801,0.9974631071090698,-0.06572624295949936,-0.027339700609445572,0.06349721550941467,0.9951094388961792,-0.075665682554245,0.03217921406030655,0.0737377256155014,0.9967583417892456,0.9538949728012085,0.27373814582824707,-0.12309273332357407,-0.2529491186141968,0.9539510011672974,0.16122710704803467,0.16155844926834106,-0.12265753000974655,0.9792109131813049,0.9958661198616028,-0.09010544419288635,0.011473398655653,0.09064775705337524,0.993937611579895,-0.06221730262041092,-0.005797725170850754,0.0630001425743103,0.9979966878890991
5,0.2850690484046936,0.47625187039375305,-0.8318171501159668,0.6161869764328003,0.5736835598945618,0.5396302342414856,0.7341997027397156,-0.6663867831230164,-0.12992079555988312,0.7679781913757324,-0.5652561187744141,-0.30115601420402527,0.5664136409759521,0.818899393081665,-0.09262491762638092,0.2989732623100281,-0.09944496303796768,0.9490656852722168,0.905819833278656,-0.4099087715148926,0.10707554966211319,0.40951669216156006,0.9119134545326233,0.026644684374332428,-0.10856552422046661,0.01971394009888172,0.9938938021659851,0.9834033250808716,0.0013409601524472237,-0.18142782151699066,8.356534817721695e-05,0.9999692440032959,0.00784387532621622,0.18143276870250702,-0.007728854659944773,0.9833729863166809,0.7785050272941589,-0.47167521715164185,-0.4140681028366089,0.5191543698310852,0.8546768426895142,0.0024981112219393253,0.3527161478996277,-0.21691004931926727,0.91024249792099,0.9524528384208679,-0.25798308849334717,0.1621057689189911,0.2500030994415283,0.9658406972885132,0.06819242238998413,-0.17416083812713623,-0.02442312240600586,0.984414279460907,0.9648141860961914,-0.26262637972831726,-0.012686683796346188,0.2629324793815613,0.9636352062225342,0.0476832315325737,-0.0002975402749143541,-0.04934120178222656,0.9987819194793701,0.913034975528717,-0.147124782204628,-0.3804226517677307,0.20231463015079498,0.9732150435447693,0.10918458551168442,0.3541692793369293,-0.1766544133424759,0.9183449149131775,0.8873990774154663,-0.46054667234420776,-0.02048611454665661,0.44241708517074585,0.8382923603057861,0.3186424970626831,-0.12957638502120972,-0.291826456785202,0.947653591632843,0.8591434359550476,-0.4364592730998993,-0.26716259121894836,0.5035828351974487,0.8139066696166992,0.28975898027420044,0.09097741544246674,-0.38348302245140076,0.9190559983253479,0.7729173898696899,-0.4655436873435974,-0.43112388253211975,0.5225222110748291,0.852470874786377,0.016246043145656586,0.3599573075771332,-0.23782864212989807,0.9021464586257935,0.9700378179550171,-0.22142580151557922,0.09998611360788345,0.21274948120117188,0.9729045033454895,0.09052364528179169,-0.1173212081193924,-0.06653936207294464,0.9908623695373535,0.8668274283409119,0.12203824520111084,0.4834427237510681,-0.050594307482242584,0.986108124256134,-0.1582118570804596,-0.49603471159935,0.11268292367458344,0.8609600067138672,0.998236358165741,-0.05120162293314934,-0.030042964965105057,0.04937466233968735,0.9970544576644897,-0.05869012698531151,0.032959502190351486,0.05710325762629509,0.9978240728378296,0.9540152549743652,0.2731555104255676,-0.12345422804355621,-0.25237154960632324,0.954155445098877,0.16092227399349213,0.16175134479999542,-0.12236598134040833,0.9792155623435974,0.9941909909248352,-0.1034073755145073,0.029852285981178284,0.1052282378077507,0.9921371936798096,-0.06775562465190887,-0.02261113002896309,0.07050333172082901,0.997255265712738
6,0.27479952573776245,0.4887389540672302,-0.8280214071273804,0.6110017895698547,0.5761744379997253,0.5428626537322998,0.7424029111862183,-0.65510094165802,-0.14028790593147278,0.7691209316253662,-0.573066771030426,-0.28292664885520935,0.5733169317245483,0.8142865300178528,-0.09080272912979126,0.2824193835258484,-0.09236834943294525,0.9548336863517761,0.9136161804199219,-0.39564454555511475,0.09365306794643402,0.39535197615623474,0.9182552695274353,0.022452320903539658,-0.09488056600093842,0.016513124108314514,0.9953516721725464,0.9804185628890991,-0.0014000482624396682,-0.1969200074672699,0.002965168794617057,0.9999663233757019,0.007653388660401106,0.19690266251564026,-0.008087425492703915,0.9803897142410278,0.7741066813468933,-0.4810350239276886,-0.4115387797355652,0.5289199948310852,0.8486666679382324,0.0029209800995886326,0.3478541374206543,-0.21993222832679749,0.91138756275177,0.9562805891036987,-0.2407986968755722,0.16596201062202454,0.2331176996231079,0.9703004360198975,0.06459999084472656,-0.17658860981464386,-0.023087039589881897,0.9840139746665955,0.9677416086196899,-0.251800537109375,-0.008526593446731567,0.2519224286079407,0.9666494131088257,0.04608747363090515,-0.003362623741850257,-0.0467488057911396,0.9989010095596313,0.9083804488182068,-0.1414594203233719,-0.3934897780418396,0.19725042581558228,0.974719762802124,0.10494587570428848,0.3686966896057129,-0.17294681072235107,0.9133192896842957,0.8841138482093811,-0.46625199913978577,-0.030850013718008995,0.4505237340927124,0.8330486416816711,0.32102707028388977,-0.12397994846105576,-0.2977231442928314,0.9465674161911011,0.8617775440216064,-0.43258407711982727,-0.26497259736061096,0.49882152676582336,0.817633330821991,0.2874939441680908,0.09228513389825821,-0.37992987036705017,0.9204003214836121,0.7652472853660583,-0.4766541123390198,-0.4326632618904114,0.5350556969642639,0.8446690440177917,0.01579739898443222,0.3579273819923401,-0.24358786642551422,0.9014171957969666,0.9680614471435547,-0.22870559990406036,0.10271710902452469,0.21945472061634064,0.97109055519104,0.09392967075109482,-0.1212298572063446,-0.0683879405260086,0.9902658462524414,0.8469539284706116,0.18055273592472076,0.5000697374343872,-0.09325648844242096,0.9764389991760254,-0.19460241496562958,-0.5234236121177673,0.11818452924489975,0.8438365459442139,0.9982823729515076,-0.05735275521874428,-0.011959156021475792,0.056436605751514435,0.9961922764778137,-0.0664515271782875,0.015724796801805496,0.0656624510884285,0.9977179765701294,0.9538139700889587,0.2754298150539398,-0.11990541964769363,-0.2547670602798462,0.953180730342865,0.1629118025302887,0.15916229784488678,-0.12483960390090942,0.9793275594711304,0.9928576946258545,-0.1190180778503418,0.008260492235422134,0.11929050087928772,0.9893028736114502,-0.08396197110414505,0.0018208635738119483,0.0843476876616478,0.99643474817276
7,0.28587010502815247,0.5265074968338013,-0.8006673455238342,0.5948268175125122,0.5575830936431885,0.5790355801582336,0.751305103302002,-0.6417873501777649,-0.15378442406654358,0.7590054273605347,-0.5611507296562195,-0.33018261194229126,0.5639104843139648,0.8200681209564209,-0.09743307530879974,0.32544687390327454,-0.11224120110273361,0.9388749599456787,0.9155194163322449,-0.39356181025505066,0.08326628804206848,0.3933674991130829,0.9191761612892151,0.019420571625232697,-0.0841795802116394,0.014974338002502918,0.9963380694389343,0.9713290333747864,-0.05151153728365898,-0.23209160566329956,0.05162482708692551,0.9986509084701538,-0.005589822307229042,0.23206642270088196,-0.006552132312208414,0.9726778864860535,0.7614426612854004,-0.4704740643501282,-0.445936381816864,0.5233374834060669,0.8521084785461426,-0.005389702040702105,0.3825218677520752,-0.2292712777853012,0.8950484395027161,0.9626517295837402,-0.23189494013786316,0.1397368460893631,0.22579744458198547,0.972432017326355,0.058236297219991684,-0.14938928186893463,-0.024509048089385033,0.9884746670722961,0.970924437046051,-0.23824134469032288,-0.023384785279631615,0.23905201256275177,0.9700919389724731,0.042139943689107895,0.012645915150642395,-0.046504877507686615,0.9988380074501038,0.9112656712532043,-0.0776272639632225,-0.40443655848503113,0.1124124601483345,0.9916659593582153,0.06294510513544083,0.3961797058582306,-0.1028234213590622,0.9123973846435547,0.8938767910003662,-0.44816508889198303,-0.011503859423100948,0.4291612207889557,0.8479894995689392,0.3110215663909912,-0.1296338587999344,-0.2829519808292389,0.9503332376480103,0.8715654015541077,-0.30714142322540283,-0.3821490705013275,0.4080120027065277,0.8865684270858765,0.2179967612028122,0.2718454897403717,-0.3459198474884033,0.8980197906494141,0.8061257004737854,-0.3856129050254822,-0.4488474428653717,0.4381975829601288,0.8987557888031006,0.014861397445201874,0.39767351746559143,-0.20866402983665466,0.8934848308563232,0.9457561373710632,-0.3236149251461029,0.028612608090043068,0.3184368908405304,0.9408547282218933,0.11571665108203888,-0.06436794251203537,-0.10032843053340912,0.9928700923919678,0.7961323261260986,0.21956972777843475,0.5638816356658936,-0.10259481519460678,0.9673337340354919,-0.23181842267513275,-0.5963620543479919,0.1267068088054657,0.7926523089408875,0.9966856241226196,-0.06614264100790024,-0.04735933989286423,0.062462348490953445,0.9951971173286438,-0.07537353038787842,0.052117280662059784,0.07216554135084152,0.9960300922393799,0.9553906321525574,0.2739906907081604,-0.11026274412870407,-0.25448817014694214,0.9531633257865906,0.1634484976530075,0.1498817652463913,-0.1280965954065323,0.9803707003593445,0.9910362958908081,-0.133591428399086,0.0005893977358937263,0.13302429020404816,0.9864032864570618,-0.09650419652462006,0.012310749851167202,0.09571757167577744,0.9953324198722839
8,0.2682547867298126,0.4951569736003876,-0.8263527750968933,0.5984519124031067,0.5865416526794434,0.5457327365875244,0.7549136877059937,-0.640927791595459,-0.1389850229024887,0.7698825001716614,-0.579529881477356,-0.2672564387321472,0.5791223645210266,0.8103711605072021,-0.08897129446268082,0.26813843846321106,-0.08627672493457794,0.9595093131065369,0.9326525330543518,-0.36074066162109375,0.00504434946924448,0.36074748635292053,0.9326633810997009,-0.00048610675730742514,-0.004529321566224098,0.0022731050848960876,0.9999871850013733,0.9825034737586975,-0.12960568070411682,-0.1337510049343109,0.12716855108737946,0.9915232062339783,-0.02664288505911827,0.13607029616832733,0.009167804382741451,0.9906567931175232,0.724258303642273,-0.5254047513008118,-0.44654205441474915,0.5831047892570496,0.8123348355293274,-0.010046187788248062,0.3680199682712555,-0.2531047761440277,0.8947062492370605,0.9703274965286255,-0.16242043673992157,0.17912033200263977,0.15641601383686066,0.986560583114624,0.04724670201539993,-0.18438687920570374,-0.017827490344643593,0.9826920628547668,0.9476215243339539,-0.3152081072330475,-0.05154889449477196,0.31776508688926697,0.9467108249664307,0.05257389694452286,0.03223017603158951,-0.06620059907436371,0.9972856640815735,0.925010085105896,-0.11676733195781708,-0.3615545630455017,0.15892109274864197,0.9832687377929688,0.08903208374977112,0.3451092541217804,-0.13981422781944275,0.9280902743339539,0.9049456715583801,-0.42175790667533875,-0.056511737406253815,0.4195932447910309,0.8623214364051819,0.2834489047527313,-0.0708155408501625,-0.2802177965641022,0.9573208093643188,0.9037666916847229,-0.31882065534591675,-0.28558558225631714,0.385919988155365,0.8955396413803101,0.22152768075466156,0.18512561917304993,-0.31042253971099854,0.9323982000350952,0.7746440172195435,-0.40796202421188354,-0.48321178555488586,0.4693045914173126,0.8830097913742065,0.006849056575447321,0.42388656735420227,-0.23207908868789673,0.8754767179489136,0.9337143898010254,-0.3448086977005005,0.09635552763938904,0.33041316270828247,0.933555543422699,0.13892868161201477,-0.13785704970359802,-0.09788257628679276,0.9856035709381104,0.8929097652435303,-0.4502326548099518,0.0016316822730004787,0.44545987248420715,0.883959174156189,0.1420624554157257,-0.06540349870920181,-0.1261221021413803,0.9898563623428345,0.999221682548523,-0.03650888800621033,-0.014937922358512878,0.035851914435625076,0.9984695911407471,-0.04210805147886276,0.016452379524707794,0.04153972491621971,0.9990013837814331,0.9641603827476501,0.25008952617645264,-0.08859986066818237,-0.23527657985687256,0.9602561593055725,0.1501767784357071,0.12263619899749756,-0.12394903600215912,0.9846811890602112,0.9967661499977112,0.031122243031859398,-0.07408558577299118,-0.030569737777113914,0.999495804309845,0.008580236695706844,0.07431527227163315,-0.006287712138146162,0.9972149729728699
9,0.30866584181785583,0.37052351236343384,-0.876035213470459,0.6157081127166748,0.6241790652275085,0.4809407889842987,0.7250027060508728,-0.6878319978713989,-0.03547155484557152,0.7579960823059082,-0.5964893698692322,-0.2638985216617584,0.5953665375709534,0.7979827523231506,-0.0936068743467331,0.26642197370529175,-0.08616271615028381,0.9599975347518921,0.968262791633606,-0.17632760107517242,0.17713192105293274,0.17450134456157684,0.9843146204948425,0.02596183307468891,-0.1789313405752182,0.005771882366389036,0.9838446378707886,0.9624999761581421,-0.23995015025138855,-0.12656129896640778,0.23472003638744354,0.9705081582069397,-0.054958026856184006,0.13601596653461456,0.02319062314927578,0.9904351830482483,0.773455798625946,-0.5440884232521057,-0.3251674175262451,0.5821768641471863,0.8126786947250366,0.024968711659312248,0.2506714463233948,-0.20861715078353882,0.9453268051147461,0.9519295692443848,-0.08712148666381836,0.29366639256477356,0.07885311543941498,0.9960873126983643,0.039902422577142715,-0.29599371552467346,-0.014827786013484001,0.9550747871398926,0.739761233329773,-0.5243324637413025,0.4216974973678589,0.48108863830566406,0.8503204584121704,0.21332800388336182,-0.4704328179359436,0.04506208747625351,0.8812844753265381,0.95789635181427,-0.1865939050912857,-0.2182139903306961,0.21889613568782806,0.9664342403411865,0.13449668884277344,0.1857932060956955,-0.17660008370876312,0.9665884971618652,0.9071219563484192,-0.40979528427124023,-0.09590373933315277,0.4201470911502838,0.8684142827987671,0.2633116841316223,-0.02461971715092659,-0.27914950251579285,0.9599319696426392,0.8348841667175293,-0.5363192558288574,0.12381456792354584,0.4662620425224304,0.8086448311805725,0.35873836278915405,-0.29252031445503235,-0.24177496135234833,0.9251900911331177,0.7990351319313049,-0.5218567848205566,-0.2986777126789093,0.5588400363922119,0.8278505802154541,0.0485919788479805,0.22190245985984802,-0.20573976635932922,0.9531161785125732,0.889677882194519,-0.38605156540870667,0.24379797279834747,0.34584981203079224,0.9183973073959351,0.19218291342258453,-0.2980959415435791,-0.08666340261697769,0.9505936503410339,0.7712218165397644,0.5510043501853943,-0.31876492500305176,-0.588002622127533,0.8084685802459717,-0.02513049729168415,0.24386441707611084,0.20681580901145935,0.9475005865097046,0.9908240437507629,0.02082829736173153,-0.13354380428791046,-0.017036249861121178,0.9994202852249146,0.029475703835487366,0.13408032059669495,-0.026930151507258415,0.9906044602394104,0.9780925512313843,0.16656911373138428,-0.12485872954130173,-0.1564912647008896,0.9838706851005554,0.08665409684181213,0.1372787356376648,-0.06521642953157425,0.9883832335472107,0.9627457857131958,-0.2641538977622986,0.057821158319711685,0.2703242897987366,0.9455117583274841,-0.18147258460521698,-0.006733899004757404,0.19034242630004883,0.9816946387290955
10,0.2995239794254303,0.4085192084312439,-0.8622049689292908,0.5821899771690369,0.6376877427101135,0.5043899416923523,0.755870521068573,-0.6530439853668213,-0.04683302342891693,0.6857936978340149,-0.6557934880256653,-0.3156293034553528,0.6549875140190125,0.7451989054679871,-0.12517938017845154,0.31729844212532043,-0.12088602781295776,0.9405893087387085,0.9554297924041748,-0.24110840260982513,0.170354425907135,0.2392910122871399,0.9704388976097107,0.03143564984202385,-0.17289794981479645,0.01072972547262907,0.9848812818527222,0.9820736050605774,-0.14680033922195435,-0.1182418018579483,0.14401574432849884,0.98906409740448,-0.031806740909814835,0.12161796540021896,0.014207879081368446,0.9924752712249756,0.7762601375579834,-0.5448397397994995,-0.3171274960041046,0.5816210508346558,0.8130154609680176,0.026885489001870155,0.2431812584400177,-0.2053181529045105,0.9480017423629761,0.9317400455474854,-0.3433016538619995,0.11834052950143814,0.3351392447948456,0.9384425282478333,0.08370964229106903,-0.13979344069957733,-0.03833507373929024,0.9894383549690247,0.8677470088005066,-0.4569447338581085,-0.1954907774925232,0.4739123284816742,0.8792377710342407,0.04845716431736946,0.14974062144756317,-0.13469403982162476,0.9795076847076416,0.9190546870231628,-0.2481844574213028,-0.3061748147010803,0.31005924940109253,0.9348592162132263,0.17292042076587677,0.24331417679786682,-0.2538556456565857,0.9361386299133301,0.9368979334831238,-0.3491491973400116,-0.017806071788072586,0.34347790479660034,0.9097966551780701,0.2330084890127182,-0.06515482068061829,-0.2244211733341217,0.9723116755485535,0.8426268100738525,-0.5362886190414429,-0.048730239272117615,0.5167431831359863,0.7798064351081848,0.3533813953399658,-0.15151426196098328,-0.3229496479034424,0.9342092871665955,0.7582488059997559,-0.572273850440979,-0.3123481273651123,0.6143928170204163,0.7874985933303833,0.04865650460124016,0.21812885999679565,-0.22879816591739655,0.9487208127975464,0.9252724051475525,-0.37854936718940735,0.02390281669795513,0.3721217215061188,0.918154239654541,0.1360817700624466,-0.07346013933420181,-0.1170179471373558,0.9904091954231262,0.9392001628875732,0.31376516819000244,0.1394793540239334,-0.2924274802207947,0.9438012838363647,-0.15403024852275848,-0.1799701303243637,0.10387764126062393,0.9781718850135803,0.9885616898536682,0.0001200034239445813,-0.1508171707391739,0.0008668701048009098,0.9999786615371704,0.006477746646851301,0.1508147269487381,-0.006534390617161989,0.9885404706001282,0.9786937236785889,0.19129125773906708,-0.0746072456240654,-0.18243356049060822,0.9768725633621216,0.11152558773756027,0.09421564638614655,-0.09553852677345276,0.9909570217132568,0.9728937149047852,-0.23094938695430756,0.01184243243187666,0.22962136566638947,0.9586904644966125,-0.1678888499736786,0.02742060087621212,0.1660572737455368,0.9857348203659058
11,0.22084170579910278,0.2775307297706604,-0.9349896311759949,0.7871545553207397,0.5153119564056396,0.33888232707977295,0.5758616328239441,-0.8108206987380981,-0.10465721786022186,0.9208124279975891,-0.37668195366859436,0.101070336997509,0.3800472021102905,0.9248343706130981,-0.015669921413064003,-0.08757074177265167,0.05284055694937706,0.9947558641433716,0.9073972702026367,-0.4196343421936035,0.02317739464342594,0.41965213418006897,0.9076746702194214,0.004326635040342808,-0.02285313978791237,0.0058004665188491344,0.9997220039367676,0.9726263880729675,-0.21448056399822235,-0.08942005783319473,0.21120420098304749,0.9764178991317749,-0.044731248170137405,0.09690532833337784,0.0246209017932415,0.9949890375137329,0.8227583765983582,-0.5208616852760315,-0.22753402590751648,0.5430873036384583,0.8385058641433716,0.044318877160549164,0.16770461201667786,-0.16003456711769104,0.9727610945701599,0.8362201452255249,-0.1791490912437439,0.5183063745498657,0.14865967631340027,0.9837988615036011,0.10020030289888382,-0.5278600454330444,-0.006738247349858284,0.8493046164512634,0.7623547315597534,0.011016703210771084,-0.6470656394958496,-0.002048065885901451,0.9998911619186401,0.014610807411372662,0.6471561789512634,-0.009813385084271431,0.7622942924499512,0.9463438987731934,-0.30330413579940796,-0.11153406649827957,0.32134389877319336,0.9197512269020081,0.22537925839424133,0.03422512859106064,-0.2491270750761032,0.9678658843040466,0.9881719350814819,-0.12154770642518997,-0.09350085258483887,0.12850771844387054,0.9890621900558472,0.07240021228790283,0.08367808163166046,-0.08355944603681564,0.9929832816123962,0.8111320734024048,-0.5521361827850342,0.192900151014328,0.4565548300743103,0.8038945198059082,0.38119712471961975,-0.36554408073425293,-0.22113169729709625,0.9041450619697571,0.8821327090263367,-0.11745934933423996,-0.45611971616744995,0.14632615447044373,0.988830029964447,0.02835165709257126,0.44769471883773804,-0.09175216406583786,0.8894667029380798,0.6417697072029114,-0.6922750473022461,0.32998019456863403,0.5704892873764038,0.718509316444397,0.3978520929813385,-0.5125169157981873,-0.06707923114299774,0.8560530543327332,0.9496642351150513,-0.31309881806373596,-0.010342971421778202,0.3125763535499573,0.9448508024215698,0.09773960709571838,-0.020829590037465096,-0.09605278074741364,0.9951582551002502,0.8978784680366516,-0.0036948162596672773,0.4402279555797577,0.01374160498380661,0.9997127652168274,-0.019636498764157295,-0.44002893567085266,0.02368062734603882,0.8976712822914124,0.7270602583885193,0.34474870562553406,-0.5937438607215881,-0.29521986842155457,0.9377438426017761,0.18298017978668213,0.6198617815971375,0.04224735498428345,0.7835729122161865,0.9946672916412354,0.052459653466939926,0.08879727125167847,-0.0572725348174572,0.9969746470451355,0.052548591047525406,-0.08577194809913635,-0.05735401064157486,0.9946625828742981
12,0.3268769681453705,0.3713296055793762,-0.8690602779388428,0.6969308853149414,0.5263792872428894,0.4870443344116211,0.6383093595504761,-0.764878511428833,-0.08672980219125748,0.8772312998771667,-0.4438979923725128,-0.1828109323978424,0.44334226846694946,0.8951608538627625,-0.04620285704731941,0.18415454030036926,-0.04051722213625908,0.9820618629455566,0.8938605785369873,-0.417721152305603,0.16285666823387146,0.416023850440979,0.9081863760948181,0.04606090113520622,-0.16714482009410858,0.02658023312687874,0.9855740070343018,0.9182943105697632,-0.09964016079902649,-0.38315457105636597,0.09808724373579025,0.9948969483375549,-0.023642513900995255,0.3835550546646118,-0.015871789306402206,0.9233816266059875,0.8894096612930298,-0.4432182013988495,-0.11183951050043106,0.4514717161655426,0.8900522589683533,0.06308981031179428,0.07158045470714569,-0.10660506784915924,0.991721510887146,0.9113783240318298,-0.397246390581131,-0.10763277113437653,0.4031234085559845,0.9143178462982178,0.03891460597515106,0.08295188099145889,-0.07885521650314331,0.9934288263320923,0.7287919521331787,-0.6814730167388916,-0.0667588859796524,0.6837750673294067,0.7191417217254639,0.12363991886377335,-0.03624817356467247,-0.13575585186481476,0.9900789856910706,0.9588621258735657,-0.24722525477409363,-0.1395101398229599,0.27007997035980225,0.9458291530609131,0.18017758429050446,0.08740831166505814,-0.2104443609714508,0.973690390586853,0.9776656627655029,-0.2061629444360733,0.04082536697387695,0.19862063229084015,0.9698550701141357,0.14117702841758728,-0.0687001645565033,-0.12991517782211304,0.9891422390937805,0.6677225828170776,-0.7392627596855164,-0.08739076554775238,0.669906497001648,0.54554682970047,0.5035910606384277,-0.3246103823184967,-0.3948027789592743,0.8595108389854431,0.9082974791526794,-0.3751746714115143,-0.185039684176445,0.39070892333984375,0.9188821315765381,0.05479157343506813,0.14947326481342316,-0.12206370383501053,0.9812024235725403,0.9080144166946411,-0.39455416798591614,0.14084318280220032,0.3704397976398468,0.9131794571876526,0.1699342578649521,-0.19566336274147034,-0.10212883353233337,0.9753386974334717,0.9746187329292297,0.16454635560512543,0.15179875493049622,-0.1511085480451584,0.9838200807571411,-0.09625107049942017,-0.16518042981624603,0.07087000459432602,0.9837138056755066,0.9991441965103149,-0.031154945492744446,-0.02720782905817032,0.03017503209412098,0.9989064335823059,-0.03571280464529991,0.028290705755352974,0.0348612442612648,0.9989916682243347,0.9151267409324646,0.36045435070991516,-0.18059834837913513,-0.3209036588668823,0.9224019050598145,0.2149314284324646,0.24405722320079803,-0.138734832406044,0.9597857594490051,0.993735671043396,-0.030456049367785454,0.1075262576341629,0.030735228210687637,0.999527096748352,-0.0009397219400852919,-0.10744678974151611,0.004238679073750973,0.9942017793655396
13,0.13078415393829346,0.5151839852333069,-0.8470425009727478,0.5263287425041199,0.6879578232765198,0.4996919631958008,0.8401628136634827,-0.5111746191978455,-0.1811821460723877,0.7087262868881226,-0.6943354606628418,-0.12492122501134872,0.6906806230545044,0.7189741730690002,-0.07769477367401123,0.14376136660575867,-0.031216340139508247,0.9891198873519897,0.9000235795974731,-0.3959868252277374,0.18207672238349915,0.3941790759563446,0.9178003072738647,0.047597210854291916,-0.18595793843269348,0.028932219371199608,0.9821316599845886,0.9547848701477051,0.16122595965862274,-0.24978400766849518,-0.15138737857341766,0.9867570400238037,0.05824420228600502,0.2558665871620178,-0.017796536907553673,0.9665482640266418,0.7417704463005066,-0.6135686039924622,-0.27075862884521484,0.6458757519721985,0.7622852921485901,0.042019858956336975,0.18061324954032898,-0.20604552328586578,0.9617297649383545,0.7416092157363892,-0.6693747043609619,0.04419587925076485,0.6586223244667053,0.739041805267334,0.14154106378555298,-0.12740661203861237,-0.07585977017879486,0.9889453053474426,0.9226399660110474,-0.06022993102669716,-0.38093024492263794,0.06864230334758759,0.9976049065589905,0.008522446267306805,0.37950459122657776,-0.034011080861091614,0.9245644807815552,0.9459280967712402,-0.2610093355178833,-0.1925983875989914,0.2970775067806244,0.9354982376098633,0.19127976894378662,0.13024964928627014,-0.23815356194972992,0.962454080581665,0.9380951523780823,-0.3091687560081482,-0.15617981553077698,0.335396945476532,0.9234095811843872,0.18661102652549744,0.08652363717556,-0.22744113206863403,0.9699403047561646,0.49135199189186096,0.0319579616189003,-0.8703745603561401,0.15825946629047394,0.9794145822525024,0.1253037452697754,0.8564620018005371,-0.19931325316429138,0.4761796295642853,0.7379238605499268,-0.5653200149536133,-0.36862125992774963,0.6179467439651489,0.7855561375617981,0.032301563769578934,0.2713119685649872,-0.2516244053840637,0.9290182590484619,0.9389358758926392,-0.3255085349082947,-0.11155098676681519,0.3352915942668915,0.9383598566055298,0.08402600884437561,0.077323779463768,-0.11629714071750641,0.9901999831199646,-0.7809545993804932,0.3586137592792511,-0.511376678943634,-0.3517530560493469,0.4240325689315796,0.8345454931259155,0.5161198973655701,0.831620454788208,-0.2050066888332367,0.9476627707481384,-0.04633787274360657,0.3158925771713257,0.07149934768676758,0.9950838685035706,-0.06852708756923676,-0.3111642003059387,0.08752667903900146,0.9463170170783997,0.9314550757408142,0.16179853677749634,-0.32590290904045105,-0.15250328183174133,0.9868236184120178,0.054054975509643555,0.3303547203540802,-0.0006485172198154032,0.9438566565513611,0.9682687520980835,-0.18675784766674042,-0.16606347262859344,0.15800361335277557,0.972307562828064,-0.17219993472099304,0.19362446665763855,0.14049719274044037,0.9709634780883789
14,0.11964108049869537,0.3014620244503021,-0.945942223072052,0.7320922017097473,0.6167890429496765,0.28915801644325256,0.6706169247627258,-0.7271120548248291,-0.14690469205379486,0.9564401507377625,-0.2886296212673187,-0.043762411922216415,0.2881130278110504,0.9574305415153503,-0.01782204397022724,0.047043439000844955,0.004437198396772146,0.9988830089569092,0.7951264381408691,-0.6002313494682312,0.0865812674164772,0.6000809073448181,0.799351155757904,0.030669590458273888,-0.08761768788099289,0.027569565922021866,0.9957726001739502,0.769302487373352,-0.6198576092720032,-0.15475857257843018,0.5983246564865112,0.7839399576187134,-0.1656675487756729,0.22401171922683716,0.03485258296132088,0.9739630818367004,0.8343730568885803,-0.46055299043655396,-0.30284082889556885,0.49044886231422424,0.8710649013519287,0.026567645370960236,0.25155821442604065,-0.17069527506828308,0.9526707530021667,0.606032133102417,-0.652266263961792,0.4552733302116394,0.5731858015060425,0.754945695400238,0.31861424446105957,-0.5515279769897461,0.067865751683712,0.8313910961151123,0.29914751648902893,0.5979591608047485,-0.7436098456382751,-0.7165737748146057,0.655381441116333,0.23874089121818542,0.6301053762435913,0.4614325761795044,0.6245375871658325,0.9026750922203064,-0.41920074820518494,0.09720296412706375,0.36994221806526184,0.8713467121124268,0.3223315179347992,-0.219819113612175,-0.25500115752220154,0.9416230320930481,0.9998649954795837,-0.004203979391604662,-0.015883198007941246,0.004235516302287579,0.9999891519546509,0.0019524345407262444,0.015874816104769707,-0.0020194444805383682,0.9998719692230225,0.7675962448120117,-0.3438866138458252,-0.5408678650856018,0.5337021350860596,0.810222864151001,0.2422827035188675,0.35490572452545166,-0.47463759779930115,0.8054570555686951,0.9201409220695496,-0.378349244594574,-0.10095816850662231,0.3854169249534607,0.920613706111908,0.06264378875494003,0.06924224644899368,-0.09655210375785828,0.9929165244102478,0.8306632041931152,-0.548132061958313,-0.09772342443466187,0.5567190647125244,0.8151935338973999,0.15976035594940186,-0.007906269282102585,-0.18711154162883759,0.9823068380355835,0.9863665699958801,-0.07986488193273544,0.14388391375541687,0.08065316081047058,0.9967421889305115,0.00035524426493793726,-0.1434435248374939,0.01125429105013609,0.9895945191383362,0.9292941689491272,-0.09592269361019135,0.35666677355766296,0.14964920282363892,0.9806559085845947,-0.12617091834545135,-0.33766472339630127,0.17062480747699738,0.9256725907325745,0.5964751839637756,0.7569566369056702,-0.2668970823287964,-0.5699613690376282,0.6335904002189636,0.5231703519821167,0.5651206970214844,-0.15993709862232208,0.8093569874763489,0.5564005970954895,-0.5583066344261169,0.6153958439826965,0.8062250018119812,0.5419475436210632,-0.23726379871368408,-0.20104631781578064,0.6281612515449524,0.7516607046127319
15,0.3540492057800293,0.38071513175964355,-0.8542277812957764,0.6446298360824585,0.5624066591262817,0.5178331136703491,0.6775702834129333,-0.7339991331100464,-0.04630072042346001,0.8486812114715576,-0.457262247800827,-0.2658034563064575,0.45904597640037537,0.8864344358444214,-0.0592518076300621,0.26271095871925354,-0.0717301070690155,0.96220463514328,0.9202026724815369,-0.3786311745643616,0.09932500123977661,0.3780275583267212,0.9254413843154907,0.025562414899468422,-0.10159819573163986,0.014024985954165459,0.9947266578674316,-0.28704211115837097,0.1128869503736496,-0.9512430429458618,0.0077433474361896515,0.9932728409767151,0.11553816497325897,0.9578866958618164,0.025798510760068893,-0.2859852612018585,0.7794927358627319,-0.5378729701042175,-0.32106664776802063,0.5750892162322998,0.8176644444465637,0.026406534016132355,0.24832141399383545,-0.20522566139698029,0.9466884136199951,0.9228209257125854,-0.3783310055732727,0.07257506251335144,0.37256982922554016,0.9244133830070496,0.08155713975429535,-0.0979449599981308,-0.048223357647657394,0.994022786617279,0.9811893701553345,0.05766592547297478,0.18423384428024292,-0.05478432774543762,0.9982836842536926,-0.02069734036922455,-0.1851111650466919,0.010214881040155888,0.9826644659042358,0.946465015411377,-0.2858867347240448,-0.14990933239459991,0.3129197061061859,0.9265970587730408,0.2085644155740738,0.07927975058555603,-0.2443085014820099,0.9664512872695923,0.9775075912475586,-0.10019057989120483,0.18558230996131897,0.08654554933309555,0.9930111765861511,0.08024165779352188,-0.19232477247714996,-0.0623755007982254,0.9793469905853271,0.7648040652275085,-0.25557297468185425,-0.5914027690887451,0.4468563199043274,0.8716922402381897,0.20117685198783875,0.4641058146953583,-0.4181329309940338,0.7808781266212463,0.7920064926147461,-0.4668486714363098,-0.3934183716773987,0.5167582035064697,0.8557718992233276,0.024807946756482124,0.3250948190689087,-0.22295023500919342,0.9190247654914856,0.8809276819229126,0.18042880296707153,0.43750643730163574,-0.16880173981189728,0.9834582209587097,-0.06569516658782959,-0.44212260842323303,-0.015979163348674774,0.8968122601509094,0.41622158885002136,-0.8503624200820923,-0.3219369053840637,0.9065982103347778,0.3610301613807678,0.21848773956298828,-0.0695648193359375,-0.3828067481517792,0.9212055802345276,0.9953262209892273,-0.023238712921738625,-0.09373172372579575,0.0210653617978096,0.9994873404502869,-0.024110209196805954,0.09424396604299545,0.02202303148806095,0.9953055381774902,0.9457255005836487,0.3214307725429535,-0.04780762642621994,-0.3059893846511841,0.9303459525108337,0.20205675065517426,0.109424889087677,-0.1764615923166275,0.9782062768936157,0.9928906559944153,0.11671257019042969,-0.023374153301119804,-0.11450490355491638,0.9901776313781738,0.08023054897785187,0.032508477568626404,-0.07698371261358261,0.9965022206306458
16,0.20127280056476593,0.3590250611305237,-0.9113672375679016,0.5948485136032104,0.6944006085395813,0.40492352843284607,0.778231680393219,-0.6236255168914795,-0.07380156219005585,0.8208529949188232,-0.5693286657333374,0.04544501379132271,0.570722758769989,0.8206924796104431,-0.02719195932149887,-0.021815218031406403,0.04825710505247116,0.9985966682434082,0.8800761699676514,-0.46533411741256714,0.09449931234121323,0.4651506841182709,0.8848695755004883,0.02531195804476738,-0.09539808332920074,0.021679969504475594,0.9952030777931213,0.19672302901744843,-0.1618393063545227,-0.9670098423957825,0.1803472489118576,0.9754269123077393,-0.12655915319919586,0.9637296795845032,-0.14950047433376312,0.22107620537281036,0.658814549446106,-0.6966748237609863,-0.2839146554470062,0.733326256275177,0.678941011428833,0.035661738365888596,0.1679166555404663,-0.23169653117656708,0.958186149597168,0.8335279226303101,-0.43836548924446106,0.33625417947769165,0.4057142436504364,0.8987946510314941,0.16602440178394318,-0.37500283122062683,-0.0019628789741545916,0.9270216226577759,0.3527580201625824,-0.34469178318977356,-0.8699133992195129,0.46006152033805847,0.8734379410743713,-0.15952908992767334,0.8148037791252136,-0.34393852949142456,0.46669167280197144,0.8795257210731506,-0.324729323387146,-0.3478294610977173,0.41665229201316833,0.8786250948905945,0.23327840864658356,0.2298593521118164,-0.35009831190109253,0.9080725908279419,0.969944179058075,-0.14982719719409943,0.1917293816804886,0.12875838577747345,0.9846237301826477,0.11805686354637146,-0.20646943151950836,-0.08982180058956146,0.9743215441703796,0.5323828458786011,-0.5026718378067017,-0.6810944080352783,0.8272125124931335,0.4797285795211792,0.2925405204296112,0.17968855798244476,-0.7191533446311951,0.6712156534194946,0.7453957200050354,-0.377743124961853,-0.5492680072784424,0.4487634301185608,0.893633246421814,-0.005566451698541641,0.4929468631744385,-0.24234220385551453,0.8356276750564575,0.467119425535202,-0.8296329379081726,-0.30579185485839844,0.8841263055801392,0.4339742660522461,0.1731676310300827,-0.010959774255752563,-0.351248562335968,0.9362180829048157,0.9187563061714172,-0.10088556259870529,0.3817184269428253,0.1193847730755806,0.9925325512886047,-0.025027107447385788,-0.37634310126304626,0.06856518238782883,0.9239397644996643,0.8626362085342407,-0.012690817005932331,0.5056656002998352,0.03177900239825249,0.9990700483322144,-0.02913922443985939,-0.5048255920410156,0.04120609909296036,0.8622373342514038,0.8412548899650574,0.32188329100608826,-0.4343746304512024,-0.2757578194141388,0.9465463161468506,0.16735510528087616,0.46502453088760376,-0.021006092429161072,0.8850485682487488,-0.6666194796562195,0.04909335821866989,-0.743779718875885,-0.20002120733261108,0.9494507908821106,0.24193958938121796,0.7180598378181458,0.31005337834358215,-0.6231026649475098
17,0.33810898661613464,0.25795772671699524,-0.9050636291503906,0.741563081741333,0.5191081166267395,0.4249834716320038,0.5794536471366882,-0.8148524761199951,-0.015776805579662323,0.9379344582557678,-0.31425556540489197,-0.1467052549123764,0.3142857849597931,0.9490353465080261,-0.02358591929078102,0.14664047956466675,-0.023985330015420914,0.9888989925384521,0.3018017113208771,-0.873872697353363,-0.3811328411102295,0.8564925193786621,0.4241103529930115,-0.29419541358947754,0.4187317192554474,-0.23764874041080475,0.8764626979827881,0.7913705706596375,0.2981344163417816,0.5337119698524475,-0.3187260925769806,0.9461939334869385,-0.05595247820019722,-0.5216764211654663,-0.1258288025856018,0.8438133001327515,0.6493112444877625,-0.6006848216056824,-0.46644681692123413,0.6672571897506714,0.744239866733551,-0.02957681380212307,0.3649146556854248,-0.29203543066978455,0.8840546011924744,0.8560371398925781,-0.052694108337163925,0.5142214298248291,0.032912712544202805,0.9983283281326294,0.04751165211200714,-0.5158654451370239,-0.023747317492961884,0.8563404083251953,-0.20820599794387817,0.6500695943832397,-0.7307939529418945,-0.8606209754943848,0.23325592279434204,0.4526844322681427,0.4647383987903595,0.7231882214546204,0.510898232460022,0.9151186347007751,-0.18139326572418213,-0.36007556319236755,0.244708850979805,0.9596570134162903,0.13847732543945312,0.320430189371109,-0.21483685076236725,0.9225885272026062,0.9021862745285034,-0.2151578813791275,0.37385424971580505,0.15438422560691833,0.9703648090362549,0.18589676916599274,-0.4027721881866455,-0.10999631881713867,0.9086667895317078,0.7777926921844482,-0.39772161841392517,-0.4866786003112793,0.5661051869392395,0.7797106504440308,0.26753732562065125,0.2730630934238434,-0.48359984159469604,0.8316054940223694,0.9115492701530457,-0.32516804337501526,-0.25168174505233765,0.34603986144065857,0.9372624754905701,0.042373206466436386,0.2221134454011917,-0.1257171779870987,0.9668819904327393,0.9304887056350708,-0.3640883266925812,0.04037831723690033,0.3562719225883484,0.9250903129577637,0.13144658505916595,-0.08521175384521484,-0.10792390257120132,0.9905005693435669,0.8243343234062195,-0.5446538329124451,0.1543540507555008,0.5175349712371826,0.8355528712272644,0.18441511690616608,-0.22941337525844574,-0.07213608920574188,0.9706522822380066,0.9490922093391418,-0.1841675490140915,0.25555092096328735,0.24317650496959686,0.9440503120422363,-0.22278733551502228,-0.20022271573543549,0.27358970046043396,0.9407760500907898,0.9758272767066956,0.2184908092021942,-0.0047796317376196384,-0.21564671397209167,0.9662131071090698,0.1411689817905426,0.03546226769685745,-0.13672584295272827,0.9899739623069763,0.7568479776382446,0.6481469869613647,-0.08418180048465729,-0.5424648523330688,0.6947774887084961,0.47224587202072144,0.3645723760128021,-0.31175267696380615,0.8774378895759583
18,0.3961511552333832,0.244760200381279,-0.8849614262580872,0.7546795010566711,0.4621884822845459,0.46566155552864075,0.5229943990707397,-0.8523345589637756,-0.001618993584997952,0.9260700345039368,-0.26165100932121277,-0.2719063460826874,0.2664775550365448,0.963639497756958,-0.0197139922529459,0.26717787981033325,-0.05420040711760521,0.9621217846870422,0.7432270646095276,-0.6672494411468506,0.04890533909201622,0.6671831011772156,0.7446235418319702,0.020061416551470757,-0.049802038818597794,0.01771862991154194,0.9986019134521484,0.9897832274436951,-0.11325842142105103,-0.08661217242479324,0.11173650622367859,0.9934890270233154,-0.02223796211183071,0.08856687694787979,0.012333021499216557,0.9959938526153564,0.8267887234687805,-0.47752439975738525,-0.29730603098869324,0.5072466135025024,0.8613746166229248,0.027104726061224937,0.24314868450164795,-0.17321735620498657,0.954397439956665,0.9733402729034424,-0.17460568249225616,0.14873312413692474,0.1691332310438156,0.9843853712081909,0.048779264092445374,-0.15492784976959229,-0.022323107346892357,0.9876735210418701,0.00705434987321496,-0.9706110954284668,0.2405499964952469,0.8391243815422058,0.13658596575260162,0.5265116691589355,-0.5438938140869141,0.19813717901706696,0.8154270052909851,0.9523183703422546,-0.22326725721359253,-0.20794585347175598,0.25906887650489807,0.9517321586608887,0.1645880788564682,0.1611616313457489,-0.21061255037784576,0.96419358253479,0.9549099802970886,-0.19209694862365723,0.22637516260147095,0.16018781065940857,0.9753249287605286,0.15192484855651855,-0.24997363984584808,-0.10881201177835464,0.9621191024780273,0.6479604840278625,-0.3314545750617981,-0.6857733130455017,0.6194114089012146,0.7532647252082825,0.22118255496025085,0.4432568848133087,-0.5680934190750122,0.6933925747871399,0.8764936923980713,-0.33656230568885803,-0.34421589970588684,0.36955034732818604,0.9286234974861145,0.033028408885002136,0.30853086709976196,-0.1561543047428131,0.938309371471405,0.9043247699737549,-0.40063366293907166,0.14727303385734558,0.3751309812068939,0.9105722904205322,0.17359387874603271,-0.2036503106355667,-0.1017385721206665,0.973743200302124,0.8060817122459412,-0.5894633531570435,0.05258524790406227,0.5709490776062012,0.7979800701141357,0.1929894983768463,-0.1557222157716751,-0.1255418062210083,0.9797906875610352,0.9882146120071411,-0.005393290892243385,-0.1529798060655594,0.00518892053514719,0.9999850392341614,-0.0017351520946249366,0.15298686921596527,0.0009209025884047151,0.9882277846336365,0.9824700951576233,0.07788071781396866,0.16937260329723358,-0.09394847601652145,0.9915900826454163,0.08900980651378632,-0.1610160619020462,-0.10336177051067352,0.9815244078636169,0.8863599896430969,0.4585039019584656,0.06434386968612671,-0.4524801969528198,0.8283697962760925,0.3302500545978546,0.09812042117118835,-0.3218347728252411,0.9416978359222412
19,0.11723322421312332,0.24375221133232117,-0.9627259373664856,0.7477291822433472,0.6163148880004883,0.24709713459014893,0.6535727977752686,-0.748826265335083,-0.11000806093215942,0.8731802105903625,-0.47147074341773987,0.12357848137617111,0.4766046702861786,0.8790054321289062,-0.014051184058189392,-0.10200143605470657,0.07116729766130447,0.9922353029251099,0.6428921222686768,-0.7659375071525574,-0.005424655508249998,0.7658733129501343,0.6429105401039124,-0.010202021338045597,0.011301678605377674,0.0024042001459747553,0.9999332427978516,0.8818424344062805,0.30238422751426697,-0.36182552576065063,-0.2755741775035858,0.9531288743019104,0.1249169260263443,0.3826392590999603,-0.010447275824844837,0.92383873462677,0.7374460101127625,-0.6256877779960632,-0.2543387711048126,0.6547552347183228,0.7546796202659607,0.04188428446650505,0.1657377928495407,-0.19741703569889069,0.9662078022956848,0.8986273407936096,0.10049920529127121,0.42704662680625916,-0.1041240468621254,0.9944523572921753,-0.014923334121704102,-0.4261772930622101,-0.031055307015776634,0.9041064381599426,0.28957265615463257,-0.7895845770835876,-0.5410211086273193,0.9035043120384216,0.4120705723762512,-0.11780393868684769,0.3159550428390503,-0.45470210909843445,0.8327174782752991,0.9584179520606995,-0.25485846400260925,-0.12838292121887207,0.2761150896549225,0.9418297410011292,0.1916172057390213,0.07207959145307541,-0.21909783780574799,0.9730368256568909,0.9868742823600769,-0.10425426065921783,0.1233297660946846,0.09480014443397522,0.9922601580619812,0.08020387589931488,-0.1307368129491806,-0.06745946407318115,0.9891193509101868,0.9793782830238342,-0.0717615857720375,-0.18886101245880127,0.08623644709587097,0.9938429594039917,0.0695662647485733,0.18270599842071533,-0.084418386220932,0.9795366525650024,0.9062691926956177,-0.3288877010345459,-0.2655353844165802,0.3517077565193176,0.9351627826690674,0.04209739714860916,0.23447349667549133,-0.13154242932796478,0.9631816148757935,0.8723713159561157,-0.44650542736053467,0.19900046288967133,0.40786853432655334,0.8892229199409485,0.20718561112880707,-0.26946526765823364,-0.09957675635814667,0.957848072052002,0.33962810039520264,-0.84917813539505,-0.40441226959228516,0.9391340017318726,0.2824999690055847,0.19550223648548126,-0.05176977068185806,-0.4461953639984131,0.8934369683265686,0.8126184940338135,0.06548123806715012,0.5791056752204895,-0.13252419233322144,0.9883984923362732,0.07420071214437485,-0.5675284266471863,-0.13704238831996918,0.8118687272071838,0.9159011244773865,-0.05853001028299332,-0.3971138596534729,0.010099629871547222,0.9923591613769531,-0.12296859174966812,0.40127691626548767,0.10861635953187943,0.9094939827919006,0.9043709635734558,0.39793509244918823,0.15414558351039886,-0.4264581799507141,0.8560323715209961,0.29213351011276245,-0.01570342853665352,-0.32993370294570923,0.9438734650611877
20,0.46456462144851685,-0.5228477716445923,-0.7147096395492554,0.7691712975502014,-0.16168932616710663,0.6182491779327393,-0.43881115317344666,-0.8369508981704712,0.32704436779022217,0.22062858939170837,0.7238982915878296,-0.6536775231361389,-0.5695342421531677,0.63968425989151,0.5161731839179993,0.7918041348457336,0.25840917229652405,0.5534175038337708,-0.08897103369235992,0.4973727762699127,-0.8629626035690308,-0.5697570443153381,0.6852371692657471,0.4536815285682678,0.8169829249382019,0.5320435166358948,0.22241538763046265,0.598993718624115,0.11248791962862015,-0.7928133606910706,-0.0618584081530571,0.9936254620552063,0.09424420446157455,0.7983608841896057,-0.007409516256302595,0.6021337509155273,0.28099286556243896,0.47382989525794983,-0.8345826864242554,-0.5129340887069702,0.8091408610343933,0.28668737411499023,0.81113600730896,0.3475287854671478,0.47040632367134094,0.9406822323799133,-0.196960911154747,0.27626675367355347,0.18403787910938263,0.9802623391151428,0.07222077995538712,-0.285038560628891,-0.01709325797855854,0.9583636522293091,0.4409623444080353,-0.85246741771698,0.2808050215244293,0.7756666541099548,0.5193630456924438,0.35861292481422424,-0.4515455961227417,0.05967629328370094,0.8902501463890076,0.9423812627792358,-0.06498220562934875,-0.32816898822784424,0.09073229134082794,0.9938323497772217,0.06375676393508911,0.3220019042491913,-0.08985870331525803,0.9424649477005005,0.6872939467430115,-0.041020236909389496,-0.7252202033996582,0.02087908424437046,0.999107301235199,-0.03672477602958679,0.7260792255401611,0.010098784230649471,0.687536895275116,0.4145220220088959,-0.3288326859474182,0.8485520482063293,0.22038330137729645,0.9409525394439697,0.25698158144950867,-0.8829511404037476,0.08048217743635178,0.4625147879123688,0.574059784412384,-0.0033976465929299593,-0.8188063502311707,0.07917260378599167,0.9955360889434814,0.05137640982866287,0.8149767518043518,-0.09432016313076019,0.5717662572860718,0.8693564534187317,0.3661927580833435,0.3318467140197754,-0.3340093493461609,0.930303692817688,-0.15156784653663635,-0.3642212748527527,0.020926583558321,0.9310773015022278,0.4415103495121002,0.22992798686027527,0.8672956228256226,0.038781024515628815,0.9608153104782104,-0.2744629979133606,-0.8964176774024963,0.15481287240982056,0.4152930676937103,0.928540050983429,-0.07034534215927124,0.364506334066391,0.10973808914422989,0.9900141358375549,-0.08848496526479721,-0.3546419143676758,0.12216206640005112,0.92698734998703,0.8537011742591858,0.339514821767807,0.39487215876579285,-0.46103420853614807,0.8453369736671448,0.26991263031959534,-0.24216070771217346,-0.41247427463531494,0.8781931400299072,0.9270213842391968,0.1749401092529297,-0.33170363306999207,-0.15273523330688477,0.9839671850204468,0.09208972752094269,0.3424956798553467,-0.03470631316304207,0.9388781189918518
21,-0.6251059770584106,-0.44159701466560364,-0.6436105966567993,-0.4354068636894226,-0.48707741498947144,0.7570841908454895,0.6478142738342285,-0.7534903287887573,-0.11220064759254456,-0.0196431465446949,0.8672056794166565,-0.49756255745887756,-0.7164290547370911,0.33491697907447815,0.6120131015777588,0.6973834037780762,0.3684901297092438,0.6147124767303467,-0.28320780396461487,-0.945427417755127,0.1611221432685852,0.9475566744804382,-0.2498936802148819,0.19922222197055817,-0.14808674156665802,0.20909366011619568,0.9666178822517395,0.7978125810623169,-0.4698837995529175,-0.37776219844818115,0.4412778317928314,0.8820374608039856,-0.16517822444438934,0.41081497073173523,-0.03491680696606636,0.9110499024391174,0.5825356841087341,0.6150610446929932,-0.5313681364059448,-0.6601404547691345,0.7394214868545532,0.13217578828334808,0.4742012321949005,0.27378049492836,0.8367660641670227,0.405850887298584,0.9111911654472351,0.07082182914018631,-0.883564293384552,0.41099438071250916,-0.22449436783790588,-0.23366466164588928,0.028535595163702965,0.9718984365463257,-0.2636002004146576,0.33141249418258667,-0.905914306640625,-0.4856908917427063,0.7658054828643799,0.42148107290267944,0.8334382176399231,0.5510967969894409,-0.040902454406023026,0.9061761498451233,0.19760169088840485,-0.37389618158340454,-0.25507625937461853,0.9605813026428223,-0.11054284125566483,0.3373142182826996,0.1955433189868927,0.9208593368530273,0.7053161859512329,-0.12938925623893738,0.696984589099884,0.04515518993139267,0.9894051551818848,0.1379796862602234,-0.7074532508850098,-0.06584683805704117,0.7036861181259155,0.24289466440677643,0.2517547607421875,-0.9368146657943726,-0.4639011323451996,0.8782926201820374,0.11574887484312057,0.8519377708435059,0.40647459030151367,0.3301219046115875,0.4240451753139496,0.3155311644077301,-0.8488968014717102,-0.3020980954170227,0.9329384565353394,0.1958635300397873,0.8537695407867432,0.17339512705802917,0.49092942476272583,0.8003717064857483,0.5993724465370178,-0.012561005540192127,-0.5893977880477905,0.7828755378723145,-0.19928906857967377,-0.10961467027664185,0.16690875589847565,0.979860246181488,0.295128732919693,0.7886636257171631,-0.5393595695495605,-0.908348798751831,0.40666502714157104,0.09760107845067978,0.29631307721138,0.46112173795700073,0.8364002108573914,0.8098358511924744,-0.40558966994285583,0.4238665997982025,0.5809363126754761,0.655077338218689,-0.48310112953186035,-0.08172456920146942,0.6374720931053162,0.7661268711090088,0.3728504478931427,0.539060652256012,0.7552457451820374,-0.9273406267166138,0.18843892216682434,0.3233111500740051,0.03196660801768303,-0.8209168314933777,0.5701524019241333,0.9658073782920837,-0.25454679131507874,-0.049214113503694534,0.24013593792915344,0.949852705001831,-0.20028619468212128,0.09772837162017822,0.1816198080778122,0.9785006046295166
22,0.1720372587442398,-0.2543632388114929,-0.9516840577125549,0.8580277562141418,-0.43590590357780457,0.2716144919395447,-0.4839334487915039,-0.8632991313934326,0.14325864613056183,-0.2927357852458954,0.9272267818450928,0.233572855591774,-0.9472821950912476,-0.24795082211494446,-0.20292070508003235,-0.13023892045021057,-0.28066155314445496,0.9509295225143433,-0.15947119891643524,-0.8892049789428711,-0.4288162887096405,0.8485048413276672,0.09856165945529938,-0.5199280381202698,0.5045874714851379,-0.4467662274837494,0.7387769818305969,0.9089105725288391,-0.1766940951347351,0.37770459055900574,0.19584983587265015,0.9805532097816467,-0.012581322342157364,-0.3681364059448242,0.08540868014097214,0.9258406758308411,0.7352286577224731,0.4853225350379944,-0.4731816351413727,-0.5123233795166016,0.8549767732620239,0.0808667540550232,0.4438057839870453,0.1829664707183838,0.8772455453872681,0.2656046748161316,0.9207437634468079,0.28580600023269653,-0.8528900146484375,0.3626233637332916,-0.3756100833415985,-0.4494805932044983,-0.14399728178977966,0.8816075921058655,-0.06949928402900696,-0.8890671730041504,0.4524703025817871,0.6988070011138916,0.2803003191947937,0.6581037044525146,-0.7119259834289551,0.3619271516799927,0.6018056869506836,0.9476541876792908,0.01910916157066822,0.31872621178627014,-0.009404330514371395,0.9994449019432068,-0.03196003660559654,-0.31916001439094543,0.027289655059576035,0.947307825088501,0.7366225123405457,0.411793977022171,-0.536482036113739,-0.600173830986023,0.7636743187904358,-0.2378925085067749,0.3117348849773407,0.4972195029258728,0.8096876740455627,0.2557013928890228,-0.572331428527832,0.7791364192962646,0.28940123319625854,0.814286470413208,0.503174364566803,-0.9224227666854858,0.0968206450343132,0.373847633600235,0.976495087146759,0.18576930463314056,-0.10930287837982178,-0.18862733244895935,0.9819130301475525,-0.016324946656823158,0.10429324954748154,0.036558739840984344,0.9938744306564331,0.7649515867233276,-0.3334250748157501,0.5510687828063965,0.24615827202796936,0.9419718980789185,0.22824351489543915,-0.5951933860778809,-0.03894510120153427,0.8026382327079773,0.8637948632240295,0.10869157314300537,0.49198031425476074,-0.042430855333805084,0.9886781573295593,-0.14392738044261932,-0.5020538568496704,0.10344857722520828,0.8586269617080688,0.9096081852912903,-0.41540032625198364,0.007454806473106146,0.37006112933158875,0.801910936832428,-0.4690347909927368,0.18885910511016846,0.4293965995311737,0.8831482529640198,0.6292803287506104,0.7771686315536499,-0.003895658766850829,-0.6577080488204956,0.5352090001106262,0.5300673842430115,0.41403675079345703,-0.3309987485408783,0.8479465842247009,0.9971566200256348,-0.04656638577580452,-0.0592472180724144,0.04398846626281738,0.9980583786964417,-0.044096287339925766,0.06118558719754219,0.04136471077799797,0.9972689151763916
23,0.3585875630378723,-0.18544842302799225,-0.9148900508880615,0.7607907056808472,-0.5098665952682495,0.40153899788856506,-0.5409366488456726,-0.8400267362594604,-0.04174438863992691,0.30011501908302307,0.8940396308898926,-0.33260196447372437,-0.8292425870895386,0.4168570935726166,0.3722725808620453,0.47147393226623535,0.16408312320709229,0.866480827331543,0.006633474957197905,-0.1137496680021286,-0.9934872984886169,-0.007877599447965622,0.9934723973274231,-0.11380056291818619,0.9999469518661499,0.008581187576055527,0.005694099701941013,-0.6774123907089233,-0.327741414308548,0.6585575342178345,0.6857724785804749,0.04253014549612999,0.7265722751617432,-0.26613637804985046,0.9438096880912781,0.1959455907344818,0.5907986164093018,0.7218925356864929,-0.36031678318977356,-0.7617022395133972,0.6462980508804321,0.04591827467083931,0.2660200893878937,0.24732564389705658,0.9316991567611694,0.7482130527496338,-0.4589442014694214,0.47911110520362854,0.40213584899902344,0.8880833387374878,0.22269868850708008,-0.5276968479156494,0.026041679084300995,0.8490334749221802,0.9226382970809937,-0.37292906641960144,-0.09829773753881454,0.37924128770828247,0.9236335158348083,0.05547194555401802,0.07010398060083389,-0.08845910429954529,0.9936097860336304,0.9895026087760925,0.09772592037916183,0.10646207630634308,-0.08927737176418304,0.9926722049713135,-0.08143377304077148,-0.11364013701677322,0.07107427716255188,0.9909764528274536,0.9005662202835083,0.2382780909538269,-0.3635987639427185,-0.30972880125045776,0.9385882616043091,-0.15205296874046326,0.3050386309623718,0.24955077469348907,0.9190624952316284,0.5223957300186157,-0.7267788052558899,0.44597676396369934,0.4574168026447296,0.6802416443824768,0.5727487802505493,-0.7196336388587952,-0.09520424902439117,0.6877961754798889,0.931450605392456,0.3271949291229248,-0.15919551253318787,-0.33473217487335205,0.942048966884613,-0.02231740579009056,0.14266782999038696,0.07407542318105698,0.9869948029518127,0.9581426978111267,0.11170457303524017,0.26359954476356506,-0.10752031207084656,0.9937412142753601,-0.03029460459947586,-0.26533377170562744,0.0006842503789812326,0.9641563892364502,0.46464598178863525,-0.5051337480545044,0.7272853851318359,0.49454042315483093,0.829335629940033,0.2600618600845337,-0.7345296740531921,0.23883533477783203,0.635156512260437,0.9342374205589294,-0.33496996760368347,-0.12245642393827438,0.2681595981121063,0.8861028552055359,-0.37803730368614197,0.2351401150226593,0.32033872604370117,0.9176558256149292,0.7363238334655762,0.6491631865501404,0.1908254325389862,-0.6565490961074829,0.617273211479187,0.43349403142929077,0.16361694037914276,-0.44447824358940125,0.8807204961776733,0.9127698540687561,0.3886208236217499,-0.12579776346683502,-0.34324750304222107,0.8966847062110901,0.2795311212539673,0.22143255174160004,-0.2119678109884262,0.9518598914146423
24,0.26865842938423157,0.3941667973995209,-0.8788942694664001,0.8243420124053955,0.3779177665710449,0.4214716851711273,0.4982798993587494,-0.8377414345741272,-0.22339744865894318,0.9408073425292969,-0.09321395307779312,-0.3258722722530365,0.10405869036912918,0.9944429993629456,0.01596703939139843,0.32257306575775146,-0.048931751400232315,0.9452789425849915,0.4579223692417145,-0.5034657716751099,0.7326864004135132,0.46365994215011597,0.8384597301483154,0.28636470437049866,-0.7585028409957886,0.2085845172405243,0.6173863410949707,0.5847973227500916,-0.33303654193878174,-0.7396612763404846,0.3065187633037567,0.934954047203064,-0.17862573266029358,0.7510381937026978,-0.1222601979970932,0.6488405466079712,0.9877021312713623,0.14644792675971985,0.05474981293082237,-0.14487405121326447,0.9889418482780457,-0.031709443777799606,-0.05878816545009613,0.02338765747845173,0.99799644947052,0.727209210395813,-0.5003575682640076,-0.46990326046943665,0.5295663475990295,0.8445155024528503,-0.07970613986253738,0.43672212958335876,-0.19088192284107208,0.8791120052337646,0.7974632382392883,-0.5176240801811218,-0.310028612613678,0.5501648187637329,0.8347819447517395,0.021394826471805573,0.24773181974887848,-0.18762843310832977,0.9504864811897278,0.9983637928962708,-0.04956326261162758,-0.02851739153265953,0.05064057931303978,0.9979790449142456,0.038384467363357544,0.026557298377156258,-0.039765797555446625,0.9988560676574707,0.9868450164794922,-0.13303326070308685,-0.09186466783285141,0.1404544562101364,0.9868760108947754,0.07967624068260193,0.08005943894386292,-0.09153090417385101,0.9925787448883057,0.8312592506408691,-0.5363425016403198,-0.1460985541343689,0.549482524394989,0.7530241012573242,0.361971914768219,-0.08412519097328186,-0.3811711072921753,0.9206690788269043,0.9785146713256836,-0.06529062986373901,-0.1955663561820984,0.07084932923316956,0.9972540736198425,0.02155669778585434,0.19362188875675201,-0.03494929149746895,0.9804535508155823,0.9336065053939819,-0.35500335693359375,-0.048492491245269775,0.358231782913208,0.9274816513061523,0.10699427872896194,0.006992568727582693,-0.1172621101140976,0.9930763840675354,0.6556730270385742,-0.6415149569511414,0.39818519353866577,0.5883080959320068,0.7646236419677734,0.2631432116031647,-0.47327208518981934,0.06171965226531029,0.8787515163421631,0.8570414185523987,-0.11963273584842682,0.5011667013168335,0.24012009799480438,0.953326404094696,-0.18306048214435577,-0.455875426530838,0.2772306203842163,0.8457663655281067,0.7238161563873291,0.687001645565033,-0.06417857110500336,-0.5889037847518921,0.6635633111000061,0.46138495206832886,0.3595587909221649,-0.296162873506546,0.8848757147789001,0.9723196029663086,0.10218938440084457,-0.21012356877326965,-0.09443670511245728,0.9944381713867188,0.04663141444325447,0.21372012794017792,-0.025497261434793472,0.9765621423721313
25,-0.4437094032764435,-0.5963181257247925,-0.6689742803573608,0.7938762903213501,-0.6078864932060242,0.015312069095671177,0.4157913327217102,0.5242887139320374,-0.7431278228759766,0.9004042744636536,0.4167543053627014,0.12485210597515106,-0.4181746244430542,0.9082279801368713,-0.015872353687882423,-0.12000904232263565,-0.03791844844818115,0.9920483827590942,0.24934713542461395,0.7461368441581726,0.6173376441001892,-0.7841580510139465,0.5296292304992676,-0.32340216636657715,-0.5682623982429504,-0.4034509062767029,0.7171508073806763,0.6868827939033508,-0.0745614618062973,-0.7229333519935608,0.09411467611789703,0.9954732060432434,-0.013249061070382595,0.7206486463546753,-0.05893808603286743,0.6907907128334045,0.8255689740180969,0.10840862989425659,0.5537900328636169,-0.07731111347675323,0.9938482642173767,-0.07930093258619308,-0.5589801669120789,0.022654272615909576,0.828871488571167,0.6810420751571655,0.3545514941215515,-0.6406831741333008,-0.4230518937110901,0.904672384262085,0.0509406253695488,0.5976694226264954,0.23634950816631317,0.7661136388778687,0.9486138820648193,0.2621844410896301,-0.17717498540878296,-0.27031269669532776,0.9624984860420227,-0.02297303080558777,0.16450747847557068,0.0696851834654808,0.9839112162590027,0.9498946070671082,0.12113094329833984,0.2881450653076172,-0.09209457039833069,0.98939448595047,-0.11232591420412064,-0.29869529604911804,0.0801611840724945,0.9509759545326233,0.9856935739517212,0.14847278594970703,-0.07977471500635147,-0.1560932993888855,0.9826933741569519,-0.09974263608455658,0.06358501315116882,0.11076797544956207,0.991810142993927,0.9425877928733826,0.10792747884988785,-0.31603774428367615,-0.11988824605941772,0.9926133155822754,-0.018589377403259277,0.31169697642326355,0.05541133135557175,0.9485644698143005,0.981424868106842,0.11252550035715103,0.15538087487220764,-0.10721289366483688,0.9933407306671143,-0.04218516871333122,-0.15909305214881897,0.024742741137742996,0.9869534969329834,0.9321629405021667,0.31826964020729065,-0.1725592315196991,-0.3363717496395111,0.9376377463340759,-0.08768969029188156,0.1338890790939331,0.13978512585163116,0.9810881018638611,0.9627714157104492,0.24829065799713135,0.10687841475009918,-0.23587895929813385,0.964777946472168,-0.11646734923124313,-0.13203169405460358,0.08692106604576111,0.9874271154403687,-0.12151767313480377,-0.15646381676197052,0.9801798462867737,-0.9002950191497803,0.4332040548324585,-0.042462609708309174,-0.4179740250110626,-0.8876110315322876,-0.19350555539131165,0.8572057485580444,-0.4795481562614441,-0.18770143389701843,0.3735218346118927,0.8298954367637634,-0.41443338990211487,0.35451334714889526,0.2851441204547882,0.8905128240585327,0.4624670743942261,-0.8858674168586731,0.03692050650715828,0.5656484961509705,0.2627185881137848,-0.7816781401634216,0.6827635169029236,0.38238441944122314,0.6225882768630981
26,-0.6322917342185974,-0.4874765872955322,-0.6021409034729004,0.46340885758399963,-0.8608307838439941,0.21029169857501984,-0.6208537220954895,-0.14607173204421997,0.7701971530914307,0.07145293056964874,0.9253444671630859,-0.37233325839042664,-0.819697380065918,0.2671666741371155,0.5066736340522766,0.5683226585388184,0.26899728178977966,0.7775923013687134,0.7192360162734985,0.6837048530578613,0.12347954511642456,-0.6859896183013916,0.7270046472549438,-0.02970670349895954,-0.11008082330226898,-0.06333955377340317,0.9919023513793945,-0.13372740149497986,0.41912710666656494,-0.8980253338813782,-0.1769278347492218,0.8815089464187622,0.43776535987854004,0.9750967025756836,0.21742689609527588,-0.04372664541006088,0.12016397714614868,0.7042286992073059,-0.6997303366661072,-0.7887876629829407,0.4957086443901062,0.3634377121925354,0.6028056144714355,0.5082665085792542,0.6150532364845276,0.8772814869880676,-0.24431374669075012,0.4131440222263336,0.21807487308979034,0.9696729779243469,0.11035230755805969,-0.4275752007961273,-0.006713705137372017,0.9039548635482788,0.8862552642822266,-0.045736052095890045,0.4609336853027344,0.046320993453264236,0.9988760352134705,0.01005007978528738,-0.4608752727508545,0.012443969957530499,0.8873776793479919,0.9443230032920837,0.23481237888336182,0.2304716408252716,-0.1897476613521576,0.9609217047691345,-0.2015572339296341,-0.26879334449768066,0.14660367369651794,0.9519755840301514,0.9802849888801575,0.11638680845499039,0.15967287123203278,-0.10555867105722427,0.9916014075279236,-0.0747261717915535,-0.1670289933681488,0.05639808624982834,0.9843376278877258,0.9623828530311584,-0.23278896510601044,0.14010173082351685,0.21186019480228424,0.9658053517341614,0.14944998919963837,-0.17010129988193512,-0.11414612829685211,0.9787932634353638,0.7903817296028137,0.47588953375816345,-0.3857795298099518,-0.4995945394039154,0.8651576638221741,0.04367545619606972,0.35454481840133667,0.1582130640745163,0.9215565919876099,0.8987277150154114,0.38159582018852234,0.21603962779045105,-0.3566403388977051,0.9227297306060791,-0.1462104171514511,-0.25513947010040283,0.05435490980744362,0.9653752446174622,0.8702107667922974,-0.3043249547481537,0.387452632188797,0.2993524968624115,0.951207160949707,0.07478669285774231,-0.39130717515945435,0.05090472847223282,0.9188511371612549,0.24882544577121735,-0.015408436767756939,0.9684257507324219,0.5328232645988464,0.8371539115905762,-0.12358278781175613,-0.8088172078132629,0.5467503666877747,0.2165151685476303,0.5443726181983948,0.10802286863327026,0.8318590521812439,-0.5003123879432678,0.8377920985221863,0.21861356496810913,-0.6733096837997437,-0.5351966023445129,0.5101162791252136,0.6222519874572754,0.06713775545358658,0.7799326777458191,-0.2922784388065338,0.9441909193992615,0.15191052854061127,-0.7262064218521118,-0.3224841356277466,0.6071476340293884
27,0.1898593157529831,0.28719621896743774,-0.9388672709465027,0.7772901058197021,0.5402335524559021,0.3224404454231262,0.5998112559318542,-0.7909905314445496,-0.12066639959812164,0.7346909046173096,-0.5968538522720337,-0.3224821388721466,0.5983474254608154,0.794116199016571,-0.10658231377601624,0.3197023570537567,-0.11465131491422653,0.9405559301376343,0.30581560730934143,0.03710250183939934,0.9513675570487976,-0.11032318323850632,0.9938902854919434,-0.0032976376824080944,-0.9456773400306702,-0.10394942760467529,0.30804041028022766,-0.4608299136161804,0.4559749960899353,0.7613951563835144,-0.6213302612304688,0.446834921836853,-0.6436514854431152,-0.6337069272994995,-0.7696917057037354,0.07739616930484772,0.9597055315971375,-0.2806716859340668,0.013734961859881878,0.2797863185405731,0.9589446187019348,0.04631250724196434,-0.026169676333665848,-0.04060351476073265,0.9988325834274292,0.5884450078010559,-0.6072310209274292,-0.5338566899299622,0.6499778032302856,0.7479835748672485,-0.13434816896915436,0.4808964133262634,-0.2679384648799896,0.8348338603973389,0.9494706988334656,-0.2939585745334625,0.10997170209884644,0.28755784034729004,0.9551660418510437,0.07048647105693817,-0.12576134502887726,-0.03530161455273628,0.991432249546051,0.9713919162750244,-0.23314955830574036,-0.04515604302287102,0.2374698668718338,0.9555561542510986,0.17470116913318634,0.002417632145807147,-0.18042650818824768,0.9835854768753052,0.9151944518089294,-0.40039002895355225,0.045901283621788025,0.3722386658191681,0.8834614753723145,0.2844892740249634,-0.154458686709404,-0.24327675998210907,0.9575797319412231,0.8265365958213806,-0.28014472126960754,-0.48821738362312317,0.4225924611091614,0.8817840218544006,0.2094578742980957,0.3718237578868866,-0.37944158911705017,0.8472137451171875,0.8886252641677856,-0.4401293694972992,-0.12896215915679932,0.45058465003967285,0.8902548551559448,0.06648150086402893,0.08554872125387192,-0.11718551069498062,0.9894185066223145,0.9373223781585693,-0.14911141991615295,0.3149484097957611,0.12735092639923096,0.9878836274147034,0.08869979530572891,-0.3243585228919983,-0.04303133487701416,0.9449549317359924,0.5076465606689453,-0.6800819039344788,-0.5289457440376282,0.8391595482826233,0.5293947458267212,0.12470968812704086,0.19520828127861023,-0.5071783065795898,0.8394426107406616,0.8915303349494934,0.16060175001621246,0.42353367805480957,-0.263685405254364,0.9442808628082275,0.19698640704154968,-0.36829838156700134,-0.2872990071773529,0.8842033743858337,0.9816848039627075,-0.03482779115438461,-0.18730172514915466,0.023007359355688095,0.9976254105567932,-0.06491725891828537,0.18911787867546082,0.059418968856334686,0.9801549911499023,-0.02050967887043953,0.7350931167602539,-0.6776558756828308,-0.26500487327575684,0.6495577692985535,0.7126339673995972,0.9640289545059204,0.19419799745082855,0.1814810335636139
28,-0.9454910159111023,0.29928669333457947,-0.12835191190242767,0.02269570715725422,0.4537452459335327,0.8908423781394958,0.32485637068748474,0.8393704295158386,-0.4358045756816864,0.3419925272464752,0.7710433602333069,-0.5371529459953308,-0.6664817333221436,0.6019918322563171,0.43978172540664673,0.6624524593353271,0.20760053396224976,0.7197629809379578,-0.7489611506462097,-0.2525918185710907,-0.6125802397727966,0.05026477202773094,0.9001685380935669,-0.43263158202171326,0.6607046723365784,-0.35481545329093933,-0.661494791507721,0.973218560218811,-0.12488918751478195,0.19299812614917755,0.13114604353904724,0.9911625385284424,-0.019939487800002098,-0.18880228698253632,0.04471642151474953,0.9809964895248413,0.30345651507377625,-0.9107739329338074,-0.2800089120864868,0.9517183303833008,0.30400288105010986,0.04259591922163963,0.046328261494636536,-0.27941563725471497,0.9590519070625305,0.826020359992981,-0.39916086196899414,-0.39794591069221497,0.41637715697288513,0.9080023169517517,-0.04649621993303299,0.37989526987075806,-0.12728875875473022,0.9162298440933228,0.9060146808624268,0.09988410025835037,-0.41129133105278015,-0.10529448837041855,0.9943952560424805,0.009545378386974335,0.40993958711624146,0.03465845808386803,0.9114539623260498,0.8984585404396057,-0.056840769946575165,0.4353635311126709,0.0505819246172905,0.9983823895454407,0.02596234902739525,-0.43613502383232117,-0.00130456720944494,0.8998802900314331,0.9227414727210999,0.1498740166425705,-0.3550858795642853,-0.19726303219795227,0.9751303791999817,-0.10103490203619003,0.33111250400543213,0.16327440738677979,0.9293578267097473,0.5803027749061584,-0.134397491812706,-0.8032346963882446,0.4220265746116638,0.8931561708450317,0.15545299649238586,0.696521520614624,-0.42919617891311646,0.5750203132629395,0.7127225995063782,-0.6990033984184265,0.058487288653850555,0.6846215724945068,0.7113577723503113,0.15894465148448944,-0.1527082324028015,-0.07324177771806717,0.9855535626411438,0.9245889186859131,-0.36033907532691956,0.12365704774856567,0.3417835533618927,0.9279611110687256,0.1485670804977417,-0.16828346252441406,-0.09509953111410141,0.9811405539512634,-0.3166716992855072,0.20883788168430328,-0.9252598285675049,0.4194329082965851,0.9057425260543823,0.060881081968545914,0.8507614731788635,-0.3688051104545593,-0.3744165003299713,-0.04079644754528999,0.6619370579719543,-0.748448371887207,0.12687191367149353,0.7464405298233032,0.653245747089386,0.9910798072814941,-0.06830696761608124,-0.11443334072828293,-0.4156508445739746,-0.2732013165950775,0.8675225973129272,0.635226309299469,0.595442533493042,0.49186965823173523,-0.6509392857551575,0.7555192112922668,-0.07395152002573013,0.6641282439231873,-0.5702046155929565,0.48352906107902527,0.7414910197257996,0.585011899471283,-0.3285607397556305,-0.09552338719367981,0.5767388939857483,0.8113245368003845
29,-0.05151808261871338,-0.9080994129180908,-0.4155735671520233,0.7633987665176392,-0.3040968179702759,0.5698661208152771,-0.6438696980476379,-0.2878899574279785,0.7089084386825562,-0.6211152076721191,-0.6688922643661499,-0.4084104299545288,0.682063639163971,-0.20468097925186157,-0.7020647525787354,0.3860118091106415,-0.7146249413490295,0.583357572555542,-0.4926915764808655,-0.16150321066379547,-0.8550857901573181,-0.0031510049011558294,0.9829514622688293,-0.1838380992412567,0.8701983094215393,-0.08788110315799713,-0.4848008155822754,0.8708009123802185,0.1926223784685135,-0.45232999324798584,-0.16550445556640625,0.9812051057815552,0.09922098368406296,0.46294069290161133,-0.011539089493453503,0.8863141536712646,0.05908693000674248,0.23486407101154327,-0.9702306985855103,-0.18404585123062134,0.9578303694725037,0.2206539362668991,0.9811400771141052,0.16552917659282684,0.09982100874185562,0.6420013904571533,0.6760839819908142,0.3615863025188446,-0.6390997171401978,0.7324264645576477,-0.23474033176898956,-0.42353954911231995,-0.08038607984781265,0.9023038744926453,0.6334465146064758,-0.44026315212249756,0.6363284587860107,0.386036217212677,0.8925144076347351,0.23322534561157227,-0.6706128120422363,0.09791003167629242,0.7353176474571228,0.7335057854652405,-0.36324211955070496,-0.5744775533676147,0.5791642665863037,0.7763868570327759,0.24858048558235168,0.35572192072868347,-0.515052080154419,0.7798610925674438,0.6638360023498535,0.15141786634922028,0.732389509677887,-0.11124803870916367,0.988387405872345,-0.10350920259952545,-0.7395577430725098,-0.012763764709234238,0.6729720830917358,0.9978402853012085,0.06515797972679138,-0.008318970911204815,-0.06546185910701752,0.9968888759613037,-0.043901603668928146,0.005432549398392439,0.04435136169195175,0.9990012049674988,0.3050682842731476,-0.01765035092830658,-0.9521669149398804,0.1563635915517807,0.9871875643730164,0.031798381358385086,0.9394060969352722,-0.15858490765094757,0.3039194941520691,0.90982586145401,0.0915263295173645,0.4047713577747345,-0.09113018959760666,0.9956322312355042,-0.02029283158481121,-0.4048607349395752,-0.01842394843697548,0.9141927361488342,0.6846914887428284,0.17602773010730743,0.7072564959526062,-0.020489752292633057,0.9746612906455994,-0.22274555265903473,-0.7285449504852295,0.13802048563957214,0.6709490418434143,0.9620921015739441,0.03369468078017235,-0.27063533663749695,-0.022924261167645454,0.998818039894104,0.04286063462495804,0.27175962924957275,-0.0350317619740963,0.9617273211479187,-0.7319324612617493,0.48619651794433594,-0.4773760139942169,-0.1320517510175705,0.5861051082611084,0.7994017601013184,0.6684588193893433,0.648146390914917,-0.36478620767593384,0.40170490741729736,0.9157688617706299,-0.0007719992427155375,-0.6143129467964172,0.2700953185558319,0.7413960695266724,0.6791558861732483,-0.29734817147254944,0.6710672974586487
30,0.23882901668548584,-0.5520263314247131,-0.7988914847373962,0.549126923084259,-0.6017484068870544,0.5799641609191895,-0.8008872270584106,-0.5772051215171814,0.1594175547361374,-0.08193322271108627,0.961129903793335,0.2636593282222748,-0.979795515537262,-0.029249325394630432,-0.1978515386581421,-0.18244916200637817,-0.27454283833503723,0.9441072940826416,0.9710543155670166,0.0912666767835617,-0.22073498368263245,-0.0938633605837822,0.99558424949646,-0.0012809711042791605,0.21964336931705475,0.02196281962096691,0.9753329753875732,-0.09108715504407883,-0.9146603345870972,-0.39382684230804443,0.7613773345947266,0.19093982875347137,-0.6195535063743591,0.6418782472610474,-0.3562842011451721,0.6790094971656799,-0.21550410985946655,0.6722018718719482,-0.7083097100257874,-0.7990543246269226,0.2955554723739624,0.5236020684242249,0.5613111257553101,0.6788163185119629,0.47343239188194275,0.44025522470474243,0.25710657238960266,0.8602741360664368,-0.2682754397392273,0.9520242810249329,-0.14723451435565948,-0.8568568229675293,-0.1659696400165558,0.4881090521812439,0.37263551354408264,-0.9155229926109314,-0.15152688324451447,0.923899233341217,0.35072603821754456,0.152975395321846,-0.08690807223320007,-0.19699962437152863,0.9765439629554749,0.9488422870635986,-0.2867107391357422,0.132269486784935,0.25411421060562134,0.942035436630249,0.2190781533718109,-0.18741460144519806,-0.17425906658172607,0.9667003154754639,0.8641528487205505,0.15018363296985626,0.4802964925765991,-0.1186632439494133,0.9883274435997009,-0.09553979337215424,-0.48903870582580566,0.025567447766661644,0.8718872666358948,0.6325745582580566,0.2687344253063202,-0.7263822555541992,-0.3973831534385681,0.9176292419433594,-0.006574921775609255,0.664782702922821,0.29281121492385864,0.6872594356536865,0.7588487863540649,0.21413666009902954,-0.6150560975074768,-0.20446188747882843,0.9749841094017029,0.08718584477901459,0.6183395981788635,0.05959465354681015,0.7836483120918274,-0.2202557474374771,0.6335412263870239,-0.7416960000991821,-0.9745388031005859,-0.1102050170302391,0.1952664703130722,0.041970737278461456,0.7658200860023499,0.64168381690979,-0.21815316379070282,-0.3919449746608734,0.8937495946884155,0.47612372040748596,0.7566760182380676,0.4480486214160919,-0.8518893122673035,0.5232785940170288,0.021543029695749283,0.46515583992004395,-0.19825157523155212,-0.8627434968948364,0.056041374802589417,0.9792394638061523,-0.19480621814727783,0.8834531307220459,0.04226591810584068,0.46660923957824707,0.22942639887332916,-0.11348928511142731,0.9666869640350342,-0.3684706687927246,0.9091328382492065,0.19418254494667053,-0.9008845090866089,-0.4007464051246643,0.1667615920305252,0.4100337326526642,0.06224847584962845,0.9099436402320862,-0.4825951159000397,0.8613753914833069,0.1585383415222168,-0.7739343047142029,-0.5041404366493225,0.3832337558269501
31,-0.5816298723220825,-0.45407986640930176,-0.6749208569526672,0.040028635412454605,-0.84466952085495,0.5337893962860107,0.8124681115150452,-0.2834516763687134,-0.5094612240791321,0.3358820974826813,0.8818333745002747,0.3309881091117859,-0.8947681784629822,0.40849611163139343,-0.1803354024887085,-0.29423314332962036,-0.23558619618415833,0.9262429475784302,0.6529603600502014,-0.2539311647415161,0.7135556936264038,0.2179599106311798,0.9652674198150635,0.14405646920204163,-0.7253525257110596,0.0614633709192276,0.6856281757354736,-0.9501408338546753,0.051789216697216034,0.3074902594089508,-0.12963557243347168,0.8312476873397827,-0.5405755639076233,-0.28359654545783997,-0.5534846186637878,-0.7830886244773865,0.8500902652740479,0.5242207050323486,-0.050390392541885376,-0.526625394821167,0.8468061685562134,-0.07473307847976685,0.0034942675847560167,0.09006672352552414,0.9959295988082886,0.3923908770084381,0.6873497366905212,0.6112116575241089,-0.6260718703269958,0.6864039897918701,-0.36997780203819275,-0.6738423109054565,-0.23748649656772614,0.6996690034866333,0.511375904083252,-0.007582566700875759,-0.8593236804008484,0.007757463026791811,0.9999610781669617,-0.004207136109471321,0.8593221306800842,-0.004514743573963642,0.5114148259162903,0.9066523313522339,0.1276806890964508,-0.4020935297012329,-0.16451393067836761,0.9846512079238892,-0.058284904807806015,0.3884800374507904,0.11899413168430328,0.9137415885925293,0.6398765444755554,-0.04736381396651268,0.7670167684555054,-0.009360766038298607,0.9975444078445435,0.06940818578004837,-0.7684207558631897,-0.05159253254532814,0.6378619074821472,0.43152791261672974,0.2773847281932831,-0.8583946824073792,-0.4694667160511017,0.8815964460372925,0.04887426272034645,0.770314633846283,0.38189712166786194,0.5106563568115234,0.8859205842018127,0.42629414796829224,-0.1828058660030365,-0.43799158930778503,0.8985676169395447,-0.0271963719278574,0.1526697725057602,0.10416126251220703,0.9827727675437927,0.5160809755325317,-0.161906898021698,0.841098427772522,0.0523369126021862,0.9860982298851013,0.15770570933818817,-0.854939341545105,-0.037368420511484146,0.5173802971839905,0.2627616226673126,0.7173480987548828,-0.6452658772468567,-0.839775800704956,0.49934160709381104,0.21315382421016693,0.47511357069015503,0.48587003350257874,0.7336193919181824,-0.7516714334487915,-0.008309846743941307,-0.6594854593276978,0.03726622462272644,0.9977880120277405,-0.055048100650310516,0.6584841012954712,-0.06595461815595627,-0.749699056148529,-0.5780207514762878,-0.7908926606178284,-0.20094966888427734,-0.49710315465927124,0.5365629196166992,-0.6819007992744446,0.6471325159072876,-0.2942601144313812,-0.7032997608184814,0.9764928221702576,0.07871732115745544,0.20066219568252563,-0.09796328842639923,0.9913052320480347,0.08784693479537964,-0.19200241565704346,-0.1054394319653511,0.9757139086723328
32,-0.010005826130509377,-0.5166208744049072,-0.8561558127403259,0.5299724340438843,-0.7287948131561279,0.4335750639438629,0.8479558229446411,0.4494006931781769,-0.2810870409011841,0.821378231048584,0.47418391704559326,0.3169974684715271,-0.4721916913986206,0.8770484328269958,-0.08843689411878586,-0.3199574947357178,-0.07704342901706696,0.9442942142486572,0.8051624298095703,-0.11327913403511047,0.5821351408958435,0.0927896648645401,0.9935618042945862,0.06500048190355301,-0.5857504606246948,0.0016801815945655107,0.8104897141456604,-0.715482771396637,-0.6827797293663025,-0.14797373116016388,0.44564899802207947,-0.2829268276691437,-0.8493229150772095,0.5380347371101379,-0.6736202239990234,0.5067093968391418,0.9744061231613159,0.16341346502304077,0.1543656587600708,-0.1578396111726761,0.9863079786300659,-0.04778333753347397,-0.16006051003932953,0.0221953596919775,0.9868576526641846,0.9100059866905212,0.27955400943756104,0.30616769194602966,-0.27146074175834656,0.959926962852478,-0.06963680684566498,-0.3133658766746521,-0.01974259875714779,0.9494272470474243,0.8172674179077148,0.24989283084869385,-0.5192567110061646,-0.27795520424842834,0.9602775573730469,0.024655897170305252,0.5047918558120728,0.12417963147163391,0.8542625904083252,0.7376503944396973,0.33975663781166077,-0.5834701061248779,-0.5213826298713684,0.8357004523277283,-0.17252524197101593,0.42898961901664734,0.4314744770526886,0.793597936630249,0.6605352759361267,-0.5048820376396179,0.5556862950325012,0.26966163516044617,0.8502811193466187,0.4520007371902466,-0.7006966471672058,-0.14871513843536377,0.6977879405021667,0.6044923067092896,0.4548213481903076,-0.6540080904960632,-0.6872926354408264,0.7128576040267944,-0.139509379863739,0.402762770652771,0.5338273048400879,0.7435122728347778,0.8581184148788452,0.4512573480606079,-0.2449481189250946,-0.4678950905799866,0.8837139010429382,-0.01113303191959858,0.21144019067287445,0.12416347861289978,0.9694722890853882,0.5784205198287964,-0.5185074806213379,0.6297457218170166,0.3534873425960541,0.8550671935081482,0.3793505132198334,-0.7351709604263306,0.0031830177176743746,0.6778742671012878,0.6139670014381409,0.5501311421394348,-0.5660390853881836,-0.6006523370742798,0.790881872177124,0.1171439066529274,0.5121145248413086,0.26807019114494324,0.8160129189491272,0.38870537281036377,0.5495883822441101,0.7395003437995911,-0.6425134539604187,-0.4135698080062866,0.645086407661438,0.6603670120239258,-0.7258874773979187,0.19236111640930176,0.16386525332927704,-0.5517287850379944,0.8177673816680908,0.9539378881454468,0.29979825019836426,0.011115685105323792,-0.25129806995391846,0.7782778143882751,0.5754414796829224,0.921741783618927,0.027995694428682327,0.3867924213409424,-0.06777273863554001,0.9936707615852356,0.08958412706851959,-0.38183632493019104,-0.1087874099612236,0.9178051352500916
33,-0.07019336521625519,-0.5090875625610352,-0.8578477501869202,0.581936240196228,-0.7193673849105835,0.379289835691452,0.8101994395256042,0.47258904576301575,-0.34675130248069763,0.7713068723678589,0.4821629822254181,0.4154570996761322,-0.47256436944007874,0.8711044192314148,-0.13364116847515106,-0.4263433516025543,-0.09325186908245087,0.8997418880462646,0.7678662538528442,-0.23681114614009857,0.5952326059341431,0.21724410355091095,0.9703660011291504,0.10580579191446304,-0.6026495099067688,0.04806608706712723,0.7965571284294128,-0.9322869181632996,-0.08694083988666534,0.351115882396698,0.09608115255832672,-0.9953358769416809,0.00865773856639862,0.34872549772262573,0.04180711507797241,0.9362919926643372,0.9928185343742371,0.037056807428598404,0.11374605447053909,-0.03561297431588173,0.9992575645446777,-0.014700043015182018,-0.11420633643865585,0.0105436397716403,0.9934011101722717,0.7862393856048584,0.45903652906417847,0.41365817189216614,-0.43791723251342773,0.8862268328666687,-0.15109752118587494,-0.4359542727470398,-0.06234920397400856,0.8978064656257629,0.7796266078948975,0.3436109721660614,-0.5235587954521179,-0.38175225257873535,0.9234984517097473,0.03762708231806755,0.4964348077774048,0.17053468525409698,0.8511582612991333,0.7938810586929321,0.3449675440788269,-0.5007496476173401,-0.4912591278553009,0.8491706252098083,-0.19383938610553741,0.3583536148071289,0.3998832702636719,0.8436089754104614,0.8436266183853149,0.49126699566841125,-0.21668149530887604,-0.5368201732635498,0.7798947095870972,-0.3218514919281006,0.010873747989535332,0.38784146308898926,0.9216619729995728,0.7010886073112488,-0.6958810687065125,0.15564154088497162,0.5445398688316345,0.6633986830711365,0.5132041573524475,-0.4603814482688904,-0.27504855394363403,0.8440362811088562,0.9296594858169556,0.2974969446659088,-0.21732193231582642,-0.3062666058540344,0.9519197344779968,-0.007042303215712309,0.20477797091007233,0.07310539484024048,0.9760745763778687,0.7070838212966919,-0.35553938150405884,0.6112480759620667,0.25015583634376526,0.9342789649963379,0.2540569603443146,-0.661403477191925,-0.026732295751571655,0.7495537400245667,0.7383368015289307,0.5510146617889404,-0.3888978958129883,-0.5961845517158508,0.802827775478363,0.005618211813271046,0.31531375646591187,0.22770678997039795,0.9212637543678284,0.3364340662956238,0.4174344837665558,0.8441330194473267,-0.7244768142700195,-0.4579341411590576,0.5151986479759216,0.6016190052032471,-0.7848852276802063,0.14835697412490845,-0.03177385777235031,-0.3996880352497101,0.9161003828048706,0.7550175189971924,0.5909937620162964,0.28403323888778687,-0.654934287071228,0.7006966471672058,0.2829933166503906,0.9914941191673279,-0.07068546861410141,-0.10928413271903992,0.06309350579977036,0.9954476952552795,-0.07143623381853104,0.1138361394405365,0.06393348425626755,0.9914402961730957
34,-0.07021427154541016,-0.5091239213943481,-0.857824444770813,0.5817963480949402,-0.7194382548332214,0.37936997413635254,0.8102980852127075,0.4724419414997101,-0.34672126173973083,0.7717199325561523,0.48061612248420715,0.4164811074733734,-0.4701458811759949,0.8721559047698975,-0.13530319929122925,-0.42826536297798157,-0.0913907140493393,0.8990197777748108,0.7685663104057312,-0.23588910698890686,0.594694972038269,0.21712838113307953,0.9705480933189392,0.10436301678419113,-0.6017981767654419,0.04891525208950043,0.7971488237380981,-0.9306828379631042,-0.07080106437206268,0.35891035199165344,0.1140049621462822,-0.9883683919906616,0.10065166652202606,0.34760940074920654,0.13459233939647675,0.9279292225837708,0.992821455001831,0.037332791835069656,0.11363045126199722,-0.035889822989702225,0.9992473721504211,-0.014718830585479736,-0.11409442126750946,0.01053499337285757,0.993414044380188,0.7868166565895081,0.4585541784763336,0.4130951762199402,-0.4376605749130249,0.8864696621894836,-0.1504151076078415,-0.4351698160171509,-0.062446363270282745,0.8981801867485046,0.779690682888031,0.3439065217971802,-0.5232692956924438,-0.3814231753349304,0.9235911965370178,0.038674041628837585,0.4965871572494507,0.16943323612213135,0.8512893915176392,0.7938451170921326,0.3444826006889343,-0.5011403560638428,-0.49071308970451355,0.8496069312095642,-0.19330987334251404,0.3591804504394531,0.39937424659729004,0.8434984087944031,0.8440514206886292,0.49082937836647034,-0.2160179615020752,-0.5361645817756653,0.7800903916358948,-0.32246944308280945,0.010236064903438091,0.3880019783973694,0.9216017127037048,0.7016493678092957,-0.6953813433647156,0.15534794330596924,0.5448014140129089,0.6640975475311279,0.5120214223861694,-0.45921632647514343,-0.2746257185935974,0.8448083400726318,0.9291780591011047,0.2985675632953644,-0.21791177988052368,-0.3074656128883362,0.9515310525894165,-0.007314722053706646,0.20516589283943176,0.07379705458879471,0.9759410619735718,0.7072881460189819,-0.3567732870578766,0.6102920174598694,0.25201132893562317,0.9338361620903015,0.25385090708732605,-0.6604799628257751,-0.025745242834091187,0.7504021525382996,0.7390695214271545,0.5505075454711914,-0.3882237374782562,-0.5953937768936157,0.8034132122993469,0.005789595190435648,0.3150912821292877,0.22686709463596344,0.9215469360351562,0.33225706219673157,0.4168017506599426,0.8460978269577026,-0.724894106388092,-0.4610784947872162,0.5117959976196289,0.6034349799156189,-0.7833791971206665,0.1489405483007431,-0.03094160370528698,-0.399759441614151,0.9160977005958557,0.7542954087257385,0.5920187830924988,0.2838171124458313,-0.6558056473731995,0.6997900605201721,0.2832186818122864,0.9916766285896301,-0.07125930488109589,-0.10723588615655899,0.06379996985197067,0.9954012036323547,-0.07145608961582184,0.11183464527130127,0.06401968747377396,0.9916625022888184
35,0.2767578959465027,-0.277106374502182,-0.920117974281311,0.9409400820732117,-0.11618835479021072,0.31801262497901917,0.1950303167104721,0.9537883996963501,-0.2285844385623932,0.9491623044013977,-0.3031449019908905,-0.08481822907924652,0.3023090660572052,0.9529362320899963,-0.022841572761535645,0.08775067329406738,-0.003960960544645786,0.9961345791816711,0.45557668805122375,0.048137299716472626,0.8888940811157227,-0.10924716293811798,0.9940122365951538,0.0021615547593683004,-0.8834675550460815,-0.0980939045548439,0.45810768008232117,-0.5514776110649109,-0.3831884562969208,0.7409716844558716,0.7368177771568298,0.19271044433116913,0.6480449438095093,-0.39111632108688354,0.9033433794975281,0.17606456577777863,0.7272032499313354,-0.6862372756004333,0.01593136601150036,0.6791417598724365,0.7226678729057312,0.12852078676223755,-0.09970883280038834,-0.08264108002185822,0.9915788173675537,0.3641917109489441,0.6977204084396362,-0.6168878674507141,-0.8153426051139832,0.5589770078659058,0.15086804330348969,0.45008984208106995,0.448030024766922,0.7724559903144836,0.8262585997581482,0.5602452754974365,-0.058497268706560135,-0.5632431507110596,0.820368766784668,-0.09875357896089554,-0.007336894050240517,0.11454418301582336,0.9933910369873047,0.9879426956176758,0.026725992560386658,0.1524958610534668,-0.02252548560500145,0.9993195533752441,-0.029206812381744385,-0.15317268669605255,0.02541961334645748,0.9878724217414856,0.9794673323631287,-0.015485886484384537,-0.20100738108158112,0.015330580994486809,0.999879777431488,-0.0023293779231607914,0.201019287109375,-0.0008000105153769255,0.9795869588851929,0.8088146448135376,0.5819231867790222,-0.08476009219884872,-0.5601440072059631,0.7184855937957764,-0.41233134269714355,-0.17904627323150635,0.3809775114059448,0.9070824384689331,0.965241014957428,-0.25872042775154114,-0.03706175833940506,0.26026424765586853,0.9644558429718018,0.045688655227422714,0.0239238403737545,-0.053746409714221954,0.9982680082321167,0.5471936464309692,-0.0011798476334661245,0.8370051980018616,-0.05384717509150505,0.9978778958320618,0.03660930320620537,-0.8352721333503723,-0.06510274112224579,0.5459688901901245,0.553479790687561,0.7674624919891357,-0.3235142230987549,-0.8252127766609192,0.5578596591949463,-0.08841098845005035,0.1126234158873558,0.3159017860889435,0.9420838952064514,0.8016451597213745,0.28755632042884827,0.5240957736968994,-0.5132039785385132,0.7806476354598999,0.3566663861274719,-0.30657243728637695,-0.5548879504203796,0.7733774781227112,0.9050184488296509,-0.21178366243839264,-0.36890286207199097,0.12853173911571503,0.9628598690032959,-0.23744569718837738,0.40548887848854065,0.16747701168060303,0.8986268639564514,0.9642660021781921,-0.21631428599357605,-0.15296806395053864,0.18560567498207092,0.9635663628578186,-0.1925886869430542,0.18905456364154816,0.1573149859905243,0.969283401966095
36,0.019717048853635788,-0.3657394349575043,-0.9305084347724915,0.9008951783180237,-0.39711567759513855,0.175177201628685,-0.4335886836051941,-0.8417444825172424,0.321662962436676,0.5499172806739807,0.8280017971992493,0.1095627099275589,-0.8334173560142517,0.5526010394096375,0.006900086998939514,-0.05483118072152138,-0.09510593861341476,0.9939559102058411,0.6827136874198914,0.6482561826705933,0.33714380860328674,-0.6583089232444763,0.7459179759025574,-0.10117167234420776,-0.3170667886734009,-0.15287350118160248,0.9360012412071228,-0.12188717722892761,0.9911898970603943,-0.051827967166900635,-0.882517397403717,-0.08433196693658829,0.4626566767692566,0.4542098641395569,0.10213099420070648,0.8850212693214417,0.3503277599811554,0.7551771402359009,-0.55405592918396,-0.8251522183418274,0.5287302732467651,0.19891728460788727,0.4431639611721039,0.3874942362308502,0.808364987373352,0.5972843766212463,-0.4656068980693817,0.6530402302742004,0.3739236295223236,0.8819873332977295,0.2868439555168152,-0.7095297574996948,0.07285977900028229,0.7008987069129944,0.8123795390129089,0.418162077665329,0.4064233601093292,-0.3816247880458832,0.908237636089325,-0.17165929079055786,-0.4409103989601135,-0.01564873196184635,0.8974146842956543,0.9724838137626648,-0.037397436797618866,0.22994926571846008,0.03406701982021332,0.9992494583129883,0.018437737599015236,-0.23046620190143585,-0.010096714831888676,0.9730279445648193,0.9309290647506714,0.027242867276072502,-0.36418256163597107,-0.04403194785118103,0.9983118772506714,-0.03787590190768242,0.36253592371940613,0.0512954443693161,0.9305570721626282,0.7053422331809998,-0.4001128673553467,0.5851513147354126,0.28428998589515686,0.9158479571342468,0.28355199098587036,-0.6493624448776245,-0.033648524433374405,0.7597343325614929,0.9137534499168396,0.38580521941185,-0.1273145228624344,-0.3931472897529602,0.9187023639678955,-0.03769799321889877,0.10242007672786713,0.0845000296831131,0.9911457300186157,0.5845645666122437,0.7683486938476562,-0.26062339544296265,-0.8112810254096985,0.5494376420974731,-0.19985339045524597,-0.010360786691308022,0.3282660245895386,0.9445285201072693,-0.1635671854019165,-0.8989723920822144,0.40631815791130066,0.7064977288246155,0.18072199821472168,0.6842517852783203,-0.6885541081428528,0.39898398518562317,0.6055617332458496,0.5870575904846191,-0.048825331032276154,0.8080714344978333,0.30143290758132935,0.9395871162414551,-0.16221687197685242,-0.7513331770896912,0.3388099670410156,0.5663092732429504,0.6860750913619995,0.7271904349327087,-0.022248923778533936,-0.6259273290634155,0.6055728793144226,0.4914229214191437,0.3708314001560211,-0.32322680950164795,0.8706368207931519,0.8529764413833618,0.07085922360420227,-0.5171172022819519,-0.08305290341377258,0.9965450167655945,-0.0004404432256706059,0.515299379825592,0.04332377016544342,0.8559144735336304
37,0.2865568995475769,0.5164316296577454,-0.8069594502449036,0.759497344493866,0.3909679353237152,0.5199114084243774,0.5839939713478088,-0.7618677616119385,-0.28019386529922485,0.864432156085968,-0.49760618805885315,-0.07172945886850357,0.49552956223487854,0.8673945069313049,-0.045576613396406174,0.08489694446325302,0.0038538214284926653,0.9963822960853577,0.9739152789115906,-0.18935054540634155,0.1250413954257965,0.18865236639976501,0.9818878173828125,0.017510704696178436,-0.12609228491783142,0.006535411812365055,0.9919970035552979,-0.8219315409660339,0.3803057074546814,0.42402371764183044,-0.5564932227134705,-0.6948781609535217,-0.45547741651535034,0.12142416089773178,-0.6103375554084778,0.7827798128128052,0.8945848345756531,-0.3372556269168854,-0.2932177186012268,0.3591672480106354,0.9329978823661804,0.022668369114398956,0.2659264802932739,-0.12559297680854797,0.9557769298553467,0.9922893643379211,-0.1038057804107666,-0.0677216649055481,0.10465537011623383,0.9944668412208557,0.009110859595239162,0.06640118360519409,-0.016128044575452805,0.9976626634597778,0.8275353312492371,-0.560213029384613,-0.03669697418808937,0.5606809258460999,0.8213493227958679,0.10498669743537903,-0.02867387980222702,-0.10745549201965332,0.9937963485717773,0.9796291589736938,-0.069839708507061,-0.18827944993972778,0.08265063166618347,0.9947060346603394,0.06106342375278473,0.1830180436372757,-0.07538092881441116,0.980215311050415,0.9565660953521729,0.21413318812847137,-0.19780881702899933,-0.24394482374191284,0.9594833850860596,-0.14100535213947296,0.1596003621816635,0.18313537538051605,0.9700459837913513,0.6114581227302551,-0.7829469442367554,-0.11451195925474167,0.6937050819396973,0.4607994258403778,0.55356764793396,-0.38064706325531006,-0.4179209768772125,0.8248938322067261,0.9547860622406006,-0.23727931082248688,-0.17911465466022491,0.24782247841358185,0.9680341482162476,0.03865110129117966,0.1642179936170578,-0.08129217475652695,0.9830687046051025,0.9453377723693848,-0.2899242341518402,-0.14926613867282867,0.3018348515033722,0.9512074589729309,0.0640319362282753,0.1234186515212059,-0.10558553040027618,0.9867216348648071,0.8600276708602905,-0.5045517086982727,0.07602596282958984,0.4884903132915497,0.8572105169296265,0.1629948914051056,-0.1474096029996872,-0.10304217040538788,0.9836934208869934,0.8153376579284668,-0.3354995548725128,0.4718734920024872,0.54810631275177,0.7098641991615295,-0.44234856963157654,-0.18655836582183838,0.6193003058433533,0.7626684308052063,0.5149309635162354,0.6821886301040649,0.5190998911857605,-0.8443670868873596,0.29911935329437256,0.4444904923439026,0.14795354008674622,-0.667192816734314,0.7300434708595276,0.7979360818862915,-0.48594042658805847,-0.35659483075141907,0.3002787232398987,0.8334649801254272,-0.46386289596557617,0.5226190686225891,0.26305511593818665,0.810969352722168
38,0.2964271008968353,0.421726256608963,-0.856900155544281,0.7128437161445618,0.4994136691093445,0.4923818111419678,0.6355980038642883,-0.7567912340164185,-0.15258516371250153,0.8821167945861816,-0.4389961063861847,-0.17074081301689148,0.4376039206981659,0.8978980779647827,-0.047768354415893555,0.17427797615528107,-0.032579582184553146,0.984157383441925,0.8084233999252319,-0.5672369599342346,0.15714271366596222,0.5659402012825012,0.8224519491195679,0.05731004849076271,-0.1617507040500641,0.042602598667144775,0.9859116077423096,0.4280640780925751,-0.1223895326256752,-0.8954227566719055,0.1322963833808899,0.988600492477417,-0.0718800351023674,0.8940127491950989,-0.08769193291664124,0.4393760561943054,0.8995755314826965,-0.3580181896686554,-0.2501737177371979,0.37686291337013245,0.925774335861206,0.030269315466284752,0.22076743841171265,-0.12151072919368744,0.9677276611328125,0.9271353483200073,-0.31643539667129517,0.20072050392627716,0.30315935611724854,0.9482342004776001,0.09458480775356293,-0.22026002407073975,-0.026842622086405754,0.9750717878341675,0.765589714050293,-0.5343010425567627,-0.3583221733570099,0.5747249126434326,0.8183099031448364,0.007757426239550114,0.28907376527786255,-0.21187569200992584,0.9335657954216003,0.9828963279724121,-0.1746075600385666,-0.05854024738073349,0.18097104132175446,0.9746761322021484,0.1313619315624237,0.03412099927663803,-0.1397092491388321,0.9896045327186584,0.9929807782173157,0.03338831663131714,0.11346545815467834,-0.03167494386434555,0.9993558526039124,-0.016870342195034027,-0.11395563930273056,0.013157912530004978,0.9933987259864807,0.8489524126052856,-0.05096618831157684,-0.5260059833526611,0.12258362770080566,0.9871826767921448,0.10219414532184601,0.5140555500984192,-0.15123768150806427,0.844318687915802,0.9304254055023193,-0.29374781250953674,-0.21913652122020721,0.3098733425140381,0.9498294591903687,0.04245622083544731,0.19567090272903442,-0.10740691423416138,0.9747700691223145,0.9682490825653076,0.00015733999316580594,0.2499873787164688,-0.004718729294836521,0.9998331665992737,0.017647258937358856,-0.24994288384914398,-0.01826656423509121,0.9680882692337036,0.8016995191574097,-0.5759444832801819,0.15989327430725098,0.5459021329879761,0.8144587278366089,0.19659067690372467,-0.243451789021492,-0.07032057642936707,0.9673604369163513,0.9934594035148621,-0.11039835959672928,-0.02916494570672512,0.10580963641405106,0.9860699772834778,-0.12833675742149353,0.0429268442094326,0.12441141903400421,0.9913017153739929,0.9592159390449524,0.229297935962677,0.1653093546628952,-0.2577004134654999,0.9496816396713257,0.17803175747394562,-0.11616893857717514,-0.21337120234966278,0.970039963722229,0.929056704044342,0.2629481852054596,-0.2602151334285736,-0.22592690587043762,0.9602853059768677,0.16373515129089355,0.2929346263408661,-0.09332963824272156,0.9515665173530579
39,0.321223646402359,0.3244590163230896,-0.8896862864494324,0.8796215057373047,0.2458149492740631,0.4072358012199402,0.35082951188087463,-0.9134010076522827,-0.2064395546913147,0.9833061099052429,-0.1366000771522522,-0.12020602822303772,0.13730581104755402,0.9905257225036621,-0.0024312895257025957,0.11939927935600281,-0.014114283956587315,0.9927459955215454,0.6971762180328369,-0.48927733302116394,-0.5239781141281128,0.4687507748603821,0.864123523235321,-0.18320263922214508,0.5424187183380127,-0.1178906112909317,0.8317955136299133,0.7845751047134399,0.5412366390228271,0.30249759554862976,-0.5687654614448547,0.8224920630455017,0.0035584010183811188,-0.24687592685222626,-0.1748420149087906,0.9531435370445251,0.9660383462905884,-0.14964458346366882,-0.210657000541687,0.15751969814300537,0.9872921705245972,0.02101588062942028,0.20483510196208954,-0.05348477512598038,0.9773340821266174,-0.17628918588161469,0.3707958459854126,-0.9118292331695557,-0.6238952279090881,0.674411952495575,0.39487123489379883,0.7613651156425476,0.6384974122047424,0.11244622617959976,0.076411172747612,0.8591744303703308,-0.5059452652931213,-0.9737889766693115,0.17333267629146576,0.1472780704498291,0.2142343968153,0.4814302623271942,0.8498991131782532,0.9897249937057495,-0.10228992253541946,-0.09990624338388443,0.11037903279066086,0.9907370209693909,0.0790989100933075,0.09088978916406631,-0.08931372314691544,0.991847813129425,0.9827938675880432,0.13637126982212067,0.12457586824893951,-0.12595704197883606,0.9881253242492676,-0.08799535781145096,-0.13509660959243774,0.07079008221626282,0.9883003830909729,0.942110002040863,-0.033629532903432846,-0.33361321687698364,0.05892495810985565,0.9960786700248718,0.06599299609661102,0.3300856947898865,-0.08183080703020096,0.940397322177887,0.9614462852478027,0.023593435063958168,-0.27397873997688293,-0.019015459343791008,0.9996318817138672,0.01935334876179695,0.27433449029922485,-0.01339737419039011,0.9615409970283508,0.9564070105552673,-0.2251221388578415,0.18602587282657623,0.2084563970565796,0.9723778963088989,0.1050102561712265,-0.2045275717973709,-0.061654265969991684,0.9769172072410583,0.5575670003890991,-0.07399778813123703,0.8268272876739502,0.20788976550102234,0.9767274260520935,-0.05277621001005173,-0.8036795854568481,0.20131520926952362,0.5599743723869324,0.9422646760940552,-0.26709532737731934,0.20198364555835724,0.32198697328567505,0.8883383870124817,-0.32738256454467773,-0.09198746830224991,0.37351712584495544,0.9230510592460632,0.8910819292068481,0.3656904399394989,0.268781453371048,-0.4345306158065796,0.858372688293457,0.27272602915763855,-0.13098134100437164,-0.35981500148773193,0.923784077167511,0.9837635159492493,0.050897419452667236,-0.17210105061531067,-0.04992765560746193,0.9987031817436218,0.009961617179214954,0.17238488793373108,-0.0012072729878127575,0.9850289225578308
40,0.40613487362861633,0.4228672683238983,-0.8100849986076355,0.6296908259391785,0.5129197835922241,0.5834404826164246,0.6622265577316284,-0.7470585703849792,-0.05796101316809654,0.7972761392593384,-0.5230170488357544,-0.3013369143009186,0.5242360830307007,0.847436249256134,-0.0838354080915451,0.29921117424964905,-0.09113169461488724,0.9498251080513,0.891426682472229,-0.45307138562202454,0.00921121146529913,0.4530683755874634,0.8914721608161926,0.0025275922380387783,-0.009356718510389328,0.0019201455870643258,0.9999544024467468,0.9998958706855774,0.007435214705765247,-0.012367937713861465,-0.007414014544337988,0.9999709725379944,0.00175908871460706,0.012380658648908138,-0.0016672095516696572,0.999921977519989,0.8039431571960449,-0.5176802277565002,-0.29271581768989563,0.5489661693572998,0.8352882266044617,0.030491838231682777,0.22871704399585724,-0.18520478904247284,0.9557132124900818,0.9928722977638245,-0.10135310143232346,0.0627068355679512,0.10011810809373856,0.9947202205657959,0.022541167214512825,-0.06466037034988403,-0.016102410852909088,0.9977774024009705,0.9699026942253113,-0.2165028601884842,-0.11142376065254211,0.22116713225841522,0.9747364521026611,0.031208539381623268,0.10185205936431885,-0.054912518709897995,0.9932828545570374,0.9442856907844543,-0.14462989568710327,-0.2956462502479553,0.18346214294433594,0.9770774841308594,0.1079874038696289,0.27325108647346497,-0.15621085464954376,0.9491744041442871,0.8903036117553711,-0.20318682491779327,0.4075225591659546,0.14140452444553375,0.9740490913391113,0.17672882974147797,-0.4328559339046478,-0.09971678256988525,0.8959309458732605,0.8696690797805786,0.032985419034957886,-0.4925318956375122,-0.005640755873173475,0.9983638525009155,0.05690161511301994,0.4936029613018036,-0.04670732468366623,0.8684322237968445,0.8640096187591553,-0.3627249598503113,-0.34916752576828003,0.39856916666030884,0.9165017008781433,0.03416571766138077,0.3076198697090149,-0.16868692636489868,0.9364372491836548,0.9824947714805603,-0.18333402276039124,0.03305487334728241,0.1808912456035614,0.9812908172607422,0.0659293457865715,-0.044523537158966064,-0.058795902878046036,0.9972766637802124,0.892845869064331,-0.4458725154399872,0.06343481689691544,0.4342937767505646,0.8896951079368591,0.14082463085651398,-0.11922747641801834,-0.09818533807992935,0.988000214099884,0.9987692832946777,0.015197781845927238,-0.047212064266204834,-0.014284342527389526,0.9997053742408752,0.019625116139650345,0.04749641194939613,-0.018926570191979408,0.9986920952796936,0.9787688851356506,0.1924680769443512,-0.0704808309674263,-0.18384015560150146,0.976399302482605,0.11334545910358429,0.09063281118869781,-0.09798180311918259,0.9910526275634766,0.9962550401687622,0.005436647217720747,-0.0862918272614479,-0.006515863351523876,0.9999039769172668,-0.01222985703498125,0.08621705323457718,0.012746322900056839,0.9961948394775391
41,0.39913928508758545,0.4006062150001526,-0.824743926525116,0.602544903755188,0.5633956789970398,0.5652653574943542,0.6911059617996216,-0.7225648760795593,-0.016509877517819405,0.7715691924095154,-0.5691279768943787,-0.2842082679271698,0.5688376426696777,0.8172567486763,-0.09227778017520905,0.28478899598121643,-0.09046966582536697,0.9543114900588989,0.9041183590888977,-0.42536669969558716,0.040412355214357376,0.42521780729293823,0.905002772808075,0.012639728374779224,-0.041949812322854996,0.005756243132054806,0.9991031289100647,0.9987838864326477,-0.045637331902980804,0.018655382096767426,0.04579847306013107,0.9989162087440491,-0.00830345693975687,-0.018256215378642082,0.009147746488451958,0.9997915029525757,0.7841942310333252,-0.5559560060501099,-0.2755945324897766,0.5870311260223389,0.8086169362068176,0.039155032485723495,0.20108193159103394,-0.1924877166748047,0.9604762196540833,0.9936991930007935,-0.10215669125318527,0.04610826075077057,0.10127027332782745,0.9946336150169373,0.021173879504203796,-0.048023879528045654,-0.016371069476008415,0.9987120032310486,0.9736118316650391,-0.18394775688648224,-0.13506744801998138,0.18895895779132843,0.9816626906394958,0.02515801414847374,0.12796291708946228,-0.05001634359359741,0.9905169606208801,0.9534503817558289,-0.22106680274009705,-0.20508973300457,0.25581952929496765,0.9530562162399292,0.16198831796646118,0.15965180099010468,-0.2069137841463089,0.9652450680732727,0.926500678062439,-0.10533614456653595,0.3612488806247711,0.07472649961709976,0.9924043416976929,0.09772180765867233,-0.3687986135482788,-0.06354445964097977,0.927334725856781,0.8537837266921997,0.08981263637542725,-0.5128225684165955,-0.0841793641448021,0.9958614110946655,0.034261297434568405,0.5137773156166077,0.013917339965701103,0.8578106760978699,0.8438860177993774,-0.4535297155380249,-0.286648154258728,0.48619145154953003,0.8723563551902771,0.051110148429870605,0.22687937319278717,-0.1824970245361328,0.9566715955734253,0.9935910701751709,-0.10834579914808273,-0.03221704065799713,0.10937096178531647,0.9934868216514587,0.03196718916296959,0.02854369394481182,-0.03528592362999916,0.998969554901123,0.8413680791854858,-0.5404525399208069,0.00328001007437706,0.5317419171333313,0.8288627862930298,0.17388787865638733,-0.09669683128595352,-0.1445595920085907,0.9847599864006042,0.9975177645683289,0.024488111957907677,-0.06602006405591965,-0.022448189556598663,0.9992527365684509,0.03146537020802498,0.06674125790596008,-0.029905233532190323,0.9973220825195312,0.97784423828125,0.18527711927890778,-0.09743243455886841,-0.1752420961856842,0.979110062122345,0.10311990976333618,0.11450283974409103,-0.08376093953847885,0.9898854494094849,0.9943348169326782,0.08296903967857361,-0.06644108146429062,-0.07997559010982513,0.9957108497619629,0.04651724919676781,0.07001559436321259,-0.0409400574862957,0.9967054128646851
42,0.3358975946903229,0.041225556284189224,-0.9409958720207214,0.8927240371704102,0.30464890599250793,0.3320133090019226,0.3003607988357544,-0.9515721201896667,0.0655277892947197,0.9990606904029846,0.04290292039513588,0.006084353197365999,-0.04291553795337677,0.999076783657074,0.0019585422705858946,-0.005994708742946386,-0.0022178159561008215,0.999979555606842,0.9343910813331604,-0.31241241097450256,0.17120680212974548,0.31069132685661316,0.9497724175453186,0.037460438907146454,-0.1743106096982956,0.018189767375588417,0.9845227003097534,-0.2761860489845276,-0.2946816086769104,-0.9148136377334595,0.24423417448997498,0.8990713953971863,-0.3633459806442261,0.9295541644096375,-0.3237798511981964,-0.17633965611457825,0.9895933270454407,-0.13778293132781982,-0.04148378595709801,0.13883031904697418,0.9900370240211487,0.023511389270424843,0.03783101588487625,-0.02902592159807682,0.9988625049591064,0.8029291033744812,-0.546362042427063,0.2383134812116623,0.5159921050071716,0.8372503519058228,0.18100838363170624,-0.2984241545200348,-0.022369027137756348,0.9541711807250977,0.8918421864509583,0.441397488117218,-0.09892313182353973,-0.4484226703643799,0.8914482593536377,-0.06509328633546829,0.0594528391957283,0.10241231322288513,0.9929637908935547,0.9457736611366272,-0.3114568889141083,0.09223250299692154,0.28290632367134094,0.929338276386261,0.2372642606496811,-0.15961278975009918,-0.1983051300048828,0.9670568108558655,0.9918029308319092,-0.009275374934077263,0.12744006514549255,0.007664029952138662,0.9998844265937805,0.013128487393260002,-0.12754711508750916,-0.012044167146086693,0.9917593598365784,0.9436171650886536,-0.26871439814567566,-0.19333693385124207,0.3047247529029846,0.9332684874534607,0.19013874232769012,0.12934225797653198,-0.23833273351192474,0.962532103061676,0.9267581105232239,-0.3030647933483124,-0.22197091579437256,0.3201308846473694,0.9463258981704712,0.04453670233488083,0.19655930995941162,-0.11233449727296829,0.9740356206893921,0.8365382552146912,-0.35969024896621704,0.4133118689060211,0.292386531829834,0.9310169816017151,0.2184433490037918,-0.4633723199367523,-0.061889395117759705,0.8839998841285706,0.9296740889549255,-0.356501966714859,-0.09280335903167725,0.3656139373779297,0.9237579107284546,0.1140078753232956,0.04508380591869354,-0.13992036879062653,0.9891358613967896,0.9639123678207397,0.17819981276988983,0.19778220355510712,-0.21940095722675323,0.9525340795516968,0.21104981005191803,-0.15078525245189667,-0.2468271255493164,0.9572566151618958,0.9827436804771423,0.18310458958148956,-0.02622050605714321,-0.17902185022830963,0.9771901369094849,0.11423911899328232,0.04654012992978096,-0.1075737327337265,0.9931071996688843,0.9932457804679871,0.0670682042837143,-0.09468188881874084,-0.06403402239084244,0.997343122959137,0.034731972962617874,0.09675974398851395,-0.028434524312615395,0.9949015378952026
43,0.39954647421836853,0.32420584559440613,-0.8574690818786621,0.711826503276825,0.47967395186424255,0.5130457282066345,0.5776380300521851,-0.8153548240661621,-0.039126258343458176,0.8835790157318115,-0.4191921651363373,-0.208724707365036,0.41884487867355347,0.9067842960357666,-0.048074427992105484,0.20942072570323944,-0.04494572430849075,0.9767920970916748,0.932084321975708,-0.30774518847465515,0.19108036160469055,0.30536988377571106,0.9512844681739807,0.04250951483845711,-0.19485387206077576,0.018727736547589302,0.9806534647941589,-0.12666822969913483,-0.04192725196480751,-0.9910586476325989,0.08451131731271744,0.9950175285339355,-0.05289620906114578,0.9883385300636292,-0.09045594185590744,-0.12249377369880676,0.8385784029960632,-0.4965050518512726,-0.22420752048492432,0.5181965827941895,0.8539661765098572,0.04705438390374184,0.16810289025306702,-0.15564236044883728,0.9734047651290894,0.9721127152442932,-0.23440393805503845,0.007184246554970741,0.23393429815769196,0.9714072346687317,0.04053010046482086,-0.016479244455695152,-0.037719182670116425,0.9991524815559387,0.9683205485343933,0.12104398012161255,0.21841180324554443,-0.11493615061044693,0.9925467371940613,-0.040504999458789825,-0.22168681025505066,0.01411841157823801,0.9750156998634338,0.9698303937911987,-0.21469855308532715,-0.11547111719846725,0.2312881052494049,0.9600481986999512,0.15752212703227997,0.07703806459903717,-0.17947684228420258,0.9807411432266235,0.9702968597412109,-0.09860658645629883,0.22090880572795868,0.08243478089570999,0.9932757616043091,0.08128836750984192,-0.22743892669677734,-0.06066327914595604,0.971900999546051,0.8481817841529846,-0.2742612659931183,-0.45317596197128296,0.399036169052124,0.893466055393219,0.2061276137828827,0.3483645021915436,-0.35566726326942444,0.8672617673873901,0.8777132630348206,-0.37943607568740845,-0.2926563024520874,0.40833085775375366,0.9118486642837524,0.042401768267154694,0.2507694959640503,-0.1567171961069107,0.955277144908905,0.9270150661468506,-0.35626640915870667,0.11712096631526947,0.33814358711242676,0.9290987849235535,0.14978095889091492,-0.1621788740158081,-0.09924550354480743,0.9817577600479126,0.9762835502624512,-0.1497199386358261,-0.15637896955013275,0.16186988353729248,0.9844650626182556,0.06801969558000565,0.14376573264598846,-0.09171955287456512,0.9853522181510925,0.9995712041854858,0.029173674061894417,-0.002507919678464532,-0.029067521914839745,0.9989582300186157,0.035178299993276596,0.0035315873101353645,-0.03509031608700752,0.9993779063224792,0.9380753040313721,0.3217529058456421,-0.128412663936615,-0.29484325647354126,0.936121940612793,0.1916850507259369,0.18188513815402985,-0.14195340871810913,0.973019540309906,0.9814908504486084,-0.07766834646463394,-0.1750524938106537,0.06302549690008163,0.9941496849060059,-0.08771664649248123,0.18084117770195007,0.07506031543016434,0.9806438684463501
44,0.270790696144104,0.27277037501335144,-0.9231840372085571,0.4752848744392395,0.7960885167121887,0.3746296465396881,0.8371240496635437,-0.540221631526947,0.085929736495018,0.7906175255775452,-0.6097623109817505,-0.05580196902155876,0.607541024684906,0.7925474047660828,-0.052559904754161835,0.07627475261688232,0.007652797270566225,0.9970574975013733,0.9838238954544067,-0.13218362629413605,-0.12090510129928589,0.13133174180984497,0.9912246465682983,-0.015023047104477882,0.12182991206645966,-0.00109864491969347,0.9925503730773926,-0.3586357831954956,-0.567832887172699,-0.7409090399742126,0.4153207838535309,0.6137604117393494,-0.671421468257904,0.8359957933425903,-0.548510730266571,0.01571636088192463,0.7003877758979797,-0.6936452388763428,-0.16826550662517548,0.7112984657287598,0.6978694200515747,0.08386127650737762,0.0592573843896389,-0.17842240631580353,0.9821680188179016,0.7433605194091797,-0.6683356761932373,-0.027249766513705254,0.6662978529930115,0.7362802624702454,0.11806149035692215,-0.05884123966097832,-0.10591871291399002,0.9926323294639587,0.9382786750793457,0.19030095636844635,0.2888229489326477,-0.17715322971343994,0.9816004037857056,-0.0712561085820198,-0.2970688045024872,0.01569216512143612,0.9547271132469177,0.861733615398407,-0.4253353774547577,-0.27659526467323303,0.49741852283477783,0.8156566023826599,0.29543042182922363,0.09994973987340927,-0.3921659588813782,0.9144484400749207,0.9745272994041443,-0.21287596225738525,-0.070571668446064,0.2206750214099884,0.9663058519363403,0.1324971318244934,0.03998836129903793,-0.1446954756975174,0.9886678457260132,0.8983569145202637,-0.3450242877006531,-0.2718696594238281,0.41024771332740784,0.8802274465560913,0.238529771566391,0.1570085883140564,-0.3258187770843506,0.9323038458824158,0.6214693784713745,-0.7329224944114685,-0.2767677903175354,0.7727630734443665,0.6315955519676208,0.06264456361532211,0.1288916915655136,-0.2528076171875,0.9588927030563354,0.8523458242416382,-0.4839375913143158,0.19826994836330414,0.44008779525756836,0.8685265779495239,0.22800061106681824,-0.28254079818725586,-0.10707918554544449,0.953260064125061,0.4594942629337311,-0.45832687616348267,-0.7607900500297546,0.7406291365623474,0.6705123782157898,0.043377265334129333,0.4902381896972656,-0.5833948850631714,0.6475468277931213,0.9601840972900391,0.25032877922058105,0.12402437627315521,-0.2768058180809021,0.9124742746353149,0.30127933621406555,-0.03775016590952873,-0.32361429929733276,0.9454357028007507,0.9755927920341492,-0.20936743915081024,-0.06621136516332626,0.1965896338224411,0.9671046733856201,-0.16143447160720825,0.09783244132995605,0.14447784423828125,0.9846598505973816,0.17104297876358032,0.19481956958770752,-0.9658103585243225,-0.20419137179851532,0.9659826755523682,0.15869247913360596,0.963872492313385,0.17006690800189972,0.20500503480434418
45,0.3170584738254547,0.3311518728733063,-0.8887138962745667,0.5878412127494812,0.666734516620636,0.458156943321228,0.744255781173706,-0.6676852107048035,0.016729092225432396,0.8372147679328918,-0.5221282243728638,-0.1626453697681427,0.520048975944519,0.852125883102417,-0.05857081711292267,0.16917580366134644,-0.035547204315662384,0.9849446415901184,0.9449374675750732,-0.3127323389053345,0.0963933989405632,0.31203240156173706,0.9498016238212585,0.022642631083726883,-0.09863569587469101,0.008681993000209332,0.9950857162475586,0.9016543626785278,-0.4102141857147217,-0.13690771162509918,0.39965254068374634,0.9113481044769287,-0.09860259294509888,0.1652187556028366,0.034189946949481964,0.9856641292572021,0.7525790929794312,-0.6347804665565491,-0.17515254020690918,0.653209924697876,0.7532920837402344,0.07660198956727982,0.08331557363271713,-0.17206043004989624,0.98155677318573,0.9039698839187622,-0.42751070857048035,-0.008548778481781483,0.42694151401519775,0.9012995362281799,0.07334903627634048,-0.023652488365769386,-0.06995514780282974,0.9972696900367737,0.998536229133606,-0.04390515759587288,0.03158760443329811,0.04366080462932587,0.999011218547821,0.008384683169424534,-0.031924501061439514,-0.006993269547820091,0.999465823173523,0.9249597787857056,-0.34385448694229126,-0.16190575063228607,0.3751777708530426,0.8941696286201477,0.24434056878089905,0.06075360253453255,-0.28674864768981934,0.956077516078949,0.993719220161438,-0.02672281488776207,-0.10866443812847137,0.028134267777204514,0.999538242816925,0.011476493440568447,0.10830757766962051,-0.014461606740951538,0.9940122365951538,0.7387478947639465,-0.5136163234710693,-0.43640556931495667,0.6625326871871948,0.6722500920295715,0.3303486406803131,0.12370124459266663,-0.5331773161888123,0.8369109630584717,0.7685930728912354,-0.5546970963478088,-0.3187095522880554,0.5959151387214661,0.8019856214523315,0.04128256067633629,0.2327011525630951,-0.22165332734584808,0.9469529986381531,0.8496767282485962,-0.5269843935966492,0.018355026841163635,0.5140108466148376,0.8355214595794678,0.19415652751922607,-0.11765348166227341,-0.15553560853004456,0.9807988405227661,0.6793130040168762,-0.6665083765983582,-0.30708378553390503,0.7282240390777588,0.6639582514762878,0.16985049843788147,0.09068404138088226,-0.3390074670314789,0.9364028573036194,0.9940782785415649,0.05991767719388008,0.09065423905849457,-0.06626161932945251,0.9954366683959961,0.06866732239723206,-0.0861261710524559,-0.07426758855581284,0.9935122728347778,0.9782654047012329,0.20086489617824554,-0.05147916078567505,-0.1934983730316162,0.9735414385795593,0.12155450135469437,0.0745331272482872,-0.10895142704248428,0.9912489056587219,0.8391833901405334,0.2858351469039917,-0.462676465511322,-0.22765208780765533,0.9572478532791138,0.17846861481666565,0.49390867352485657,-0.04443862661719322,0.8683774471282959
46,0.2649027705192566,0.46242380142211914,-0.8461623787879944,0.6447634100914001,0.5675542950630188,0.5120178461074829,0.7170122861862183,-0.6812095046043396,-0.14780724048614502,0.8106834888458252,-0.5733660459518433,-0.11850622296333313,0.5706030130386353,0.819069504737854,-0.05947564169764519,0.13116614520549774,-0.019404087215662003,0.9911704659461975,0.9872118830680847,-0.1591673195362091,0.008856197819113731,0.15915954113006592,0.9872516393661499,0.0015808228636160493,-0.00899491086602211,-0.0001510588772362098,0.9999595284461975,0.20162685215473175,-0.26447659730911255,-0.94307941198349,0.24369360506534576,0.9461219906806946,-0.21322907507419586,0.9486622214317322,-0.18682971596717834,0.2552148699760437,0.8214454054832458,-0.5497708320617676,-0.1515899896621704,0.5637577176094055,0.8229353427886963,0.07038953900337219,0.08605064451694489,-0.14328119158744812,0.9859339594841003,0.8387615084648132,-0.513174831867218,-0.18201856315135956,0.5266100764274597,0.8495202660560608,0.03157830238342285,0.13842326402664185,-0.12233946472406387,0.9827879071235657,0.8952622413635254,0.4119393229484558,-0.16973969340324402,-0.42438173294067383,0.9044456481933594,-0.04333817958831787,0.13566763699054718,0.11083346605300903,0.9845355153083801,0.9387587308883667,-0.2763829529285431,-0.20577774941921234,0.3164213299751282,0.9278815984725952,0.19726446270942688,0.13641685247421265,-0.2502962052822113,0.9585104584693909,0.9982718825340271,0.05842061713337898,-0.006345220375806093,-0.05862141400575638,0.9975464940071106,-0.0382695235311985,0.004093923140317202,0.03857535496354103,0.9992473125457764,0.7820103168487549,-0.4123068153858185,-0.4674002528190613,0.5722853541374207,0.7720548510551453,0.27644309401512146,0.24687924981117249,-0.48366767168045044,0.8397119641304016,0.7951586842536926,-0.42562535405158997,-0.4319325387477875,0.4796367883682251,0.8772717118263245,0.018517348915338516,0.3710407614707947,-0.22189496457576752,0.9017158150672913,0.9368759989738464,-0.3404204547405243,0.07985757291316986,0.32829973101615906,0.9349947571754456,0.13417914509773254,-0.12034373730421066,-0.09949199855327606,0.9877341389656067,0.5842086672782898,-0.7880470752716064,-0.1941186934709549,0.8082069754600525,0.5430195331573486,0.22788430750370026,-0.07417332381010056,-0.29002007842063904,0.9541418552398682,0.983596682548523,0.001205356908030808,0.180377796292305,0.00022491635172627866,0.9999687075614929,-0.007908657193183899,-0.1803816854953766,0.007819498889148235,0.983565628528595,0.9832711815834045,0.0831260234117508,-0.16207370162010193,-0.08052936941385269,0.996497392654419,0.02253703586757183,0.16337944567203522,-0.009108324535191059,0.9865212440490723,0.9654623866081238,0.19608229398727417,-0.17156380414962769,-0.17674244940280914,0.9767062067985535,0.1216842383146286,0.1914275586605072,-0.08715894818305969,0.9776291847229004
47,0.34238091111183167,0.3981510102748871,-0.8510294556617737,0.6160419583320618,0.5887720584869385,0.5232970118522644,0.7094135880470276,-0.7034367322921753,-0.04369340091943741,0.7992352247238159,-0.56001877784729,-0.21817882359027863,0.5582415461540222,0.8262127041816711,-0.07575567066669464,0.22268670797348022,-0.06124988943338394,0.9729640483856201,0.9593427181243896,-0.26878130435943604,0.08612863719463348,0.2682328224182129,0.963184118270874,0.018097231164574623,-0.08782193809747696,0.005741079803556204,0.9961196184158325,0.8213784098625183,-0.3605548143386841,-0.44197022914886475,0.33659467101097107,0.931959867477417,-0.13473983108997345,0.46047961711883545,-0.03809243440628052,0.8868525624275208,0.7505406737327576,-0.611293375492096,-0.2510160505771637,0.6411511898040771,0.7656116485595703,0.052573107182979584,0.16004322469234467,-0.20039749145507812,0.9665541648864746,0.9531686305999756,-0.2918137013912201,-0.0794626995921135,0.29515331983566284,0.9548487067222595,0.033889416605234146,0.06598546355962753,-0.05575600638985634,0.9962615966796875,0.8049097657203674,0.5111539959907532,0.3013998568058014,-0.4730565547943115,0.8593804240226746,-0.19412055611610413,-0.35824263095855713,0.013670363463461399,0.9335284233093262,0.9369309544563293,-0.2781912386417389,-0.2115892916917801,0.31981801986694336,0.9265706539154053,0.19794754683971405,0.1409851610660553,-0.25313326716423035,0.9571033120155334,0.9944779872894287,-0.09171663224697113,0.05100603029131889,0.08840858191251755,0.9940442442893982,0.06371805816888809,-0.056546252220869064,-0.05885683372616768,0.9966636300086975,0.7721261978149414,-0.34901162981987,-0.5310479998588562,0.5347943305969238,0.808268129825592,0.24636897444725037,0.3432435393333435,-0.4742293953895569,0.8107344508171082,0.7867901921272278,-0.495717316865921,-0.3677302598953247,0.543992280960083,0.8384132385253906,0.033698178827762604,0.291605144739151,-0.22655582427978516,0.9293217062950134,0.9239403605461121,-0.3790878355503082,-0.05125020444393158,0.38253116607666016,0.9163040518760681,0.11856132000684738,0.0020156167447566986,-0.12914839386940002,0.9916232228279114,0.6162436008453369,-0.7857545614242554,-0.053231820464134216,0.7690480947494507,0.5858187079429626,0.25569796562194824,-0.16973164677619934,-0.198510080575943,0.9652900695800781,0.9999837279319763,0.00502233998849988,0.002702019177377224,-0.005038191564381123,0.9999699592590332,0.005892067216336727,-0.0026723460759967566,-0.0059055848978459835,0.9999790191650391,0.9703948497772217,0.23139050602912903,-0.06922619044780731,-0.2203419953584671,0.9655255675315857,0.13859951496124268,0.09891026467084885,-0.119242824614048,0.9879260659217834,0.9630589485168457,0.16985464096069336,-0.20896631479263306,-0.15231367945671082,0.9835144281387329,0.09746759384870529,0.22207669913768768,-0.0620386078953743,0.973053514957428
48,0.18556489050388336,0.36319419741630554,-0.9130474328994751,0.6182312369346619,0.6790823340415955,0.39577436447143555,0.7637773156166077,-0.6379162669181824,-0.09852415323257446,0.8241617679595947,-0.550957202911377,-0.13116207718849182,0.5487496852874756,0.8341270089149475,-0.05573103576898575,0.14011125266551971,-0.026043757796287537,0.9897931814193726,0.8938190340995789,-0.437480092048645,0.09848227351903915,0.43684154748916626,0.8990673422813416,0.0291096530854702,-0.10127709060907364,0.01700238697230816,0.9947129487991333,0.6630270481109619,0.11252942681312561,-0.7400893568992615,-0.07297050952911377,0.9936443567276001,0.08570966124534607,0.7450304627418518,-0.0028231239411979914,0.6670244336128235,0.7275540232658386,-0.6656177639961243,-0.16618703305721283,0.6828044652938843,0.7260816097259521,0.08113928139209747,0.06665760278701782,-0.1725064516067505,0.9827503561973572,0.8944839835166931,-0.4470837116241455,0.003817260265350342,0.44546523690223694,0.8919103741645813,0.07782454043626785,-0.03819873556494713,-0.06791234761476517,0.9969597458839417,0.9434085488319397,-0.24700327217578888,-0.22129100561141968,0.2589159905910492,0.9655478596687317,0.02607460506260395,0.20722654461860657,-0.08189478516578674,0.9748591780662537,0.9198596477508545,-0.3685138523578644,-0.13437187671661377,0.3917677700519562,0.8800851106643677,0.26826897263526917,0.01939784735441208,-0.2994123697280884,0.9539266228675842,0.9928680062294006,-0.11779023706912994,0.018400967121124268,0.11599959433078766,0.990106999874115,0.07894448935985565,-0.027517816051840782,-0.0762469470500946,0.9967091679573059,0.8030202984809875,-0.3445550501346588,-0.48625120520591736,0.5040330290794373,0.828010082244873,0.24566248059272766,0.3179766535758972,-0.4423586130142212,0.8385760188102722,0.7870233058929443,-0.5350630283355713,-0.30708613991737366,0.5742128491401672,0.817324697971344,0.047539208084344864,0.22555261850357056,-0.21374726295471191,0.9504936337471008,0.9812800288200378,-0.06481866538524628,-0.18135051429271698,0.06628261506557465,0.9977988600730896,0.0020171983633190393,0.18082058429718018,-0.013999822549521923,0.9834164381027222,-0.013873140327632427,-0.7107903361320496,-0.7032671570777893,0.9997972846031189,0.00040337510290555656,-0.020130392163991928,0.014592168852686882,-0.7034038305282593,0.7106406092643738,0.9237631559371948,0.05400547757744789,0.37913718819618225,-0.07880724221467972,0.9956254959106445,0.05019291862845421,-0.3747679591178894,-0.07624512910842896,0.9239781498908997,0.8933314681053162,-0.1272808462381363,-0.4309970438480377,0.05144119635224342,0.9817113876342773,-0.18329362571239471,0.44644448161125183,0.14157095551490784,0.8835411667823792,0.45184293389320374,0.5873708724975586,-0.6714413166046143,-0.3624112606048584,0.8086068630218506,0.46347931027412415,0.8151662945747375,0.03391803801059723,0.5782331228256226
49,0.1998182237148285,0.4123339354991913,-0.8888494968414307,0.6436330676078796,0.6287462115287781,0.4363652765750885,0.7387889623641968,-0.6592866778373718,-0.13975679874420166,0.8213714361190796,-0.5539249777793884,-0.13607369363307953,0.551777184009552,0.8320735096931458,-0.05653033033013344,0.14453688263893127,-0.028649959713220596,0.9890845417976379,0.9320597648620605,-0.36221304535865784,0.008139526471495628,0.3622192442417145,0.9320926070213318,0.0007526589906774461,-0.007859415374696255,0.002246769843623042,0.999966561794281,0.7484742403030396,-0.4834362864494324,-0.4539555609226227,0.449398010969162,0.8731358051300049,-0.18887902796268463,0.48767581582069397,-0.062635637819767,0.8707749843597412,0.7656474709510803,-0.6283463835716248,-0.1377127468585968,0.6409103274345398,0.7634468078613281,0.07989322394132614,0.05493573844432831,-0.14943157136440277,0.9872447848320007,0.8048957586288452,-0.5508529543876648,-0.22068937122821808,0.5676751732826233,0.8230987191200256,0.015918197110295296,0.17288054525852203,-0.13809236884117126,0.9752142429351807,0.9298657178878784,-0.31474924087524414,-0.1904800534248352,0.32694122195243835,0.9443761110305786,0.0355406180024147,0.16869843006134033,-0.09532378613948822,0.981047511100769,0.9658332467079163,-0.2504371106624603,-0.06668845564126968,0.258608877658844,0.9481461644172668,0.1847708821296692,0.01695692166686058,-0.19570408761501312,0.9805163741111755,0.9645393490791321,-0.1989743709564209,-0.17341580986976624,0.22007164359092712,0.9690077304840088,0.11221611499786377,0.14571313560009003,-0.14640076458454132,0.9784347414970398,0.771492063999176,-0.3757043182849884,-0.5134649872779846,0.5575937032699585,0.7879267930984497,0.2612672746181488,0.30641359090805054,-0.4878704845905304,0.8173696398735046,0.7908902168273926,-0.4552514851093292,-0.4089484214782715,0.5075691342353821,0.8613096475601196,0.022787652909755707,0.34185710549354553,-0.22559212148189545,0.9122729301452637,0.9265716075897217,-0.3759974241256714,0.009540966711938381,0.3717820942401886,0.9194350242614746,0.12813006341457367,-0.05694887042045593,-0.11517450958490372,0.9917114973068237,0.14280644059181213,-0.41254785656929016,-0.8996725082397461,0.8729593753814697,0.4808623492717743,-0.08193483203649521,0.4664206802845001,-0.7736766934394836,0.4288077652454376,0.9655756950378418,-0.05523624271154404,0.25418996810913086,0.07713959366083145,0.9940411448478699,-0.07701725512742996,-0.24842113256454468,0.09397409856319427,0.9640828967094421,0.9302882552146912,0.10686232149600983,-0.35091909766197205,-0.11003997176885605,0.9938669800758362,0.010937119834125042,0.3499356806278229,0.028440453112125397,0.9363418817520142,0.4862615764141083,0.4196455776691437,-0.7664510607719421,-0.2841795086860657,0.9053985476493835,0.31542903184890747,0.8263120651245117,0.0644286721944809,0.5595152378082275
50,0.399123877286911,0.28201135993003845,-0.8724504113197327,0.7138861417770386,0.5015352964401245,0.48870131373405457,0.5753839612007141,-0.8178825974464417,-0.0011492999037727714,0.9119712114334106,-0.3742665946483612,-0.168026864528656,0.37384819984436035,0.926816463470459,-0.03533739596605301,0.16895566880702972,-0.03058985248208046,0.9851488471031189,0.9461203813552856,-0.2818821966648102,0.15936945378780365,0.28023257851600647,0.9593576192855835,0.03320632874965668,-0.16225257515907288,0.013243332505226135,0.986660361289978,-0.05498487129807472,-0.11559230834245682,-0.9917737245559692,0.1340932548046112,0.9834235906600952,-0.1220533549785614,0.9894421100616455,-0.139701247215271,-0.03857327252626419,0.8581956624984741,-0.47912630438804626,-0.18422313034534454,0.4954897463321686,0.8669703602790833,0.05340719223022461,0.1341271996498108,-0.1371144950389862,0.9814323782920837,0.8998584747314453,-0.4349840581417084,0.032305069267749786,0.431193083524704,0.8982926607131958,0.08451507985591888,-0.06578212231397629,-0.062121886759996414,0.9958983659744263,0.9659352898597717,0.24665184319019318,0.07830653339624405,-0.24246898293495178,0.968350887298584,-0.059205614030361176,-0.09043136984109879,0.03820188716053963,0.9951696991920471,0.954178512096405,-0.2753281593322754,-0.11720803380012512,0.2942934036254883,0.9343408346176147,0.20099402964115143,0.05417293682694435,-0.22627775371074677,0.9725552201271057,0.9779000282287598,-0.09451419860124588,0.18649020791053772,0.08156951516866684,0.9937717318534851,0.07592201232910156,-0.1925044059753418,-0.059032220393419266,0.9795188903808594,0.8693534731864929,-0.2943800389766693,-0.396944522857666,0.4003823697566986,0.8903921246528625,0.21655452251434326,0.289686918258667,-0.34719201922416687,0.8919300436973572,0.8598078489303589,-0.44345131516456604,-0.2531430125236511,0.46991458535194397,0.881149411201477,0.052497513592243195,0.19977672398090363,-0.16409337520599365,0.96600341796875,0.9354698657989502,-0.3531342148780823,-0.013868027366697788,0.35226884484291077,0.9285944700241089,0.11670036613941193,-0.028333120048046112,-0.11405495554208755,0.9930703639984131,0.8196415305137634,-0.5272767543792725,0.2239798754453659,0.4981657862663269,0.8490709662437439,0.17581045627593994,-0.28287556767463684,-0.032522447407245636,0.9586050510406494,0.998482346534729,-0.039151404052972794,-0.03873234987258911,0.03741530328989029,0.998305082321167,-0.044575855135917664,0.04041191190481186,0.04305902123451233,0.9982548952102661,0.8629450798034668,0.48176854848861694,-0.15239697694778442,-0.4233950972557068,0.8540163040161133,0.3023122251033783,0.27579402923583984,-0.1963547170162201,0.9409476518630981,0.9956489205360413,0.0341113805770874,-0.08671567589044571,-0.03326568007469177,0.9993840456008911,0.011179420165717602,0.08704360574483871,-0.008246120996773243,0.9961704015731812
51,0.3937261700630188,0.15602409839630127,-0.9058897495269775,0.8040248155593872,0.4192247986793518,0.4216570258140564,0.445560097694397,-0.894375205039978,0.03961252421140671,0.974653422832489,-0.18037697672843933,-0.13234364986419678,0.18089888989925385,0.9834677577018738,-0.008169779554009438,0.1316293478012085,-0.015978114679455757,0.9911702275276184,0.9311878085136414,-0.27425363659858704,0.24015460908412933,0.2702796459197998,0.9614824056625366,0.05000496655702591,-0.2446184754371643,0.01834489032626152,0.9694458246231079,-0.1403741091489792,-0.19466686248779297,-0.9707728624343872,0.17871107161045074,0.9593952894210815,-0.21822704374790192,0.9738364815711975,-0.20412127673625946,-0.09988513588905334,0.9428552985191345,-0.3157687187194824,-0.10636712610721588,0.3219585120677948,0.9456003904342651,0.046717941761016846,0.0858287364244461,-0.0782940611243248,0.9932287931442261,0.8428581357002258,-0.5327413082122803,0.07600541412830353,0.5222752690315247,0.8438538312911987,0.12304162234067917,-0.12968681752681732,-0.06401088088750839,0.9894866943359375,0.8338239789009094,0.53509122133255,0.1357017159461975,-0.5160661339759827,0.8428590297698975,-0.15252681076526642,-0.19599317014217377,0.05714944377541542,0.9789385199546814,0.9525240659713745,-0.30168452858924866,-0.04104097560048103,0.3030737042427063,0.9266585111618042,0.2223743498325348,-0.02905593253672123,-0.22425536811351776,0.9740971922874451,0.9863751530647278,-0.04018741101026535,0.15952743589878082,0.034930408000946045,0.9987546801567078,0.03562319651246071,-0.16076037287712097,-0.02956547774374485,0.9865505695343018,0.8935467004776001,-0.27831199765205383,-0.35230204463005066,0.3639485538005829,0.9084899425506592,0.20539577305316925,0.2628987431526184,-0.31175053119659424,0.913069486618042,0.8857648968696594,-0.40195998549461365,-0.23205329477787018,0.4238972067832947,0.9042306542396545,0.05174979194998741,0.18902836740016937,-0.14420489966869354,0.9713255167007446,0.9557619690895081,-0.2308771163225174,0.18224944174289703,0.2135825902223587,0.9707483649253845,0.1096818819642067,-0.20224139094352722,-0.06590446084737778,0.9771156907081604,0.7941726446151733,-0.5632385611534119,0.2281493842601776,0.5302692651748657,0.8256771564483643,0.19254013895988464,-0.29682376980781555,-0.03192949667572975,0.9543983340263367,0.9768321514129639,0.17218324542045593,-0.12709008157253265,-0.14279286563396454,0.9667337536811829,0.21221710741519928,0.1594025045633316,-0.18915292620658875,0.9689230918884277,0.9916860461235046,0.03762665018439293,0.12305676937103271,-0.04445952922105789,0.9975904822349548,0.0532592236995697,-0.12075629830360413,-0.058287475258111954,0.9909694790840149,0.9762105345726013,0.2135613113641739,-0.037478119134902954,-0.20578821003437042,0.9670182466506958,0.1500895619392395,0.06829534471035004,-0.13880644738674164,0.9879617691040039
52,0.40576109290122986,0.2033175677061081,-0.8910779356956482,0.7766278982162476,0.4373226463794708,0.4534291923046112,0.4818786680698395,-0.8760198950767517,0.019546417519450188,0.9489034414291382,-0.2653089761734009,-0.17086075246334076,0.26569995284080505,0.9638270139694214,-0.021001681685447693,0.17025214433670044,-0.02546912617981434,0.9850713610649109,0.9165878295898438,-0.3409646153450012,0.2088298499584198,0.33769145607948303,0.9398042559623718,0.05227279290556908,-0.21408236026763916,0.022607455030083656,0.9765539765357971,-0.13137201964855194,-0.15739595890045166,-0.9787583351135254,0.1478811800479889,0.9731566309928894,-0.17634421586990356,0.980241060256958,-0.16790662705898285,-0.10456965863704681,0.8827972412109375,-0.44458651542663574,-0.15169651806354523,0.45688778162002563,0.8876780271530151,0.05728279426693916,0.10919050872325897,-0.11987738311290741,0.9867658615112305,0.9016385078430176,-0.4251244366168976,0.07948063313961029,0.4173474609851837,0.9034543633460999,0.09793521463871002,-0.11344177275896072,-0.05513112619519234,0.9920138716697693,0.910300612449646,0.40106475353240967,0.10246911644935608,-0.3911959230899811,0.9144307971000671,-0.10383696109056473,-0.13534626364707947,0.05443735048174858,0.9893017411231995,0.9542253613471985,-0.2974816858768463,-0.030961796641349792,0.2968471050262451,0.9293355941772461,0.21958404779434204,-0.03654833510518074,-0.2187235951423645,0.9751021265983582,0.9876759648323059,-0.07117580622434616,0.13939233124256134,0.0639362707734108,0.9963956475257874,0.05574873834848404,-0.1428578644990921,-0.04614946246147156,0.9886667132377625,0.8828980326652527,-0.2902134954929352,-0.3691438138484955,0.38397639989852905,0.8987183570861816,0.2118193656206131,0.2702834904193878,-0.3287574350833893,0.9049118161201477,0.8710571527481079,-0.43569761514663696,-0.2267751693725586,0.4581911265850067,0.8871164917945862,0.05554446578025818,0.17697541415691376,-0.1522887796163559,0.9723619818687439,0.9238174557685852,-0.37621185183525085,0.07089418917894363,0.36318543553352356,0.9198098182678223,0.1484796702861786,-0.12106899172067642,-0.11142037808895111,0.9863710403442383,0.8294492363929749,-0.5485167503356934,0.10556196421384811,0.5271103978157043,0.8311506509780884,0.17704011499881744,-0.1848473697900772,-0.0912029892206192,0.9785261750221252,0.9908376336097717,0.0051676384173333645,-0.134959414601326,-0.0031357950065284967,0.9998785853385925,0.015263456851243973,0.13502191007137299,-0.01470040250569582,0.9907335638999939,0.926257848739624,0.3756600022315979,-0.030429335311055183,-0.35834693908691406,0.9028230309486389,0.23769322037696838,0.1167641431093216,-0.2092609405517578,0.9708635210990906,0.991945743560791,0.12663322687149048,-0.0027775748167186975,-0.12584716081619263,0.9878001809120178,0.09172409772872925,0.01435900665819645,-0.09063577651977539,0.9957805871963501
53,0.40769463777542114,0.23269306123256683,-0.8829717040061951,0.7710561752319336,0.43026432394981384,0.46940916776657104,0.48913946747779846,-0.8721963763237,-0.004002968315035105,0.9438336491584778,-0.2762185037136078,-0.18133223056793213,0.2766573429107666,0.960684061050415,-0.023383600637316704,0.18066196143627167,-0.02809666469693184,0.9831438660621643,0.9338218569755554,-0.28997141122817993,0.20950736105442047,0.2866683006286621,0.9568932056427002,0.04665490612387657,-0.2140047550201416,0.01649174839258194,0.9766933917999268,-0.05787348747253418,-0.15521590411663055,-0.9861838817596436,0.14361783862113953,0.9762698411941528,-0.16208364069461823,0.9879395365715027,-0.15101394057273865,-0.03420836851000786,0.9027650356292725,-0.39672404527664185,-0.16620877385139465,0.40954211354255676,0.9109100699424744,0.0501800961792469,0.13149359822273254,-0.11337032914161682,0.9848129749298096,0.8988916277885437,-0.4346330463886261,0.055569592863321304,0.42864328622817993,0.8985487222671509,0.09420811384916306,-0.0908779427409172,-0.060863349586725235,0.9940004348754883,0.9063097238540649,0.3821094036102295,0.18054112792015076,-0.3663409948348999,0.9233255386352539,-0.11517041176557541,-0.2107059210538864,0.038240447640419006,0.9768012762069702,0.9645446538925171,-0.25857260823249817,-0.05285666510462761,0.2639179527759552,0.9457334280014038,0.18956689536571503,0.0009715069900266826,-0.19679555296897888,0.980444073677063,0.9915865659713745,-0.04230312630534172,0.12233752012252808,0.038306064903736115,0.9986584186553955,0.03484290465712547,-0.12364736199378967,-0.02986348792910576,0.9918767809867859,0.8656600117683411,-0.3395218551158905,-0.36790987849235535,0.4404893219470978,0.8657864332199097,0.2374510020017624,0.23791158199310303,-0.36761221289634705,0.899032473564148,0.8746265769004822,-0.40288689732551575,-0.26964884996414185,0.42979341745376587,0.9017134308815002,0.04680237919092178,0.2242899239063263,-0.1568278968334198,0.961820662021637,0.9464601278305054,-0.2919199466705322,0.13782577216625214,0.27509045600891113,0.9527416825294495,0.12887392938137054,-0.1689332276582718,-0.08405948430299759,0.9820364117622375,0.7928111553192139,-0.5950883626937866,0.13160677254199982,0.5670722723007202,0.7993884682655334,0.1985122710466385,-0.22333727777004242,-0.08275219798088074,0.9712221622467041,0.9933162331581116,-0.025527501478791237,-0.11256670206785202,0.02312704361975193,0.9994775056838989,-0.022579466924071312,0.11308427900075912,0.019825216382741928,0.9933875799179077,0.9413742423057556,0.33510860800743103,-0.038945164531469345,-0.3201960027217865,0.923852264881134,0.20969395339488983,0.10624982416629791,-0.18493041396141052,0.9769911766052246,0.9644579291343689,0.22920744121074677,0.1314719021320343,-0.250686377286911,0.9509873390197754,0.18105074763298035,-0.08352994173765182,-0.2075740396976471,0.9746465086936951
54,0.30746617913246155,0.39568978548049927,-0.8653867244720459,0.5536389350891113,0.6652735471725464,0.5008942484855652,0.7739176154136658,-0.6331197619438171,-0.014520161785185337,0.7729771733283997,-0.5920923948287964,-0.22788795828819275,0.58929842710495,0.803128719329834,-0.08781599253416061,0.2350185513496399,-0.0664142519235611,0.9697192311286926,0.9408561587333679,-0.29577261209487915,0.1652519851922989,0.2936515808105469,0.9551690816879272,0.037693701684474945,-0.16899235546588898,0.01306215487420559,0.9855307936668396,0.8703466057777405,-0.4162077009677887,-0.2631879150867462,0.3962222933769226,0.9092442989349365,-0.1276036947965622,0.29241177439689636,0.0067785270512104034,0.9562684893608093,0.7041827440261841,-0.6699272990226746,-0.23521071672439575,0.6988135576248169,0.7125567197799683,0.06263025104999542,0.12564325332641602,-0.20847158133983612,0.9699243903160095,0.9253024458885193,-0.3678857088088989,-0.09206265956163406,0.3727884292602539,0.9269300699234009,0.042772065848112106,0.0696004182100296,-0.07389698922634125,0.9948341846466064,0.706102728843689,0.6746737957000732,0.21502132713794708,-0.6327435374259949,0.7374778985977173,-0.2361396998167038,-0.3178907632827759,0.030685536563396454,0.9476306438446045,0.9343564510345459,-0.3044149577617645,-0.1852283924818039,0.34080982208251953,0.9152018427848816,0.21506808698177338,0.10405142605304718,-0.26407790184020996,0.9588723182678223,0.9891793727874756,-0.11665568500757217,0.08896994590759277,0.10935986042022705,0.9905393123626709,0.0828990489244461,-0.09779887646436691,-0.07227228581905365,0.9925785064697266,0.8169757127761841,-0.3495464026927948,-0.45865893363952637,0.4945557117462158,0.8337500691413879,0.24551065266132355,0.29658955335617065,-0.4274086356163025,0.8540236949920654,0.7245261073112488,-0.6143280267715454,-0.31251081824302673,0.6583809852600098,0.7510186433792114,0.05005398392677307,0.203951895236969,-0.24201659858226776,0.9485945105552673,0.9096352458000183,-0.4109801948070526,-0.060489341616630554,0.4154042899608612,0.9005347490310669,0.12836076319217682,0.0017190214712172747,-0.14188900589942932,0.9898810982704163,0.7542483806610107,-0.6531526446342468,-0.06708981096744537,0.6514909267425537,0.7317661046981812,0.20019465684890747,-0.08166361600160599,-0.19470489025115967,0.9774564504623413,0.9990283250808716,0.032369013875722885,-0.02991112507879734,-0.031109537929296494,0.9986476302146912,0.041654475033283234,0.031218986958265305,-0.040683478116989136,0.9986842274665833,0.9723041653633118,0.16118447482585907,-0.1692459136247635,-0.15041978657245636,0.9857966303825378,0.07469211518764496,0.17888125777244568,-0.04716552421450615,0.9827395081520081,0.9417533278465271,0.12856537103652954,-0.3107597827911377,-0.11658204346895218,0.9915488362312317,0.05691640451550484,0.3154509663581848,-0.01737220585346222,0.9487828612327576
55,0.26866811513900757,0.18874898552894592,-0.9445587396621704,0.6691222190856934,0.6688181161880493,0.3239719569683075,0.6928873658180237,-0.7190662026405334,0.05339396744966507,0.9776818752288818,-0.1947445422410965,-0.07882048189640045,0.194630429148674,0.9808334708213806,-0.009202270768582821,0.07910186052322388,-0.006343970075249672,0.9968463778495789,0.832342267036438,-0.527292013168335,0.17079070210456848,0.5253798961639404,0.8487511873245239,0.059978701174259186,-0.1765850931406021,0.039807192981243134,0.9834800958633423,0.2845529317855835,0.5228855013847351,-0.8035050630569458,-0.3731808662414551,0.8324594497680664,0.4095696210861206,0.8830434083938599,0.18330848217010498,0.43200963735580444,0.8950034379959106,-0.43351832032203674,-0.10502734780311584,0.44101783633232117,0.895309329032898,0.06264538317918777,0.06687404960393906,-0.10238676518201828,0.9924942255020142,0.8260146379470825,0.42263707518577576,0.37293121218681335,-0.4037594199180603,0.9053353071212769,-0.1317053735256195,-0.3932913541793823,-0.04178392514586449,0.918463945388794,0.08165640383958817,-0.5997928977012634,-0.7959778308868408,0.8029276132583618,0.5127344131469727,-0.3039912283420563,0.5904569625854492,-0.6142897605895996,0.5234583616256714,0.9266083240509033,-0.3747439682483673,-0.031048044562339783,0.36828428506851196,0.8877571821212769,0.2761410176753998,-0.07591906189918518,-0.2673090696334839,0.9606155157089233,0.9546690583229065,0.06910771131515503,0.2895359396934509,-0.060754742473363876,0.9974386096000671,-0.03775014728307724,-0.2914031445980072,0.01844821684062481,0.9564224481582642,0.8740746974945068,0.26923868060112,-0.4043561816215515,-0.3285531997680664,0.9407591819763184,-0.08381539583206177,0.35783544182777405,0.20611342787742615,0.9107530117034912,0.8811352252960205,-0.44884490966796875,-0.14879179000854492,0.46195167303085327,0.8842856884002686,0.06811375170946121,0.10100193321704865,-0.12875203788280487,0.9865199327468872,0.9429423809051514,0.2538846433162689,0.21541178226470947,-0.23926489055156708,0.9665976762771606,-0.09187653660774231,-0.23154257237911224,0.03509380295872688,0.972191572189331,-0.3363082706928253,-0.8737655878067017,-0.35132667422294617,0.8345129489898682,-0.44938769936561584,0.3188084065914154,-0.4364457130432129,-0.18596875667572021,0.8803015351295471,0.9645524024963379,-0.0011457441141828895,0.2638888657093048,0.00516333756968379,0.9998810887336731,-0.014531503431499004,-0.26384082436561584,0.01537894457578659,0.9644436240196228,0.8899112343788147,0.4554356634616852,0.0252267736941576,-0.4416370391845703,0.8464771509170532,0.2973770797252655,0.1140822321176529,-0.27578026056289673,0.9544267654418945,0.6783366203308105,0.15130266547203064,-0.7190041542053223,-0.1527768075466156,0.9862250089645386,0.0633993074297905,0.7186923623085022,0.06684108078479767,0.6921080946922302
56,0.19294266402721405,0.34596121311187744,-0.9181960225105286,0.505657434463501,0.7668911218643188,0.3952069878578186,0.8408826589584351,-0.5405449271202087,-0.026971839368343353,0.8251463770866394,-0.5613014101982117,-0.06382910907268524,0.5596097111701965,0.8276113867759705,-0.0435468927025795,0.07726863771677017,0.00021317071514204144,0.9970102906227112,0.8939651250839233,-0.42656463384628296,0.13736456632614136,0.4254681169986725,0.9041436910629272,0.03874405100941658,-0.14072415232658386,0.023808414116501808,0.989762544631958,0.5453514456748962,0.8267122507095337,-0.13834258913993835,-0.7833542823791504,0.5613981485366821,0.2668111324310303,0.2982412874698639,-0.03713458776473999,0.9537678956985474,0.7716509699821472,-0.6347324252128601,-0.04086015745997429,0.6348575353622437,0.7646921277046204,0.11046198755502701,-0.03886836767196655,-0.11117847263813019,0.9930400848388672,0.9629899859428406,0.24124084413051605,0.1202213242650032,-0.23728805780410767,0.9703308939933777,-0.046392954885959625,-0.1278463453054428,0.016148865222930908,0.9916625022888184,0.1302436888217926,-0.6702905893325806,-0.7305799722671509,0.8587634563446045,0.44454509019851685,-0.2547645568847656,0.4955420196056366,-0.5942139029502869,0.6335203051567078,0.9322611689567566,-0.3593722879886627,-0.04172121733427048,0.3573611080646515,0.8967342972755432,0.26107585430145264,-0.05641057714819908,-0.25830042362213135,0.9644162654876709,0.9794012904167175,-0.19839364290237427,0.03759075701236725,0.19178205728530884,0.972206711769104,0.1342896670103073,-0.06318820267915726,-0.12431423366069794,0.9902288913726807,0.9546601176261902,0.2852884531021118,-0.08505622297525406,-0.2962770462036133,0.9383801817893982,-0.17793956398963928,0.029050977900624275,0.1950720101594925,0.9803586006164551,0.7461267113685608,-0.6267331838607788,-0.2247229814529419,0.6536571979522705,0.7537066340446472,0.06825360655784607,0.12659840285778046,-0.1978176236152649,0.9720293283462524,0.9633477330207825,0.008593212813138962,0.2681179642677307,-0.012731894850730896,0.9998250603675842,0.013701177202165127,-0.2679533362388611,-0.016612648963928223,0.9632886648178101,-0.49432453513145447,-0.19438767433166504,-0.8472642302513123,0.8684254884719849,-0.15357355773448944,-0.47143641114234924,-0.03847595676779747,-0.9688284397125244,0.24472638964653015,0.9968697428703308,0.05472942441701889,0.05705621838569641,-0.058339983224868774,0.9962647557258606,0.06366296112537384,-0.05335886403918266,-0.06679233908653259,0.9963390827178955,0.9693100452423096,0.2458338588476181,0.0019237266387790442,-0.24296587705612183,0.9567497968673706,0.1599920392036438,0.03749093413352966,-0.1555492877960205,0.9871164560317993,0.6040411591529846,-0.32988476753234863,-0.7254725098609924,0.0791332796216011,0.9306358098983765,-0.35728827118873596,0.793014645576477,0.1584077924489975,0.5882471799850464
57,0.13859675824642181,-0.03994004428386688,-0.9895431995391846,0.7976585626602173,0.5967081189155579,0.08763674646615982,0.5869682431221008,-0.801463782787323,0.1145603358745575,0.8915925025939941,0.42017662525177,-0.16886216402053833,-0.4110866189002991,0.9074029922485352,0.08733616024255753,0.18992264568805695,-0.008451291359961033,0.981762707233429,0.6749098896980286,0.37081000208854675,0.637962818145752,-0.400948703289032,0.9100852608680725,-0.10480933636426926,-0.6194649338722229,-0.1850535124540329,0.7629013061523438,0.7765533924102783,0.053453780710697174,-0.6277798414230347,-0.03397807106375694,0.9984976053237915,0.0429890900850296,0.6291345953941345,-0.012052574194967747,0.7772029042243958,0.9933320879936218,0.10632846504449844,-0.04456017166376114,-0.10700015723705292,0.9941744804382324,-0.012963183224201202,0.04292222857475281,0.017644692212343216,0.99892258644104,0.8713017106056213,0.1448376476764679,0.4688873887062073,-0.14704254269599915,0.9886079430580139,-0.03213827311992645,-0.4682006239891052,-0.040944263339042664,0.8826730847358704,0.8873758912086487,0.46100786328315735,0.005986297503113747,-0.4583689570426941,0.8835449814796448,-0.09615696966648102,-0.04961828142404556,0.08258344233036041,0.9953481554985046,0.9125850200653076,-0.4033319652080536,0.06717082113027573,0.3659118711948395,0.8788871169090271,0.3060489296913147,-0.18247488141059875,-0.254717081785202,0.9496431350708008,0.9655200839042664,0.17689712345600128,0.190993070602417,-0.15700073540210724,0.9809004068374634,-0.11482660472393036,-0.20765767991542816,0.08088134229183197,0.9748520255088806,0.9138924479484558,-0.21601662039756775,-0.343711256980896,0.2868324816226959,0.9427480101585388,0.1701568365097046,0.28727638721466064,-0.25409260392189026,0.9235308766365051,0.9887272119522095,-0.10572508722543716,0.106022410094738,0.10459543019533157,0.9943833351135254,0.016175029799342155,-0.10713701695203781,-0.004903231747448444,0.994232177734375,0.7073631286621094,0.6931807994842529,-0.13833941519260406,-0.7049573659896851,0.6775123476982117,-0.20979078114032745,-0.051696278154850006,0.24592165648937225,0.96791011095047,0.33474743366241455,-0.6675560474395752,0.6650662422180176,0.608690083026886,0.6919623017311096,0.38818109035491943,-0.7193334102630615,0.27487659454345703,0.6379673480987549,0.9178808927536011,0.20293255150318146,0.34104692935943604,-0.2940647006034851,0.9248744249343872,0.24110831320285797,-0.266496866941452,-0.3215985894203186,0.9085999131202698,0.7502140402793884,0.22877813875675201,-0.6203542947769165,-0.2247999906539917,0.9705948829650879,0.08608432114124298,0.6218069195747375,0.07487397640943527,0.7795832753181458,0.5691838264465332,0.1674538403749466,0.8049775958061218,-0.5299119353294373,0.8232927918434143,0.20342649519443512,-0.6286677122116089,-0.5423543453216553,0.5573407411575317
58,0.2879583239555359,0.20468014478683472,-0.9355137944221497,0.7941193580627441,0.4949356019496918,0.35272252559661865,0.535214364528656,-0.8444790244102478,-0.020019639283418655,0.9660510420799255,0.013274840079247952,0.2580099105834961,-0.005048199091106653,0.9994583129882812,-0.03252134844660759,-0.25830185413360596,0.030114799737930298,0.9655947685241699,0.9418812990188599,0.22931665182113647,0.24550658464431763,-0.2332017570734024,0.972334086894989,-0.01353946141898632,-0.24181924760341644,-0.04450000077486038,0.969300389289856,0.550020694732666,-0.5796704292297363,-0.6012149453163147,0.5217578411102295,0.8006139993667603,-0.29459455609321594,0.6521088480949402,-0.15165551006793976,0.7428019046783447,0.9855550527572632,-0.1645946353673935,-0.039872441440820694,0.1656864434480667,0.9858407378196716,0.025807984173297882,0.03506002202630043,-0.0320415124297142,0.9988714456558228,0.9881895184516907,-0.004991318564862013,0.15315553545951843,0.0035885099787265062,0.999949038028717,0.009434439241886139,-0.15319481492042542,-0.008773413486778736,0.9881570339202881,0.8024458885192871,0.10815998166799545,0.5868407487869263,-0.08925779163837433,0.9941280484199524,-0.06117558479309082,-0.5900115966796875,-0.00329001247882843,0.8073880672454834,0.9745295643806458,-0.1594342738389969,-0.1577114313840866,0.17938652634620667,0.9762395024299622,0.12156019359827042,0.1345832794904709,-0.14675530791282654,0.979974627494812,0.9669361710548401,0.08524571359157562,0.24034883081912994,-0.07537207752466202,0.995901346206665,-0.049995362758636475,-0.24362561106681824,0.030226735398173332,0.9693982005119324,0.9405375719070435,-0.09189359843730927,-0.327023983001709,0.13044705986976624,0.9866062998771667,0.09793639183044434,0.3136442005634308,-0.1347721666097641,0.9399275183677673,0.9741705060005188,-0.12663280963897705,-0.18696527183055878,0.13386012613773346,0.9906458854675293,0.026498548686504364,0.1818607896566391,-0.05084129795432091,0.9820090532302856,0.8755972385406494,0.42763054370880127,0.22463661432266235,-0.39766258001327515,0.902142345905304,-0.16734305024147034,-0.2742151916027069,0.05719552934169769,0.9599660038948059,0.21793346107006073,-0.9443666338920593,0.2463262677192688,0.8178954720497131,0.3144320249557495,0.4818500578403473,-0.5324959754943848,0.09645789116621017,0.8409184813499451,0.9531337022781372,-0.02478177100419998,0.30153268575668335,0.03863440826535225,0.998449981212616,-0.040063317865133286,-0.30007246136665344,0.04983523488044739,0.9526137709617615,0.7382690906524658,0.6338444352149963,0.23065117001533508,-0.6621371507644653,0.6158540844917297,0.4269638955593109,0.1285812109708786,-0.4679369628429413,0.8743579983711243,0.9179493188858032,0.3964521586894989,0.01395346224308014,-0.3830115497112274,0.8765721917152405,0.29141607880592346,0.10330131649971008,-0.27284952998161316,0.9564946293830872
59,0.17596489191055298,0.3537781238555908,-0.9186279773712158,0.6435303092002869,0.6648280024528503,0.3793051838874817,0.74491947889328,-0.6579093933105469,-0.11068057268857956,0.8816080093383789,-0.4535538852214813,0.13059915602207184,0.4590749442577362,0.8882859945297241,-0.014078141190111637,-0.10962420701980591,0.07236620038747787,0.9913352727890015,0.8659622669219971,-0.4958132207393646,-0.06541133671998978,0.49517565965652466,0.8683803677558899,-0.026769746094942093,0.07007471472024918,-0.009208512492477894,0.9974992275238037,0.9740453958511353,0.2247791737318039,-0.026643790304660797,-0.22343160212039948,0.9736406207084656,0.04585014283657074,0.03624763339757919,-0.038707055151462555,0.9985929727554321,0.8651818037033081,-0.4999186098575592,0.03926653414964676,0.49500882625579834,0.8639501929283142,0.09250038117170334,-0.08016698807477951,-0.06059236451983452,0.99493807554245,0.9885229468345642,-0.07574518769979477,0.1307097226381302,0.07323302328586578,0.9970278143882751,0.02392733469605446,-0.1321336030960083,-0.014080450870096684,0.9911319017410278,0.9988487958908081,-0.02240888774394989,-0.04241371899843216,0.02262270264327526,0.9997336268424988,0.004567896481603384,0.042300060391426086,-0.005522150546312332,0.9990897178649902,0.9466977119445801,-0.24665407836437225,0.2071840763092041,0.20933780074119568,0.9599374532699585,0.18627335131168365,-0.24482883512973785,-0.1329731047153473,0.9604045748710632,0.9928321242332458,-0.01648344099521637,0.11837524175643921,0.014467570930719376,0.9997356534004211,0.01786872372031212,-0.11863849312067032,-0.016028041020035744,0.9928081631660461,0.9699809551239014,-0.007279135752469301,-0.24307182431221008,0.01685289852321148,0.999160885810852,0.03733038157224655,0.2425961196422577,-0.040306225419044495,0.9692897200584412,0.9270762205123901,-0.3731708228588104,0.03568293899297714,0.3699401021003723,0.9261139035224915,0.07387394458055496,-0.06061406433582306,-0.0552862286567688,0.996628999710083,0.9819066524505615,0.00666904728859663,0.18924802541732788,-0.008745352737605572,0.9999103546142578,0.010138390585780144,-0.1891634464263916,-0.011609994806349277,0.9818769693374634,0.9835813045501709,-0.1697307527065277,0.06131298467516899,0.16717663407325745,0.9849147796630859,0.04466438665986061,-0.06796898692846298,-0.03368096053600311,0.9971187710762024,0.9274860620498657,-0.18153247237205505,-0.3268265128135681,0.12070605903863907,0.9727866053581238,-0.19777825474739075,0.3538356423377991,0.14398664236068726,0.9241580963134766,0.5826500654220581,0.41835588216781616,0.6967763304710388,-0.7688168883323669,0.5616995692253113,0.3056373596191406,-0.26351380348205566,-0.7137730121612549,0.6489133834838867,0.7905967235565186,-0.2362627536058426,-0.5649219155311584,0.09536690264940262,0.9588172435760498,-0.26753440499305725,0.6048652529716492,0.15763695538043976,0.7805693745613098
60,0.36287420988082886,-0.39794015884399414,-0.8425947427749634,0.6661578416824341,-0.5214917659759521,0.5331792235374451,0.6515796780586243,0.7547780871391296,-0.07585503160953522,0.9940836429595947,0.04885432496666908,-0.09701000899076462,-0.047386862337589264,0.9987254738807678,0.017375076189637184,0.0977352112531662,-0.012675279751420021,0.9951317310333252,0.6201635003089905,0.7825103998184204,0.055450208485126495,-0.7830405235290527,0.6217520833015442,-0.016489015892148018,-0.047379110008478165,-0.03319387510418892,0.9983252882957458,0.7880142331123352,-0.6155581474304199,-0.011033912189304829,0.6094769835472107,0.7825117707252502,-0.12733082473278046,0.08701369166374207,0.09361357986927032,0.9917989373207092,0.9911482334136963,-0.023548336699604988,-0.13065464794635773,0.02508546970784664,0.9996339678764343,0.010131300427019596,0.13036824762821198,-0.01331915333867073,0.9913761615753174,0.9436398148536682,0.32233768701553345,0.07511507719755173,-0.31848180294036865,0.9460930824279785,-0.05896768718957901,-0.090073361992836,0.03172147646546364,0.9954298138618469,0.8470344543457031,-0.3402210772037506,-0.4083898663520813,0.37180382013320923,0.9283087253570557,-0.002202712930738926,0.3798612654209137,-0.14997513592243195,0.9128049612045288,0.9844173789024353,0.16493962705135345,-0.0609702430665493,-0.17132821679115295,0.9777234792709351,-0.12125790864229202,0.039611801505088806,0.12981431186199188,0.9907467365264893,0.989925742149353,0.10442990064620972,0.09561047703027725,-0.09828002750873566,0.9929056167602539,-0.06692890077829361,-0.10192155838012695,0.056858040392398834,0.9931662082672119,0.959993302822113,-0.14373557269573212,-0.2403184324502945,0.1755932867527008,0.977511465549469,0.11678343266248703,0.21812808513641357,-0.15430961549282074,0.9636434316635132,0.9827089905738831,-0.03874213993549347,-0.1810583770275116,0.04265228286385536,0.9989322423934937,0.017751231789588928,0.18017733097076416,-0.025166846811771393,0.9833121299743652,0.9407831430435181,0.2554243803024292,0.2229022979736328,-0.24052105844020844,0.966264545917511,-0.09210029989480972,-0.23890726268291473,0.033033713698387146,0.9704803228378296,0.9999819397926331,0.0027835797518491745,0.0053306082263588905,-0.002772869076579809,0.9999940991401672,-0.0020156323444098234,-0.0053361873142421246,0.002000815002247691,0.9999837875366211,0.9753329753875732,0.21544265747070312,-0.04806236922740936,-0.1970938891172409,0.9480083584785461,0.24986836314201355,0.09939582645893097,-0.23423205316066742,0.9670862555503845,0.9328145384788513,-0.17506597936153412,0.3149745464324951,0.19042716920375824,0.9815285801887512,-0.018417254090309143,-0.30593228340148926,0.07715959846973419,0.9489213824272156,0.8231548070907593,-0.34854647517204285,-0.44825389981269836,0.19296443462371826,0.9141631722450256,-0.3564693033695221,0.5340233445167542,0.20693236589431763,0.8197548985481262
61,0.4548034369945526,-0.38866132497787476,-0.8013090491294861,0.7822332978248596,-0.2557990849018097,0.5680474638938904,0.4257522225379944,0.8851605653762817,-0.1876855194568634,0.9932500720024109,-0.10569456219673157,-0.04778071865439415,0.10565973073244095,0.994396984577179,-0.0032612222712486982,0.04785769432783127,-0.0018092883983626962,0.998852550983429,0.6573572158813477,0.7529430389404297,-0.030955038964748383,-0.75289386510849,0.6579565405845642,0.015622376464307308,0.03212983161211014,0.013036376796662807,0.9993987083435059,0.5182599425315857,-0.8341005444526672,0.1888992190361023,0.8551661372184753,0.5079765915870667,-0.10320217162370682,-0.009875397197902203,0.21502576768398285,0.9765584468841553,0.9459952116012573,-0.31261342763900757,-0.08582493662834167,0.31719857454299927,0.9472432136535645,0.04599342122673988,0.06691892445087433,-0.07073310017585754,0.9952480792999268,0.9485169649124146,0.31649109721183777,-0.012204901315271854,-0.31670135259628296,0.9472535252571106,-0.04910216107964516,-0.003979261498898268,0.050439540296792984,0.9987192153930664,0.8469438552856445,-0.49556097388267517,0.1926276981830597,0.4751632809638977,0.8680410981178284,0.14395996928215027,-0.23854970932006836,-0.03039640374481678,0.9706544876098633,0.985339879989624,0.09871111065149307,-0.1391453593969345,-0.10902002453804016,0.9916760921478271,-0.06850624084472656,0.13122479617595673,0.08267156034708023,0.9878995418548584,0.9654378890991211,-0.10122808068990707,0.24017204344272614,0.08245187252759933,0.9927899837493896,0.08700455725193024,-0.24724769592285156,-0.06419485807418823,0.9668234586715698,0.9131327271461487,-0.03004528395831585,-0.4065537452697754,0.0648777037858963,0.9952805042266846,0.07216381281614304,0.4024668335914612,-0.09227140992879868,0.910772442817688,0.94668048620224,-0.2561824321746826,-0.19536283612251282,0.2688627541065216,0.9623074531555176,0.04095372185111046,0.17750748991966248,-0.09129588305950165,0.9798755645751953,0.9430456757545471,0.1358582079410553,0.3036566376686096,-0.1294204145669937,0.9907282590866089,-0.04132692515850067,-0.3064558207988739,-0.0003261905221734196,0.9518848061561584,0.9156814813613892,0.40180259943008423,0.009058713912963867,-0.3965671956539154,0.906952440738678,-0.14202727377414703,-0.06528275460004807,0.12645936012268066,0.9898213148117065,0.9669103622436523,0.22951164841651917,0.11139474809169769,-0.251735657453537,0.9291883111000061,0.2706255614757538,-0.04139498621225357,-0.28971266746520996,0.9562180638313293,0.9814812541007996,-0.009198197163641453,0.19133725762367249,0.0009269410511478782,0.9990628361701965,0.04327333718538284,-0.19155597686767578,-0.04229461029171944,0.9805699586868286,0.8989588618278503,-0.3609599471092224,0.24815498292446136,0.4118516743183136,0.889431357383728,-0.1982172727584839,-0.14916832745075226,0.28039222955703735,0.9482241272926331
62,0.4564589262008667,-0.36330217123031616,-0.8121925592422485,0.8881364464759827,0.24090193212032318,0.3913820683956146,-0.05346880853176117,0.8999876379966736,-0.4326237440109253,-0.05411398783326149,-0.03414376080036163,0.9979508519172668,0.30112209916114807,0.9523304104804993,0.048911288380622864,-0.9520488977432251,0.30315184593200684,-0.04125295206904411,-0.38220086693763733,-0.015411444008350372,-0.923950731754303,-0.14137259125709534,0.9890658259391785,0.041982535272836685,0.913201093673706,0.14666707813739777,-0.3802005648612976,0.9018124341964722,-0.3474036157131195,0.25699228048324585,0.365815669298172,0.9303221106529236,-0.026070237159729004,-0.23002871870994568,0.11752226948738098,0.9660617709159851,0.5427669882774353,-0.8067478537559509,0.23358488082885742,0.7629377841949463,0.58987957239151,0.26451459527015686,-0.35118353366851807,0.03464093804359436,0.9356656074523926,0.869576096534729,0.4478500187397003,-0.20800894498825073,-0.46417924761772156,0.8850517272949219,-0.03494441136717796,0.1684488207101822,0.1269402652978897,0.9775025248527527,0.8795711398124695,-0.13796782493591309,0.4553234875202179,0.12776635587215424,0.9903721213340759,0.0532805509865284,-0.4582906663417816,0.011310983449220657,0.8887304067611694,0.9834821224212646,-0.18099653720855713,-0.001785959117114544,0.17950323224067688,0.9740044474601746,0.1381807029247284,-0.02327069640159607,-0.1362188309431076,0.9904054403305054,0.9569199085235596,-0.22815485298633575,0.17958198487758636,0.1970115602016449,0.9645411372184753,0.17563268542289734,-0.2132856547832489,-0.13268667459487915,0.9679377675056458,0.9278010725975037,-0.04388313740491867,-0.37048548460006714,0.076008141040802,0.9944640398025513,0.0725540742278099,0.3652505874633789,-0.09547565877437592,0.9260002374649048,0.6477622389793396,-0.7435838580131531,-0.16579222679138184,0.7615410089492798,0.6381094455718994,0.11345315724611282,0.02143164724111557,-0.19974826276302338,0.9796128273010254,0.8125836253166199,0.1624719500541687,0.5597416162490845,-0.15706339478492737,0.9858750104904175,-0.05815160274505615,-0.5612832307815552,-0.040661878883838654,0.8266242742538452,0.9681802988052368,0.2483874410390854,0.030505135655403137,-0.2447197288274765,0.9652033448219299,-0.09216704964637756,-0.05233679711818695,0.08176911622285843,0.995276153087616,0.8931931257247925,0.4035463333129883,0.19838440418243408,-0.447719544172287,0.7570078372955322,0.4759058356285095,0.04187151789665222,-0.5138964056968689,0.8568297624588013,0.9988537430763245,0.024763964116573334,0.040962278842926025,-0.02584845945239067,0.9993234872817993,0.026161128655076027,-0.04028671607375145,-0.02718995325267315,0.9988181591033936,0.6318293809890747,-0.16249676048755646,0.757882833480835,0.11863104999065399,0.9865309000015259,0.11262094229459763,-0.7659753561019897,0.01875121518969536,0.6425963640213013
63,0.15272070467472076,-0.42035430669784546,-0.8944152593612671,0.568896472454071,-0.7026481032371521,0.42736685276031494,0.8081046938896179,0.5740974545478821,-0.1318291574716568,0.543420672416687,0.8068564534187317,0.23168213665485382,-0.8147168159484863,0.5734333992004395,-0.0860854759812355,-0.2023128867149353,-0.14197468757629395,0.9689750671386719,0.9636196494102478,0.01037185825407505,-0.2670760452747345,-0.014372186735272408,0.9998118281364441,-0.013027803972363472,0.26689067482948303,0.016392314806580544,0.9635874032974243,0.5375573039054871,-0.8245393633842468,0.1765417903661728,0.8431971073150635,0.5273955464363098,-0.10427190363407135,-0.0071310619823634624,0.20491163432598114,0.9787545204162598,0.9625813961029053,0.2699311077594757,-0.023963138461112976,-0.2707209289073944,0.9618082046508789,-0.04043678939342499,0.01213279739022255,0.04541102424263954,0.9988946914672852,0.965178906917572,0.25458261370658875,0.06014499068260193,-0.2522512376308441,0.9666728377342224,-0.04373680800199509,-0.0692751556634903,0.027042195200920105,0.9972310066223145,0.922736644744873,-0.15484608709812164,0.352958619594574,0.14538951218128204,0.9879363775253296,0.05332592502236366,-0.35695797204971313,0.0021106961648911238,0.9341180920600891,0.9372106194496155,0.31862959265708923,-0.14181490242481232,-0.3444434106349945,0.9094310402870178,-0.23301057517528534,0.05472680926322937,0.2672272026538849,0.9620782732963562,0.9948795437812805,0.10102562606334686,0.0029273349791765213,-0.10060132294893265,0.9926502108573914,-0.06726779043674469,-0.009701590985059738,0.06662885844707489,0.9977306723594666,0.9784433245658875,-0.13436339795589447,-0.15682844817638397,0.15134002268314362,0.9832236766815186,0.10182064026594162,0.1405164748430252,-0.12336014211177826,0.9823631644248962,0.9459356069564819,0.2264794558286667,-0.23219142854213715,-0.23323778808116913,0.9724182486534119,-0.0017019103979691863,0.22540172934532166,0.05576571077108383,0.9726686477661133,0.8765833973884583,0.2617896795272827,0.40381643176078796,-0.24032586812973022,0.9651069045066833,-0.10398127883672714,-0.41694727540016174,-0.005899274721741676,0.9089115262031555,0.9904700517654419,-0.12837567925453186,0.049887124449014664,0.12681584060192108,0.9913678169250488,0.03327972814440727,-0.053728800266981125,-0.026636095717549324,0.9982002377510071,0.9150515198707581,-0.047087933868169785,0.40057888627052307,0.08333709090948105,0.9938036799430847,-0.07354748994112015,-0.39463356137275696,0.1006828173995018,0.9133056998252869,0.8010621070861816,0.31071528792381287,-0.5116204619407654,-0.27043119072914124,0.9503816962242126,0.15375840663909912,0.5340097546577454,0.015188087709248066,0.8453418612480164,0.6331383585929871,-0.45156070590019226,0.6286722421646118,0.64924556016922,0.7520338892936707,-0.11368931084871292,-0.42144519090652466,0.4801437258720398,0.769315242767334
64,0.4120020270347595,-0.3999590575695038,-0.8187106251716614,0.7170320153236389,-0.4121153652667999,0.562161922454834,0.5622449517250061,0.8186535835266113,-0.1169910877943039,0.9950762987136841,0.04127834737300873,-0.0901072546839714,-0.04006951302289963,0.9990814924240112,0.015184259973466396,0.09065127372741699,-0.011498942971229553,0.9958162903785706,0.68833988904953,0.7252970337867737,0.011504076421260834,-0.7253322601318359,0.6883972883224487,-0.0015108762308955193,-0.009015209041535854,-0.007304281461983919,0.9999327063560486,0.7193437814712524,-0.6939796209335327,0.030607061460614204,0.690936803817749,0.7102471590042114,-0.13474151492118835,0.07176928967237473,0.11807301640510559,0.9904079437255859,0.9847966432571411,-0.05971722677350044,-0.16312390565872192,0.06282242387533188,0.9979273676872253,0.013939452357590199,0.1619533896446228,-0.023975364863872528,0.9865071177482605,0.9847883582115173,0.17362268269062042,0.006863356102257967,-0.17337481677532196,0.9844709038734436,-0.02753494121134281,-0.011537464335560799,0.02592615596950054,0.9995972514152527,0.8904229402542114,-0.12497098743915558,0.43764054775238037,0.1167755052447319,0.9921058416366577,0.045710720121860504,-0.4398982524871826,0.010403819382190704,0.8979873657226562,0.9881028532981873,0.14319542050361633,-0.0561055913567543,-0.14854933321475983,0.9830900430679321,-0.10708427429199219,0.03982286900281906,0.11414472758769989,0.9926656484603882,0.9817799925804138,0.05404374375939369,0.18217384815216064,-0.049791909754276276,0.9983716011047363,-0.027836283668875694,-0.1833815723657608,0.01825832389295101,0.9828722476959229,0.9348177313804626,-0.07825423032045364,-0.3463987112045288,0.11545886099338531,0.9894000291824341,0.08807264268398285,0.3358348309993744,-0.12232667207717896,0.9339438676834106,0.9806873202323914,-0.09817977994680405,-0.16915404796600342,0.10360227525234222,0.9943408370018005,0.02351273223757744,0.16588830947875977,-0.04058338329195976,0.9853091239929199,0.9674054384231567,0.19074007868766785,0.16656814515590668,-0.18247383832931519,0.9811424612998962,-0.06373976916074753,-0.1755848079919815,0.03126787021756172,0.9839676022529602,0.9665514230728149,0.10849166661500931,0.23239603638648987,-0.08900845050811768,0.9917008876800537,-0.09277284145355225,-0.24053244292736053,0.0689845085144043,0.968186616897583,0.990061342716217,0.1368035078048706,0.03260931745171547,-0.14029009640216827,0.9769678115844727,0.16078735888004303,-0.009861976839601994,-0.1637641042470932,0.9864502549171448,0.9845605492591858,0.026562213897705078,0.17301717400550842,-0.03752947971224785,0.9974668025970459,0.06042822077870369,-0.1709737628698349,-0.06598848849534988,0.9830633401870728,0.9200817346572876,-0.3846677243709564,0.0740295797586441,0.3898339569568634,0.8805830478668213,-0.269449383020401,0.03845928609371185,0.27677470445632935,0.9601649045944214
65,0.10575532168149948,0.32664546370506287,-0.9392116665840149,0.6636111736297607,0.6802306771278381,0.3112979531288147,0.7405646443367004,-0.6561927795410156,-0.14482755959033966,0.9186249375343323,-0.3740684986114502,0.12728293240070343,0.3789178729057312,0.9253025650978088,-0.01537421066313982,-0.1120242178440094,0.06235291436314583,0.9917473196983337,0.6222308874130249,-0.5112324953079224,-0.5928491353988647,0.4847123324871063,0.8462827801704407,-0.22104156017303467,0.6147216558456421,-0.1498224139213562,0.7743839621543884,0.15348491072654724,0.15376834571361542,0.9761135578155518,-0.15448690950870514,0.9794054627418518,-0.12999527156352997,-0.9760000705718994,-0.13084445893764496,0.17407916486263275,0.8904609680175781,-0.4541080892086029,-0.02941228076815605,0.4549936354160309,0.8873697519302368,0.07453671097755432,-0.007748154923319817,-0.07975443452596664,0.9967844486236572,0.9663102030754089,0.13019271194934845,0.22202350199222565,-0.12821027636528015,0.9914713501930237,-0.023382406681776047,-0.22317415475845337,-0.0058710346929728985,0.974760890007019,0.9748252630233765,0.19640496373176575,-0.10555022209882736,-0.20014004409313202,0.9794238805770874,-0.025938907638192177,0.09828387200832367,0.04641072824597359,0.99407559633255,0.8775625228881836,-0.47741052508354187,0.04430806264281273,0.4289571940898895,0.8230475187301636,0.37227484583854675,-0.21419556438922882,-0.3076881766319275,0.9270642995834351,0.9530463218688965,0.29880228638648987,0.049192871898412704,-0.28379446268081665,0.9379699230194092,-0.19918102025985718,-0.1056571751832962,0.17586807906627655,0.9787272214889526,0.9701529741287231,-0.07203231006860733,-0.23154820501804352,0.09111441671848297,0.9931766986846924,0.0727887824177742,0.2247251272201538,-0.09171363711357117,0.9700965285301208,0.9386255145072937,-0.30791595578193665,-0.15546678006649017,0.31858551502227783,0.9466514587402344,0.04852094501256943,0.13223247230052948,-0.09507246315479279,0.9866487979888916,0.7747222781181335,-0.036368854343891144,0.6312548518180847,-0.0016819684533402324,0.9982224106788635,0.059575404971838,-0.6322994232177734,-0.04721614345908165,0.7732839584350586,0.8031322956085205,-0.511774480342865,0.3050662875175476,0.47969162464141846,0.8591143488883972,0.17837752401828766,-0.3533758819103241,0.00307699223048985,0.9354763627052307,0.9448055028915405,0.3246553838253021,0.04406131058931351,-0.3159011900424957,0.867038369178772,0.38529330492019653,0.08688469231128693,-0.37794625759124756,0.9217416644096375,0.9044396877288818,-0.13764150440692902,0.40378668904304504,0.13449692726135254,0.9902490973472595,0.03629394620656967,-0.4048449695110321,0.021482383832335472,0.9141329526901245,0.9363439679145813,-0.2935195863246918,0.19262969493865967,0.3261263370513916,0.9303431510925293,-0.1676402986049652,-0.13000600039958954,0.21979059278964996,0.966845691204071
66,0.059712838381528854,0.43162497878074646,-0.9000746011734009,0.603533923625946,0.7025976777076721,0.3769659101963043,0.7950981855392456,-0.5657352805137634,-0.21854622662067413,0.9378312826156616,-0.3464948534965515,0.020343393087387085,0.34690061211586,0.9376477599143982,-0.021832164376974106,-0.011510203592479229,0.027532022446393967,0.9995546340942383,0.8321638107299805,-0.40951770544052124,-0.37389659881591797,0.39979955554008484,0.910309910774231,-0.10722032934427261,0.38427039980888367,-0.06025881692767143,0.9212519526481628,0.9486076235771179,-0.29782265424728394,0.10698258876800537,0.3039098083972931,0.9516078233718872,-0.04562229663133621,-0.08821811527013779,0.07579071819782257,0.9932136535644531,0.8514437675476074,-0.5104487538337708,-0.12035582959651947,0.5196175575256348,0.852158784866333,0.06183100864291191,0.07100071012973785,-0.11518462747335434,0.9908034205436707,0.6819238066673279,-0.6765092611312866,-0.27805596590042114,0.7027682065963745,0.711381733417511,-0.007271896582096815,0.2027234435081482,-0.1904500126838684,0.9605373740196228,0.9706670045852661,-0.17422956228256226,0.16567927598953247,0.16926167905330658,0.9845993518829346,0.04375666007399559,-0.1707514077425003,-0.014429992996156216,0.9852084517478943,0.9030327796936035,-0.34690502285957336,-0.25335487723350525,0.40811315178871155,0.8769012093544006,0.25394463539123535,0.13407252728939056,-0.33271780610084534,0.9334470629692078,0.9201787710189819,-0.3912888467311859,-0.012809143401682377,0.38020095229148865,0.8853434324264526,0.2676083743572235,-0.09337168186903,-0.2511175870895386,0.9634426236152649,0.8804445266723633,-0.26846668124198914,-0.3908235430717468,0.3634747862815857,0.9114488363265991,0.19273588061332703,0.30447250604629517,-0.3117477595806122,0.9000610113143921,0.7456536889076233,-0.5007342100143433,-0.43962010741233826,0.560279130935669,0.828275203704834,0.006888882722705603,0.36067691445350647,-0.2514466941356659,0.8981574177742004,0.6873455047607422,-0.6963582038879395,-0.20649787783622742,0.7259981036186218,0.6672818660736084,0.16631799936294556,0.021975386887788773,-0.2642349898815155,0.9642079472541809,0.8243935704231262,-0.3001488745212555,-0.4798811376094818,0.39999958872795105,0.9087900519371033,0.11874768882989883,0.40046921372413635,-0.28984707593917847,0.8692600727081299,0.90435791015625,-0.16922330856323242,0.39179107546806335,0.27123868465423584,0.9366739988327026,-0.2215205729007721,-0.32949405908584595,0.3066027760505676,0.8929884433746338,0.5995428562164307,-0.5803590416908264,-0.5511186718940735,0.20132392644882202,0.77582186460495,-0.5979708433151245,0.7746076583862305,0.24755579233169556,0.5819786190986633,-0.01126118190586567,0.9026904106140137,0.43014323711395264,-0.5345749855041504,-0.3689717650413513,0.7603219151496887,0.8450459837913513,-0.22138169407844543,0.486710786819458
67,-0.07086718082427979,-0.3894249200820923,-0.9183278679847717,0.5171594619750977,-0.801585853099823,0.3000103533267975,0.8529501557350159,0.4536610543727875,-0.25820091366767883,0.9369406700134277,0.3414250612258911,-0.07463972270488739,-0.3388793468475342,0.9397600889205933,0.0448528453707695,0.08545731753110886,-0.016730593517422676,0.9962013363838196,0.4850429892539978,0.2184096872806549,-0.84677654504776,-0.2675742506980896,0.9589343070983887,0.09406912326812744,0.8325486779212952,0.18094803392887115,0.5235651731491089,0.1387985199689865,0.7693485021591187,0.6235686540603638,-0.8912605047225952,0.3715430200099945,-0.2600201368331909,-0.43172869086265564,-0.5196717381477356,0.737259566783905,0.7803605794906616,0.6243934035301208,0.03420906141400337,-0.6159873008728027,0.776971697807312,-0.12990225851535797,-0.10768958181142807,0.08029824495315552,0.9909365177154541,0.9652787446975708,0.21976721286773682,0.1412067711353302,-0.2160511612892151,0.9755072593688965,-0.041321903467178345,-0.14682942628860474,0.009379268623888493,0.9891173839569092,-0.48663657903671265,0.8605360984802246,0.15054050087928772,-0.6184215545654297,-0.21762187778949738,-0.755112886428833,-0.6170409917831421,-0.460563063621521,0.6380768418312073,0.9027053713798523,0.42956769466400146,-0.024384496733546257,-0.41319242119789124,0.8497012257575989,-0.327536016702652,-0.11997935175895691,0.3057439923286438,0.9445239901542664,0.6456865668296814,0.7301832437515259,-0.22343073785305023,-0.7233607172966003,0.4911554455757141,-0.4852995276451111,-0.24461835622787476,0.4749724268913269,0.8453183174133301,0.9818727374076843,-0.0532967709004879,-0.1818937361240387,0.06469802558422089,0.9962567090988159,0.05732995644211769,0.17815734446048737,-0.06805888563394547,0.9816455245018005,0.7703655362129211,0.6363283395767212,-0.04028863087296486,-0.6359900236129761,0.7623907923698425,-0.11948607861995697,-0.045316699892282486,0.11767112463712692,0.9920181035995483,0.1258835792541504,0.9340119957923889,-0.3343275785446167,-0.9671135544776917,0.040462084114551544,-0.2511059641838074,-0.22100837528705597,0.35494285821914673,0.908389151096344,0.7175433039665222,-0.5502298474311829,0.42705821990966797,0.5132759213447571,0.8321856260299683,0.20979730784893036,-0.47082844376564026,0.06866005808115005,0.879548966884613,0.975559413433075,0.21828776597976685,0.025184789672493935,-0.2173723578453064,0.9419417381286621,0.25591984391212463,0.03214156627655029,-0.2551394999027252,0.9663698673248291,0.913439929485321,0.3295596241950989,-0.2387843132019043,-0.28945204615592957,0.9385359883308411,0.18806307017803192,0.28608566522598267,-0.10266771167516708,0.9526879787445068,0.4969537556171417,-0.8613011837005615,-0.10581715404987335,0.4903564155101776,0.3793249726295471,-0.7846420407295227,0.7159522175788879,0.3380427062511444,0.610851526260376
68,0.13543985784053802,0.6672805547714233,-0.7323883175849915,0.691582441329956,0.4656582474708557,0.5521559119224548,0.7094855904579163,-0.5812908411026001,-0.398410826921463,0.8674725294113159,-0.35816943645477295,-0.345262348651886,0.3660382032394409,0.929530143737793,-0.044607289135456085,0.3369087278842926,-0.08768361061811447,0.9374455213546753,0.8223956823348999,-0.5594698190689087,-0.103241465985775,0.5583757758140564,0.8285272121429443,-0.04194197803735733,0.10900363326072693,-0.02315463125705719,0.9937716126441956,0.9370356798171997,-0.3130105435848236,-0.1548824906349182,0.30471083521842957,0.9494616389274597,-0.07532533258199692,0.17063261568546295,0.023388147354125977,0.9850571155548096,0.7632941603660583,-0.5117214918136597,-0.39436426758766174,0.5580233335494995,0.8298187255859375,0.0032960521057248116,0.3255642056465149,-0.22258031368255615,0.9189482927322388,0.7388641238212585,-0.6731237173080444,-0.03137311339378357,0.6720027923583984,0.7325857877731323,0.10830655694007874,-0.0499202124774456,-0.10110664367675781,0.993622362613678,0.9967447519302368,-0.00850650668144226,0.08017171174287796,0.008534516207873821,0.9999635815620422,-6.701486654492328e-06,-0.08016873151063919,0.0006909064250066876,0.996781051158905,0.7180451154708862,-0.5957876443862915,-0.35978925228118896,0.6945928931236267,0.5806074142456055,0.4247772693634033,-0.044180747121572495,-0.554916262626648,0.8307322263717651,0.9068265557289124,-0.3757823407649994,0.19092729687690735,0.31522324681282043,0.9053184390068054,0.2846626341342926,-0.2798212170600891,-0.1979549080133438,0.9394221305847168,0.6499913334846497,-0.4302884042263031,-0.6263890266418457,0.6988310813903809,0.6622816324234009,0.27021872997283936,0.29857394099235535,-0.613379955291748,0.7311761975288391,0.6972085237503052,-0.7041484117507935,-0.13444428145885468,0.7167506217956543,0.6881242394447327,0.11293169111013412,0.012993699871003628,-0.1750999540090561,0.9844649434089661,0.843114972114563,-0.5283454060554504,0.10004168003797531,0.49982061982154846,0.8386087417602539,0.2165980190038681,-0.19833439588546753,-0.1326141208410263,0.9711214900016785,0.9436303377151489,-0.0699484795331955,0.32352590560913086,0.08509518206119537,0.9958297610282898,-0.03289264440536499,-0.31987592577934265,0.05856899544596672,0.9456474184989929,0.9918379187583923,-0.029926657676696777,-0.12394320219755173,0.026179444044828415,0.9991528391838074,-0.03175276517868042,0.12478845566511154,0.028248831629753113,0.9917811751365662,0.932252049446106,0.13119623064994812,-0.3371848464012146,-0.12856599688529968,0.9912402629852295,0.030223987996578217,0.33819645643234253,0.01517412904649973,0.9409531950950623,0.953726053237915,0.137114018201828,0.26759374141693115,-0.17827774584293365,0.9745291471481323,0.1360514611005783,-0.2421233206987381,-0.17746183276176453,0.9538781642913818
69,0.06485804170370102,0.7978173494338989,-0.5994004607200623,0.7644321918487549,0.34637710452079773,0.5437520742416382,0.6414334177970886,-0.49346768856048584,-0.5874119400978088,0.8308385014533997,-0.42398011684417725,-0.360483318567276,0.43166083097457886,0.8998043537139893,-0.06341131776571274,0.3512496054172516,-0.10292196273803711,0.9306077361106873,0.9015375971794128,-0.4116972088813782,-0.13317441940307617,0.4103524386882782,0.9111061692237854,-0.03868381306529045,0.13726204633712769,-0.019773537293076515,0.9903373718261719,0.965783953666687,0.022421058267354965,-0.2583768665790558,-0.01853783428668976,0.9996757507324219,0.017456071451306343,0.2586844563484192,-0.01206904649734497,0.9658864736557007,0.6928912997245789,-0.6170146465301514,-0.3730878531932831,0.6675454378128052,0.7445210218429565,0.008459307253360748,0.2725522518157959,-0.2549144923686981,0.9277574419975281,0.9092779755592346,-0.3780742585659027,-0.17399249970912933,0.3869543969631195,0.921903669834137,0.018972504884004593,0.15323130786418915,-0.08457844704389572,0.9845641851425171,0.8854044079780579,0.2536945044994354,0.3894844055175781,-0.2300780862569809,0.9672707319259644,-0.10701103508472443,-0.40388500690460205,0.005136215593665838,0.9147953391075134,0.823321521282196,-0.43036898970603943,-0.37003275752067566,0.5447338223457336,0.7822583317756653,0.30222010612487793,0.1593950390815735,-0.4503936469554901,0.8784866333007812,0.8867911100387573,-0.4546142816543579,-0.08323125541210175,0.45729607343673706,0.8370063900947571,0.30050066113471985,-0.06694678962230682,-0.3045426309108734,0.9501430988311768,0.8074985146522522,0.0318935327231884,-0.589006781578064,0.01798154041171074,0.9967421889305115,0.07862336933612823,0.5895954966545105,-0.07407950609922409,0.8042943477630615,0.7985401749610901,-0.5910238027572632,-0.11412494629621506,0.6011183261871338,0.792896568775177,0.09985896944999695,0.03147025406360626,-0.1483439952135086,0.9884349703788757,0.7733952403068542,-0.4640399217605591,-0.43188735842704773,0.5231016278266907,0.8520040512084961,0.021302832290530205,0.35808441042900085,-0.2423964887857437,0.9016759395599365,0.5443076491355896,-0.11564895510673523,0.8308756947517395,0.2441643625497818,0.9694110155105591,-0.025020781904459,-0.8025664687156677,0.21648924052715302,0.555895209312439,0.9921324849128723,-0.08640067279338837,-0.0905981957912445,0.07751797139644623,0.9922255277633667,-0.09736237674951553,0.09830602258443832,0.08957338333129883,0.9911168217658997,0.9168732166290283,0.19849234819412231,-0.3463296890258789,-0.18241643905639648,0.9800606369972229,0.07877404242753983,0.3550601303577423,-0.009049580432474613,0.9347996711730957,0.9509950280189514,0.019533472135663033,0.3085886240005493,-0.043477777391672134,0.9965348839759827,0.07090786844491959,-0.3061342239379883,-0.0808497816324234,0.9485489726066589
70,-0.017422758042812347,-0.9788438081741333,0.2038658857345581,0.9948908686637878,0.0033066426403820515,0.1009017750620842,0.09944118559360504,-0.2045823037624359,-0.9737851619720459,0.7155207991600037,0.12392079830169678,-0.6875126361846924,-0.0474185012280941,0.990486741065979,0.1291801482439041,0.6969802379608154,-0.05983026325702667,0.7145900130271912,0.9383472800254822,0.2731582224369049,0.2118701934814453,-0.2761181592941284,0.9609891176223755,-0.016082342714071274,-0.20799797773361206,-0.04341038316488266,0.9771654605865479,-0.5810617208480835,-0.49006667733192444,0.6497706770896912,0.7985693216323853,-0.18928304314613342,0.5713658332824707,-0.157016783952713,0.8508857488632202,0.5013373494148254,0.6648330688476562,0.006555354688316584,-0.7469632029533386,0.036447662860155106,0.998485803604126,0.041202884167432785,0.7461022734642029,-0.05461810156702995,0.6635874509811401,0.8395065665245056,0.42349737882614136,0.34040960669517517,-0.4063328802585602,0.9052547812461853,-0.12412655353546143,-0.36072468757629395,-0.03411456197500229,0.9320482015609741,0.9725180864334106,-0.22960244119167328,0.03861790895462036,0.22777029871940613,0.9725983738899231,0.046616651117801666,-0.04826301336288452,-0.03653952479362488,0.9981660842895508,0.8863649368286133,0.32248756289482117,-0.3322031795978546,-0.4022999405860901,0.8915961980819702,-0.2078724354505539,0.2291548252105713,0.31789615750312805,0.920016348361969,0.8084109425544739,-0.09502732008695602,0.5808972120285034,0.04475020244717598,0.9939483404159546,0.10032014548778534,-0.5869149565696716,-0.05510463938117027,0.8077712059020996,0.16646301746368408,-0.8155274391174316,-0.554260790348053,0.8094019889831543,-0.2080259919166565,0.5491753816604614,-0.5631682872772217,-0.540037214756012,0.6254609227180481,0.9795454144477844,0.024966808035969734,-0.19966843724250793,-0.023016352206468582,0.9996620416641235,0.012084078043699265,0.19990265369415283,-0.007241263519972563,0.9797890186309814,0.7407299280166626,-0.6239495277404785,0.2490103393793106,0.5471642017364502,0.7753874063491821,0.31525489687919617,-0.3897826373577118,-0.09726917743682861,0.9157555103302002,0.26438194513320923,0.6794881224632263,-0.6843960881233215,-0.770289957523346,0.5757837891578674,0.2740919888019562,0.5803064703941345,0.4547184705734253,0.675629734992981,0.9688349366188049,0.10967673361301422,-0.2221033275127411,-0.0833422914147377,0.9886907339096069,0.12467821687459946,0.23326580226421356,-0.10228201001882553,0.9670188426971436,0.9016522169113159,0.41690510511398315,-0.11494936048984528,-0.3769785165786743,0.8879521489143372,0.2634921967983246,0.21192078292369843,-0.19424490630626678,0.957788348197937,0.9975038170814514,-0.02949483133852482,0.06415797770023346,0.030193805694580078,0.9994944930076599,-0.00995220709592104,-0.06383200734853745,0.011864538304507732,0.9978901147842407
71,0.14555436372756958,0.5200315713882446,0.8416537642478943,0.9756538271903992,-0.2165132611989975,-0.03495136275887489,0.16405338048934937,0.8262500762939453,-0.5388852953910828,0.9454224705696106,-0.24146637320518494,-0.21879296004772186,0.24447999894618988,0.9695587158203125,-0.013615402393043041,0.21542029082775116,-0.04061819612979889,0.9756762981414795,0.8787732124328613,0.3036663234233856,-0.368163526058197,-0.3091735541820526,0.9499149322509766,0.04553337022662163,0.36355099081993103,0.07381292432546616,0.9286454319953918,0.9937732815742493,0.036722052842378616,-0.10519561916589737,-0.03541109710931778,0.9992704391479492,0.01430346630513668,0.10564412921667099,-0.010489311069250107,0.9943487048149109,0.9664981365203857,-0.07872756570577621,-0.2443016618490219,0.0859411209821701,0.9961192011833191,0.0189924705773592,0.2418583333492279,-0.03935174643993378,0.9695132970809937,0.9118101000785828,0.13145196437835693,-0.3890021741390228,-0.14658208191394806,0.9891545176506042,-0.009328274056315422,0.3835570216178894,0.06552635878324509,0.9211896061897278,0.991745114326477,-0.09916704893112183,0.08128678798675537,0.09785459190607071,0.9950000643730164,0.01998366415500641,-0.08286207914352417,-0.011864414438605309,0.9964904189109802,0.5942265391349792,0.025922546163201332,-0.8038798570632935,-0.00845031626522541,0.9996265172958374,0.02598828822374344,0.804253339767456,-0.008649892173707485,0.59422367811203,0.6336331367492676,-0.24300263822078705,0.7344785332679749,0.1014472022652626,0.9672888517379761,0.2325097620487213,-0.7669534087181091,-0.07281509786844254,0.6375582218170166,0.9993617534637451,0.029016776010394096,0.020835842937231064,-0.02854655310511589,0.9993387460708618,-0.02252146229147911,-0.021475564688444138,0.02191229537129402,0.999529242515564,0.873450756072998,0.26897406578063965,-0.4058777391910553,-0.281516432762146,0.9590946435928345,0.02976476028561592,0.39728114008903503,0.08826320618391037,0.9134425520896912,0.7445122599601746,-0.6188901662826538,-0.250352680683136,0.6589614152908325,0.7414029240608215,0.12685245275497437,0.10710447281599045,-0.25941595435142517,0.9598082900047302,0.9677765965461731,-0.20631690323352814,-0.14436691999435425,0.21949391067028046,0.9721553325653076,0.08207546919584274,0.12341351062059402,-0.1111183762550354,0.986114501953125,0.9614701271057129,-0.2122088521718979,-0.17476435005664825,0.16825245320796967,0.9569829106330872,-0.2363785356283188,0.21740812063217163,0.19786636531352997,0.9558151364326477,0.9887966513633728,0.1479029655456543,0.02014569565653801,-0.14919570088386536,0.983490526676178,0.1024061068892479,-0.004666933789849281,-0.10426446795463562,0.9945386648178101,0.9855381846427917,-0.15888172388076782,0.05891552194952965,0.16432495415210724,0.9809764623641968,-0.10335611552000046,-0.04137334227561951,0.11154269427061081,0.9928980469703674
72,0.4004157483577728,0.04994205757975578,0.9149715900421143,0.8678168654441833,-0.3412667512893677,-0.36115217208862305,0.2942126989364624,0.9386388063430786,-0.17998912930488586,0.9895897507667542,0.14208047091960907,-0.02291916497051716,-0.1417984664440155,0.9898034930229187,0.013501367531716824,0.024603748694062233,-0.010110911913216114,0.9996461272239685,0.966096043586731,0.2445947825908661,-0.08265475183725357,-0.24477602541446686,0.9695459008216858,0.00809046532958746,0.08211646229028702,0.012415735051035881,0.9965453743934631,0.9720364212989807,0.016840720549225807,-0.23422545194625854,-0.013517751358449459,0.9997840523719788,0.015785375609993935,0.23444069921970367,-0.012177757918834686,0.972054123878479,0.9682288765907288,0.23040930926799774,-0.09718247503042221,-0.23366621136665344,0.9720346331596375,-0.023425325751304626,0.08906731754541397,0.045389335602521896,0.994990885257721,0.9591146111488342,-0.10852556675672531,-0.261383593082428,0.10988504439592361,0.9938993453979492,-0.00945405475795269,0.26081499457359314,-0.01965462602674961,0.9651886820793152,0.9955452680587769,0.09427998214960098,0.000969487358815968,-0.09424885362386703,0.9953958988189697,-0.01743878610432148,-0.002609152114018798,0.01726972684264183,0.9998474717140198,0.9923754930496216,0.07616385817527771,0.09690150618553162,-0.07020559161901474,0.995510458946228,-0.06348308175802231,-0.10130158066749573,0.056196026504039764,0.9932673573493958,0.9460442662239075,-0.08274157345294952,0.31329551339149475,0.06164413318037987,0.9951486587524414,0.07667548954486847,-0.3181198835372925,-0.053225576877593994,0.9465551972389221,0.9820379614830017,-0.18680605292320251,-0.026551570743322372,0.18867088854312897,0.9738314747810364,0.12671031057834625,0.002186502330005169,-0.12944383919239044,0.9915843605995178,0.9899250268936157,-0.04627765715122223,-0.133816197514534,0.04873069375753403,0.9986976385116577,0.015112883411347866,0.13294252753257751,-0.021481577306985855,0.9908909201622009,0.9832043051719666,0.052668966352939606,-0.1747433841228485,-0.05792646482586861,0.9980047345161438,-0.02512066625058651,0.17307165265083313,0.03482101485133171,0.984293520450592,0.7082754373550415,-0.43444326519966125,0.5564215779304504,0.4261910021305084,0.8915036916732788,0.15356552600860596,-0.5627673864364624,0.12837517261505127,0.8165860176086426,0.9063282012939453,-0.25219660997390747,-0.33906638622283936,0.16187907755374908,0.9483827948570251,-0.27269989252090454,0.3903387188911438,0.19226785004138947,0.9003714323043823,0.9605287313461304,0.22508665919303894,0.16346433758735657,-0.2530292570590973,0.9510955214500427,0.17718201875686646,-0.11558888852596283,-0.21154968440532684,0.9705080986022949,0.9761481881141663,-0.00034286483423784375,-0.21710512042045593,-0.008161072619259357,0.9992340207099915,-0.038271866738796234,0.21695193648338318,0.03913082182407379,0.9753977060317993
73,0.32868751883506775,0.09616669267416,0.9395299553871155,0.9272903800010681,-0.22157086431980133,-0.30172646045684814,0.17915642261505127,0.970390796661377,-0.16200202703475952,0.997703492641449,-0.018680553883314133,-0.06510552018880844,0.01912923902273178,0.9997973442077637,0.00627506710588932,0.06497509777545929,-0.007506075315177441,0.9978586435317993,0.9833323955535889,0.18118546903133392,-0.015140908770263195,-0.18118609488010406,0.9834479093551636,0.001341598923318088,0.015133373439311981,0.0014240844175219536,0.9998844861984253,0.8957597017288208,0.2388366013765335,-0.37492889165878296,-0.21629495918750763,0.9710074067115784,0.1017894297838211,0.3883697986602783,-0.010083632543683052,0.9214484691619873,0.9867342710494995,0.14869819581508636,-0.06514851748943329,-0.15013660490512848,0.9885060787200928,-0.01774192415177822,0.061761513352394104,0.027287742123007774,0.9977178573608398,0.9060919284820557,-0.20639924705028534,-0.36931926012039185,0.21251904964447021,0.9768490195274353,-0.02452918328344822,0.36583197116851807,-0.05626168102025986,0.9289788007736206,0.9374597072601318,0.2291678935289383,0.26201412081718445,-0.21644066274166107,0.973266065120697,-0.07685438543558121,-0.2726219892501831,0.0153373833745718,0.9619989395141602,0.9295737743377686,-0.26905643939971924,0.25199460983276367,0.21779869496822357,0.9523724913597107,0.21342520415782928,-0.29741615056991577,-0.1435103863477707,0.9439006447792053,0.9173469543457031,0.3829877972602844,0.10860422253608704,-0.34471285343170166,0.9006736874580383,-0.26449939608573914,-0.1991170048713684,0.2052004486322403,0.9582511186599731,0.9456127882003784,-0.17826388776302338,-0.2721000015735626,0.2224319577217102,0.9646998643875122,0.14098992943763733,0.23736141622066498,-0.19384561479091644,0.9518841505050659,0.977823793888092,-0.10887730866670609,-0.17890319228172302,0.11512500047683716,0.9930391907691956,0.024887939915060997,0.17494814097881317,-0.044932249933481216,0.9835518598556519,0.9826159477233887,0.03907611221075058,-0.18149103224277496,-0.04396466538310051,0.9987685084342957,-0.022989513352513313,0.18036919832229614,0.030569054186344147,0.9831238389015198,0.9461876749992371,0.1703834980726242,0.27513331174850464,-0.1381157785654068,0.9814699292182922,-0.13281868398189545,-0.29266518354415894,0.08767115324735641,0.9521874189376831,0.9492233395576477,-0.13865406811237335,-0.28240054845809937,0.09962500631809235,0.9839230179786682,-0.14822399616241455,0.2984122633934021,0.11256352812051773,0.9477761387825012,0.9786210656166077,0.19614723324775696,0.061863724142313004,-0.2030911147594452,0.9690905213356018,0.14006279408931732,-0.03247861936688423,-0.14963236451148987,0.9882081151008606,0.9220190644264221,-0.385593444108963,-0.03461918607354164,0.3583822548389435,0.8839231729507446,-0.30040299892425537,0.14643412828445435,0.2645703852176666,0.9531838893890381
74,0.3130381405353546,0.027603596448898315,0.9493393301963806,0.8729451298713684,-0.40212565660476685,-0.2761552333831787,0.37413081526756287,0.915168285369873,-0.14997708797454834,0.9691044092178345,-0.09921816736459732,-0.2258150577545166,0.10381437093019485,0.9945600032806396,0.008540326729416847,0.22373926639556885,-0.03171931579709053,0.974132776260376,0.9615001082420349,0.25803476572036743,-0.09452849626541138,-0.25854188203811646,0.9659742712974548,0.007054839748889208,0.09313248842954636,0.017656346783041954,0.9954971671104431,-0.10592839866876602,0.885903000831604,0.45161381363868713,-0.9896406531333923,-0.049663905054330826,-0.13470280170440674,-0.09690471738576889,-0.4612042307853699,0.8819864392280579,0.9641679525375366,-0.23219875991344452,-0.12831169366836548,0.23824872076511383,0.9706161022186279,0.033792149275541306,0.11669490486383438,-0.06315140426158905,0.9911580085754395,0.928361177444458,0.3505891263484955,-0.12342102825641632,-0.35779035091400146,0.9328877925872803,-0.04130846634507179,0.10065567493438721,0.08250802755355835,0.9914942383766174,0.9979850649833679,-0.05651761218905449,0.028836296871304512,0.0562254935503006,0.998359203338623,0.010843194089829922,-0.029401812702417374,-0.009200010448694229,0.9995253086090088,0.9095481634140015,0.06086122617125511,0.4111180007457733,-0.039815839380025864,0.9974297285079956,-0.059570182114839554,-0.4136868417263031,0.037812940776348114,0.9096336364746094,0.991229772567749,0.060225147753953934,-0.1176283061504364,-0.06587351113557816,0.9968248009681702,-0.04473301023244858,0.11456076055765152,0.052089281380176544,0.9920496940612793,0.9574630260467529,-0.24136777222156525,-0.15813331305980682,0.2671194076538086,0.9486669301986694,0.16934651136398315,0.10914105921983719,-0.2043835073709488,0.9727875590324402,0.9838926196098328,-0.17792275547981262,-0.017284436151385307,0.17845599353313446,0.98325514793396,0.03691621497273445,0.01042677741497755,-0.039406102150678635,0.999168872833252,0.967866837978363,0.12002387642860413,-0.2209707349538803,-0.13291199505329132,0.9901348352432251,-0.0443555973470211,0.2134670913219452,0.07229997217655182,0.974271297454834,0.9911510944366455,0.11809312552213669,0.060609135776758194,-0.11488689482212067,0.9919142127037048,-0.05391881242394447,-0.06648650020360947,0.04647849500179291,0.9967042207717896,0.8916903734207153,-0.24138563871383667,-0.38291147351264954,0.14921295642852783,0.9554091095924377,-0.2548115849494934,0.4273449778556824,0.17007769644260406,0.8879469633102417,0.7980921268463135,0.4716287851333618,0.3749869763851166,-0.5911181569099426,0.733440637588501,0.335625022649765,-0.11674024909734726,-0.4895212948322296,0.8641415238380432,0.999121367931366,-0.03635089099407196,0.020859625190496445,0.03679942339658737,0.9990905523300171,-0.021537333726882935,-0.02005775272846222,0.022286031395196915,0.9995504021644592
75,0.3137292265892029,-0.042954541742801666,0.9485403895378113,0.8586405515670776,-0.41363415122032166,-0.30272626876831055,0.4053521752357483,0.9094293117523193,-0.09288660436868668,0.980025053024292,-0.121842160820961,-0.1571795493364334,0.12347500771284103,0.9923474788665771,0.0006288334843702614,0.15590010583400726,-0.020024018362164497,0.9875698685646057,0.9669522047042847,0.24034081399440765,-0.08508647233247757,-0.24080178141593933,0.970561683177948,0.004956841003149748,0.08377300202846527,0.015695946291089058,0.996361255645752,-0.4253137707710266,0.25168725848197937,0.8693455457687378,-0.3554531931877136,0.8369178771972656,-0.4161989092826843,-0.8323227763175964,-0.486026793718338,-0.2664896547794342,0.965507984161377,-0.2203069031238556,-0.13877765834331512,0.22670075297355652,0.9734423160552979,0.031887784600257874,0.12806695699691772,-0.06224891170859337,0.989810049533844,0.962652862071991,0.24204692244529724,-0.12129590660333633,-0.24737071990966797,0.9684339165687561,-0.030715670436620712,0.11003243923187256,0.05957358703017235,0.99214106798172,-0.7625393867492676,-0.6437678933143616,-0.06400492787361145,0.4265287220478058,-0.5746626257896423,0.6984526515007019,-0.486422598361969,0.5052977204322815,0.7127884030342102,0.9014567136764526,0.0472530797123909,0.4302824139595032,-0.029859812930226326,0.9984441995620728,-0.047090549021959305,-0.43183815479278564,0.029601939022541046,0.9014652371406555,0.9814609289169312,0.18803568184375763,-0.0371076874434948,-0.1912345439195633,0.9736682176589966,-0.12409485876560211,0.0127963125705719,0.1288905292749405,0.9915762543678284,0.9493761658668518,-0.1887267678976059,-0.2511315941810608,0.22948864102363586,0.9625734090805054,0.14417815208435059,0.2145223170518875,-0.19451116025447845,0.9571549296379089,0.9961062669754028,-0.08509404957294464,-0.023048976436257362,0.08552663028240204,0.9961645007133484,0.01847994700074196,0.021388038992881775,-0.020379291847348213,0.9995635151863098,0.9671233296394348,-0.014707408845424652,-0.25388211011886597,0.010695558041334152,0.9997953176498413,-0.017175190150737762,0.25408273935317993,0.013895117677748203,0.967082679271698,0.9335143566131592,0.3426915109157562,0.1054205521941185,-0.3250577747821808,0.9329948425292969,-0.15446054935455322,-0.15128915011882782,0.10992337018251419,0.9823586344718933,0.8508824110031128,-0.3364005982875824,-0.40352663397789,0.19216559827327728,0.914166271686554,-0.35689276456832886,0.48894935846328735,0.22612984478473663,0.8424926400184631,0.743614137172699,0.47640103101730347,0.46912693977355957,-0.6499784588813782,0.6795603036880493,0.3401850163936615,-0.15673553943634033,-0.5578888058662415,0.8149810433387756,0.9725401997566223,-0.21996574103832245,-0.07603012770414352,0.20355354249477386,0.9623110294342041,-0.18034245073795319,0.11283379793167114,0.15991409122943878,0.9806610345840454
76,0.3381246030330658,-0.07215987145900726,0.9383308291435242,0.8440645337104797,-0.41769859194755554,-0.3362780511379242,0.4162052273750305,0.9057156443595886,-0.08032657951116562,0.9786011576652527,-0.16548161208629608,-0.12229333817958832,0.1659102439880371,0.9861178398132324,-0.006741255056113005,0.12171119451522827,-0.013692717999219894,0.9924710988998413,0.966973602771759,0.23936155438423157,-0.08756740391254425,-0.23987111449241638,0.970792829990387,0.004812703933566809,0.0861617773771286,0.016351133584976196,0.9961469769477844,-0.6840766668319702,0.08717238157987595,0.7241823673248291,-0.08256406337022781,0.9771979451179504,-0.1956203579902649,-0.7247222065925598,-0.1936107575893402,-0.6612809896469116,0.9580469727516174,-0.26339319348335266,-0.11300474405288696,0.26914888620376587,0.9623147249221802,0.0388491190969944,0.09851353615522385,-0.06763438135385513,0.9928346872329712,0.9521365761756897,0.2850825786590576,-0.11028995364904404,-0.2905290722846985,0.9561657309532166,-0.03660484775900841,0.09502007067203522,0.0668952539563179,0.9932251572608948,-0.7681788802146912,-0.622014582157135,-0.15165436267852783,0.4566706120967865,-0.6983551383018494,0.5511370897293091,-0.4487238824367523,0.3541157841682434,0.8205174207687378,0.9142053723335266,0.06591296941041946,0.3998550474643707,-0.04489031434059143,0.9970830678939819,-0.06172672286629677,-0.40275731682777405,0.03848128393292427,0.9144975543022156,0.9869735836982727,0.15934893488883972,-0.02216094173491001,-0.16080403327941895,0.9813908934593201,-0.10494772344827652,0.005025237333029509,0.10714419186115265,0.9942308068275452,0.969982385635376,-0.20743700861930847,-0.12690196931362152,0.22509203851222992,0.9633747935295105,0.14574815332889557,0.09202060103416443,-0.16993775963783264,0.9811490178108215,0.995306670665741,-0.09647281467914581,-0.007590737659484148,0.09660942852497101,0.9951140880584717,0.02036103792488575,0.005589363165199757,-0.020998815074563026,0.9997639060020447,0.971900463104248,0.03159879520535469,-0.23326165974140167,-0.03863659128546715,0.9989237189292908,-0.02566273882985115,0.23219969868659973,0.033954061567783356,0.972075343132019,0.9401856064796448,0.33690643310546875,0.05044851452112198,-0.3281388282775879,0.9354208707809448,-0.13157767057418823,-0.09151995927095413,0.10715331137180328,0.9900213479995728,0.8397289514541626,-0.3984077274799347,-0.3689533472061157,0.22777585685253143,0.8752400875091553,-0.42670008540153503,0.492923378944397,0.27427375316619873,0.8257120847702026,0.6763049364089966,0.542414128780365,0.49839597940444946,-0.731758713722229,0.5723292231559753,0.3700924813747406,-0.0845031812787056,-0.6150009632110596,0.7839853167533875,-0.00039983581518754363,-0.9591405987739563,0.28292959928512573,0.24494926631450653,-0.2744043469429016,-0.9298936128616333,0.9695358276367188,0.06893159449100494,0.2350504994392395
77,0.33208930492401123,0.00052236532792449,0.9432477951049805,0.8796720504760742,-0.36108580231666565,-0.30950620770454407,0.34043172001838684,0.9325324296951294,-0.1203722432255745,0.9623549580574036,-0.21701861917972565,-0.16363337635993958,0.21793024241924286,0.9758832454681396,-0.012580509297549725,0.16241727769374847,-0.023553745821118355,0.9864410161972046,0.9530547857284546,0.2921237349510193,-0.07968892902135849,-0.292577862739563,0.9562217593193054,0.006178594660013914,0.07800520211458206,0.01742667704820633,0.9968006610870361,0.9997284412384033,0.020121661946177483,-0.011755185201764107,-0.020075302571058273,0.9997902512550354,0.0040485854260623455,0.01183418370783329,-0.0038114970084279776,0.9999226927757263,0.9607207775115967,-0.25209957361221313,-0.11602341383695602,0.25786373019218445,0.9654555320739746,0.037441596388816833,0.10257644206285477,-0.0658891499042511,0.9925405383110046,0.979291558265686,0.07605908811092377,-0.18762488663196564,-0.08017044514417648,0.9966769814491272,-0.014411211013793945,0.1859053075313568,0.02915474772453308,0.9821350574493408,0.8201755285263062,0.45355117321014404,0.3487168848514557,-0.4175182282924652,0.8912301659584045,-0.17716456949710846,-0.3911401927471161,-0.000289618648821488,0.9203310608863831,0.9012100100517273,0.02464328147470951,0.4326813817024231,-0.014090567827224731,0.9995203018188477,-0.02757894992828369,-0.4331534802913666,0.01875770092010498,0.9011249542236328,0.9748666286468506,0.12200716137886047,-0.18641164898872375,-0.13957469165325165,0.9866273403167725,-0.08417446166276932,0.17364893853664398,0.10807722061872482,0.9788591861724854,0.9459956884384155,-0.24124865233898163,0.21654389798641205,0.2130529284477234,0.9661298990249634,0.14560732245445251,-0.24433709681034088,-0.09160859137773514,0.9653534293174744,0.9842312932014465,-0.16302216053009033,-0.06864777207374573,0.1655963808298111,0.9856207966804504,0.03360795974731445,0.062181826680898666,-0.04444582760334015,0.9970747232437134,0.9914355874061584,-0.026600856333971024,-0.12785884737968445,0.02645057812333107,0.999646008014679,-0.002873450517654419,0.12789002060890198,-0.0005330994608812034,0.9917882084846497,0.9549393057823181,0.2965608835220337,-0.011939802207052708,-0.2963474690914154,0.9504843950271606,-0.09358210861682892,-0.016404196619987488,0.09290356934070587,0.9955399632453918,0.9659273028373718,-0.08231399208307266,-0.24537481367588043,0.06372299045324326,0.9945285320281982,-0.08277880400419235,0.25084611773490906,0.06432229280471802,0.9658876061439514,0.9791980981826782,0.17760048806667328,0.09812849760055542,-0.18989188969135284,0.9725140333175659,0.13474994897842407,-0.07149968296289444,-0.15058070421218872,0.9860087633132935,0.9766874313354492,-0.18474186956882477,-0.10932565480470657,0.16597366333007812,0.9728639721870422,-0.1612093299627304,0.1361411064863205,0.1393059492111206,0.9808462858200073
78,0.33819612860679626,-0.13227608799934387,0.9317330121994019,0.8644574880599976,-0.3476350009441376,-0.36312973499298096,0.3719363808631897,0.928252637386322,-0.0032217553816735744,0.9548206925392151,-0.24044063687324524,-0.17465882003307343,0.24139228463172913,0.9702940583229065,-0.016098707914352417,0.17334119975566864,-0.026789909228682518,0.9844974279403687,0.9113061428070068,0.39869219064712524,-0.1027892455458641,-0.39945536851882935,0.9166465401649475,0.013947701081633568,0.09978224337100983,0.02834908850491047,0.9946053624153137,0.8190321326255798,-0.5698491334915161,-0.06677068769931793,0.5590389966964722,0.8187949657440186,-0.13057658076286316,0.12908045947551727,0.06961899995803833,0.9891872406005859,0.962520182132721,-0.23437459766864777,-0.13646763563156128,0.24094778299331665,0.969956636428833,0.033589739352464676,0.12449511885643005,-0.06521237641572952,0.990074872970581,0.9836350083351135,0.13568495213985443,-0.11853998154401779,-0.13896183669567108,0.9900999665260315,-0.019791381433606148,0.11468103528022766,0.035940028727054596,0.9927520155906677,0.7026229500770569,0.6278655529022217,0.3348221182823181,-0.5750187635421753,0.7781760692596436,-0.252577543258667,-0.41913530230522156,-0.015062212944030762,0.9077988266944885,0.921180784702301,0.08831540495157242,0.37898072600364685,-0.06251697242259979,0.9948426485061646,-0.07987344264984131,-0.38408026099205017,0.04988515377044678,0.9219511151313782,0.9878071546554565,0.10326437652111053,-0.11650553345680237,-0.11204219609498978,0.9911292791366577,-0.07147929072380066,0.10809078067541122,0.083661288022995,0.9906145334243774,0.9567148089408875,-0.2771528959274292,0.08878685534000397,0.2585335373878479,0.9494624733924866,0.1779927909374237,-0.13363100588321686,-0.14733394980430603,0.9800180792808533,0.949905276298523,-0.3110347390174866,0.03061634488403797,0.3084160387516022,0.9487261772155762,0.06926898658275604,-0.05059158802032471,-0.05635640397667885,0.9971281290054321,0.8711269497871399,0.3790307939052582,-0.31220752000808716,-0.4253900945186615,0.9000959992408752,-0.09418312460184097,0.2453184276819229,0.21485544741153717,0.9453337788581848,-0.819028377532959,0.4474819302558899,-0.35909944772720337,0.5693564414978027,0.7112154960632324,-0.41231754422187805,0.07089242339134216,-0.542155385017395,-0.8372824192047119,0.9311261773109436,-0.19227850437164307,-0.309891939163208,0.13240788877010345,0.9699759483337402,-0.2039971500635147,0.3398119807243347,0.14891494810581207,0.9286291599273682,0.9127646088600159,0.29313433170318604,0.2844873368740082,-0.36255648732185364,0.9022060036659241,0.2336173951625824,-0.18818490207195282,-0.31638041138648987,0.9297794699668884,0.915294349193573,-0.3719726800918579,-0.15450741350650787,0.3091908097267151,0.8947036862373352,-0.322345107793808,0.2581419050693512,0.24726837873458862,0.9339277744293213
79,0.3151772618293762,-0.13366976380348206,0.9395720958709717,0.8604519367218018,-0.37740376591682434,-0.34232857823371887,0.40035703778266907,0.916350781917572,-0.00393267534673214,0.9636795520782471,-0.18719027936458588,-0.19047708809375763,0.1890573799610138,0.981929361820221,-0.008488684892654419,0.1886240392923355,-0.02783072739839554,0.981654942035675,0.9135399460792542,0.3891254663467407,-0.11843212693929672,-0.39012986421585083,0.9206286668777466,0.015543324872851372,0.11508031189441681,0.0320044606924057,0.9928404688835144,0.8233887553215027,-0.5643808841705322,-0.05920429527759552,0.5544229745864868,0.822306215763092,-0.1281704604625702,0.12102101743221283,0.07270989567041397,0.9899834394454956,0.9603021144866943,-0.24994340538978577,-0.12388774752616882,0.256099671125412,0.9659690856933594,0.036286428570747375,0.11060217767953873,-0.06657354533672333,0.9916325807571411,0.9611781239509583,0.21903418004512787,-0.16781117022037506,-0.22638465464115143,0.9736972451210022,-0.025761058554053307,0.15775471925735474,0.06275083869695663,0.9854825139045715,0.7510175108909607,0.621310830116272,0.2234850525856018,-0.5859057307243347,0.7831491231918335,-0.20830732583999634,-0.30444571375846863,0.025501271709799767,0.95218825340271,0.9177489280700684,0.09241268038749695,0.3862599730491638,-0.0651429072022438,0.9944069981575012,-0.08313307166099548,-0.39178216457366943,0.05113318935036659,0.9186360239982605,0.9853605031967163,0.11723172664642334,-0.12377960234880447,-0.12770865857601166,0.988548994064331,-0.08038289844989777,0.1129387766122818,0.09501385688781738,0.9890486598014832,0.9485235810279846,-0.26429831981658936,0.17449773848056793,0.23629061877727509,0.9574413299560547,0.1657494604587555,-0.2108786404132843,-0.11598508805036545,0.9706068634986877,0.9565352201461792,-0.28949570655822754,0.03510793298482895,0.2869186997413635,0.9558029770851135,0.06417405605316162,-0.052134379744529724,-0.05131161957979202,0.9973209500312805,0.8705917000770569,0.38072094321250916,-0.3116435110569,-0.4273073971271515,0.8990634679794312,-0.09535889327526093,0.2438821643590927,0.21618624031543732,0.9454020261764526,0.9883411526679993,-0.14570334553718567,-0.04418530687689781,0.14790838956832886,0.9876548051834106,0.05158600956201553,0.03612357750535011,-0.057519953697919846,0.9976906180381775,0.9219895601272583,-0.1933382898569107,-0.33549296855926514,0.12979166209697723,0.970610499382019,-0.2026558518409729,0.3648141324520111,0.14330238103866577,0.9199864268302917,0.9052836894989014,0.3077974021434784,0.2927834987640381,-0.3815593719482422,0.8921309113502502,0.2418985813856125,-0.18674544990062714,-0.3307011127471924,0.9250745177268982,0.9792149662971497,-0.20273582637310028,-0.006015920080244541,0.19957201182842255,0.9683766961097717,-0.14972516894340515,0.03618033230304718,0.14541251957416534,0.9887093305587769
80,0.3371464014053345,-0.14822416007518768,0.9297106266021729,0.8736572265625,-0.31870219111442566,-0.3676302433013916,0.3507924973964691,0.9361936450004578,0.02204781398177147,0.9386703372001648,-0.2966347932815552,-0.1758003532886505,0.29696932435035706,0.9545590877532959,-0.02502339892089367,0.17523464560508728,-0.02871859259903431,0.9841077327728271,0.911077618598938,0.40171557664871216,-0.09253191947937012,-0.40236663818359375,0.9153954982757568,0.01233493722975254,0.08965843915939331,0.025993673130869865,0.9956333041191101,0.9963088035583496,0.013025220483541489,-0.08484723418951035,-0.012671389617025852,0.9999086260795593,0.004707432817667723,0.08490079641342163,-0.0036149246152490377,0.9963828325271606,0.9627196192741394,-0.24342884123325348,-0.11795502156019211,0.24915669858455658,0.9677826166152954,0.03630053251981735,0.10531822592020035,-0.06433651596307755,0.992355227470398,0.9832278490066528,0.12392037361860275,-0.13381589949131012,-0.12749142944812775,0.9916685819625854,-0.018422212451696396,0.13041812181472778,0.03517361357808113,0.9908349514007568,0.8379855751991272,0.469516396522522,0.2780909836292267,-0.4400080442428589,0.8827870488166809,-0.16455984115600586,-0.32275864481925964,0.015536505728960037,0.9463537931442261,0.9041051268577576,0.10749931633472443,0.4135671854019165,-0.07380305230617523,0.9925773739814758,-0.09666065126657486,-0.42088839411735535,0.05686886981129646,0.9053280353546143,0.9869542121887207,0.10552364587783813,-0.12159806489944458,-0.11492065340280533,0.9906864166259766,-0.07303232699632645,0.11275891214609146,0.08605369925498962,0.9898889660835266,0.9409812092781067,-0.31808000802993774,0.11566969752311707,0.2906343936920166,0.9345106482505798,0.20547868311405182,-0.173453226685524,-0.15973398089408875,0.9718019366264343,0.9417305588722229,-0.33375564217567444,0.04184174910187721,0.33006390929222107,0.9408736228942871,0.07625413686037064,-0.06481804698705673,-0.05800040066242218,0.9962100982666016,0.8532487154006958,0.4135388731956482,-0.3177298605442047,-0.4641414284706116,0.8799712657928467,-0.10111027956008911,0.2377801239490509,0.2337438017129898,0.9427748918533325,-0.8615667819976807,0.4316672384738922,-0.2671443521976471,0.4806976318359375,0.8629046082496643,-0.15596617758274078,0.16319459676742554,-0.2627909183502197,-0.950951337814331,0.9318937063217163,-0.15718454122543335,-0.32690539956092834,0.10819578170776367,0.9806593656539917,-0.16309770941734314,0.3462192714214325,0.11661993712186813,0.9308770298957825,0.9570319652557373,0.1763909012079239,0.23016522824764252,-0.21601629257202148,0.963182806968689,0.1600494533777237,-0.19345992803573608,-0.20289188623428345,0.9599000811576843,0.9713904857635498,-0.20545907318592072,-0.1191093772649765,0.18248222768306732,0.9667174220085144,-0.17932558059692383,0.1519891768693924,0.15245983004570007,0.9765527844429016
81,0.32645630836486816,-0.04567214101552963,0.944108247756958,0.8605252504348755,-0.39887574315071106,-0.3168507516384125,0.39105311036109924,0.9158669114112854,-0.09091346710920334,0.9668493270874023,-0.18051272630691528,-0.18060311675071716,0.18235571682453156,0.9832112193107605,-0.006487300153821707,0.17874205112457275,-0.026661768555641174,0.9835346341133118,0.9256618618965149,0.36174771189689636,-0.11085464060306549,-0.36259397864341736,0.9318545460700989,0.013141827657818794,0.10805442184209824,0.028030335903167725,0.993749737739563,0.9715767502784729,-0.21486228704452515,-0.0993618294596672,0.21109595894813538,0.9763296246528625,-0.047105491161346436,0.10713109374046326,0.024791723117232323,0.993935763835907,0.9581319689750671,-0.2623591125011444,-0.1146773025393486,0.2682441473007202,0.9625595808029175,0.03904006630182266,0.10014121979475021,-0.06816704571247101,0.9926353693008423,0.9699059724807739,0.1720576286315918,-0.17227476835250854,-0.178260937333107,0.9837571978569031,-0.02109079249203205,0.16584770381450653,0.05116594582796097,0.9848231077194214,0.8310505151748657,0.538967490196228,0.13736483454704285,-0.5203741192817688,0.8406403064727783,-0.15011541545391083,-0.19638173282146454,0.05327238887548447,0.9790793061256409,0.9107415676116943,0.024423915892839432,0.41225388646125793,-0.014447484165430069,0.999522864818573,-0.027299532666802406,-0.41272395849227905,0.018906788900494576,0.910659909248352,0.9819281697273254,0.09317567944526672,-0.16472800076007843,-0.10531026124954224,0.9922123551368713,-0.06651600450277328,0.15724748373031616,0.08266149461269379,0.9840936660766602,0.9726153612136841,-0.2209853082895279,0.07200580090284348,0.209486186504364,0.9677019119262695,0.14024454355239868,-0.10067213326692581,-0.12131978571414948,0.9874951243400574,0.9803475141525269,-0.1731109321117401,-0.09461149573326111,0.17707617580890656,0.9835676550865173,0.03519528731703758,0.08696411550045013,-0.05125705152750015,0.9948919415473938,0.9942392706871033,0.10053461045026779,-0.037161897867918015,-0.10181570053100586,0.9942099452018738,-0.0343540720641613,0.033492956310510635,0.03793983533978462,0.9987185597419739,0.9851551055908203,0.11975616216659546,-0.12299548834562302,-0.12116311490535736,0.9926245808601379,-0.003996522631496191,0.12160973250865936,0.01883971132338047,0.9923991560935974,0.9341214299201965,-0.07454578578472137,-0.3490845859050751,0.053428325802087784,0.9961326122283936,-0.0697508379817009,0.35293418169021606,0.04650474712252617,0.9344916939735413,0.9239495396614075,0.27484431862831116,0.2660411596298218,-0.3360964357852936,0.9153954982757568,0.22156310081481934,-0.1826375275850296,-0.2941285967826843,0.9381534457206726,0.8424670100212097,-0.4802215099334717,-0.24420605599880219,0.3456478714942932,0.8294854760169983,-0.4387270510196686,0.41325151920318604,0.285203754901886,0.8648017048835754
82,0.327999472618103,0.0033727437257766724,0.9446718692779541,0.8754774332046509,-0.3767688274383545,-0.302629292011261,0.3549022376537323,0.9263011813163757,-0.12653273344039917,0.983842670917511,-0.09565580636262894,-0.15133929252624512,0.09747806936502457,0.9952268004417419,0.004650885704904795,0.15017203986644745,-0.019328001886606216,0.9884709119796753,0.9682008028030396,0.17749707400798798,-0.17630085349082947,-0.17943637073040009,0.9837568402290344,0.005011419765651226,0.17432668805122375,0.026782725006341934,0.9843235611915588,0.9906461238861084,-0.1262241005897522,-0.05184372141957283,0.12508553266525269,0.9918394088745117,-0.02466132864356041,0.05453350022435188,0.017945749685168266,0.9983506798744202,0.9609411358833313,-0.24654866755008698,-0.12572160363197327,0.252799928188324,0.9668406844139099,0.03621149808168411,0.11262486129999161,-0.06657952815294266,0.9914044737815857,0.979762613773346,0.11877821385860443,-0.16111157834529877,-0.12310992181301117,0.9922450184822083,-0.01713971048593521,0.15782633423805237,0.036627281457185745,0.9867873787879944,0.8526251912117004,0.44649437069892883,0.27142778038978577,-0.4192240238189697,0.8946028351783752,-0.15471579134464264,-0.3118998110294342,0.018125534057617188,0.9499421119689941,0.9178162813186646,-0.014634564518928528,0.3967355191707611,0.01362258568406105,0.9998927712440491,0.00536872586235404,-0.3967715799808502,0.0004770596860907972,0.9179172515869141,0.9815486669540405,0.10353831201791763,-0.16075453162193298,-0.1163608655333519,0.9905580878257751,-0.07249026745557785,0.15173117816448212,0.08985826373100281,0.9843288064002991,0.9594659209251404,-0.27445584535598755,0.0640246719121933,0.2597792446613312,0.9493704438209534,0.17666496336460114,-0.10926986485719681,-0.1528717279434204,0.982186496257782,0.9743645787239075,-0.183693528175354,-0.12988604605197906,0.18977808952331543,0.9811658263206482,0.03602564334869385,0.12082207947969437,-0.05975163355469704,0.9908742308616638,0.997570812702179,0.06964270770549774,-0.0015358970267698169,-0.06965960562229156,0.9973059892654419,-0.022984381765127182,-6.893529644003138e-05,0.02303553931415081,0.99973464012146,0.9787515997886658,0.15176822245121002,-0.13788282871246338,-0.1542872041463852,0.987995982170105,-0.007705471012741327,0.1350582391023636,0.02881529927253723,0.990418553352356,0.9344308376312256,-0.0877436101436615,-0.34516674280166626,0.06202255189418793,0.994458019733429,-0.08489101380109787,0.3507024645805359,0.057916656136512756,0.9346942901611328,0.9188504815101624,0.28008368611335754,0.2779693305492401,-0.3461135923862457,0.9103612303733826,0.22682102024555206,-0.18952365219593048,-0.304623544216156,0.9334266185760498,0.7755329012870789,-0.5722832679748535,-0.26653438806533813,0.3788295388221741,0.7595980763435364,-0.5286765694618225,0.505011796951294,0.30903497338294983,0.8058910965919495
83,0.3357982039451599,0.014417783357203007,0.9418236017227173,0.8792142271995544,-0.3635571300983429,-0.3079099655151367,0.33796730637550354,0.9314603209495544,-0.13475815951824188,0.9875540733337402,-0.06321746855974197,-0.1440155953168869,0.06511782109737396,0.9978412389755249,0.008515553548932076,0.14316636323928833,-0.017787551507353783,0.9895387887954712,0.9768439531326294,0.14318124949932098,-0.15898112952709198,-0.14474841952323914,0.9894669651985168,0.0017391798319295049,0.15755559504032135,0.021313359960913658,0.9872800707817078,0.9935235977172852,-0.06898153573274612,-0.09029045701026917,0.06807903200387955,0.9975947141647339,-0.013041158206760883,0.09097287803888321,0.006809812504798174,0.9958300590515137,0.9541100859642029,-0.27212294936180115,-0.12499237060546875,0.2788398563861847,0.9595257043838501,0.03948187828063965,0.1091894581913948,-0.07252290844917297,0.9913718104362488,0.9723708033561707,0.17278651893138885,-0.1569710075855255,-0.17829406261444092,0.9837400913238525,-0.021602196618914604,0.150686115026474,0.0489923432469368,0.9873669147491455,0.8405234217643738,0.49557411670684814,0.2189214825630188,-0.47039151191711426,0.8680258989334106,-0.15894310176372528,-0.2687976062297821,0.030616598203778267,0.9627099633216858,0.9267461895942688,-0.03445953503251076,0.3741043210029602,0.02832275815308094,0.999359130859375,0.021890796720981598,-0.37461891770362854,-0.009691545739769936,0.9271281957626343,0.9866390824317932,0.1227051243185997,-0.10717641562223434,-0.13185234367847443,0.9877985119819641,-0.08287962526082993,0.09569895267486572,0.09590373933315277,0.9907795786857605,0.9552198052406311,-0.28966599702835083,0.06040462106466293,0.27422183752059937,0.9432981014251709,0.18705913424491882,-0.11116423457860947,-0.1621183305978775,0.9804897308349609,0.9714240431785583,-0.19075891375541687,-0.14123143255710602,0.1977003514766693,0.9795738458633423,0.03673712536692619,0.1313386857509613,-0.06360883265733719,0.989294707775116,0.9965936541557312,0.07047981768846512,0.04282161965966225,-0.06961973756551743,0.9973471164703369,-0.021256862208247185,-0.044206198304891586,0.01820322498679161,0.9988565444946289,0.9796967506408691,0.1097893938422203,-0.16775158047676086,-0.10939515382051468,0.993930459022522,0.011618048883974552,0.168008953332901,0.006969045847654343,0.9857608079910278,0.9378746151924133,-0.08124858886003494,-0.33732759952545166,0.05817209184169769,0.995256245136261,-0.07798069715499878,0.34206321835517883,0.0535130612552166,0.9381519556045532,0.927510142326355,0.26038482785224915,0.26818782091140747,-0.3210464119911194,0.9223912358283997,0.21476414799690247,-0.1914527714252472,-0.2852966785430908,0.9391227960586548,0.7843174338340759,-0.5685626268386841,-0.2481585144996643,0.3869765102863312,0.7610561847686768,-0.5206175446510315,0.48486626148223877,0.31229791045188904,0.8169300556182861
84,0.33737391233444214,-0.08521707355976105,0.9375056624412537,0.884463906288147,-0.31231436133384705,-0.34667477011680603,0.32233908772468567,0.9461489319801331,-0.02999529428780079,0.9700315594673157,-0.1605447679758072,-0.1823846399784088,0.16256283223628998,0.9866903424263,-0.003930666949599981,0.18058821558952332,-0.025836091488599777,0.9832193851470947,0.9600642323493958,0.25519293546676636,-0.1146874949336052,-0.25610336661338806,0.9666242599487305,0.006975409109145403,0.11263979226350784,0.022675013169646263,0.993377149105072,0.9017155766487122,-0.43026044964790344,-0.042248331010341644,0.4254618287086487,0.9004931449890137,-0.08996867388486862,0.07675429433584213,0.06315110623836517,0.9950481057167053,0.9532606601715088,-0.26900216937065125,-0.13759353756904602,0.2765018045902252,0.9602501392364502,0.038293320685625076,0.12182322144508362,-0.0745483785867691,0.9897482991218567,0.9652255177497864,0.192215695977211,-0.17718030512332916,-0.19926828145980835,0.979681134223938,-0.022738035768270493,0.16920959949493408,0.057253748178482056,0.9839156866073608,0.8625651597976685,0.49900543689727783,0.08351583033800125,-0.4880346357822418,0.8641476631164551,-0.12276390194892883,-0.1334298700094223,0.06513325124979019,0.9889156222343445,0.9304987192153931,0.041738223284482956,0.3639093339443207,-0.029143860563635826,0.9987732172012329,-0.04003385454416275,-0.3651338517665863,0.026645729318261147,0.9305736422538757,0.9909911751747131,0.10381684452295303,-0.0846085250377655,-0.10984642803668976,0.9914789199829102,-0.07002393156290054,0.07661790400743484,0.07868704199790955,0.9939507246017456,0.9661117792129517,-0.25644832849502563,0.029365025460720062,0.24826762080192566,0.9543251991271973,0.16621263325214386,-0.07064873725175858,-0.1532895863056183,0.9856526255607605,0.9797611832618713,-0.11491736024618149,-0.16389626264572144,0.12074722349643707,0.9923419952392578,0.02602940984070301,0.15964990854263306,-0.04529262334108353,0.9861341118812561,0.9989830255508423,0.04349095746874809,0.01189485751092434,-0.04332702234387398,0.9989668726921082,-0.013709118589758873,-0.012478791177272797,0.013179807923734188,0.9998352527618408,-0.7196718454360962,0.14786460995674133,-0.6783866882324219,0.5577037930488586,-0.45887690782546997,-0.6916635632514954,-0.41356855630874634,-0.8761096000671387,0.24777613580226898,0.915359377861023,-0.19497103989124298,-0.3522833287715912,0.12856321036815643,0.9706681370735168,-0.20316213369369507,0.38156095147132874,0.14067569375038147,0.9135762453079224,0.9206587672233582,0.27990350127220154,0.27210551500320435,-0.3437521159648895,0.9116281867027283,0.2253187894821167,-0.18499153852462769,-0.30097857117652893,0.9355159401893616,0.8386378884315491,-0.4667474627494812,-0.2807725965976715,0.3213863670825958,0.8402007818222046,-0.43677616119384766,0.43976953625679016,0.276060551404953,0.8546305298805237
85,0.36960384249687195,-0.020570607855916023,0.9289616942405701,0.8923677206039429,-0.2707940936088562,-0.3610406816005707,0.25898417830467224,0.962417483329773,-0.08173000067472458,0.9854743480682373,-0.12199486047029495,-0.118142269551754,0.1226804107427597,0.9924451112747192,-0.0014796906616538763,0.11743023246526718,-0.013035545125603676,0.99299556016922,0.9827247858047485,0.14202353358268738,-0.1186649426817894,-0.14294500648975372,0.9897303581237793,0.0007533991010859609,0.11755329370498657,0.01622217707335949,0.9929340481758118,0.9604682326316833,-0.259009450674057,-0.10205348581075668,0.25411298871040344,0.9653980135917664,-0.0585942342877388,0.11369869112968445,0.030344784259796143,0.9930517673492432,0.9637916684150696,-0.25580206513404846,-0.07530520111322403,0.2593217194080353,0.9649097323417664,0.041248295456171036,0.06211132928729057,-0.05928303673863411,0.9963070154190063,0.9684177041053772,0.07872361689805984,-0.2365792840719223,-0.0846443921327591,0.9962989091873169,-0.014958519488573074,0.23452609777450562,0.034511204808950424,0.9714970588684082,0.8981054425239563,0.41951319575309753,0.1319669634103775,-0.4069327712059021,0.9065204858779907,-0.11236711591482162,-0.16677024960517883,0.04721583053469658,0.9848646521568298,0.9233605265617371,-0.04005376994609833,0.3818390369415283,0.03199712187051773,0.999111533164978,0.02742859348654747,-0.3825984001159668,-0.013108731247484684,0.923821747303009,0.9875212907791138,0.14084678888320923,-0.07045509666204453,-0.1470983475446701,0.9847186803817749,-0.09322647750377655,0.05624780058860779,0.10242696106433868,0.9931489825248718,0.9699052572250366,-0.24334169924259186,0.008281351998448372,0.23896802961826324,0.9578902125358582,0.1591872274875641,-0.04666951298713684,-0.15241755545139313,0.987213671207428,0.9680190086364746,-0.21518482267856598,-0.12897539138793945,0.22198796272277832,0.9741973876953125,0.0407525859773159,0.11687815189361572,-0.06808026134967804,0.9908100366592407,0.992445170879364,0.1201544776558876,-0.02480919100344181,-0.12108907848596573,0.9918181896209717,-0.04042349383234978,0.019749144092202187,0.043122224509716034,0.9988746047019958,-0.7271429896354675,0.24455265700817108,-0.6414491534233093,0.5885230898857117,-0.25897446274757385,-0.7658804059028625,-0.3534170389175415,-0.9344122409820557,0.044386591762304306,0.9258950352668762,-0.20399752259254456,-0.31796762347221375,0.13899467885494232,0.9665858149528503,-0.2153887003660202,0.3512817621231079,0.1552315205335617,0.9233115911483765,0.9607059359550476,0.18719814717769623,0.20494142174720764,-0.2218247503042221,0.9616221785545349,0.16148251295089722,-0.16684699058532715,-0.20059828460216522,0.9653612971305847,0.9909429550170898,-0.08710827678442001,0.10219678282737732,0.09143057465553284,0.9950711131095886,-0.038392141461372375,-0.09834878891706467,0.047388333827257156,0.9940230846405029
86,0.35191139578819275,-0.04847245290875435,0.9347773790359497,0.8866809606552124,-0.30272892117500305,-0.3495026230812073,0.29992541670799255,0.95184326171875,-0.06355416029691696,0.9813573956489563,-0.13589245080947876,-0.13590754568576813,0.1368454247713089,0.9905896186828613,-0.002349997404962778,0.13494795560836792,-0.016292138025164604,0.9907187223434448,0.9744975566864014,0.18059352040290833,-0.13319364190101624,-0.18176855146884918,0.9833354949951172,0.003386199241504073,0.13158556818962097,0.02091057412326336,0.9910842776298523,0.9626563191413879,-0.25649702548980713,-0.08661460131406784,0.25231894850730896,0.9660022854804993,-0.056344784796237946,0.09812217205762863,0.03238615766167641,0.9946472644805908,0.9634197950363159,-0.24749483168125153,-0.10280388593673706,0.2524374723434448,0.9668658375740051,0.03802350535988808,0.08998694270849228,-0.06258414685726166,0.9939746260643005,0.9593802094459534,0.16415870189666748,-0.22943753004074097,-0.17302145063877106,0.9847363829612732,-0.018917178735136986,0.22283005714416504,0.05784638226032257,0.9731395244598389,0.916366457939148,0.3874248266220093,0.10086871683597565,-0.3785465657711029,0.9205246567726135,-0.09662757813930511,-0.13028806447982788,0.050362762063741684,0.9901962280273438,0.9359134435653687,-0.015167751349508762,0.35190340876579285,0.01359475590288639,0.9998834729194641,0.006940736901015043,-0.3519676625728607,-0.0017118881223723292,0.9360105991363525,0.9821953773498535,0.17780162394046783,-0.0606534443795681,-0.18388532102108002,0.9759972095489502,-0.11668606847524643,0.03845061734318733,0.12576179206371307,0.9913150668144226,0.960952639579773,-0.27667784690856934,-0.004408134147524834,0.2728310525417328,0.9446924328804016,0.18198741972446442,-0.04618755728006363,-0.17608396708965302,0.98329097032547,0.9367509484291077,-0.34945908188819885,0.019390488043427467,0.34707576036453247,0.9346492886543274,0.07726015150547028,-0.04512256756424904,-0.0656435564160347,0.9968224167823792,0.870710015296936,0.33819323778152466,-0.357056587934494,-0.3898921310901642,0.9171988368034363,-0.08203886449337006,0.29974690079689026,0.2106456160545349,0.9304731488227844,-0.8110671043395996,0.436183363199234,-0.3897617757320404,0.5760684609413147,0.7112950682640076,-0.40274620056152344,0.1015644446015358,-0.5511836409568787,-0.8281794786453247,0.9237751364707947,-0.19412630796432495,-0.3300824463367462,0.13118109107017517,0.970248818397522,-0.20349153876304626,0.3597651422023773,0.14467984437942505,0.9217574596405029,0.9292027950286865,0.2593369483947754,0.2632994055747986,-0.3180508315563202,0.9239885210990906,0.21234136819839478,-0.1882176697254181,-0.28105077147483826,0.9410550594329834,0.7652162909507751,-0.5486568808555603,-0.3367783725261688,0.33174145221710205,0.7843883633613586,-0.5241016149520874,0.5517169833183289,0.2893277406692505,0.7822389602661133
87,0.3413821756839752,-0.021156070753932,0.9396864771842957,0.8782753944396973,-0.34892791509628296,-0.32692766189575195,0.33479931950569153,0.9369107484817505,-0.10053691267967224,0.982714831829071,-0.022188642993569374,-0.18379133939743042,0.0258934386074543,0.9995065331459045,0.01778196357190609,0.18330608308315277,-0.022233588621020317,0.9828044176101685,0.952897846698761,0.2633991539478302,-0.15035487711429596,-0.2649000585079193,0.9642205834388733,0.01032362598925829,0.14769449830055237,0.029991652816534042,0.988578200340271,0.9917504787445068,0.10985910147428513,-0.0660453662276268,-0.10841045528650284,0.9937882423400879,0.02514282613992691,0.06839726865291595,-0.01777540147304535,0.9974998235702515,0.9782254099845886,-0.08242441713809967,-0.1904764324426651,0.08727289736270905,0.9960360527038574,0.017193054780364037,0.18830427527427673,-0.03344211354851723,0.9815412163734436,0.9934338927268982,-0.033541470766067505,-0.10938055068254471,0.033562541007995605,0.9994352459907532,-0.0016489513218402863,0.10937408357858658,-0.0020329649560153484,0.9939985871315002,0.8528674840927124,0.47556304931640625,0.21553854644298553,-0.4520232677459717,0.8791205286979675,-0.1510695517063141,-0.26132747530937195,0.031413860619068146,0.9647389054298401,0.9239650964736938,0.016883064061403275,0.3821040093898773,-0.00970052182674408,0.999738335609436,-0.020716095343232155,-0.3823537528514862,0.01543433964252472,0.9238871335983276,0.9905882477760315,-0.09724921733140945,-0.09631983190774918,0.10291982442140579,0.9931257367134094,0.055756617337465286,0.09023541957139969,-0.06514506787061691,0.9937875270843506,0.9715400338172913,0.0831710621714592,-0.22179387509822845,-0.08895919471979141,0.9959032535552979,-0.016218194738030434,0.21953634917736053,0.035487230867147446,0.9749587178230286,0.983813464641571,-0.08392825722694397,-0.1583259552717209,0.08846895396709442,0.9958394765853882,0.021840251982212067,0.15583421289920807,-0.03549366444349289,0.9871453046798706,0.9988642334938049,0.026698898524045944,-0.039464522153139114,-0.02716859243810177,0.9995657205581665,-0.011413557454943657,0.03914265334606171,0.012472789734601974,0.9991557598114014,0.9915047883987427,0.12556909024715424,-0.033921100199222565,-0.12660692632198334,0.9914869666099548,-0.030401892960071564,0.029814790934324265,0.03443827107548714,0.9989619851112366,0.9183581471443176,-0.22627604007720947,-0.3246806263923645,0.1511482447385788,0.9587681293487549,-0.24066124856472015,0.3657492995262146,0.17193831503391266,0.9146937727928162,0.8698456883430481,0.41646379232406616,0.26443591713905334,-0.4845159351825714,0.8220512270927429,0.2991255223751068,-0.0928049311041832,-0.38831645250320435,0.9168410897254944,0.9166253805160522,-0.386954128742218,-0.10032135993242264,0.33828574419021606,0.8845782279968262,-0.32106712460517883,0.21298032999038696,0.260360985994339,0.9417279362678528
88,0.4268864393234253,-0.05979129299521446,0.9023264050483704,0.8426699638366699,-0.335767924785614,-0.42091238498687744,0.32813915610313416,0.940045177936554,-0.09295044094324112,0.9975672364234924,-0.0327463299036026,-0.06154077872633934,0.03305347263813019,0.9994456768035889,0.003979223780333996,0.061376359313726425,-0.00600367970764637,0.9980966448783875,0.9464296698570251,0.26303642988204956,-0.18730393052101135,-0.2653217315673828,0.9640692472457886,0.013224294409155846,0.18405242264270782,0.037179939448833466,0.9822129607200623,0.9819453954696655,0.17883920669555664,0.06164190173149109,-0.18069583177566528,0.9831967353820801,0.025945337489247322,-0.05596607178449631,-0.036615341901779175,0.997761070728302,0.9888818860054016,-0.13709431886672974,-0.05759987235069275,0.1386338621377945,0.9900619387626648,0.02362244948744774,0.053788937628269196,-0.03134510666131973,0.9980602264404297,0.9487036466598511,0.0923088937997818,-0.3023912012577057,-0.10177339613437653,0.9946843981742859,-0.015657121315598488,0.29933851957321167,0.0456293448805809,0.9530553221702576,0.779161810874939,0.4487919807434082,0.43759867548942566,-0.4038853049278259,0.8933349251747131,-0.19705164432525635,-0.47935739159584045,-0.023204555734992027,0.877312958240509,0.9344807863235474,-0.1293342411518097,0.33169013261795044,0.1014610230922699,0.989791214466095,0.1000949963927269,-0.3412496745586395,-0.0598832331597805,0.9380632638931274,0.1980932056903839,-0.7956759929656982,-0.5724148750305176,0.8588555455207825,-0.14053070545196533,0.4925629496574402,-0.47236236929893494,-0.5891950726509094,0.6555325984954834,-0.002734646899625659,0.7469162940979004,-0.6649124622344971,-0.7451897263526917,-0.44492027163505554,-0.4967275559902191,-0.6668469309806824,0.4941275715827942,0.5578110218048096,0.9929232001304626,-0.09116006642580032,-0.07611389458179474,0.09300027042627335,0.9954448938369751,0.020985744893550873,0.07385412603616714,-0.027915846556425095,0.9968782663345337,0.9902130365371704,0.08563393354415894,-0.11020399630069733,-0.08971384167671204,0.9954338073730469,-0.032602306455373764,0.10690892487764359,0.04217005521059036,0.9933741092681885,0.987688422203064,0.14864349365234375,0.04875177517533302,-0.14558473229408264,0.9874486923217773,-0.06123833358287811,-0.057242557406425476,0.0533868782222271,0.9969318509101868,0.9527190923690796,-0.12421505898237228,-0.27730298042297363,0.09136156737804413,0.9874983429908752,-0.12845247983932495,0.2897919714450836,0.09704430401325226,0.9521570205688477,0.9496811032295227,0.22988629341125488,0.21273942291736603,-0.27052798867225647,0.9443354606628418,0.18720339238643646,-0.1578618884086609,-0.23533548414707184,0.9590082764625549,0.8881568312644958,-0.3896254003047943,-0.24365857243537903,0.29011088609695435,0.8865987658500671,-0.3602476119995117,0.35638901591300964,0.24926838278770447,0.9004732966423035
89,0.3973926305770874,-0.16289931535720825,0.9030741453170776,0.8176474571228027,-0.38388851284980774,-0.429048091173172,0.4165714383125305,0.908896803855896,-0.019360261037945747,0.9899798631668091,-0.07269392907619476,-0.12105973809957504,0.07379699498414993,0.9972624778747559,0.004647423978894949,0.12039049714803696,-0.01353470142930746,0.9926343560218811,0.9375006556510925,0.3324105143547058,-0.10293570905923843,-0.3332250714302063,0.9427975416183472,0.009686712175607681,0.10026749968528748,0.02521945722401142,0.9946408271789551,0.9860312938690186,-0.15979783236980438,0.0469781756401062,0.16114898025989532,0.9865738749504089,-0.026513835415244102,-0.042110588401556015,0.03371395915746689,0.9985439777374268,0.9779303073883057,-0.19655445218086243,-0.07084272056818008,0.19923436641693115,0.979398787021637,0.032919906079769135,0.062912717461586,-0.046307679265737534,0.9969441294670105,0.9305634498596191,0.2565036118030548,-0.2612614333629608,-0.27112454175949097,0.9623172879219055,-0.020901372656226158,0.24605512619018555,0.09028443694114685,0.9650417566299438,0.5913463234901428,0.737628698348999,0.325903981924057,-0.6694080233573914,0.674356997013092,-0.3116656541824341,-0.4496691823005676,-0.03386040776968002,0.8925531506538391,0.9046615362167358,0.060263097286224365,0.4218481779098511,-0.04032174125313759,0.997613787651062,-0.056043315678834915,-0.42421889305114746,0.03369057923555374,0.9049327373504639,0.9805903434753418,0.06733446568250656,0.1841430366039276,-0.06140880659222603,0.9974004030227661,-0.037701863795518875,-0.1862029731273651,0.025662077590823174,0.9821761250495911,0.8628463745117188,-0.03681923449039459,-0.5041235089302063,0.09824537485837936,0.9905394315719604,0.09580937027931213,0.4958266019821167,-0.1321965605020523,0.8583006858825684,0.9962623119354248,-0.05976492539048195,-0.06236588954925537,0.06081675365567207,0.998034656047821,0.015103954821825027,0.061340633779764175,-0.01884039305150509,0.9979390501976013,0.9890199899673462,0.0759194865822792,-0.12678994238376617,-0.08046374469995499,0.996272087097168,-0.0311049222946167,0.12395580857992172,0.04096538573503494,0.9914417862892151,0.9957458972930908,0.05199200659990311,0.07607170194387436,-0.04951675608754158,0.9981919527053833,-0.03407173976302147,-0.07770561426877975,0.030159970745444298,0.9965200424194336,0.9645008444786072,-0.08658526837825775,-0.24948179721832275,0.067006416618824,0.9940440058708191,-0.08594545722007751,0.2554374933242798,0.06617758423089981,0.9645580649375916,0.9514384269714355,0.2656024694442749,0.155628502368927,-0.2933993935585022,0.9354106783866882,0.19729091227054596,-0.09317561239004135,-0.23337146639823914,0.9679132699966431,0.9143038392066956,-0.35731369256973267,-0.19072328507900238,0.2861882746219635,0.9031404852867126,-0.32005229592323303,0.2866089940071106,0.23804228007793427,0.9280038475990295
90,0.308519184589386,-0.13582773506641388,0.9414705038070679,0.7952824234962463,-0.506172239780426,-0.33363986015319824,0.5218637585639954,0.8516692519187927,-0.04814242944121361,0.9650262594223022,-0.09664921462535858,-0.24368688464164734,0.10199858993291855,0.9947401285171509,0.009399198926985264,0.24149669706821442,-0.03392619267106056,0.9698083996772766,0.9388815760612488,0.3385390341281891,-0.06239119544625282,-0.3388952910900116,0.9408102631568909,0.005104006268084049,0.06042618304491043,0.016352025792002678,0.9980387091636658,0.9994194507598877,0.030254364013671875,0.015665465965867043,-0.0303345900028944,0.9995277523994446,0.004909055773168802,-0.015509546734392643,-0.005381411407142878,0.9998652338981628,0.9683164358139038,-0.13938865065574646,-0.20720534026622772,0.1471768468618393,0.9888523817062378,0.022581294178962708,0.20174792408943176,-0.05236166715621948,0.9780368208885193,0.9217585325241089,0.32305052876472473,-0.2144751250743866,-0.3365720212459564,0.9412171244621277,-0.028802720829844475,0.19256292283535004,0.09873548150062561,0.9763046503067017,0.810439944267273,0.5697644948959351,0.1362185925245285,-0.5493935346603394,0.8199283480644226,-0.1608857810497284,-0.20335650444030762,0.05555064603686333,0.9775276184082031,0.9300798177719116,0.01383067574352026,0.36709707975387573,-0.008720699697732925,0.9998406767845154,-0.015574969351291656,-0.36725401878356934,0.011284620501101017,0.9300522208213806,0.9992427825927734,-0.03078676387667656,-0.02379167452454567,0.03123224340379238,0.9993393421173096,0.018585026264190674,0.023203784599900246,-0.01931402087211609,0.9995441436767578,0.9535770416259766,0.08922687917947769,-0.28762710094451904,-0.0948013886809349,0.9954811334609985,-0.005481944885104895,0.28583821654319763,0.03249490633606911,0.957726776599884,0.9896711707115173,-0.06994975358247757,-0.12513181567192078,0.07287973165512085,0.9971599578857422,0.018986986950039864,0.12344830483198166,-0.027910446748137474,0.9919584393501282,0.9871174693107605,0.09433135390281677,-0.1292313039302826,-0.09977289289236069,0.9943483471870422,-0.0362863652408123,0.1250779926776886,0.04871268570423126,0.990950345993042,0.9972468614578247,-0.04248577728867531,0.06077498570084572,0.042474254965782166,0.9990964531898499,0.0014820550568401814,-0.06078303977847099,0.0011033974587917328,0.9981504082679749,0.9251909852027893,-0.09046640247106552,-0.36856141686439514,0.06406676769256592,0.9944651126861572,-0.08327428251504898,0.37405499815940857,0.053432077169418335,0.9258660078048706,0.9322753548622131,0.3078221380710602,0.19002144038677216,-0.3468211889266968,0.9099031686782837,0.2275771051645279,-0.10284782946109772,-0.27806800603866577,0.9550395607948303,0.9427810907363892,-0.2930869460105896,-0.1589459627866745,0.24651795625686646,0.9337371587753296,-0.2595454454421997,0.22448313236236572,0.20551152527332306,0.9525609612464905
91,0.31729328632354736,-0.24374240636825562,0.9164685606956482,0.7853643298149109,-0.47412818670272827,-0.39800161123275757,0.531533420085907,0.8460449576377869,0.04098891839385033,0.9832644462585449,-0.04306812584400177,-0.17702032625675201,0.046101126819849014,0.998851478099823,0.01305464282631874,0.1762547791004181,-0.020997002720832825,0.9841206073760986,0.9297435879707336,0.361921101808548,-0.06774929910898209,-0.3623773157596588,0.9320130348205566,0.005862497724592686,0.065264992415905,0.019100189208984375,0.9976851344108582,0.9955065846443176,0.003338591195642948,-0.09463366121053696,-0.003107379423454404,0.9999918341636658,0.0025904865469783545,0.09464152902364731,-0.002284783637151122,0.9955087900161743,0.9891614317893982,-0.049242135137319565,-0.13832896947860718,0.05158860608935356,0.9985781311988831,0.01342698372900486,0.13747112452983856,-0.020417653024196625,0.9902952909469604,0.9145926237106323,0.30540865659713745,-0.2650393843650818,-0.3225308656692505,0.9462900757789612,-0.02255958504974842,0.24391423165798187,0.10611620545387268,0.9639736413955688,0.8353378772735596,0.5031138062477112,0.22155611217021942,-0.47684141993522644,0.863669753074646,-0.16339178383350372,-0.2735559642314911,0.030840223655104637,0.9613615274429321,0.9115158915519714,0.1382017433643341,0.3873487412929535,-0.09984563291072845,0.9880335330963135,-0.11756093055009842,-0.398960679769516,0.06848357617855072,0.9144071340560913,0.9993618130683899,-0.03539913520216942,-0.004785181023180485,0.03549886867403984,0.9991124868392944,0.0226732287555933,0.003978321328759193,-0.02282862737774849,0.9997314810752869,0.9541114568710327,0.04053059220314026,-0.29669612646102905,-0.034826118499040604,0.9990932941436768,0.024489182978868484,0.2974196970462799,-0.013032634742558002,0.9546579122543335,0.9987141489982605,0.02698495425283909,-0.042916346341371536,-0.02710736356675625,0.9996299147605896,-0.00227282103151083,0.042839132249355316,0.0034332475624978542,0.9990760684013367,0.9710041880607605,0.09398242831230164,-0.2198139727115631,-0.10520938783884048,0.9936488270759583,-0.039912059903144836,0.21466687321662903,0.06188127025961876,0.9747250080108643,0.9926282167434692,0.042440079152584076,0.1135254055261612,-0.038219597190618515,0.9985041618347168,-0.03909914195537567,-0.1150149554014206,0.0344720184803009,0.9927654266357422,0.8999102115631104,-0.13349106907844543,-0.4151405692100525,0.087945856153965,0.9879895448684692,-0.1270519345998764,0.4271148443222046,0.07782544195652008,0.9008418917655945,0.9049035310745239,0.32337144017219543,0.27673184871673584,-0.39235159754753113,0.8857758641242981,0.24791410565376282,-0.1649540364742279,-0.3329145312309265,0.9284169673919678,0.9319704174995422,-0.30169618129730225,-0.20102368295192719,0.24131552875041962,0.9300563931465149,-0.2770594656467438,0.2705511450767517,0.20970109105110168,0.9395890235900879
92,0.4255692958831787,0.2832702696323395,0.8594467639923096,0.8714033365249634,-0.3843895196914673,-0.3047965168952942,0.24402254819869995,0.8786367774009705,-0.4104270339012146,0.9986580610275269,-0.026677656918764114,-0.04438882693648338,0.02683841809630394,0.9996352195739746,0.0030295737087726593,0.04429180920124054,-0.004216834437102079,0.9990097284317017,0.995650589466095,0.07697229832410812,0.052490174770355225,-0.07712668925523758,0.9970209002494812,0.0009190777200274169,-0.0522630549967289,-0.004963473416864872,0.9986210465431213,0.8678407073020935,0.030866943299770355,-0.4958827495574951,-0.019398823380470276,0.9994123578071594,0.028260139748454094,0.4964636564254761,-0.014905759133398533,0.8679295182228088,0.9774840474128723,-0.1615453064441681,-0.13575012981891632,0.16650928556919098,0.985697865486145,0.025969021022319794,0.12961344420909882,-0.047987960278987885,0.9904026985168457,0.9904341697692871,-0.13048121333122253,-0.04488680884242058,0.1313069462776184,0.9912133812904358,0.015954982489347458,0.042410578578710556,-0.021696308627724648,0.9988646507263184,0.8076920509338379,0.473477303981781,0.3513585329055786,-0.43494853377342224,0.8808043599128723,-0.1870921552181244,-0.3980620205402374,-0.0017100331606343389,0.9173569083213806,0.9620084762573242,-0.20833270251750946,0.17645715177059174,0.18045994639396667,0.9702097177505493,0.16163936257362366,-0.20487520098686218,-0.12365499138832092,0.9709457159042358,0.8844698667526245,-0.15678080916404724,0.4394688010215759,0.10496141016483307,0.984572172164917,0.14000271260738373,-0.4546384811401367,-0.0777009129524231,0.8872803449630737,0.8665579557418823,0.1915031522512436,-0.46087294816970825,-0.22698183357715607,0.9736456871032715,-0.022211549803614616,0.44447335600852966,0.12385737895965576,0.8871881365776062,0.939254641532898,-0.341993123292923,-0.02900637313723564,0.34320396184921265,0.9366905689239502,0.06943925470113754,0.0034222479443997145,-0.07517624646425247,0.9971643686294556,0.9703285098075867,0.23745958507061005,-0.04555857181549072,-0.24041350185871124,0.9676015377044678,-0.07712733745574951,0.025767918676137924,0.08579175174236298,0.9959797859191895,0.9689121246337891,0.031651321798563004,-0.2453722506761551,-0.020251290872693062,0.9986010193824768,0.04884546250104904,0.2465750128030777,-0.042357854545116425,0.9681975841522217,0.9355524778366089,-0.1345333456993103,-0.32656142115592957,0.09354459494352341,0.9859766960144043,-0.13820023834705353,0.3405745029449463,0.09874551743268967,0.9350178241729736,0.9656968712806702,0.2386578470468521,0.10233262181282043,-0.25359871983528137,0.9515211582183838,0.17405521869659424,-0.05583200603723526,-0.19403600692749023,0.9794043302536011,0.9363119602203369,-0.3497156500816345,0.03192022070288658,0.3459242582321167,0.9028574228286743,-0.2553132176399231,0.06046761944890022,0.25009480118751526,0.9663313627243042
93,0.4453704357147217,0.5057665705680847,-0.7388134598731995,0.5902191400527954,0.45465096831321716,0.6670336127281189,0.6732655763626099,-0.733138918876648,-0.0960250049829483,0.7909964919090271,-0.4506533145904541,-0.4138069152832031,0.46053585410118103,0.8838263750076294,-0.08220504969358444,0.4027794301509857,-0.12554901838302612,0.9066455364227295,0.5965274572372437,-0.7819662094116211,-0.18078668415546417,0.7797775268554688,0.6180016398429871,-0.10010509192943573,0.19000525772571564,-0.08125794678926468,0.9784145951271057,0.7316160202026367,0.6784875392913818,0.06627701967954636,-0.6810198426246643,0.7230101227760315,0.11605317145586014,0.030821673572063446,-0.13004232943058014,0.9910292625427246,0.7567847967147827,-0.4751516282558441,-0.4488961100578308,0.5299885272979736,0.8479949235916138,-0.004096501506865025,0.3826080858707428,-0.23480962216854095,0.8935745358467102,0.8964667916297913,-0.4430654048919678,-0.0063557871617376804,0.44230130314826965,0.8938698768615723,0.0732542872428894,-0.026775194332003593,-0.0684812068939209,0.9972930550575256,0.9329260587692261,-0.3462998569011688,-0.09861719608306885,0.3522776663303375,0.934504508972168,0.051007889211177826,0.07449418306350708,-0.0823272243142128,0.9938173294067383,0.8704013228416443,-0.3436855375766754,-0.35253623127937317,0.4393825829029083,0.8652992844581604,0.2412470579147339,0.2221362292766571,-0.3648800551891327,0.9041670560836792,0.3414433002471924,-0.40696004033088684,-0.8472307920455933,0.8022176027297974,0.5958793759346008,0.037076935172080994,0.48975855112075806,-0.6923230886459351,0.529929518699646,0.6392309665679932,-0.2986772060394287,0.7086435556411743,0.2347315102815628,0.9532996416091919,0.1900549679994583,-0.7323147654533386,0.04485194757580757,0.6794876456260681,0.7944362163543701,-0.5119358897209167,-0.32679152488708496,0.5542691946029663,0.8310936093330383,0.045487307012081146,0.24830776453018188,-0.217267245054245,0.9440011382102966,0.8295079469680786,-0.5388045310974121,-0.14699068665504456,0.5569568872451782,0.8175778388977051,0.14616931974887848,0.04141964018344879,-0.20311608910560608,0.9782782196998596,0.8612995147705078,-0.46344032883644104,-0.20829351246356964,0.49562308192253113,0.8565930724143982,0.1435481160879135,0.11189679056406021,-0.2268729954957962,0.9674749374389648,0.9893158078193665,-0.13707564771175385,-0.04964326322078705,0.12768758833408356,0.979034960269928,-0.15870235860347748,0.07035671919584274,0.1506679207086563,0.9860776662826538,0.951684832572937,0.2616714835166931,-0.16069838404655457,-0.23900677263736725,0.9597672820091248,0.14738556742668152,0.1927996575832367,-0.10185661911964417,0.9759372472763062,0.9900967478752136,-0.13916271924972534,-0.018496401607990265,0.13649380207061768,0.9850621819496155,-0.10498565435409546,0.032830193638801575,0.1014213114976883,0.9943017363548279
94,0.34194159507751465,0.48120975494384766,-0.807163655757904,0.38148733973503113,0.713894248008728,0.5872158408164978,0.8588034510612488,-0.5087162256240845,0.06053468957543373,0.7144061326980591,-0.6148460507392883,-0.3340482711791992,0.6170066595077515,0.7786986231803894,-0.11371531337499619,0.3300403356552124,-0.12487109005451202,0.9356712102890015,0.8985382318496704,-0.23940809071063995,0.3678489029407501,0.23132337629795074,0.97059166431427,0.0666431188583374,-0.37298598885536194,0.025210656225681305,0.9274944067001343,0.8936230540275574,0.11098182201385498,-0.43488025665283203,-0.09530005604028702,0.993770182132721,0.0577816404402256,0.43858373165130615,-0.01019089575856924,0.8986325263977051,0.5740404725074768,-0.7009083032608032,-0.4233262240886688,0.7709121108055115,0.6368763446807861,-0.00911160372197628,0.27599287033081055,-0.3211168944835663,0.9059314727783203,0.8977696299552917,0.10100188106298447,0.42872869968414307,-0.10226590186357498,0.9945529103279114,-0.020153766497969627,-0.4284289479255676,-0.025750886648893356,0.9032084941864014,0.5639059543609619,-0.5710791349411011,-0.5965557098388672,0.6613151431083679,0.7449289560317993,-0.08799484372138977,0.4946436285972595,-0.3448905050754547,0.7977331876754761,0.3595159351825714,-0.36425939202308655,-0.859106183052063,0.8650577664375305,0.47531360387802124,0.1604744791984558,0.3498905301094055,-0.8008695840835571,0.48598822951316833,0.7896650433540344,-0.1668921560049057,0.5904033184051514,0.08877898007631302,0.983246922492981,0.15919718146324158,-0.6070810556411743,-0.07329703867435455,0.7912522554397583,0.8384796977043152,-0.2696041464805603,-0.4735667407512665,0.4029406011104584,0.8918057084083557,0.20572181046009064,0.3668660521507263,-0.36331284046173096,0.856395423412323,0.5807517170906067,-0.7108849287033081,-0.3966989815235138,0.7825309038162231,0.6218253970146179,0.031282827258110046,0.22443899512290955,-0.32859674096107483,0.9174155592918396,0.8435128927230835,-0.42960238456726074,0.32237839698791504,0.36774492263793945,0.8993970155715942,0.2363232523202896,-0.3914712071418762,-0.08078867942094803,0.9166370630264282,0.645323634147644,0.6697931289672852,-0.3673344850540161,-0.7259183526039124,0.6874348521232605,-0.02181427553296089,0.23790746927261353,0.28073209524154663,0.9298330545425415,0.9737953543663025,-0.14698418974876404,0.17354603111743927,0.17880792915821075,0.9663605093955994,-0.18486520648002625,-0.14053575694561005,0.2110522836446762,0.9673193097114563,0.9425277709960938,0.20752021670341492,-0.26187169551849365,-0.18886825442314148,0.9774177074432373,0.09478062391281128,0.27562692761421204,-0.039874117821455,0.9604372978210449,0.7509571313858032,0.6599274277687073,0.023645736277103424,-0.5923554301261902,0.6573742032051086,0.46580490469932556,0.2918533384799957,-0.36380618810653687,0.8845714926719666
95,0.4066711962223053,0.25307729840278625,-0.8778213858604431,0.7897148728370667,0.3857072591781616,0.47705379128456116,0.4593135714530945,-0.8872326612472534,-0.043002888560295105,0.9619608521461487,-0.239582359790802,-0.13126924633979797,0.23983679711818695,0.9707107543945312,-0.014105120673775673,0.13080380856990814,-0.017914623022079468,0.9912464022636414,0.5681716203689575,-0.32152059674263,-0.7574995160102844,0.2793320119380951,0.9412124156951904,-0.18998117744922638,0.7740508317947388,-0.10365196317434311,0.6245811581611633,0.24981291592121124,-0.5446302890777588,0.800606906414032,0.7063931822776794,0.6680155992507935,0.23401668667793274,-0.6622704863548279,0.5070828795433044,0.5516020655632019,0.9932634830474854,-0.07880175113677979,-0.08495877683162689,0.08042503893375397,0.9966346025466919,0.015851188451051712,0.08342375606298447,-0.02257721871137619,0.9962583780288696,0.8135979175567627,-0.5789355039596558,0.05377872288227081,0.5700435638427734,0.8124620318412781,0.12229392677545547,-0.1144934594631195,-0.06884186714887619,0.9910358190536499,0.9932916760444641,-0.0014059172244742513,0.11562734097242355,0.0016823121113702655,0.9999959468841553,-0.0022928405087441206,-0.11562364548444748,0.0024719806388020515,0.9932900071144104,0.9553800821304321,-0.19151540100574493,-0.22487936913967133,0.22638164460659027,0.9637836813926697,0.14096936583518982,0.1897372603416443,-0.18558788299560547,0.9641352891921997,0.8949549198150635,0.04493981972336769,0.44388750195503235,-0.042716432362794876,0.9989744424819946,-0.015013822354376316,-0.4441069960594177,-0.005524597596377134,0.8959567546844482,0.8809967637062073,-0.3054475784301758,-0.3613121807575226,0.39827582240104675,0.8910139799118042,0.21787706017494202,0.2553841769695282,-0.33585089445114136,0.9066328406333923,0.9189189076423645,-0.2780301868915558,-0.2797986567020416,0.300176203250885,0.9530954957008362,0.03877171874046326,0.25589513778686523,-0.11961697041988373,0.959275484085083,0.9263371825218201,0.07439681142568588,0.3692757487297058,-0.0754477009177208,0.9970821142196655,-0.011616569012403488,-0.3690624535083771,-0.017100146040320396,0.929247260093689,0.7300950288772583,-0.6203868985176086,-0.28649845719337463,0.6762776374816895,0.7161182165145874,0.17269396781921387,0.09802968055009842,-0.31983551383018494,0.9423881769180298,0.9923385381698608,0.07894870638847351,0.09503348916769028,-0.08762097358703613,0.9920039176940918,0.0908336490392685,-0.08710239827632904,-0.09846466034650803,0.9913212656974792,0.9977185726165771,0.06697224080562592,-0.008503722958266735,-0.06655632704496384,0.9968876242637634,0.042253393679857254,0.011307060718536377,-0.04159102216362953,0.9990707635879517,0.9120446443557739,0.4100768566131592,0.0034035120625048876,-0.3940063714981079,0.873940646648407,0.28458160161972046,0.11372586339712143,-0.2608921229839325,0.958645761013031
96,0.30047664046287537,0.41721248626708984,-0.8576989769935608,0.7334375381469727,0.47380608320236206,0.48741888999938965,0.6097402572631836,-0.7755266427993774,-0.1636316329240799,0.8222565054893494,-0.5643768906593323,-0.07330063730478287,0.5622620582580566,0.8255165815353394,-0.04882372170686722,0.08806587010622025,-0.001068543759174645,0.9961140751838684,0.9842018485069275,-0.17680856585502625,-0.00924371462315321,0.1768037974834442,0.9842451810836792,-0.0013366807252168655,0.00933441799134016,-0.00031876013963483274,0.9999563694000244,0.3710659146308899,-0.6445077657699585,-0.6685205698013306,0.5576668381690979,0.7303062677383423,-0.3945382237434387,0.7425077557563782,-0.2264120727777481,0.6304123997688293,0.9227054715156555,-0.36227744817733765,-0.13179387152194977,0.37108224630355835,0.9273064732551575,0.048996131867170334,0.1044631227850914,-0.09411536902189255,0.9900655150413513,0.9387689828872681,-0.3406205177307129,0.05186992511153221,0.33701783418655396,0.939089298248291,0.06730681657791138,-0.07163657248020172,-0.04570446163415909,0.9963831305503845,0.9906038641929626,-0.13555985689163208,-0.018096480518579483,0.13598354160785675,0.9904032349586487,0.024695415049791336,0.014575107023119926,-0.026924198493361473,0.9995312094688416,0.980107307434082,-0.08552902191877365,-0.1790933758020401,0.09858625382184982,0.9929831624031067,0.06530797481536865,0.17225098609924316,-0.08166497200727463,0.9816620945930481,0.9828587174415588,-0.06497373431921005,0.17253153026103973,0.05627753585577011,0.99690842628479,0.05483053997159004,-0.17556068301200867,-0.04418102651834488,0.9834767580032349,0.9825296401977539,-0.11858921498060226,-0.1434297412633896,0.13268789649009705,0.9867789149284363,0.09306618571281433,0.1304967999458313,-0.11047167330980301,0.9852749109268188,0.9422268867492676,-0.22414253652095795,-0.24893498420715332,0.24004670977592468,0.9701274633407593,0.035075969994068146,0.23363664746284485,-0.09280554205179214,0.9678848385810852,0.9727801084518433,-0.008515601046383381,0.23157355189323425,0.004020218271762133,0.9997943639755249,0.019877318292856216,-0.23169520497322083,-0.018405284732580185,0.9726142883300781,0.8070071339607239,-0.553000807762146,-0.20719453692436218,0.5859661102294922,0.7934412360191345,0.16460461914539337,0.07337020337581635,-0.2542460858821869,0.9643524885177612,0.9945510625839233,0.04187120497226715,0.0954723134636879,-0.0464957132935524,0.9978244304656982,0.04673865810036659,-0.09330760687589645,-0.05092303827404976,0.9943342208862305,0.998965322971344,-0.03497818112373352,0.02906501106917858,0.035455282777547836,0.9992421269416809,-0.01606479100883007,-0.02848106622695923,0.01707867719233036,0.9994484186172485,0.9803735613822937,0.18543653190135956,-0.06694004684686661,-0.17651565372943878,0.9768468737602234,0.12088160961866379,0.08780603855848312,-0.10669316351413727,0.9904073476791382
97,0.38382598757743835,0.45315179228782654,-0.804568886756897,0.6966922283172607,0.42974376678466797,0.574404239654541,0.6060507297515869,-0.7810081839561462,-0.15076051652431488,0.8240690231323242,-0.5339748859405518,-0.1891588419675827,0.5322887301445007,0.8441399335861206,-0.06400386244058609,0.1938529908657074,-0.04794351011514664,0.9798583984375,0.40757542848587036,0.02566543221473694,-0.9128108024597168,-0.09361184388399124,0.9955130219459534,-0.013807476498186588,0.9083606600761414,0.09107748419046402,0.40814924240112305,0.10068492591381073,-0.5316389799118042,0.8409652709960938,0.7214603424072266,0.6210567951202393,0.3062407374382019,-0.6850966811180115,0.5758892893791199,0.446087509393692,0.8972278237342834,-0.3536495566368103,-0.2644130289554596,0.37449535727500916,0.9266997575759888,0.03131720423698425,0.23395617306232452,-0.12712012231349945,0.9639009237289429,0.9575310349464417,-0.24515856802463531,0.15176156163215637,0.23770883679389954,0.9691112637519836,0.06571059674024582,-0.16318336129188538,-0.026844872161746025,0.9862304925918579,0.9396030902862549,-0.31383654475212097,-0.13657455146312714,0.32199805974960327,0.9458136558532715,0.041878264397382736,0.11603114008903503,-0.08332568407058716,0.9897441864013672,0.9778004288673401,0.012173864990472794,-0.20918437838554382,-0.013410765677690506,0.9998999834060669,-0.004495579283684492,0.20910872519016266,0.0072011020965874195,0.9778658747673035,0.9752129316329956,-0.10915684700012207,0.19246967136859894,0.09369156509637833,0.9917287230491638,0.08772683143615723,-0.20045368373394012,-0.06751955300569534,0.9773737192153931,0.9614348411560059,-0.1481306552886963,-0.2317332774400711,0.17936061322689056,0.9764400124549866,0.11997780203819275,0.20850124955177307,-0.15691466629505157,0.9653522968292236,0.944701611995697,-0.17605146765708923,-0.2766672372817993,0.19186080992221832,0.980934739112854,0.030925987288355827,0.26594796776771545,-0.0822974294424057,0.9604679942131042,0.9772989749908447,-0.00017028077854774892,0.21186476945877075,-0.003136760089546442,0.999878466129303,0.015273008495569229,-0.2118416279554367,-0.015590864233672619,0.9771796464920044,0.7286860942840576,-0.5955386757850647,-0.33815720677375793,0.6681968569755554,0.7264734506607056,0.16046583652496338,0.15009863674640656,-0.3428848087787628,0.9273081421852112,0.9984070658683777,0.020642701536417007,-0.05250967666506767,-0.01928465999662876,0.9994696378707886,0.026239244267344475,0.053023479878902435,-0.025184815749526024,0.998275637626648,0.9980674982070923,-0.039209261536598206,0.048207033425569534,0.039915189146995544,0.9991081953048706,-0.013768898323178291,-0.04762417450547218,0.015666482970118523,0.9987424612045288,0.9932101964950562,0.10764946043491364,0.04410390183329582,-0.11103499680757523,0.990319550037384,0.08329695463180542,-0.03471008688211441,-0.08762845396995544,0.9955483078956604
98,0.3885366916656494,0.2557261288166046,-0.8852363228797913,0.8423368334770203,0.29085665941238403,0.45373013615608215,0.3735075294971466,-0.9219580292701721,-0.10239905118942261,0.9658227562904358,-0.18836964666843414,-0.1780540943145752,0.19025841355323792,0.9817121028900146,-0.006564580835402012,0.17603442072868347,-0.027536068111658096,0.9839987754821777,0.4246369004249573,-0.06586823612451553,-0.9029644727706909,-0.0008360951323993504,0.9973210096359253,-0.07314442098140717,0.9053633809089661,0.031814783811569214,0.4234442412853241,-0.12605193257331848,-0.5541626214981079,0.8228089809417725,0.7908965945243835,0.44453662633895874,0.420558899641037,-0.5988267660140991,0.7037690877914429,0.3822506368160248,0.9919649958610535,-0.09750821441411972,-0.08060741424560547,0.09926172345876694,0.9948979616165161,0.018030965700745583,0.07843798398971558,-0.025887317955493927,0.9965828061103821,0.9603623151779175,-0.1761261522769928,0.21606439352035522,0.16752304136753082,0.9841808676719666,0.05765487626194954,-0.22280097007751465,-0.01917380467057228,0.9746753573417664,0.8777253031730652,-0.40323692560195923,-0.25884029269218445,0.42459431290626526,0.9048827290534973,0.03011520765721798,0.22207653522491455,-0.13633498549461365,0.9654505848884583,0.9988079071044922,-0.031710945069789886,-0.03711016848683357,0.0326315276324749,0.9991678595542908,0.02446957677602768,0.036303333938121796,-0.025651367381215096,0.9990115761756897,0.9852192401885986,-0.0870073065161705,0.14755605161190033,0.07756177335977554,0.9946237802505493,0.0686124786734581,-0.15273255109786987,-0.05615362524986267,0.9866709113121033,0.9848441481590271,-0.08611582219600677,-0.15055251121520996,0.09819317609071732,0.9923593997955322,0.07470567524433136,0.14296884834766388,-0.08835667371749878,0.985775351524353,0.99845290184021,0.01894230581820011,-0.052277468144893646,-0.018957942724227905,0.9998202919960022,0.0001967878342838958,0.05227179825305939,0.000794589810539037,0.998632550239563,0.9858506917953491,-0.006362304091453552,0.16750498116016388,0.0039524598978459835,0.9998838901519775,0.014716158621013165,-0.16757915914058685,-0.013845878653228283,0.9857614040374756,0.848153829574585,-0.48566702008247375,-0.21157193183898926,0.5190169215202332,0.84180748462677,0.14826197922229767,0.10609687864780426,-0.2355583757162094,0.9660515785217285,0.9947630167007446,-0.08766160905361176,-0.05255468934774399,0.08206676691770554,0.9915436506271362,-0.10053006559610367,0.06092289462685585,0.09569059312343597,0.9935449957847595,0.9294950366020203,0.3472614884376526,0.12429165840148926,-0.36780253052711487,0.8978719711303711,0.24196529388427734,-0.027572762221097946,-0.27062034606933594,0.9622912406921387,0.997624933719635,0.06877093017101288,-0.003873320296406746,-0.06850716471672058,0.9964984059333801,0.04793407768011093,0.007156228646636009,-0.04755488038063049,0.9988430142402649
99,0.36297765374183655,0.215814471244812,-0.9064608812332153,0.8402619361877441,0.34466445446014404,0.4185287058353424,0.4027493894100189,-0.913581132888794,-0.0562351830303669,0.9728374481201172,-0.158122718334198,-0.16906964778900146,0.16002388298511505,0.9871101975440979,-0.0024092569947242737,0.16727133095264435,-0.0247113648802042,0.9856011867523193,0.8001469373703003,-0.571691632270813,0.18147611618041992,0.5694230794906616,0.8190870881080627,0.06966838240623474,-0.18847358226776123,0.047591742128133774,0.9809244275093079,0.06757993251085281,-0.4547862410545349,-0.8880329132080078,0.3778822422027588,0.8354247808456421,-0.3990870416164398,0.9233839511871338,-0.30860158801078796,0.2283135950565338,0.9842259287834167,-0.1451350748538971,-0.1011686846613884,0.14826038479804993,0.9886558651924133,0.02404974400997162,0.09653055667877197,-0.03866969048976898,0.9945785403251648,0.9349772930145264,-0.30438387393951416,0.18212071061134338,0.2930141091346741,0.9521370530128479,0.08705013245344162,-0.1999005377292633,-0.028025956824421883,0.9794152975082397,0.9117090702056885,-0.3907608091831207,-0.12685629725456238,0.3997126817703247,0.915044903755188,0.054061409085989,0.09495412558317184,-0.09999434649944305,0.9904468059539795,0.9946163296699524,-0.10110928863286972,-0.02270045317709446,0.10256008058786392,0.9918164014816284,0.07603725790977478,0.014826608821749687,-0.07795605808496475,0.9968465566635132,0.9861217737197876,0.008825461380183697,0.16578896343708038,-0.009370245970785618,0.9999529719352722,0.0025041333865374327,-0.16575905680656433,-0.004022863693535328,0.9861580729484558,0.974694013595581,-0.18741567432880402,-0.12184817343950272,0.20320425927639008,0.9699878096580505,0.1335354447364807,0.0931646004319191,-0.15491627156734467,0.9835249185562134,0.9865474104881287,-0.04983261227607727,-0.1556950807571411,0.053224559873342514,0.9984258413314819,0.017690882086753845,0.1545684039592743,-0.025739695876836777,0.987646758556366,0.9726311564445496,-0.04150423780083656,0.22861771285533905,0.03461737185716629,0.9988203048706055,0.03405396640300751,-0.22976139187812805,-0.02520780637860298,0.9729204773902893,0.8815089464187622,-0.4634118378162384,-0.09050648659467697,0.47203192114830017,0.8695048093795776,0.14542102813720703,0.011305999010801315,-0.17091189324855804,0.9852214455604553,0.99090176820755,-0.11081346124410629,0.0763813704252243,0.12037316709756851,0.9835498332977295,-0.1346849948167801,-0.06019997224211693,0.14265385270118713,0.9879401922225952,0.8722345232963562,0.47850924730300903,-0.10117220878601074,-0.43095093965530396,0.8497480154037476,0.3036603033542633,0.23127514123916626,-0.22126272320747375,0.9473935961723328,0.9832027554512024,0.08989689499139786,-0.1588423103094101,-0.08480284363031387,0.9956507086753845,0.03857612982392311,0.16161933541297913,-0.02445787750184536,0.9865500330924988
100,0.3439781963825226,0.3649480640888214,-0.8651542663574219,0.8296744227409363,0.3133106231689453,0.46203550696372986,0.4396809935569763,-0.876726508140564,-0.1950160562992096,0.935021162033081,-0.29721367359161377,-0.19338947534561157,0.2983626425266266,0.9541545510292053,-0.023850254714488983,0.19161207973957062,-0.035399701446294785,0.9808321595191956,0.8721680641174316,-0.4810310900211334,0.08906176686286926,0.4805437922477722,0.8765155076980591,0.028253069147467613,-0.09165462106466293,0.01815665513277054,0.9956253170967102,0.18638309836387634,-0.39494913816452026,-0.8995979428291321,0.34019210934638977,0.8849432468414307,-0.3180326521396637,0.9216998815536499,-0.24676021933555603,0.299297034740448,0.9788923859596252,-0.17859579622745514,-0.0993642583489418,0.18215779960155487,0.9828723073005676,0.02793775498867035,0.09267280995845795,-0.04544803127646446,0.9946588277816772,0.9397964477539062,-0.32604047656059265,0.10237322002649307,0.31944799423217773,0.9445728063583374,0.07573124021291733,-0.12139040231704712,-0.03846902400255203,0.9918591380119324,0.9358352422714233,-0.27699029445648193,-0.21791915595531464,0.2894690930843353,0.9568084478378296,0.02693083882331848,0.20104730129241943,-0.08828369528055191,0.9755951762199402,0.9994502663612366,0.011238796636462212,-0.031189987435936928,-0.011473100632429123,0.9999071955680847,-0.0073433853685855865,0.031104562804102898,0.0076971943490207195,0.99948650598526,0.9861873984336853,-0.08798352628946304,0.14033299684524536,0.07887916266918182,0.9944808483123779,0.069180428981781,-0.14564521610736847,-0.05715551599860191,0.9876845479011536,0.9942541718482971,-0.07071834057569504,-0.08035897463560104,0.07535211741924286,0.9955736398696899,0.05617094039916992,0.07603096216917038,-0.06190341338515282,0.9951820373535156,0.9885582327842712,0.008406604640185833,-0.15060508251190186,-0.006969565991312265,0.9999250173568726,0.010067072696983814,0.15067842602729797,-0.008902235887944698,0.9885427355766296,0.9697045683860779,-0.0691007524728775,0.2343035489320755,0.05987231805920601,0.9971324801445007,0.046282462775707245,-0.23682984709739685,-0.030852017924189568,0.9710611701011658,0.8714538812637329,-0.46512702107429504,-0.15564367175102234,0.48591771721839905,0.861899197101593,0.1449611932039261,0.0667237862944603,-0.20195700228214264,0.9771188497543335,0.9879716634750366,-0.1465982347726822,-0.04920339956879616,0.13643063604831696,0.9761426448822021,-0.16891495883464813,0.0727921724319458,0.16017034649848938,0.9844017028808594,0.964609682559967,0.25142940878868103,0.07944455742835999,-0.2618667185306549,0.9487471580505371,0.1769312173128128,-0.03088708594441414,-0.19147343933582306,0.981011688709259,0.9574277997016907,0.2627973258495331,0.11945527791976929,-0.28243857622146606,0.9383196830749512,0.19946080446243286,-0.05966947227716446,-0.22470811009407043,0.9725974798202515
101,0.4229598045349121,0.2141883373260498,-0.8804705142974854,0.8446131944656372,0.2587718069553375,0.4686850309371948,0.32822781801223755,-0.9418919682502747,-0.07145621627569199,0.9513196349143982,-0.24007976055145264,-0.193268284201622,0.2419125884771347,0.9701908826828003,-0.014420329593122005,0.19096915423870087,-0.03303568810224533,0.9810400009155273,0.8791574239730835,-0.45802563428878784,0.13150931894779205,0.4570239186286926,0.8885767459869385,0.03950253874063492,-0.13494929671287537,0.025373952463269234,0.9905275702476501,0.372023344039917,-0.09062311053276062,-0.9237889647483826,0.10955723375082016,0.992553174495697,-0.05324852839112282,0.9217352271080017,-0.08139807730913162,0.3791813552379608,0.9654917120933533,-0.17956575751304626,-0.18863165378570557,0.18756496906280518,0.9819263815879822,0.02529832348227501,0.18067967891693115,-0.059806011617183685,0.9817219972610474,0.9662673473358154,-0.105186328291893,0.23508146405220032,0.09844841808080673,0.9943277835845947,0.0402507409453392,-0.2379818558692932,-0.015749579295516014,0.9711418747901917,0.9264768958091736,-0.35750046372413635,-0.11761777102947235,0.36510586738586426,0.929599940776825,0.05041540786623955,0.091313935816288,-0.08965165168046951,0.9917783737182617,0.9859105944633484,-0.07380915433168411,-0.15010814368724823,0.08329792320728302,0.9948393702507019,0.05793190374970436,0.1450575739145279,-0.06961937993764877,0.986970841884613,0.9813514351844788,-0.05529923737049103,0.18409593403339386,0.04702969640493393,0.9976913928985596,0.04899027571082115,-0.1863800585269928,-0.03941870480775833,0.9816866517066956,0.9923508763313293,-0.08994274586439133,-0.08455812186002731,0.0958770215511322,0.9930022358894348,0.06895018368959427,0.0777648389339447,-0.07652995735406876,0.9940300583839417,0.9772770404815674,-0.02845483087003231,-0.2100473940372467,0.032942622900009155,0.9992969632148743,0.01789710856974125,0.20939047634601593,-0.0244099460542202,0.977527379989624,0.976547360420227,-0.02539626881480217,0.21379953622817993,0.020331639796495438,0.999458909034729,0.025854678824543953,-0.2143404632806778,-0.020901422947645187,0.9765353798866272,0.815062403678894,-0.5792708992958069,0.010885517112910748,0.5673899054527283,0.8018649220466614,0.18730027973651886,-0.11722631752490997,-0.1464850902557373,0.9822424054145813,0.9843307137489319,-0.13186012208461761,0.11707238107919693,0.14984922111034393,0.9754752516746521,-0.1612241566181183,-0.09294217824935913,0.17624109983444214,0.979949414730072,0.9299725890159607,0.34645015001296997,-0.12297651171684265,-0.3166424334049225,0.9248096346855164,0.21086663007736206,0.18678463995456696,-0.15716060996055603,0.9697484374046326,0.9799125790596008,0.13035979866981506,0.15092286467552185,-0.14862531423568726,0.9819695353507996,0.1168176457285881,-0.1329733282327652,-0.13690203428268433,0.9816190600395203
102,0.41378021240234375,0.25289466977119446,-0.8745457530021667,0.8274516463279724,0.29610341787338257,0.4771232306957245,0.3796178996562958,-0.9210684299468994,-0.08673638105392456,0.9190793037414551,-0.3396278917789459,-0.1998652219772339,0.34053006768226624,0.9397246241569519,-0.030933724716305733,0.19832421839237213,-0.03962956741452217,0.9793349504470825,0.9037859439849854,-0.41233786940574646,0.11466646939516068,0.4116852581501007,0.9108179211616516,0.03043047897517681,-0.11698790639638901,0.019703853875398636,0.9929378628730774,0.4657624661922455,-0.1838567554950714,-0.8655992150306702,0.1827668994665146,0.9770739674568176,-0.10919104516506195,0.8658300042152405,-0.10734579712152481,0.48868733644485474,0.9497752785682678,-0.25134265422821045,-0.18642355501651764,0.2614932060241699,0.9646875858306885,0.031608954071998596,0.1718958169221878,-0.07876989990472794,0.9819608330726624,0.9622719883918762,-0.23016026616096497,0.14511659741401672,0.22357572615146637,0.9728143811225891,0.06038285791873932,-0.1550692468881607,-0.025660181418061256,0.9875702857971191,0.9596755504608154,-0.27250048518180847,-0.06903888285160065,0.27581873536109924,0.9601994752883911,0.04405727982521057,0.05428546667098999,-0.06132291257381439,0.9966406226158142,0.9851022362709045,-0.06804496794939041,-0.15793494880199432,0.07745993137359619,0.9955191016197205,0.05423679202795029,0.15353672206401825,-0.06566241383552551,0.9859588742256165,0.9780831336975098,-0.12373893707990646,0.16745756566524506,0.1085553914308548,0.9893460273742676,0.09700619429349899,-0.17767691612243652,-0.07670170068740845,0.9810951948165894,0.9873133897781372,-0.061238136142492294,-0.146499902009964,0.07040581852197647,0.9958174228668213,0.058229394257068634,0.14232128858566284,-0.06780510395765305,0.9874953627586365,0.963869571685791,-0.10389873385429382,-0.2452763020992279,0.113645538687706,0.9931840896606445,0.025884704664349556,0.24091513454914093,-0.05282403901219368,0.9691075682640076,0.971836268901825,-0.11321401596069336,0.20668046176433563,0.1024852767586708,0.9928045868873596,0.06193368881940842,-0.21220508217811584,-0.039007700979709625,0.9764463305473328,0.8153074383735657,-0.5727736949920654,-0.08487680554389954,0.5779556632041931,0.7960883975028992,0.179472878575325,-0.035227902233600616,-0.19538059830665588,0.9800946116447449,0.9923464059829712,-0.0860867127776146,0.08853085339069366,0.09519810974597931,0.989963710308075,-0.10444693267345428,-0.07865083962678909,0.11207550764083862,0.9905822277069092,0.9721019864082336,0.20912495255470276,-0.10622826963663101,-0.19635529816150665,0.9732667207717896,0.11914890259504318,0.12830545008182526,-0.09496640413999557,0.987177312374115,0.9846903085708618,0.12766127288341522,0.11869104951620102,-0.1407407969236374,0.9839998483657837,0.10925367474555969,-0.10284450650215149,-0.12428571283817291,0.9869022369384766
103,0.37698450684547424,0.3098112642765045,-0.8728686571121216,0.7759061455726624,0.4090208411216736,0.48028284311294556,0.5058184862136841,-0.858323335647583,-0.08618994057178497,0.863443911075592,-0.4702107310295105,-0.18266507983207703,0.4691542387008667,0.8815998435020447,-0.051730383187532425,0.18536168336868286,-0.04103181138634682,0.981813371181488,0.5433624386787415,-0.23891231417655945,-0.8047845363616943,0.1918872892856598,0.9686163067817688,-0.1579926311969757,0.8172738552093506,-0.06858065724372864,0.5721539855003357,0.5778186321258545,-0.47824034094810486,0.6613711714744568,0.5723403692245483,0.8151295781135559,0.0893884003162384,-0.5818523168563843,0.3268791139125824,0.744713306427002,0.9118708372116089,-0.3550399839878082,-0.20600542426109314,0.3699709177017212,0.9282731413841248,0.03782245144248009,0.17780081927776337,-0.11070521175861359,0.9778196215629578,0.9399679899215698,-0.30911096930503845,0.1446048766374588,0.3003824055194855,0.9505175948143005,0.07928885519504547,-0.16195853054523468,-0.03109223023056984,0.9863076210021973,0.9614271521568298,-0.22688862681388855,-0.15549708902835846,0.23394791781902313,0.9718323349952698,0.02846466563642025,0.14465880393981934,-0.0637449249625206,0.9874261617660522,0.9725205898284912,-0.05039277672767639,-0.22729769349098206,0.06185689568519592,0.9971325397491455,0.04359405115246773,0.22444909811019897,-0.05645604431629181,0.9728490710258484,0.9454746246337891,-0.31685563921928406,0.07536718994379044,0.2931359112262726,0.9287108778953552,0.2270846962928772,-0.141947403550148,-0.1926099956035614,0.9709543585777283,0.9832690358161926,-0.15082389116287231,-0.10214777290821075,0.161799356341362,0.9807432293891907,0.1093786433339119,0.08368382602930069,-0.12407607585191727,0.9887376427650452,0.9316366314888,-0.2600387632846832,-0.2538365423679352,0.2783028781414032,0.9597313404083252,0.03825227916240692,0.23366780579090118,-0.10628066956996918,0.9664904475212097,0.9791414737701416,-0.10865022242069244,0.17168906331062317,0.10042691230773926,0.9933726787567139,0.05590343847870827,-0.17662514746189117,-0.03749517351388931,0.9835637807846069,0.8305562138557434,-0.5339365005493164,-0.15839239954948425,0.5553970336914062,0.8151800036430359,0.16436441242694855,0.041358157992362976,-0.22448454797267914,0.9735996127128601,0.985681414604187,-0.031278278678655624,0.16569194197654724,0.038701131939888,0.998377799987793,-0.04176090657711029,-0.16411694884300232,0.047575414180755615,0.9852929711341858,0.9846793413162231,0.10146881639957428,-0.14181222021579742,-0.09686858206987381,0.9945330619812012,0.03899247944355011,0.14499345421791077,-0.024657942354679108,0.9891253113746643,0.9420360326766968,0.3262452781200409,-0.07830803841352463,-0.3027123510837555,0.9271179437637329,0.22094681859016418,0.14468364417552948,-0.18443505465984344,0.9721369743347168
104,0.3919391632080078,0.2795834243297577,-0.8764798045158386,0.7936061024665833,0.37917542457580566,0.4758312404155731,0.4653741419315338,-0.8820765614509583,-0.07326541095972061,0.8502076864242554,-0.47472116351127625,-0.22756701707839966,0.4746670722961426,0.8782112002372742,-0.05861954018473625,0.22767983376979828,-0.058179788291454315,0.9719964265823364,0.9219799041748047,-0.360616534948349,0.1410985141992569,0.35968220233917236,0.9324921369552612,0.03297210484743118,-0.14346353709697723,0.020351003855466843,0.9894463419914246,0.7694738507270813,-0.3968163728713989,-0.5004465579986572,0.36824244260787964,0.9158578515052795,-0.16000600159168243,0.5218309164047241,-0.061165228486061096,0.8508533239364624,0.9163441061973572,-0.3509574830532074,-0.19272345304489136,0.3644183278083801,0.9304465651512146,0.03832125663757324,0.16586974263191223,-0.1053474172949791,0.9805045127868652,0.9806368947029114,-0.19302403926849365,-0.03306058049201965,0.1939036101102829,0.9806803464889526,0.02583574689924717,0.02743494138121605,-0.03174605220556259,0.9991193413734436,0.9051368236541748,-0.39657995104789734,0.15313950181007385,0.3841095268726349,0.9172799587249756,0.10515369474887848,-0.18217365443706512,-0.036356136202812195,0.9825940132141113,0.9754094481468201,-0.07511547207832336,-0.20720548927783966,0.08964603394269943,0.9940645098686218,0.06163908913731575,0.20134557783603668,-0.07869850099086761,0.9763537049293518,0.9616910219192505,-0.2654692828655243,-0.06838468462228775,0.2734571695327759,0.9465240836143494,0.1712113469839096,0.019276397302746773,-0.18335269391536713,0.9828581809997559,0.9623204469680786,-0.24730335175991058,-0.11305033415555954,0.2640722393989563,0.9491060972213745,0.17164935171604156,0.06484729796648026,-0.1950351446866989,0.9786501526832581,0.9262397289276123,-0.26095783710479736,-0.2719944715499878,0.2811371088027954,0.9589407444000244,0.03734360635280609,0.2510814666748047,-0.1110568717122078,0.9615739583969116,0.9833759665489197,-0.17451336979866028,0.05016712099313736,0.1711677759885788,0.983116626739502,0.06467828899621964,-0.06060735508799553,-0.055016081780195236,0.9966443777084351,0.8073593974113464,-0.5900343656539917,-0.005494811572134495,0.5799611210823059,0.7917916178703308,0.1916014701128006,-0.1087007150053978,-0.15787804126739502,0.9814574122428894,0.9550014138221741,0.01158242579549551,0.29637500643730164,-0.014156786724925041,0.9998784065246582,0.006541488692164421,-0.2962632179260254,-0.01044284924864769,0.9550492167472839,0.9704663753509521,0.02711663581430912,-0.2397075891494751,-0.03580471873283386,0.9988475441932678,-0.03196348994970322,0.23856458067893982,0.03960215300321579,0.9703187942504883,0.9442509412765503,0.27710163593292236,-0.17777752876281738,-0.24609960615634918,0.9527701735496521,0.17794379591941833,0.21868963539600372,-0.12427261471748352,0.9678487181663513
105,0.33823463320732117,0.2630585730075836,-0.9035471677780151,0.882057785987854,0.24600856006145477,0.4018131494522095,0.32798075675964355,-0.9328879714012146,-0.14882424473762512,0.9450202584266663,-0.31707435846328735,-0.08000382781028748,0.3163186013698578,0.9483911991119385,-0.02228722721338272,0.08294162899255753,-0.004244816489517689,0.9965453743934631,0.9290928244590759,-0.33633771538734436,0.15382938086986542,0.3355279564857483,0.9414869546890259,0.0319896824657917,-0.15558768808841705,0.021892676129937172,0.9875794649124146,0.6945266127586365,-0.37518829107284546,-0.6138945817947388,0.3476499915122986,0.9220462441444397,-0.17020642757415771,0.6298986673355103,-0.09520754963159561,0.7708198428153992,0.9863979816436768,-0.1495543122291565,-0.06820908188819885,0.15147320926189423,0.9881734251976013,0.02385719306766987,0.06383445113897324,-0.03386453539133072,0.9973857402801514,0.9750288128852844,-0.21938008069992065,-0.03451397642493248,0.22038626670837402,0.974991500377655,0.028662007302045822,0.02736295759677887,-0.03555268794298172,0.9989931583404541,0.928734302520752,-0.3427426218986511,0.14135102927684784,0.3330588936805725,0.9387897849082947,0.0880083441734314,-0.1628631055355072,-0.034658148884773254,0.9860397577285767,0.9860613942146301,-0.04166596010327339,-0.16108015179634094,0.04846495762467384,0.998082160949707,0.03851109370589256,0.1591666340827942,-0.04578104615211487,0.9861896634101868,0.9939853549003601,-0.10053162276744843,0.043434321880340576,0.0972757488489151,0.9926856756210327,0.07150200009346008,-0.0503048412501812,-0.0668468326330185,0.9964942932128906,0.8876960277557373,-0.3633386492729187,-0.282808780670166,0.43387913703918457,0.8656765222549438,0.24970601499080658,0.15409305691719055,-0.3443678617477417,0.9261026382446289,0.9767996668815613,-0.10888801515102386,-0.18440663814544678,0.11556798964738846,0.992963433265686,0.025839390233159065,0.1802954375743866,-0.0465514101088047,0.9825103282928467,0.989826500415802,-0.11737900972366333,0.08040961623191833,0.1138172522187233,0.9923632740974426,0.04754761978983879,-0.08537664264440536,-0.03791189193725586,0.995627224445343,0.7902387976646423,-0.6118496656417847,-0.03409744054079056,0.6054178476333618,0.7709007263183594,0.19794254004955292,-0.09482532739639282,-0.17706507444381714,0.9796203970909119,0.8216403126716614,-0.011464673094451427,0.5698910355567932,0.029817664995789528,0.999293327331543,-0.022886522114276886,-0.5692259073257446,0.03579730913043022,0.8214014768600464,0.9124748110771179,-0.041261255741119385,-0.40704694390296936,-0.0049187918193638325,0.9937233328819275,-0.11175749450922012,0.40910330414772034,0.10397807508707047,0.90654456615448,0.9635308384895325,0.25921037793159485,-0.06647028774023056,-0.2442106306552887,0.95331871509552,0.17760784924030304,0.10940517485141754,-0.15489789843559265,0.9818539619445801
106,0.39431193470954895,0.09211471676826477,-0.9143483638763428,0.9189139604568481,-0.0511409230530262,0.3911287486553192,-0.010731908492743969,-0.9944342374801636,-0.10481098294258118,0.9999681115150452,0.007968977093696594,0.0005217782454565167,-0.007969195954501629,0.9999681711196899,0.0004174119676463306,-0.0005184352630749345,-0.0004215568187646568,0.9999997615814209,0.9317159056663513,-0.35969963669776917,-0.050215475261211395,0.35939761996269226,0.9330601692199707,-0.015232952311635017,0.05233335122466087,-0.0038545383140444756,0.9986222386360168,0.9633944034576416,-0.2032398134469986,-0.17482782900333405,0.19797383248806,0.9790683388710022,-0.047239456325769424,0.18076932430267334,0.0108988918364048,0.9834651350975037,0.9793843030929565,0.1836152821779251,-0.08421319723129272,-0.18571045994758606,0.982445240020752,-0.01769249513745308,0.07948623597621918,0.03296702355146408,0.9962906837463379,0.9762735366821289,-0.2089640349149704,0.05678066983819008,0.2067556232213974,0.9774739742279053,0.042388588190078735,-0.06435931473970413,-0.02964313142001629,0.997486412525177,0.9248555302619934,-0.37895238399505615,-0.03220853954553604,0.38030317425727844,0.9222598075866699,0.06932803243398666,0.003432618686929345,-0.07636742293834686,0.9970738291740417,0.9983495473861694,0.055539071559906006,-0.014616004191339016,-0.056096408516168594,0.9975841045379639,-0.040977753698825836,0.012304826639592648,0.04173002764582634,0.9990531206130981,0.9820955991744995,-0.15661635994911194,-0.10468794405460358,0.16657565534114838,0.9815082550048828,0.09430857002735138,0.08798182010650635,-0.11005849391222,0.9900233745574951,0.9656007885932922,-0.23429623246192932,-0.11278457194566727,0.250679075717926,0.9540242552757263,0.16430994868278503,0.06910201162099838,-0.1869305521249771,0.9799397587776184,0.9790847301483154,0.07224711030721664,-0.1901930868625641,-0.07185302674770355,0.9973748326301575,0.008976403623819351,0.19034230709075928,0.004877287894487381,0.9817056655883789,0.9799465537071228,0.007794870994985104,0.19910810887813568,-0.010142838582396507,0.9998905062675476,0.010775161907076836,-0.19900231063365936,-0.012578603811562061,0.9799183011054993,0.8004311919212341,-0.5993895530700684,0.006489511113613844,0.5867705345153809,0.7857005596160889,0.19589529931545258,-0.12251640856266022,-0.152992844581604,0.9806033372879028,0.964810311794281,-0.11235873401165009,0.2377322018146515,0.14847296476364136,0.9789748787879944,-0.13987113535404205,-0.21701811254024506,0.1702459156513214,0.9612072706222534,0.8567027449607849,0.46350377798080444,0.22632867097854614,-0.5148208737373352,0.7955171465873718,0.3195495903491974,-0.03193590044975281,-0.3902777135372162,0.9201431274414062,0.9900199174880981,0.12039083987474442,0.07325681298971176,-0.12718962132930756,0.9871660470962524,0.0965714082121849,-0.060690321028232574,-0.10492512583732605,0.9926264882087708
107,0.3176344037055969,-0.0429210290312767,-0.9472413659095764,0.9474326968193054,-0.02615964412689209,0.31888389587402344,-0.03846632316708565,-0.9987359046936035,0.03235558420419693,0.9826587438583374,0.1828467696905136,0.030804123729467392,-0.18306180834770203,0.9830920696258545,0.004287277814000845,-0.029499374330043793,-0.009851989336311817,0.9995162487030029,0.8377015590667725,-0.5407932996749878,0.07614908367395401,0.5408809185028076,0.8408305048942566,0.021256718784570694,-0.07552396506071091,0.02338079921901226,0.9968698620796204,0.9767282605171204,-0.12442665547132492,-0.1746995747089386,0.12181443721055984,0.9922216534614563,-0.02563958428800106,0.17653095722198486,0.003761974396184087,0.9842879176139832,0.9826944470405579,0.17569778859615326,-0.058668263256549835,-0.17712900042533875,0.9839820265769958,-0.020116718485951424,0.05419405549764633,0.030160438269376755,0.9980748295783997,0.9668542742729187,-0.22335128486156464,0.12372130900621414,0.21782426536083221,0.9743393659591675,0.056704893708229065,-0.1332116574048996,-0.027875866740942,0.9906955361366272,0.932682991027832,-0.36054813861846924,0.010369197465479374,0.3588910400867462,0.9305023550987244,0.07322930544614792,-0.036051250994205475,-0.06457831710577011,0.9972612261772156,0.991430401802063,-0.07304904609918594,0.10830338299274445,0.0678439810872078,0.9963918328285217,0.05099465325474739,-0.11163771897554398,-0.04320991784334183,0.9928091168403625,0.9824010133743286,-0.14585275948047638,-0.11668436974287033,0.15636134147644043,0.9838955402374268,0.08660679310560226,0.10217338800430298,-0.10332752019166946,0.9893856644630432,0.9813830852508545,-0.1920594424009323,0.00063042325200513,0.19031725823879242,0.9729116559028625,0.13123349845409393,-0.025817977264523506,-0.1286703497171402,0.991351306438446,0.991285502910614,-0.060943618416786194,-0.11678559333086014,0.06350564956665039,0.9978129267692566,0.01834043487906456,0.11541244387626648,-0.02559715323150158,0.9929878115653992,0.9938485026359558,0.07664915919303894,0.07993795722723007,-0.07517291605472565,0.9969425797462463,-0.021320514380931854,-0.08132775127887726,0.01518019288778305,0.9965717792510986,0.7703701257705688,-0.5529530048370361,0.31744739413261414,0.514531135559082,0.8331811428070068,0.20264966785907745,-0.3765469193458557,0.0072213211096823215,0.9263693690299988,0.9009734392166138,0.11285343021154404,0.41894030570983887,-0.18541721999645233,0.9731160402297974,0.1366220861673355,-0.39225926995277405,-0.20077161490917206,0.8976767063140869,0.950571596622467,0.28960534930229187,-0.11199269443750381,-0.2684449255466461,0.9477560520172119,0.17232465744018555,0.15604789555072784,-0.1337430626153946,0.978653073310852,0.9616822600364685,0.1357426792383194,0.2382040172815323,-0.16937044262886047,0.9773575663566589,0.12683001160621643,-0.21559426188468933,-0.16231489181518555,0.9628982543945312
108,0.37191590666770935,0.15047433972358704,-0.915989100933075,0.9178866147994995,0.08754007518291473,0.3870670199394226,0.1384294033050537,-0.9847305417060852,-0.10556084662675858,0.986268162727356,-0.02700735628604889,-0.16292867064476013,0.030014732852578163,0.9994210004806519,0.01602454110980034,0.16240154206752777,-0.020694755017757416,0.9865077137947083,0.8148719668388367,-0.542964518070221,0.20291182398796082,0.5413240790367126,0.8380173444747925,0.06852181255817413,-0.2072485387325287,0.054004546254873276,0.976796567440033,0.9349989891052246,0.042332250624895096,-0.35211488604545593,-0.03461703285574913,0.9990032315254211,0.028181619942188263,0.3529568910598755,-0.014160613529384136,0.9355323910713196,0.9981943964958191,0.011777359992265701,-0.058900557458400726,-0.011672692373394966,0.9999296069145203,0.002120781457051635,0.058921389281749725,-0.0014294240390881896,0.9982616305351257,0.98540198802948,-0.16532368957996368,0.04063192009925842,0.1640796959400177,0.9859189987182617,0.03227287530899048,-0.04539525508880615,-0.02513488382101059,0.9986528754234314,0.9065003395080566,-0.42127475142478943,-0.028012564405798912,0.4221251904964447,0.903041422367096,0.07953929156064987,-0.008211389183998108,-0.0839272066950798,0.9964380264282227,0.9997366666793823,0.004212964326143265,0.022557077929377556,-0.004115946590900421,0.9999820590019226,-0.004345688037574291,-0.022574981674551964,0.004251699894666672,0.9997361302375793,0.9797199964523315,-0.16701364517211914,-0.11070308834314346,0.17821002006530762,0.978858232498169,0.10038772970438004,0.09159650653600693,-0.1180802658200264,0.9887704849243164,0.9786807894706726,-0.20052127540111542,-0.04444187134504318,0.20483356714248657,0.9687951803207397,0.13956749439239502,0.015068821609020233,-0.14569520950317383,0.9892147779464722,0.9630962610244751,-0.02522766776382923,-0.2679722309112549,0.033253636211156845,0.9991227388381958,0.025453824549913406,0.26709499955177307,-0.03342553600668907,0.9630903601646423,0.9606556296348572,-0.026232345029711723,0.2765006124973297,0.018519051373004913,0.9993640780448914,0.03047093190252781,-0.2771241068840027,-0.024151545017957687,0.9605305194854736,0.7226086854934692,-0.6830440163612366,0.10624296963214874,0.6473025679588318,0.7225520014762878,0.24273031949996948,-0.24256156384944916,-0.1066276952624321,0.9642584919929504,0.9687422513961792,-0.07799939066171646,0.23548781871795654,0.10335793346166611,0.989871621131897,-0.09732061624526978,-0.22551177442073822,0.11861813068389893,0.9669923186302185,0.8585538864135742,0.4918920695781708,0.14466316998004913,-0.510629415512085,0.7948347926139832,0.32786470651626587,0.04629073664546013,-0.3553587794303894,0.9335830211639404,0.9909555912017822,0.09730244427919388,0.09240792691707611,-0.10496837645769119,0.9910830855369568,0.08207295835018158,-0.08359803259372711,-0.09103056788444519,0.9923329949378967
109,0.3203676640987396,0.16756127774715424,-0.932356059551239,0.9222720265388489,0.16954678297042847,0.3473733067512512,0.21628427505493164,-0.9711730480194092,-0.10021977871656418,0.979478657245636,-0.18079066276550293,-0.08908593654632568,0.18086130917072296,0.9834811687469482,-0.007345871068537235,0.08894240111112595,-0.008917074650526047,0.9959968328475952,0.8538506627082825,-0.5000659823417664,0.1444752812385559,0.49953651428222656,0.8652461767196655,0.04257192090153694,-0.1462954580783844,0.0358206145465374,0.9885922074317932,0.9885415434837341,-0.024875866249203682,-0.14888538420200348,0.025146912783384323,0.9996837377548218,-6.200306961545721e-05,0.14883984625339508,-0.003682715119794011,0.9888544678688049,0.9785094261169434,-0.20467574894428253,0.025042355060577393,0.2037762850522995,0.9784141182899475,0.0343666635453701,-0.03153581544756889,-0.02852506749331951,0.9990954995155334,0.997247576713562,-0.01989067532122135,-0.07142538577318192,0.019793691113591194,0.9998019337654114,-0.002065446460619569,0.0714523196220398,0.0006459897267632186,0.9974437952041626,0.8269895911216736,-0.5078421235084534,0.241214781999588,0.48105281591415405,0.8612287044525146,0.1639307141304016,-0.29099202156066895,-0.01953195407986641,0.9565261006355286,0.9990166425704956,-0.04114318639039993,0.016522333025932312,0.04063230752944946,0.9987192153930664,0.03014954924583435,-0.017741618677973747,-0.029448561370372772,0.9994088411331177,0.9704209566116333,-0.21036624908447266,-0.11844491213560104,0.2250898778438568,0.9657766819000244,0.12887948751449585,0.08727943897247314,-0.15172810852527618,0.9845612645149231,0.9634467959403992,-0.2531276345252991,-0.08773045241832733,0.26517945528030396,0.9476271271705627,0.17799630761146545,0.03807997331023216,-0.19475428760051727,0.980112612247467,0.9663861989974976,-0.12869057059288025,-0.22256796061992645,0.1387113779783249,0.9898806214332581,0.02992546558380127,0.2164645791053772,-0.05979226529598236,0.9744578003883362,0.9768714904785156,-0.07713625580072403,0.19942954182624817,0.06947753578424454,0.996562123298645,0.045130979269742966,-0.20222514867782593,-0.0302312932908535,0.9788723587989807,0.7042399644851685,-0.695783257484436,0.1411798745393753,0.6530935168266296,0.7128740549087524,0.2554984986782074,-0.2784150540828705,-0.0877285972237587,0.9564458727836609,0.9015017151832581,-0.06528960913419724,0.4278223216533661,0.11097173392772675,0.990376889705658,-0.08269761502742767,-0.41830605268478394,0.12202822417020798,0.9000717401504517,0.8714308142662048,0.4897628426551819,0.027214977890253067,-0.47203347086906433,0.8222122192382812,0.3180432617664337,0.13338927924633026,-0.2899990677833557,0.9476855397224426,0.9982993602752686,0.031587932258844376,-0.048995885998010635,-0.03082706220448017,0.9993932843208313,0.01620815135538578,0.04947814345359802,-0.014670188538730145,0.9986674785614014
110,0.3039882779121399,0.1911437064409256,-0.9333034157752991,0.9207022786140442,0.19273042678833008,0.3393557667732239,0.24474169313907623,-0.9624547362327576,-0.11739865690469742,0.9764606356620789,-0.2111491709947586,-0.04405278339982033,0.21086880564689636,0.97745281457901,-0.010970031842589378,0.04537583142518997,0.0014224459882825613,0.9989689588546753,0.8649036884307861,-0.4900258183479309,0.10870279371738434,0.4899478554725647,0.8712600469589233,0.029274478554725647,-0.10905365645885468,0.027939097955822945,0.9936431646347046,0.9876298904418945,-0.04609702154994011,-0.14987406134605408,0.04586952179670334,0.9989350438117981,-0.004976294003427029,0.14994384348392487,-0.001959915040060878,0.988692581653595,0.9728902578353882,-0.22884437441825867,0.03338825702667236,0.22753119468688965,0.9729912281036377,0.038956206291913986,-0.04140138998627663,-0.030303241685032845,0.998682975769043,0.9973124265670776,-0.027599520981311798,-0.06786886602640152,0.027605056762695312,0.9996185302734375,-0.000856456346809864,0.06786661595106125,-0.0010193693451583385,0.9976938962936401,0.840549647808075,-0.4900502562522888,0.23092636466026306,0.4655664265155792,0.8714054226875305,0.15459801256656647,-0.2769912779331207,-0.0224357508122921,0.9606104493141174,0.9991909861564636,-0.04005314037203789,0.0036213730927556753,0.03992684185504913,0.9987522959709167,0.029995325952768326,-0.004818261601030827,-0.029826469719409943,0.9995434880256653,0.9686655402183533,-0.21561317145824432,-0.12328051775693893,0.23139667510986328,0.9637874960899353,0.13254891335964203,0.09023693203926086,-0.15692226588726044,0.983479917049408,0.9593714475631714,-0.26277101039886475,-0.10275142639875412,0.27803102135658264,0.9424310922622681,0.18580198287963867,0.048012759536504745,-0.20682120323181152,0.9771999716758728,0.9630212187767029,-0.14014902710914612,-0.23010511696338654,0.15115557610988617,0.9880290031433105,0.03083248808979988,0.22302938997745514,-0.06447400897741318,0.9726772308349609,0.9755384922027588,-0.09599830210208893,0.19776004552841187,0.08726735413074493,0.9948046803474426,0.05242161452770233,-0.2017650008201599,-0.033881306648254395,0.9788477420806885,0.7093564867973328,-0.6880542039871216,0.1529534012079239,0.6447156667709351,0.7210817337036133,0.25373777747154236,-0.2848772406578064,-0.08137909322977066,0.95510333776474,0.8651689887046814,-0.04199868440628052,0.49971863627433777,0.0772734135389328,0.9957505464553833,-0.05009688064455986,-0.4954911172389984,0.08195723593235016,0.864737868309021,0.8900079131126404,0.45286402106285095,-0.05291613191366196,-0.42068204283714294,0.8603788614273071,0.28770607709884644,0.17581965029239655,-0.23379981517791748,0.9562557935714722,0.9982951879501343,0.03196939080953598,-0.048833489418029785,-0.031191647052764893,0.9993754625320435,0.01660655252635479,0.04933389276266098,-0.015055044554173946,0.9986688494682312
111,0.33989331126213074,0.12089983373880386,-0.9326605796813965,0.933418869972229,0.0777914971113205,0.350253701210022,0.114898681640625,-0.9896119236946106,-0.08640937507152557,0.9869605302810669,-0.08358035236597061,-0.13756169378757477,0.08534377068281174,0.9963272213935852,0.006960926111787558,0.13647466897964478,-0.018610192462801933,0.9904687404632568,0.84660804271698,-0.5155052542686462,0.132322296500206,0.5152140259742737,0.8561687469482422,0.039110299199819565,-0.13345178961753845,0.035063210874795914,0.9904348254203796,0.9916809797286987,0.0493074432015419,-0.11890171468257904,-0.04759910702705383,0.9987189769744873,0.017166726291179657,0.11959584802389145,-0.011364300735294819,0.9927576184272766,0.9980140924453735,-0.05344067141413689,-0.03334590420126915,0.05380156263709068,0.9985013604164124,0.01002019178122282,0.03276044502854347,-0.01179435383528471,0.9993936419487,0.9525909423828125,-0.2940126955509186,-0.07827511429786682,0.2971028983592987,0.9543409943580627,0.031033748760819435,0.06557683646678925,-0.052818235009908676,0.9964486360549927,0.9156937003135681,-0.20707707107067108,0.34441861510276794,0.19480343163013458,0.978320837020874,0.07028525322675705,-0.3515063524246216,0.00273416587151587,0.9361814856529236,0.9984226822853088,-0.0552956759929657,-0.00972395483404398,0.05565840005874634,0.9975597858428955,0.04215000942349434,0.0073695131577551365,-0.04262474179267883,0.9990639686584473,0.9935057163238525,-0.1104692593216896,-0.027257869020104408,0.11219480633735657,0.9909965991973877,0.073062464594841,0.018941298127174377,-0.07564616203308105,0.9969547986984253,0.9551433324813843,-0.27845582365989685,-0.100814588367939,0.2935292720794678,0.9353018999099731,0.197612926363945,0.03926561027765274,-0.2183406949043274,0.9750823378562927,0.9749237895011902,-0.07743795961141586,-0.20863111317157745,0.08452930301427841,0.9961003065109253,0.025277411565184593,0.20586007833480835,-0.042278993874788284,0.9776676893234253,0.9870688319206238,-0.12151358276605606,0.10454444587230682,0.11661706119775772,0.9918271899223328,0.05176177993416786,-0.1099797785282135,-0.03890077397227287,0.993172287940979,0.8442394137382507,-0.4990531802177429,0.19546286761760712,0.4724375903606415,0.8651413917541504,0.16832418739795685,-0.2531057298183441,-0.04976190999150276,0.9661579728126526,0.9357911944389343,-0.04092046245932579,0.350171834230423,0.060871344059705734,0.9970779418945312,-0.046154413372278214,-0.3472599685192108,0.06450632214546204,0.9355476498603821,0.8687002658843994,0.4355345368385315,0.23594392836093903,-0.4914291799068451,0.8175151944160461,0.30027705430984497,-0.062106698751449585,-0.3768004775047302,0.9242100119590759,0.791057288646698,-0.5424904227256775,-0.28272342681884766,0.36828672885894775,0.7913511395454407,-0.48798391222953796,0.48846009373664856,0.28189995884895325,0.8257960677146912
112,0.28176257014274597,0.3249739408493042,-0.9027745127677917,0.881257951259613,0.2844628095626831,0.37744584679603577,0.37946584820747375,-0.9019272923469543,-0.2062349021434784,0.932978093624115,-0.32715845108032227,-0.15006420016288757,0.3273480236530304,0.944595217704773,-0.02414809912443161,0.14965017139911652,-0.02659357339143753,0.9883813261985779,0.8396111130714417,-0.5242084860801697,0.14233297109603882,0.5240688920021057,0.850662887096405,0.041526537388563156,-0.14284594357013702,0.0397261418402195,0.988947331905365,0.9744751453399658,0.10965932160615921,-0.19589018821716309,-0.10373426973819733,0.9937888383865356,0.04028651863336563,0.19909127056598663,-0.01893768645823002,0.9797979593276978,0.9724961519241333,-0.2301282435655594,-0.03594730421900749,0.2313803732395172,0.972207248210907,0.03572404012084007,0.026727117598056793,-0.04305899143218994,0.9987149834632874,0.8883161544799805,-0.43514639139175415,-0.14677195250988007,0.44357359409332275,0.895771861076355,0.028899917379021645,0.11889850348234177,-0.09077642858028412,0.9887480735778809,0.9338147044181824,-0.07863855361938477,0.3490072786808014,0.07557781040668488,0.9968882203102112,0.022401174530386925,-0.34968286752700806,0.005458660889416933,0.936852216720581,0.9989737868309021,0.0007410955731756985,-0.045285459607839584,-0.0006471521337516606,0.999997615814209,0.002089097863063216,0.04528690129518509,-0.002057647332549095,0.9989718794822693,0.9818151593208313,-0.14834529161453247,-0.11845960468053818,0.15932954847812653,0.9831749796867371,0.08933673053979874,0.103213831782341,-0.1065862700343132,0.9889318943023682,0.9397220611572266,-0.29892367124557495,-0.1660333275794983,0.33008402585983276,0.9197729229927063,0.21227876842021942,0.08925780653953552,-0.254287987947464,0.9630008339881897,0.9607194066047668,-0.10453733056783676,-0.257080078125,0.11571108549833298,0.9928686618804932,0.028683830052614212,0.25224822759628296,-0.057304125279188156,0.9659643173217773,0.9410324692726135,-0.3217155933380127,0.10467541962862015,0.3081352114677429,0.9427698254585266,0.12742729485034943,-0.1396801769733429,-0.08765903860330582,0.9863089323043823,0.8904379606246948,-0.4451925754547119,0.09446615725755692,0.4304623007774353,0.8912562727928162,0.142704039812088,-0.14772433042526245,-0.08640497177839279,0.985247015953064,0.9073672294616699,-0.015616025775671005,0.42004862427711487,0.023280665278434753,0.9996427893638611,-0.013126254081726074,-0.41969358921051025,0.021689344197511673,0.9074066877365112,0.9871639609336853,-0.04345858842134476,-0.15368373692035675,0.03385042026638985,0.9973374009132385,-0.06459342688322067,0.1560816764831543,0.05856204405426979,0.9860066175460815,0.7626104950904846,0.6033617854118347,0.23319466412067413,-0.6365230083465576,0.6357811689376831,0.43660134077072144,0.11516779661178589,-0.4813905656337738,0.86890709400177
113,0.2955511808395386,0.3600548803806305,-0.8848785161972046,0.8786271214485168,0.2611916959285736,0.3997414708137512,0.3750517964363098,-0.8956223130226135,-0.2391584813594818,0.92051762342453,-0.36538854241371155,-0.13834212720394135,0.3650606870651245,0.930542528629303,-0.02865910716354847,0.1392049342393875,-0.02412205934524536,0.9899697303771973,0.8744338750839233,-0.4792634844779968,0.07531196624040604,0.47945305705070496,0.8774081468582153,0.016725949943065643,-0.0740954652428627,0.021482814103364944,0.9970197081565857,0.9803745150566101,0.07674213498830795,-0.18159417808055878,-0.07249755412340164,0.996920108795166,0.0299074724316597,0.18333004415035248,-0.016155390068888664,0.9829186797142029,0.966748833656311,-0.2511672079563141,-0.04808039963245392,0.2530456483364105,0.9667085409164429,0.03797982260584831,0.036940447986125946,-0.048883482813835144,0.9981211423873901,0.9064486622810364,-0.38698163628578186,-0.16910354793071747,0.39540258049964905,0.9183326363563538,0.01794326677918434,0.1483495980501175,-0.08312863111495972,0.9854349493980408,0.9368300437927246,-0.12394098192453384,0.327090322971344,0.11808102577924728,0.99228435754776,0.03779643774032593,-0.32925114035606384,0.003214322030544281,0.9442369341850281,0.998173177242279,0.026336772367358208,-0.054375726729631424,-0.027262067422270775,0.9994946718215942,-0.016345538198947906,0.05391776189208031,0.01779807172715664,0.9983867406845093,0.9837172031402588,-0.1448371708393097,-0.10640820860862732,0.15443509817123413,0.9840514659881592,0.08827543258666992,0.09192559123039246,-0.10327121615409851,0.99039626121521,0.9348313808441162,-0.29596444964408875,-0.19620241224765778,0.33502551913261414,0.9182512760162354,0.21112187206745148,0.11767854541540146,-0.2630961537361145,0.9575657248497009,0.9585866928100586,-0.10240321606397629,-0.26575395464897156,0.11411652714014053,0.9930447936058044,0.028972674161195755,0.26093870401382446,-0.058099739253520966,0.9636054039001465,0.9416061639785767,-0.31710517406463623,0.11323484778404236,0.30278605222702026,0.9445257186889648,0.1272469013929367,-0.14730387926101685,-0.08553053438663483,0.9853862524032593,0.880597710609436,-0.4707670211791992,0.05409324914216995,0.4586944282054901,0.8754872679710388,0.1520572304725647,-0.11894148588180542,-0.10908897966146469,0.9868903160095215,0.936809241771698,-0.015556387603282928,0.34949448704719543,0.021568559110164642,0.9996786713600159,-0.013317051343619823,-0.34917503595352173,0.020013630390167236,0.936843752861023,0.9865553379058838,-0.09978755563497543,-0.12942586839199066,0.08727745711803436,0.9912543892860413,-0.09898187220096588,0.13817110657691956,0.08635513484477997,0.9866364598274231,0.8067110180854797,0.5455600619316101,0.22711578011512756,-0.5883713364601135,0.7056707739830017,0.39477577805519104,0.05510492995381355,-0.45209836959838867,0.8902642726898193
114,0.3118361830711365,0.07179336249828339,-0.9474195837974548,0.9435240626335144,0.0940321758389473,0.3176795542240143,0.11189521104097366,-0.9929771423339844,-0.03841613605618477,0.9725186228752136,0.09483489394187927,-0.21263548731803894,-0.08788485825061798,0.995248019695282,0.041924215853214264,0.21560092270374298,-0.022084642201662064,0.9762318134307861,0.6998815536499023,-0.6811699867248535,0.21487964689731598,0.68007892370224,0.7274686694145203,0.0910051241517067,-0.21830816566944122,0.08244231343269348,0.9723913073539734,0.9885258674621582,0.13175056874752045,-0.07388114184141159,-0.12965379655361176,0.9910261034965515,0.03251337632536888,0.0775017961859703,-0.022561343386769295,0.9967368841171265,0.9882203936576843,0.13164196908473969,-0.07804422825574875,-0.13290169835090637,0.9910665154457092,-0.011150396429002285,0.07587915658950806,0.021391259506344795,0.9968875646591187,0.790462851524353,-0.6058778166770935,0.0898921936750412,0.5916646718978882,0.7932551503181458,0.14380277693271637,-0.15843434631824493,-0.06048472225666046,0.9855151772499084,0.970331609249115,-0.029436562210321426,0.2399793416261673,0.029062876477837563,0.9995645880699158,0.005096764303743839,-0.2400248944759369,0.002028938615694642,0.9707646369934082,0.9933077692985535,-0.07315392047166824,0.08937694132328033,0.06875524669885635,0.9963114261627197,0.051344022154808044,-0.09280328452587128,-0.044855281710624695,0.9946736097335815,0.9945821166038513,-0.05135609209537506,-0.09038253128528595,0.054062459617853165,0.9981517791748047,0.02775292471051216,0.08879020810127258,-0.032488863915205,0.9955203533172607,0.9375759363174438,-0.3255685567855835,-0.1222967877984047,0.34581825137138367,0.9100459814071655,0.22853010892868042,0.036893490701913834,-0.25655677914619446,0.9658247828483582,0.9846020340919495,-0.06687663495540619,-0.16151277720928192,0.07135698199272156,0.9972060918807983,0.02209382690489292,0.15958397090435028,-0.033278688788414,0.9866232872009277,0.9564822316169739,-0.2014409750699997,0.21110010147094727,0.18428771197795868,0.9779534935951233,0.09820922464132309,-0.22622942924499512,-0.05503221973776817,0.9725182056427002,0.940902054309845,-0.30638208985328674,0.1443375200033188,0.2962639629840851,0.951083242893219,0.08756904304027557,-0.1641065776348114,-0.039631884545087814,0.98564612865448,0.9603922367095947,0.08863110095262527,0.26418042182922363,-0.1200505867600441,0.987174391746521,0.10523603856563568,-0.25146493315696716,-0.13278289139270782,0.9587147831916809,0.9708992838859558,0.2323981672525406,-0.05784129351377487,-0.2225295752286911,0.9647085666656494,0.14077648520469666,0.08851619064807892,-0.12380839884281158,0.9883503317832947,0.7941516637802124,0.4935571849346161,0.3545764088630676,-0.6030020713806152,0.7125182747840881,0.35875648260116577,-0.0755753219127655,-0.49871739745140076,0.8634635806083679
115,0.3396982252597809,0.22803433239459991,-0.9124721884727478,0.8893625140190125,0.23776602745056152,0.3905145823955536,0.306005597114563,-0.944175660610199,-0.12203648686408997,0.9539338946342468,-0.24948415160179138,-0.1666366010904312,0.2505747973918915,0.9679841995239258,-0.014792187139391899,0.16499201953411102,-0.027644166722893715,0.9859074354171753,0.860203742980957,-0.49756792187690735,0.11169467866420746,0.49748972058296204,0.8669310212135315,0.03057045117020607,-0.11204245686531067,0.029270140454173088,0.9932722449302673,0.9712784886360168,-0.12855999171733856,-0.2002258449792862,0.12575535476207733,0.9917014241218567,-0.026718148961663246,0.20199914276599884,0.0007712935912422836,0.9793853759765625,0.972532331943512,-0.20022647082805634,-0.11870205402374268,0.20495937764644623,0.9783414006233215,0.028978250920772552,0.11032892763614655,-0.05251138657331467,0.9925069808959961,0.8996164202690125,-0.43576768040657043,-0.02822817862033844,0.4366697371006012,0.8972470760345459,0.0653240755200386,-0.0031384709291160107,-0.07109300047159195,0.9974647760391235,0.9750530123710632,-0.19064760208129883,0.11368872225284576,0.18652352690696716,0.9813743829727173,0.04597070440649986,-0.1203354001045227,-0.02361825294792652,0.9924523234367371,0.9964108467102051,-0.08379857242107391,-0.011969276703894138,0.08439191430807114,0.9944162964820862,0.06335810571908951,0.006593124940991402,-0.06414081156253815,0.9979190826416016,0.9915189146995544,-0.12023384869098663,-0.049336027354002,0.12380112707614899,0.9893089532852173,0.07707822322845459,0.03954116255044937,-0.0825323760509491,0.9958036541938782,0.8802451491355896,-0.28455859422683716,-0.3797299563884735,0.38171955943107605,0.9000082015991211,0.21041719615459442,0.2818840444087982,-0.33016908168792725,0.900849461555481,0.9449281096458435,-0.24896715581417084,-0.21242941915988922,0.26294100284576416,0.9639899134635925,0.0398179329931736,0.19486644864082336,-0.09348148852586746,0.9763648509979248,0.9437588453292847,-0.2966645061969757,0.14597734808921814,0.27949970960617065,0.9516957998275757,0.12710222601890564,-0.17663274705410004,-0.07915323227643967,0.9810889959335327,0.9302941560745239,-0.32795625925064087,0.16430914402008057,0.3159012496471405,0.9439687728881836,0.09554779529571533,-0.1864382028579712,-0.03698208928108215,0.981770396232605,0.9535130262374878,0.25048357248306274,0.16754376888275146,-0.2907199561595917,0.9109748005867004,0.29258638620376587,-0.07934007048606873,-0.32769322395324707,0.9414469003677368,0.948759138584137,-0.26966390013694763,0.1647346019744873,0.2919473350048065,0.9475045800209045,-0.1303911954164505,-0.12092499434947968,0.17180366814136505,0.9776812791824341,0.9459648728370667,0.29526233673095703,-0.13405446708202362,-0.2648647725582123,0.9420506954193115,0.20588144659996033,0.18707513809204102,-0.15925030410289764,0.9693514704704285
116,0.37713369727134705,0.19167417287826538,-0.9061077237129211,0.8967854380607605,0.16886553168296814,0.4089747369289398,0.2314002513885498,-0.9668223261833191,-0.10820572078227997,0.9480250477790833,-0.2735297679901123,-0.16257289052009583,0.27438247203826904,0.9614590406417847,-0.01763017661869526,0.16112954914569855,-0.027893302962183952,0.9865390062332153,0.9379675984382629,-0.34015053510665894,0.06718891113996506,0.3401760756969452,0.940292477607727,0.01141336653381586,-0.06705949455499649,0.012150691822171211,0.9976750016212463,0.9541235566139221,-0.17095425724983215,-0.2458106279373169,0.16643550992012024,0.9852727055549622,-0.03920304775238037,0.24889244139194489,-0.003507068147882819,0.9685247540473938,0.9482523798942566,-0.20921580493450165,-0.23884335160255432,0.22140321135520935,0.9748598337173462,0.025079434737563133,0.22759176790714264,-0.0766623243689537,0.970734179019928,0.9406499266624451,-0.31936922669410706,0.11480840295553207,0.3120177090167999,0.9469003081321716,0.07761950045824051,-0.13350138068199158,-0.037190522998571396,0.9903505444526672,0.969505250453949,-0.13339455425739288,0.20558567345142365,0.12882483005523682,0.9910311102867126,0.03551710769534111,-0.20847958326339722,-0.007949484512209892,0.9779943823814392,0.9922984838485718,-0.08577370643615723,-0.08936741948127747,0.09201151132583618,0.9934207201004028,0.06818494200706482,0.08293096721172333,-0.07588264346122742,0.9936620593070984,0.9932979345321655,-0.06082877144217491,-0.0982808843255043,0.06442146003246307,0.9973501563072205,0.03380224481225014,0.09596430510282516,-0.03990709409117699,0.9945845007896423,0.9186955690383911,-0.36109256744384766,-0.1600332260131836,0.39180687069892883,0.884333610534668,0.2538531720638275,0.04985826089978218,-0.2959159016609192,0.9539119005203247,0.9457975625991821,-0.23481635749340057,-0.22433948516845703,0.24918951094150543,0.9677227139472961,0.03764702379703522,0.20825828611850739,-0.09150950610637665,0.9737836122512817,0.9868053793907166,-0.14017336070537567,0.08103442937135696,0.1359453648328781,0.9891574382781982,0.05555542930960655,-0.08794320374727249,-0.04380614310503006,0.9951618313789368,0.8484145402908325,-0.5264508128166199,0.05515693873167038,0.511158287525177,0.8418951630592346,0.17300228774547577,-0.13751356303691864,-0.11858373135328293,0.9833757877349854,0.8958088755607605,0.18164268136024475,0.40562599897384644,-0.2902430295944214,0.9302687644958496,0.2244081050157547,-0.3365791141986847,-0.3187568783760071,0.8860635161399841,0.9738717675209045,-0.21124392747879028,-0.08336547017097473,0.19531741738319397,0.9663975238800049,-0.16711346805095673,0.11586589366197586,0.14646436274051666,0.9824068546295166,0.9162002801895142,0.39622578024864197,-0.05985087528824806,-0.364747554063797,0.8864478468894958,0.28490254282951355,0.16594040393829346,-0.23919732868671417,0.9566861391067505
117,0.37844452261924744,0.17279164493083954,-0.9093529582023621,0.9100475311279297,0.11001359671354294,0.39963793754577637,0.16909529268741608,-0.9787952303886414,-0.11561457067728043,0.9675899147987366,-0.21070855855941772,-0.13918231427669525,0.2115672528743744,0.9773241281509399,-0.008767053484916687,0.13787353038787842,-0.020963508635759354,0.9902279376983643,0.9252426624298096,-0.3742009997367859,0.06244715303182602,0.374248206615448,0.9272587299346924,0.011381551623344421,-0.06216365471482277,0.012840038165450096,0.9979833960533142,0.9584158062934875,-0.19110320508480072,-0.2119402438402176,0.18610996007919312,0.9815675020217896,-0.04345544055104256,0.2163381278514862,0.0022041895426809788,0.9763160347938538,0.9656064510345459,-0.16934172809123993,-0.1973007470369339,0.17753185331821442,0.98381108045578,0.024458274245262146,0.18996484577655792,-0.05864423140883446,0.9800378680229187,0.9627104997634888,-0.2600202262401581,0.07468584924936295,0.25624439120292664,0.9649593234062195,0.05650052800774574,-0.08676008880138397,-0.03525582328438759,0.9956051707267761,0.956902027130127,-0.20197582244873047,0.20867271721363068,0.19439536333084106,0.9792982935905457,0.05643892288208008,-0.21575213968753815,-0.013441508635878563,0.9763556718826294,0.9925583004951477,-0.10157947242259979,-0.06715379655361176,0.10677672922611237,0.9911429286003113,0.07895836979150772,0.05853845924139023,-0.0855412483215332,0.9946134686470032,0.9934187531471252,-0.040758393704891205,-0.10704146325588226,0.04314518719911575,0.9988670945167542,0.020076563581824303,0.10610190778970718,-0.024562759324908257,0.9940518140792847,0.9280850887298584,-0.3508990705013275,-0.12461084872484207,0.37155285477638245,0.8947933316230774,0.24757495522499084,0.02462713047862053,-0.27607014775276184,0.9608219265937805,0.9572060704231262,-0.17134124040603638,-0.2332354336977005,0.18391694128513336,0.9823838472366333,0.033114828169345856,0.22345277667045593,-0.07459366321563721,0.9718562960624695,0.9732553958892822,-0.19813837110996246,0.11625450849533081,0.18936532735824585,0.9784514307975769,0.08230169862508774,-0.13005651533603668,-0.05808600038290024,0.989803671836853,0.8692461848258972,-0.4920777380466461,0.04765045642852783,0.47959378361701965,0.8627191185951233,0.16032953560352325,-0.12000355124473572,-0.1165129765868187,0.9859127402305603,0.8993971347808838,0.1548307240009308,0.40879368782043457,-0.2509761154651642,0.9485772252082825,0.19290484488010406,-0.3579047620296478,-0.27609550952911377,0.8920063972473145,0.9862940907478333,-0.11387551575899124,-0.11940006911754608,0.1013040840625763,0.9891329407691956,-0.10655277222394943,0.13023629784584045,0.09299665689468384,0.9871119856834412,0.9480915665626526,0.31281813979148865,0.057159606367349625,-0.3174295723438263,0.9202459454536438,0.22887957096099854,0.01899678260087967,-0.23514293134212494,0.9717751145362854
118,0.33247509598731995,0.27338892221450806,-0.9026177525520325,0.8890092968940735,0.22864602506160736,0.39671581983566284,0.3148376941680908,-0.9343336820602417,-0.16702619194984436,0.8774778246879578,-0.425089567899704,-0.2221069484949112,0.42615142464637756,0.9035012722015381,-0.0456111840903759,0.2200627475976944,-0.05462838336825371,0.9739549160003662,0.9312580823898315,-0.3442052900791168,0.11950334906578064,0.3439537286758423,0.9386954307556152,0.02338222600519657,-0.12022553384304047,0.019328733906149864,0.9925584197044373,0.984763503074646,-0.14464592933654785,-0.09653197973966599,0.14261901378631592,0.9893923997879028,-0.027613459154963493,0.09950218349695206,0.013425430282950401,0.9949467778205872,0.9027544260025024,-0.39370566606521606,-0.17329242825508118,0.4062618613243103,0.9127593636512756,0.04268014803528786,0.14137086272239685,-0.10893179476261139,0.9839451909065247,0.9752105474472046,-0.19247841835021973,0.10916271805763245,0.18828383088111877,0.980959951877594,0.047610096633434296,-0.11624817550182343,-0.02587629109621048,0.9928830862045288,0.9675420522689819,-0.22600969672203064,0.11305738985538483,0.22104522585868835,0.9737206697463989,0.05483715236186981,-0.12248004227876663,-0.028066452592611313,0.9920740723609924,0.988774836063385,-0.13342301547527313,-0.06725065410137177,0.13985520601272583,0.9848716259002686,0.10231506079435349,0.05258208140730858,-0.11057190597057343,0.9924761652946472,0.9971773624420166,-0.010808455757796764,-0.07429979741573334,0.011046561412513256,0.9999350905418396,0.0027944454923272133,0.0742647722363472,-0.003607315244153142,0.9972320199012756,0.8850558400154114,-0.40243420004844666,-0.2339291125535965,0.457805335521698,0.8434593677520752,0.2810526192188263,0.08420450985431671,-0.3558412790298462,0.9307451844215393,0.9041724801063538,-0.3534930944442749,-0.23982231318950653,0.37390097975730896,0.9264170527458191,0.04415331035852432,0.20656758546829224,-0.12959200143814087,0.9698122143745422,0.9757549166679382,-0.18408674001693726,0.11838266998529434,0.1758441925048828,0.9814215302467346,0.07674996554851532,-0.13031195104122162,-0.054072245955467224,0.9899974465370178,0.8933294415473938,-0.43790167570114136,-0.10101824998855591,0.44854626059532166,0.8826783299446106,0.14030393958091736,0.027727294713258743,-0.170648992061615,0.9849416613578796,0.9182465672492981,0.21872302889823914,0.3301265239715576,-0.312486469745636,0.9122811555862427,0.2647552490234375,-0.24326014518737793,-0.34627068042755127,0.906046986579895,0.9433911442756653,-0.31162747740745544,-0.11358456313610077,0.27614644169807434,0.927635669708252,-0.2514660358428955,0.18372881412506104,0.20586486160755157,0.9611781239509583,0.9220609664916992,0.3801814317703247,0.07256484776735306,-0.38473886251449585,0.8798802495002747,0.27890273928642273,0.04218526557087898,-0.2850838303565979,0.9575738310813904
119,0.4213481843471527,0.17228913307189941,-0.8903831839561462,0.8954929113388062,0.07618197053670883,0.43850743770599365,0.14338120818138123,-0.9820961356163025,-0.12218455970287323,0.9057583212852478,-0.27817943692207336,-0.3197156488895416,0.2857919931411743,0.9579940438270569,-0.023883016780018806,0.3129294514656067,-0.069739930331707,0.9472125172615051,0.8962906002998352,-0.31083372235298157,0.3162998557090759,0.3059549331665039,0.949731707572937,0.06634245067834854,-0.3210214674472809,0.037311382591724396,0.9463366866111755,0.9218648672103882,-0.22796966135501862,-0.31336089968681335,0.21952764689922333,0.9736038446426392,-0.0624753013253212,0.3193318545818329,-0.011197599582374096,0.9475768208503723,0.937939465045929,-0.24432353675365448,-0.24612106382846832,0.25829264521598816,0.9657261371612549,0.025650905445218086,0.2314184159040451,-0.0876302570104599,0.9688996076583862,0.9626621603965759,-0.21142491698265076,0.1690593659877777,0.2036934345960617,0.9770670533180237,0.06203949451446533,-0.17829903960227966,-0.02528678998351097,0.9836513996124268,0.9491280913352966,-0.24531957507133484,0.19741889834403992,0.2361433207988739,0.9692562222480774,0.06912843137979507,-0.20830805599689484,-0.018992582336068153,0.9778788685798645,0.9954524636268616,-0.09249525517225266,-0.022782018408179283,0.09388545900583267,0.9930974841117859,0.07030577212572098,0.016121815890073776,-0.07212495803833008,0.9972652792930603,0.996030867099762,-0.06408388912677765,-0.061771687120199203,0.06654489785432816,0.9970349669456482,0.0386405885219574,0.059112291783094406,-0.04259780794382095,0.997342050075531,0.8927194476127625,-0.4114718735218048,0.18369236588478088,0.35271039605140686,0.89177006483078,0.2834458649158478,-0.2804413437843323,-0.1882474273443222,0.9412308931350708,0.9461427330970764,-0.23467756807804108,-0.2230255901813507,0.2487611472606659,0.9678619503974915,0.0368928499519825,0.2072000652551651,-0.09038600325584412,0.9741142392158508,0.9768279194831848,-0.21009089052677155,0.04085430130362511,0.20668262243270874,0.97553950548172,0.07486620545387268,-0.05558369308710098,-0.06468752026557922,0.9963563680648804,0.8705928325653076,-0.4853484034538269,0.0806540921330452,0.4695621728897095,0.8685870170593262,0.15832877159118652,-0.14689971506595612,-0.09996778517961502,0.9840868711471558,0.9985021948814392,-0.005809860769659281,0.05440262332558632,0.006201086565852165,0.9999560713768005,-0.007025264203548431,-0.054359421133995056,0.00735209695994854,0.9984943866729736,0.9662522077560425,0.1737150400876999,0.19020976126194,-0.20325331389904022,0.9677746295928955,0.14866197109222412,-0.15825536847114563,-0.1823057234287262,0.9704225063323975,0.9634947180747986,0.2466537058353424,-0.10411478579044342,-0.2271520346403122,0.9589563012123108,0.16971969604492188,0.1417035162448883,-0.1398741453886032,0.9799771904945374
120,0.42319729924201965,0.11029741913080215,-0.899298906326294,0.8861234188079834,0.1565714180469513,0.4362002909183502,0.18891628086566925,-0.9814885854721069,-0.031476523727178574,0.8902846574783325,-0.34607765078544617,-0.29601266980171204,0.3509320616722107,0.9356134533882141,-0.038395240902900696,0.29024115204811096,-0.06969764083623886,0.954412043094635,0.9160301685333252,-0.24042215943336487,0.32106998562812805,0.2352886199951172,0.9703498482704163,0.05532166361808777,-0.32485076785087585,0.02486780285835266,0.9454383254051208,0.9278494119644165,-0.306496262550354,-0.21249818801879883,0.29652637243270874,0.9518247842788696,-0.07811332494020462,0.22620247304439545,0.009466090239584446,0.974034309387207,0.9106437563896179,-0.31751692295074463,-0.26440680027008057,0.33599263429641724,0.9414891600608826,0.026591015979647636,0.240493044257164,-0.11305367946624756,0.9640445709228516,0.8951030969619751,-0.3157845735549927,0.3147546648979187,0.2922824025154114,0.9486967325210571,0.1206047460436821,-0.33669182658195496,-0.01595643348991871,0.9414796829223633,0.9800088405609131,-0.1944352388381958,-0.042162422090768814,0.19594183564186096,0.979986310005188,0.035122573375701904,0.03448953106999397,-0.04268181324005127,0.9984932541847229,0.9861570596694946,-0.15480591356754303,-0.059408485889434814,0.16091714799404144,0.9799274206161499,0.11767730116844177,0.0399988628923893,-0.1256081461906433,0.9912732839584351,0.9916472434997559,-0.11635376513004303,-0.05565577745437622,0.12031480669975281,0.9899673461914062,0.07408782094717026,0.04647700861096382,-0.08016519248485565,0.9956974387168884,0.9195690751075745,-0.38715606927871704,0.0671033188700676,0.35753926634788513,0.8952861428260803,0.26576003432273865,-0.1629672795534134,-0.220392644405365,0.961700975894928,0.9066002368927002,-0.23548074066638947,-0.3501783311367035,0.26238417625427246,0.9644739031791687,0.030734386295080185,0.3305005133152008,-0.11974504590034485,0.9361786842346191,0.9454266428947449,-0.2607470750808716,0.19539546966552734,0.24045203626155853,0.9630067944526672,0.12165812402963638,-0.21988916397094727,-0.06803559511899948,0.9731494784355164,0.7922685742378235,-0.5938891172409058,-0.1400221884250641,0.6101720929145813,0.7708619236946106,0.18292604386806488,-0.0007000116165727377,-0.23036418855190277,0.9731042385101318,0.975594162940979,0.15067115426063538,0.15973182022571564,-0.17848747968673706,0.9678557515144348,0.17719319462776184,-0.12789946794509888,-0.20137877762317657,0.9711273312568665,0.9958709478378296,-0.08545469492673874,-0.030636321753263474,0.08332981169223785,0.9944016337394714,-0.06497350335121155,0.036017097532749176,0.062152303755283356,0.997416615486145,0.9317994117736816,0.3105347454547882,-0.1879308670759201,-0.26996055245399475,0.9390000700950623,0.2130732536315918,0.24263374507427216,-0.14780761301517487,0.9587918519973755
121,0.43165507912635803,0.18226662278175354,-0.8834323883056641,0.8678919672966003,0.18299800157546997,0.46181735396385193,0.24584025144577026,-0.9660696983337402,-0.07919572293758392,0.8544971942901611,-0.41636866331100464,-0.31059888005256653,0.42068973183631897,0.9054487943649292,-0.0564146414399147,0.3047206699848175,-0.08245960623025894,0.9488654732704163,0.9158962965011597,-0.2606106698513031,0.30531296133995056,0.2558636963367462,0.965076744556427,0.05621996521949768,-0.3093019425868988,0.026626840233802795,0.9505910277366638,0.9347902536392212,-0.291572630405426,-0.20286089181900024,0.28238147497177124,0.9564801454544067,-0.07352813333272934,0.21547120809555054,0.011449224315583706,0.9764430522918701,0.9110482335090637,-0.3566136658191681,-0.206924706697464,0.3710789978504181,0.9279585480690002,0.034544751048088074,0.1796984076499939,-0.10825734585523605,0.9777467846870422,0.8819206953048706,-0.4650152325630188,-0.07730915397405624,0.46949663758277893,0.8811852931976318,0.0555463507771492,0.04229378700256348,-0.08528386801481247,0.9954586625099182,0.9279081225395203,-0.12333611398935318,0.3518163859844208,0.11657814681529999,0.9923587441444397,0.040418434888124466,-0.3541131019592285,0.0035095103085041046,0.935196042060852,0.9956229329109192,-0.08782075345516205,-0.03197667375206947,0.08980338275432587,0.9937031269073486,0.0670032873749733,0.02589103952050209,-0.06958162784576416,0.9972402453422546,0.9362926483154297,-0.3029930293560028,-0.17762698233127594,0.33381685614585876,0.9249287247657776,0.18186035752296448,0.10918987542390823,-0.22956939041614532,0.9671481251716614,0.9634088277816772,-0.21784467995166779,0.1561637967824936,0.1967080533504486,0.9703948497772217,0.14014190435409546,-0.18206971883773804,-0.1042952612042427,0.9777387976646423,0.9108198881149292,-0.24705421924591064,-0.3307134509086609,0.2725914716720581,0.9615838527679443,0.0324099063873291,0.3100017011165619,-0.11966925859451294,0.9431745409965515,0.9478657245635986,-0.2694627344608307,0.17011888325214386,0.251396119594574,0.9603598117828369,0.12045355886220932,-0.19583307206630707,-0.07140657305717468,0.9780340194702148,0.7160809636116028,-0.6266060471534729,-0.3075595498085022,0.6894024610519409,0.7038998603820801,0.1710241287946701,0.10932636260986328,-0.33449944853782654,0.9360330700874329,0.9836540818214417,0.13218727707862854,0.12227513641119003,-0.15042683482170105,0.9764755368232727,0.15449035167694092,-0.09897702187299728,-0.17035852372646332,0.9803986549377441,0.9768889546394348,0.1514497697353363,-0.15083420276641846,-0.14200696349143982,0.9872738718986511,0.07158428430557251,0.15975609421730042,-0.048510391265153885,0.9859638810157776,0.9833055138587952,-0.05253547802567482,0.17421342432498932,0.05468645691871643,0.9984748959541321,-0.007566210348159075,-0.17355023324489594,0.016967009752988815,0.9846788644790649
122,0.42605581879615784,0.1948392689228058,-0.8834670782089233,0.8565926551818848,0.227310910820961,0.4632264971733093,0.2910764217376709,-0.9541317820549011,-0.07005074620246887,0.8439557552337646,-0.42293936014175415,-0.32994088530540466,0.4279957115650177,0.9017128348350525,-0.061103057116270065,0.3233548402786255,-0.08964501321315765,0.9420219659805298,0.9109190702438354,-0.2852703332901001,0.2980726957321167,0.2805803716182709,0.9579917788505554,0.05938363075256348,-0.30249157547950745,0.029539667069911957,0.9526941776275635,0.9522392749786377,-0.2701725363731384,-0.14229236543178558,0.2637663781642914,0.9625616073608398,-0.06246986612677574,0.15384280681610107,0.02195431850850582,0.9878513813018799,0.9026659727096558,-0.37999334931373596,-0.20198804140090942,0.39467403292655945,0.9180925488471985,0.036585062742233276,0.17154163122177124,-0.11274352669715881,0.9787044525146484,0.8757705092430115,-0.46712526679039,0.12173748016357422,0.454662024974823,0.8829289674758911,0.11712770164012909,-0.16219885647296906,-0.04722757264971733,0.9856272339820862,0.9859226942062378,-0.15948186814785004,0.05021875724196434,0.15788139402866364,0.9868589043617249,0.03439438343048096,-0.055044107139110565,-0.0259815976023674,0.9981458187103271,0.9924560785293579,-0.11787711083889008,-0.03370293974876404,0.12045686691999435,0.9887169599533081,0.08904418349266052,0.02282639965415001,-0.09243219345808029,0.9954572916030884,0.9243714809417725,-0.33331578969955444,-0.18557453155517578,0.3675779402256012,0.9083591103553772,0.19942456483840942,0.10209695249795914,-0.2525554895401001,0.9621807932853699,0.9587492346763611,-0.21071158349514008,0.1907893717288971,0.18745408952236176,0.9732438325881958,0.1328810602426529,-0.21368415653705597,-0.09163536131381989,0.9725955128669739,0.8985365629196167,-0.28806746006011963,-0.3311331272125244,0.31621184945106506,0.9481058120727539,0.033247847110033035,0.3043716251850128,-0.13458262383937836,0.9429981112480164,0.9382529854774475,-0.28171801567077637,0.20078922808170319,0.25911617279052734,0.9568281769752502,0.1316763311624527,-0.22921638190746307,-0.07151796668767929,0.9707445502281189,0.7322486639022827,-0.6188115477561951,-0.2844013571739197,0.6739301085472107,0.718573808670044,0.17166802287101746,0.09813319891691208,-0.31737029552459717,0.9432104825973511,0.9859516620635986,0.16183783113956451,0.04132596775889397,-0.16676250100135803,0.9677830934524536,0.18864284455776215,-0.009465022943913937,-0.19288435578346252,0.9811758399009705,0.9949905276298523,0.07084717601537704,-0.0705304816365242,-0.06875870376825333,0.9971323013305664,0.03161395341157913,0.07256797701120377,-0.0266059972345829,0.9970085024833679,0.9869952201843262,-0.013755499385297298,0.16016006469726562,0.011249341070652008,0.9997998476028442,0.016544077545404434,-0.1603555828332901,-0.014527229592204094,0.9869524240493774
123,0.42542701959609985,0.06542591750621796,-0.9026246666908264,0.895457923412323,0.11396703869104385,0.4303099811077118,0.1310228854417801,-0.9913278818130493,-0.010101496241986752,0.9216323494911194,-0.30652567744255066,-0.23798270523548126,0.3093233108520508,0.9505887031555176,-0.026461826637387276,0.23433490097522736,-0.04922552406787872,0.9709088802337646,0.9214368462562561,-0.24160796403884888,0.3042692244052887,0.23724040389060974,0.9700667262077332,0.0518416166305542,-0.30768680572509766,0.024416178464889526,0.9511743783950806,0.9546237587928772,-0.22492991387844086,-0.19519218802452087,0.21864435076713562,0.9743391275405884,-0.053459737449884415,0.20220807194709778,0.008356267586350441,0.9793069362640381,0.9721499681472778,-0.21599934995174408,-0.09093234688043594,0.2195616364479065,0.9751038551330566,0.031067630276083946,0.08195789158344269,-0.05016764998435974,0.9953723549842834,0.8945736289024353,-0.44311800599098206,0.058176279067993164,0.43731018900871277,0.8947389125823975,0.09056547284126282,-0.09218376874923706,-0.05557640269398689,0.9941898584365845,0.9828170537948608,-0.15141630172729492,0.10556413978338242,0.148453027009964,0.9882845282554626,0.03543082997202873,-0.10969220846891403,-0.01915070414543152,0.9937810897827148,0.9960957765579224,-0.08766889572143555,-0.010361270979046822,0.08816520124673843,0.9938942790031433,0.06634022295475006,0.004482033662497997,-0.06699471920728683,0.9977432489395142,0.9781684279441833,-0.17941401898860931,-0.10486744344234467,0.19075018167495728,0.9754026532173157,0.11047177761793137,0.08246780186891556,-0.12806348502635956,0.9883313179016113,0.9279119968414307,-0.33589276671409607,0.16172635555267334,0.2963767945766449,0.9278175830841064,0.22652877867221832,-0.22614194452762604,-0.1622668355703354,0.9604839086532593,0.9366607666015625,-0.19277465343475342,-0.29241153597831726,0.2110396772623062,0.9769554138183594,0.031942471861839294,0.2795153558254242,-0.09162969887256622,0.9557589292526245,0.949876070022583,-0.2620934247970581,0.17041856050491333,0.24467170238494873,0.9625668525695801,0.11662259697914124,-0.1946052759885788,-0.0690804123878479,0.9784460663795471,0.8173812627792358,-0.5733827352523804,-0.055858064442873,0.5729479193687439,0.7989587187767029,0.1827445924282074,-0.06015430763363838,-0.18137577176094055,0.9815723299980164,0.9586485028266907,0.10379155725240707,0.26499122381210327,-0.14053058624267578,0.9823265671730042,0.12363516539335251,-0.24747563898563385,-0.15576203167438507,0.9562917947769165,0.9670377373695374,0.1357506364583969,-0.21542930603027344,-0.127798393368721,0.9905141592025757,0.050490155816078186,0.22023984789848328,-0.02129436656832695,0.9752132892608643,0.9976496696472168,-0.006246914155781269,-0.06823591887950897,0.005250264890491962,0.9998770356178284,-0.014775524847209454,0.06831982731819153,0.014382541179656982,0.9975597858428955
124,0.4228536784648895,0.061995770782232285,-0.9040748476982117,0.8787021636962891,0.21584157645702362,0.42578744888305664,0.22153395414352417,-0.9744582772254944,0.03679358586668968,0.9289181232452393,-0.30501824617385864,-0.2099403738975525,0.30667322874069214,0.9514745473861694,-0.025449035689234734,0.20751535892486572,-0.04074302315711975,0.9773828983306885,0.9107100367546082,-0.28599900007247925,0.2980130910873413,0.28187060356140137,0.957714319229126,0.05772552639245987,-0.3019208610057831,0.03142991289496422,0.9528147578239441,0.9003362059593201,-0.38650578260421753,-0.20002010464668274,0.37330198287963867,0.9221345782279968,-0.10155513137578964,0.22369711101055145,0.016765855252742767,0.9745144844055176,0.9564811587333679,-0.27921560406684875,-0.08474946022033691,0.28320834040641785,0.9582564234733582,0.039213087409734726,0.07026281207799911,-0.06150833144783974,0.9956303834915161,0.8696431517601013,-0.47718316316604614,0.12655819952487946,0.46434932947158813,0.877686619758606,0.11851521581411362,-0.16763190925121307,-0.04429873079061508,0.9848538637161255,0.9864004850387573,-0.16434669494628906,-0.002059607533738017,0.16432946920394897,0.9859021902084351,0.031507786363363266,-0.003147629089653492,-0.03141774982213974,0.9995014071464539,0.9698597192764282,-0.22353005409240723,-0.09698685258626938,0.23737198114395142,0.9566153287887573,0.1689428985118866,0.05501529201865196,-0.18687286972999573,0.9808424115180969,0.9869436025619507,-0.1341247707605362,-0.08917893469333649,0.1414770781993866,0.9865418076515198,0.08197230845689774,0.0769842341542244,-0.09351881593465805,0.9926367402076721,0.9020259380340576,-0.37179622054100037,0.2193552702665329,0.31619155406951904,0.9149904251098633,0.2506299912929535,-0.2938912510871887,-0.1567164659500122,0.9429039359092712,0.9111399054527283,-0.27755847573280334,-0.3046068847179413,0.3016781210899353,0.9527966380119324,0.03418898209929466,0.2807389497756958,-0.12304417788982391,0.9518643617630005,0.9322319626808167,-0.32165858149528503,0.16576898097991943,0.3004068434238434,0.9433258175849915,0.14103956520557404,-0.20174074172973633,-0.0816834568977356,0.9760268926620483,0.8596817851066589,-0.5011123418807983,-0.09916476905345917,0.5108083486557007,0.8450784683227539,0.15785177052021027,0.0047005340456962585,-0.18635648488998413,0.9824709296226501,0.9419061541557312,0.16564683616161346,0.29218819737434387,-0.2290104627609253,0.9530906677246094,0.1979200392961502,-0.2456970065832138,-0.25333625078201294,0.9356568455696106,0.9906095266342163,0.031156638637185097,-0.133123978972435,-0.03253059461712837,0.9994374513626099,-0.00815784465521574,0.13279491662979126,0.012411840260028839,0.9910658001899719,0.9900627136230469,-0.04328509047627449,-0.13379932940006256,0.03639734163880348,0.9979041218757629,-0.053503405302762985,0.13583481311798096,0.04810178652405739,0.9895631074905396
125,0.42754238843917847,-0.07454050332307816,-0.9009168744087219,0.9012736678123474,0.11242283135652542,0.4184100031852722,0.07009512931108475,-0.990860641002655,0.11524692177772522,0.961043119430542,-0.1717289835214615,-0.21657615900039673,0.17516669631004333,0.9845330119132996,-0.0033711378928273916,0.21380528807640076,-0.034697119146585464,0.9762598872184753,0.8649985790252686,-0.33405396342277527,0.3744134306907654,0.32679513096809387,0.9412804841995239,0.08482910692691803,-0.38076555728912354,0.04897942766547203,0.9233735203742981,0.9271543025970459,-0.26109251379966736,-0.26872962713241577,0.2511586546897888,0.9653128385543823,-0.07134723663330078,0.2780363857746124,-0.0013438691385090351,0.9605696201324463,0.9741503000259399,-0.20319578051567078,-0.09870507568120956,0.20692352950572968,0.9779267311096191,0.029015973210334778,0.0906304121017456,-0.048690322786569595,0.9946936368942261,0.9066912531852722,-0.38271576166152954,0.17731226980686188,0.36869239807128906,0.9233062267303467,0.10757116228342056,-0.20488271117210388,-0.03216014429926872,0.9782580733299255,0.9862922430038452,-0.16032692790031433,0.039024412631988525,0.15907220542430878,0.9867019653320312,0.03339511156082153,-0.04385960102081299,-0.026729641482234,0.998680055141449,0.9731435775756836,-0.228068545460701,0.031246745958924294,0.2195558398962021,0.9603565335273743,0.171786367893219,-0.06918708235025406,-0.16031239926815033,0.9846385717391968,0.9806467294692993,-0.1134384498000145,-0.15957356989383698,0.12445104867219925,0.9903630614280701,0.06076988950371742,0.15114213526248932,-0.07945289462804794,0.9853138327598572,0.9194329380989075,-0.3211921751499176,0.22688902914524078,0.27537447214126587,0.9377578496932983,0.21161068975925446,-0.28073468804359436,-0.13208238780498505,0.950653612613678,0.9284039735794067,-0.2627851366996765,-0.26269760727882385,0.2817545235157013,0.9587863683700562,0.03664745017886162,0.24224048852920532,-0.10803987830877304,0.9641820192337036,0.9574797749519348,-0.22117415070533752,0.18524169921875,0.2049560546875,0.9733589887619019,0.10278770327568054,-0.20304065942764282,-0.06045074015855789,0.9773024916648865,0.8580847978591919,-0.5134285688400269,-0.009033857844769955,0.507723867893219,0.8456549644470215,0.16457268595695496,-0.07685679197311401,-0.1458040177822113,0.9863235950469971,0.9528211355209351,0.15756277740001678,0.2594337463378906,-0.2095295637845993,0.9598321318626404,0.18660014867782593,-0.21961162984371185,-0.23215559124946594,0.9475623965263367,0.9828087091445923,0.061976026743650436,-0.17391391098499298,-0.061955127865076065,0.9980635046958923,0.0055543058551847935,0.1739213615655899,0.005316039081662893,0.9847452044487,0.9988167881965637,0.04333164915442467,-0.022076180204749107,-0.04270302504301071,0.9986899495124817,0.028192492201924324,0.023268887773156166,-0.027216413989663124,0.9993587136268616
126,0.42104485630989075,0.11360867321491241,-0.8998968005180359,0.8682537078857422,0.2365390807390213,0.4361018240451813,0.26240572333335876,-0.9649571776390076,0.0009524173801764846,0.9342679977416992,-0.26103314757347107,-0.24290937185287476,0.2643909156322479,0.9642229676246643,-0.019275441765785217,0.2392503172159195,-0.046214599162340164,0.9698574542999268,0.8310116529464722,-0.525647759437561,0.18197272717952728,0.5243188738822937,0.8494521379470825,0.05933599919080734,-0.18576696515083313,0.04610283300280571,0.981511652469635,-0.15079213678836823,-0.1990622580051422,-0.9683160185813904,0.20675748586654663,0.9515025019645691,-0.22780334949493408,0.9667021632194519,-0.23455753922462463,-0.10232149064540863,0.9242392778396606,-0.3224954605102539,-0.20439787209033966,0.3357284665107727,0.9413883090019226,0.03277909383177757,0.18184666335582733,-0.09891790896654129,0.978338897228241,0.8564913868904114,-0.4888564348220825,0.16565601527690887,0.47084841132164,0.871465265750885,0.1372954547405243,-0.2114812433719635,-0.03959350287914276,0.9765797853469849,0.9916843771934509,-0.12201257795095444,0.04092646762728691,0.12102177739143372,0.9923124313354492,0.025880269706249237,-0.043769560754299164,-0.02071206644177437,0.9988269209861755,0.9751370549201965,-0.2140880674123764,0.057219404727220535,0.20263150334358215,0.965950608253479,0.1608724147081375,-0.0897119864821434,-0.145278200507164,0.985315203666687,0.974164605140686,-0.08366833627223969,-0.20976881682872772,0.09358585625886917,0.9948937892913818,0.03778882324695587,0.20553597807884216,-0.05644392967224121,0.9770205020904541,0.8485305905342102,-0.49032047390937805,0.19895154237747192,0.4090617895126343,0.8463340401649475,0.34115564823150635,-0.3356550633907318,-0.20809751749038696,0.9187116622924805,0.9149152636528015,-0.31741631031036377,-0.24935314059257507,0.33723965287208557,0.9405651092529297,0.04008368030190468,0.22180965542793274,-0.12076494097709656,0.9675827026367188,0.9464578032493591,-0.3182300925254822,0.05428832769393921,0.3105185329914093,0.9433994293212891,0.11651502549648285,-0.08829416334629059,-0.09341902285814285,0.9917041063308716,0.8416894674301147,-0.5232268571853638,-0.13338857889175415,0.5393466949462891,0.8264625668525696,0.1614457666873932,0.025767913088202477,-0.20782989263534546,0.9778255224227905,0.9600051045417786,0.22427263855934143,0.16760677099227905,-0.26298126578330994,0.9277180433273315,0.26491519808769226,-0.09607859700918198,-0.29839739203453064,0.9495935440063477,0.9974147081375122,0.05534651130437851,-0.04583264887332916,-0.05418062582612038,0.9981846809387207,0.026301899924874306,0.04720516502857208,-0.023750660941004753,0.9986028075218201,0.936114490032196,-0.0251219030469656,-0.35079696774482727,0.0018325134878978133,0.997780442237854,-0.06656471639871597,0.3516905605792999,0.06166935712099075,0.9340827465057373
127,0.388983815908432,0.2203361839056015,-0.8945074677467346,0.8811277151107788,0.19443021714687347,0.43105781078338623,0.2688969075679779,-0.955849826335907,-0.11851410567760468,0.9170331358909607,-0.36228662729263306,-0.1667293757200241,0.362100750207901,0.9315685033798218,-0.032606370747089386,0.1671326756477356,-0.03047170862555504,0.9854634404182434,0.9159366488456726,-0.3756586015224457,0.14121133089065552,0.37504521012306213,0.9264553785324097,0.03196107968688011,-0.1428324580192566,0.023686308413743973,0.9894633889198303,-0.22502650320529938,-0.21007589995861053,-0.9514364004135132,0.22084851562976837,0.9400692582130432,-0.2597994804382324,0.9489936828613281,-0.26858508586883545,-0.16514554619789124,0.9193452596664429,-0.36102479696273804,-0.1564140021800995,0.37127038836479187,0.9276131391525269,0.04113651439547539,0.13024036586284637,-0.09589054435491562,0.9868345856666565,0.9580283761024475,-0.2866632044315338,-0.0024214345030486584,0.28646624088287354,0.9569807648658752,0.046097055077552795,-0.010897062718868256,-0.04485594481229782,0.9989340305328369,0.7818332314491272,-0.27776357531547546,0.5581972599029541,0.25031453371047974,0.9597983360290527,0.12700314819812775,-0.5710336565971375,0.040429599583148956,0.8199304938316345,0.9954066872596741,-0.017853718250989914,-0.09405699372291565,0.019638586789369583,0.9996435642242432,0.018085060641169548,0.0937005802989006,-0.019849136471748352,0.9954025149345398,0.9387393593788147,-0.3299952447414398,0.09935561567544937,0.2988244593143463,0.9230282306671143,0.2423280030488968,-0.17167513072490692,-0.19779294729232788,0.9650935530662537,0.9054591655731201,-0.32137349247932434,-0.27724137902259827,0.38669639825820923,0.8938977122306824,0.22674383223056793,0.17495597898960114,-0.312515527009964,0.9336618781089783,0.9419703483581543,-0.2521381080150604,-0.22162646055221558,0.2666192352771759,0.9630704522132874,0.037543538957834244,0.20397573709487915,-0.09445477277040482,0.9744086265563965,0.905599057674408,-0.41014954447746277,0.10801730304956436,0.3905055522918701,0.9056879878044128,0.16502943634986877,-0.1655167192220688,-0.10726913809776306,0.9803557991981506,0.9204884171485901,-0.367578387260437,-0.13261693716049194,0.3830653429031372,0.9158461093902588,0.1203615590929985,0.07721439003944397,-0.16159236431121826,0.9838322401046753,0.9631383419036865,0.10794093459844589,0.24640057981014252,-0.14274398982524872,0.9814454317092896,0.1280195116996765,-0.2280101776123047,-0.1584727168083191,0.9606756567955017,0.9949299097061157,0.05303779989480972,-0.08544882386922836,-0.051806751638650894,0.998519778251648,0.016562042757868767,0.08620075136423111,-0.012051246128976345,0.9962049126625061,0.9749599099159241,0.07045591622591019,-0.21092455089092255,-0.06657008826732635,0.997456431388855,0.025476135313510895,0.21218299865722656,-0.010796944610774517,0.9771702885627747
128,0.4126669466495514,0.20427313446998596,-0.8876815438270569,0.7995917201042175,0.3855508267879486,0.46043848991394043,0.4363015592098236,-0.8997905254364014,-0.004231028258800507,0.9031603336334229,-0.41404691338539124,-0.1134307011961937,0.41278398036956787,0.9101361632347107,-0.035518892109394073,0.11794386804103851,-0.014743124134838581,0.9929108023643494,0.8592859506607056,-0.4840468168258667,0.16530685126781464,0.48366519808769226,0.8740798830986023,0.04530290514230728,-0.166420117020607,0.04102501645684242,0.9852011203765869,0.9602005481719971,-0.09042524546384811,-0.2642692029476166,0.08970275521278381,0.9958582520484924,-0.014826124534010887,0.26451531052589417,-0.009469623677432537,0.9643349647521973,0.8661719560623169,-0.4864760935306549,-0.11439909785985947,0.4948123097419739,0.8669347763061523,0.05987396463751793,0.07004930824041367,-0.108467236161232,0.9916289448738098,0.9831992387771606,-0.1791355311870575,0.035066600888967514,0.17802545428276062,0.9834860563278198,0.03258960694074631,-0.04032547026872635,-0.025799328461289406,0.9988534450531006,0.8379141092300415,-0.5075825452804565,-0.20064884424209595,0.5265841484069824,0.8484951853752136,0.052584219723939896,0.14355874061584473,-0.14971955120563507,0.9782509803771973,0.9436047673225403,-0.15605628490447998,-0.29198718070983887,0.1990876942873001,0.97212815284729,0.12381841242313385,0.2645263075828552,-0.1749666929244995,0.9483736157417297,0.9474886655807495,-0.3178647458553314,0.03503099083900452,0.3025285005569458,0.9264559745788574,0.22395510971546173,-0.10364210605621338,-0.20159706473350525,0.9739696979522705,0.9194730520248413,-0.33933067321777344,-0.19855470955371857,0.38083282113075256,0.8941678404808044,0.23543615639209747,0.09765052795410156,-0.2920933663845062,0.9513915181159973,0.8540036678314209,-0.4132368564605713,-0.3160901665687561,0.4456787109375,0.8945209383964539,0.0346808098256588,0.2684178948402405,-0.17049220204353333,0.9480950832366943,0.941570520401001,-0.3264615833759308,0.08287187665700912,0.3153363764286041,0.9408836960792542,0.12369639426469803,-0.1183549240231514,-0.09033636003732681,0.9888536334037781,0.8939907550811768,-0.44773849844932556,0.017628049477934837,0.44107601046562195,0.8862560987472534,0.14142857491970062,-0.07894597947597504,-0.11866052448749542,0.9897915124893188,0.9185299277305603,0.09372669458389282,0.38408076763153076,-0.1478513777256012,0.9824354648590088,0.11384450644254684,-0.3666642904281616,-0.16135644912719727,0.9162539839744568,0.9683215022087097,-0.06452523171901703,-0.2412259578704834,0.04143425077199936,0.9941641092300415,-0.09960367530584335,0.2462451457977295,0.08645336329936981,0.9653440713882446,0.9574950337409973,0.23121118545532227,-0.17246629297733307,-0.205900639295578,0.9665848612785339,0.15270450711250305,0.20201030373573303,-0.11070288717746735,0.9731067419052124
129,0.17324283719062805,-0.1263365000486374,-0.9767425656318665,0.984502375125885,0.049643371254205704,0.16819807887077332,0.02723923698067665,-0.9907444715499878,0.13297894597053528,0.9728396534919739,0.14833107590675354,0.17770999670028687,-0.14575767517089844,0.9889373779296875,-0.02752399817109108,-0.17982672154903412,0.0008738405304029584,0.9836978912353516,0.850300669670105,-0.45620396733283997,0.26242467761039734,0.4541560113430023,0.8879947662353516,0.07216380536556244,-0.2659531533718109,0.05782081186771393,0.962250292301178,0.935418963432312,-0.00611101184040308,-0.35348832607269287,0.012286710552871227,0.9998085498809814,0.01522930059581995,0.35332757234573364,-0.01858898438513279,0.935314953327179,0.9575523734092712,0.2877054512500763,0.017862282693386078,-0.2865041494369507,0.9567205905914307,-0.05100072920322418,-0.03176240250468254,0.04371825233101845,0.9985388517379761,0.740037739276886,-0.5936092734336853,0.31618377566337585,0.5503714680671692,0.8046998381614685,0.22259703278541565,-0.38656866550445557,0.009288318455219269,0.9222138524055481,0.9297126531600952,-0.36172106862068176,-0.06922613084316254,0.365792453289032,0.9287939071655273,0.059479549527168274,0.04278180003166199,-0.08062128722667694,0.995826244354248,0.9840249419212341,-0.178017258644104,0.0021858213003724813,0.17611823976039886,0.9751757383346558,0.13421861827373505,-0.026024790480732918,-0.13168950378894806,0.9909493327140808,0.9972265362739563,0.0016567556886002421,0.07440736889839172,-0.001887728227302432,0.999993622303009,0.003033941611647606,-0.0744018629193306,-0.0031659880187362432,0.9972233176231384,0.9474619626998901,-0.31447547674179077,-0.058489445596933365,0.3195570409297943,0.9225138425827026,0.21645213663578033,-0.014111570082604885,-0.2237708866596222,0.9745396375656128,0.9842071533203125,-0.09276490658521652,-0.15076768398284912,0.0972999706864357,0.9949899911880493,0.02297031506896019,0.14788149297237396,-0.03727724030613899,0.9883022904396057,0.9521531462669373,-0.22298535704612732,0.20900224149227142,0.20466101169586182,0.9730956554412842,0.10582397878170013,-0.22697636485099792,-0.05798602104187012,0.9721724987030029,0.7543375492095947,-0.656440794467926,0.007767482195049524,0.6393133997917175,0.7372416257858276,0.21852493286132812,-0.14917519688606262,-0.15987570583820343,0.9758004546165466,0.6681540608406067,0.10719290375709534,0.736260712146759,-0.31810176372528076,0.9357201457023621,0.15244385600090027,-0.6725930571556091,-0.3360618054866791,0.6593034267425537,0.8285300135612488,0.2753842771053314,-0.4875464141368866,-0.2438303381204605,0.9612550735473633,0.128590390086174,0.5040681958198547,0.01233760267496109,0.8635756969451904,0.7818593978881836,0.6117748618125916,-0.12011399865150452,-0.5060321092605591,0.7352520227432251,0.45092785358428955,0.36418038606643677,-0.29178062081336975,0.8844414949417114
130,0.34532657265663147,0.0426875464618206,-0.9375112652778625,0.9213059544563293,0.17483016848564148,0.34731796383857727,0.17873139679431915,-0.9836727976799011,0.02104521170258522,0.9883120656013489,0.02511768601834774,-0.15036074817180634,-0.02212403155863285,0.9995229244232178,0.021549874916672707,0.15083029866218567,-0.01797141507267952,0.9883962869644165,0.5798200368881226,-0.813859760761261,0.0379602275788784,0.8138583302497864,0.5807328820228577,0.019593626260757446,-0.03799121826887131,0.019533472135663033,0.9990871548652649,0.6671354174613953,0.6708020567893982,-0.32396745681762695,-0.6126311421394348,0.7414664626121521,0.2736980617046356,0.423808217048645,0.015878867357969284,0.9056127667427063,0.9954420328140259,-0.011710712686181068,-0.09464693814516068,0.012475910596549511,0.9998940825462341,0.007497054059058428,0.09454911202192307,-0.008643689565360546,0.9954826831817627,0.5568311214447021,-0.05446336045861244,0.8288382291793823,-0.006231732200831175,0.9975460171699524,0.06973583996295929,-0.8306023478507996,-0.043996185064315796,0.5551252961158752,-0.3161046802997589,-0.7949537038803101,-0.517809271812439,0.9483658671379089,-0.24976846575737,-0.19549386203289032,0.026076139882206917,-0.5528691411018372,0.832859992980957,0.9776915311813354,-0.07588573545217514,0.19585879147052765,0.06703738868236542,0.9964241981506348,0.051427360624074936,-0.1990610510110855,-0.03715023025870323,0.9792826771736145,0.952404797077179,-0.09070725739002228,-0.2910279333591461,0.10540306568145752,0.993806779384613,0.035188738256692886,0.28603366017341614,-0.06418915838003159,0.9560672044754028,0.668662428855896,-0.7416620254516602,-0.05317814648151398,0.6513954401016235,0.5497884154319763,0.5228925943374634,-0.3585728406906128,-0.38427862524986267,0.8507381677627563,0.9873891472816467,-0.13294298946857452,-0.08595814555883408,0.1355902999639511,0.9904314875602722,0.025703975930809975,0.08171848952770233,-0.03703491762280464,0.9959670901298523,0.9883099794387817,-0.06293564289808273,0.13886143267154694,0.05877786874771118,0.997697114944458,0.033846400678157806,-0.14067180454730988,-0.02528875693678856,0.9897332787513733,0.3709961771965027,-0.8850319981575012,-0.2812119424343109,0.9199548959732056,0.30896613001823425,0.241294264793396,-0.12666818499565125,-0.3482215702533722,0.9288147687911987,0.8575136065483093,-0.19050592184066772,-0.4778890311717987,0.10548541694879532,0.9742836952209473,-0.19910822808742523,0.5035308003425598,0.12032768875360489,0.8555571436882019,0.6556050181388855,0.3920566141605377,0.6453476548194885,-0.6885772943496704,0.661169171333313,0.29785341024398804,-0.30990856885910034,-0.6396459341049194,0.7034271359443665,0.9685441851615906,0.2234160155057907,-0.10957833379507065,-0.20512795448303223,0.9661118388175964,0.15668578445911407,0.14087103307247162,-0.12927952408790588,0.9815508723258972
131,0.39076361060142517,0.13916470110416412,-0.9099104404449463,0.8286846876144409,0.3771553933620453,0.41356438398361206,0.4007311761379242,-0.9156347513198853,0.03205494582653046,0.9556478261947632,-0.28784170746803284,-0.062324557453393936,0.28713417053222656,0.9576769471168518,-0.020220216363668442,0.06550701707601547,0.0014278963208198547,0.9978510737419128,0.6892521977424622,-0.7231844067573547,-0.04399743303656578,0.7231961488723755,0.6903930306434631,-0.018568776547908783,0.04380417242646217,-0.0190202035009861,0.9988590478897095,0.906226634979248,0.17058789730072021,-0.38685014843940735,-0.153647318482399,0.9853089451789856,0.07455728948116302,0.39388546347618103,-0.008127319626510143,0.9191235899925232,0.9400737285614014,-0.33186155557632446,-0.07829008996486664,0.33624497056007385,0.9403727054595947,0.05136672407388687,0.056575220078229904,-0.07461315393447876,0.9956064224243164,0.8881205320358276,0.048306964337825775,0.4570649266242981,-0.05751653015613556,0.998324990272522,0.006247601471841335,-0.4559975564479828,-0.03183741122484207,0.8894113898277283,0.287500262260437,-0.9008916616439819,-0.325173556804657,0.9568360447883606,0.2852308750152588,0.05575023218989372,0.04252461716532707,-0.32716599106788635,0.9440096020698547,0.981618344783783,-0.18452489376068115,0.048744086176157,0.17646001279354095,0.9747889637947083,0.13655893504619598,-0.07271371781826019,-0.1254473775625229,0.9894319772720337,0.9662091135978699,-0.16489505767822266,-0.1981150358915329,0.18509048223495483,0.9787700176239014,0.0880386084318161,0.17939193546772003,-0.1217329129576683,0.9762169718742371,0.8826736211776733,-0.4689200222492218,0.03164375200867653,0.43698108196258545,0.8436103463172913,0.31204020977020264,-0.17301690578460693,-0.2616019546985626,0.9495417475700378,0.9128881096839905,-0.3526494801044464,-0.205605611205101,0.36869946122169495,0.9284821152687073,0.04451536014676094,0.17520281672477722,-0.11644422262907028,0.9776219725608826,0.9389680027961731,0.10950540006160736,0.32610994577407837,-0.10582993924617767,0.9939598441123962,-0.029048647731542587,-0.3273211717605591,-0.007236442994326353,0.9448854327201843,0.25405383110046387,-0.8866963386535645,-0.38629817962646484,0.9618192911148071,0.1895846575498581,0.19738605618476868,-0.10178527235984802,-0.421695739030838,0.9010063409805298,0.9959218502044678,-0.025152772665023804,-0.0866432785987854,0.02303091064095497,0.999411940574646,-0.025402940809726715,0.08723128587007523,0.023303870111703873,0.9959154725074768,0.8808881640434265,0.38211846351623535,0.2793232798576355,-0.4548090100288391,0.8467703461647034,0.2759143114089966,-0.13109071552753448,-0.3700883984565735,0.9197009205818176,0.5301631689071655,0.49179139733314514,-0.6907012462615967,-0.3031332492828369,0.8707036375999451,0.38727954030036926,0.7918568253517151,0.004053188022226095,0.6106932759284973
132,0.3905126452445984,0.09319771081209183,-0.9158679246902466,0.9077007174491882,0.12696252763271332,0.399949848651886,0.15355531871318817,-0.9875194430351257,-0.035015154629945755,0.9900956749916077,0.08928731828927994,0.1083436906337738,-0.08840639144182205,0.9960007071495056,-0.012916816398501396,-0.10906370729207993,0.0032106093131005764,0.9940295815467834,0.15754877030849457,-0.3595643639564514,-0.9197238087654114,0.27246665954589844,0.9110304713249207,-0.3094921410083771,0.9491787552833557,-0.20183397829532623,0.24150104820728302,0.2533460557460785,-0.21994668245315552,0.9420399069786072,0.34310606122016907,0.9309313297271729,0.12508034706115723,-0.9044854640960693,0.2915309965610504,0.31131282448768616,0.990898847579956,0.0420638769865036,-0.12786747515201569,-0.04205168038606644,0.999111533164978,0.0027962052263319492,0.12787148356437683,0.0026062855031341314,0.991787314414978,0.9051378965377808,-0.04680889472365379,0.42253315448760986,0.03285832703113556,0.9986494779586792,0.04024384170770645,-0.4238462746143341,-0.022542493417859077,0.9054535627365112,0.389484167098999,-0.8223636150360107,-0.4147531986236572,0.9007853269577026,0.43401724100112915,-0.014655372127890587,0.19206207990646362,-0.36789554357528687,0.9098159074783325,0.9930461049079895,-0.006592098157852888,-0.11754128336906433,0.00752892205491662,0.9999433159828186,0.007527926471084356,0.11748500168323517,-0.008360537700355053,0.9930394887924194,0.9868550896644592,-0.16157370805740356,-0.003316363785415888,0.16101518273353577,0.981273889541626,0.10571498423814774,-0.013826499693095684,-0.1048593521118164,0.9943909645080566,0.8937416672706604,-0.4384936988353729,-0.09459977596998215,0.4460547864437103,0.8463661074638367,0.2910318970680237,-0.04754961282014847,-0.3023039996623993,0.9520248770713806,0.9823012948036194,-0.07185360789299011,-0.17297765612602234,0.076546311378479,0.9968531131744385,0.020604105666279793,0.17095282673835754,-0.033480241894721985,0.9847102165222168,0.9808112382888794,0.07000747323036194,0.18195685744285583,-0.06834060698747635,0.9975428581237793,-0.01542244665324688,-0.18258944153785706,0.0026914665941148996,0.9831855893135071,0.7369285225868225,-0.6644861102104187,0.12407485395669937,0.6308317184448242,0.741983950138092,0.22696073353290558,-0.24287380278110504,-0.08898349106311798,0.9659680128097534,0.9956255555152893,-0.023960255086421967,0.09030847251415253,0.027057446539402008,0.9990814328193665,-0.03322877734899521,-0.0894293487071991,0.03552693501114845,0.9953593611717224,0.9502737522125244,0.3047633171081543,0.06402457505464554,-0.3113935887813568,0.9274494051933289,0.20705468952655792,0.0037231198512017727,-0.21669547259807587,0.9762321710586548,0.4866763651371002,0.7853935360908508,-0.3824959397315979,-0.47712114453315735,0.605747640132904,0.6367301344871521,0.7317796945571899,-0.12738460302352905,0.6695309281349182
133,0.4254583716392517,0.24413079023361206,-0.8714271783828735,0.7743428349494934,0.40016433596611023,0.49016496539115906,0.4683784544467926,-0.8833281993865967,-0.018787642940878868,0.9031855463981628,-0.41907134652137756,-0.0929253026843071,0.41780269145965576,0.9079142212867737,-0.033656083047389984,0.09847249835729599,-0.00842675194144249,0.9951040744781494,0.4337754547595978,-0.45591995120048523,-0.7771588563919067,0.40708643198013306,0.8686460256576538,-0.2823733687400818,0.8038156032562256,-0.19388416409492493,0.5623961687088013,0.6677305698394775,-0.26455560326576233,0.6958062052726746,0.3322044312953949,0.9423796534538269,0.03950636461377144,-0.6661652326583862,0.2047702968120575,0.7171422243118286,0.8741903305053711,-0.4516129195690155,-0.1784294694662094,0.4664289653301239,0.883149266242981,0.049913614988327026,0.13503822684288025,-0.1268586665391922,0.9826858639717102,0.9751308560371399,-0.22056938707828522,0.0216557364910841,0.2196301966905594,0.9748046398162842,0.038968149572610855,-0.029705291613936424,-0.03324279189109802,0.9990057349205017,0.9394113421440125,-0.3370929956436157,-0.06224692985415459,0.34054672718048096,0.9384921193122864,0.05710070952773094,0.039170000702142715,-0.0748390406370163,0.9964260458946228,0.9384303092956543,-0.12550345063209534,-0.32186561822891235,0.16360604763031006,0.9820284247398376,0.09409177303314209,0.3042723536491394,-0.14095772802829742,0.9420983195304871,0.9683009386062622,-0.23264217376708984,-0.09094440937042236,0.24398010969161987,0.9589233994483948,0.14470545947551727,0.05354413017630577,-0.16230705380439758,0.9852864742279053,0.9171703457832336,-0.3751884698867798,-0.13428401947021484,0.3978007733821869,0.8819103837013245,0.252959668636322,0.02351892553269863,-0.2854253947734833,0.9581122994422913,0.8617736101150513,-0.3485404849052429,-0.36859971284866333,0.3845468759536743,0.9227235913276672,0.026548661291599274,0.3308623731136322,-0.16462279856204987,0.9292090535163879,0.9561110138893127,-0.23610442876815796,0.17351211607456207,0.22000671923160553,0.9696050882339478,0.10706571489572525,-0.19351691007614136,-0.06419287621974945,0.978994607925415,0.8313495516777039,-0.5503489971160889,-0.07729106396436691,0.5549530982971191,0.8146454691886902,0.16846291720867157,-0.029748588800430298,-0.18294449150562286,0.9826730489730835,0.9637445211410522,0.026270084083080292,0.2655302882194519,-0.033715926110744476,0.9991546273231506,0.023521481081843376,-0.2646878957748413,-0.0316212996840477,0.9638155698776245,0.9962542653083801,-0.05472243204712868,-0.06695418059825897,0.051187895238399506,0.9972596168518066,-0.053414296358823776,0.0696936622262001,0.04978697746992111,0.9963252544403076,0.977626621723175,0.20841388404369354,0.02845844440162182,-0.2102949172258377,0.9653584361076355,0.15446414053440094,0.004719871096313,-0.15699291229248047,0.9875884652137756
134,0.32029131054878235,0.0960439145565033,-0.9424378275871277,0.9126447439193726,0.23541179299354553,0.33415687084198,0.2539547085762024,-0.9671384692192078,-0.012253623455762863,0.8991478085517883,-0.4338264465332031,-0.057687293738126755,0.43264204263687134,0.9009872078895569,-0.03229348734021187,0.0659852847456932,0.004078670404851437,0.9978122711181641,0.9029753804206848,-0.3713379502296448,0.21620263159275055,0.3697318434715271,0.9278249740600586,0.04938824474811554,-0.2189379185438156,0.035340625792741776,0.9750985503196716,0.9691600203514099,0.17622090876102448,-0.17226438224315643,-0.1689019650220871,0.9840192198753357,0.0563768595457077,0.1794462502002716,-0.025542404502630234,0.983436107635498,0.9468029737472534,-0.31982457637786865,-0.03572552651166916,0.32132488489151,0.9456380009651184,0.05019045248627663,0.01773127354681492,-0.05899997428059578,0.9981005191802979,0.954594075679779,-0.2966291606426239,-0.027591144666075706,0.2975781559944153,0.9538012742996216,0.04135613143444061,0.014049036428332329,-0.047688838094472885,0.9987634420394897,0.9536070823669434,-0.06697239726781845,0.29351016879081726,0.06547427177429199,0.9977424144744873,0.014938058331608772,-0.2938479781150818,0.004972325637936592,0.955839216709137,0.9775897264480591,-0.17893676459789276,-0.11090515553951263,0.19308887422084808,0.9720262885093689,0.1337219774723053,0.08387494832277298,-0.1521397829055786,0.9847936034202576,0.9824538230895996,-0.1744874119758606,-0.06586866825819016,0.18097710609436035,0.9772511124610901,0.11057800054550171,0.04507576301693916,-0.12055850028991699,0.9916822910308838,0.9673223495483398,-0.25283026695251465,-0.019087962806224823,0.2523501515388489,0.9526988863945007,0.1693641096353531,-0.02463529258966446,-0.16864654421806335,0.9853686690330505,0.949423611164093,-0.2414758801460266,-0.2007092535495758,0.25345852971076965,0.966679036617279,0.035921789705753326,0.18534719944000244,-0.08497647196054459,0.9789920449256897,0.9812595248222351,-0.17322973906993866,0.08438703417778015,0.16785673797130585,0.983523428440094,0.06712494045495987,-0.09462466090917587,-0.05170205235481262,0.9941695332527161,0.868600606918335,-0.4549141824245453,0.1964334100484848,0.4335619807243347,0.8896708488464355,0.1432124227285385,-0.23991043865680695,-0.039228346198797226,0.9700021147727966,0.7884493470191956,0.11798807978630066,0.6036773920059204,-0.25947707891464233,0.9536309838294983,0.15251101553440094,-0.5576909780502319,-0.2768876552581787,0.7825049161911011,0.9197761416435242,-0.3877413868904114,0.06056815758347511,0.38973018527030945,0.8843554854393005,-0.25695475935935974,0.0460682176053524,0.2599461078643799,0.9645236134529114,0.7324744462966919,0.24430350959300995,-0.6354502439498901,-0.1963043361902237,0.9695416688919067,0.14647021889686584,0.6518786549568176,0.017455939203500748,0.7581223249435425
135,0.39024800062179565,0.2432577908039093,-0.887993335723877,0.8859646916389465,0.16323727369308472,0.43407386541366577,0.250545471906662,-0.9561272263526917,-0.151814803481102,0.9003040194511414,-0.4001678228378296,-0.17122621834278107,0.3998526334762573,0.9157969951629639,-0.03786526992917061,0.17196092009544373,-0.03437500447034836,0.9845038652420044,0.9361040592193604,-0.3470175266265869,-0.057341769337654114,0.3465651273727417,0.9378536939620972,-0.017974181100726128,0.060015544295310974,-0.0030469531193375587,0.9981927871704102,0.9233936667442322,-0.37498849630355835,0.08202292770147324,0.380130410194397,0.9230072498321533,-0.05965282395482063,-0.053338635712862015,0.08626244962215424,0.994843602180481,0.9308861494064331,-0.33747556805610657,-0.1398613005876541,0.3459271192550659,0.9373837113380432,0.04057355597615242,0.11741112917661667,-0.08615118265151978,0.9893394708633423,0.9451626539230347,-0.25939831137657166,-0.19844412803649902,0.2652054727077484,0.9641878604888916,0.0027897984255105257,0.1906137466430664,-0.05526528134942055,0.9801082611083984,0.8003314733505249,-0.43890082836151123,0.40845513343811035,0.40524497628211975,0.8980774879455566,0.17097753286361694,-0.44186654686927795,0.0286856759339571,0.8966220617294312,0.9956726431846619,0.04474085569381714,-0.08145053684711456,-0.047208789736032486,0.998474657535553,-0.028629524633288383,0.08004539459943771,0.0323508158326149,0.9962661266326904,0.9383779168128967,-0.31825554370880127,-0.1347600519657135,0.34026551246643066,0.919052243232727,0.19890281558036804,0.060549598187208176,-0.23250021040439606,0.9707097411155701,0.961759626865387,-0.20711363852024078,-0.17922724783420563,0.2350546270608902,0.9600349068641663,0.15192848443984985,0.14059795439243317,-0.18824686110019684,0.9720058441162109,0.9451931118965149,-0.2333667129278183,-0.22836361825466156,0.24751737713813782,0.9682508707046509,0.03500647470355034,0.2129439264535904,-0.08961184322834015,0.9729463458061218,0.9498268961906433,-0.28919538855552673,-0.11914242058992386,0.2984466254711151,0.9519595503807068,0.06857609748840332,0.09358686953783035,-0.10069307684898376,0.990506112575531,0.793937087059021,-0.5981213450431824,-0.10915455967187881,0.6074389219284058,0.7726067900657654,0.1846529245376587,-0.026111310347914696,-0.21290753781795502,0.9767233729362488,0.916165292263031,0.2653346359729767,0.3003975749015808,-0.3583469092845917,0.8779760003089905,0.31740450859069824,-0.17952346801757812,-0.39844152331352234,0.8994529843330383,0.8923872113227844,-0.4505292773246765,-0.025854026898741722,0.4166180491447449,0.8445255756378174,-0.33646097779273987,0.17341992259025574,0.2894822359085083,0.9413424134254456,0.9748214483261108,0.16269898414611816,0.15248681604862213,-0.18370644748210907,0.9735804200172424,0.13562113046646118,-0.12639276683330536,-0.160219207406044,0.9789559245109558
136,0.3797467350959778,0.20615066587924957,-0.9018283486366272,0.8868498206138611,0.1962634176015854,0.4183037579059601,0.26322948932647705,-0.9586358070373535,-0.1082942932844162,0.9113877415657043,-0.39207062125205994,-0.1251121461391449,0.391051709651947,0.9197537302970886,-0.03363942354917526,0.12826138734817505,-0.01826675981283188,0.9915721416473389,0.9291875958442688,-0.35686883330345154,-0.0962030440568924,0.35582053661346436,0.9341217875480652,-0.02842877060174942,0.1000107005238533,-0.007815356366336346,0.9949556589126587,0.9181711673736572,-0.3444623649120331,0.195722758769989,0.35870110988616943,0.9325281977653503,-0.041528794914484024,-0.1682118922472,0.10833651572465897,0.9797795414924622,0.9331318736076355,-0.3363824188709259,-0.1269323080778122,0.34373974800109863,0.9381824731826782,0.04070218652486801,0.10539416968822479,-0.08161219209432602,0.9910759329795837,0.9416197538375854,-0.26845356822013855,-0.20318685472011566,0.2745440602302551,0.9615727066993713,0.0018628777470439672,0.19487883150577545,-0.05753786861896515,0.979138195514679,0.8432468771934509,-0.5298270583152771,0.09065306931734085,0.5174673795700073,0.8457933068275452,0.12985067069530487,-0.14547215402126312,-0.06258617341518402,0.9873808026313782,0.994182825088501,0.010380048304796219,-0.10720404982566833,-0.010609864257276058,0.9999424815177917,-0.0015735737979412079,0.10718154907226562,0.0027018405962735415,0.9942358136177063,0.9360477328300476,-0.32861974835395813,-0.12579232454299927,0.34878459572792053,0.9137780070304871,0.20822830498218536,0.04651832580566406,-0.23878605663776398,0.9699573516845703,0.961993396282196,-0.2075699418783188,-0.1774357557296753,0.2351035326719284,0.9600900411605835,0.15150384604930878,0.13890665769577026,-0.1874614655971527,0.9724007248878479,0.9301746487617493,-0.23906837403774261,-0.2786061465740204,0.2578634023666382,0.9656407237052917,0.03231749311089516,0.26130735874176025,-0.10190324485301971,0.9598615765571594,0.9336358904838562,-0.3500455915927887,-0.07610591500997543,0.35628339648246765,0.929462194442749,0.09571922570466995,0.03723147511482239,-0.11648218333721161,0.9924947023391724,0.8057824373245239,-0.5874532461166382,-0.07492237538099289,0.5901288986206055,0.7858956456184387,0.18470485508441925,-0.04962430149316788,-0.19304579496383667,0.97993403673172,0.8768719434738159,0.3027608394622803,0.37340524792671204,-0.43886756896972656,0.8211768269538879,0.36477917432785034,-0.19619090855121613,-0.48374006152153015,0.8529388308525085,0.8702094554901123,-0.4911811947822571,-0.03842628374695778,0.4426593482494354,0.8137165904045105,-0.37672001123428345,0.2163058966398239,0.31081557273864746,0.9255298376083374,0.9732567667961121,0.16734975576400757,0.15737001597881317,-0.18976256251335144,0.9717694520950317,0.14019395411014557,-0.1294659525156021,-0.16630765795707703,0.9775378704071045
137,0.4425356686115265,0.3324667513370514,-0.8328433632850647,0.7649728059768677,0.3446832001209259,0.5440680384635925,0.4679516553878784,-0.8778720498085022,-0.10179343074560165,0.8378259539604187,-0.45043519139289856,-0.3084734082221985,0.4539729654788971,0.8886682391166687,-0.0646316185593605,0.30324289202690125,-0.08588854223489761,0.9490347504615784,0.8589280247688293,-0.5096305012702942,0.05019404739141464,0.5097492933273315,0.8602479100227356,0.01136800181120634,-0.048972804099321365,0.015822086483240128,0.9986748099327087,0.9110129475593567,-0.4014997184276581,-0.09409211575984955,0.3938717544078827,0.9147627949714661,-0.08985579758882523,0.1221490427851677,0.044799573719501495,0.991500198841095,0.8461205959320068,-0.4497852921485901,-0.28596004843711853,0.4760010540485382,0.8790677189826965,0.025746848434209824,0.2397977113723755,-0.15790222585201263,0.9578955769538879,0.8365184664726257,-0.512962818145752,-0.19262924790382385,0.5262075662612915,0.8500872254371643,0.021384242922067642,0.1527823507785797,-0.11925128847360611,0.9810385704040527,0.9692015051841736,-0.24247890710830688,0.04304030165076256,0.24027888476848602,0.9693853855133057,0.05057729035615921,-0.0539865642786026,-0.03867790848016739,0.9977923035621643,0.9953192472457886,0.008015953004360199,-0.09630831331014633,-0.00816609151661396,0.9999659657478333,-0.0011648881481960416,0.09629569947719574,0.0019458981696516275,0.9953508973121643,0.8726297616958618,-0.3445335030555725,-0.34614160656929016,0.4215698540210724,0.8892132639884949,0.17770370841026306,0.24656884372234344,-0.3009924292564392,0.9211989045143127,0.8267195224761963,-0.5603920817375183,-0.04995565116405487,0.5343366265296936,0.754270613193512,0.38152360916137695,-0.1761227250099182,-0.3421061336994171,0.9230082035064697,0.8776886463165283,-0.3170473873615265,-0.3593656122684479,0.3503772020339966,0.9361332058906555,0.029840072616934776,0.32695338129997253,-0.15210381150245667,0.9327196478843689,0.8595646023750305,-0.4978480637073517,-0.11530838906764984,0.5100854635238647,0.8495455980300903,0.13448092341423035,0.031008664518594742,-0.17441217601299286,0.9841843843460083,0.7447931170463562,-0.45055437088012695,-0.4922235310077667,0.5729989409446716,0.8098562359809875,0.12571805715560913,0.3419874608516693,-0.3756774961948395,0.8613425493240356,0.9580960869789124,0.2862413823604584,-0.010851604864001274,-0.2669469118118286,0.9059706330299377,0.3285674452781677,0.10388083755970001,-0.31190237402915955,0.94441819190979,0.9547805786132812,-0.2710549235343933,0.12216068059206009,0.28768491744995117,0.9459865093231201,-0.14948898553848267,-0.07504262775182724,0.17787297070026398,0.9811879396438599,0.9874022603034973,-0.09674853086471558,0.1252056360244751,0.10308051854372025,0.9936496615409851,-0.0451081320643425,-0.12004639208316803,0.057446133345365524,0.9911048412322998
138,0.46208545565605164,0.33302217721939087,-0.8219326138496399,0.7351311445236206,0.3745678663253784,0.5650497078895569,0.4960436224937439,-0.8653295040130615,-0.07173261046409607,0.7964001893997192,-0.49821197986602783,-0.3428288400173187,0.5023990869522095,0.8605891466140747,-0.08355508744716644,0.3366629183292389,-0.10569360852241516,0.9356746077537537,0.8802640438079834,-0.44207069277763367,0.17236202955245972,0.4408336877822876,0.8963298797607422,0.04752279445528984,-0.17550167441368103,0.0341503769159317,0.9838866591453552,0.8735736012458801,-0.42553403973579407,-0.23619893193244934,0.40807101130485535,0.9048943519592285,-0.12101352214813232,0.2652304470539093,0.009328284300863743,0.9641399383544922,0.8251939415931702,-0.47992751002311707,-0.2978666126728058,0.5091342926025391,0.860344648361206,0.02427753619849682,0.24461649358272552,-0.1716877818107605,0.954298734664917,0.8307480812072754,-0.4962768852710724,-0.25212472677230835,0.5130724310874939,0.8583447337150574,0.001020532799884677,0.21590346097946167,-0.13020606338977814,0.9676942229270935,0.9569584727287292,-0.24521614611148834,0.15524014830589294,0.23811566829681396,0.9691858887672424,0.06308428943157196,-0.16592584550380707,-0.02340393327176571,0.9858604669570923,0.9784026741981506,-0.03246263787150383,-0.2041429877281189,0.04003431648015976,0.9986509084701538,0.0330691859126091,0.20279407501220703,-0.04052770510315895,0.9783823490142822,0.9294512867927551,-0.3039362132549286,-0.2091483622789383,0.3414354622364044,0.9233813881874084,0.17546676099300385,0.1397930085659027,-0.23449848592281342,0.9620126485824585,0.7271668910980225,-0.423361212015152,-0.5403643250465393,0.6272647380828857,0.7295748591423035,0.27250590920448303,0.27886778116226196,-0.5371087789535522,0.7960822582244873,0.859463095664978,-0.34878596663475037,-0.37372663617134094,0.3868887722492218,0.9216516017913818,0.0295870378613472,0.33412620425224304,-0.17001959681510925,0.9270668625831604,0.8409352898597717,-0.5097013115882874,-0.1817483901977539,0.5331537127494812,0.8378764390945435,0.11709068715572357,0.09260141849517822,-0.1953655183315277,0.9763489365577698,0.8233916759490967,-0.3939829170703888,-0.4084159731864929,0.4786688983440399,0.8687676787376404,0.1269596666097641,0.3047986626625061,-0.3000335693359375,0.9039234519004822,0.9608457088470459,0.27613627910614014,-0.02289595454931259,-0.2548103630542755,0.9130455255508423,0.31846436858177185,0.10884462296962738,-0.3001610040664673,0.9476583003997803,0.9619548320770264,-0.25818702578544617,0.08934415131807327,0.26930272579193115,0.9511669278144836,-0.15085597336292267,-0.0460321418941021,0.16917724907398224,0.984510064125061,0.9692544937133789,-0.1616542935371399,0.18550913035869598,0.1780034899711609,0.9811642169952393,-0.07504358887672424,-0.16988380253314972,0.10575760900974274,0.9797728657722473
139,0.4693964421749115,0.308810830116272,-0.8272259831428528,0.7449001669883728,0.3645510971546173,0.558772087097168,0.4741210341453552,-0.8784863948822021,-0.05891425162553787,0.7953898906707764,-0.49550890922546387,-0.3490356206893921,0.4996725022792816,0.8620232343673706,-0.08510800451040268,0.3430486023426056,-0.10670946538448334,0.9332367181777954,0.9440912008285522,-0.3271844685077667,-0.040522776544094086,0.3270142376422882,0.9449560046195984,-0.010947821661829948,0.041874196380376816,-0.0029157823882997036,0.9991186261177063,0.8269553780555725,-0.5410540699958801,0.1529877483844757,0.5548383593559265,0.8293262124061584,-0.0661243349313736,-0.09109991043806076,0.1395653486251831,0.9860133528709412,0.8339873552322388,-0.4675584137439728,-0.2930089831352234,0.4956636428833008,0.8681402206420898,0.0254973191767931,0.24245139956474304,-0.1664983481168747,0.9557696580886841,0.8035500645637512,-0.535132884979248,-0.26065316796302795,0.5543407797813416,0.8322897553443909,0.00021096855925861746,0.21682606637477875,-0.14466020464897156,0.9654324650764465,0.9659724831581116,-0.1806451827287674,0.18510673940181732,0.17472346127033234,0.9834489226341248,0.047957535833120346,-0.19070632755756378,-0.013983170501887798,0.9815475344657898,0.9791654944419861,-0.06491132825613022,-0.1924094706773758,0.07674361765384674,0.9955499768257141,0.05468667671084404,0.18800346553325653,-0.06831350922584534,0.9797897338867188,0.9263520836830139,-0.3161108195781708,-0.2048066407442093,0.35348543524742126,0.9173887968063354,0.18288204073905945,0.1300763189792633,-0.24180932343006134,0.9615656137466431,0.7607578039169312,-0.38323214650154114,-0.5238135457038879,0.568576455116272,0.7827221155166626,0.25311434268951416,0.3129989206790924,-0.4903867840766907,0.8133587837219238,0.8478401303291321,-0.37942054867744446,-0.3704148530960083,0.41942349076271057,0.9072719216346741,0.03068574331700802,0.3244241774082184,-0.18137729167938232,0.9283594489097595,0.8633178472518921,-0.4873264729976654,-0.13113050162792206,0.502180814743042,0.8552953004837036,0.1276102364063263,0.049967460334300995,-0.17601941525936127,0.9831176996231079,0.8287357687950134,-0.3612118363380432,-0.4274612069129944,0.44889605045318604,0.8851743936538696,0.12230522930622101,0.33419960737228394,-0.2932443618774414,0.8957222700119019,0.9563594460487366,0.28652986884117126,-0.057247452437877655,-0.2523426413536072,0.908695638179779,0.3325589597225189,0.1473085731267929,-0.30359992384910583,0.9413433074951172,0.9762813448905945,-0.18659356236457825,0.10980682075023651,0.19711576402187347,0.9758331775665283,-0.09431339055299759,-0.08955486118793488,0.11372105777263641,0.9894682765007019,0.9566477537155151,-0.22388038039207458,0.18628650903701782,0.24814839661121368,0.9613950848579407,-0.11891958117485046,-0.1524711698293686,0.1599908471107483,0.975271999835968
140,0.271426796913147,0.1961277425289154,-0.9422639608383179,0.8859313130378723,0.3316602408885956,0.3242332339286804,0.37610262632369995,-0.9227867722511292,-0.08373422175645828,0.8955899477005005,-0.44264981150627136,0.044495176523923874,0.443922758102417,0.8957402110099792,-0.02412659302353859,-0.029176484793424606,0.04135995730757713,0.9987182021141052,0.909370481967926,-0.3972574770450592,-0.12341716140508652,0.39578479528427124,0.9175857305526733,-0.03729454055428505,0.12806135416030884,-0.014932078309357166,0.9916538596153259,0.9074674248695374,-0.40918877720832825,0.09522267431020737,0.4157247245311737,0.9073076844215393,-0.06297381222248077,-0.06062808632850647,0.09673310816287994,0.993462085723877,0.8963087797164917,-0.4322851598262787,-0.09879308193922043,0.4387667179107666,0.8968182802200317,0.05657481402158737,0.06414299458265305,-0.09405562281608582,0.9934984445571899,0.939854621887207,-0.32799527049064636,-0.09535372257232666,0.3320896029472351,0.9427589774131775,0.030365485697984695,0.07993584126234055,-0.0602051243185997,0.9949802160263062,0.9041608572006226,-0.42157188057899475,0.06906729936599731,0.41464418172836304,0.904954731464386,0.0955362319946289,-0.10277816653251648,-0.057741764932870865,0.9930269718170166,0.9771782159805298,-0.16067059338092804,-0.13895221054553986,0.17805513739585876,0.9762632846832275,0.12331430613994598,0.11584094911813736,-0.14524120092391968,0.9825913906097412,0.9839974641799927,-0.17241084575653076,-0.04498326778411865,0.1764550507068634,0.9779617786407471,0.11159922927618027,0.024750996381044388,-0.11775088310241699,0.9927346706390381,0.9370256066322327,-0.349260538816452,0.0003705244162119925,0.3394787609577179,0.9110305309295654,0.23404613137245178,-0.08208063989877701,-0.21918143332004547,0.9722254276275635,0.8956263065338135,-0.3563275933265686,-0.26624083518981934,0.37993207573890686,0.9240915775299072,0.04130775108933449,0.2313118278980255,-0.13814973831176758,0.9630210399627686,0.9498485922813416,-0.3109557628631592,0.033078424632549286,0.3058903217315674,0.945891797542572,0.1082579493522644,-0.06495204567909241,-0.09271029382944107,0.9935723543167114,0.8833246231079102,-0.42350098490715027,-0.2009590119123459,0.45323044061660767,0.8810338377952576,0.13550491631031036,0.1196652203798294,-0.21077556908130646,0.9701824188232422,0.7987591028213501,0.29016536474227905,0.5270559191703796,-0.5209571719169617,0.7717896699905396,0.3646152913570404,-0.3009776175022125,-0.5658133625984192,0.7676377892494202,0.950189471244812,-0.23404140770435333,-0.20582664012908936,0.18806242942810059,0.957158088684082,-0.22018380463123322,0.2485407590866089,0.17050807178020477,0.9534959197044373,0.9417041540145874,-0.2526313364505768,0.22219520807266235,0.28635984659194946,0.9485384225845337,-0.13517726957798004,-0.17661067843437195,0.1909247785806656,0.9655860662460327
141,0.2615815997123718,0.1337054818868637,-0.9558754563331604,0.8950132131576538,0.337106317281723,0.2920798361301422,0.3612843453884125,-0.9319239258766174,-0.031487368047237396,0.9133065938949585,-0.40639954805374146,0.026654791086912155,0.4070146679878235,0.91310054063797,-0.024217452853918076,-0.01449654158204794,0.03296684846282005,0.9993513226509094,0.8872497081756592,-0.45927318930625916,-0.04308224841952324,0.458816796541214,0.8882936835289001,-0.020528772845864296,0.0476980060338974,-0.0015527113573625684,0.9988605976104736,0.9215141534805298,-0.3699447214603424,0.11812108010053635,0.37813273072242737,0.9240622520446777,-0.055897753685712814,-0.0884721502661705,0.09617601335048676,0.9914246797561646,0.902938187122345,-0.424072802066803,-0.06974902004003525,0.42808979749679565,0.9018220901489258,0.05878765136003494,0.03797096386551857,-0.08294045925140381,0.9958308339118958,0.8800976276397705,-0.4530893564224243,-0.14190897345542908,0.46136316657066345,0.8866956233978271,0.030246689915657043,0.11212561279535294,-0.09209161251783371,0.9894174933433533,0.9424082040786743,-0.2691603899002075,0.19854342937469482,0.25975701212882996,0.9629499316215515,0.07248223572969437,-0.210696741938591,-0.016734803095459938,0.977408230304718,0.9548496603965759,-0.2845786511898041,-0.08530600368976593,0.29651251435279846,0.9307494163513184,0.21397632360458374,0.01850542239844799,-0.22960951924324036,0.973106861114502,0.9972044825553894,-0.031132366508245468,-0.06792633980512619,0.032328445464372635,0.999339759349823,0.01658058911561966,0.06736530363559723,-0.01873018965125084,0.9975525736808777,0.930907666683197,-0.36496374011039734,0.014574731700122356,0.35061973333358765,0.9040786623954773,0.2443513721227646,-0.10235609859228134,-0.22235837578773499,0.9695771932601929,0.9017685651779175,-0.36943188309669495,-0.2243514060974121,0.3884052038192749,0.9203571081161499,0.0456530936062336,0.18961769342422485,-0.1283077746629715,0.9734383821487427,0.9530129432678223,-0.29949477314949036,0.04548830911517143,0.2935483455657959,0.9501089453697205,0.10546254366636276,-0.07480433583259583,-0.08715415745973587,0.9933823347091675,0.8700152635574341,-0.4926566481590271,0.019050560891628265,0.4840206205844879,0.8608391284942627,0.15709875524044037,-0.09379521012306213,-0.12745743989944458,0.987399160861969,0.7671260237693787,0.3377387821674347,0.5453899502754211,-0.6010212898254395,0.6756086349487305,0.4269969165325165,-0.2242567390203476,-0.655351459980011,0.7212651371955872,0.9181614518165588,-0.35487157106399536,-0.1761981099843979,0.2908279597759247,0.9056586027145386,-0.3085475265979767,0.2690700888633728,0.23205310106277466,0.9347473978996277,0.9456747174263,-0.2391161024570465,0.22027891874313354,0.2713121175765991,0.9537452459335327,-0.1294594407081604,-0.17913413047790527,0.18219086527824402,0.9668078422546387
142,0.29899725317955017,0.16005666553974152,-0.9407351016998291,0.8989648818969727,0.28344616293907166,0.3339467942714691,0.3200981616973877,-0.9455369710922241,-0.059135694056749344,0.9268476366996765,-0.37289074063301086,-0.0436566025018692,0.372066855430603,0.9278421401977539,-0.025985434651374817,0.05019616335630417,0.007841362617909908,0.9987086057662964,0.8619842529296875,-0.5002326369285583,0.08216127008199692,0.5006834864616394,0.8654729723930359,0.016511106863617897,-0.0793677568435669,0.026904474943876266,0.996482253074646,0.9476621150970459,-0.3176855146884918,-0.031818389892578125,0.3152763247489929,0.9468579888343811,-0.06372468173503876,0.05037190392613411,0.0503578819334507,0.997460126876831,0.9227042198181152,-0.3678140938282013,-0.11545430123806,0.37481001019477844,0.9259867072105408,0.045453641563653946,0.09019066393375397,-0.08521369844675064,0.9922722578048706,0.8793154358863831,-0.46242329478263855,-0.11388175189495087,0.4690769612789154,0.8822810053825378,0.03933307155966759,0.08228717744350433,-0.08800548315048218,0.9927154183387756,0.8713942170143127,-0.24821877479553223,0.4231543242931366,0.232869952917099,0.9684680700302124,0.08855030685663223,-0.4317913055419922,0.02137770503759384,0.9017201662063599,0.9876807332038879,-0.13215477764606476,-0.083796925842762,0.14037619531154633,0.984904408454895,0.10128118842840195,0.06914716958999634,-0.11179657280445099,0.9913224577903748,0.9818928837776184,-0.1781483143568039,-0.06441701948642731,0.1846068799495697,0.97613525390625,0.1143692284822464,0.04250503331422806,-0.12419015914201736,0.99134761095047,0.9390903115272522,-0.3429929316043854,0.021568598225712776,0.3292352855205536,0.9158703684806824,0.2297511249780655,-0.09855705499649048,-0.2086559236049652,0.9730103611946106,0.9291712641716003,-0.2886158227920532,-0.23095814883708954,0.3051415979862213,0.9515264630317688,0.038548991084098816,0.20863693952560425,-0.10629355162382126,0.9721997380256653,0.9400216341018677,-0.34072425961494446,0.016318218782544136,0.33683595061302185,0.9347208738327026,0.11330701410770416,-0.05385942384600639,-0.10101447999477386,0.9934260249137878,0.7875140309333801,-0.6162632703781128,-0.006421443074941635,0.6047914028167725,0.7707664966583252,0.20036549866199493,-0.11852846294641495,-0.16167427599430084,0.9797001481056213,0.8311247825622559,0.3348993957042694,0.44393014907836914,-0.5218586325645447,0.7454813718795776,0.4146336615085602,-0.19208110868930817,-0.5762810707092285,0.7943581938743591,0.9102940559387207,-0.4056498110294342,-0.08254071325063705,0.3610687553882599,0.8755621910095215,-0.32096752524375916,0.20246994495391846,0.2623719573020935,0.9434865713119507,0.9915375113487244,-0.02209646999835968,0.12792640924453735,0.021752938628196716,0.9997550249099731,0.004082055296748877,-0.12798526883125305,-0.0012647354742512107,0.9917752742767334
143,0.3092934787273407,0.06636431068181992,-0.9486481547355652,0.9268851280212402,0.20203518867492676,0.316331684589386,0.21265342831611633,-0.977127194404602,0.0009760751272551715,0.9751424193382263,-0.2164936363697052,0.0471990592777729,0.21739041805267334,0.9759738445281982,-0.014713993296027184,-0.042879559099674225,0.024608861654996872,0.9987771511077881,0.889064610004425,-0.451625257730484,0.07482480257749557,0.4520564377307892,0.8919081091880798,0.012039432302117348,-0.07217416167259216,0.023121200501918793,0.9971240162849426,0.9398894309997559,-0.33929193019866943,-0.038585811853408813,0.33619555830955505,0.9392209649085999,-0.06954474002122879,0.05983657389879227,0.052391987293958664,0.9968323111534119,0.9608150720596313,-0.2655802071094513,-0.07938256859779358,0.2690575420856476,0.9624244570732117,0.03670371323823929,0.06665194779634476,-0.05662395805120468,0.9961682558059692,0.9023318886756897,-0.4295775890350342,-0.035500217229127884,0.4309772849082947,0.9005581140518188,0.05704054236412048,0.0074666705913841724,-0.06676928699016571,0.9977405071258545,0.9043801426887512,-0.22583891451358795,0.36206817626953125,0.21412762999534607,0.9740938544273376,0.07273634523153305,-0.36911508440971375,0.011747498996555805,0.9293094277381897,0.9820085763931274,-0.1426866203546524,-0.1236918643116951,0.15646423399448395,0.9815488457679749,0.10991290956735611,0.10572650283575058,-0.12728877365589142,0.9862146973609924,0.9891878962516785,-0.1453830897808075,-0.019262531772255898,0.14657168090343475,0.9844603538513184,0.09671877324581146,0.004901925101876259,-0.09849637746810913,0.9951253533363342,0.9248762726783752,-0.3420344293117523,-0.1661815494298935,0.37388113141059875,0.897672176361084,0.23323284089565277,0.06940289586782455,-0.2778436541557312,0.9581159353256226,0.9358789324760437,-0.22205670177936554,-0.27353519201278687,0.23958377540111542,0.9703487157821655,0.03198481723666191,0.2583220601081848,-0.09546850621700287,0.9613300561904907,0.9458637833595276,-0.3070916533470154,0.10505456477403641,0.294582724571228,0.9481493234634399,0.11930561810731888,-0.13624517619609833,-0.08189959824085236,0.9872840046882629,0.80635666847229,-0.5880048274993896,0.06355560570955276,0.5679212808609009,0.7998177409172058,0.1943114846944809,-0.1650889813899994,-0.12058977782726288,0.9788787961006165,0.7039426565170288,0.2226937711238861,0.6744421124458313,-0.5438323616981506,0.779779851436615,0.3101447522640228,-0.456849068403244,-0.5851075649261475,0.6700283885002136,0.920221209526062,-0.23819291591644287,-0.310575395822525,0.16294832527637482,0.9546129703521729,-0.24932286143302917,0.3558662235736847,0.17882443964481354,0.9172682762145996,0.9971646666526794,-0.06613140553236008,0.035905621945858,0.06766204535961151,0.9967711567878723,-0.043233487755060196,-0.03293059393763542,0.045540355145931244,0.9984195828437805
144,0.4255066514015198,0.29246631264686584,-0.8563921451568604,0.805182695388794,0.30960091948509216,0.5057944655418396,0.41306763887405396,-0.904771089553833,-0.10375156998634338,0.8295500874519348,-0.45255759358406067,-0.3271670639514923,0.45723938941955566,0.886792778968811,-0.06731060892343521,0.3205913305282593,-0.09375615417957306,0.9425661563873291,0.9115434885025024,-0.4010424017906189,0.09084835648536682,0.4011524021625519,0.9158373475074768,0.017851170152425766,-0.09036139398813248,0.020171917974948883,0.995704710483551,0.899317741394043,-0.4164837896823883,-0.13329996168613434,0.40583372116088867,0.9084256887435913,-0.10030839592218399,0.16286993026733398,0.0361115001142025,0.9859864711761475,0.8326755166053772,-0.45693692564964294,-0.31282609701156616,0.48667335510253906,0.873361349105835,0.01972314529120922,0.26419797539711,-0.16866710782051086,0.9496056437492371,0.8851079940795898,-0.43580442667007446,-0.1632736176252365,0.4451042115688324,0.8951687812805176,0.023560211062431335,0.13588981330394745,-0.09352710843086243,0.986299455165863,0.8551284074783325,-0.2663043737411499,0.4447891116142273,0.24760091304779053,0.9635939002037048,0.10089883208274841,-0.4554658830165863,0.023848731070756912,0.8899337649345398,0.9957482218742371,-0.025707026943564415,-0.08845686912536621,0.027914175763726234,0.9993268251419067,0.023805608972907066,0.08778535574674606,-0.02617359347641468,0.995795488357544,0.9203667640686035,-0.32884472608566284,-0.21162746846675873,0.36910906434059143,0.9092594385147095,0.19236889481544495,0.12916477024555206,-0.2551635503768921,0.9582316875457764,0.8175244927406311,-0.4435736835002899,-0.36728209257125854,0.5547820925712585,0.7777007222175598,0.29563212394714355,0.15450091660022736,-0.44544804096221924,0.8818761110305786,0.9012448191642761,-0.2921687066555023,-0.3199925422668457,0.3188314139842987,0.9472331404685974,0.033104825764894485,0.29343536496162415,-0.13185922801494598,0.9468414783477783,0.8737935423851013,-0.4699368178844452,-0.12507681548595428,0.4835052490234375,0.8670699000358582,0.12005195766687393,0.05203350633382797,-0.16537593305110931,0.9848570227622986,0.7445868253707886,-0.6651558876037598,0.056197091937065125,0.6394621729850769,0.7349051237106323,0.22583745419979095,-0.19151665270328522,-0.13221967220306396,0.9725427031517029,0.9827872514724731,0.18326489627361298,-0.023305321112275124,-0.1743151843547821,0.9616958498954773,0.2115543782711029,0.06118312478065491,-0.20385049283504486,0.9770883321762085,0.9950583577156067,0.09926209598779678,-0.0024200158659368753,-0.09889461100101471,0.9929628968238831,0.06515021622180939,0.00886993296444416,-0.06458894163370132,0.997872531414032,0.9741067290306091,-0.16984282433986664,0.14922983944416046,0.1855309009552002,0.9777086973190308,-0.09830532968044281,-0.12920686602592468,0.12344662845134735,0.983903706073761
145,0.28646478056907654,0.16580207645893097,-0.9436352849006653,0.8824707865715027,0.3378554880619049,0.3272598385810852,0.37307271361351013,-0.9264789819717407,-0.04953179508447647,0.9372735023498535,-0.3478303849697113,-0.023075003176927567,0.3473329544067383,0.9374595284461975,-0.023008935153484344,0.02963508851826191,0.013550955802202225,0.9994689226150513,0.7991042137145996,-0.5837920904159546,0.1435941606760025,0.584267258644104,0.8104053139686584,0.04330124333500862,-0.14164839684963226,0.04929516464471817,0.9886888861656189,0.9674848914146423,-0.2043815553188324,-0.1490004062652588,0.19993464648723602,0.9788027405738831,-0.04439900442957878,0.15491634607315063,0.013165022246539593,0.9878398776054382,0.9053446650505066,-0.41456180810928345,-0.09213856607675552,0.42025846242904663,0.9058008790016174,0.05392218753695488,0.061105113476514816,-0.08754017949104309,0.9942851066589355,0.8977738618850708,-0.4200948178768158,-0.13237227499485016,0.42725256085395813,0.9036364555358887,0.029939832165837288,0.10703884810209274,-0.08343559503555298,0.9907478094100952,0.8916011452674866,-0.21501494944095612,0.3985172212123871,0.202428936958313,0.9764997363090515,0.07396459579467773,-0.4050554633140564,0.014724500477313995,0.9141735434532166,0.978592574596405,-0.13187119364738464,-0.15800823271274567,0.14919739961624146,0.9833971261978149,0.10329660028219223,0.14176300168037415,-0.1246597021818161,0.9820199608802795,0.9796538949012756,-0.19465771317481995,-0.04885323718190193,0.19939161837100983,0.9717097282409668,0.12658292055130005,0.022830823436379433,-0.1337483823299408,0.9907522797584534,0.9149330854415894,-0.3711194694042206,-0.1586434245109558,0.40099313855171204,0.8804944157600403,0.25285181403160095,0.045846424996852875,-0.29495739936828613,0.9544098973274231,0.9118106365203857,-0.29984796047210693,-0.2805218994617462,0.3221874535083771,0.9459880590438843,0.036080364137887955,0.2545517385005951,-0.12327908724546432,0.9591692686080933,0.938685417175293,-0.34276604652404785,0.03716352954506874,0.3363935649394989,0.9341529607772827,0.11915361881256104,-0.07555823773145676,-0.09934619069099426,0.9921800494194031,0.8425410985946655,-0.5361109375953674,-0.05205313861370087,0.5365074872970581,0.826714813709259,0.16941776871681213,-0.04779362305998802,-0.1706683337688446,0.9841687083244324,0.8476369976997375,0.16374057531356812,0.5046786069869995,-0.30477941036224365,0.9288632273674011,0.2105294167995453,-0.43430519104003906,-0.3322681784629822,0.8372436165809631,0.9544712901115417,0.2355264574289322,-0.1830623745918274,-0.21447478234767914,0.9683555364608765,0.127624973654747,0.20732851326465607,-0.08255212008953094,0.9747820496559143,0.9653272032737732,-0.259311705827713,0.030014006420969963,0.26021677255630493,0.9467503428459167,-0.18960748612880707,0.020751668140292168,0.19084341824054718,0.9814011454582214
146,0.31504306197166443,0.10824793577194214,-0.9428840279579163,0.9115949869155884,0.2419283390045166,0.33236318826675415,0.2640880048274994,-0.9642370343208313,-0.02246043086051941,0.9846311807632446,-0.16783210635185242,-0.048309262841939926,0.16763785481452942,0.9858155846595764,-0.008073920384049416,0.04897908866405487,-0.00014862744137644768,0.9987998008728027,0.7385354042053223,-0.6537376642227173,0.164901465177536,0.6544939875602722,0.7538813352584839,0.05745045468211174,-0.16187366843223572,0.06549782305955887,0.9846354126930237,0.9778202772140503,-0.17654107511043549,-0.11269745975732803,0.17353898286819458,0.984169065952301,-0.035992980003356934,0.11726758629083633,0.015637263655662537,0.9929772615432739,0.9535060524940491,-0.28814107179641724,-0.08832259476184845,0.2923467457294464,0.9555241465568542,0.038819290697574615,0.07320894300937653,-0.06283525377511978,0.9953352212905884,0.8930221199989319,-0.44245263934135437,-0.08214085549116135,0.44689610600471497,0.893383800983429,0.046360328793525696,0.052871059626340866,-0.07810922712087631,0.9955418705940247,0.8859965801239014,-0.24296344816684723,0.3949415683746338,0.22830340266227722,0.969914972782135,0.08451338857412338,-0.40359339118003845,0.015287929214537144,0.9148107171058655,0.9838817715644836,-0.12659120559692383,-0.12629841268062592,0.13947416841983795,0.9852672815322876,0.09897128492593765,0.11190880835056305,-0.11499141156673431,0.9870427250862122,0.9840271472930908,-0.17671848833560944,-0.021475449204444885,0.1780184954404831,0.9769646525382996,0.11768382042646408,0.0001838481257436797,-0.11962709575891495,0.9928188920021057,0.9252027273178101,-0.3448641002178192,-0.1583310067653656,0.37462401390075684,0.8965662717819214,0.2362748384475708,0.06047153100371361,-0.27791672945022583,0.9586998820304871,0.9405416250228882,-0.22656597197055817,-0.2530795633792877,0.24269333481788635,0.9695069193840027,0.03400477394461632,0.2376580536365509,-0.09340362250804901,0.9668476581573486,0.935109555721283,-0.34694233536720276,0.0721191018819809,0.33626124262809753,0.9329893589019775,0.1282934695482254,-0.1117967963218689,-0.09571759402751923,0.98911052942276,0.8508836627006531,-0.5251557230949402,-0.014437850564718246,0.5198335647583008,0.8376506567001343,0.16767343878746033,-0.07596080005168915,-0.15017586946487427,0.9857368469238281,0.8698343634605408,0.15540528297424316,0.46822789311408997,-0.2750559449195862,0.940656304359436,0.19877107441425323,-0.4095514416694641,-0.30168676376342773,0.8609603643417358,0.9543192386627197,0.27169790863990784,-0.12431824207305908,-0.2507975697517395,0.9545621871948242,0.1609707921743393,0.16240492463111877,-0.12243881076574326,0.9790982604026794,0.9794800281524658,-0.20046700537204742,0.020781535655260086,0.20133475959300995,0.9685937762260437,-0.1459125280380249,0.009121783077716827,0.1471024453639984,0.9890791773796082
147,0.40328332781791687,0.14220017194747925,-0.9039589166641235,0.8825750946998596,0.20049028098583221,0.4252821207046509,0.24171015620231628,-0.9693207740783691,-0.0446479469537735,0.9514768123626709,-0.22227197885513306,-0.2128075659275055,0.22531574964523315,0.9742328524589539,-0.010159173049032688,0.20958222448825836,-0.03828267753124237,0.9770413041114807,0.8270333409309387,-0.5483052134513855,0.12400487065315247,0.5487966537475586,0.8352943658828735,0.033249739557504654,-0.12181157618761063,0.04055481404066086,0.9917243719100952,0.9990262985229492,-0.043996233493089676,0.00329192285425961,0.044022321701049805,0.998995840549469,-0.008324082009494305,-0.002922389190644026,0.008460894227027893,0.9999599456787109,0.9462888240814209,-0.20176438987255096,-0.25264328718185425,0.21419976651668549,0.9765324592590332,0.022424383088946342,0.2421899288892746,-0.07533607631921768,0.9672995805740356,0.8933159112930298,-0.42424553632736206,0.14833219349384308,0.41190165281295776,0.9048764109611511,0.10740422457456589,-0.17978806793689728,-0.03484763205051422,0.983087956905365,0.919813871383667,-0.3642866611480713,0.14573170244693756,0.3537326157093048,0.9306430816650391,0.09368379414081573,-0.16975197196006775,-0.03462158888578415,0.9848784804344177,0.9806495308876038,-0.10530897229909897,-0.16503478586673737,0.12064148485660553,0.9889821410179138,0.08578996360301971,0.15418200194835663,-0.10403993725776672,0.9825495481491089,0.9894933104515076,-0.14362405240535736,-0.016587961465120316,0.14455628395080566,0.9848308563232422,0.09597722440958023,0.0025516997557133436,-0.09736671298742294,0.9952452778816223,0.9289949536323547,-0.29302430152893066,-0.22606433928012848,0.33967190980911255,0.9176041483879089,0.20645970106124878,0.14693985879421234,-0.26858773827552795,0.951981782913208,0.9055153131484985,-0.2673186957836151,-0.3295189440250397,0.2934972941875458,0.9554429054260254,0.031435322016477585,0.3064332902431488,-0.12517808377742767,0.9436255097389221,0.9582352042198181,-0.25831183791160583,0.12272030860185623,0.246327742934227,0.9635157585144043,0.10469017922878265,-0.14528566598892212,-0.07008839398622513,0.9869040846824646,0.8464092016220093,-0.5287339091300964,0.06349717080593109,0.5125032067298889,0.8411566019058228,0.17261508107185364,-0.1446785032749176,-0.11356049031019211,0.9829405546188354,0.9271083474159241,0.29378101229667664,0.23272913694381714,-0.3611537218093872,0.8662590384483337,0.3452003300189972,-0.1001904159784317,-0.404089093208313,0.9092161059379578,0.9836781024932861,-0.11283716559410095,0.14016135036945343,0.11918258666992188,0.9921560287475586,-0.03770812228322029,-0.1348070502281189,0.05379744619131088,0.989410400390625,0.993594765663147,0.05357248708605766,-0.099496029317379,-0.05118875578045845,0.9983410239219666,0.02636018395423889,0.10074314475059509,-0.021098261699080467,0.9946887493133545
148,0.3103013038635254,0.06175988167524338,-0.9486299753189087,0.9400684237480164,0.12845751643180847,0.3158639371395111,0.1413663774728775,-0.9897900819778442,-0.018197977915406227,0.9464788436889648,-0.3179005980491638,-0.05583031475543976,0.31722697615623474,0.9481220245361328,-0.020775815472006798,0.059538595378398895,0.001952986465767026,0.9982240796089172,0.9284119606018066,-0.3675341308116913,0.054497215896844864,0.3677155077457428,0.9299117922782898,0.007024835329502821,-0.0532594732940197,0.01351753156632185,0.9984892010688782,0.9998016953468323,-0.011908142827451229,-0.01596301980316639,0.01188794057816267,0.9999284148216248,-0.001359841669909656,0.015978071838617325,0.0011698046000674367,0.9998716711997986,0.9701549410820007,-0.2208525389432907,-0.10011747479438782,0.22488921880722046,0.9738953709602356,0.03086499311029911,0.0906873345375061,-0.05245916545391083,0.994496762752533,0.9437862038612366,-0.3152308762073517,0.09948397427797318,0.3093184232711792,0.948340117931366,0.07052011042833328,-0.11657476425170898,-0.03578368201851845,0.9925370812416077,0.9630990028381348,-0.2535635828971863,0.09025406092405319,0.249085932970047,0.9667420983314514,0.05801612138748169,-0.10196317732334137,-0.03339425101876259,0.9942275285720825,0.992563784122467,-0.12172546982765198,0.0002231844118796289,0.1211925819516182,0.9883866310119629,0.09167434275150299,-0.011379694566130638,-0.09096558392047882,0.9957889914512634,0.994296669960022,-0.08789348602294922,-0.06040608882904053,0.09122619032859802,0.9943199753761292,0.05482298135757446,0.05524439737200737,-0.06002092733979225,0.996667206287384,0.9009993076324463,-0.3974100947380066,-0.17396962642669678,0.43188098073005676,0.8595664501190186,0.273174524307251,0.0409761443734169,-0.32126423716545105,0.9461026787757874,0.9632319808006287,-0.21612560749053955,-0.1596052646636963,0.22453761100769043,0.9737823009490967,0.03648075833916664,0.14753636717796326,-0.07097682356834412,0.9865066409111023,0.9699999094009399,-0.16450583934783936,0.17899161577224731,0.15291006863117218,0.9852471947669983,0.0768536627292633,-0.18899387121200562,-0.04717842489480972,0.980844259262085,0.885398805141449,-0.4639972150325775,-0.02784738317131996,0.4627116024494171,0.874060869216919,0.14803890883922577,-0.04434933140873909,-0.14395877718925476,0.9885894060134888,0.9145318269729614,-0.030125897377729416,0.40339064598083496,0.046564120799303055,0.9984341263771057,-0.031001325696706772,-0.40182504057884216,0.04713523015379906,0.9145025610923767,0.8197386264801025,0.5710735321044922,-0.04363061860203743,-0.5167109966278076,0.7702615261077881,0.3737739324569702,0.2470593899488449,-0.2838525176048279,0.9264930486679077,0.9836511611938477,-0.10630777478218079,-0.14535847306251526,0.09202753007411957,0.990551233291626,-0.10168179869651794,0.1547945737838745,0.08664243668317795,0.9841400980949402
149,0.2502507269382477,0.17867064476013184,-0.9515520930290222,0.9041252136230469,0.30842354893684387,0.29568979144096375,0.34631216526031494,-0.9343188405036926,-0.08435741811990738,0.8726648688316345,-0.4854232668876648,-0.05310611054301262,0.4841077923774719,0.8742595314979553,-0.03619273379445076,0.06399732083082199,0.005875044967979193,0.9979327917098999,0.9510051012039185,-0.29360848665237427,0.0968678891658783,0.2935924828052521,0.9558169841766357,0.01474219374358654,-0.09691640734672546,0.014419781044125557,0.9951880574226379,0.9959867596626282,-0.08830153942108154,-0.014601007103919983,0.08806754648685455,0.9959866404533386,-0.015960676595568657,0.01595176011323929,0.014610747806727886,0.9997659921646118,0.9277125597000122,-0.3586854040622711,-0.10341271013021469,0.3647617995738983,0.9299214482307434,0.04684968665242195,0.07936140149831772,-0.08118405193090439,0.9935345649719238,0.965653121471405,-0.23178637027740479,0.11742696166038513,0.22654668986797333,0.9723691940307617,0.05634482577443123,-0.1272423267364502,-0.02780686877667904,0.9914817810058594,0.9503402709960938,-0.1967155486345291,0.24115628004074097,0.18883250653743744,0.9804333448410034,0.05561266839504242,-0.24737752974033356,-0.007312815170735121,0.9688915610313416,0.9923923015594482,-0.11905339360237122,0.03136657923460007,0.11589492112398148,0.9893286824226379,0.08830142766237259,-0.041544441133737564,-0.08399442583322525,0.9955998063087463,0.9950620532035828,-0.08739422261714935,-0.04705089330673218,0.08997229486703873,0.994380533695221,0.055788539350032806,0.041910894215106964,-0.059746332466602325,0.9973333477973938,0.8775057792663574,-0.3234960436820984,-0.35402536392211914,0.41711851954460144,0.8791139125823975,0.2305881232023239,0.2366342693567276,-0.3500129282474518,0.9063637256622314,0.9592463374137878,-0.22550617158412933,-0.17027468979358673,0.23482586443424225,0.9713531136512756,0.03646888956427574,0.15717287361621857,-0.07496754825115204,0.9847215414047241,0.9779014587402344,-0.18990854918956757,0.08742696046829224,0.18380795419216156,0.9802262783050537,0.07328727841377258,-0.09961608797311783,-0.05559796839952469,0.9934714436531067,0.8264581561088562,-0.5364710092544556,0.17078004777431488,0.5087817311286926,0.8415595293045044,0.18143504858016968,-0.24105621874332428,-0.06305870413780212,0.9684603810310364,0.7077587842941284,0.06808692216873169,0.7031654715538025,-0.2022252082824707,0.9732195138931274,0.10931017249822617,-0.6768918037414551,-0.21956302225589752,0.7025735378265381,0.8750675916671753,0.22370120882987976,-0.4292021691799164,-0.20535172522068024,0.974606454372406,0.0892912745475769,0.4382777512073517,0.010001505725085735,0.8987839221954346,0.9372371435165405,-0.2888162434101105,-0.19537588953971863,0.23562714457511902,0.9376033544540405,-0.2556946873664856,0.2570338845252991,0.19361068308353424,0.9468096494674683
150,0.42529183626174927,0.200583815574646,-0.8825491070747375,0.8855863213539124,0.10894721746444702,0.451516717672348,0.18671822547912598,-0.9735998511314392,-0.1312999278306961,0.9836308360099792,-0.17927122116088867,0.01822674088180065,0.17950618267059326,0.9836813807487488,-0.012182830832898617,-0.01574527472257614,0.015255220234394073,0.9997596740722656,0.9327054023742676,-0.3513662815093994,0.0812547504901886,0.35118576884269714,0.936151921749115,0.016975633800029755,-0.08203145116567612,0.012702246196568012,0.9965487718582153,0.8439734578132629,-0.01771879941225052,-0.536092221736908,0.02947011962532997,0.9994763731956482,0.013360530138015747,0.5355747938156128,-0.02707463502883911,0.8440536856651306,0.9749636650085449,-0.00033950828947126865,-0.2223639339208603,0.0035888333804905415,0.9998925924301147,0.014208735898137093,0.22233521938323975,-0.01465102843940258,0.9748601913452148,0.9503702521324158,-0.0989985391497612,0.2949502468109131,0.08953294157981873,0.9949458241462708,0.04546100273728371,-0.2979600727558136,-0.0167970210313797,0.9544305205345154,0.3148036301136017,-0.9017443060874939,-0.29623618721961975,0.9486319422721863,0.3092912435531616,0.06660624593496323,0.03156145289540291,-0.3019869923591614,0.9527894258499146,0.9954410791397095,-0.07935724407434464,0.052910201251506805,0.07625068724155426,0.995379626750946,0.058353934437036514,-0.057296544313430786,-0.05405346304178238,0.9968928098678589,0.9768308997154236,0.012614481151103973,-0.2136404812335968,-0.01703621633350849,0.9996768236160278,-0.01886860467493534,0.21333341300487518,0.02207106165587902,0.9767301082611084,0.957785427570343,-0.19693170487880707,-0.2094397395849228,0.22996409237384796,0.9620212316513062,0.14707696437835693,0.17252136766910553,-0.18903177976608276,0.9666971564292908,0.9145265221595764,-0.23560620844364166,-0.3288327157497406,0.25920751690864563,0.965380072593689,0.029202116653323174,0.31056836247444153,-0.11194202303886414,0.9439365863800049,0.77138352394104,0.5853298902511597,0.24971246719360352,-0.5319512486457825,0.8084662556648254,-0.25181376934051514,-0.3492782413959503,0.06141013652086258,0.9350045323371887,0.48903992772102356,-0.8653494715690613,-0.1095912829041481,0.849579930305481,0.44408369064331055,0.284611314535141,-0.19762054085731506,-0.23229284584522247,0.9523581862449646,0.9782372117042542,-0.02904951013624668,0.2054460495710373,0.03798433020710945,0.9984902143478394,-0.03967968374490738,-0.20398320257663727,0.046619877219200134,0.9778637290000916,0.9622604250907898,-0.15532135963439941,0.22345049679279327,0.16754411160945892,0.9851810932159424,-0.036703452467918396,-0.21443837881088257,0.0727560967206955,0.9740239977836609,0.6475193500518799,0.5437103509902954,0.5339455008506775,-0.7595348954200745,0.5173395872116089,0.3942923843860626,-0.06185029819607735,-0.6608622074127197,0.7479543685913086
151,0.13846319913864136,0.35440388321876526,-0.9247841835021973,0.40803781151771545,0.830426812171936,0.3793368339538574,0.9024040699005127,-0.4298711121082306,-0.029626622796058655,0.8855521082878113,-0.4611795246601105,0.055775001645088196,0.46293729543685913,0.8860778212547302,-0.023561624810099602,-0.038554850965738297,0.04668537527322769,0.9981653094291687,0.6161938905715942,-0.6990607380867004,0.36279362440109253,0.6917701363563538,0.7005906105041504,0.1750054508447647,-0.37650924921035767,0.1431325078010559,0.9152889847755432,0.5285126566886902,0.6273974776268005,-0.571880042552948,-0.5201275944709778,0.7717174291610718,0.3659501373767853,0.6709259748458862,0.10404127836227417,0.7341891527175903,0.6684558391571045,-0.7397010326385498,-0.07751911133527756,0.742989182472229,0.6594144701957703,0.11462853103876114,-0.033673617988824844,-0.1342199742794037,0.990379273891449,0.9197148084640503,-0.22265298664569855,0.3233424723148346,0.20435801148414612,0.9747557044029236,0.08993929624557495,-0.33520519733428955,-0.01664087362587452,0.9419981837272644,0.6945493221282959,0.1514892876148224,-0.7033151984214783,-0.16454657912254333,0.9851168394088745,0.04969170317053795,0.7003753781318665,0.0812147781252861,0.7091392278671265,0.9649389386177063,-0.25803855061531067,-0.048052020370960236,0.26244768500328064,0.9459146857261658,0.19070032238960266,-0.003754921955987811,-0.19662529230117798,0.9804714918136597,0.9629868268966675,-0.15339496731758118,-0.22164469957351685,0.17455032467842102,0.9814637899398804,0.07912686467170715,0.2053985744714737,-0.11488627642393112,0.9719117879867554,0.6413434743881226,-0.6101080179214478,-0.46523842215538025,0.7672415971755981,0.5134133100509644,0.3843788802623749,0.0043469625525176525,-0.6034691333770752,0.7973744869232178,0.6246368288993835,-0.7221514582633972,-0.29719701409339905,0.7656753063201904,0.6411800384521484,0.05127861350774765,0.15352587401866913,-0.2595869302749634,0.9534382224082947,0.9847452044487,0.045305363833904266,0.16800083220005035,-0.04491865634918213,0.9989719986915588,-0.0061032939702272415,-0.1681046485900879,-0.001536182127892971,0.9857679605484009,0.435653418302536,-0.8673901557922363,-0.2405003160238266,0.8915433883666992,0.379032701253891,0.2479608654975891,-0.12392131984233856,-0.3224414587020874,0.9384428858757019,0.9476717114448547,-0.30359742045402527,0.09872635453939438,0.31839948892593384,0.8763157725334167,-0.3615141212940216,0.02323930151760578,0.374031126499176,0.9271249175071716,0.8506191968917847,-0.522087574005127,0.06222139671444893,0.5067526698112488,0.7825223803520203,-0.3617463707923889,0.14017364382743835,0.3392392694950104,0.9301978945732117,0.23352675139904022,0.3045198321342468,0.923435389995575,-0.9602048397064209,0.22185799479484558,0.16966357827186584,-0.15320560336112976,-0.9263080954551697,0.3442111909389496
152,0.26229944825172424,0.09240622073411942,-0.9605519771575928,0.8215503096580505,0.500788152217865,0.27251845598220825,0.5062154531478882,-0.8606232404708862,0.05544010549783707,0.9445372819900513,0.09785757958889008,0.31348568201065063,-0.08689765632152557,0.995022177696228,-0.04878176376223564,-0.3166988790035248,0.018835021182894707,0.9483391046524048,0.8764394521713257,-0.4594828188419342,0.14397719502449036,0.45895567536354065,0.8876091241836548,0.03885545954108238,-0.14564889669418335,0.03202469274401665,0.9888178706169128,0.7746147513389587,-0.4048788547515869,-0.4858447313308716,0.378813236951828,0.912194550037384,-0.1562103033065796,0.5064311623573303,-0.06304160505533218,0.8599728345870972,0.7983022332191467,-0.09945990145206451,0.5939875841140747,0.11228136718273163,0.9935561418533325,0.015462490729987621,-0.5916979312896729,0.05434999614953995,0.8043255805969238,0.3544599115848541,-0.7210520505905151,-0.595350444316864,0.790682852268219,0.5710152387619019,-0.22082172334194183,0.49917811155319214,-0.3924609422683716,0.7725254893302917,0.10317239165306091,-0.25436192750930786,-0.961590051651001,0.3860143721103668,0.9012178778648376,-0.19697529077529907,0.9167051911354065,-0.3508651554584503,0.1911681592464447,0.9540185332298279,-0.2996373176574707,-0.008131301961839199,0.29370343685150146,0.9290173053741455,0.22508929669857025,-0.05989103391766548,-0.21712756156921387,0.97430419921875,0.9966422915458679,0.0739833191037178,-0.035080231726169586,-0.07569921761751175,0.9958557486534119,-0.050408121198415756,0.031205488368868828,0.052894413471221924,0.9981124401092529,0.3879775106906891,-0.8272969126701355,-0.40626752376556396,0.8184157013893127,0.10651630163192749,0.5646680593490601,-0.42387402057647705,-0.5515742301940918,0.7183986902236938,0.7063671350479126,-0.7042098045349121,0.07165217399597168,0.6871780753135681,0.7065025568008423,0.1692347228527069,-0.16979919373989105,-0.07030404359102249,0.982967734336853,0.9638886451721191,0.2602068781852722,-0.05666576325893402,-0.2641635835170746,0.9611731171607971,-0.0797736868262291,0.03370794653892517,0.09186198562383652,0.995201051235199,0.3404158353805542,-0.9400361180305481,0.02119269222021103,0.868166983127594,0.3228861689567566,0.3768695294857025,-0.3611138164997101,-0.1098935604095459,0.9260239005088806,0.8113512992858887,-0.4636300206184387,0.3560285270214081,0.582574188709259,0.5911743640899658,-0.5577815175056458,0.04812929779291153,0.6599697470664978,0.749748945236206,-0.6849040985107422,0.43234771490097046,-0.5864996314048767,-0.18745163083076477,0.6732856035232544,0.7152261137962341,0.7041081190109253,0.5998015999794006,-0.38009175658226013,0.8299699425697327,-0.5179424285888672,-0.20708823204040527,0.385210782289505,0.8007088303565979,-0.45877885818481445,0.40343838930130005,0.30100002884864807,0.8640812635421753
153,0.3789619207382202,0.3192906081676483,-0.8685858249664307,0.692042350769043,0.5253543257713318,0.4950557351112366,0.6143819689750671,-0.7887054681777954,-0.0218733511865139,0.9426976442337036,-0.3151968717575073,-0.10941710323095322,0.31442224979400635,0.9489613771438599,-0.024717584252357483,0.11162351071834564,-0.011101962998509407,0.9936885237693787,0.8138623237609863,-0.5636846423149109,0.14102374017238617,0.5625620484352112,0.8251447677612305,0.05157577618956566,-0.14543747901916504,0.03735902160406113,0.9886618256568909,0.990001380443573,0.02050374262034893,-0.13955970108509064,-0.01931556686758995,0.9997648000717163,0.00986303761601448,0.1397290974855423,-0.007068746257573366,0.9901645183563232,0.8619278073310852,-0.4670581519603729,-0.19732503592967987,0.4842855632305145,0.8736148476600647,0.047587741166353226,0.1501598358154297,-0.13657885789871216,0.9791824221611023,0.8510523438453674,-0.3936167061328888,0.3475281596183777,0.36164119839668274,0.9192502498626709,0.15554611384868622,-0.38069090247154236,-0.006697373930364847,0.9246780872344971,0.7734262347221375,0.20520225167274475,-0.599753201007843,-0.22524872422218323,0.9733713269233704,0.042558684945106506,0.5925157070159912,0.10217763483524323,0.7990524768829346,0.9849545955657959,-0.12041185796260834,0.12395749241113663,0.10981597006320953,0.9899547100067139,0.08905106782913208,-0.13343511521816254,-0.07409874349832535,0.9882835745811462,0.9216587543487549,-0.18840986490249634,-0.33918559551239014,0.22912542521953583,0.9697736501693726,0.08390843123197556,0.3131240904331207,-0.15505097806453705,0.9369698762893677,0.8631759881973267,-0.49916547536849976,-0.07590169459581375,0.49369972944259644,0.8029386401176453,0.33399122953414917,-0.10577250272035599,-0.32576584815979004,0.9395151734352112,0.897946834564209,-0.37820345163345337,-0.22506362199783325,0.39806067943573,0.9160609245300293,0.04878585785627365,0.18772101402282715,-0.13339608907699585,0.9731219410896301,0.9827218651771545,-0.09890519827604294,0.15644647181034088,0.09208250045776367,0.9944806098937988,0.05029076337814331,-0.16055700182914734,-0.03501585125923157,0.9864052534103394,0.8247774839401245,-0.5652960538864136,-0.013510159216821194,0.5583109259605408,0.8103344440460205,0.1778961420059204,-0.08961623907089233,-0.1542675942182541,0.983956515789032,0.9164266586303711,-0.18846558034420013,-0.35304805636405945,0.12318214029073715,0.9721812605857849,-0.19922302663326263,0.3807733654975891,0.1390840709209442,0.9141483902931213,0.9700422286987305,-0.23463279008865356,-0.06297231465578079,0.22019366919994354,0.9586847424507141,-0.18010640144348145,0.10262946784496307,0.16084471344947815,0.9816293716430664,0.35357174277305603,0.7289985418319702,0.5861297845840454,-0.857986330986023,0.003136617364361882,0.5136629343032837,0.3726210594177246,-0.6845080256462097,0.6265798211097717
154,0.3050485849380493,0.3107205331325531,-0.9002211689949036,0.5195391774177551,0.7379235625267029,0.430752694606781,0.7981380820274353,-0.599100649356842,0.0636710524559021,0.8865174055099487,-0.45219436287879944,-0.09801598638296127,0.45032376050949097,0.8918906450271606,-0.041708335280418396,0.10627981275320053,-0.007163758855313063,0.9943104386329651,0.8933250308036804,-0.4172423779964447,0.16697071492671967,0.41531768441200256,0.908409595489502,0.0479922890663147,-0.17170222103595734,0.02647317573428154,0.9847931265830994,0.8933469653129578,-0.24515266716480255,-0.3766050934791565,0.23226653039455414,0.9693530201911926,-0.0800437405705452,0.3846862018108368,-0.01596592366695404,0.9229093194007874,0.6436963677406311,-0.667980432510376,-0.3734395503997803,0.7212215662002563,0.6926921010017395,0.004131589084863663,0.25591883063316345,-0.27199214696884155,0.9276453256607056,0.7074394226074219,-0.05834903195500374,0.7043613195419312,0.019810674712061882,0.9978318214416504,0.0627627745270729,-0.7064962387084961,-0.030446993187069893,0.7070615291595459,0.3956579566001892,-0.18930380046367645,-0.8986761569976807,0.266491174697876,0.9600896835327148,-0.0849129781126976,0.8788840770721436,-0.20589277148246765,0.43031492829322815,0.9092650413513184,-0.3113284111022949,0.2762458026409149,0.24678608775138855,0.9377169609069824,0.24450676143169403,-0.33516228199005127,-0.15414781868457794,0.9294647574424744,0.8383225798606873,-0.19745874404907227,-0.5081587433815002,0.2640482187271118,0.9625412821769714,0.06158582121133804,0.4769631326198578,-0.18580719828605652,0.859058678150177,0.8873376846313477,-0.37793415784835815,0.2641923427581787,0.3184044063091278,0.9165979623794556,0.24179904162883759,-0.3335422873497009,-0.13043738901615143,0.9336678385734558,0.8306611180305481,-0.5509223937988281,-0.08053943514823914,0.5565807819366455,0.8254860639572144,0.09375803917646408,0.014830779284238815,-0.12270785868167877,0.9923320412635803,0.9980061054229736,0.016133738681674004,0.06102035567164421,-0.016094965860247612,0.9998698234558105,-0.001126921852119267,-0.06103059649467468,0.00014255444693844765,0.9981358647346497,0.5374580025672913,-0.8185415863990784,-0.2028019279241562,0.8382638096809387,0.49235591292381287,0.23430639505386353,-0.0919388011097908,-0.295931339263916,0.9507743716239929,0.8934013843536377,0.05590293928980827,-0.4457676410675049,-0.02135654352605343,0.9963908791542053,0.08215313404798508,0.44875141978263855,-0.06387567520141602,0.8913708925247192,0.9425022006034851,0.33282357454299927,0.03029930591583252,-0.3311103582382202,0.917644202709198,0.21976123750209808,0.0453377366065979,-0.21715787053108215,0.97508305311203,0.7418593168258667,-0.6029921770095825,-0.29333460330963135,0.3768268823623657,0.7367340326309204,-0.5614485740661621,0.5546586513519287,0.30597949028015137,0.773776650428772
155,0.18929918110370636,0.45834118127822876,-0.8683831095695496,0.34923216700553894,0.7951209545135498,0.4958019554615021,0.9177160263061523,-0.39712220430374146,-0.009551734663546085,0.5602924227714539,-0.741948664188385,-0.36821815371513367,0.7396616339683533,0.6482577919960022,-0.18072763085365295,0.3727909028530121,-0.17109651863574982,0.9120048880577087,0.4896995723247528,0.1861785501241684,0.8517816066741943,-0.2447637915611267,0.9670056104660034,-0.0706460177898407,-0.8368303179740906,-0.17388996481895447,0.5191119909286499,-0.21933293342590332,-0.36303722858428955,-0.9055920839309692,0.2844201326370239,0.8640857934951782,-0.415284126996994,0.9332728385925293,-0.3486541211605072,-0.0862673744559288,0.6867685914039612,-0.5644342303276062,-0.4579988121986389,0.6270898580551147,0.7787064909934998,-0.019351493567228317,0.36756929755210876,-0.27391642332077026,0.8887421488761902,0.7538467645645142,-0.5148999094963074,0.4081582725048065,0.4622420072555542,0.8570781350135803,0.2274848371744156,-0.4669554531574249,0.0171792134642601,0.8841139674186707,0.8569774627685547,0.04431052878499031,-0.5134453773498535,-0.04407607764005661,0.9989481568336487,0.012643443420529366,0.5134655833244324,0.011795512400567532,0.8580291271209717,0.9368227124214172,-0.3458639979362488,0.052357133477926254,0.32134324312210083,0.9100425243377686,0.2618418335914612,-0.13820888102054596,-0.22847478091716766,0.9636895656585693,0.9720973372459412,-0.07678496837615967,-0.22165484726428986,0.08590681105852127,0.9957956671714783,0.03179554268717766,0.21828152239322662,-0.049950022250413895,0.9746066927909851,0.878908097743988,-0.4225636422634125,0.2212703377008438,0.3580479621887207,0.8909584283828735,0.27927547693252563,-0.3151543140411377,-0.16623206436634064,0.9343686103820801,0.7651186585426331,-0.6210287809371948,-0.1700490415096283,0.6394900679588318,0.763731062412262,0.08813240379095078,0.07513898611068726,-0.17617642879486084,0.9814866185188293,0.9832618832588196,-0.07453083246946335,0.16625642776489258,0.06842740625143051,0.9967653155326843,0.042149867862463,-0.16886010766029358,-0.030067864805459976,0.9851812720298767,0.9076229333877563,-0.4116227328777313,0.08238552510738373,0.4001864492893219,0.9076871871948242,0.12631234526634216,-0.12677331268787384,-0.08167440444231033,0.9885635375976562,0.9278613328933716,-0.01351493876427412,-0.3726804256439209,0.015015619806945324,0.9998866319656372,0.0011243046028539538,0.3726229965686798,-0.00663922680541873,0.9279590845108032,0.9097209572792053,0.41493940353393555,-0.015267039649188519,-0.3962613344192505,0.87857985496521,0.2665978670120239,0.12403527647256851,-0.23647993803024292,0.9636869430541992,0.8660978078842163,-0.048377517610788345,-0.4975281059741974,-0.005808389745652676,0.9942647218704224,-0.10678932815790176,0.4998408555984497,0.09537983685731888,0.8608494400978088
156,-0.503132700920105,-0.7181823253631592,-0.4806990921497345,0.360323429107666,-0.6799063086509705,0.6386660933494568,0.7855090498924255,-0.14812666177749634,-0.6008610725402832,0.13327182829380035,-0.3175339698791504,-0.9388347864151001,0.44776663184165955,0.864384114742279,-0.22879068553447723,0.8841627240180969,-0.3898875415325165,0.2573791742324829,0.2481878250837326,0.9074233174324036,0.3390953838825226,-0.9182834625244141,0.33185237646102905,-0.21593867242336273,-0.30847740173339844,-0.25779232382774353,0.9156335592269897,0.9319586157798767,-0.08794759958982468,-0.3517361581325531,0.08630791306495667,0.9960601925849915,-0.020372379571199417,0.3521420955657959,-0.011371397413313389,0.9358775019645691,0.6970555782318115,0.16369131207466125,-0.6980821490287781,-0.1480381190776825,0.985470712184906,0.08325981348752975,0.7015684247016907,0.04530604928731918,0.71116042137146,0.36912018060684204,0.8969765901565552,0.24327605962753296,-0.8381955027580261,0.43437108397483826,-0.3297727704048157,-0.4014705419540405,-0.08218712359666824,0.9121769070625305,0.7842151522636414,-0.22253167629241943,-0.5792117118835449,0.259436696767807,0.9655590653419495,-0.019704846665263176,0.5636481046676636,-0.13481594622135162,0.8149389624595642,0.9164403676986694,0.09077825397253036,0.3897387981414795,-0.062108829617500305,0.9943943619728088,-0.08557101339101791,-0.3953220546245575,0.05421450734138489,0.916941225528717,0.9734925031661987,0.18590253591537476,-0.13323882222175598,-0.20205684006214142,0.9719764590263367,-0.12014469504356384,0.10716979950666428,0.14388176798820496,0.983774721622467,0.6281009316444397,0.48826348781585693,-0.6058778762817383,-0.69119793176651,0.7077192664146423,-0.14621524512767792,0.3573998808860779,0.5106194615364075,0.782005786895752,0.9777301549911499,0.12823142111301422,-0.16613367199897766,-0.1297215074300766,0.9915486574172974,0.001896361936815083,0.16497279703617096,0.019696980714797974,0.9861013889312744,-0.3275683522224426,0.9426113963127136,0.06467416882514954,-0.6458784341812134,-0.1734389215707779,-0.7434782981872559,-0.6895940899848938,-0.28531160950660706,0.6656255125999451,0.07490648329257965,-0.14527548849582672,-0.9865515828132629,0.6726699471473694,0.7377007603645325,-0.05755653604865074,0.7361414432525635,-0.6593122482299805,0.1529810130596161,0.5897603034973145,0.4827187657356262,-0.6474298238754272,-0.09816897660493851,0.8385999798774719,0.5358291864395142,0.8015894889831543,-0.2524532377719879,0.5419609546661377,0.8351137638092041,-0.3397788405418396,0.43259140849113464,0.40738922357559204,0.9104641675949097,-0.07133728265762329,-0.36962008476257324,0.23580783605575562,0.8987634181976318,0.3506473898887634,-0.0889144241809845,0.9322771430015564,-0.10917940735816956,0.9848135113716125,0.13498947024345398,-0.930121660232544,-0.14911916851997375,0.3356146812438965
157,-0.055886246263980865,0.38138553500175476,-0.9227252006530762,0.5094389319419861,0.805709719657898,0.302165150642395,0.858690083026886,-0.4531852602958679,-0.23932072520256042,0.634587824344635,-0.7569310069084167,0.15605677664279938,0.7670024633407593,0.6416069865226746,-0.006909004878252745,-0.09489747136831284,0.12408030033111572,0.9877239465713501,0.9969362020492554,-0.06044916436076164,0.04964008182287216,0.06030983850359917,0.9981704354286194,0.004301073960959911,-0.04980925843119621,-0.0012941107852384448,0.9987578988075256,0.20344692468643188,0.5260541439056396,-0.8257580399513245,-0.3631523549556732,0.8237807154655457,0.43532249331474304,0.9092468023300171,0.2113109529018402,0.35863345861434937,0.6947358250617981,-0.6116372346878052,-0.37847331166267395,0.6618516445159912,0.7496268153190613,0.0034675525967031717,0.28159284591674805,-0.25290220975875854,0.9256057143211365,0.6577301025390625,-0.48430123925209045,0.5769258141517639,0.40211766958236694,0.873396635055542,0.2747357487678528,-0.6369399428367615,0.05129009857773781,0.7692053318023682,0.9123082160949707,-0.3434816002845764,-0.2229665070772171,0.3593912422657013,0.9325717091560364,0.033881064504384995,0.19629473984241486,-0.11104218661785126,0.9742371439933777,0.9490798115730286,-0.23644080758094788,0.20819050073623657,0.20105430483818054,0.9633583426475525,0.17753276228904724,-0.24253803491592407,-0.12663516402244568,0.9618414044380188,0.9754809737205505,-0.21723933517932892,-0.03527029976248741,0.22004899382591248,0.965574324131012,0.13872529566287994,0.003919503185898066,-0.1430850774049759,0.9897026419639587,0.8928892016410828,-0.4455319046974182,-0.06519393622875214,0.4433637857437134,0.8446445465087891,0.3000068962574005,-0.07859694212675095,-0.29677754640579224,0.9517067074775696,0.8168601393699646,-0.573305070400238,-0.06372484564781189,0.5768243670463562,0.8111481666564941,0.09650048613548279,-0.0036339242942631245,-0.11558544635772705,0.993290901184082,0.9796427488327026,-0.06019115820527077,0.19151264429092407,0.05382516235113144,0.9978165030479431,0.038275811821222305,-0.1933983415365219,-0.02718842215836048,0.9807435274124146,0.6466953754425049,-0.7623113989830017,-0.025814946740865707,0.7425858974456787,0.6215096116065979,0.2495836466550827,-0.17421622574329376,-0.18057440221309662,0.9680091142654419,0.9112978577613831,0.029164530336856842,-0.4107135534286499,-0.009118586778640747,0.9986732006072998,0.050682734698057175,0.4116467237472534,-0.04244194179773331,0.9103546738624573,0.8376559019088745,0.5441872477531433,-0.04682803899049759,-0.496292382478714,0.7941200137138367,0.3508094251155853,0.22809308767318726,-0.27061718702316284,0.9352753162384033,0.6376725435256958,0.7170019745826721,-0.28157052397727966,-0.492245078086853,0.6604505777359009,0.5670095682144165,0.5925103425979614,-0.22296470403671265,0.7740918397903442
158,-0.05556672066450119,0.3814876675605774,-0.9227022528648376,0.5091986060142517,0.8057478070259094,0.302468478679657,0.8588533401489258,-0.4530315399169922,-0.2390257567167282,0.6366180181503296,-0.7553920149803162,0.15524324774742126,0.7654426097869873,0.6434550881385803,-0.007947096601128578,-0.09388888627290726,0.12388906627893448,0.9878442883491516,0.9968793392181396,-0.06156165152788162,0.049413517117500305,0.06142900884151459,0.998102605342865,0.004199957009404898,-0.04957831650972366,-0.0011514273937791586,0.9987695813179016,0.20922477543354034,0.5240975618362427,-0.8255584239959717,-0.36016416549682617,0.8261953592300415,0.4332239627838135,0.9091241955757141,0.20669537782669067,0.3616217076778412,0.693180501461029,-0.6123945116996765,-0.38009700179100037,0.662743866443634,0.7488431334495544,0.002140810713171959,0.2833220064640045,-0.25339093804359436,0.9249441623687744,0.6561963558197021,-0.48428183794021606,0.5786859393119812,0.4014543890953064,0.8734004497528076,0.2756919860839844,-0.6389371752738953,0.05140794441103935,0.7675392627716064,0.9120522141456604,-0.3432362377643585,-0.22438736259937286,0.35924991965293884,0.9326362013816833,0.03360309079289436,0.19773797690868378,-0.11125890910625458,0.9739205241203308,0.9486549496650696,-0.23828253149986267,0.20802704989910126,0.2026621550321579,0.962813675403595,0.178655743598938,-0.24286183714866638,-0.1273234337568283,0.9616687893867493,0.9754369854927063,-0.21748457849025726,-0.03497398644685745,0.22025036811828613,0.9654877185821533,0.13900788128376007,0.003534887684509158,-0.14329645037651062,0.9896734952926636,0.8928970098495483,-0.4455552101135254,-0.06492652744054794,0.4432552456855774,0.8444799184799194,0.3006301820278168,-0.07911819219589233,-0.29721081256866455,0.9515282511711121,0.8145702481269836,-0.576343297958374,-0.06560254096984863,0.5800620913505554,0.8089897036552429,0.09520331025123596,-0.0017980093834921718,-0.11560332775115967,0.993293821811676,0.9793676733970642,-0.05875597149133682,0.19335629045963287,0.05241842567920685,0.9979119896888733,0.037735387682914734,-0.19516974687576294,-0.026821386069059372,0.9804026484489441,0.6465264558792114,-0.7624837160110474,-0.02494281716644764,0.7425602078437805,0.6214619874954224,0.24977856874465942,-0.17495107650756836,-0.18000999093055725,0.9679816961288452,0.9105733036994934,0.028905920684337616,-0.412335604429245,-0.009001431055366993,0.9987019300460815,0.05013376474380493,0.41324955224990845,-0.04193885624408722,0.9096515774726868,0.8389946222305298,0.542258620262146,-0.04520615190267563,-0.4952426552772522,0.7953813672065735,0.3494326174259186,0.22543898224830627,-0.27078405022621155,0.935870349407196,0.6413372755050659,0.7126003503799438,-0.28440678119659424,-0.48707565665245056,0.6645403504371643,0.5666951537132263,0.5928269624710083,-0.22491510212421417,0.7732847929000854
159,0.13399530947208405,0.4440772235393524,-0.8859123587608337,0.47742000222206116,0.7544623017311096,0.45039623975753784,0.8683981895446777,-0.4833032488822937,-0.11091695725917816,0.8824890851974487,-0.18378505110740662,-0.43293893337249756,0.20059125125408173,0.97965008020401,-0.006988178007304668,0.42541298270225525,-0.08067677170038223,0.9013961553573608,0.3291580080986023,-0.7639660239219666,0.554987370967865,0.7346257567405701,0.5764510035514832,0.3578117787837982,-0.5932790637016296,0.28993135690689087,0.7509725689888,0.030390627682209015,0.85887610912323,-0.5112810134887695,-0.6609224677085876,0.40099984407424927,0.6343347430229187,0.7498385310173035,0.3186393082141876,0.5798371434211731,0.6290294528007507,-0.634807288646698,-0.448711097240448,0.7007786631584167,0.7128986120223999,-0.026170076802372932,0.3364984691143036,-0.29798540472984314,0.8932936191558838,0.9886457324028015,-0.14700408279895782,-0.031135831028223038,0.14767082035541534,0.9888280034065247,0.020310290157794952,0.02780228666961193,-0.024677535519003868,0.9993087649345398,0.7960438132286072,-0.5208166241645813,-0.30832502245903015,0.5548430681228638,0.8314841985702515,0.027985313907265663,0.24179215729236603,-0.19334954023361206,0.9508693218231201,0.9429535269737244,-0.2776258587837219,0.183745875954628,0.23813670873641968,0.9481463432312012,0.2104979008436203,-0.23265764117240906,-0.1547331064939499,0.9601708650588989,0.9541483521461487,-0.14802634716033936,-0.2601713538169861,0.17138461768627167,0.9827578067779541,0.06938616186380386,0.24541443586349487,-0.1107940524816513,0.9630661606788635,0.925929605960846,-0.3774826228618622,-0.012699617072939873,0.3687542676925659,0.8962239623069763,0.24658246338367462,-0.08169889450073242,-0.23300103843212128,0.9690386056900024,0.8085066080093384,-0.5534135699272156,-0.20012611150741577,0.5741432905197144,0.8164127469062805,0.06188470125198364,0.12913767993450165,-0.16493526101112366,0.9778137803077698,0.9940658211708069,-0.01032216101884842,0.10828946530818939,0.009118852205574512,0.9998911023139954,0.011601297184824944,-0.10839742422103882,-0.010544977150857449,0.9940516948699951,0.3048204779624939,-0.8594278693199158,-0.41044875979423523,0.9511871933937073,0.25287872552871704,0.17690470814704895,-0.04824308678507805,-0.44433778524398804,0.894559383392334,0.8727775812149048,0.04368724673986435,-0.48615917563438416,-0.011131423525512218,0.9975090622901917,0.06965448707342148,0.48799118399620056,-0.055381231009960175,0.8710898160934448,0.9106165766716003,0.39137017726898193,-0.13269074261188507,-0.35348275303840637,0.903998851776123,0.24049119651317596,0.21407337486743927,-0.17209137976169586,0.9615389704704285,0.7239397764205933,-0.04977460950613022,0.6880651712417603,-0.018690546974539757,0.995612382888794,0.09168760478496552,-0.689609944820404,-0.07923661917448044,0.7198330760002136
160,0.05236899107694626,0.2817443609237671,-0.9580593109130859,0.6105977892875671,0.7501136064529419,0.2539682984352112,0.7902074456214905,-0.5982889533042908,-0.13274981081485748,0.7014816999435425,-0.4612494707107544,-0.5432976484298706,0.4800546169281006,0.8692459464073181,-0.11814835667610168,0.526755154132843,-0.17793363332748413,0.8311850428581238,0.634437620639801,0.18672780692577362,-0.7500810623168945,-0.23169758915901184,0.971703290939331,0.04592350870370865,0.7374314665794373,0.14465638995170593,0.6597495079040527,0.7030134797096252,0.691691517829895,0.1653326004743576,-0.708100438117981,0.7023937702178955,0.07236521691083908,-0.0660741850733757,-0.16794581711292267,0.9835793972015381,0.7701321840286255,-0.5078020095825195,-0.38604864478111267,0.5547494888305664,0.8319254517555237,0.012374167330563068,0.31488004326820374,-0.22369001805782318,0.9223954081535339,0.8815072178840637,-0.46846166253089905,0.0590653270483017,0.461041659116745,0.8809685111045837,0.10646611452102661,-0.10190998762845993,-0.06661907583475113,0.9925604462623596,-0.008652414195239544,0.9938908219337463,-0.11002830415964127,-0.9535558223724365,-0.041331905871629715,-0.2983672320842743,-0.30109211802482605,0.10233652591705322,0.9480879306793213,0.815061628818512,-0.3901613652706146,0.42830902338027954,0.26398053765296936,0.9081529974937439,0.3249191343784332,-0.5157409906387329,-0.15176387131214142,0.8431956768035889,0.9172652959823608,-0.2057042419910431,-0.34104272723197937,0.25054025650024414,0.963667094707489,0.09260273724794388,0.30960288643836975,-0.1703862100839615,0.9354755878448486,0.9531365036964417,0.036327045410871506,0.30035164952278137,-0.016036776825785637,0.9974358081817627,-0.06974709779024124,-0.30211520195007324,0.06166183575987816,0.9512750506401062,0.8285869359970093,-0.5598580241203308,0.001623310032300651,0.5564208030700684,0.823813796043396,0.10828995704650879,-0.061964306980371475,-0.08882439881563187,0.9941180348396301,0.8327406644821167,0.03446035459637642,0.5525897741317749,-0.051058560609817505,0.9985879063606262,0.014670643024146557,-0.5513039231300354,-0.04043127968907356,0.8333242535591125,-0.00277924002148211,-0.11745137721300125,-0.9930747747421265,0.6766892075538635,0.7309494614601135,-0.08834350854158401,0.7362635135650635,-0.6722484827041626,0.0774465948343277,0.8006837964057922,-0.08169717341661453,-0.5934905409812927,0.0557543970644474,0.9965202808380127,-0.06195760518312454,0.5964871048927307,0.016518743708729744,0.8024526238441467,0.6164500713348389,0.7845882773399353,0.06641146540641785,-0.6914604902267456,0.4990682899951935,0.5223153233528137,0.3766586184501648,-0.3679022192955017,0.8501625061035156,0.574672520160675,0.5342856645584106,-0.6199115514755249,-0.3375582993030548,0.844794750213623,0.4151821732521057,0.7455239295959473,-0.02933749556541443,0.6658328771591187
161,-0.018413016572594643,0.47613415122032166,-0.879179835319519,0.5055283308029175,0.7630831599235535,0.40267258882522583,0.8626134991645813,-0.4370359182357788,-0.25474998354911804,0.5389741659164429,-0.18671691417694092,-0.8213669061660767,0.271930068731308,0.961479902267456,-0.04012978449463844,0.7972207069396973,-0.20172546803951263,0.5689867734909058,0.10267417132854462,-0.8287001252174377,0.5501945614814758,0.7809435725212097,0.4097445011138916,0.4714197516441345,-0.6161048412322998,0.38126829266548157,0.6892382502555847,0.11837238073348999,0.9664589166641235,-0.22791485488414764,-0.8530028462409973,0.2164687216281891,0.4748972952365875,0.5083051323890686,0.13819728791713715,0.8500161170959473,0.7882918119430542,-0.5493484139442444,-0.27715036273002625,0.5815789103507996,0.8122939467430115,0.044097043573856354,0.20090292394161224,-0.19594615697860718,0.9598141312599182,0.28189995884895325,-0.8129807114601135,-0.509504497051239,0.8982884287834167,0.41020098328590393,-0.15752167999744415,0.3370613157749176,-0.4132766127586365,0.8459267616271973,0.6840035319328308,0.4830729365348816,0.5466074347496033,-0.40848860144615173,0.8744580149650574,-0.26164913177490234,-0.6043809056282043,-0.04431397095322609,0.7954621315002441,0.9783864617347717,-0.15802153944969177,0.13337570428848267,0.14212891459465027,0.9823853969573975,0.12131921201944351,-0.15019738674163818,-0.09974053502082825,0.9836120009422302,0.7759150862693787,-0.3682650029659271,-0.5121881365776062,0.5029968619346619,0.8511731028556824,0.149994894862175,0.38072288036346436,-0.3740123212337494,0.8456742167472839,-0.13288310170173645,-0.2344672828912735,0.9629990458488464,0.2541823387145996,0.9310587644577026,0.26176491379737854,-0.9579840302467346,0.27956148982048035,-0.06412453204393387,0.8821545243263245,-0.4619811773300171,-0.09152492880821228,0.46850407123565674,0.8806445002555847,0.07049218565225601,0.04803486540913582,-0.10506480932235718,0.9933046102523804,0.2509467601776123,-0.745006263256073,0.6180545687675476,0.4395087659358978,0.6565709710121155,0.6129817366600037,-0.862471878528595,0.11781460046768188,0.49220114946365356,0.12764571607112885,0.8260855674743652,-0.5488982200622559,-0.9606842994689941,0.24055686593055725,0.13862918317317963,0.24656079709529877,0.5096224546432495,0.8243134617805481,0.9615671634674072,-0.16668108105659485,-0.21818797290325165,0.1274126023054123,0.9747913479804993,-0.18316087126731873,0.24321718513965607,0.14832158386707306,0.9585645794868469,0.5327988266944885,0.8417626619338989,-0.08695393800735474,-0.6609512567520142,0.47810304164886475,0.5784124135971069,0.5284589529037476,-0.25070515275001526,0.8110968470573425,0.7234704494476318,0.46088680624961853,-0.5139784812927246,-0.31959718465805054,0.883526623249054,0.34240081906318665,0.6119216680526733,-0.0834507942199707,0.7865035533905029
162,0.019246814772486687,0.6541722416877747,-0.7561006546020508,0.5183271765708923,0.6401512026786804,0.5670478940010071,0.8549657464027405,-0.40282142162323,-0.3267543911933899,0.6039884686470032,-0.5849032402038574,-0.5413743257522583,0.6040045022964478,0.7790988087654114,-0.1678795963525772,0.5199773907661438,-0.22559519112110138,0.8238508701324463,0.971167802810669,-0.2092423439025879,0.1142398864030838,0.20838366448879242,0.977851927280426,0.01954239048063755,-0.11579878628253937,0.004826786462217569,0.9932609796524048,0.9272413849830627,0.0733831599354744,-0.36720338463783264,-0.06364955753087997,0.997226893901825,0.03856489434838295,0.369015097618103,-0.012386634014546871,0.9293408393859863,0.32161885499954224,-0.7930095195770264,-0.5173946619033813,0.9041642546653748,0.4194609820842743,-0.0808672234416008,0.2811553478240967,-0.4418013393878937,0.8519173860549927,-0.3609648644924164,-0.9283715486526489,-0.08849110454320908,0.8556813597679138,-0.367437481880188,0.36441612243652344,-0.3708285093307495,0.05582122877240181,0.9270222187042236,0.9374350309371948,0.17501910030841827,-0.3009715974330902,-0.18283700942993164,0.9831407070159912,0.002228079829365015,0.2962873876094818,0.052940066903829575,0.9536305069923401,-0.2172737568616867,-0.09888997673988342,-0.9710885286331177,0.9545401930809021,-0.22951571643352509,-0.19019865989685059,-0.20407132804393768,-0.9682682156562805,0.1442621946334839,0.9190768599510193,-0.2600880563259125,-0.2960607409477234,0.3094465434551239,0.9414945244789124,0.13353228569030762,0.24400942027568817,-0.214341402053833,0.9457891583442688,0.7197933793067932,-0.38404610753059387,-0.5782785415649414,0.6078484654426575,0.7510300278663635,0.2578258514404297,0.33528754115104675,-0.5370870232582092,0.7740283012390137,-0.047117315232753754,-0.9311650395393372,-0.36154067516326904,0.997673749923706,-0.061720170080661774,0.02894267626106739,-0.049264758825302124,-0.35933592915534973,0.9319069981575012,0.13516779243946075,-0.98976069688797,0.04586251825094223,0.7987191677093506,0.1362350881099701,0.5860782861709595,-0.5863253474235535,-0.042587634176015854,0.8089554309844971,0.9816508293151855,0.1736041158437729,-0.07888741791248322,-0.17638859152793884,0.9838705062866211,-0.029764553532004356,0.0724477544426918,0.043133240193128586,0.9964390993118286,0.9635155200958252,-0.027254024520516396,-0.26626119017601013,0.022705113515257835,0.9995391368865967,-0.02014838717877865,0.2666876018047333,0.013367793522775173,0.9636903405189514,0.9819978475570679,-0.08236659318208694,-0.16998803615570068,0.0664210170507431,0.9930208921432495,-0.09745657444000244,0.17682883143424988,0.0844113677740097,0.9806152582168579,0.9955980777740479,-0.018946928903460503,-0.09179046750068665,0.016281312331557274,0.9994261860847473,-0.029702572152018547,0.09230056405067444,0.028077352792024612,0.9953352808952332
163,0.33430159091949463,-0.12118156999349594,0.9346429705619812,0.8171539306640625,-0.4568372964859009,-0.3515097498893738,0.46957626938819885,0.8812574744224548,-0.05369744449853897,0.9639224410057068,-0.059282198548316956,-0.2594979703426361,0.06675873696804047,0.9975669384002686,0.020086027681827545,0.2576758563518524,-0.03668512776494026,0.9655347466468811,0.9204676151275635,0.3285887837409973,-0.21158626675605774,-0.33139166235923767,0.9432098269462585,0.023124797269701958,0.2071688026189804,0.04883229732513428,0.9770857095718384,-0.7192579507827759,-0.1664813607931137,0.6745012402534485,0.5357436537742615,0.4852065145969391,0.6910523772239685,-0.44231975078582764,0.8584046959877014,-0.2597973048686981,0.9845978021621704,-0.08096650242805481,-0.15495665371418,0.08468689024448395,0.9962530732154846,0.017549455165863037,0.15295512974262238,-0.03040195256471634,0.987765371799469,-0.07342448085546494,-0.8166592717170715,0.5724303126335144,0.5965735912322998,0.4239956736564636,0.6814159154891968,-0.7991926074028015,0.3915294110774994,0.45606568455696106,0.9806894659996033,-0.17049330472946167,-0.09581315517425537,0.17383570969104767,0.9843869209289551,0.027631526812911034,0.08960623294115067,-0.043753694742918015,0.9950157403945923,0.9865239858627319,0.11345783621072769,0.11788869649171829,-0.10338179022073746,0.9907102584838867,-0.08834800869226456,-0.12681731581687927,0.07496988773345947,0.9890888929367065,0.9329707622528076,-0.15087226033210754,0.32680752873420715,0.11590467393398285,0.985481321811676,0.1240672916173935,-0.340781033039093,-0.0778726264834404,0.9369120001792908,0.6254656314849854,-0.7528841495513916,-0.2048369199037552,0.7298685908317566,0.47174742817878723,0.4947182834148407,-0.27583426237106323,-0.4589333236217499,0.8445683121681213,0.9896944165229797,-0.0821780189871788,-0.1172676682472229,0.08496908098459244,0.9962025284767151,0.018994836136698723,0.11526139080524445,-0.02876320853829384,0.9929186701774597,0.9440090656280518,0.2436905801296234,-0.2224000096321106,-0.2648075819015503,0.9617424011230469,-0.07020323723554611,0.196783646941185,0.12516570091247559,0.9724246859550476,0.8922919034957886,-0.3611925542354584,0.2708413600921631,0.34768715500831604,0.9324674606323242,0.09807167202234268,-0.2879735231399536,0.006659506820142269,0.9576151967048645,0.8602057099342346,-0.2522595524787903,-0.44318312406539917,0.1432427167892456,0.9536142349243164,-0.2647666335105896,0.48941564559936523,0.1642710119485855,0.8564387559890747,0.9836097955703735,0.15116551518440247,-0.09828904271125793,-0.14344173669815063,0.9863025546073914,0.0814356654882431,0.10925299674272537,-0.06600217521190643,0.9918202757835388,0.8443841338157654,-0.5174403786659241,-0.13881981372833252,0.4123954474925995,0.7931829690933228,-0.4480968415737152,0.3419729173183441,0.32111719250679016,0.8831411600112915
164,0.21398435533046722,-0.3538246154785156,0.9105046987533569,0.7739245891571045,-0.5073216557502747,-0.3790322542190552,0.5960296988487244,0.785768985748291,0.1652746945619583,0.9475522637367249,-0.2749215066432953,-0.16298139095306396,0.27546367049217224,0.9611092805862427,-0.0197162888944149,0.1620633602142334,-0.026213238015770912,0.9864321351051331,0.9752968549728394,-0.041090939193964005,-0.21704278886318207,0.03835155814886093,0.9991227388381958,-0.016820361837744713,0.21754354238510132,0.008080917410552502,0.97601717710495,0.02214374579489231,0.804915726184845,-0.5929757952690125,-0.5962125062942505,0.4867411255836487,0.6384463310241699,0.8025211691856384,0.3394020199775696,0.4906791150569916,0.8489243984222412,-0.48539280891418457,-0.20909598469734192,0.505272388458252,0.861407995223999,0.051731355488300323,0.15500691533088684,-0.1495664417743683,0.9765258431434631,0.916647732257843,0.3425009548664093,-0.20603415369987488,-0.35569921135902405,0.9341298341751099,-0.02965773083269596,0.18230484426021576,0.1004718765616417,0.978095293045044,0.9693499207496643,-0.22687141597270966,0.0942869707942009,0.2229606807231903,0.973530650138855,0.05026523768901825,-0.10319500416517258,-0.027702318504452705,0.9942752718925476,0.8634726405143738,0.15653282403945923,0.4794919490814209,-0.10256664454936981,0.9852551817893982,-0.13693928718566895,-0.49385738372802734,0.0690634474158287,0.8667958974838257,0.8768636584281921,0.19111233949661255,-0.4411192238330841,-0.2670939266681671,0.9566037654876709,-0.116490438580513,0.39971354603767395,0.21996650099754333,0.8898560404777527,0.8050118684768677,-0.49901431798934937,0.32084348797798157,0.39919620752334595,0.8556968569755554,0.32927989959716797,-0.438860148191452,-0.13699471950531006,0.8880507946014404,0.9576534628868103,-0.2829865515232086,-0.05308873951435089,0.28573301434516907,0.9567734003067017,0.05423358827829361,0.035446520894765854,-0.06710619479417801,0.997115969657898,0.9195204377174377,0.34826424717903137,-0.1821925938129425,-0.36954465508461,0.9239262938499451,-0.09897975623607635,0.13386140763759613,0.15834221243858337,0.9782683253288269,0.8114989995956421,-0.5200536847114563,0.2664836347103119,0.4913977086544037,0.8541020750999451,0.17040522396564484,-0.3162240982055664,-0.007334219291806221,0.9486561417579651,0.8455408215522766,-0.17255422472953796,-0.5052580833435059,0.09781000763177872,0.9803808331489563,-0.17113332450389862,0.5248751640319824,0.09528090804815292,0.8458295464515686,0.973298966884613,0.2109907865524292,0.09039900451898575,-0.22304245829582214,0.962360680103302,0.1552867591381073,-0.05423237383365631,-0.17130325734615326,0.9837245941162109,0.8302614092826843,-0.3358075022697449,-0.4448587894439697,0.1812155395746231,0.917404055595398,-0.35430318117141724,0.5270929336547852,0.2135489284992218,0.8225387334823608
165,0.21251541376113892,-0.019732333719730377,0.9769584536552429,0.5382260680198669,0.8368257284164429,-0.10017704218626022,0.8155672550201416,-0.5471136569976807,-0.18845881521701813,0.3852613568305969,0.7187464237213135,-0.5787721872329712,-0.6088575124740601,0.6692816019058228,0.4258575439453125,0.6934452056884766,0.18832331895828247,0.6954625248908997,0.6637182831764221,-0.6367422342300415,0.3924759328365326,0.6290260553359985,0.7590702772140503,0.1677454262971878,-0.40472742915153503,0.1355418860912323,0.9043362736701965,-0.5300293564796448,-0.09243305027484894,0.8429264426231384,0.3645392656326294,0.8726633787155151,0.32491499185562134,-0.765623927116394,0.47949427366256714,-0.4288417398929596,0.919602632522583,-0.2431066483259201,-0.3085939288139343,0.2615778148174286,0.9649896621704102,0.019288280978798866,0.29310083389282227,-0.09845887869596481,0.9509983062744141,0.5667265057563782,0.8164925575256348,0.11027687042951584,-0.7918771505355835,0.5767507553100586,-0.20072145760059357,-0.22748984396457672,0.02642843872308731,0.9734217524528503,-0.1778264343738556,0.7882914543151855,0.5890452861785889,-0.5470823049545288,0.4183628261089325,-0.7250334620475769,-0.8179723024368286,-0.4511863589286804,0.3568643629550934,0.8130289316177368,0.4354492723941803,0.386481374502182,-0.28989890217781067,0.8784348368644714,-0.37988272309303284,-0.5049183368682861,0.1968151181936264,0.8404291868209839,-0.233978733420372,-0.7514119148254395,0.6169555187225342,0.008138701319694519,0.6330341100692749,0.7740811705589294,-0.9722076654434204,0.18613974750041962,-0.14200100302696228,0.3620718717575073,0.9065282344818115,0.21704964339733124,-0.42858657240867615,0.36867520213127136,-0.8248588442802429,-0.8277786374092102,0.20563364028930664,0.5220127105712891,0.2842254638671875,-0.42669692635536194,0.8585718274116516,0.3930670917034149,0.8686466813087463,0.3015812635421753,-0.874479353427887,0.25175926089286804,0.4146120250225067,-0.04642161726951599,0.5223484039306641,-0.8514676690101624,-0.9133440256118774,0.3229966461658478,0.24794328212738037,0.4045339822769165,0.7891928553581238,0.46208974719047546,0.1703634262084961,0.8235431909561157,0.5410664677619934,-0.3552073538303375,0.5635027289390564,-0.7458500862121582,-0.9191322326660156,-0.06512520462274551,0.38852885365486145,0.9163031578063965,0.33036333322525024,0.22638149559497833,-0.3963490426540375,0.8290908336639404,0.3943549692630768,-0.05741039291024208,-0.4510748088359833,0.8906377553939819,0.11000721901655197,-0.6089129447937012,-0.7855720520019531,-0.10429614782333374,0.7789337635040283,-0.6183724999427795,0.9884436130523682,0.1499575823545456,0.022181062027812004,0.5025508999824524,0.33103707432746887,0.7986595034599304,-0.7919239401817322,0.5468716025352478,0.27163928747177124,-0.34684157371520996,-0.768990159034729,0.5369870066642761
166,0.7686389088630676,0.600427508354187,0.22063779830932617,0.34468117356300354,-0.09818737208843231,-0.9335706233978271,0.5388776659965515,-0.7936283946037292,0.28242671489715576,0.5731654763221741,-0.7777988910675049,-0.2578957676887512,0.7723513841629028,0.617926836013794,-0.1471046805381775,0.2737785577774048,-0.1148708239197731,0.9549083709716797,0.5743257403373718,0.8084486722946167,-0.12868857383728027,-0.8076067566871643,0.5852567553520203,0.0724283829331398,0.13387048244476318,0.06233227998018265,0.9890366196632385,0.3452839255332947,0.9168222546577454,-0.20053920149803162,-0.8298214673995972,0.39806079864501953,0.39108049869537354,0.43837809562683105,0.03137791529297829,0.8982427716255188,0.849169909954071,0.5179858207702637,0.10296208411455154,-0.5056465268135071,0.8537011742591858,-0.12456289678812027,-0.15242065489292145,0.0537126399576664,0.9868550300598145,0.7416834235191345,0.5376603007316589,-0.4010325074195862,-0.5794402956962585,0.8147519826889038,0.020692957565188408,0.3378678262233734,0.21702677011489868,0.9158300757408142,0.6634716391563416,0.7473617196083069,-0.03543781116604805,-0.7430947422981262,0.652679443359375,-0.14771507680416107,-0.08726705610752106,0.12433841824531555,0.9883948564529419,0.11153124272823334,0.06275953352451324,-0.9917771816253662,-0.1280023455619812,0.9905975461006165,0.04829026013612747,0.9854826927185059,0.12156393378973007,0.11851593852043152,-0.6026250123977661,-0.21405614912509918,-0.7687802314758301,-0.6899906992912292,0.6237697601318359,0.3671840727329254,0.4009438753128052,0.7517254948616028,-0.5235959887504578,0.8657227158546448,0.44773003458976746,-0.2237454354763031,-0.49558573961257935,0.8294068574905396,-0.2578352391719818,0.07013542205095291,0.3340988755226135,0.939924955368042,-0.1716109961271286,0.8341712951660156,0.5241258144378662,-0.5432793498039246,0.36367836594581604,-0.7566938400268555,-0.8218255043029785,-0.41460373997688293,0.3907768726348877,0.10426570475101471,0.3741558790206909,-0.9214857816696167,-0.7135140895843506,0.6735998392105103,0.19277159869670868,0.6928392648696899,0.6373936533927917,0.3371988534927368,0.3712753653526306,0.10730835795402527,-0.9223012328147888,0.17886394262313843,0.9664304256439209,0.18444499373435974,0.9111323952674866,-0.23344630002975464,0.3396182060241699,0.7356643676757812,-0.4303778111934662,-0.5230419635772705,0.1854463815689087,0.8706637620925903,-0.4555811583995819,0.6514657139778137,0.23815858364105225,0.7203283309936523,0.07132907956838608,-0.9612079858779907,-0.26644203066825867,0.07235711067914963,0.2714049816131592,-0.9597415328025818,0.9948248863220215,0.04917849972844124,0.08890929818153381,-0.33929625153541565,0.8027991652488708,-0.49029740691185,-0.19258345663547516,0.45089441537857056,0.8715536594390869,0.9207549691200256,0.39013805985450745,0.0016190592432394624
167,-0.3829633295536041,0.6715021729469299,0.634368896484375,-0.7532383799552917,-0.6245349049568176,0.20636866986751556,0.5347625613212585,-0.3987993896007538,0.744975209236145,0.7457784414291382,-0.42319127917289734,-0.5145129561424255,0.4438300132751465,0.8915793299674988,-0.09000694751739502,0.49681928753852844,-0.16123105585575104,0.8527456521987915,0.2828095257282257,0.8452180624008179,-0.45345911383628845,-0.8481953740119934,0.44111886620521545,0.2932213842868805,0.44786536693573,0.30169612169265747,0.8416626453399658,0.9284800291061401,-0.36192476749420166,0.08327828347682953,0.3672003448009491,0.9282033443450928,-0.06002034619450569,-0.05557632818818092,0.08630750328302383,0.9947171807289124,0.243671715259552,-0.798619270324707,-0.5503011345863342,0.9116671085357666,0.38219258189201355,-0.15096983313560486,0.33088845014572144,-0.46490439772605896,0.821204423904419,-0.4612872004508972,0.7782891392707825,-0.4260048568248749,-0.8872122764587402,-0.40014007687568665,0.22965699434280396,0.008277933113276958,0.48389455676078796,0.8750871419906616,0.8611330986022949,0.4271404445171356,0.2756825089454651,-0.402368426322937,0.904091477394104,-0.1439383178949356,-0.3107241094112396,0.013024108484387398,0.9504109025001526,-0.2206011861562729,-0.6994257569313049,0.6798079013824463,0.06384864449501038,0.6851282119750977,0.725618839263916,-0.9732720255851746,0.2034771740436554,-0.10648270696401596,0.13596472144126892,0.4390593469142914,0.8881106376647949,-0.1788954883813858,0.8925799131393433,-0.41388097405433655,-0.9744280576705933,-0.10260576754808426,0.199905127286911,-0.301484078168869,0.18472008407115936,-0.9354067444801331,-0.43911197781562805,0.8439224362373352,0.30818110704421997,0.8463379740715027,0.5036600232124329,-0.17331638932228088,-0.017947176471352577,0.7195008993148804,0.6942595839500427,-0.46165019273757935,0.6099604368209839,-0.6440709233283997,-0.8868804574012756,-0.33206433057785034,0.321210652589798,-0.3752015233039856,0.8698000311851501,-0.32042422890663147,-0.7817545533180237,-0.4826713502407074,-0.3948267996311188,-0.49807995557785034,0.10235347598791122,0.8610692024230957,-0.3418830335140228,0.9276630878448486,-0.15019048750400543,-0.5430370569229126,-0.32545605301856995,-0.77407306432724,-0.7669594287872314,-0.1830834299325943,0.6150233745574951,0.22914505004882812,0.14042073488235474,-0.9632105231285095,0.0009709103615023196,0.9895064830780029,0.1444852501153946,0.9733918309211731,-0.03404327109456062,0.2266041785478592,0.793277382850647,-0.20013976097106934,0.5750261545181274,0.2001073658466339,0.9776669144630432,0.06422208249568939,-0.57503741979599,0.06412103772163391,0.8156104683876038,0.7069727778434753,-0.05464077368378639,-0.7051268815994263,-0.052022285759449005,0.990292489528656,-0.12889693677425385,0.7053248882293701,0.12780892848968506,0.6972672939300537
168,0.8902701735496521,0.3319123089313507,-0.3118544816970825,0.4352758526802063,-0.8215566873550415,0.3682113289833069,0.1339922547340393,0.46355029940605164,0.8758808374404907,0.9036737084388733,-0.41759297251701355,0.0948154553771019,0.42095860838890076,0.9069042205810547,-0.01784953847527504,-0.07853469252586365,0.05604354292154312,0.995334804058075,0.6529349088668823,0.03878016397356987,-0.7564205527305603,-0.07099558413028717,0.9974250197410583,-0.010146723128855228,0.7540793418884277,0.060327667742967606,0.654006838798523,0.5066012144088745,0.46389275789260864,-0.7267453074455261,-0.348624050617218,0.8811495900154114,0.31943178176879883,0.7885534167289734,0.09153638035058975,0.6081156134605408,0.7785208225250244,-0.5154741406440735,0.3580387532711029,0.4910472333431244,0.8555528521537781,0.16401813924312592,-0.3908681869506836,0.04812240228056908,0.9191878437995911,0.12821480631828308,0.16264700889587402,-0.9783183932304382,-0.29902225732803345,0.946893036365509,0.11823373287916183,0.9455932974815369,0.27737969160079956,0.1700407862663269,-0.1902085691690445,-0.48951485753059387,-0.8509970307350159,0.7094920873641968,0.5305867791175842,-0.4637872874736786,0.6785585284233093,-0.6919919848442078,0.24638475477695465,0.6340137720108032,-0.3614954948425293,0.6836282014846802,0.19623936712741852,0.9302871823310852,0.30992889404296875,-0.7480084300041199,-0.062344424426555634,0.6607545018196106,-0.02491086907684803,0.8503333926200867,-0.5256543755531311,-0.6049609184265137,-0.43143248558044434,-0.6692445278167725,-0.7958653569221497,0.3013289272785187,0.525165855884552,0.6637259721755981,-0.25285956263542175,-0.7039387822151184,0.5113121867179871,0.8402751684188843,0.1802707463502884,0.5459191203117371,-0.47958287596702576,0.6870025992393494,0.7220146656036377,0.6732347011566162,0.1595301777124405,-0.639975368976593,0.7374764084815979,-0.21577788889408112,-0.2629188895225525,0.05369941145181656,0.9633224010467529,0.8476150035858154,-0.4077829420566559,0.33950239419937134,0.3511950671672821,0.9107750654220581,0.217142254114151,-0.3977572023868561,-0.06482146680355072,0.9151979684829712,0.21556343138217926,-0.8624142408370972,0.45801106095314026,0.7384654879570007,0.4508609175682068,0.5013912320137024,-0.6389061808586121,0.23014375567436218,0.7340522408485413,0.7501378655433655,-0.6476407647132874,-0.13362111151218414,0.38905319571495056,0.5956194400787354,-0.7027624845504761,0.5347249507904053,0.47518301010131836,0.6987634301185608,0.8274886608123779,0.13797903060913086,-0.5442649722099304,-0.154648557305336,0.9878509044647217,0.01531017106026411,0.5397651195526123,0.07150080054998398,0.8387736678123474,0.47318652272224426,-0.7573003172874451,-0.45010077953338623,0.26173779368400574,0.6087005138397217,-0.7489839792251587,0.8411824107170105,0.23660075664520264,0.48624297976493835
169,0.23777155578136444,0.4645741879940033,0.8530155420303345,0.8630672097206116,-0.503950834274292,0.03389118239283562,0.44562286138534546,0.7281513810157776,-0.5207839012145996,0.47989773750305176,-0.8397085070610046,-0.25414127111434937,0.8323705792427063,0.5273234248161316,-0.17055554687976837,0.2772315740585327,-0.1296904981136322,0.9520099759101868,0.5084326863288879,0.8101227879524231,0.29188576340675354,-0.8205868005752563,0.5585774183273315,-0.12094858288764954,-0.26102399826049805,-0.17802338302135468,0.948775053024292,0.6193090677261353,-0.7518516182899475,0.22621989250183105,0.7810572385787964,0.6193276643753052,-0.0798928439617157,-0.08003666996955872,0.22616904973983765,0.9707943797111511,0.6625200510025024,-0.7383725047111511,0.1259891539812088,0.7173113822937012,0.6738523244857788,0.17716486752033234,-0.21571174263954163,-0.027001822367310524,0.9760836958885193,0.9874544739723206,-0.027136409655213356,0.15555459260940552,0.025409255176782608,0.9995915293693542,0.013081212528049946,-0.15584604442119598,-0.008964575827121735,0.987740695476532,0.5283994078636169,-0.09590418636798859,0.8435617685317993,0.08455068618059158,0.9946041703224182,0.06011435389518738,-0.8447752594947815,0.03955933451652527,0.5336570143699646,0.4804888367652893,-0.7735745310783386,-0.41317418217658997,0.7821378111839294,0.1648605465888977,0.6009005308151245,-0.39672520756721497,-0.611885130405426,0.6842555403709412,-0.6010408401489258,0.6887044906616211,0.4055072069168091,0.0547388531267643,0.5416616201400757,-0.8388124704360962,-0.7973415851593018,-0.48196351528167725,-0.3632596433162689,0.9097688794136047,-0.03165818378329277,-0.4139062464237213,0.06623081862926483,0.9953849911689758,0.06944242864847183,0.40979763865470886,-0.09058990329504013,0.9076669812202454,0.49241405725479126,0.2802096903324127,0.8240212202072144,-0.1742403507232666,0.9593289494514465,-0.22209972143173218,-0.8527418971061707,-0.03421271592378616,0.5212109088897705,0.2462572604417801,-0.930489182472229,0.2711958885192871,0.7077423930168152,0.3638097941875458,0.605593204498291,-0.662161648273468,0.04280512407422066,0.7481374740600586,-0.0964931920170784,-0.6323593854904175,-0.7686421275138855,0.9948519468307495,-0.037251826375722885,-0.09424398094415665,0.030962742865085602,-0.7737789750099182,0.6326984763145447,0.870036780834198,-0.39336901903152466,-0.29714781045913696,0.2467854768037796,0.869316041469574,-0.42823657393455505,0.4267703592777252,0.2992497980594635,0.8534146547317505,0.9740710854530334,0.07028430700302124,-0.21504785120487213,-0.07083919644355774,0.9974745512008667,0.005135549698024988,0.21486569941043854,0.010231426917016506,0.9765900373458862,0.7672934532165527,-0.18639898300170898,0.6136091351509094,0.2155136913061142,0.9761266112327576,0.02703147754073143,-0.6039988398551941,0.1115000918507576,0.7891470789909363
170,0.1254960298538208,-0.35521408915519714,0.9263226985931396,0.6376238465309143,-0.6864450573921204,-0.3496127426624298,0.7600569725036621,0.634520411491394,0.14034684002399445,0.9654491543769836,-0.15019865334033966,-0.21295133233070374,0.15363521873950958,0.9881275296211243,-0.00041524635162204504,0.21048545837402344,-0.0323159284889698,0.9770627021789551,0.8088277578353882,0.5332518815994263,-0.24787107110023499,-0.5351852774620056,0.8421936631202698,0.06547204405069351,0.24366852641105652,0.07970133423805237,0.9665781855583191,0.9634367823600769,-0.2117234468460083,0.16420339047908783,0.21920068562030792,0.9752597212791443,-0.02862691320478916,-0.15407997369766235,0.06357371807098389,0.9860110282897949,0.9567161798477173,-0.07031986862421036,-0.2823992073535919,0.07804671674966812,0.9968181848526001,0.01619134470820427,0.2803620994091034,-0.03753085061907768,0.959160327911377,0.8987715244293213,0.17639893293380737,-0.40136417746543884,-0.19614547491073608,0.980539858341217,-0.008281219750642776,0.392092764377594,0.08616869151592255,0.9158810973167419,0.24294611811637878,0.06530039757490158,0.9678393602371216,-0.03743799403309822,0.9976194500923157,-0.05791202187538147,-0.9693170785903931,-0.022164465859532356,0.2448124885559082,0.9436638355255127,0.33084264397621155,0.006457502953708172,-0.3178351819515228,0.9116477966308594,-0.2605362832546234,-0.09208347648382187,0.24380622804164886,0.9654424786567688,0.821444034576416,-0.07005175948143005,0.5659703612327576,0.02771676518023014,0.996158242225647,0.08306948840618134,-0.5696151852607727,-0.0525500662624836,0.8202298283576965,0.9252941012382507,-0.022065484896302223,-0.3786078691482544,0.04924484342336655,0.9968446493148804,0.062254663556814194,0.3760395646095276,-0.07624835520982742,0.9234611392021179,0.9787991046905518,-0.20296941697597504,0.027490923181176186,0.20179396867752075,0.9785963296890259,0.04035424068570137,-0.035093192011117935,-0.03395119309425354,0.9988071918487549,0.6839575171470642,0.402650386095047,-0.6083377003669739,-0.5268491506576538,0.8494250774383545,-0.030116649344563484,0.5046108365058899,0.34110069274902344,0.7931066751480103,0.6749268174171448,-0.5333189368247986,0.509945809841156,0.5004884600639343,0.8386924266815186,0.21472379565238953,-0.542203962802887,0.11029913276433945,0.8329759836196899,0.7955175042152405,-0.0048491330817341805,-0.6059112548828125,0.008838164620101452,0.9999544620513916,0.0036011904012411833,0.6058661937713623,-0.008219952695071697,0.7955241203308105,0.9952090382575989,0.0968024879693985,0.01372178178280592,-0.09751543402671814,0.9929162263870239,0.06788314878940582,-0.007053322158753872,-0.06889601051807404,0.9975988864898682,0.9501768350601196,-0.31128430366516113,-0.016312887892127037,0.2983620762825012,0.9233893752098083,-0.24152041971683502,0.09024466574192047,0.22461995482444763,0.9702585935592651
171,0.3657194674015045,-0.31154876947402954,0.8770328760147095,0.7488751411437988,-0.46104082465171814,-0.47605395317077637,0.5526619553565979,0.8308902978897095,0.06469953805208206,0.970213770866394,-0.24118883907794952,-0.022653212770819664,0.24089492857456207,0.9704359769821167,-0.01495390571653843,0.025590209290385246,0.009051441214978695,0.9996315240859985,0.981663703918457,0.12880590558052063,-0.1405182182788849,-0.12970736622810364,0.991548478603363,0.002763225929811597,0.13968653976917267,0.015513689257204533,0.9900742173194885,0.8174509406089783,0.27421918511390686,-0.5065350532531738,-0.23549525439739227,0.9616572260856628,0.14056095480918884,0.5256576538085938,0.004384928848594427,0.8506849408149719,0.9718140959739685,-0.21739724278450012,-0.09119124710559845,0.22102214395999908,0.9747561812400818,0.031616080552339554,0.0820159837603569,-0.05088023468852043,0.9953314065933228,0.8833304643630981,0.33177122473716736,-0.3311421871185303,-0.3544395864009857,0.9350388050079346,-0.008661876432597637,0.30675703287124634,0.12502118945121765,0.9435411095619202,-0.005471943877637386,-0.6621106266975403,0.7493861317634583,0.506956934928894,0.6441189050674438,0.572804868221283,-0.8619539737701416,0.3830408751964569,0.33213701844215393,0.9710370302200317,0.10103770345449448,0.2165144383907318,-0.08342011272907257,0.9925284385681152,-0.08904151618480682,-0.22389328479766846,0.06840094923973083,0.9722104072570801,0.9831418395042419,-0.050797682255506516,0.17564643919467926,0.04338805750012398,0.9980091452598572,0.04577340558171272,-0.17762193083763123,-0.03738079220056534,0.9833886027336121,0.9907434582710266,0.09230660647153854,0.09953337162733078,-0.08481203764677048,0.9934115409851074,-0.07707438617944717,-0.10599207133054733,0.06791931390762329,0.9920446872711182,0.9602929949760437,-0.22939682006835938,-0.1587907373905182,0.23810669779777527,0.9704980850219727,0.03793047368526459,0.14540497958660126,-0.0742335096001625,0.986583411693573,0.9741218090057373,0.18498657643795013,0.12987154722213745,-0.17841358482837677,0.9820849299430847,-0.06064426153898239,-0.13876326382160187,0.03590405359864235,0.9896745085716248,0.4707673490047455,0.8545175194740295,-0.2194947451353073,-0.8772956132888794,0.42705288529396057,-0.21903933584690094,-0.0934370830655098,0.29567834734916687,0.9507070183753967,0.9056172370910645,-0.17444254457950592,-0.3865581750869751,0.10947179049253464,0.9767521619796753,-0.18431271612644196,0.40972352027893066,0.12459955364465714,0.9036601185798645,0.9913553595542908,0.11770766228437424,0.05796084553003311,-0.12265672534704208,0.9882776737213135,0.09089837968349457,-0.04658197611570358,-0.09722188115119934,0.9941720366477966,0.9872393608093262,-0.11061981320381165,0.11455000936985016,0.11748027801513672,0.9915531873703003,-0.05496053770184517,-0.10750269889831543,0.0677165687084198,0.9918959736824036
172,0.6388208866119385,-0.1854681521654129,0.7466655373573303,0.7327399253845215,-0.14916662871837616,-0.6639589667320251,0.234520822763443,0.971262514591217,0.04060915485024452,0.8575918078422546,-0.33803170919418335,0.387647807598114,0.36590775847435,0.930648922920227,0.002036266727373004,-0.3614523112773895,0.14009705185890198,0.9218053221702576,0.8735732436180115,0.4464711844921112,-0.19373510777950287,-0.4475381374359131,0.8933365941047668,0.04073464497923851,0.191257506608963,0.05111915245652199,0.9802078604698181,0.4809681475162506,-0.6879062056541443,-0.5435574650764465,0.6157040596008301,0.7063897252082825,-0.3491734266281128,0.624161958694458,-0.16672922670841217,0.7632975578308105,0.9562925100326538,-0.2889178991317749,0.04506811499595642,0.2866038382053375,0.9566646814346313,0.05148757994174957,-0.05799075588583946,-0.03632049262523651,0.9976562261581421,0.9921327829360962,0.04841504618525505,-0.11544912308454514,-0.04992078244686127,0.998701274394989,-0.010185224004089832,0.11480606347322464,0.015868404880166054,0.9932611584663391,0.9727864265441895,0.07276379317045212,0.21998178958892822,-0.0692816749215126,0.9973199963569641,-0.023513369262218475,-0.22110314667224884,0.007632779888808727,0.9752205610275269,0.9324321150779724,-0.3609166145324707,-0.017592903226614,0.35132694244384766,0.8941205143928528,0.27770116925239563,-0.08449678868055344,-0.2651183307170868,0.9605063796043396,0.8464415073394775,0.29539790749549866,0.443031370639801,-0.22162561118602753,0.951962411403656,-0.2113046497106552,-0.4841681718826294,0.08066993206739426,0.8712482452392578,-0.24704276025295258,0.028742095455527306,-0.9685782194137573,0.9689710736274719,-0.0009840447455644608,-0.24717216193675995,-0.008057369850575924,-0.9995864033699036,-0.027607157826423645,0.9431319236755371,-0.30681654810905457,-0.12792889773845673,0.3150638937950134,0.947769284248352,0.04967983067035675,0.1060044914484024,-0.08716040849685669,0.9905382990837097,0.8749167323112488,0.4414629340171814,0.199075847864151,-0.41269853711128235,0.8947762846946716,-0.17045623064041138,-0.2533784508705139,0.06697670370340347,0.9650458693504333,0.9930781126022339,-0.07423476874828339,0.09102234989404678,0.07386119663715363,0.9972405433654785,0.007470480166375637,-0.09132575243711472,-0.0006957501173019409,0.9958208203315735,0.9687654972076416,-0.24642488360404968,-0.027716025710105896,0.22902922332286835,0.9319819211959839,-0.28098994493484497,0.09507374465465546,0.2658655643463135,0.9593104124069214,0.9962298274040222,0.060114458203315735,-0.06254892796278,-0.058511096984148026,0.9979172348976135,0.027158793061971664,0.06405129283666611,-0.02339659444987774,0.9976723194122314,0.9406847953796387,-0.2196345329284668,0.2585977017879486,0.2512439787387848,0.9631619453430176,-0.09589319676160812,-0.22801001369953156,0.15517638623714447,0.9612136483192444
173,0.18466119468212128,-0.2864781618118286,0.9401226043701172,0.9007471203804016,-0.33330976963043213,-0.27849453687667847,0.3931346535682678,0.8982398509979248,0.19649499654769897,0.9584901928901672,-0.2373216599225998,-0.15803490579128265,0.23810110986232758,0.971135675907135,-0.0142624257132411,0.15685811638832092,-0.023957891389727592,0.9873304963111877,0.9810843467712402,0.1362105906009674,-0.1375504732131958,-0.13704971969127655,0.9905583262443542,0.0033965890761464834,0.13671442866325378,0.015518913976848125,0.9904889464378357,0.9366762638092041,-0.22176048159599304,-0.2710348069667816,0.21402032673358917,0.9750948548316956,-0.05818349868059158,0.2771874666213989,-0.003507856046780944,0.9608094692230225,0.8917109966278076,-0.28189271688461304,-0.35410162806510925,0.30702871084213257,0.9515716433525085,0.01564452238380909,0.3325430154800415,-0.1226697564125061,0.9350760579109192,0.9745463132858276,0.22036640346050262,-0.04120822995901108,-0.22169062495231628,0.9746279716491699,-0.030880317091941833,0.033357709646224976,0.039229776710271835,0.9986732602119446,0.8403304815292358,0.3001290261745453,0.4514058530330658,-0.26967325806617737,0.9538389444351196,-0.1321650743484497,-0.47023504972457886,-0.010669750161468983,0.8824766874313354,0.9619147777557373,0.27201491594314575,0.026978451758623123,-0.2603142559528351,0.9416857957839966,-0.21322377026081085,-0.0834052637219429,0.19808022677898407,0.9766308069229126,0.9918082356452942,-0.11673082411289215,0.05186847597360611,0.11221993714570999,0.9902348518371582,0.08271433413028717,-0.06101728230714798,-0.07621608674526215,0.9952225685119629,-0.18500199913978577,-0.5720486640930176,-0.7990835905075073,0.5864017605781555,-0.7167565822601318,0.37734994292259216,-0.7886109948158264,-0.39877352118492126,0.4680517315864563,0.9533724784851074,-0.1391502022743225,-0.26780232787132263,0.15166215598583221,0.9880768060684204,0.026510009542107582,0.2609204053878784,-0.0658893883228302,0.9631090760231018,0.9269512891769409,0.3104873299598694,-0.21061550080776215,-0.33370786905288696,0.9388703107833862,-0.08462633192539215,0.17146523296833038,0.14872854948043823,0.9738991260528564,0.9934273958206177,0.0973115861415863,0.06027040258049965,-0.09457668662071228,0.9944223165512085,-0.04668528214097023,-0.06447724997997284,0.04067825898528099,0.9970897436141968,0.9265098571777344,-0.13253559172153473,-0.3521559238433838,0.08807540684938431,0.9863007664680481,-0.13947579264640808,0.36581718921661377,0.09820941090583801,0.9254904985427856,0.997488796710968,0.048127543181180954,-0.05195998400449753,-0.04709189757704735,0.9986702799797058,0.020975887775421143,0.05290041118860245,-0.018476318567991257,0.9984288811683655,0.9910095930099487,-0.1279948353767395,0.03895290568470955,0.13090841472148895,0.9877611398696899,-0.08479923009872437,-0.027622302994132042,0.08913610875606537,0.9956363439559937
174,0.1750318706035614,-0.22351665794849396,0.9588556289672852,0.9377042651176453,-0.25902608036994934,-0.23155181109905243,0.30012431740760803,0.9396519660949707,0.16425469517707825,0.9506819844245911,-0.26945391297340393,-0.15361759066581726,0.2699044346809387,0.9627129435539246,-0.01831481046974659,0.15282464027404785,-0.024050511419773102,0.9879606366157532,0.9812641739845276,0.1481257826089859,-0.12320466339588165,-0.14881505072116852,0.9888583421707153,0.003640641923993826,0.12237123399972916,0.014762275852262974,0.99237459897995,0.9609089493751526,0.027917908504605293,-0.27545350790023804,-0.023156242445111275,0.9995211362838745,0.02052433416247368,0.2758946120738983,-0.013343547470867634,0.9610952734947205,0.8743182420730591,-0.3335939347743988,-0.35253751277923584,0.3624959886074066,0.9318254590034485,0.01726212166249752,0.32274487614631653,-0.14288601279258728,0.9356384873390198,0.934514045715332,0.3453860580921173,-0.08597671240568161,-0.3497874438762665,0.9358692765235901,-0.04239603132009506,0.06581996381282806,0.06969325989484787,0.9953947067260742,0.9349585175514221,0.2523222267627716,0.2493712604045868,-0.23880022764205933,0.9674644470214844,-0.0835881307721138,-0.2623489797115326,0.018601521849632263,0.9647937417030334,0.9671661257743835,0.24602603912353516,-0.06372512131929398,-0.25369346141815186,0.9495460987091064,-0.18439583480358124,0.015143764205276966,0.19450806081295013,0.980783998966217,0.9864142537117004,-0.14122076332569122,0.0839259997010231,0.13249517977237701,0.9859455227851868,0.10176639258861542,-0.09711799025535583,-0.08926402777433395,0.9912618398666382,-0.17330320179462433,-0.5910302400588989,-0.7878129482269287,0.6114933490753174,-0.6916272044181824,0.3843536972999573,-0.7720375061035156,-0.41513264179229736,0.48127225041389465,0.9408474564552307,-0.1514195054769516,-0.3031140863895416,0.16703005135059357,0.9856064319610596,0.026094986125826836,0.29479989409446716,-0.07518056035041809,0.95259690284729,0.9681448340415955,0.20134343206882477,-0.1488504260778427,-0.2123572677373886,0.9752190113067627,-0.06206667423248291,0.13266503810882568,0.09169899672269821,0.9869099855422974,0.975049614906311,0.2196129560470581,0.03237916901707649,-0.2164159119129181,0.9728854894638062,-0.08159629255533218,-0.04942082613706589,0.07255306839942932,0.9961393475532532,0.864835262298584,-0.3667120039463043,-0.3429027795791626,0.2205350548028946,0.891056478023529,-0.39671483635902405,0.4510258436203003,0.2674708962440491,0.8514899015426636,0.9512608051300049,0.28783315420150757,0.1107020378112793,-0.3053584694862366,0.9293266534805298,0.20762521028518677,-0.04311693459749222,-0.23130953311920166,0.9719243049621582,0.9844135642051697,-0.17546552419662476,0.011906659230589867,0.17555752396583557,0.9763875603675842,-0.1258845329284668,0.010462881997227669,0.12601274251937866,0.9919734597206116
175,0.4171546697616577,-0.34796684980392456,0.8395838737487793,0.7921116948127747,-0.31371334195137024,-0.5235866904258728,0.445579469203949,0.8834608197212219,0.1447616070508957,0.8633317947387695,-0.42075204849243164,-0.2786143720149994,0.4232708811759949,0.9043813347816467,-0.054186370223760605,0.27477267384529114,-0.07114853709936142,0.9588732123374939,0.9031742811203003,0.4286702871322632,0.02276044525206089,-0.42877188324928284,0.9034126996994019,-0.00045845669228583574,-0.020758600905537605,-0.009344972670078278,0.9997408390045166,0.8318123817443848,-0.41077426075935364,-0.37329965829849243,0.38731029629707336,0.911296546459198,-0.13974738121032715,0.39759132266044617,-0.0283392034471035,0.91712486743927,0.8673586845397949,-0.44375336170196533,-0.2253260612487793,0.4631149172782898,0.8854435682296753,0.03891324996948242,0.1822456270456314,-0.13810360431671143,0.973505973815918,0.8788493275642395,0.4609365463256836,-0.1231316551566124,-0.46922969818115234,0.8817530274391174,-0.04832234978675842,0.08629817515611649,0.10024508833885193,0.9912131428718567,0.9715014100074768,-0.18985404074192047,0.14191707968711853,0.1853042095899582,0.9816622734069824,0.044739119708538055,-0.14780853688716888,-0.01716628484427929,0.9888669848442078,0.9221200346946716,0.3187465965747833,0.2193063348531723,-0.25751006603240967,0.9286588430404663,-0.266985684633255,-0.28876152634620667,0.18971924483776093,0.9384153485298157,0.7960817813873291,-0.5409044027328491,0.27143362164497375,0.4016842246055603,0.8077316880226135,0.4315313994884491,-0.45266276597976685,-0.23450368642807007,0.8602932095527649,0.9831451773643494,0.11195474117994308,-0.1445396989583969,-0.12019459903240204,0.9915122389793396,-0.049565915018320084,0.13776373863220215,0.06610337644815445,0.9882568120956421,0.9625498652458191,-0.27000513672828674,-0.02439292147755623,0.27095139026641846,0.9611294865608215,0.05306105688214302,0.00911799818277359,-0.05768320709466934,0.9982932806015015,0.9571024775505066,0.25223058462142944,-0.1425994336605072,-0.26447516679763794,0.961520791053772,-0.07436826825141907,0.11835437268018723,0.108892060816288,0.9869826436042786,0.9970226287841797,0.06569118797779083,0.040379997342824936,-0.06447189301252365,0.9974443316459656,-0.0307916272431612,-0.0422995388507843,0.028096573427319527,0.9987098574638367,0.8633745908737183,-0.25798097252845764,-0.4336244463920593,0.14627055823802948,0.9504719972610474,-0.27424055337905884,0.48289674520492554,0.17334584891796112,0.8583483695983887,0.9279458522796631,0.30686619877815247,0.21154102683067322,-0.3531026840209961,0.9054856896400452,0.2354021519422531,-0.1193104088306427,-0.2931361496448517,0.9485969543457031,0.9939242005348206,-0.10064613819122314,-0.04455409571528435,0.09668658673763275,0.9918028712272644,-0.08353881537914276,0.052596740424633026,0.0787234678864479,0.9955080151557922
176,0.5705667734146118,-0.7773037552833557,0.26505163311958313,0.616612434387207,0.1922963261604309,-0.7634207606315613,0.5424413681030273,0.5990166664123535,0.5890130996704102,0.8780193328857422,-0.09415794909000397,-0.4692721664905548,0.12071724236011505,0.9923262596130371,0.026757746934890747,0.46315163373947144,-0.08014306426048279,0.8826481103897095,0.5835985541343689,-0.6824009418487549,0.44016098976135254,0.6757974624633789,0.7086767554283142,0.20266969501972198,-0.4502338469028473,0.17918193340301514,0.8747475743293762,0.2809215188026428,-0.8123177289962769,-0.5110998153686523,0.7098678350448608,0.5342656970024109,-0.4589638411998749,0.6458876132965088,-0.23388050496578217,0.7267249226570129,0.8550960421562195,-0.12746116518974304,-0.5025578737258911,0.15604902803897858,0.9876350164413452,0.01502672303467989,0.49442845582962036,-0.09127295762300491,0.8644129633903503,0.9827763438224792,-0.07228489965200424,0.17007499933242798,0.069329172372818,0.9973225593566895,0.023262063041329384,-0.17130112648010254,-0.011070246808230877,0.9851565361022949,-0.3308264911174774,-0.17384012043476105,-0.9275416135787964,0.36125242710113525,0.8846887350082397,-0.2946566045284271,0.8718087673187256,-0.4325568675994873,-0.22987832129001617,0.9427722692489624,-0.2682700753211975,0.198019340634346,0.22616270184516907,0.9508651494979858,0.21143761277198792,-0.2450120747089386,-0.15455292165279388,0.9571219682693481,0.916845977306366,-0.22908544540405273,-0.32697606086730957,0.2787137031555176,0.95365971326828,0.11336598545312881,0.28585338592529297,-0.19507184624671936,0.938208281993866,0.8909695148468018,-0.1781005859375,-0.41767629981040955,0.26138004660606384,0.9533435702323914,0.15105146169662476,0.37128663063049316,-0.24375450611114502,0.8959519863128662,0.9692609906196594,-0.1171254962682724,0.21636727452278137,0.11498783528804779,0.993112325668335,0.022487463429570198,-0.2175108641386032,0.0030833843629807234,0.9760530591011047,0.4775122404098511,0.2356177419424057,-0.8464433550834656,-0.40896621346473694,0.9122539758682251,0.02322288043797016,0.7776430249214172,0.33507752418518066,0.5319721102714539,0.5380704998970032,0.4393746256828308,0.7193261384963989,-0.16719071567058563,0.8920716047286987,-0.41982796788215637,-0.8261522054672241,0.10563238710165024,0.553456723690033,0.4860297441482544,-0.7065833210945129,-0.5143103003501892,0.1758943647146225,0.6555404663085938,-0.7343894243240356,0.8560585379600525,0.2664708197116852,0.44289618730545044,0.8554970622062683,0.5141828656196594,0.06116168200969696,-0.5013132691383362,0.7928730845451355,0.3464639484882355,0.12965238094329834,-0.3270600736141205,0.9360672831535339,0.8396016955375671,-0.34808632731437683,0.4170190989971161,0.4357609748840332,0.8899583220481873,-0.13448618352413177,-0.3243167996406555,0.29463547468185425,0.8988929390907288
177,-0.7247450947761536,-0.4975353479385376,-0.47665831446647644,0.28227534890174866,-0.8454745411872864,0.45331382751464844,0.6285421252250671,-0.19398806989192963,-0.7531954646110535,0.8538967370986938,0.5200849175453186,0.019287632778286934,-0.5204418897628784,0.8533648252487183,0.03014516457915306,-0.0007813408155925572,-0.0357789508998394,0.9993594288825989,0.7981253266334534,0.5827787518501282,-0.15285561978816986,-0.5825887322425842,0.8111801743507385,0.050765302032232285,0.15357838571071625,0.04853488877415657,0.986943781375885,0.8095396161079407,0.5235380530357361,-0.2656191289424896,-0.48795992136001587,0.851625919342041,0.19138559699058533,0.32640576362609863,-0.025322729721665382,0.9448904991149902,0.2717648446559906,0.6964860558509827,0.6641166806221008,-0.5309271812438965,0.6840760707855225,-0.5001562237739563,-0.802658200263977,-0.21667273342609406,0.5556912422180176,0.1211409866809845,0.8969689011573792,-0.42517247796058655,-0.9783030152320862,0.1804089993238449,0.10186141729354858,0.1680714637041092,0.40360793471336365,0.899362325668335,0.9296091198921204,-0.22375355660915375,0.29285019636154175,0.2126665860414505,0.9746427536010742,0.06960207223892212,-0.3009980320930481,-0.002423264551907778,0.9536216855049133,0.07024174928665161,0.7220221161842346,-0.6882951259613037,-0.6578528881072998,-0.4851575493812561,-0.576065719127655,-0.7498637437820435,0.49326080083847046,0.44090601801872253,-0.5925436019897461,0.7172558307647705,0.3666553199291229,0.06158987432718277,0.4941752552986145,-0.8671779036521912,-0.8031803965568542,-0.4912584722042084,-0.3369961082935333,0.8163027167320251,-0.5453981161117554,-0.19023868441581726,0.574743926525116,0.7340676188468933,0.36168238520622253,-0.057612840086221695,-0.40458086133003235,0.9126856327056885,-0.08855380862951279,0.9607945680618286,0.2627393901348114,-0.7561990022659302,0.10683858394622803,-0.6455606818199158,-0.6483219265937805,-0.2558501362800598,0.717090904712677,0.23518991470336914,0.04309204965829849,-0.97099369764328,-0.20433808863162994,0.9788816571235657,-0.00605178065598011,0.9502271413803101,0.19983431696891785,0.2390284389257431,-0.009793038479983807,0.47999337315559387,0.8772174715995789,0.06297995895147324,0.875813901424408,-0.47852227091789246,-0.9979667663574219,0.05056093633174896,-0.038806844502687454,0.694868803024292,-0.5490426421165466,-0.4644453525543213,0.22823874652385712,0.7808212041854858,-0.5815714597702026,0.6819562911987305,0.2981114387512207,0.6678810715675354,0.8551198244094849,-0.2270064651966095,0.4660881757736206,0.2542026937007904,0.967139720916748,0.0046626809053123,-0.45183083415031433,0.1144937127828598,0.8847259879112244,0.040322158485651016,0.3339596092700958,0.9417245388031006,-0.941461443901062,-0.3030107319355011,0.14776626229286194,0.3347006142139435,-0.8925555944442749,0.3021920621395111
178,-0.30272942781448364,-0.37476974725723267,-0.8763004541397095,0.40621083974838257,0.7810153961181641,-0.4743497669696808,0.8621761202812195,-0.4995623826980591,-0.08420082181692123,0.8974118232727051,-0.24810147285461426,-0.364825576543808,0.25970718264579773,0.965523898601532,-0.01777181215584278,0.3566570281982422,-0.07879918813705444,0.9309062361717224,0.9766284823417664,-0.2071864902973175,0.057188790291547775,0.20711272954940796,0.9782900214195251,0.00727899931371212,-0.05745533108711243,0.004735648166388273,0.9983368515968323,0.9880805015563965,-0.06677623093128204,-0.13870058953762054,0.06591233611106873,0.9977667927742004,-0.01081763207912445,0.13911320269107819,0.0015466114273294806,0.9902752637863159,0.7570472359657288,-0.6230499148368835,-0.19669334590435028,0.6436094641685486,0.7629691958427429,0.060372546315193176,0.11245585978031158,-0.1722985804080963,0.9786045551300049,-0.08581573516130447,-0.19297783076763153,0.9774432182312012,0.06205039471387863,0.9781225919723511,0.1985597461462021,-0.9943768978118896,0.07769028842449188,-0.07196395844221115,0.058271557092666626,-0.8625243902206421,-0.5026490688323975,0.9833384156227112,0.13643847405910492,-0.12012527883052826,0.17219164967536926,-0.48727425932884216,0.8561038970947266,-0.16610205173492432,-0.9569815397262573,0.23789994418621063,0.10373339056968689,0.22295577824115753,0.9692935943603516,-0.9806373119354248,0.1856798231601715,0.06223753094673157,0.47961702942848206,-0.5613923072814941,0.6743931770324707,0.24220216274261475,0.8233981132507324,0.5131799578666687,-0.8433893322944641,-0.08279036730527878,0.530886173248291,0.39692074060440063,0.8815268278121948,-0.25566452741622925,-0.7525067329406738,0.15305110812187195,-0.6405536532402039,-0.525535523891449,0.4466383159160614,0.7241040468215942,0.30254319310188293,-0.8939989805221558,0.3305048644542694,0.8064229488372803,0.42493557929992676,0.41123196482658386,-0.508084237575531,0.14211128652095795,0.849502682685852,0.9699464440345764,-0.241339311003685,0.030971696600317955,0.23814357817173004,0.9677078723907471,0.08263815939426422,-0.04991539195179939,-0.07277887314558029,0.9960982203483582,-0.9019333720207214,0.14391133189201355,0.40719252824783325,0.3246825039386749,0.8476583361625671,0.4195909798145294,-0.2847762703895569,0.5106514096260071,-0.8112568259239197,0.45527103543281555,0.006098720245063305,-0.890332043170929,0.007416420616209507,0.9999158978462219,0.010641747154295444,0.8903220295906067,-0.01144795585423708,0.45518749952316284,0.7184089422225952,0.6024956703186035,0.3476889133453369,-0.6943780779838562,0.5912545919418335,0.4101915657520294,0.04156598076224327,-0.5361128449440002,0.8431223630905151,0.6788361072540283,-0.662287175655365,0.3171076774597168,0.7226668000221252,0.5260455012321472,-0.4483623802661896,0.1301315873861313,0.5335277318954468,0.8357115983963013
179,0.24644620716571808,-0.7535013556480408,-0.6095079779624939,0.964347779750824,0.2532283067703247,0.07686851918697357,0.09642413258552551,-0.6067215800285339,0.7890445590019226,-0.0872526615858078,-0.5857643485069275,-0.8057711124420166,0.6887367367744446,0.5489253401756287,-0.47362709045410156,0.7197420597076416,-0.5962893962860107,0.35554224252700806,0.9769524335861206,-0.0678330585360527,-0.20239225029945374,0.0656096413731575,0.9976887106895447,-0.017682384699583054,0.20312391221523285,0.003995964769273996,0.9791448712348938,0.7752081751823425,-0.5745583176612854,-0.26255470514297485,0.545401394367218,0.8184577822685242,-0.18073226511478424,0.3187311887741089,-0.0030925709288567305,0.9478400945663452,0.08637797087430954,-0.44347313046455383,-0.8921157121658325,0.6596671342849731,0.6964997053146362,-0.2823604941368103,0.7465776205062866,-0.5641096830368042,0.3527068793773651,0.9033265113830566,-0.1599990725517273,-0.3979969322681427,0.16189296543598175,0.9863794445991516,-0.029089659452438354,0.3972302973270416,-0.0381554439663887,0.9169254302978516,0.2915336489677429,0.8044862151145935,-0.5175037384033203,-0.9028819799423218,0.4101084768772125,0.12889985740184784,0.3159308433532715,0.429666131734848,0.8459165096282959,0.904418408870697,-0.11528856307268143,-0.41077470779418945,0.16610319912433624,0.9819825291633606,0.09011129289865494,0.3929847776889801,-0.14972931146621704,0.9072728753089905,0.76341712474823,-0.27056145668029785,-0.5865073204040527,0.39235177636146545,0.9155632853507996,0.08833973854780197,0.5130832195281982,-0.2975572645664215,0.8051119446754456,0.9151257276535034,-0.01212821714580059,-0.4029861390590668,0.042571354657411575,0.9968663454055786,0.06667209416627884,0.4009146988391876,-0.07816901803016663,0.9127743244171143,0.3619477450847626,-0.30983346700668335,-0.8792024850845337,0.47685506939888,0.871949315071106,-0.11096698045730591,0.8010013103485107,-0.3790879249572754,0.4633457362651825,0.8152958154678345,-0.3418318033218384,-0.46737971901893616,0.38373979926109314,0.9234219193458557,-0.005977022927254438,0.4336318075656891,-0.1744791567325592,0.8840364813804626,0.6122463345527649,-0.6292471289634705,-0.47875094413757324,0.7597393989562988,0.6358873844146729,0.135806143283844,0.21897606551647186,-0.4468727707862854,0.8673835396766663,0.4045589864253998,-0.6324514746665955,0.6605582237243652,0.584208071231842,-0.37698137760162354,-0.7187391519546509,0.7035858035087585,0.6766758561134338,0.21697205305099487,0.15328143537044525,0.8532924056053162,-0.498394250869751,-0.48746994137763977,0.5040096640586853,0.7129848003387451,0.8595800399780273,0.13366487622261047,0.49320971965789795,0.6770614385604858,-0.619392454624176,0.39741769433021545,0.7358099818229675,0.5601490139961243,-0.3805479407310486,0.013095392845571041,0.550078272819519,0.8350104689598083
180,0.24724045395851135,-0.75374835729599,-0.6088805794715881,0.9641237854957581,0.2540363669395447,0.07701165229082108,0.09663040190935135,-0.6060766577720642,0.7895148396492004,-0.08176739513874054,-0.5887370705604553,-0.8041782975196838,0.6928545236587524,0.5464342832565308,-0.4704914093017578,0.7164263129234314,-0.5956494808197021,0.3632286489009857,0.974916398525238,-0.07051445543766022,-0.21110601723194122,0.06810320168733597,0.997503399848938,-0.018680112436413765,0.21189618110656738,0.0038345525972545147,0.9772846698760986,0.7712931036949158,-0.5808417201042175,-0.26024964451789856,0.551461398601532,0.8140116333961487,-0.18241535127162933,0.3178006708621979,-0.0028219297528266907,0.9481533169746399,0.08136671781539917,-0.4428091049194336,-0.8929163217544556,0.6619477868080139,0.6937733292579651,-0.2837316691875458,0.7451205253601074,-0.5679776668548584,0.34956657886505127,0.9039365649223328,-0.15557897090911865,-0.39836397767066956,0.1564522534608841,0.9872131943702698,-0.03054165467619896,0.3980218172073364,-0.03471722453832626,0.9167187809944153,0.28585579991340637,0.8048191666603088,-0.5201466679573059,-0.9041901230812073,0.40630173683166504,0.1317540407180786,0.31737467646598816,0.43264883756637573,0.843853235244751,0.8988807797431946,-0.11763740330934525,-0.4221075177192688,0.1736692190170288,0.9800449013710022,0.09670045226812363,0.40230873227119446,-0.16022926568984985,0.901373565196991,0.7641549110412598,-0.26742222905158997,-0.5869860649108887,0.38788992166519165,0.9175979495048523,0.0869217962026596,0.5153723955154419,-0.29410770535469055,0.8049173951148987,0.9160476326942444,-0.005620076321065426,-0.4010300934314728,0.03211987018585205,0.9977181553840637,0.05938725918531418,0.3997812271118164,-0.06728259474039078,0.9141378402709961,0.3515205979347229,-0.30781397223472595,-0.8841288685798645,0.48506253957748413,0.8676326870918274,-0.10921484231948853,0.8007169365882874,-0.39046651124954224,0.45429980754852295,0.8167327642440796,-0.3364754915237427,-0.4687555730342865,0.3770577609539032,0.9261565804481506,-0.0078368429094553,0.4367779791355133,-0.17034731805324554,0.8832931518554688,0.6141604781150818,-0.6299766302108765,-0.47532758116722107,0.7596810460090637,0.6350762248039246,0.13986749947071075,0.2137559950351715,-0.4469984471797943,0.8686200380325317,0.4065217673778534,-0.6395365595817566,0.6524822115898132,0.584943950176239,-0.36641553044319153,-0.7235884070396423,0.701840877532959,0.675819993019104,0.22513717412948608,0.16196629405021667,0.8567382097244263,-0.4896596372127533,-0.49272918701171875,0.5001401305198669,0.7120939493179321,0.8549765348434448,0.1259343922138214,0.5031457543373108,0.6731051802635193,-0.6270871758460999,0.3920345604419708,0.7389174699783325,0.5484001636505127,-0.39148205518722534,0.030501537024974823,0.5531898140907288,0.832496702671051
181,-0.8481519818305969,-0.5031194686889648,-0.16585849225521088,0.4251450300216675,-0.8332393765449524,0.3535023331642151,-0.31605371832847595,0.22930976748466492,0.9206123352050781,0.9795772433280945,0.050481993705034256,0.19462792575359344,-0.0463264137506485,0.9985918998718262,-0.02584731951355934,-0.19565869867801666,0.016303032636642456,0.9805365204811096,0.6102991700172424,-0.28291359543800354,-0.7399289608001709,0.2429286539554596,0.9558881521224976,-0.16511668264865875,0.7540030479431152,-0.07897937297821045,0.6521055698394775,0.6920328140258789,0.1684691607952118,-0.7019321322441101,-0.11892081797122955,0.9857065081596375,0.11933354288339615,0.7120030522346497,0.0008916058577597141,0.7021757960319519,0.999487042427063,0.00783070083707571,0.03105340711772442,-0.00772990845143795,0.9999644756317139,-0.0033645075745880604,-0.031078649684786797,0.00312274182215333,0.9995120763778687,0.8098751902580261,-0.3827766180038452,-0.4445044994354248,0.40030208230018616,0.9145336151123047,-0.058193694800138474,0.42878949642181396,-0.13080644607543945,0.8938843607902527,0.3754265010356903,-0.5207003355026245,-0.7667633891105652,0.6472593545913696,0.7394245862960815,-0.18522052466869354,0.663408100605011,-0.4267580807209015,0.6146277189254761,0.8954921364784241,-0.2640437185764313,0.3582942485809326,0.2013673186302185,0.958268404006958,0.2029111236333847,-0.39691945910453796,-0.10955656319856644,0.9112915396690369,0.9908026456832886,0.04095796123147011,-0.12896719574928284,-0.04560495540499687,0.9984048008918762,-0.033286646008491516,0.12739811837673187,0.038862038403749466,0.9910900592803955,0.9831840991973877,-0.18235230445861816,-0.009830482304096222,0.18215927481651306,0.9754879474639893,0.12345542758703232,-0.012922864407300949,-0.12317012250423431,0.9923014044761658,0.9888724088668823,-0.144398033618927,-0.035785090178251266,0.1454046070575714,0.9889949560165405,0.027320880442857742,0.0314461924135685,-0.032220181077718735,0.998986005783081,0.9783527851104736,-0.17602486908435822,-0.10881657898426056,0.1812201291322708,0.9826377630233765,0.03977828845381737,0.09992530941963196,-0.05863695591688156,0.9932656288146973,0.49935102462768555,0.044949643313884735,-0.8652329444885254,0.18474145233631134,0.9701624512672424,0.1570204645395279,0.8464745283126831,-0.23825272917747498,0.4761475622653961,0.577064037322998,0.03342646732926369,-0.8160145878791809,0.0013276097597554326,0.9991223812103271,0.04186597838997841,0.8166978359222412,-0.025242699310183525,0.5765131711959839,0.7329690456390381,-0.04581492021679878,0.6787174344062805,-0.08929141610860825,0.9826174378395081,0.1627575308084488,-0.6743763089179993,-0.1798998862504959,0.7161372900009155,0.9911607503890991,0.09203299134969711,-0.09555243700742722,-0.08706687390804291,0.9946879744529724,0.054910603910684586,0.10009845346212387,-0.04610578343272209,0.993908703327179
182,0.15334585309028625,-0.46323949098587036,-0.8728654980659485,0.7704781889915466,0.6091387867927551,-0.18791842460632324,0.6187474727630615,-0.6437073349952698,0.4503248333930969,0.346865713596344,0.4422421157360077,-0.8271070718765259,-0.27291905879974365,0.891288697719574,0.3621044456958771,0.8973290324211121,0.10013166815042496,0.42985379695892334,0.9794055819511414,-0.06989064812660217,-0.1894201934337616,0.06778690218925476,0.9975451231002808,-0.01757047325372696,0.19018320739269257,0.004368411842733622,0.9817389249801636,0.7935720086097717,-0.5237664580345154,0.30969691276550293,0.5585335493087769,0.8289668560028076,-0.029227158054709435,-0.24142026901245117,0.19616998732089996,0.9503860473632812,0.2261064052581787,0.1396794319152832,0.9640360474586487,-0.020519960671663284,0.9901292324066162,-0.13864728808403015,-0.9738864302635193,0.01156705804169178,0.226740762591362,-0.8442585468292236,-0.10990727692842484,-0.524545431137085,-0.09065558761358261,0.993928849697113,-0.06234590336680412,0.5282130837440491,-0.005083086900413036,-0.8490965962409973,0.9424815773963928,0.33160096406936646,-0.042063288390636444,-0.33362624049186707,0.9409559369087219,-0.05740635469555855,0.020543698221445084,0.06813784688711166,0.9974643588066101,0.49723225831985474,0.865160346031189,0.06525086611509323,-0.5360472798347473,0.3654747009277344,-0.7609740495681763,-0.6822121143341064,0.34340330958366394,0.645492672920227,-0.0008585676550865173,-0.5700708031654358,-0.8215951323509216,0.9217360615730286,-0.31907984614372253,0.2204330563545227,-0.3878168761730194,-0.7571045756340027,0.5257287621498108,0.9643476009368896,0.006859276909381151,0.2645499110221863,0.0018470794893801212,0.9994652271270752,-0.032647281885147095,-0.26463237404823303,0.031971972435712814,0.9638192057609558,0.8553060293197632,-0.10129090398550034,-0.5081257224082947,0.136545330286026,0.9901015162467957,0.03247182443737984,0.4998069107532501,-0.09715554118156433,0.8606705665588379,0.9455510377883911,-0.008504844270646572,-0.3253627121448517,0.001453000702895224,0.9997588992118835,-0.021910646930336952,0.32547059655189514,0.020244881510734558,0.9453353881835938,0.8279811143875122,0.2857387661933899,0.48249414563179016,-0.1852482110261917,0.9515062570571899,-0.24559922516345978,-0.5292733907699585,0.11397035419940948,0.8407617807388306,0.16554506123065948,-0.9599246382713318,-0.22614052891731262,0.028700560331344604,0.2338966429233551,-0.9718377590179443,0.9857845306396484,0.15439258515834808,0.06627080589532852,0.9376646876335144,-0.17012371122837067,0.30305594205856323,0.18536052107810974,0.9824239015579224,-0.02201712690293789,-0.2939837574958801,0.0768192932009697,0.9527183771133423,0.4079824984073639,-0.6714006662368774,-0.618685245513916,0.17023897171020508,0.7217065095901489,-0.6709384322166443,0.8969777226448059,0.16840678453445435,0.40874218940734863
183,-0.7238863706588745,-0.5927819609642029,-0.3529845178127289,0.6705799698829651,-0.724821925163269,-0.15797382593154907,-0.16220687329769135,-0.3510594367980957,0.9221963882446289,-0.8480654358863831,0.09015320241451263,-0.5221660733222961,0.3093133568763733,0.88433438539505,-0.34968262910842896,0.4302443861961365,-0.4580667018890381,-0.7778590321540833,-0.1339356005191803,-0.005726336035877466,0.9909734725952148,-0.10912895202636719,0.9939867854118347,-0.009005638770759106,-0.9849629998207092,-0.10935007780790329,-0.1337551325559616,0.8027084469795227,0.593070387840271,-0.06266327202320099,-0.580374002456665,0.8010255098342896,0.14671100676059723,0.1372048258781433,-0.08139802515506744,0.9871925711631775,-0.32503455877304077,0.706188976764679,-0.6290068626403809,-0.8465421795845032,0.07922705262899399,0.5263928771018982,0.42156723141670227,0.7035766839981079,0.5720672011375427,-0.004568266216665506,-0.9480844140052795,-0.3179859519004822,0.9988240599632263,0.011022341437637806,-0.047212786972522736,0.04826665669679642,-0.3178277015686035,0.9469191431999207,0.8489571809768677,0.2939029932022095,-0.4391956031322479,-0.31763356924057007,0.9479939937591553,0.020403197035193443,0.4223513603210449,0.12218182533979416,0.8981597423553467,0.5979512929916382,0.060133546590805054,-0.7992735505104065,-0.060840755701065063,0.9977100491523743,0.02954687364399433,0.7992200255393982,0.030960818752646446,0.6002405881881714,0.6168289184570312,-0.21706655621528625,0.7565739750862122,0.07829250395298004,0.9733741879463196,0.21543683111667633,-0.7831937074661255,-0.07365359365940094,0.6173999905586243,-0.05459810420870781,0.9933267831802368,0.10159223526716232,-0.15970373153686523,0.09174694865942001,-0.9828922748565674,-0.9856539964675903,-0.06988871097564697,0.15362878143787384,0.8617844581604004,0.032446056604385376,-0.5062358975410461,-0.012326490134000778,0.9989970922470093,0.04304463416337967,0.5071248412132263,-0.0308550838381052,0.8613201379776001,0.05196955427527428,0.9981602430343628,-0.03122876212000847,-0.8667185306549072,0.029547864571213722,-0.49792155623435974,-0.49608275294303894,0.052943307906389236,0.8666596412658691,0.8833706378936768,0.44562670588493347,-0.14516595005989075,-0.46042123436927795,0.8830099701881409,-0.09113546460866928,0.08757058531045914,0.14734387397766113,0.9852010607719421,0.8127654790878296,0.07722580432891846,-0.5774499773979187,-0.03624940663576126,0.9959585070610046,0.08217409253120422,0.5814622044563293,-0.0458560474216938,0.8122800588607788,0.9719486236572266,-0.13412593305110931,0.19319956004619598,0.14356161653995514,0.9889997243881226,-0.03563157841563225,-0.18629519641399384,0.062368106096982956,0.980512261390686,-0.8572447896003723,0.2536177933216095,0.44811758399009705,0.5148979425430298,0.4165056347846985,0.7492684125900269,0.003384317271411419,0.8730412721633911,-0.4876345694065094
184,-0.7273514866828918,-0.597971498966217,0.33673420548439026,0.655852735042572,-0.7501377463340759,0.08456072956323624,0.2020321488380432,0.2823534309864044,0.9377950429916382,0.909457266330719,-0.3455522358417511,-0.23125983774662018,0.34749332070350647,0.9370788931846619,-0.0336390919983387,0.2283327728509903,-0.049767930060625076,0.9723103046417236,0.9684804677963257,-0.10188768804073334,0.22729817032814026,0.0996340811252594,0.9947940707206726,0.02139745093882084,-0.2282949984073639,0.001923629897646606,0.973590075969696,0.6611012816429138,-0.015435094945132732,-0.7501378655433655,0.045592766255140305,0.9987671971321106,0.019630219787359238,0.748910129070282,-0.04717842489480972,0.6609900593757629,0.8957051634788513,-0.4255990982055664,-0.12875428795814514,0.4344010651111603,0.8993813395500183,0.049080897122621536,0.09491041302680969,-0.0998930111527443,0.9904612302780151,0.9739521741867065,-0.1492682248353958,0.17069314420223236,0.1437787115573883,0.9886243939399719,0.044152989983558655,-0.17534203827381134,-0.01846086047589779,0.9843344688415527,0.9923315644264221,0.11366923898458481,-0.048552434891462326,-0.11465755105018616,0.9932407140731812,-0.01807120442390442,0.04617011547088623,0.02349953167140484,0.9986571669578552,0.21656864881515503,-0.3241843283176422,0.9208705425262451,0.13485291600227356,0.944148063659668,0.3006645143032074,-0.966908872127533,0.05906756594777107,0.24819006025791168,0.6851217150688171,-0.09439314156770706,-0.7222867608070374,0.11951293051242828,0.9926977157592773,-0.01636878214776516,0.7185575366020203,-0.07510799914598465,0.6913999319076538,0.020535387098789215,0.8368523120880127,-0.5470434427261353,-0.6075690388679504,-0.4240909516811371,-0.671570360660553,-0.7940013408660889,0.34615761041641235,0.4997366666793823,0.8975890874862671,-0.4406890273094177,-0.011269528418779373,0.440030574798584,0.8941203355789185,0.08319783210754395,-0.026588058099150658,-0.07963640242815018,0.9964693188667297,0.9781076312065125,-0.022899962961673737,0.20683592557907104,0.018604964017868042,0.9995694756507874,0.022686807438731194,-0.2072664052248001,-0.01834196411073208,0.9781125783920288,0.9866187572479248,-0.13913695514202118,0.08499634265899658,0.1368969827890396,0.9900790452957153,0.03166559711098671,-0.08855894953012466,-0.019606128334999084,0.9958779811859131,0.8412987589836121,-0.1146203875541687,0.5282788872718811,0.22032541036605835,0.9651122689247131,-0.1414744108915329,-0.49363258481025696,0.2354155033826828,0.8372015357017517,0.24352076649665833,0.3394911587238312,-0.9085391759872437,-0.32320070266723633,0.9116039276123047,0.2540070712566376,0.9144610166549683,0.23178449273109436,0.3317182660102844,0.7588188052177429,-0.10478544235229492,-0.6428172588348389,0.002189350314438343,0.9873777627944946,-0.15836770832538605,0.6512981057167053,0.11876504123210907,0.7494702339172363
185,-0.6444350481033325,-0.7645020484924316,0.015496211126446724,0.7130399942398071,-0.608128011226654,-0.34893307089805603,0.27618372440338135,-0.21381527185440063,0.9370195269584656,0.6701050996780396,-0.45317524671554565,-0.587870180606842,0.48418015241622925,0.8671684861183167,-0.11656944453716278,0.5626088976860046,-0.20652130246162415,0.800512433052063,0.9754926562309265,0.05414601042866707,0.21326573193073273,-0.05659037083387375,0.9983830451965332,0.005369038786739111,-0.21263018250465393,-0.017306245863437653,0.9769794940948486,0.772572934627533,0.3645048439502716,-0.5198723673820496,-0.308896005153656,0.931138277053833,0.19381627440452576,0.5547200441360474,0.010849284939467907,0.8319663405418396,0.07400645315647125,0.8880059719085693,-0.45383748412132263,-0.9684257507324219,0.1726311296224594,0.1798611283302307,0.2380642294883728,0.4261970520019531,0.8727436661720276,-0.42393481731414795,-0.830449104309082,-0.36143261194229126,0.9056210517883301,-0.39370331168174744,-0.15763305127620697,-0.01139097847044468,-0.394147127866745,0.9189767837524414,0.9869489669799805,0.11078997701406479,0.116864413022995,-0.10816942155361176,0.9937223792076111,-0.02855256199836731,-0.11929412186145782,0.015538766980171204,0.992737352848053,0.9350385665893555,0.024882104247808456,0.35367175936698914,-0.012326349504292011,0.9992126822471619,-0.037709832191467285,-0.3543316125869751,0.03090066649019718,0.9346091747283936,0.9297987818717957,-0.3678751289844513,0.01192142441868782,0.35251501202583313,0.8993574976921082,0.2586295008659363,-0.1058649867773056,-0.23627091944217682,0.9659030437469482,-0.1861516386270523,0.9762082099914551,0.1111985296010971,-0.022115780040621758,0.10898486524820328,-0.9937973618507385,-0.9822720885276794,-0.18745623528957367,0.0013018950121477246,0.9219515919685364,-0.23490950465202332,-0.3079330623149872,0.25640395283699036,0.9660823941230774,0.030688783153891563,0.2902796268463135,-0.10724882781505585,0.9509129524230957,0.98380446434021,-0.09754742681980133,0.15037713944911957,0.09147282689809799,0.9947065711021423,0.04681361839175224,-0.154147669672966,-0.03230002522468567,0.9875197410583496,0.9637608528137207,-0.23184631764888763,0.13195575773715973,0.22574849426746368,0.9723581671714783,0.05964205041527748,-0.14213605225086212,-0.027691859751939774,0.9894596934318542,0.39163416624069214,0.21376344561576843,-0.8949457406997681,-0.034431278705596924,0.9753625988960266,0.21790418028831482,0.9194765686988831,-0.05452459678053856,0.3893454968929291,0.7387049198150635,-0.41551682353019714,0.5307172536849976,0.5305415987968445,0.844100832939148,-0.07758485525846481,-0.4157410264015198,0.33887988328933716,0.8439903855323792,0.7060104608535767,0.6269637942314148,-0.3293412923812866,-0.4524056613445282,0.7570559978485107,0.471375972032547,0.5448654294013977,-0.18380048871040344,0.8181314468383789
186,-0.6654165983200073,-0.7084002494812012,0.23535048961639404,0.5590077638626099,-0.2639477849006653,0.7860292196273804,0.4947030544281006,-0.6545996069908142,-0.571636438369751,0.8747887015342712,-0.3634438216686249,-0.3203956186771393,0.36920568346977234,0.9282612204551697,-0.0449252724647522,0.3137386441230774,-0.07899176329374313,0.9462178945541382,0.9025230407714844,0.05874113366007805,0.42661648988723755,-0.06830388307571411,0.9976390600204468,0.007133771199733019,-0.4251902103424072,-0.03557795658707619,0.9044045209884644,0.6371601223945618,0.7309287786483765,0.24447914958000183,-0.7598776817321777,0.6487927436828613,0.04066800698637962,-0.12889087200164795,-0.21168628334999084,0.9688013792037964,-0.006084587424993515,0.8516443967819214,-0.524084746837616,-0.9489694833755493,0.16033723950386047,0.27156752347946167,0.3153092563152313,0.49899283051490784,0.8072088956832886,-0.5076133608818054,-0.6437933444976807,0.5725895762443542,0.33347252011299133,0.46597447991371155,0.8195509910583496,-0.79443359375,0.6069579124450684,-0.021847479045391083,0.8545198440551758,0.42604365944862366,0.2971239387989044,-0.39880669116973877,0.9046488404273987,-0.15021225810050964,-0.332789808511734,0.009864344261586666,0.9429494142532349,-0.052550818771123886,0.5318208932876587,0.8452247977256775,0.009581033140420914,0.8466238379478455,-0.5321055054664612,-0.9985722899436951,-0.019864454865455627,-0.04958616942167282,0.9964472651481628,0.08411939442157745,0.004097844008356333,-0.0837530866265297,0.9948711395263672,-0.05671761557459831,-0.008847878314554691,0.05617290735244751,0.9983818531036377,0.7294782400131226,-0.47032836079597473,-0.4966414272785187,0.6529771685600281,0.6950448155403137,0.3008878827095032,0.20367194712162018,-0.5437867045402527,0.8141337633132935,0.6301568150520325,0.21009129285812378,0.7475051879882812,-0.12802846729755402,0.9776362776756287,-0.16684144735336304,-0.7658401131629944,0.009434335865080357,0.642961859703064,0.9916070103645325,-0.11935386806726456,0.049701347947120667,0.11724356561899185,0.9921537041664124,0.04341623932123184,-0.05449327081441879,-0.03722468018531799,0.9978200197219849,0.94597989320755,-0.3189782500267029,-0.05809410661458969,0.32351425290107727,0.9404898285865784,0.10400667041540146,0.02146104909479618,-0.11718249320983887,0.9928784966468811,0.1390238106250763,0.1699848175048828,-0.9755908846855164,-0.0019195069326087832,0.9852020740509033,0.17138592898845673,0.990287184715271,-0.021954070776700974,0.13729283213615417,0.7265524864196777,-0.36651620268821716,0.5811947584152222,0.46496838331222534,0.8850248456001282,-0.023138534277677536,-0.5058911442756653,0.2870485484600067,0.8134354948997498,0.851425051689148,0.4637857973575592,0.24490435421466827,-0.5236295461654663,0.778209388256073,0.34670203924179077,-0.029791386798024178,-0.423429936170578,0.9054388999938965
187,0.11402592808008194,-0.764404296875,-0.6345739960670471,0.9193558096885681,0.3232790529727936,-0.22422204911708832,0.37654078006744385,-0.5578321814537048,0.7396216988563538,-0.13057349622249603,-0.3558596968650818,-0.9253726005554199,0.5338840484619141,0.761241614818573,-0.36807477474212646,0.8354151248931885,-0.5421024560928345,0.09058983623981476,0.9710868000984192,-0.2387012541294098,0.003476883750408888,0.238713800907135,0.9710825085639954,-0.003804172622039914,-0.0024682802613824606,0.0045241620391607285,0.9999867081642151,0.18646632134914398,0.9739848375320435,-0.12877815961837769,-0.8853334188461304,0.2234082818031311,0.4077664315700531,0.4259284436702728,0.03797690197825432,0.9039594531059265,0.6131325364112854,0.6180940866470337,0.49196359515190125,-0.5354444980621338,0.7830363512039185,-0.3164699077606201,-0.5808335542678833,-0.06938119232654572,0.8110601902008057,-0.3320138156414032,0.1530495136976242,-0.9307752847671509,-0.38278117775917053,0.87999027967453,0.28123944997787476,0.862116813659668,0.44965866208076477,-0.233584463596344,0.9590041637420654,-0.010203892365098,-0.28320828080177307,0.012210017070174217,0.9999113082885742,0.005319299176335335,0.28312888741493225,-0.008559208363294601,0.9590436816215515,0.5174490809440613,0.7951309084892273,-0.3162487745285034,-0.7463974952697754,0.23864825069904327,-0.6212389469146729,-0.4184940755367279,0.557506799697876,0.7169720530509949,0.8964067101478577,0.402280330657959,-0.18607953190803528,-0.4399231970310211,0.8587155342102051,-0.2628217041492462,0.05406138300895691,0.31745582818984985,0.9467307925224304,-0.4087997078895569,0.23396097123622894,-0.8821253180503845,0.90629643201828,-0.009552001021802425,-0.42253464460372925,-0.10728268325328827,-0.9721990823745728,-0.20813314616680145,0.6399961709976196,-0.08783677965402603,-0.7633410692214966,0.16063225269317627,0.9867881536483765,0.021127812564373016,0.7514001727104187,-0.136138916015625,0.6456500887870789,-0.2578166425228119,0.690543532371521,-0.6757811903953552,-0.9642471075057983,-0.22826895117759705,0.13461355865001678,-0.061303336173295975,0.6863256692886353,0.7247061133384705,0.4531697630882263,0.8500718474388123,0.2683560848236084,-0.6372904181480408,0.5194404721260071,-0.569247305393219,-0.6232960820198059,0.08694490790367126,0.7771373987197876,0.5627006888389587,-0.1740504652261734,-0.8081302046775818,0.04010078310966492,0.982180118560791,-0.18361419439315796,0.8256875276565552,0.0709131732583046,0.5596529841423035,0.6994028687477112,-0.6679462790489197,-0.2543291747570038,0.4176768958568573,0.6707252264022827,-0.6129222512245178,0.5799841284751892,0.3224521577358246,0.7480928897857666,0.620418906211853,0.7522289752960205,0.22188279032707214,-0.7120239734649658,0.4216471016407013,0.5614584684371948,0.3287890553474426,-0.5063253045082092,0.7972028851509094
188,-0.6185035705566406,-0.7401123642921448,-0.2639828622341156,0.7523946762084961,-0.4609169363975525,-0.47059303522109985,0.22661757469177246,-0.48968279361724854,0.841935396194458,0.4357140362262726,-0.421271950006485,-0.7954138517379761,0.49880293011665344,0.8486135005950928,-0.17621220648288727,0.7492322325706482,-0.3199766278266907,0.5798844695091248,0.7764507532119751,-0.48810774087905884,0.3985913395881653,0.4838961958885193,0.8669868111610413,0.1190728098154068,-0.4036937952041626,0.10042266547679901,0.9093660712242126,-0.07848379760980606,0.8373054265975952,-0.5410729646682739,-0.5774090886116028,0.40426167845726013,0.7093456387519836,0.8126740455627441,0.3680925667285919,0.45173975825309753,0.13393093645572662,0.9808968901634216,-0.14108088612556458,-0.9828351736068726,0.11324906349182129,-0.14563550055027008,-0.1268761307001114,0.1581643521785736,0.9792274832725525,0.07042548805475235,-0.34175077080726624,-0.9371481537818909,0.34971699118614197,0.8883109092712402,-0.2976604402065277,0.934204638004303,-0.30677375197410583,0.18207578361034393,0.9444373250007629,-0.22508397698402405,-0.23953154683113098,0.2364322394132614,0.9714551568031311,0.01935630477964878,0.228337362408638,-0.07491379976272583,0.9706956148147583,0.9770776629447937,-0.13509081304073334,0.16452862322330475,0.12024825066328049,0.9879838228225708,0.09709952026605606,-0.1756688803434372,-0.07508949935436249,0.9815813899040222,0.998102068901062,-0.020375670865178108,-0.05811323970556259,0.02101093716919422,0.9997257590293884,0.010341469198465347,0.05788658931851387,-0.011542855761945248,0.9982564449310303,0.9883445501327515,-0.11830998957157135,-0.09580108523368835,0.12681643664836884,0.9879984855651855,0.08818525820970535,0.08421812206506729,-0.09930656850337982,0.9914864897727966,0.86942058801651,-0.0647646114230156,-0.4898095726966858,0.09147511422634125,0.9953320622444153,0.03076307475566864,0.4855307936668396,-0.07155143469572067,0.8712865114212036,0.5256352424621582,0.40872278809547424,-0.7460920214653015,-0.5910074710845947,0.8062688112258911,0.02531331218779087,0.611896812915802,0.4276403784751892,0.6653615236282349,0.02958962693810463,-0.6896979808807373,0.7234923243522644,0.6180049180984497,0.5815093517303467,0.5290716290473938,-0.7856171727180481,0.43146681785583496,0.4434433877468109,0.4095827043056488,0.17515166103839874,-0.8953010439872742,-0.030233222991228104,0.9834629893302917,0.1785680651664734,0.9117718935012817,-0.04607055336236954,0.408104807138443,0.9498164653778076,-0.3107803463935852,0.03555592894554138,0.3110952377319336,0.9266170859336853,-0.21118849515914917,0.0326865054666996,0.21165159344673157,0.976798415184021,0.9724262952804565,0.18608954548835754,0.14056254923343658,-0.2070077508687973,0.9663370847702026,0.15277577936649323,-0.10740083456039429,-0.1776607185602188,0.9782135486602783
189,-0.49944692850112915,-0.8646239042282104,-0.0545731745660305,0.8202393651008606,-0.45165252685546875,-0.3510233163833618,0.2788550555706024,-0.22008058428764343,0.9347750544548035,0.09401312470436096,-0.5369772911071777,0.8383417725563049,0.7414699792861938,0.5996987819671631,0.30097121000289917,-0.6643672585487366,0.5933099985122681,0.45453208684921265,0.19690316915512085,-0.2871483862400055,-0.9374299645423889,0.2118382304906845,0.946023166179657,-0.24528490006923676,0.9572636485099792,-0.15028613805770874,0.2471039742231369,0.6792528033256531,-0.15699051320552826,-0.7169167399406433,0.17055918276309967,0.9838748574256897,-0.05385032668709755,0.7138103246688843,-0.08569874614477158,0.6950759291648865,0.3034816086292267,0.9152507781982422,-0.2649810314178467,-0.950140118598938,0.3115946650505066,-0.01193594466894865,0.07164229452610016,0.2553914487361908,0.9641797542572021,0.7179200649261475,0.4476534128189087,0.533101499080658,-0.42390912771224976,0.888581395149231,-0.1752830296754837,-0.5521701574325562,-0.10014738887548447,0.8276947736740112,-0.905278205871582,0.0027663095388561487,-0.4248102605342865,0.2590043246746063,0.7962239384651184,-0.5467578768730164,0.33673158288002014,-0.6049956679344177,-0.7215206623077393,0.8835731744766235,-0.3752204179763794,0.280193030834198,0.29396507143974304,0.9101691842079163,0.2918502986431122,-0.3645312488079071,-0.17550413310527802,0.914502739906311,0.9930959343910217,-0.053238917142152786,-0.10452786087989807,0.05652708560228348,0.9979870915412903,0.028748981654644012,0.10278689116239548,-0.034459151327610016,0.9941063523292542,0.9904509782791138,-0.11470196396112442,-0.076487235724926,0.12103651463985443,0.9890804886817932,0.0840827152132988,0.0660075843334198,-0.09253755211830139,0.9935188889503479,0.9230027794837952,-0.37868034839630127,-0.0683155283331871,0.38285863399505615,0.9215534329414368,0.0644865483045578,0.03853662312030792,-0.08567646145820618,0.9955774545669556,-0.3290771245956421,0.94398432970047,0.02453278750181198,-0.6757816672325134,-0.21727541089057922,-0.7043511867523193,-0.6595661044120789,-0.24836465716362,0.7094276547431946,-0.5103119015693665,-0.11455395817756653,-0.8523257374763489,0.8598055243492126,-0.08845355361700058,-0.5029019713401794,-0.017781823873519897,-0.9894712567329407,0.14363302290439606,0.3595922887325287,0.15873141586780548,-0.9195095300674438,-0.020915094763040543,0.9865486025810242,0.1621248573064804,0.9328750967979431,-0.03906721621751785,0.3580751419067383,0.30308979749679565,-0.4755595028400421,0.8258206248283386,0.7664651274681091,0.6365981698036194,0.08528794348239899,-0.5662753582000732,0.6071128249168396,0.5574461817741394,0.8280198574066162,0.5524781346321106,-0.09566107392311096,-0.476090669631958,0.782886803150177,0.4005320966243744,0.2961770296096802,-0.2861051857471466,0.9112755060195923
190,0.4083029329776764,-0.6067080497741699,-0.6820513606071472,0.8376181125640869,0.5460300445556641,0.01571890152990818,0.3628837764263153,-0.5777166485786438,0.7311353087425232,-0.6147255301475525,-0.7871990203857422,-0.04929731413722038,0.7637697458267212,-0.5784972906112671,-0.2863505780696869,0.1968965381383896,-0.21367882192134857,0.956855833530426,0.5140541791915894,0.3664284944534302,-0.7755504250526428,-0.3946036696434021,0.9038270711898804,0.16548287868499756,0.7616011500358582,0.22096788883209229,0.6092100739479065,0.585107147693634,0.33205991983413696,-0.7398552894592285,-0.23782120645046234,0.9424722790718079,0.23491939902305603,0.7753003835678101,0.03850026801228523,0.6304181218147278,0.8714017271995544,0.22634872794151306,0.43523019552230835,-0.19789111614227295,0.9739948511123657,-0.11033205687999725,-0.4488854706287384,0.010015355423092842,0.8935331702232361,-0.41585686802864075,0.26369595527648926,-0.8703605532646179,-0.5384454131126404,0.6998738050460815,0.469311386346817,0.7328980565071106,0.6638080477714539,-0.14906145632266998,0.9664322137832642,-0.0014553616056218743,-0.25691771507263184,0.0024126677308231592,0.9999912977218628,0.003410939360037446,0.256910502910614,-0.003916298504918814,0.9664272665977478,0.45614469051361084,0.8821595311164856,0.11716041713953018,-0.4861913323402405,0.35731032490730286,-0.797463059425354,-0.7453522682189941,0.3067961633205414,0.5918835401535034,-0.2974357604980469,-0.12659864127635956,-0.9463111162185669,0.8946637511253357,0.3090897500514984,-0.3225528299808502,0.33332982659339905,-0.9425690174102783,0.02132887952029705,0.9826237559318542,-0.11220530420541763,-0.14785310626029968,0.12621362507343292,0.9880009889602661,0.08901777863502502,0.13609075546264648,-0.10613206028938293,0.9849950671195984,0.604028046131134,-0.3169325590133667,-0.7312344908714294,0.42225852608680725,0.905424952507019,-0.043628495186567307,0.6759052276611328,-0.2824171483516693,0.6807295680046082,-0.5663014650344849,0.4803621172904968,-0.6697424054145813,-0.7777968645095825,-0.5802789926528931,0.24147111177444458,-0.27264389395713806,0.6576690077781677,0.7022370100021362,-0.6284893751144409,-0.10902829468250275,-0.7701389193534851,0.7123078107833862,-0.4783986508846283,-0.5135682225227356,-0.3124399483203888,-0.8713481426239014,0.37833017110824585,0.28784042596817017,-0.045223433524370193,-0.9566100239753723,0.0016182678518816829,0.9989059567451477,-0.04673603177070618,0.9576770067214966,0.011904467828571796,0.28759869933128357,0.8091970086097717,-0.49698376655578613,-0.31338056921958923,0.322582483291626,0.8216042518615723,-0.47000744938850403,0.49106088280677795,0.2792375385761261,0.8251579403877258,0.719841480255127,0.2718115746974945,0.6387071013450623,-0.5306466221809387,0.8086668252944946,0.25391364097595215,-0.44748455286026,-0.5217053294181824,0.726347804069519
191,-0.8054493069648743,-0.589824378490448,-0.05795412138104439,0.5828500986099243,-0.8060368895530701,0.10290917754173279,-0.10741150379180908,0.0491095595061779,0.9930010437965393,0.9713945984840393,-0.018034473061561584,0.23678535223007202,0.025332314893603325,0.9992920756340027,-0.02781408280134201,-0.23611611127853394,0.03301677107810974,0.9711637496948242,0.13128049671649933,0.2907004654407501,0.9477651119232178,-0.3790748417377472,0.8981040716171265,-0.2229604572057724,-0.9160063862800598,-0.330003559589386,0.22810077667236328,-0.8715189099311829,0.4019027352333069,0.2809430956840515,-0.2577635645866394,-0.8628677725791931,0.43476101756095886,0.4171483814716339,0.3064855635166168,0.85560142993927,0.1223984956741333,0.905884861946106,-0.4054519236087799,-0.9743065237998962,0.1874956488609314,0.12478870898485184,0.18906466662883759,0.3797605037689209,0.905558705329895,-0.426308274269104,-0.9006966948509216,-0.0837063118815422,0.8281520009040833,-0.4258422255516052,0.3644483983516693,-0.3639031648635864,0.08604581654071808,0.9274538159370422,0.33427438139915466,-0.24941186606884003,-0.9088753461837769,0.3305612802505493,0.9341138601303101,-0.13476096093654633,0.8826040029525757,-0.2553918659687042,0.39469626545906067,0.6695671677589417,-0.5832725167274475,0.4598619043827057,0.35641685128211975,0.7955045104026794,0.4900404214859009,-0.6516492962837219,-0.1642124354839325,0.740531861782074,-0.690254807472229,0.24267081916332245,-0.6816591620445251,0.7220070362091064,0.1691831797361374,-0.6708822250366211,-0.047478266060352325,-0.9552423357963562,-0.2919895350933075,-0.15251374244689941,0.5020270347595215,-0.8512980937957764,-0.7783352136611938,-0.5918378829956055,-0.20957618951797485,-0.6090433597564697,0.6306320428848267,0.48100873827934265,0.9721905589103699,-0.19451795518398285,-0.13041575253009796,0.20042014122009277,0.9791321754455566,0.03364454582333565,0.12114979326725006,-0.0588468536734581,0.9908883571624756,0.9592546820640564,-0.18937300145626068,0.20968613028526306,0.17320358753204346,0.9804727435112,0.09313304722309113,-0.22322840988636017,-0.0530199259519577,0.9733231663703918,0.9552616477012634,-0.11652358621358871,-0.27184081077575684,0.14210544526576996,0.986903965473175,0.07633253931999207,0.25938624143600464,-0.11154761165380478,0.9593101143836975,0.2270355075597763,0.25431254506111145,-0.9400957226753235,0.015382514335215092,0.964246392250061,0.26456061005592346,0.9737650156021118,-0.07452569156885147,0.21500620245933533,0.9781041145324707,-0.14120027422904968,0.15288838744163513,0.15083597600460052,0.9871199131011963,-0.053317803889513016,-0.1433906853199005,0.07521142810583115,0.9868041276931763,0.48894262313842773,-0.12873826920986176,0.8627639412879944,0.034367188811302185,0.9911248087882996,0.1284153312444687,-0.8716387152671814,-0.03313695639371872,0.4890275299549103
192,0.2944355309009552,-0.8038179278373718,-0.5168988704681396,0.8811747431755066,0.437705397605896,-0.1787317991256714,0.36991724371910095,-0.40285325050354004,0.8371800780296326,-0.31971123814582825,-0.9312784075737,-0.17465738952159882,0.9066980481147766,-0.24717631936073303,-0.3417638838291168,0.27510616183280945,-0.2676272690296173,0.9234133362770081,-0.3635171949863434,-0.38156914710998535,-0.8498589396476746,0.2532877027988434,0.8374210596084595,-0.484325647354126,0.8964934945106506,-0.39131951332092285,-0.20777016878128052,0.8677719235420227,0.49655044078826904,-0.020236501470208168,-0.49191904067993164,0.8640393018722534,0.10701274871826172,0.07062236219644547,-0.08290793746709824,0.9940516948699951,0.20929880440235138,-0.7399123907089233,-0.6393150091171265,0.8818181157112122,0.4253690540790558,-0.20361225306987762,0.42260006070137024,-0.5211437344551086,0.7414973974227905,0.043241895735263824,0.6287518739700317,-0.7764027714729309,-0.8135683536529541,0.4732087254524231,0.33790531754493713,0.5798591375350952,0.6170450448989868,0.5319950580596924,0.8739909529685974,-0.48431384563446045,-0.03974812477827072,0.48589450120925903,0.8698306083679199,0.08544756472110748,-0.006809305399656296,-0.09399379044771194,0.9955494999885559,0.7233798503875732,0.5579311847686768,-0.40673625469207764,-0.6891344785690308,0.6197777390480042,-0.37545865774154663,0.04260598123073578,0.5518952012062073,0.8328243494033813,0.9605414271354675,0.20204897224903107,-0.1911449283361435,-0.22960980236530304,0.9638786911964417,-0.13497097790241241,0.15696977078914642,0.17353396117687225,0.9722378849983215,-0.030075959861278534,-0.308081716299057,-0.9508844017982483,0.9821286797523499,-0.1859351545572281,0.029177844524383545,-0.1857919991016388,-0.9330132603645325,0.30816805362701416,0.49768736958503723,-0.5682706236839294,-0.6552677154541016,0.6946064829826355,0.7135763764381409,-0.0912720337510109,0.5194507837295532,-0.4097282588481903,0.7498624324798584,-0.11338374018669128,0.45368295907974243,-0.8839207291603088,-0.8781580328941345,0.37038156390190125,0.30274730920791626,0.46473923325538635,0.8105487823486328,0.35641008615493774,-0.4258044958114624,-0.7910488247871399,0.43924060463905334,0.5901641845703125,0.12516210973262787,0.7975215911865234,-0.6858547925949097,0.5988123416900635,0.4135540723800659,0.46026286482810974,-0.28154098987579346,-0.841957688331604,0.05886601284146309,0.9559738039970398,-0.28748708963394165,0.8858289122581482,0.08275694400072098,0.45657244324684143,0.7835811376571655,-0.5431534051895142,-0.3016371726989746,0.3499106466770172,0.7869918942451477,-0.5081400275230408,0.5133839845657349,0.2926228940486908,0.8067271709442139,0.9016359448432922,-0.4257364273071289,0.07616483420133591,0.4267676770687103,0.8472231030464172,-0.3163580000400543,0.070156529545784,0.3177444636821747,0.9455773234367371
193,0.2454189658164978,-0.6142701506614685,-0.7499611377716064,0.7952992916107178,0.5699389576911926,-0.20656394958496094,0.5543181300163269,-0.5457488298416138,0.6284024119377136,-0.7040210962295532,-0.41915616393089294,0.5732908844947815,0.6808640956878662,-0.1688317209482193,0.7126850485801697,-0.20193664729595184,0.8920784592628479,0.4042494595050812,0.9675911664962769,0.2519381046295166,0.01716022379696369,-0.2520315647125244,0.9677127599716187,0.0034850994125008583,-0.015728138387203217,-0.007697070017457008,0.9998466968536377,-0.9315695762634277,-0.15151873230934143,-0.3304847180843353,0.11751881241798401,0.7347210645675659,-0.6681124567985535,0.34404563903808594,-0.6612314581871033,-0.6666375398635864,0.7220210433006287,0.2926003932952881,0.6269534826278687,-0.23146063089370728,0.9561108350753784,-0.17966081202030182,-0.6520058512687683,-0.015396159142255783,0.7580575942993164,-0.7545585632324219,-0.47701841592788696,-0.45066037774086,0.6470048427581787,-0.4260178506374359,-0.6323713064193726,0.10966338962316513,-0.7687406539916992,0.6300886869430542,0.4075615704059601,0.12071666866540909,-0.9051635265350342,-0.13085901737213135,0.9887142777442932,0.07293841242790222,0.9037529826164246,0.08872191607952118,0.4187588095664978,0.8899339437484741,-0.37707632780075073,-0.2565755844116211,0.44208839535713196,0.8514924049377441,0.2819903492927551,0.11214026808738708,-0.3643818497657776,0.9244730472564697,0.9835666418075562,0.06934352219104767,-0.16669778525829315,-0.07906122505664825,0.9954928755760193,-0.05237623304128647,0.1623145043849945,0.064694844186306,0.9846159815788269,0.9898636937141418,-0.09457502514123917,-0.10595035552978516,0.10268274694681168,0.9919674396514893,0.07387015968561172,0.0981130301952362,-0.08400066196918488,0.9916237592697144,0.7062624096870422,-0.5825369358062744,-0.40229856967926025,0.6401513814926147,0.7681624889373779,0.01151341199874878,0.30232369899749756,-0.2656635046005249,0.9154361486434937,0.7573345303535461,-0.28835591673851013,-0.5859140157699585,0.32505717873573303,0.9446354508399963,-0.04474063962697983,0.5663763880729675,-0.15657193958759308,0.809137225151062,0.9819855093955994,0.12503229081630707,0.1416734904050827,-0.1148553118109703,0.9903232455253601,-0.07789833098649979,-0.1500423550605774,0.06022308021783829,0.9868437051773071,0.4284689426422119,-0.23970647156238556,-0.8711803555488586,0.04072793573141098,0.9683117270469666,-0.24640126526355743,0.9026381373405457,0.07009390741586685,0.4246542453765869,0.5861173272132874,-0.8030359148979187,-0.10770268738269806,0.5179992318153381,0.4736088812351227,-0.7123001217842102,0.6230114698410034,0.36170151829719543,0.6935623288154602,0.556927502155304,0.8222223520278931,0.117397241294384,-0.6828691363334656,0.37283748388290405,0.6282371878623962,0.4727805554866791,-0.4300495386123657,0.7691137194633484
194,0.18771067261695862,-0.6052108407020569,-0.7736178040504456,0.6899954676628113,0.6417981386184692,-0.3346661627292633,0.6990500688552856,-0.47097235918045044,0.5380650758743286,-0.2367253303527832,-0.5181831121444702,-0.8218560218811035,0.6449963450431824,0.5487906336784363,-0.5317975282669067,0.726595401763916,-0.6559840440750122,0.20431356132030487,0.7672196626663208,0.5331227779388428,0.3565868139266968,-0.5434363484382629,0.8356223702430725,-0.08007660508155823,-0.34066256880760193,-0.13234588503837585,0.9308241605758667,0.9627927541732788,0.26796281337738037,-0.035015325993299484,-0.26571938395500183,0.9623062610626221,0.05796397477388382,0.04922765865921974,-0.04650304093956947,0.9977044463157654,0.7478431463241577,0.19530633091926575,0.6344967484474182,-0.14627765119075775,0.9807340502738953,-0.12947401404380798,-0.647559642791748,0.004013550467789173,0.7620041966438293,-0.6908157467842102,-0.4931061863899231,-0.5287909507751465,0.6679347157478333,-0.15521422028541565,-0.7278542518615723,0.27683356404304504,-0.8560109734535217,0.4365871846675873,0.4784751534461975,0.3805663287639618,-0.7913474440574646,-0.4489882290363312,0.8805184960365295,0.15197618305683136,0.7546330690383911,0.2825888693332672,0.5921760201454163,0.5677265524864197,0.75678551197052,0.3239787817001343,-0.40546804666519165,0.5995672941207886,-0.690010666847229,-0.7164371609687805,0.26037436723709106,0.6472426056861877,0.033707886934280396,-0.5430297255516052,-0.8390366435050964,0.9637823104858398,-0.2045593559741974,0.1711115688085556,-0.26455146074295044,-0.8144164681434631,0.5164671540260315,0.9918786883354187,-0.0750105232000351,-0.10271389782428741,0.0815402939915657,0.9948065876960754,0.060917891561985016,0.09761098027229309,-0.0687984824180603,0.9928438067436218,0.6670835614204407,-0.5144625306129456,-0.538820743560791,0.5970105528831482,0.8017979860305786,-0.02642638608813286,0.4456208050251007,-0.30405309796333313,0.8420058488845825,-0.34592047333717346,0.8417456746101379,-0.41449156403541565,-0.839575469493866,-0.47491157054901123,-0.2637650668621063,-0.4188699424266815,0.2567552328109741,0.8709906339645386,-0.6029044389724731,-0.3549075424671173,-0.7145256400108337,0.6879992485046387,-0.6847326755523682,-0.2404126077890396,-0.4039348065853119,-0.6365389227867126,0.6570044755935669,0.2982291281223297,-0.17119446396827698,-0.9390164017677307,0.014718553051352501,0.9844920635223389,-0.17481066286563873,0.9543808102607727,0.03831266984343529,0.2961239516735077,0.8835630416870117,-0.24861328303813934,-0.39687252044677734,0.14302730560302734,0.9502172470092773,-0.2768218517303467,0.4459367096424103,0.18782596290111542,0.8751353025436401,0.9101026654243469,-0.38930824398994446,-0.14195844531059265,0.3259604275226593,0.8841042518615723,-0.3348275423049927,0.2558571994304657,0.2584545910358429,0.9315247535705566
195,0.0458214208483696,-0.9137857556343079,-0.40360376238822937,0.9492708444595337,0.1656571477651596,-0.26728740334510803,0.3111032545566559,-0.3708817958831787,0.8750208020210266,-0.02933810092508793,-0.9995297193527222,0.00892291497439146,0.9933403730392456,-0.030149146914482117,-0.11120245605707169,0.111419178545475,0.005601022858172655,0.9937577247619629,0.9910193085670471,0.08852174878120422,-0.10022269189357758,-0.08882035315036774,0.9960465431213379,0.0014876407803967595,0.0999581515789032,0.007427533622831106,0.9949639439582825,-0.3144095540046692,0.06438691169023514,-0.947101354598999,0.08340460062026978,0.9957125186920166,0.04000379517674446,0.9456163644790649,-0.06641503423452377,-0.31843167543411255,0.6665764451026917,0.7185513973236084,0.1983928680419922,-0.681271493434906,0.6952520608901978,-0.2291150540113449,-0.30256399512290955,0.017563290894031525,0.9529672265052795,-0.7140581011772156,-0.6250988841056824,-0.31523388624191284,0.6832323670387268,-0.7204320430755615,-0.11904279887676239,-0.1526910811662674,-0.30038148164749146,0.9415181279182434,0.303618460893631,-0.047437939792871475,-0.9516120553016663,0.08262501657009125,0.9963082075119019,-0.023303959518671036,0.9492043852806091,-0.07155144959688187,0.3064171075820923,0.5672682523727417,0.7607110142707825,-0.3154766261577606,-0.7455042004585266,0.3115863800048828,-0.5891836881637573,-0.3499002754688263,0.5694143176078796,0.7438663244247437,-0.07290242612361908,-0.6587522029876709,-0.7488195896148682,0.7133393287658691,-0.5591694712638855,0.4224648177623749,-0.6970166563987732,-0.5033637285232544,0.5106786489486694,0.9925255179405212,-0.10358132421970367,-0.06452930718660355,0.10836803168058395,0.9912233352661133,0.07571455091238022,0.05612034350633621,-0.08214154094457626,0.9950393438339233,0.6009027361869812,-0.681347131729126,-0.41794976592063904,0.7502774596214294,0.6611223816871643,0.000933032191824168,0.2756802439689636,-0.3141389489173889,0.9084696769714355,-0.3824833035469055,0.250476211309433,-0.8893639445304871,-0.7788193821907043,0.4305039048194885,0.4561871588230133,0.4971386790275574,0.8671378493309021,0.03041517361998558,-0.792583167552948,-0.41318148374557495,0.44843393564224243,0.3350600302219391,0.31933411955833435,0.8864313364028931,-0.5094572305679321,0.8528228402137756,-0.11465825140476227,0.20396922528743744,-0.05868177488446236,-0.9772169589996338,0.0006786441663280129,0.9982101321220398,-0.05980076268315315,0.9789770841598511,0.011534332297742367,0.20364396274089813,0.6197217702865601,-0.6854124069213867,0.3823019564151764,0.7809506058692932,0.4902338683605194,-0.3870231509208679,0.07785310596227646,0.5384055972099304,0.8390818238258362,0.9892628192901611,-0.09674271941184998,-0.10954397171735764,0.08687231689691544,0.9920032620429993,-0.09155721962451935,0.11752547323703766,0.08105781674385071,0.9897562265396118
196,0.12949764728546143,-0.7806491851806641,-0.6114059090614319,0.9914896488189697,0.09363127499818802,0.0904512107372284,-0.013363953679800034,-0.6179158687591553,0.7861306667327881,0.26187992095947266,-0.9561076164245605,0.13144254684448242,0.96483314037323,0.2625731825828552,-0.01234161201864481,-0.02271338179707527,0.13005214929580688,0.9912469387054443,-0.01813746802508831,-0.11784540116786957,-0.9928662776947021,0.016280673444271088,0.9928631782531738,-0.11814244836568832,0.9997029304504395,-0.018307337537407875,-0.0160894226282835,0.6369532942771912,-0.38967686891555786,-0.6651634573936462,0.36265790462493896,0.91286301612854,-0.18751096725463867,0.6802718043327332,-0.1217910647392273,0.7227705121040344,0.7675849795341492,0.48995280265808105,0.41323065757751465,-0.4405859708786011,0.8715826272964478,-0.2150062918663025,-0.4655075967311859,-0.01702803187072277,0.8848800659179688,0.8012717366218567,-0.23535291850566864,0.5500659942626953,0.1976802945137024,0.9718897342681885,0.12787821888923645,-0.5647000074386597,0.006272002123296261,0.8252723813056946,-0.9416669607162476,-0.002264804905280471,-0.3365385830402374,-0.33091288805007935,0.18842704594135284,0.9246577024459839,0.06131879985332489,0.9820845723152161,-0.17818497121334076,0.8320246934890747,-0.3861863613128662,-0.3982398808002472,0.5127805471420288,0.8092937469482422,0.2865305244922638,0.21163888275623322,-0.44261014461517334,0.8713812232017517,-0.3411349058151245,0.029656702652573586,-0.9395464062690735,-0.49703678488731384,-0.8540430665016174,0.15350864827632904,-0.7978605031967163,0.5193563103675842,0.30608436465263367,-0.34207049012184143,0.11697228997945786,-0.9323654174804688,0.5432296991348267,-0.7849997282028198,-0.29778674244880676,-0.7667393684387207,-0.6083526611328125,0.20498239994049072,0.6856060028076172,-0.5886262059211731,-0.4283265471458435,0.6531627178192139,0.757201611995697,0.004911157768219709,0.321438729763031,-0.2831340730190277,0.9036106467247009,0.8837314248085022,-0.3791603744029999,-0.2743286192417145,0.40748676657676697,0.9116948843002319,0.0526021309196949,0.23015935719013214,-0.1582714319229126,0.9601962566375732,0.4985705018043518,0.7490196824073792,-0.43634501099586487,-0.8320090174674988,0.5547597408294678,0.00162907550111413,0.2432868629693985,0.3622307777404785,0.8997779488563538,0.20052148401737213,0.037435080856084824,-0.9789738059043884,-0.0018606812227517366,0.9992824196815491,0.037830546498298645,0.979687511920929,-0.005764279048889875,0.20044724643230438,0.8107602000236511,-0.5852656364440918,-0.01149063091725111,0.5176879167556763,0.7260323166847229,-0.4526325464248657,0.2732528746128082,0.36102789640426636,0.8916230797767639,0.9620427489280701,-0.2393517643213272,0.13108962774276733,0.25788959860801697,0.9544833302497864,-0.14984837174415588,-0.0892563909292221,0.17796719074249268,0.9799801111221313
