frame_id,j3d_recon_0,j3d_recon_1,j3d_recon_2,j3d_recon_3,j3d_recon_4,j3d_recon_5,j3d_recon_6,j3d_recon_7,j3d_recon_8,j3d_recon_9,j3d_recon_10,j3d_recon_11,j3d_recon_12,j3d_recon_13,j3d_recon_14,j3d_recon_15,j3d_recon_16,j3d_recon_17,j3d_recon_18,j3d_recon_19,j3d_recon_20,j3d_recon_21,j3d_recon_22,j3d_recon_23,j3d_recon_24,j3d_recon_25,j3d_recon_26,j3d_recon_27,j3d_recon_28,j3d_recon_29,j3d_recon_30,j3d_recon_31,j3d_recon_32,j3d_recon_33,j3d_recon_34,j3d_recon_35,j3d_recon_36,j3d_recon_37,j3d_recon_38,j3d_recon_39,j3d_recon_40,j3d_recon_41,j3d_recon_42,j3d_recon_43,j3d_recon_44,j3d_recon_45,j3d_recon_46,j3d_recon_47,j3d_recon_48,j3d_recon_49,j3d_recon_50,j3d_recon_51,j3d_recon_52,j3d_recon_53,j3d_recon_54,j3d_recon_55,j3d_recon_56,j3d_recon_57,j3d_recon_58,j3d_recon_59,j3d_recon_60,j3d_recon_61,j3d_recon_62
0,90.68148040771484,5.902745246887207,6.31496000289917,122.79151916503906,18.467754364013672,10.837646484375,139.7179718017578,-5.401771545410156,14.840282440185547,151.7595672607422,-13.809284210205078,36.759056091308594,122.54939270019531,-27.014320373535156,29.802576065063477,131.55760192871094,71.38346862792969,36.89884948730469,154.7502899169922,56.71364212036133,53.21604919433594,161.57196044921875,38.18391799926758,63.1816520690918,154.49681091308594,22.585384368896484,48.12085723876953,116.044921875,76.13529205322266,52.580387115478516,127.51435089111328,51.682777404785156,68.97518920898438,138.1719970703125,30.90982437133789,71.52045440673828,151.2715301513672,18.252309799194336,91.58671569824219,97.71241760253906,63.28865051269531,61.91766357421875,118.54981994628906,47.51019287109375,72.69834899902344,140.37155151367188,46.74006652832031,84.51679229736328,161.66287231445312,52.83413314819336,94.49948120117188,85.14140319824219,49.76986312866211,69.05888366699219,98.88848114013672,35.153682708740234,76.26558685302734,112.13029479980469,21.446767807006836,78.2875747680664,126.05804443359375,25.460538864135742,90.94640350341797
1,90.68148040771484,5.902745723724365,6.314959526062012,113.26307678222656,28.642549514770508,-7.189191818237305,121.92576599121094,16.218002319335938,-32.544044494628906,146.0533447265625,22.477994918823242,-41.19221496582031,140.5085906982422,-10.459880828857422,-44.85768127441406,120.46823120117188,82.6631851196289,17.017425537109375,141.92340087890625,89.9709243774414,-5.468757629394531,139.01058959960938,72.04019165039062,-18.08636474609375,122.96012878417969,58.917545318603516,-9.220212936401367,117.49298095703125,82.74003601074219,39.3842658996582,138.11106872558594,68.96107482910156,19.806299209594727,145.30101013183594,55.92218017578125,1.643940806388855,169.4196319580078,51.99806213378906,-10.64706802368164,113.6306381225586,64.99603271484375,55.46327209472656,120.00205993652344,63.22433853149414,27.974245071411133,133.8817138671875,75.41705322265625,11.386615753173828,147.67471313476562,93.84716033935547,2.4021918773651123,112.80477142333984,48.42942810058594,66.26374816894531,127.59922790527344,46.02372741699219,51.1016960144043,134.50364685058594,41.48549270629883,33.8087158203125,133.04080200195312,39.83146667480469,16.259967803955078
2,90.68148040771484,5.902745246887207,6.314958572387695,120.27954864501953,24.128265380859375,5.231564044952393,141.9352264404297,6.840271949768066,-4.987893581390381,164.8953399658203,0.7745027542114258,6.5081305503845215,157.9375,-30.33358383178711,-4.968624591827393,125.09061431884766,76.3906021118164,33.54419708251953,156.4962921142578,72.23497009277344,37.51528549194336,162.20916748046875,54.618438720703125,25.42314338684082,143.0589599609375,47.04108810424805,15.984177589416504,112.79903411865234,77.31236267089844,52.44395065307617,136.55612182617188,56.68251419067383,55.32026290893555,152.0642852783203,40.39996337890625,48.54123306274414,164.20651245117188,20.367431640625,35.96901321411133,99.50762939453125,60.756431579589844,64.17176055908203,124.5147476196289,54.35490417480469,52.63725662231445,148.8997039794922,58.658119201660156,54.457550048828125,167.99359130859375,72.12047576904297,63.340118408203125,91.3833999633789,44.7501106262207,72.51318359375,110.3189468383789,34.959083557128906,72.14957427978516,126.00834655761719,26.0239200592041,65.72154998779297,138.0780487060547,22.132041931152344,53.3597526550293
3,90.68148040771484,5.902745246887207,6.314958572387695,119.19707489013672,25.80221939086914,5.80429744720459,138.73045349121094,3.808612108230591,3.156869649887085,156.89382934570312,-0.9680502414703369,21.687746047973633,144.94088745117188,-31.478759765625,13.144768714904785,116.91429901123047,82.98412322998047,22.571008682250977,146.3221435546875,77.18070220947266,33.564395904541016,149.86349487304688,57.17097091674805,24.831201553344727,131.86607360839844,51.88618850708008,12.129451751708984,101.6561508178711,86.79701232910156,38.75074768066406,119.77737426757812,63.31665802001953,49.63912582397461,132.92721557617188,43.8897819519043,48.51757049560547,150.54029846191406,31.382217407226562,65.02922058105469,87.38438415527344,72.00760650634766,51.63066864013672,112.3543701171875,59.61539077758789,46.90690231323242,136.0146942138672,62.18769454956055,53.980010986328125,155.12445068359375,73.95526123046875,64.74593353271484,78.73551177978516,57.467140197753906,61.90473556518555,96.10602569580078,46.215118408203125,67.024169921875,111.07300567626953,34.38618850708008,65.18579864501953,124.39247131347656,27.10626983642578,55.99113464355469
4,90.68148040771484,5.902745246887207,6.314958572387695,119.13158416748047,25.37749481201172,1.763620376586914,137.44786071777344,3.5446882247924805,-5.990303993225098,157.7647247314453,0.3694491386413574,10.540342330932617,145.23031616210938,-30.880369186401367,7.489863872528076,120.72355651855469,82.0321044921875,20.306114196777344,151.7733917236328,75.6256332397461,24.07704734802246,153.0123291015625,55.45601272583008,15.085351943969727,132.25152587890625,48.81527328491211,8.620582580566406,108.35514831542969,85.56361389160156,38.84484100341797,129.2251434326172,62.33598709106445,43.65968322753906,139.74253845214844,41.72380065917969,39.646968841552734,161.34742736816406,30.05483627319336,51.33563995361328,96.05706024169922,70.5929946899414,53.437278747558594,118.7392349243164,59.170169830322266,41.01073455810547,143.32533264160156,62.630191802978516,40.915836334228516,163.81658935546875,76.10926055908203,45.41181945800781,88.89151000976562,55.868499755859375,64.55613708496094,106.89232635498047,44.895565032958984,67.73678588867188,121.19536590576172,33.41992950439453,62.16482925415039,138.45574951171875,40.00273513793945,66.18865203857422
5,90.68148040771484,5.902745246887207,6.314958572387695,119.21527862548828,25.69826316833496,4.485105991363525,136.0336456298828,1.422805666923523,4.839291095733643,150.3829803466797,-0.5962001085281372,26.887842178344727,135.2421875,-30.359018325805664,21.536865234375,116.66007232666016,84.1897964477539,15.812705993652344,143.57363891601562,74.27162170410156,29.835712432861328,144.951904296875,53.164161682128906,23.372364044189453,126.59710693359375,48.308692932128906,10.740760803222656,101.10606384277344,89.47566986083984,31.280916213989258,116.407470703125,64.9677505493164,44.067291259765625,126.26435089111328,43.69092559814453,45.378089904785156,141.3260955810547,31.307157516479492,64.23249816894531,86.58692169189453,75.9339599609375,45.21355438232422,110.16674041748047,60.73263168334961,41.70762252807617,133.80557250976562,61.45686721801758,49.26660919189453,153.48756408691406,72.08425903320312,60.23627853393555,77.73835754394531,62.40351486206055,56.633487701416016,93.98694610595703,50.90219497680664,64.26594543457031,107.57740020751953,37.398956298828125,63.7406120300293,120.09684753417969,28.26969337463379,55.103336334228516
6,90.68148040771484,5.902745723724365,6.314957618713379,118.76905822753906,26.392101287841797,7.129629135131836,137.89918518066406,3.9319005012512207,5.766622066497803,155.50323486328125,-4.56299352645874,23.488174438476562,144.62762451171875,-34.990570068359375,12.579906463623047,114.35188293457031,83.76598358154297,22.77667999267578,142.47950744628906,77.38140869140625,36.467159271240234,148.48680114746094,57.90530014038086,27.876895904541016,131.91482543945312,52.56061935424805,13.432219505310059,98.09998321533203,87.50502014160156,37.97631072998047,115.16854858398438,63.618473052978516,49.65361404418945,129.3310546875,44.88371276855469,49.76264190673828,140.2266387939453,21.577775955200195,42.9317512512207,83.40242767333984,72.61791229248047,50.25058364868164,108.71112823486328,60.335689544677734,47.422611236572266,131.8351593017578,61.817298889160156,56.34117889404297,149.68795776367188,71.69705963134766,70.64226531982422,74.46424865722656,58.05845642089844,60.24638748168945,90.12242889404297,44.363529205322266,64.917724609375,104.27914428710938,31.495820999145508,63.76730728149414,117.99730682373047,23.47730827331543,55.495731353759766
7,90.68148040771484,5.902745246887207,6.314957618713379,120.28471374511719,23.64344024658203,10.593453407287598,139.46121215820312,1.1818037033081055,10.724119186401367,155.36166381835938,-9.919933319091797,28.613943099975586,146.76528930664062,-40.52070999145508,16.1552734375,119.74239349365234,79.50481414794922,31.45766258239746,145.66197204589844,70.70709991455078,47.893341064453125,153.1963348388672,51.15802001953125,40.803462982177734,139.20835876464844,45.19260025024414,23.971057891845703,102.96185302734375,83.26890563964844,46.06513595581055,117.48321533203125,58.27150344848633,58.813568115234375,130.69810485839844,38.87812042236328,59.73160934448242,145.1245574951172,24.241552352905273,77.49783325195312,86.34525299072266,68.68953704833984,56.04676818847656,111.33332824707031,55.4633674621582,56.26015853881836,133.44998168945312,54.13591003417969,67.4649658203125,150.043212890625,63.73613357543945,83.55430603027344,75.62379455566406,54.13032913208008,64.10061645507812,89.88825988769531,38.80914306640625,68.1425552368164,103.46832275390625,25.285297393798828,68.10653686523438,117.8520736694336,16.57225227355957,61.67850112915039
8,90.68148040771484,5.902745246887207,6.314957618713379,119.82615661621094,24.472780227661133,10.204764366149902,140.49411010742188,3.4609363079071045,8.302521705627441,158.32310485839844,-8.035390853881836,23.989469528198242,151.25518798828125,-38.02352523803711,9.167868614196777,118.18970489501953,79.59869384765625,32.888633728027344,146.5949249267578,73.73242950439453,46.233516693115234,154.91575622558594,55.157997131347656,37.575950622558594,140.4781951904297,48.505619049072266,21.482269287109375,101.79706573486328,82.3403549194336,48.14963912963867,118.5850601196289,57.851070404052734,58.952449798583984,128.20970153808594,36.4287109375,59.12135314941406,143.982177734375,21.198179244995117,75.01728057861328,86.00245666503906,66.90933990478516,58.185359954833984,111.90412902832031,55.731170654296875,56.305931091308594,134.70797729492188,55.39805603027344,66.1207275390625,150.05392456054688,65.72787475585938,83.1333999633789,76.03118133544922,51.75509262084961,66.10414123535156,91.12620544433594,36.749027252197266,67.3328857421875,105.4423599243164,24.157346725463867,65.38067626953125,119.69180297851562,16.883413314819336,57.19138717651367
9,90.68148040771484,5.902745246887207,6.314957618713379,120.03846740722656,24.535036087036133,6.943643093109131,138.20330810546875,1.4889612197875977,3.5973870754241943,155.31239318847656,-13.14261245727539,17.35657501220703,144.35606384277344,-44.13563919067383,7.280077934265137,119.9250259399414,81.20509338378906,25.506916046142578,150.41683959960938,75.73226165771484,33.230506896972656,155.61044311523438,55.72317123413086,25.365259170532227,139.97738647460938,38.6995849609375,28.84494400024414,104.54541015625,85.17349243164062,41.533538818359375,120.32846069335938,59.92808151245117,52.10835647583008,131.82937622070312,39.45589065551758,51.66340637207031,148.30308532714844,24.87824058532715,67.54022979736328,89.40568542480469,70.62747192382812,53.67866134643555,113.82701873779297,57.036705017089844,49.40427780151367,137.57781982421875,55.640872955322266,56.50415802001953,153.81846618652344,68.7322998046875,70.78712463378906,79.94232177734375,56.16485595703125,63.32554626464844,92.21630096435547,39.161705017089844,67.17179107666016,104.93413543701172,24.89841079711914,65.71272277832031,112.84963989257812,23.40790557861328,83.82846069335938
10,90.68148040771484,5.902745246887207,6.314957618713379,107.01918029785156,-2.959872245788574,35.7075309753418,80.64164733886719,-10.151130676269531,46.878578186035156,60.1777229309082,0.9703207612037659,59.27454376220703,39.01828384399414,-16.32781982421875,41.43155288696289,116.44408416748047,37.18818664550781,78.78196716308594,93.87389373779297,43.79656982421875,100.37529754638672,75.74683380126953,31.14931297302246,99.56550598144531,65.68547821044922,27.427108764648438,78.02806854248047,100.13533020019531,52.7315788269043,80.03125,68.74434661865234,52.786216735839844,83.61808013916016,47.1346321105957,58.409664154052734,76.3395767211914,23.161455154418945,66.21864318847656,84.13348388671875,78.9581298828125,55.22971725463867,68.47322845458984,58.77669143676758,46.93778610229492,86.45471954345703,34.35386657714844,42.67105484008789,85.12140655517578,34.91319274902344,54.71921920776367,106.0184555053711,61.59475326538086,53.378448486328125,59.15279006958008,42.396270751953125,51.45934295654297,68.22398376464844,26.024322509765625,46.230838775634766,76.70549011230469,19.35186195373535,55.771690368652344,90.98731231689453
11,90.68148040771484,5.902745723724365,6.314957618713379,124.53990936279297,2.6459009647369385,13.55298900604248,101.16670227050781,-10.621452331542969,25.798437118530273,117.16267395019531,-17.410058975219727,45.6519660949707,108.61288452148438,-35.64017105102539,18.74454689025879,154.605712890625,46.91680908203125,39.8633918762207,173.4082489013672,22.876413345336914,30.48899269104004,166.85694885253906,2.133795976638794,34.491878509521484,172.54296875,-10.688021659851074,16.52580451965332,141.87196350097656,58.95713424682617,54.07659149169922,155.27684020996094,34.871002197265625,69.51776885986328,165.7392578125,52.58285903930664,58.18606948852539,180.39422607421875,30.813962936401367,58.11497116088867,119.04991912841797,56.34083557128906,61.86194610595703,118.74519348144531,39.003089904785156,84.19332885742188,129.150390625,16.685258865356445,87.37185668945312,132.9879913330078,24.083309173583984,110.88645935058594,101.18672943115234,50.396183013916016,67.9736099243164,120.97416687011719,49.16431427001953,75.81523895263672,126.74569702148438,32.68446731567383,83.71574401855469,117.36930847167969,17.36089324951172,89.51197814941406
12,90.68148040771484,5.902745723724365,6.314957618713379,120.40628814697266,-9.600075721740723,15.5609130859375,98.00515747070312,-22.954605102539062,29.421884536743164,91.41400146484375,-47.919151306152344,34.84837341308594,83.55571746826172,-60.76460266113281,5.479961395263672,152.31704711914062,10.489710807800293,61.758392333984375,158.90960693359375,1.4837086200714111,91.67135620117188,151.7648162841797,-19.436269760131836,92.38239288330078,156.992919921875,-30.37206268310547,73.24794006347656,139.5202178955078,19.38814353942871,78.07377624511719,150.671630859375,-5.923449993133545,93.34568786621094,154.23773193359375,-11.362287521362305,70.7784194946289,171.39686584472656,-32.59011459350586,70.61236572265625,115.49956512451172,20.80868148803711,81.12213134765625,114.46056365966797,2.9742214679718018,103.03636169433594,137.8957061767578,2.5166430473327637,111.2242660522461,145.49639892578125,8.263484954833984,134.86843872070312,95.85565185546875,18.49303436279297,81.85652923583984,108.24147033691406,2.060957193374634,87.43594360351562,116.21638488769531,-14.126091957092285,93.89302825927734,132.7461700439453,-11.170514106750488,105.49594116210938
13,90.68148040771484,5.902744770050049,6.314957618713379,116.04364013671875,24.530195236206055,-8.489368438720703,90.29243469238281,12.777715682983398,-0.061134807765483856,79.60209655761719,-9.066978454589844,10.168474197387695,76.7920913696289,-13.632671356201172,-22.328224182128906,103.62529754638672,65.87271118164062,-49.63161087036133,110.79842376708984,57.33321762084961,-19.715421676635742,108.04093933105469,55.90376663208008,2.1832547187805176,111.94293212890625,45.461952209472656,-17.074703216552734,83.71790313720703,75.94064331054688,-46.24555206298828,97.03336334228516,51.89128494262695,-30.670278549194336,100.5778579711914,47.85089111328125,-53.53272247314453,118.34841918945312,36.24501037597656,-38.76586151123047,67.38947296142578,74.37222290039062,-28.37869644165039,66.70893859863281,56.71844482421875,-6.304690837860107,80.83467102050781,40.84439468383789,6.538012981414795,94.5689697265625,44.14285659790039,24.134296417236328,57.179569244384766,72.62333679199219,-11.512046813964844,70.19950103759766,55.87532424926758,-13.642045021057129,79.22802734375,38.99809265136719,-12.66288948059082,91.09076690673828,48.832523345947266,-4.735627174377441
14,90.68148040771484,5.902746200561523,6.3149566650390625,81.43498229980469,39.40734100341797,5.159926891326904,79.2614517211914,62.358158111572266,23.62112808227539,97.12049102783203,78.75822448730469,34.023590087890625,110.44652557373047,95.29441833496094,6.082553386688232,56.63164138793945,62.63666534423828,-43.84309005737305,66.61438751220703,44.34024429321289,-19.657541275024414,64.80563354492188,33.6502571105957,-0.3792736530303955,81.7550048828125,40.024314880371094,-14.339614868164062,43.97499465942383,47.784996032714844,-55.17316436767578,69.4410629272461,42.049530029296875,-37.372982025146484,86.51248931884766,26.188997268676758,-34.44221115112305,98.4899673461914,25.640546798706055,-11.385061264038086,37.263065338134766,24.97018051147461,-50.40492248535156,49.195743560791016,25.093679428100586,-24.77336883544922,66.74691772460938,17.88687515258789,-8.758525848388672,69.5257797241211,-0.35915523767471313,6.1322712898254395,31.72596549987793,7.550189018249512,-42.81090545654297,52.554473876953125,10.149236679077148,-39.073341369628906,68.58100128173828,16.494308471679688,-30.694528579711914,78.6183853149414,-4.660174369812012,-22.188030242919922
15,90.68151092529297,5.9027628898620605,6.314950466156006,118.44031524658203,-11.318634986877441,18.242450714111328,115.40160369873047,-40.640933990478516,16.43938636779785,97.7141342163086,-57.251670837402344,26.80067253112793,70.16246032714844,-43.789215087890625,13.463176727294922,157.2653045654297,14.979945182800293,55.08137893676758,165.17764282226562,6.047504901885986,84.69490814208984,177.3873291015625,-0.8773189187049866,101.787841796875,155.99664306640625,8.618142127990723,101.03733825683594,147.57464599609375,30.133817672729492,68.70433807373047,133.00440979003906,20.841142654418945,95.15460968017578,132.1450958251953,26.70718002319336,117.87971496582031,133.44970703125,5.942110061645508,133.3293914794922,124.44786071777344,36.47697067260742,72.33990478515625,125.38348388671875,16.253007888793945,92.07560729980469,146.48289489746094,26.592214584350586,100.09890747070312,160.29537963867188,21.408777236938477,118.54985809326172,104.83916473388672,37.88994598388672,74.6391830444336,113.7464370727539,24.230173110961914,88.37310791015625,114.35606384277344,9.565991401672363,100.69801330566406,128.58154296875,16.423269271850586,114.6969985961914
16,90.6814956665039,5.9027557373046875,6.314953327178955,58.97208023071289,16.11014747619629,16.3006534576416,35.223907470703125,0.044696033000946045,23.386327743530273,20.892318725585938,-8.89711856842041,43.65375518798828,-1.748637318611145,15.302583694458008,32.3414192199707,13.136029243469238,15.290243148803711,-21.83707618713379,8.50671100616455,40.2909049987793,-2.5266799926757812,20.698137283325195,24.644607543945312,7.259088516235352,15.383005142211914,46.263763427734375,6.4557623863220215,14.592245101928711,-1.3813254833221436,-36.972190856933594,40.69573211669922,15.989027976989746,-33.08097457885742,51.172210693359375,17.311704635620117,-12.103055000305176,44.04172134399414,2.289727210998535,9.015087127685547,30.15303611755371,-19.79737091064453,-39.62033462524414,26.879552841186523,-29.066679000854492,-13.110987663269043,37.533714294433594,-6.844583988189697,-16.131656646728516,54.62799835205078,-19.841060638427734,-2.847181558609009,42.932533264160156,-34.81317138671875,-37.8898811340332,42.32051086425781,-15.229903221130371,-29.483274459838867,39.61722183227539,-5.66267204284668,-13.098113059997559,56.926292419433594,6.586160659790039,-15.20648193359375
17,90.6814956665039,5.902752876281738,6.31495475769043,58.972084045410156,16.110132217407227,16.300655364990234,35.22392272949219,0.04466064274311066,23.386322021484375,20.892343521118164,-8.897172927856445,43.653743743896484,-1.7486298084259033,15.302546501159668,32.34141159057617,13.136029243469238,15.290234565734863,-21.837078094482422,8.506697654724121,40.2908821105957,-2.5266613960266113,20.6981258392334,24.644582748413086,7.259100914001465,15.382983207702637,46.26374435424805,6.45578670501709,14.592245101928711,-1.3813297748565674,-36.97219467163086,40.69572448730469,15.989027976989746,-33.080970764160156,51.172203063964844,17.311695098876953,-12.103045463562012,44.04172134399414,2.2897050380706787,9.015087127685547,30.153039932250977,-19.797367095947266,-39.62034606933594,26.879560470581055,-29.06669044494629,-13.111010551452637,37.533714294433594,-6.844589710235596,-16.131662368774414,54.62800598144531,-19.841064453125,-2.8471872806549072,42.93254852294922,-34.81317901611328,-37.889896392822266,42.32052230834961,-15.229910850524902,-29.483278274536133,39.61722946166992,-5.662680625915527,-13.098105430603027,56.92628479003906,6.586153030395508,-15.206465721130371
18,90.68148803710938,5.902750492095947,6.314955711364746,71.66319274902344,-23.05775260925293,9.312363624572754,46.045162200927734,-35.42973709106445,17.24527359008789,33.887760162353516,-55.317832946777344,29.605697631835938,21.460481643676758,-65.6231918334961,1.5759375095367432,18.508657455444336,-27.65601348876953,-17.325109481811523,23.438465118408203,-56.36390686035156,-30.39832878112793,17.181358337402344,-45.21670150756836,-12.348743438720703,24.581918716430664,-55.288822174072266,-30.866178512573242,17.403043746948242,-16.252771377563477,-36.7641716003418,31.860456466674805,-42.328731536865234,-26.30998420715332,52.12492752075195,-44.05131149291992,-14.56420612335205,43.5423469543457,-60.97393035888672,4.422091007232666,33.9915771484375,-4.028844833374023,-49.55862808227539,31.69365692138672,-22.404455184936523,-28.194229125976562,17.36641502380371,-19.79141616821289,-48.30290985107422,40.70220184326172,-23.31226348876953,-44.611366271972656,49.98007583618164,3.2128989696502686,-58.70793914794922,39.65258026123047,-12.050711631774902,-47.98805618286133,32.71684646606445,-24.925548553466797,-35.600650787353516,22.406890869140625,-34.904029846191406,-21.944995880126953
19,90.6814956665039,5.902752876281738,6.31495475769043,77.45084381103516,-21.81344985961914,-9.999250411987305,51.99037551879883,-34.44800567626953,-1.9734138250350952,40.442596435546875,-54.517822265625,10.674524307250977,33.24102783203125,-65.42438507080078,-18.131603240966797,29.83566665649414,-16.57539176940918,-45.51630401611328,37.557861328125,-15.13768482208252,-14.570284843444824,29.232318878173828,0.5402127504348755,-1.3760589361190796,35.911678314208984,-10.05151081085205,-20.094512939453125,28.891359329223633,3.3461151123046875,-56.06975555419922,42.84059143066406,-22.118711471557617,-43.61085510253906,55.61485290527344,-39.569610595703125,-34.45314025878906,60.83133316040039,-14.736435890197754,-30.426618576049805,44.204715728759766,22.1319637298584,-57.015628814697266,40.37725830078125,3.3544414043426514,-36.22774124145508,62.79329299926758,-1.2857578992843628,-45.84269714355469,69.27011108398438,-3.6873779296875,-21.944812774658203,59.463497161865234,34.725624084472656,-57.610755920410156,56.476806640625,13.723027229309082,-55.48454284667969,53.14833068847656,-3.1343140602111816,-46.99543762207031,69.24043273925781,-3.135859966278076,-41.688289642333984
20,90.68148803710938,5.902749538421631,6.314955234527588,65.68616485595703,-10.677715301513672,23.91361427307129,48.552223205566406,-27.23764991760254,6.464323043823242,71.14202117919922,-38.31275939941406,-1.483127474784851,70.75040435791016,-38.749961853027344,30.730192184448242,10.10558032989502,-13.773323059082031,2.5285849571228027,17.76560401916504,-36.8902702331543,23.175277709960938,22.915058135986328,-46.273284912109375,42.53092575073242,17.29100227355957,-52.60722351074219,64.65228271484375,9.386420249938965,-14.452141761779785,-20.013713836669922,39.63080978393555,-23.19172477722168,-17.33802604675293,46.44975662231445,-28.875898361206055,4.405272960662842,59.00697708129883,-45.26735305786133,21.38523292541504,26.71534538269043,-15.83711051940918,-36.92797088623047,31.467195510864258,-37.445098876953125,-54.53182601928711,22.94810676574707,-23.349895477294922,-35.95207214355469,44.785850524902344,-23.738082885742188,-23.947782516479492,42.706809997558594,-19.167598724365234,-48.106773376464844,46.09449005126953,-21.428884506225586,-27.179256439208984,48.88553237915039,-31.823169708251953,-11.321050643920898,51.63666534423828,-49.845741271972656,-24.359344482421875
21,90.68148040771484,5.902747631072998,6.3149566650390625,80.21015167236328,-23.999807357788086,-8.023039817810059,54.80942153930664,-37.08235168457031,-0.5443776249885559,49.61798095703125,-36.068485260009766,25.304027557373047,40.961483001708984,-32.75197982788086,-4.805593013763428,22.189504623413086,-36.5289192199707,-13.743999481201172,4.504455089569092,-62.58734893798828,-18.993013381958008,18.667354583740234,-73.24159240722656,-32.225486755371094,26.546735763549805,-82.55445098876953,-52.7711181640625,9.527667999267578,-18.16753578186035,-17.160282135009766,34.63033676147461,-23.167945861816406,1.3630707263946533,30.194120407104492,-0.20449981093406677,3.503091812133789,47.1148567199707,15.96181869506836,14.678308486938477,15.113517761230469,5.186739444732666,-20.577579498291016,9.8195161819458,-13.476054191589355,-0.009287148714065552,12.451397895812988,-2.465884208679199,-22.106935501098633,34.020408630371094,-4.155997276306152,-20.250328063964844,22.783048629760742,22.83108139038086,-25.229473114013672,35.946922302246094,8.277464866638184,-33.5634880065918,31.41672134399414,-9.110931396484375,-26.89754867553711,23.258956909179688,-21.167949676513672,-15.699386596679688
22,90.68148040771484,5.902746677398682,6.3149566650390625,85.04010009765625,-14.616180419921875,-21.190282821655273,60.40123748779297,-28.409038543701172,-12.532087326049805,63.22163391113281,-32.62693405151367,13.35948371887207,52.24409103393555,-29.467803955078125,-16.947004318237305,29.703855514526367,-30.686986923217773,-36.543880462646484,45.734153747558594,-54.48551559448242,-50.544403076171875,41.25880432128906,-44.466712951660156,-31.340394973754883,48.593223571777344,-54.03154754638672,-50.17607116699219,14.329120635986328,-14.855857849121094,-31.840045928955078,32.51789474487305,-18.387739181518555,-6.247919082641602,28.245378494262695,4.617588520050049,-4.228005409240723,45.19390869140625,21.347644805908203,6.976535320281982,16.195669174194336,7.803451061248779,-23.391767501831055,10.362275123596191,-10.698020935058594,-2.82365083694458,13.247933387756348,0.21876394748687744,-24.935951232910156,34.85066223144531,-1.5923510789871216,-23.098966598510742,21.015695571899414,26.384395599365234,-18.564701080322266,34.1860237121582,12.772521018981934,-28.352975845336914,31.37547492980957,-4.609582901000977,-20.78481101989746,21.82007598876953,-17.188188552856445,-9.18242073059082
23,90.68148040771484,5.902745723724365,6.314957141876221,81.06288146972656,-23.714393615722656,-9.167213439941406,56.051307678222656,-36.99742126464844,-0.784939169883728,55.18488311767578,-35.4196891784668,25.537649154663086,46.01097869873047,-31.210100173950195,-4.7868266105651855,23.43169593811035,-37.883750915527344,-14.996260643005371,2.9448623657226562,-59.89012908935547,-25.737016677856445,17.566953659057617,-70.3658218383789,-38.607666015625,25.684276580810547,-79.99320220947266,-58.90983963012695,10.155923843383789,-19.82057762145996,-17.567089080810547,31.859315872192383,-22.298851013183594,5.260159969329834,28.005598068237305,0.7385462522506714,7.711073398590088,45.43611526489258,15.353828430175781,20.24210548400879,14.95651912689209,3.8234713077545166,-20.060104370117188,8.232427597045898,-14.472254753112793,0.41997432708740234,10.488340377807617,-3.3726747035980225,-21.674528121948242,32.16239929199219,-4.553956985473633,-19.485891342163086,22.013761520385742,21.883756637573242,-24.035799026489258,33.55595397949219,6.138820171356201,-32.60469436645508,28.54730224609375,-10.12142562866211,-23.782470703125,19.08747100830078,-22.075489044189453,-12.311004638671875
24,90.68148040771484,5.902745723724365,6.314957141876221,78.52410888671875,-25.78622817993164,-1.2610782384872437,53.205055236816406,-38.94179916381836,6.364996433258057,52.64945983886719,-43.87569808959961,32.27766799926758,41.930755615234375,-51.12602615356445,2.9877796173095703,19.886688232421875,-35.992698669433594,-4.946798324584961,35.284908294677734,-59.01095199584961,-20.834205627441406,36.219322204589844,-59.04475402832031,1.2638717889785767,42.939430236816406,-67.65218353271484,-18.899417877197266,8.317336082458496,-18.152467727661133,-12.497249603271484,31.623558044433594,-21.75705909729004,8.528664588928223,28.373960494995117,1.2738834619522095,11.783709526062012,47.49159622192383,-15.410907745361328,5.7012939453125,15.254325866699219,3.5265767574310303,-20.875741958618164,8.33586597442627,-14.641619682312012,-0.3469213843345642,11.271064758300781,-3.759465217590332,-22.469764709472656,33.10786819458008,-3.3539068698883057,-20.775108337402344,23.94308853149414,19.256319046020508,-29.174251556396484,36.89720153808594,3.990574836730957,-36.502220153808594,31.00840187072754,-12.615221977233887,-28.960126876831055,21.762439727783203,-24.687227249145508,-18.454166412353516
25,90.68148040771484,5.902748107910156,6.314956188201904,60.39896774291992,22.92688751220703,7.908036231994629,32.36698532104492,23.000320434570312,17.20768928527832,37.20209884643555,33.053672790527344,41.1173210144043,27.043092727661133,57.343788146972656,18.829927444458008,18.992431640625,15.745319366455078,-34.40068054199219,31.757644653320312,40.714202880859375,-19.13766860961914,38.29713439941406,60.20801544189453,-27.287853240966797,40.186302185058594,77.26705169677734,-44.266021728515625,18.997602462768555,-5.001289367675781,-43.272640228271484,37.928524017333984,1.5352438688278198,-18.83585548400879,51.68496322631836,20.127254486083984,-22.919607162475586,73.21082305908203,6.6305437088012695,-13.449417114257812,31.327396392822266,-25.159847259521484,-37.803585052490234,19.882505416870117,-17.19428062438965,-13.20795726776123,23.910404205322266,-17.887645721435547,-37.697792053222656,44.91942596435547,-8.80931282043457,-34.172119140625,41.09659194946289,-40.33454895019531,-29.67487335205078,35.489383697509766,-19.782865524291992,-28.815391540527344,28.255388259887695,-6.585596084594727,-16.9488468170166,18.6442813873291,-1.1492129564285278,-2.171466112136841
26,90.68148040771484,5.90274715423584,6.3149566650390625,58.68669509887695,15.739595413208008,-3.1169121265411377,34.707000732421875,0.8378308415412903,5.55442476272583,24.310333251953125,-20.860319137573242,16.381174087524414,24.428173065185547,-27.304338455200195,-17.38823127746582,33.67025375366211,-5.272734642028809,-53.00442123413086,43.99270248413086,-34.938045501708984,-58.729068756103516,51.822452545166016,-32.05133056640625,-38.24588394165039,54.932369232177734,-15.330910682678223,-21.15065574645996,40.11003112792969,-26.345020294189453,-57.8646125793457,57.589698791503906,-23.56947135925293,-31.691722869873047,52.151302337646484,-1.02315092086792,-27.99486541748047,70.82596588134766,-19.593961715698242,-29.715538024902344,53.76525115966797,-42.46699905395508,-45.95164489746094,46.469520568847656,-56.86958694458008,-22.741331100463867,47.141197204589844,-46.14036560058594,-45.12190246582031,44.309974670410156,-63.24674987792969,-28.614084243774414,63.31792449951172,-54.04399108886719,-33.04798126220703,46.40339660644531,-42.13456726074219,-38.207008361816406,40.882694244384766,-56.416927337646484,-26.680950164794922,31.296518325805664,-61.91128158569336,-12.923545837402344
27,90.68148040771484,5.902746200561523,6.3149566650390625,67.50980377197266,-19.931970596313477,4.072020530700684,42.16104507446289,-33.50527572631836,10.81638240814209,28.648815155029297,-53.79055404663086,20.918161392211914,54.271751403808594,-59.43708801269531,2.811225175857544,21.86508560180664,-16.865188598632812,-34.18052291870117,42.91914367675781,-39.371131896972656,-25.839969635009766,55.646976470947266,-51.47864532470703,-39.279075622558594,45.64348220825195,-40.808536529541016,-22.354778289794922,26.942983627319336,-5.558304786682129,-53.035308837890625,47.934783935546875,-3.463027000427246,-29.514751434326172,43.03309631347656,19.092519760131836,-25.178791046142578,62.043460845947266,29.683494567871094,-9.430154800415039,47.62662124633789,4.010009288787842,-61.33808898925781,40.89056396484375,-12.058939933776855,-39.07162857055664,23.549028396606445,-10.261627197265625,-56.749237060546875,47.723819732666016,-12.831367492675781,-54.26654815673828,66.17078399658203,8.76352596282959,-66.36831665039062,73.56700897216797,26.139129638671875,-56.47208786010742,64.79024505615234,11.020483016967773,-48.61659622192383,56.83134841918945,-0.32743439078330994,-36.02880859375
28,90.68148040771484,5.902746200561523,6.314957141876221,63.37715530395508,2.3448119163513184,-14.926613807678223,45.51218032836914,-18.182281494140625,-3.447861433029175,26.435285568237305,-35.442352294921875,-9.302815437316895,30.560611724853516,-56.26841354370117,-36.00432586669922,69.09685516357422,-24.452199935913086,-67.89177703857422,44.831275939941406,-13.70556926727295,-50.142208099365234,44.02596664428711,-10.687175750732422,-72.038330078125,32.08900833129883,-25.329872131347656,-58.66173553466797,84.64228820800781,-40.80669403076172,-67.83464050292969,77.30585479736328,-19.38852310180664,-45.7960205078125,95.08512878417969,-20.81450843811035,-30.517168045043945,80.4854965209961,-8.381128311157227,-48.975975036621094,98.09573364257812,-50.566410064697266,-50.169559478759766,75.02957916259766,-49.8800163269043,-33.83363723754883,81.0762939453125,-73.90886688232422,-35.417457580566406,83.75577545166016,-51.14271545410156,-43.58168411254883,105.93599700927734,-57.8993034362793,-33.53996276855469,85.8795166015625,-50.75101089477539,-34.63115692138672,102.3747329711914,-43.78596878051758,-27.796688079833984,87.76103973388672,-23.998525619506836,-28.430809020996094
29,90.68148040771484,5.902745723724365,6.314957618713379,65.42054748535156,15.419425964355469,-15.610081672668457,56.41411590576172,-11.504975318908691,-7.471180438995361,41.01639938354492,-28.328105926513672,5.795751571655273,25.121740341186523,-33.179141998291016,-24.596500396728516,77.72181701660156,29.3640193939209,-72.26986694335938,79.63439178466797,42.229393005371094,-101.42770385742188,84.7083969116211,34.571224212646484,-81.30790710449219,77.5941390991211,19.4405460357666,-64.16658020019531,95.11267852783203,17.66388511657715,-80.62437438964844,71.15065002441406,21.847169876098633,-60.460445404052734,94.11344909667969,17.085105895996094,-59.19061279296875,120.3526840209961,14.79381275177002,-54.116153717041016,108.50788879394531,-0.44834986329078674,-71.634521484375,98.4736099243164,-14.366789817810059,-49.162960052490234,98.39358520507812,-33.29338836669922,-65.2326431274414,98.60657501220703,-9.904056549072266,-59.800968170166016,116.11278533935547,-16.33791160583496,-62.60832977294922,95.96897888183594,-10.295707702636719,-59.1054573059082,109.57415771484375,-21.30130386352539,-66.92146301269531,99.41143035888672,-15.405840873718262,-51.62113952636719
30,90.68148040771484,5.902745723724365,6.314957618713379,56.16734313964844,1.7178254127502441,7.120952129364014,49.088783264160156,-26.955284118652344,7.286640644073486,71.3724365234375,-39.32130432128906,14.115914344787598,46.45228958129883,-37.41594696044922,-8.667404174804688,26.88378143310547,-20.1499080657959,-39.99993133544922,19.834754943847656,-6.512956619262695,-12.005290031433105,4.9062652587890625,9.101741790771484,-16.750886917114258,4.846668720245361,-13.673070907592773,-21.872161865234375,39.063232421875,-35.053794860839844,-51.77568817138672,63.693233489990234,-20.412914276123047,-38.46140670776367,86.1416015625,-21.546777725219727,-45.27056884765625,61.5997314453125,-22.34306526184082,-35.50767135620117,60.865692138671875,-45.001930236816406,-48.03547286987305,57.11467742919922,-61.77899169921875,-25.589073181152344,59.66891098022461,-49.41267395019531,-46.96678924560547,36.67219161987305,-46.56602478027344,-36.93159103393555,77.66864013671875,-52.94139099121094,-41.22291564941406,63.21565628051758,-37.66323471069336,-37.72422790527344,61.289024353027344,-37.866943359375,-56.79148864746094,56.81730651855469,-32.140228271484375,-36.986976623535156
31,90.68148040771484,5.902744770050049,6.314957618713379,58.57657241821289,1.4695497751235962,18.924911499023438,44.93742370605469,-21.98902130126953,7.265156269073486,62.51002883911133,-35.43849182128906,-7.102646827697754,32.13408279418945,-27.6171932220459,2.3869423866271973,11.16059684753418,1.9353935718536377,-17.236000061035156,-0.015682540833950043,30.532054901123047,-8.479449272155762,-3.264388084411621,36.42210006713867,12.590733528137207,-7.657389163970947,15.419528007507324,6.65419340133667,15.679031372070312,-6.276220798492432,-37.76125717163086,45.73633575439453,3.0828685760498047,-40.449832916259766,46.240562438964844,-12.997855186462402,-23.34031867980957,50.034244537353516,10.941974639892578,-12.237740516662598,35.42522048950195,-16.664091110229492,-47.27348709106445,44.61293411254883,-42.933494567871094,-42.28499984741211,34.16532897949219,-20.529071807861328,-44.59716796875,32.21821594238281,-36.60775375366211,-27.43138313293457,52.010982513427734,-26.619794845581055,-51.46646499633789,50.611114501953125,-18.38031768798828,-31.852624893188477,45.73958969116211,-6.677389144897461,-46.22703170776367,59.205570220947266,-12.092095375061035,-31.7965030670166
32,90.68148040771484,5.902744770050049,6.314957618713379,122.67166137695312,18.49372673034668,1.0723891258239746,95.11697387695312,9.625600814819336,6.9355387687683105,78.41410064697266,-8.777214050292969,15.793815612792969,73.45946502685547,-4.7993621826171875,-15.335000991821289,136.8856964111328,45.59168243408203,-50.111263275146484,140.2640380859375,47.55268478393555,-81.79874420166016,151.29014587402344,32.33516311645508,-93.46283721923828,128.7351531982422,32.34873580932617,-89.42888641357422,119.52250671386719,56.697044372558594,-59.29405212402344,136.97305297851562,68.42140197753906,-35.70845031738281,130.92723083496094,52.40509033203125,-51.786556243896484,149.2392120361328,32.04740524291992,-51.9379768371582,96.94144439697266,61.05897903442383,-51.588768005371094,89.68102264404297,49.39958572387695,-26.875904083251953,89.87687683105469,59.799888610839844,-49.42034912109375,86.7304916381836,41.558502197265625,-36.446006774902344,80.16078186035156,64.79389190673828,-41.7783317565918,93.55764770507812,48.498802185058594,-44.8679084777832,83.8201904296875,62.0477409362793,-54.29775619506836,70.42793273925781,49.09122848510742,-37.11680221557617
33,90.68148040771484,5.902744770050049,6.314957618713379,63.621482849121094,27.744789123535156,6.048442840576172,36.348289489746094,22.46308708190918,16.076274871826172,18.188030242919922,21.95855140686035,35.209205627441406,9.269505500793457,52.277488708496094,20.05221939086914,37.87500762939453,43.94581985473633,-45.24238586425781,45.608001708984375,65.27754974365234,-67.7037582397461,53.804866790771484,84.45305633544922,-60.33419418334961,33.67913055419922,75.35478973388672,-58.3873291015625,38.51027297973633,27.717140197753906,-60.906341552734375,66.13954162597656,12.743399620056152,-64.17328643798828,61.04263687133789,34.93906021118164,-58.43276596069336,63.00696563720703,9.37025260925293,-63.742862701416016,46.06472396850586,4.675774097442627,-60.333953857421875,41.27830505371094,-6.902584075927734,-34.98809051513672,42.05607986450195,6.323566436767578,-55.986202239990234,35.79566192626953,6.828775405883789,-32.530799865722656,50.89202880859375,-14.07231616973877,-56.21194076538086,56.218727111816406,2.607541084289551,-44.048065185546875,40.98103332519531,-6.422231674194336,-36.72757339477539,56.97993469238281,-12.707832336425781,-28.40898895263672
34,90.68148040771484,5.902744770050049,6.314957618713379,64.16716003417969,-7.423590660095215,24.447492599487305,50.14446258544922,-29.50049591064453,10.726884841918945,67.78588104248047,-47.221683502197266,19.144636154174805,35.566490173339844,-39.61953353881836,20.994279861450195,16.488492965698242,-30.120649337768555,-3.2597668170928955,3.4506545066833496,-34.7601203918457,25.512537002563477,24.701236724853516,-40.89293670654297,25.485605239868164,19.39207649230957,-57.490901947021484,9.671070098876953,21.538719177246094,-39.595943450927734,-23.105350494384766,42.83361053466797,-28.13836669921875,-2.7703027725219727,26.149600982666016,-13.491278648376465,4.890399932861328,33.21638107299805,-17.669885635375977,31.01686668395996,42.60044479370117,-43.74684524536133,-34.39585876464844,55.81568908691406,-68.59909057617188,-31.730518341064453,44.114540100097656,-46.73590850830078,-30.488981246948242,55.89281463623047,-38.426361083984375,-10.810382843017578,61.162166595458984,-47.70804214477539,-40.013328552246094,54.400386810302734,-42.44617462158203,-20.490459442138672,41.05826187133789,-49.5814323425293,-8.726552963256836,48.00685119628906,-70.22471618652344,-8.736368179321289
35,90.68148040771484,5.902744770050049,6.314957618713379,63.89331817626953,-8.01455020904541,23.580318450927734,51.367305755615234,-29.894432067871094,8.19686222076416,71.72394561767578,-45.23814392089844,15.001011848449707,54.66251754760742,-48.42831802368164,43.34048843383789,17.103485107421875,-30.66752815246582,-5.637082099914551,3.631847858428955,-42.46380615234375,20.796194076538086,25.307353973388672,-40.40149688720703,16.907958984375,9.041727066040039,-32.35287857055664,29.062559127807617,22.708139419555664,-39.726783752441406,-25.528053283691406,42.52556610107422,-25.8569278717041,-5.2017364501953125,48.462974548339844,-18.526750564575195,16.306291580200195,71.86630249023438,-7.555525779724121,17.209278106689453,44.06675338745117,-43.46220016479492,-36.39812088012695,59.051048278808594,-67.296630859375,-33.795875549316406,46.66166305541992,-45.866615295410156,-31.868574142456055,57.85713195800781,-35.94503402709961,-12.727010726928711,62.793067932128906,-47.13669967651367,-41.652435302734375,55.338706970214844,-40.367088317871094,-22.8599853515625,38.538169860839844,-44.934425354003906,-14.847796440124512,52.331947326660156,-60.073917388916016,-13.425324440002441
36,90.68148040771484,5.902744770050049,6.314957618713379,63.73785400390625,-9.483591079711914,22.0213623046875,50.99473190307617,-28.34757423400879,3.2053067684173584,76.87012481689453,-33.46635055541992,3.8226685523986816,67.66044616699219,-42.952091217041016,33.470436096191406,14.578558921813965,-23.78094482421875,-8.557273864746094,8.021556854248047,-41.76350021362305,16.996379852294922,27.922298431396484,-34.404937744140625,10.75046157836914,15.775505065917969,-44.00025939941406,-6.241556167602539,18.867605209350586,-29.306564331054688,-30.009658813476562,40.092140197753906,-15.742546081542969,-10.936141014099121,48.32429504394531,-11.468932151794434,10.640406608581543,71.94392395019531,1.3292431831359863,12.419591903686523,39.534820556640625,-32.12804412841797,-42.387359619140625,57.251373291015625,-53.52644729614258,-47.64217758178711,44.04243850708008,-34.28187942504883,-39.178871154785156,57.514007568359375,-27.601465225219727,-20.63031578063965,57.788612365722656,-35.78257369995117,-49.11255645751953,54.068603515625,-32.58128356933594,-28.36491584777832,38.17599105834961,-35.15642166137695,-17.967439651489258,43.45209884643555,-57.29624557495117,-22.473543167114258
37,90.68148040771484,5.902744770050049,6.314957618713379,65.9342041015625,-9.205626487731934,25.516490936279297,46.575225830078125,-26.0738582611084,10.922886848449707,29.195140838623047,-44.07843780517578,2.5630686283111572,31.944931030273438,-57.80642318725586,32.819190979003906,11.334940910339355,-18.373701095581055,3.358645439147949,13.909116744995117,-39.31641387939453,27.319692611694336,32.35844421386719,-38.785888671875,15.132002830505371,25.554840087890625,-37.65811538696289,35.88090896606445,11.422030448913574,-22.407947540283203,-18.841588973999023,35.253414154052734,-10.57089900970459,-1.8059779405593872,48.43367004394531,-12.371275901794434,17.549100875854492,71.46438598632812,-1.6683545112609863,8.67994499206543,29.36686897277832,-25.349468231201172,-34.892513275146484,41.89728927612305,-47.41374588012695,-47.36397171020508,33.19940948486328,-29.491405487060547,-32.5452766418457,53.22805404663086,-25.491134643554688,-18.843507766723633,45.87482452392578,-29.43745231628418,-45.019737243652344,60.41055679321289,-13.900028228759766,-43.65874099731445,50.37759780883789,-23.63239097595215,-30.546348571777344,44.41666030883789,-46.13986587524414,-31.17902946472168
38,90.68148040771484,5.902744770050049,6.314957618713379,66.13672637939453,-10.922873497009277,24.310590744018555,46.756500244140625,-25.6201171875,7.557120323181152,67.18130493164062,-38.69214630126953,-2.8384532928466797,60.85255813598633,-70.7800521850586,6.432305812835693,10.421178817749023,-15.173744201660156,3.482466459274292,16.69497299194336,-40.78147506713867,21.489099502563477,36.03150177001953,-44.056461334228516,11.263042449951172,31.39366912841797,-48.18966293334961,32.31873321533203,9.504779815673828,-16.089454650878906,-19.04429054260254,39.24671936035156,-16.422029495239258,-8.387431144714355,40.808349609375,-20.054391860961914,14.763096809387207,65.28530883789062,-18.7552433013916,2.9538421630859375,26.697277069091797,-17.34896469116211,-36.106929779052734,27.20879364013672,-37.388206481933594,-56.0455322265625,19.71657943725586,-23.77417755126953,-36.68109130859375,39.99306869506836,-23.41823959350586,-25.749616622924805,42.63889694213867,-20.519113540649414,-47.40293502807617,41.854732513427734,-16.592927932739258,-26.4620304107666,35.66231155395508,-31.38686752319336,-15.968840599060059,38.60097885131836,-44.26936721801758,-27.47982406616211
39,90.68148040771484,5.902744770050049,6.314957618713379,65.50000762939453,-12.519463539123535,21.674150466918945,47.222755432128906,-24.774681091308594,1.9756183624267578,31.94676399230957,-40.56609344482422,-12.632389068603516,60.747249603271484,-51.21881866455078,-4.522383213043213,9.577177047729492,-11.067867279052734,1.019083023071289,16.807552337646484,-40.88539505004883,9.850385665893555,29.45290184020996,-34.55461502075195,-7.155948162078857,26.214496612548828,-45.19600296020508,11.775593757629395,8.539751052856445,-8.358102798461914,-21.35755729675293,37.398189544677734,-9.470532417297363,-8.542902946472168,51.77347946166992,-11.225927352905273,9.946252822875977,71.99201202392578,5.872629642486572,13.74415111541748,25.59941291809082,-7.615013122558594,-38.583045959472656,33.4864616394043,-17.933319091796875,-63.69694137573242,23.643993377685547,-11.58668327331543,-41.803958892822266,45.320343017578125,-10.882368087768555,-28.719724655151367,41.348079681396484,-9.619168281555176,-50.40453338623047,41.07851028442383,-14.228616714477539,-29.59031867980957,41.91851806640625,-31.482152938842773,-21.28829002380371,56.55598449707031,-26.41851234436035,-29.412973403930664
40,90.68148040771484,5.902744770050049,6.314957618713379,76.14578247070312,37.48672103881836,7.060173034667969,50.31728744506836,25.011024475097656,14.097681999206543,39.65404510498047,17.32942008972168,36.97576904296875,29.767539978027344,14.454290390014648,4.8201680183410645,17.590499877929688,44.4432258605957,-1.8274317979812622,28.577159881591797,17.970125198364258,-15.892419815063477,39.80799865722656,3.7500569820404053,-28.57537078857422,45.24993133544922,-6.670843601226807,-48.8968505859375,5.4179205894470215,27.026884078979492,5.764179706573486,30.18746566772461,29.19877815246582,25.258153915405273,25.36859703063965,52.01772689819336,28.024700164794922,44.76005554199219,64.47431945800781,42.479000091552734,11.35876750946045,7.056448459625244,18.181503295898438,4.45039176940918,-9.902297973632812,39.72346115112305,5.1119537353515625,-0.3668535351753235,16.808521270751953,30.463363647460938,0.7237288951873779,17.385183334350586,18.818050384521484,-6.926383972167969,30.040008544921875,12.471709251403809,-14.957277297973633,11.337600708007812,1.687890887260437,-30.279821395874023,15.367835998535156,-9.293286323547363,-39.14945602416992,28.03763771057129
41,90.68148040771484,5.902745723724365,6.314957618713379,61.20196533203125,-8.702680587768555,17.585676193237305,51.50736999511719,-24.30120277404785,-5.544004917144775,72.01496124267578,-33.917606353759766,-19.074787139892578,44.865318298339844,-37.25080490112305,-0.5132686495780945,11.3477783203125,-6.113801956176758,-15.032736778259277,-1.58670175075531,-30.603069305419922,0.8521806597709656,-4.688607692718506,-40.592979431152344,20.340103149414062,-18.28328514099121,-46.901336669921875,38.755977630615234,15.358596801757812,-6.183313369750977,-37.23727798461914,44.00288391113281,-4.910031318664551,-23.96528434753418,43.96091079711914,-22.55297088623047,-8.463523864746094,65.03592681884766,-7.0175604820251465,-3.362433910369873,35.6898307800293,-8.765453338623047,-50.209381103515625,48.88750457763672,-30.181650161743164,-63.11476135253906,31.06981658935547,-18.24754524230957,-50.602203369140625,45.904056549072266,-15.703804969787598,-31.66783905029297,53.33877182006836,-13.297286987304688,-57.93998336791992,49.09416198730469,-21.89942169189453,-38.899559020996094,43.98808288574219,-40.2083854675293,-36.44526672363281,48.761688232421875,-57.748046875,-49.24602127075195
42,90.68148040771484,5.902744770050049,6.314957618713379,64.74983978271484,-10.832497596740723,22.342140197753906,48.37289810180664,-24.010759353637695,1.5958175659179688,70.92549133300781,-22.64727783203125,-12.029163360595703,58.379783630371094,-28.764047622680664,16.344697952270508,9.069681167602539,-8.468114852905273,1.1234190464019775,16.897666931152344,-35.51816177368164,16.169111251831055,23.21769905090332,-46.97252655029297,34.003177642822266,19.16230583190918,-56.440711975097656,55.279964447021484,8.29647445678711,-6.852500915527344,-21.369356155395508,39.82355499267578,-8.01993179321289,-23.08487892150879,38.718223571777344,15.107831001281738,-27.017332077026367,61.182212829589844,28.075157165527344,-23.43938446044922,25.5003719329834,-7.573231220245361,-38.451759338378906,31.634326934814453,-25.111865997314453,-59.76259231567383,22.826980590820312,-14.663331031799316,-39.033016204833984,44.854026794433594,-15.852179527282715,-26.784549713134766,41.256465911865234,-10.718470573425293,-50.011940002441406,46.77634811401367,-16.101245880126953,-30.13462257385254,48.150413513183594,-31.79826545715332,-19.224576950073242,63.648521423339844,-23.947444915771484,-18.971099853515625
43,90.68148040771484,5.902744770050049,6.314957618713379,101.16433715820312,-16.37577247619629,-18.244487762451172,75.84109497070312,-29.152624130249023,-10.012483596801758,74.90996551513672,-18.012441635131836,13.88621711730957,76.12300109863281,-22.912857055664062,-19.38780403137207,67.1159439086914,-27.646228790283203,-65.88677978515625,78.59974670410156,-56.753204345703125,-72.23198699951172,92.81690216064453,-68.6957778930664,-84.25057220458984,99.33052825927734,-78.6338119506836,-105.20939636230469,54.82484436035156,-9.848870277404785,-72.31452178955078,71.60742950439453,-9.362271308898926,-45.549415588378906,67.86627960205078,13.331599235534668,-40.798465728759766,87.61790466308594,-4.63969612121582,-38.681888580322266,54.074703216552734,13.163726806640625,-64.68827819824219,46.11180114746094,-2.6887450218200684,-42.67301559448242,48.30659484863281,8.687385559082031,-64.6325912475586,70.64559936523438,6.090469837188721,-61.01795959472656,57.283836364746094,31.474706649780273,-57.89165115356445,59.37599182128906,11.812090873718262,-49.919464111328125,58.2984619140625,-2.9696450233459473,-37.76820373535156,52.1634635925293,-14.123242378234863,-21.55280113220215
44,90.68546295166016,5.904636859893799,6.314138412475586,57.929874420166016,14.85167407989502,13.855097770690918,33.41011428833008,0.9178174734115601,22.635251998901367,7.66861629486084,4.013174057006836,27.531696319580078,-1.5687942504882812,37.82725143432617,27.04257583618164,12.783177375793457,-1.7775245904922485,-21.377517700195312,-0.9176060557365417,25.78558921813965,-12.89986801147461,-0.2454601377248764,47.16461944580078,-18.521516799926758,-3.055635929107666,66.18903350830078,-33.072837829589844,16.267202377319336,-21.74258041381836,-31.298336029052734,47.77407455444336,-20.369840621948242,-33.220947265625,61.667762756347656,-2.604905605316162,-26.669910430908203,78.1070327758789,-20.746152877807617,-34.94246292114258,33.86665725708008,-38.285404205322266,-29.09806251525879,20.567914962768555,-43.186195373535156,-4.631539821624756,31.122840881347656,-21.473928451538086,-10.4382905960083,12.6746187210083,-7.366903305053711,-1.5746726989746094,48.280372619628906,-50.67261505126953,-23.573944091796875,45.35908508300781,-29.782190322875977,-26.641008377075195,33.14086151123047,-44.506622314453125,-25.575401306152344,44.76270294189453,-33.61629104614258,-14.39712905883789
45,90.69050598144531,5.907027244567871,6.313101291656494,56.86429214477539,8.818394660949707,13.911151885986328,39.41150665283203,-14.688746452331543,17.849143981933594,14.914010047912598,-22.4512939453125,23.838708877563477,-1.5972480773925781,5.8299078941345215,35.899906158447266,15.165864944458008,-3.6318349838256836,-26.860322952270508,42.59363555908203,5.2426371574401855,-13.14139175415039,34.268314361572266,25.235530853271484,-8.670615196228027,25.667499542236328,20.245161056518555,11.535529136657715,21.42342185974121,-19.94563102722168,-41.13994598388672,49.35422897338867,-6.675013542175293,-34.657196044921875,46.00828552246094,9.879955291748047,-18.3404541015625,69.19093322753906,4.954339027404785,-29.91158676147461,40.91176223754883,-34.353309631347656,-42.03474426269531,34.70921325683594,-50.906898498535156,-19.963857650756836,39.9385871887207,-27.817054748535156,-12.468896865844727,24.372577667236328,-14.829158782958984,0.37122517824172974,56.626190185546875,-45.96120834350586,-38.88224792480469,48.887943267822266,-27.509450912475586,-31.55083656311035,63.95856857299805,-17.7286376953125,-38.20927810668945,70.58277130126953,-14.52957820892334,-23.053325653076172
46,90.6863784790039,5.905075550079346,6.313947677612305,58.76566696166992,19.45732879638672,9.025774955749512,30.270065307617188,16.319961547851562,16.143516540527344,5.778601169586182,22.403018951416016,8.438977241516113,7.029585361480713,46.40556716918945,-17.38640022277832,12.069478988647461,-6.738729476928711,-17.22918128967285,6.8144917488098145,20.230623245239258,-33.48759460449219,9.300745964050293,8.449358940124512,-14.937150955200195,10.950116157531738,30.544281005859375,-16.878868103027344,13.967924118041992,-29.204336166381836,-18.158952713012695,20.659696578979492,-3.0992794036865234,-1.6662236452102661,36.46424102783203,5.0192975997924805,-17.0233211517334,54.3548469543457,-10.571915626525879,-6.877506256103516,30.35198211669922,-44.651954650878906,-9.149633407592773,13.241557121276855,-29.792274475097656,7.759908199310303,31.862247467041016,-17.73603630065918,-3.397388458251953,25.076772689819336,-1.017067551612854,-20.33287239074707,43.9043083190918,-54.737449645996094,1.161278247833252,46.225608825683594,-40.09022903442383,-14.148029327392578,65.00261688232422,-43.892093658447266,-13.72420883178711,70.53060150146484,-28.91313934326172,-6.688784599304199
47,90.68415069580078,5.904013633728027,6.314407825469971,86.88285827636719,-3.6668288707733154,-26.906728744506836,65.2153549194336,-23.347139358520508,-30.857284545898438,50.235130310058594,-45.05027389526367,-30.004566192626953,68.35607147216797,-72.87054443359375,-39.302825927734375,34.26633834838867,-22.841358184814453,-47.39897155761719,46.97465896606445,-52.011356353759766,-50.032108306884766,38.043792724609375,-41.43635940551758,-32.7823600769043,43.94852828979492,-27.153976440429688,-15.606127738952637,16.73029327392578,-12.996962547302246,-37.16523361206055,35.2155647277832,-22.25724220275879,-13.273702621459961,47.74058532714844,-2.436229944229126,-11.929535865783691,53.715065002441406,23.648813247680664,-8.166299819946289,15.205450057983398,4.865118980407715,-20.828584671020508,8.967463493347168,-10.61824893951416,1.992534875869751,-10.772538185119629,-5.673386096954346,-12.234118461608887,8.74173641204834,-16.922161102294922,-12.304060935974121,17.051584243774414,20.89322853088379,-9.364335060119629,32.433712005615234,34.52404022216797,-15.021918296813965,36.59172058105469,19.12086296081543,-4.405401706695557,38.507930755615234,2.584859848022461,-6.4260029792785645
48,90.68292999267578,5.903435230255127,6.314658164978027,59.171199798583984,18.92716407775879,13.166603088378906,30.461198806762695,20.540708541870117,6.422832489013672,5.350723743438721,28.258365631103516,3.964560031890869,-8.054115295410156,3.4481728076934814,-15.195246696472168,10.476164817810059,-3.385596513748169,-13.044687271118164,4.16647481918335,27.18975067138672,-19.728586196899414,24.81148910522461,26.317026138305664,-11.842445373535156,15.645034790039062,47.820133209228516,-8.674003601074219,12.09115219116211,-25.50197982788086,-17.216276168823242,23.128986358642578,-6.856029987335205,5.778456211090088,39.99940872192383,5.523673057556152,-4.884476661682129,47.244712829589844,-6.902683734893799,17.897863388061523,28.9307861328125,-42.043209075927734,-11.639863014221191,13.583704948425293,-34.124977111816406,10.747346878051758,2.8147995471954346,-47.29450607299805,-7.338117599487305,9.645356178283691,-24.296037673950195,-6.750603199005127,43.08760070800781,-53.458770751953125,-3.8277976512908936,63.207298278808594,-53.45442199707031,-10.875895500183105,80.72038269042969,-53.166542053222656,-18.653568267822266,71.07221984863281,-32.912445068359375,-11.298853874206543
49,90.68226623535156,5.903120517730713,6.314795970916748,59.39220428466797,19.360374450683594,13.33721923828125,31.24064064025879,17.92915153503418,4.519194602966309,6.074948310852051,23.39732551574707,-1.218229055404663,5.488898754119873,49.19683074951172,-24.996654510498047,9.621359825134277,-7.182002544403076,-6.013890266418457,1.9737300872802734,20.603288650512695,-19.755712509155273,20.86612892150879,26.04503631591797,-29.88723373413086,10.431645393371582,46.70985412597656,-29.14822006225586,11.472441673278809,-29.64621353149414,-7.049388885498047,20.29945182800293,-6.178925037384033,12.176459312438965,33.103363037109375,-23.88608741760254,20.783924102783203,41.383304595947266,-18.832895278930664,45.89189529418945,29.018491744995117,-44.9716911315918,-0.29977038502693176,11.865592002868652,-33.216312408447266,18.857240676879883,1.8724733591079712,-51.80247116088867,5.774158000946045,6.715554714202881,-28.588502883911133,1.4652385711669922,43.9149284362793,-54.937461853027344,8.099653244018555,64.37337493896484,-55.24913787841797,2.110781669616699,82.22515869140625,-55.3762321472168,-4.860212326049805,70.96268463134766,-34.35884475708008,-1.1503286361694336
50,90.6819076538086,5.902949810028076,6.314867973327637,56.61390686035156,11.603215217590332,10.354339599609375,30.302480697631836,23.91939926147461,15.675980567932129,4.47767972946167,19.939634323120117,12.01991081237793,9.088598251342773,-9.560588836669922,-1.7154048681259155,16.563438415527344,-17.507776260375977,-22.881324768066406,39.3899040222168,1.268545150756836,-10.808525085449219,44.876338958740234,20.24684715270996,-20.754056930541992,24.99798011779785,32.24982452392578,-21.114974975585938,23.208141326904297,-38.352821350097656,-28.40117645263672,26.108673095703125,-18.47771644592285,-4.012044429779053,43.31523895263672,-33.69533157348633,0.8801761865615845,56.53790283203125,-34.1203498840332,24.326683044433594,42.51610565185547,-51.607582092285156,-22.0916690826416,25.888877868652344,-52.054222106933594,0.7715635299682617,20.381380081176758,-71.20861053466797,-14.035313606262207,19.321929931640625,-47.118186950683594,-17.17658042907715,57.91250228881836,-60.6165657043457,-13.514573097229004,49.37710952758789,-42.36875534057617,-20.492694854736328,64.38772583007812,-34.70539855957031,-29.61734962463379,48.63787841796875,-25.4512882232666,-27.227806091308594
51,90.68171691894531,5.902856826782227,6.314909934997559,64.32158660888672,6.431904315948486,-16.362842559814453,35.75721740722656,12.565169334411621,-20.693082809448242,13.591110229492188,1.78508460521698,-30.104564666748047,24.022817611694336,-25.33059310913086,-17.996463775634766,67.21894073486328,-24.313684463500977,-67.37671661376953,70.21510314941406,-6.804497718811035,-40.847412109375,80.16621398925781,2.0854976177215576,-58.486507415771484,59.392295837402344,3.324368953704834,-67.60470581054688,79.1529541015625,-43.370140075683594,-65.48836517333984,106.2781982421875,-51.25239562988281,-51.33372497558594,116.43419647216797,-55.44050598144531,-30.575775146484375,103.99080657958984,-41.76051712036133,-10.35943603515625,89.47406768798828,-54.431583404541016,-46.53004455566406,65.26173400878906,-45.77689743041992,-34.77223205566406,62.71588134765625,-70.23379516601562,-31.33118438720703,54.75587463378906,-48.46046447753906,-36.7646369934082,94.84092712402344,-62.0802116394043,-29.0808048248291,76.22904968261719,-52.403961181640625,-32.889732360839844,94.7256851196289,-48.82664489746094,-29.370283126831055,73.41474151611328,-35.990379333496094,-27.564970016479492
52,90.68159484863281,5.902805805206299,6.314931869506836,59.707603454589844,14.187162399291992,-7.153023719787598,39.29740524291992,10.371445655822754,13.850532531738281,16.526458740234375,11.102357864379883,0.5437303185462952,16.526042938232422,23.00196075439453,-32.605316162109375,35.67789077758789,-18.38540267944336,-50.94458770751953,51.71110153198242,-6.492804527282715,-26.02760887145996,47.9889030456543,-3.8995726108551025,-4.38004732131958,40.05974578857422,11.05116081237793,12.716278076171875,41.133949279785156,-40.24156188964844,-49.65073776245117,52.78080749511719,-14.912832260131836,-34.78234100341797,62.75172424316406,-25.85585594177246,-16.55025291442871,44.55323791503906,-12.884140014648438,-2.6892199516296387,53.35891342163086,-53.130226135253906,-33.136104583740234,31.72438621520996,-41.177696228027344,-19.407726287841797,22.149972915649414,-63.84911346435547,-22.69357681274414,24.707141876220703,-40.51015090942383,-27.18170738220215,61.7026252746582,-61.20534896850586,-17.106218338012695,52.123695373535156,-43.172401428222656,-23.238252639770508,56.19856262207031,-60.79343795776367,-16.897451400756836,55.81275177001953,-39.93949890136719,-16.828142166137695
53,90.68154907226562,5.902778148651123,6.314943313598633,58.36703109741211,-6.075446605682373,1.6574617624282837,53.04264831542969,-30.473142623901367,17.42725944519043,48.840389251708984,-54.7413330078125,7.96598482131958,32.47416687011719,-59.829742431640625,-21.598350524902344,35.63608169555664,-12.300647735595703,-53.12075424194336,57.17985534667969,-14.03696346282959,-29.621702194213867,77.89744567871094,-15.554155349731445,-22.02713394165039,76.6714859008789,-37.0511360168457,-28.055444717407227,51.212860107421875,-17.64625358581543,-68.54549407958984,35.515174865722656,-19.560016632080078,-41.192562103271484,58.71271514892578,-22.669116973876953,-39.24665451049805,54.502418518066406,-37.12918472290039,-60.46974563598633,74.82671356201172,-22.91806983947754,-66.84403991699219,91.97248840332031,-43.402870178222656,-57.582401275634766,92.39282989501953,-47.129676818847656,-82.12609100341797,107.44792175292969,-37.36924362182617,-65.09175872802734,93.09283447265625,-28.866474151611328,-62.074462890625,74.98226165771484,-21.5479679107666,-53.53078842163086,87.4710464477539,-11.979530334472656,-64.47554779052734,82.15193176269531,-18.02216911315918,-45.92908477783203
54,90.68151092529297,5.9027628898620605,6.314949989318848,79.53353881835938,20.169904708862305,-23.37621307373047,105.96931457519531,28.100927352905273,-33.88957977294922,109.69886779785156,36.717613220214844,-58.54646682739258,89.67843627929688,20.927555084228516,-79.09423065185547,63.364444732666016,-13.941407203674316,-69.53986358642578,92.9218521118164,-20.632051467895508,-59.49247741699219,89.00834655761719,-1.7679165601730347,-48.628440856933594,78.47354125976562,6.954668045043945,-66.33924102783203,54.26835250854492,-33.589908599853516,-63.189186096191406,82.51305389404297,-47.72365951538086,-62.33101272583008,70.33817291259766,-38.00852584838867,-44.753543853759766,75.0530776977539,-13.360939979553223,-53.61676788330078,48.3526725769043,-42.654659271240234,-41.483497619628906,53.907958984375,-14.93246078491211,-41.50265121459961,38.28377151489258,-34.2277717590332,-41.685264587402344,58.58919906616211,-21.972198486328125,-43.4137077331543,42.65010452270508,-46.36166000366211,-22.89525032043457,36.029388427734375,-57.53401565551758,-5.986850738525391,41.91773986816406,-44.52098083496094,-18.765798568725586,50.4971809387207,-46.95431137084961,3.466620922088623
55,90.6814956665039,5.902754306793213,6.314953804016113,70.78199005126953,23.28603172302246,-16.29528045654297,89.74017333984375,43.21415710449219,-27.053485870361328,81.19216918945312,61.77423095703125,-43.7440299987793,63.811676025390625,43.27798843383789,-25.444805145263672,43.82888412475586,-4.968814373016357,-61.36518859863281,74.07296752929688,2.923072338104248,-54.85608673095703,88.84262084960938,-4.223487377166748,-40.024288177490234,103.73162078857422,-20.07941436767578,-50.34143829345703,37.94856262207031,-26.1341609954834,-56.20929718017578,61.653778076171875,-30.011276245117188,-35.683868408203125,38.33607482910156,-30.083782196044922,-38.487186431884766,25.206432342529297,-7.293849945068359,-31.357675552368164,38.96967315673828,-38.865074157714844,-35.58932876586914,29.71446990966797,-12.267742156982422,-33.07847213745117,22.85591697692871,-36.03369140625,-35.222591400146484,40.43269729614258,-24.64471435546875,-23.105304718017578,39.02813720703125,-45.838253021240234,-17.064865112304688,43.02689743041992,-58.02243423461914,-0.03236904740333557,25.624191284179688,-63.37168884277344,5.954687595367432,30.916433334350586,-50.662017822265625,-5.788899898529053
56,90.68148803710938,5.902750492095947,6.314955234527588,57.24843978881836,1.6197096109390259,14.875195503234863,40.33350372314453,-5.281654357910156,38.08158493041992,16.052255630493164,0.4141051173210144,29.473548889160156,0.1780688762664795,-9.35567569732666,0.7886402606964111,22.22850227355957,-35.398529052734375,-16.09830093383789,52.03360366821289,-46.66362762451172,-18.12533187866211,65.9009017944336,-53.04045486450195,-34.13262176513672,72.15515899658203,-68.86498260498047,-50.22953796386719,33.37995529174805,-53.1837043762207,-24.372726440429688,22.989168167114258,-23.366846084594727,-25.490402221679688,27.272085189819336,-3.585075855255127,-37.403316497802734,34.04450225830078,-29.369384765625,-40.99664306640625,56.222225189208984,-60.89241027832031,-21.70655632019043,53.9621696472168,-86.4016342163086,-9.725198745727539,61.44192123413086,-63.35260009765625,-15.133777618408203,40.47220993041992,-62.582984924316406,-26.09920883178711,74.5150146484375,-65.76245880126953,-15.923725128173828,75.63912200927734,-48.09453201293945,-27.803611755371094,72.32894897460938,-46.57366180419922,-46.619651794433594,67.17200469970703,-53.030704498291016,-28.105876922607422
57,90.68148040771484,5.902747631072998,6.3149566650390625,58.655921936035156,18.99760627746582,9.81898307800293,29.17011260986328,17.624370574951172,10.809844017028809,26.39955711364746,41.003780364990234,-1.1000847816467285,12.57097339630127,25.992738723754883,-28.96645736694336,11.601344108581543,-8.262523651123047,-14.652542114257812,24.854745864868164,20.465232849121094,-18.944232940673828,24.508745193481445,1.6351919174194336,-7.346433639526367,25.682519912719727,-19.882678985595703,2.2283010482788086,13.823575973510742,-30.706201553344727,-15.342700004577637,37.971885681152344,-18.625598907470703,-31.749431610107422,42.00025939941406,-41.71625518798828,-30.275259017944336,37.6000862121582,-22.69224739074707,-46.926429748535156,30.716732025146484,-45.7764892578125,-6.635821342468262,8.140376091003418,-49.332000732421875,10.008920669555664,29.391408920288086,-36.526580810546875,9.07530403137207,45.649810791015625,-19.590490341186523,7.351274490356445,44.73225784301758,-55.51334762573242,3.391314744949341,37.57133865356445,-75.25624084472656,-0.2816261351108551,54.547176361083984,-72.03836059570312,-8.574984550476074,63.969642639160156,-52.186790466308594,-11.145193099975586
58,90.68148040771484,5.90274715423584,6.3149566650390625,74.77851867675781,-18.953811645507812,24.71704864501953,82.25305938720703,-47.43467330932617,27.008869171142578,90.92664337158203,-71.25312042236328,19.689735412597656,73.76399230957031,-64.28583526611328,-8.218266487121582,31.684473037719727,-52.21816635131836,0.37594231963157654,49.9085578918457,-26.047168731689453,1.8980520963668823,30.92356300354004,-19.39358901977539,11.0903902053833,10.539088249206543,-18.139448165893555,22.607236862182617,34.694644927978516,-55.71207046508789,-21.711721420288086,53.777259826660156,-32.41836929321289,-31.27833366394043,52.26178741455078,-22.000375747680664,-52.272342681884766,69.76960754394531,-33.095916748046875,-68.59569549560547,52.73059844970703,-50.015159606933594,-36.8956413269043,34.21095657348633,-63.82920455932617,-20.599151611328125,45.029273986816406,-43.00847625732422,-12.480143547058105,42.07362365722656,-36.40596008300781,11.668257713317871,69.73442077636719,-46.010284423828125,-46.20240783691406,74.76578521728516,-25.408870697021484,-48.3974609375,80.75692749023438,-7.597845077514648,-52.16408157348633,97.89630126953125,5.789319038391113,-45.956443786621094
59,90.68912506103516,5.906371116638184,6.313386917114258,60.811065673828125,7.426645278930664,-11.441938400268555,31.48756980895996,4.493908405303955,-9.402199745178223,11.892992973327637,1.86912202835083,-26.877918243408203,4.343073844909668,-11.218729972839355,-57.88702392578125,49.16849136352539,-31.456817626953125,-55.12958526611328,37.395530700683594,-1.954315185546875,-58.333335876464844,47.97013473510742,-8.873600959777832,-76.4811782836914,44.23143768310547,-28.685096740722656,-89.86070251464844,58.261348724365234,-51.7813606262207,-51.465396881103516,41.46493148803711,-29.88669204711914,-66.85269165039062,22.65683364868164,-20.887531280517578,-56.04616165161133,37.20622634887695,-2.6424155235290527,-68.75296020507812,70.2791976928711,-61.201045989990234,-32.622955322265625,46.993343353271484,-45.57379150390625,-28.998247146606445,40.16911697387695,-23.39598846435547,-20.154876708984375,15.10484504699707,-19.56596565246582,-17.07755470275879,77.7161865234375,-66.65839385986328,-15.114171028137207,60.604454040527344,-63.113922119140625,-27.312210083007812,45.67136001586914,-52.87355422973633,-33.580379486083984,30.430316925048828,-47.392425537109375,-46.8472900390625
60,90.68565368652344,5.904720783233643,6.3141021728515625,56.07204055786133,3.352332353591919,4.023243427276611,56.136375427246094,-25.74062728881836,-1.0822625160217285,30.291751861572266,-24.660991668701172,4.1209540367126465,7.377618789672852,2.303645133972168,3.169726610183716,28.424043655395508,8.49317741394043,-48.562400817871094,8.975296974182129,22.486751556396484,-27.461872100830078,-7.2824859619140625,37.088409423828125,-24.057443618774414,-30.022113800048828,33.25044631958008,-30.904953002929688,40.75700759887695,0.7025585770606995,-65.77781677246094,47.8919792175293,13.168919563293457,-37.63628387451172,53.758296966552734,35.76811218261719,-40.16703414916992,59.8975944519043,26.688072204589844,-16.644075393676758,62.1182975769043,-10.740538597106934,-66.77519226074219,68.18898010253906,-34.31850814819336,-52.3975830078125,80.40898895263672,-34.48125076293945,-30.782875061035156,78.93071746826172,-22.28507423400879,-11.479567527770996,78.39830780029297,-21.708099365234375,-64.24835205078125,85.92031860351562,-6.3473711013793945,-51.52793502807617,83.19415283203125,-17.738435745239258,-36.36094665527344,87.7232666015625,-37.562049865722656,-27.423725128173828
61,90.68374633789062,5.9038214683532715,6.3144917488098145,59.91425704956055,18.606618881225586,-3.761518716812134,38.704620361328125,0.8198413848876953,6.542123794555664,41.95357131958008,-20.419607162475586,-8.770752906799316,41.50733947753906,-40.10750198364258,-37.45409393310547,24.81623649597168,-12.103971481323242,-40.924468994140625,48.8681526184082,-31.15041160583496,-49.75998306274414,61.96467971801758,-43.832237243652344,-62.28216552734375,53.676937103271484,-58.8129768371582,-77.95640563964844,26.69405174255371,-34.44154357910156,-38.344173431396484,30.56916046142578,-61.50127029418945,-22.500625610351562,44.39735412597656,-74.26667785644531,-8.451275825500488,44.71194076538086,-98.27677917480469,2.1602940559387207,38.833885192871094,-48.13587188720703,-22.426876068115234,31.000364303588867,-63.387760162353516,0.05546398460865021,45.35160827636719,-63.72639465332031,20.314661026000977,70.20330810546875,-67.2375259399414,23.083864212036133,47.918758392333984,-56.44908142089844,-6.931707382202148,53.51650619506836,-36.036712646484375,-4.394466876983643,43.72975158691406,-52.38368225097656,-2.3300578594207764,32.0481071472168,-62.10091018676758,9.304849624633789
62,94.72781372070312,6.448676109313965,6.413628578186035,104.4222412109375,-27.59657096862793,19.353992462158203,126.84623718261719,-48.74292755126953,21.74407958984375,153.43019104003906,-53.33843994140625,18.691980361938477,183.28997802734375,-40.51428985595703,5.373839378356934,162.20318603515625,-49.3443717956543,8.517619132995605,192.65769958496094,-37.764400482177734,10.595731735229492,200.71742248535156,-45.278472900390625,-9.012689590454102,180.6603546142578,-44.52924346923828,1.6242526769638062,178.7953643798828,-31.59498405456543,6.945180892944336,197.0617218017578,-28.593488693237305,33.66868209838867,181.4534454345703,-33.462039947509766,15.956727981567383,202.91921997070312,-36.6693229675293,31.713857650756836,178.32952880859375,-5.870577812194824,10.790080070495605,170.64442443847656,-27.019634246826172,29.531888961791992,188.01089477539062,-33.22287368774414,11.920064926147461,212.64669799804688,-32.974945068359375,16.55615234375,174.80447387695312,13.921185493469238,17.654266357421875,180.64340209960938,-6.86312198638916,22.013124465942383,181.8969268798828,-26.65508460998535,21.535968780517578,183.24961853027344,-44.28312301635742,30.404342651367188
63,92.88326263427734,6.199808597564697,6.368648052215576,61.68358612060547,23.554113388061523,-0.5124844312667847,33.6650505065918,35.031898498535156,-0.72886723279953,10.488703727722168,35.0797119140625,-14.186492919921875,11.154260635375977,9.634678840637207,-37.98528289794922,17.231746673583984,-4.533195972442627,-32.00572204589844,40.17633056640625,6.990721225738525,-51.632076263427734,52.25114440917969,2.751225709915161,-69.91901397705078,38.13160705566406,-2.0690932273864746,-88.60018920898438,16.949058532714844,-27.81742286682129,-28.60037612915039,34.90609359741211,-3.4475960731506348,-39.256622314453125,52.746700286865234,-6.823204517364502,-54.67595291137695,62.78032684326172,16.85953140258789,-59.34646224975586,29.7658748626709,-43.301849365234375,-13.384400367736816,16.911479949951172,-17.57857894897461,-11.435139656066895,19.57430648803711,-4.170968055725098,-32.59660339355469,41.00560760498047,3.1169726848602295,-32.59145736694336,39.946014404296875,-52.51358413696289,1.9464753866195679,43.65378189086914,-37.49234390258789,-13.27359676361084,36.37743377685547,-21.70277976989746,-22.17249870300293,30.598045349121094,-4.751302242279053,-21.937307357788086
64,91.87954711914062,6.064389228820801,6.344174861907959,115.51634979248047,17.46417999267578,-17.765777587890625,110.5054931640625,-11.887170791625977,-20.872949600219727,89.83145904541016,-28.568378448486328,-22.43142318725586,86.76649475097656,-28.729930877685547,-54.41529083251953,96.8196029663086,40.00249481201172,-70.74701690673828,108.67974090576172,13.173624992370605,-83.88056945800781,114.20852661132812,0.9260615110397339,-66.17497253417969,115.06771850585938,-23.387603759765625,-68.01055145263672,76.45915222167969,50.788734436035156,-69.2247085571289,99.22857666015625,33.228336334228516,-55.491661071777344,109.4146957397461,23.798376083374023,-36.32196807861328,124.22125244140625,6.277248382568359,-21.57721710205078,61.7232666015625,56.50607681274414,-50.14777374267578,51.67415237426758,37.19037628173828,-31.64769744873047,66.00936126708984,27.339189529418945,-13.654245376586914,91.0616226196289,25.68951988220215,-11.863186836242676,53.33634948730469,61.74579620361328,-32.51034927368164,66.29495239257812,63.13099670410156,-15.374439239501953,76.48883056640625,50.90726089477539,-4.345806121826172,63.20214080810547,33.95612716674805,6.860484600067139
65,91.3333969116211,5.9907026290893555,6.330859661102295,110.88538360595703,33.88225555419922,-2.719865083694458,107.14675903320312,4.796262741088867,-7.748039245605469,130.71485900878906,-6.506007194519043,-12.155957221984863,118.69308471679688,-18.25320816040039,-41.598175048828125,101.55441284179688,62.18180465698242,-54.940372467041016,93.05235290527344,34.37120819091797,-68.39451599121094,79.39716339111328,22.203628540039062,-80.937255859375,89.03459930419922,10.031678199768066,-97.52934265136719,79.6871109008789,61.65704345703125,-61.55141830444336,59.259910583496094,38.40647888183594,-54.50057601928711,52.05309295654297,27.947757720947266,-34.62824249267578,38.3407096862793,11.1860933303833,-19.16027069091797,59.21173858642578,53.431053161621094,-50.81953048706055,74.12500762939453,38.37324142456055,-31.860828399658203,78.1707534790039,14.567334175109863,-38.08275604248047,55.34415054321289,7.276404857635498,-35.18543243408203,44.273681640625,48.01594161987305,-38.63098907470703,42.48340606689453,58.05532455444336,-19.77876853942871,50.30264663696289,46.55303192138672,-6.436255931854248,59.01228713989258,31.771793365478516,2.7885608673095703
66,91.03621673583984,5.950606346130371,6.323612689971924,69.7399673461914,5.354096412658691,-21.48395538330078,69.24409484863281,-23.80489158630371,-16.114988327026367,60.850608825683594,-36.98564910888672,-37.456764221191406,53.37615966796875,-40.67481994628906,-71.0592269897461,90.2455062866211,19.12851333618164,-76.053466796875,66.99076080322266,7.7751593589782715,-94.8598403930664,54.99421310424805,12.27619457244873,-112.9278793334961,43.859561920166016,-8.205793380737305,-115.14315032958984,111.98613739013672,13.260702133178711,-79.07246398925781,86.00147247314453,24.286230087280273,-64.7003173828125,68.36634826660156,28.513755798339844,-49.69239807128906,44.94380187988281,29.19742774963379,-36.785858154296875,127.90997314453125,1.0469602346420288,-65.17882537841797,116.1917724609375,-15.030109405517578,-44.96529006958008,94.17869567871094,-24.943288803100586,-51.0079460144043,78.94828033447266,-8.916393280029297,-53.97365188598633,137.7029266357422,-11.021208763122559,-52.718631744384766,129.31253051757812,2.8080809116363525,-38.73511505126953,127.47017669677734,20.63534927368164,-31.78066062927246,111.53772735595703,9.033787727355957,-23.462963104248047
67,90.87451171875,5.928788661956787,6.319667339324951,69.09088897705078,7.071235656738281,-20.942081451416016,67.82083892822266,-22.136581420898438,-16.316791534423828,69.74491119384766,-48.403202056884766,-18.415361404418945,60.07731628417969,-49.51166534423828,-52.01689910888672,88.67637634277344,23.002416610717773,-75.1275863647461,63.39422607421875,13.472302436828613,-92.20162200927734,54.466102600097656,13.354289054870605,-71.94695281982422,41.32555389404297,-5.212158203125,-78.91680145263672,110.1476821899414,16.86125946044922,-78.9013671875,85.61372375488281,28.17095375061035,-62.43352508544922,69.27828216552734,32.4815673828125,-46.07731246948242,46.34822082519531,33.89748001098633,-32.4338264465332,126.0353775024414,3.712118148803711,-65.97679901123047,116.14830780029297,-15.18778133392334,-47.34523010253906,92.926513671875,-22.865358352661133,-51.79924392700195,78.43257141113281,-5.762428283691406,-53.00934600830078,135.81382751464844,-9.074918746948242,-54.34141540527344,127.79035949707031,3.2896838188171387,-38.89069366455078,127.01245880126953,21.382484436035156,-32.519996643066406,110.6272201538086,10.128349304199219,-23.704681396484375
68,90.78652954101562,5.916926383972168,6.317515850067139,123.3460464477539,12.308573722839355,-4.343621253967285,100.588623046875,-2.5074071884155273,7.358742713928223,94.8822021484375,-20.299516677856445,-11.297179222106934,103.69241333007812,-32.0344123840332,-41.30405044555664,135.06857299804688,23.68061637878418,-61.778831481933594,143.0091094970703,-3.9295217990875244,-75.74909210205078,133.21371459960938,-22.422773361206055,-68.56077575683594,125.09964752197266,-40.64960861206055,-82.28702545166016,118.16673278808594,34.44477081298828,-72.25171661376953,110.22367095947266,6.240326881408691,-60.36992645263672,125.80499267578125,-2.3163444995880127,-44.99681854248047,138.81980895996094,-17.417766571044922,-26.80152702331543,97.12537384033203,43.65025329589844,-64.31255340576172,85.71087646484375,26.344026565551758,-45.04959487915039,86.91568756103516,1.6735140085220337,-47.73847579956055,110.12657165527344,2.0748322010040283,-45.10646438598633,81.98995971679688,51.99189758300781,-54.586238861083984,87.1197738647461,51.386558532714844,-33.88241195678711,99.09359741210938,57.01947021484375,-19.99434471130371,97.394287109375,35.54705047607422,-12.670910835266113
69,90.73870086669922,5.910492897033691,6.316338539123535,84.30091857910156,37.053977966308594,-7.857154846191406,82.98825073242188,59.26323699951172,11.596351623535156,86.35079193115234,85.3541030883789,13.752348899841309,87.19462585449219,96.48751831054688,-17.87761878967285,80.10834503173828,43.46826171875,-67.03923034667969,110.92301177978516,46.481773376464844,-74.87338256835938,127.0660171508789,52.74012756347656,-61.10151290893555,141.26699829101562,69.953125,-68.98734283447266,71.6322250366211,25.21005630493164,-77.28922271728516,92.99859619140625,5.2324066162109375,-65.31222534179688,108.89646911621094,-6.284641265869141,-52.40484619140625,130.48651123046875,-13.050280570983887,-38.14934158325195,62.45742416381836,4.3961663246154785,-68.79766082763672,65.09793853759766,18.48634147644043,-44.411598205566406,74.51728820800781,7.839173793792725,-24.043994903564453,87.61007690429688,-10.577581405639648,-25.60530662536621,53.63139724731445,-10.359529495239258,-58.95085906982422,60.937721252441406,-18.22026824951172,-40.517250061035156,65.81903839111328,-14.590798377990723,-22.332786560058594,78.80657196044922,-3.251098155975342,-9.764641761779785
70,90.71278381347656,5.907037258148193,6.315676689147949,59.198055267333984,20.625022888183594,7.395672798156738,30.405431747436523,24.093320846557617,13.040120124816895,21.644912719726562,34.21126937866211,-9.704377174377441,19.272836685180664,24.76166343688965,-42.58575439453125,13.830751419067383,-1.8434700965881348,-24.161758422851562,13.599852561950684,22.130146026611328,-45.25478744506836,0.4651266932487488,39.7658805847168,-47.659061431884766,-10.518537521362305,35.55609130859375,-68.58104705810547,14.958560943603516,-24.27813720703125,-26.434654235839844,32.37953567504883,-8.37359619140625,-47.46465301513672,22.623620986938477,9.621862411499023,-35.94145584106445,-1.027829885482788,2.3783631324768066,-28.822071075439453,29.971689224243164,-40.964012145996094,-17.2075138092041,8.55141544342041,-28.881986618041992,-3.2425858974456787,11.908246040344238,-8.330309867858887,-16.773130416870117,31.057334899902344,3.2574236392974854,-15.941658973693848,42.2535400390625,-52.26071548461914,-6.541688919067383,39.138267517089844,-39.278926849365234,10.087817192077637,39.98574447631836,-23.539306640625,20.998971939086914,28.503753662109375,-9.546324729919434,23.532752990722656
71,90.7004623413086,5.906004428863525,6.314948081970215,89.56376647949219,38.686336517333984,-5.287917137145996,90.5361099243164,56.916316986083984,17.93773078918457,112.58841705322266,61.736671447753906,4.27101469039917,120.41513061523438,79.80359649658203,-22.08693504333496,94.50411224365234,50.734107971191406,-63.49497985839844,113.07154083251953,36.68415832519531,-41.64614486694336,132.22840881347656,41.167964935302734,-31.539947509765625,140.91880798339844,59.92689895629883,-41.22735595703125,85.74919891357422,34.57067108154297,-76.59385681152344,103.27923583984375,9.19558334350586,-69.7157974243164,116.24984741210938,-6.647613048553467,-58.2076416015625,136.9561004638672,-16.708499908447266,-44.68330383300781,73.3842544555664,14.308073043823242,-71.57745361328125,74.12482452392578,22.3358097076416,-44.47248458862305,77.15489959716797,6.475148677825928,-25.60717010498047,87.84561157226562,-12.61572551727295,-30.887264251708984,61.79778289794922,-0.13111159205436707,-64.55960083007812,82.77244567871094,0.10680593550205231,-60.741188049316406,98.21176147460938,-0.60996413230896,-49.405765533447266,104.58438873291016,0.3389380872249603,-30.632265090942383
72,90.69208526611328,5.904648780822754,6.314896106719971,85.76531982421875,38.03770065307617,-6.062587738037109,83.51289367675781,57.68655014038086,15.877662658691406,85.81965637207031,82.11052703857422,25.592636108398438,89.74561309814453,100.34121704101562,-2.166273593902588,89.57012176513672,49.23140335083008,-64.51898956298828,120.01217651367188,44.15889358520508,-72.70391082763672,125.92840576171875,31.973175048828125,-55.2192268371582,137.8004150390625,50.081398010253906,-60.0076904296875,82.85221099853516,31.85245704650879,-77.25354766845703,108.58856964111328,15.629023551940918,-68.71920013427734,117.64539337158203,21.22576904296875,-47.78399658203125,138.1650848388672,8.239019393920898,-36.61764144897461,72.9345474243164,10.398216247558594,-71.79175567626953,72.06077575683594,18.867462158203125,-44.82780456542969,79.28496551513672,4.8668718338012695,-25.635147094726562,93.76433563232422,-12.003503799438477,-29.54496192932129,63.09356689453125,-5.138275623321533,-64.46629333496094,69.2620620727539,-15.021333694458008,-46.61063003540039,74.4102783203125,-11.127622604370117,-28.5640869140625,85.34437561035156,-2.642456531524658,-13.781305313110352
73,90.68727111816406,5.9037909507751465,6.314920902252197,56.98529052734375,11.150559425354004,13.124930381774902,33.23598098754883,-4.185868263244629,21.679393768310547,8.228219985961914,-12.257315635681152,19.30352210998535,0.0007748603820800781,-1.635558843612671,-13.193338394165039,14.748610496520996,-10.160714149475098,-23.18543815612793,0.7737762928009033,18.536073684692383,-22.41045379638672,3.695889949798584,38.89359664916992,-30.548994064331055,-17.512798309326172,43.50844955444336,-41.16805648803711,20.635499954223633,-29.56912612915039,-33.0797119140625,36.178855895996094,-2.0689666271209717,-32.38731002807617,41.295806884765625,19.479427337646484,-40.20340347290039,34.04448318481445,21.01316261291504,-15.390894889831543,39.90000915527344,-44.08584976196289,-30.5223331451416,23.7641658782959,-54.451351165771484,-9.745845794677734,31.352453231811523,-47.34614562988281,12.802973747253418,44.102745056152344,-29.6707820892334,18.49693489074707,55.46400833129883,-54.84278106689453,-24.700654983520508,63.843048095703125,-50.81184768676758,-5.514914035797119,48.09268569946289,-41.532649993896484,0.24284514784812927,38.183448791503906,-37.439910888671875,17.807119369506836
74,90.68526458740234,5.903616428375244,6.314807415008545,85.20101165771484,-23.204517364501953,-11.913928031921387,62.750728607177734,-39.99075698852539,-2.6086206436157227,52.4770622253418,-61.24107360839844,9.182830810546875,51.04817581176758,-58.34111404418945,-21.993637084960938,36.87342071533203,-29.096235275268555,-46.35337829589844,54.7640380859375,-53.0273551940918,-57.605064392089844,70.20704650878906,-63.818931579589844,-69.19145202636719,61.028465270996094,-82.7669677734375,-79.4288330078125,30.047863006591797,-9.555100440979004,-55.339576721191406,61.203121185302734,-13.852330207824707,-58.370365142822266,73.63824462890625,-26.96123504638672,-43.366580963134766,80.37637329101562,-42.84616470336914,-23.29071617126465,39.457672119140625,12.79896354675293,-55.02969741821289,27.55716323852539,-4.235263824462891,-35.85524368286133,38.76441192626953,-11.10466194152832,-14.790769577026367,61.802978515625,-10.23735523223877,-12.680747032165527,50.558475494384766,29.18620491027832,-54.84247970581055,56.03944396972656,27.37512969970703,-34.31938934326172,57.35075378417969,10.111963272094727,-26.099149703979492,57.60825729370117,-4.909587860107422,-14.041308403015137
75,90.68535614013672,5.904083728790283,6.314500331878662,59.17599105834961,16.299541473388672,-4.117720603942871,33.12726593017578,7.477809906005859,-14.890830993652344,33.40394592285156,33.25619125366211,-9.2721586227417,38.83850860595703,1.4891475439071655,-17.048967361450195,18.732086181640625,-23.119905471801758,-23.26523208618164,25.41300392150879,-30.385650634765625,-53.628326416015625,42.135128021240234,-35.373558044433594,-67.21682739257812,32.130531311035156,-49.840450286865234,-83.03904724121094,20.383811950683594,-43.12249755859375,-12.952621459960938,51.33833694458008,-43.147953033447266,-19.285179138183594,51.228515625,-23.643136978149414,-32.366397857666016,61.65392303466797,-4.0491743087768555,-47.5080680847168,34.178436279296875,-51.0267219543457,5.364899635314941,10.479776382446289,-37.02883529663086,-1.1078766584396362,13.352094650268555,-34.15069580078125,-25.60256576538086,32.85285186767578,-24.08379364013672,-31.5029354095459,45.022438049316406,-53.85608673095703,21.679475784301758,40.222068786621094,-49.32697677612305,1.4091730117797852,33.56052017211914,-41.736961364746094,-14.878491401672363,27.283668518066406,-28.316286087036133,-24.397201538085938
76,90.68358612060547,5.903473377227783,6.314709663391113,91.43944549560547,34.221214294433594,26.49175453186035,65.8425064086914,19.970781326293945,30.243762969970703,78.29408264160156,39.85760498046875,42.31108093261719,72.9830551147461,36.77299118041992,8.37798023223877,73.24533081054688,87.08161926269531,5.733059883117676,82.70277404785156,59.119606018066406,-6.433754920959473,96.4885482788086,48.293487548828125,-19.92164421081543,87.65420532226562,28.04573631286621,-29.84102439880371,56.595340728759766,85.32640838623047,-9.394943237304688,82.06889343261719,75.11813354492188,-25.052656173706055,87.15872192382812,55.38487243652344,-13.379365921020508,106.92918395996094,41.77779006958008,-2.694700002670288,43.71628952026367,66.4262924194336,-17.47063636779785,31.597890853881836,51.161319732666016,3.0123069286346436,17.07468605041504,52.16451644897461,-17.101449966430664,29.66213607788086,61.145469665527344,1.2848526239395142,33.57963943481445,49.68314743041992,-20.418197631835938,43.03817367553711,61.13862228393555,-5.127676963806152,50.39836502075195,43.46540451049805,-4.24666166305542,55.422386169433594,27.776268005371094,9.481005668640137
77,90.6826400756836,5.903146743774414,6.314821243286133,64.78898620605469,14.725046157836914,27.790084838867188,40.14366912841797,15.401936531066895,44.05265426635742,46.37491989135742,-6.636326313018799,57.15306854248047,36.69642639160156,23.114431381225586,48.709510803222656,8.2203369140625,15.246927261352539,8.926008224487305,15.427586555480957,34.04105758666992,33.70882034301758,29.056259155273438,48.990936279296875,42.650115966796875,18.924346923828125,68.48004150390625,52.937679290771484,4.049993991851807,-0.40041330456733704,-6.787573337554932,25.80805015563965,21.085634231567383,1.1626300811767578,24.860206604003906,14.105663299560547,23.567039489746094,47.0803108215332,13.69133186340332,39.11005783081055,17.557113647460938,-18.248262405395508,-16.13172149658203,4.714455604553223,-30.442697525024414,5.908412933349609,-12.647183418273926,-13.786910057067871,-0.2262820452451706,10.32431411743164,-11.339122772216797,2.7131097316741943,30.070743560791016,-33.0431022644043,-20.16905403137207,46.89830780029297,-36.48579788208008,-32.79836654663086,43.470970153808594,-27.03973960876465,-16.478843688964844,42.28230285644531,-29.812137603759766,3.106199264526367
78,90.6821060180664,5.902963638305664,6.314883232116699,69.03709411621094,33.06715393066406,8.060166358947754,48.68107986450195,54.04655075073242,3.841078281402588,57.4789924621582,78.78636169433594,6.4228973388671875,50.30379104614258,64.10292053222656,-23.9638729095459,13.619653701782227,29.48383903503418,-13.669770240783691,31.174976348876953,44.03142547607422,-36.019981384277344,47.89575958251953,49.505859375,-22.617067337036133,46.71494674682617,54.600406646728516,-45.49909973144531,4.786581039428711,8.800052642822266,-11.853462219238281,30.625314712524414,7.899886131286621,-30.0142879486084,33.21952819824219,31.241344451904297,-29.860105514526367,58.72132110595703,40.93539810180664,-27.13379669189453,12.772500991821289,-11.56795883178711,-1.381077766418457,5.673091888427734,15.528820991516113,2.4604415893554688,-11.078927993774414,11.484086990356445,-15.41349983215332,12.50492000579834,6.622105598449707,-11.971907615661621,20.85039710998535,-25.7734317779541,9.787324905395508,26.970783233642578,-38.54277801513672,25.72526741027832,29.674400329589844,-22.42510414123535,15.71436595916748,30.490684509277344,-5.066696643829346,11.871017456054688
79,90.68183898925781,5.90286922454834,6.314925670623779,65.7714614868164,-13.799436569213867,20.48221778869629,44.964176177978516,-34.601505279541016,17.908851623535156,64.65805053710938,-41.95304870605469,33.85343551635742,84.39588165283203,-60.40779113769531,14.869528770446777,12.356101989746094,-18.977575302124023,-5.519829750061035,17.261829376220703,-50.50517654418945,-4.3798441886901855,30.57634162902832,-45.711509704589844,12.618402481079102,25.598840713500977,-64.00423431396484,0.6153844594955444,13.388901710510254,-17.817834854125977,-28.030426025390625,43.46399688720703,-26.66899871826172,-31.9559268951416,63.7161865234375,-34.275718688964844,-22.81454086303711,81.65077209472656,-20.051349639892578,-8.182644844055176,31.996261596679688,-16.567947387695312,-43.538665771484375,20.473073959350586,-34.570411682128906,-25.03152084350586,33.38733673095703,-36.78861999511719,-3.942089080810547,40.091766357421875,-25.70585823059082,15.852533340454102,48.99082565307617,-17.82496452331543,-53.60776901245117,49.30236053466797,-14.310674667358398,-32.58174514770508,50.43851089477539,-33.059364318847656,-28.773096084594727,49.76936340332031,-47.410972595214844,-13.508219718933105
80,90.68168640136719,5.902813911437988,6.314967155456543,73.3059310913086,-23.672243118286133,12.042303085327148,49.4185905456543,-41.008323669433594,10.976110458374023,59.798728942871094,-42.388832092285156,35.193199157714844,79.76338195800781,-63.096717834472656,20.39659309387207,17.0179386138916,-30.185213088989258,-6.54183292388916,32.020843505859375,-56.95585250854492,-15.351205825805664,42.080772399902344,-52.31797790527344,3.792630434036255,36.76926803588867,-70.33299255371094,-8.197771072387695,12.694947242736816,-18.911136627197266,-25.603458404541016,42.5360221862793,-27.878856658935547,-30.8333740234375,50.00010681152344,-49.12287902832031,-24.158201217651367,68.20748901367188,-34.82237243652344,-10.79472541809082,26.808679580688477,-6.188468933105469,-40.677894592285156,16.01742935180664,-25.23348617553711,-22.78329849243164,33.79124069213867,-41.50062942504883,-28.777639389038086,38.905181884765625,-33.578365325927734,-7.602445602416992,41.03193664550781,1.5505198240280151,-52.061622619628906,44.72312545776367,-8.025074005126953,-33.37397384643555,46.52112579345703,-26.668148040771484,-29.310163497924805,46.331153869628906,-41.059329986572266,-15.796687126159668
81,90.68159484863281,5.902783393859863,6.314984321594238,58.84603500366211,17.608121871948242,13.988080024719238,30.282878875732422,15.424764633178711,21.175291061401367,36.06588363647461,13.50753402709961,46.84629821777344,27.642187118530273,21.178926467895508,16.57648468017578,11.754057884216309,2.1993625164031982,-19.193872451782227,5.752085208892822,33.403343200683594,-16.087779998779297,17.31990623474121,29.503896713256836,2.3561770915985107,-1.1937990188598633,42.751834869384766,-1.9129412174224854,13.570152282714844,-18.518465042114258,-27.946666717529297,28.478130340576172,9.21719741821289,-25.349456787109375,40.70646286010742,24.79758071899414,-12.72812271118164,63.580692291259766,20.480876922607422,0.4215165972709656,30.014957427978516,-36.12105178833008,-25.1147518157959,11.155713081359863,-34.041221618652344,-4.153331756591797,11.270707130432129,-9.25853443145752,-5.658081531524658,29.636892318725586,3.0677170753479004,-1.2227203845977783,43.65793991088867,-49.162296295166016,-19.150041580200195,41.99521255493164,-28.253074645996094,-15.330689430236816,33.130741119384766,-12.510358810424805,-8.935352325439453,25.925596237182617,-4.585485935211182,4.863046169281006
82,90.68154907226562,5.902767181396484,6.314998149871826,61.163665771484375,11.102593421936035,23.951478958129883,37.2468376159668,-5.417474746704102,29.1809024810791,39.25769805908203,-30.72172737121582,36.3759765625,23.554641723632812,-1.7398297786712646,36.525482177734375,9.255975723266602,17.934295654296875,-4.5976176261901855,8.77640438079834,26.01042938232422,26.28777313232422,26.53660774230957,12.985933303833008,28.322065353393555,12.746320724487305,23.31319808959961,43.07588195800781,8.15775203704834,6.116822242736816,-23.788223266601562,20.72344970703125,22.173736572265625,0.3476254642009735,13.818202018737793,8.635858535766602,18.253551483154297,37.94643783569336,0.8571129441261292,13.026247024536133,23.18793487548828,-9.924996376037598,-34.03793716430664,11.806818008422852,-32.33846664428711,-21.096437454223633,21.185083389282227,-48.616817474365234,-4.86309814453125,29.749923706054688,-67.1572265625,8.247441291809082,36.22898864746094,-24.055683135986328,-38.73230743408203,52.42378234863281,-23.42277717590332,-52.58427047729492,44.86227035522461,-22.33220672607422,-35.007381439208984,38.2952995300293,-34.57028579711914,-20.843486785888672
83,90.68154907226562,5.902769565582275,6.314977645874023,60.692386627197266,17.56572914123535,19.506534576416016,33.197471618652344,10.784358978271484,27.892269134521484,36.96706771850586,5.173403739929199,53.39571762084961,28.99945831298828,13.949267387390137,23.39406967163086,8.397608757019043,-0.35674822330474854,-2.8577377796173096,22.20229721069336,24.14180564880371,12.262127876281738,28.798870086669922,42.713111877441406,2.2226459980010986,11.7649507522583,54.67094421386719,-10.039589881896973,8.976824760437012,-21.50628089904785,-10.699827194213867,19.603763580322266,8.066875457763672,-7.419980049133301,9.52660846710205,18.766685485839844,10.897881507873535,32.25987243652344,11.1876802444458,20.70185089111328,26.093975067138672,-38.68501281738281,-10.257132530212402,8.617196083068848,-36.606231689453125,11.870208740234375,11.028199195861816,-12.047553062438965,9.128585815429688,18.57407569885254,-14.113758087158203,32.09178161621094,40.96636962890625,-51.173797607421875,-6.432796478271484,56.958988189697266,-51.50596237182617,7.6623992919921875,47.013221740722656,-35.22819900512695,9.514148712158203,36.270992279052734,-29.232725143432617,21.152671813964844
84,90.68152618408203,5.902763366699219,6.314966201782227,66.74784088134766,30.212047576904297,13.069950103759766,50.852901458740234,53.62278366088867,21.529693603515625,56.62625503540039,49.2431640625,46.899085998535156,53.31951141357422,59.6505241394043,16.42420196533203,17.45992088317871,34.70814895629883,-20.195600509643555,40.43050003051758,49.20389938354492,-3.4151580333709717,57.568519592285156,57.9141731262207,-14.35217571258545,54.65928649902344,80.0936050415039,-23.88445281982422,10.366394996643066,14.812226295471191,-28.13091468811035,32.79438018798828,35.15047073364258,-19.09746742248535,46.85190963745117,49.338191986083984,-6.741354942321777,60.02157974243164,31.008102416992188,6.295971393585205,17.88368034362793,-7.943510055541992,-24.393451690673828,11.678130149841309,8.911688804626465,-2.5583226680755615,24.29595375061035,15.473030090332031,17.793519973754883,22.656234741210938,25.41714859008789,40.68586349487305,24.786882400512695,-25.25984001159668,-17.73956871032715,41.866756439208984,-36.9683837890625,-22.812755584716797,44.83597946166992,-18.88300895690918,-17.20775604248047,43.87070083618164,-3.4272196292877197,-2.6380345821380615
85,90.68157196044922,5.902783393859863,6.3149590492248535,65.56240844726562,-4.797417163848877,27.853988647460938,47.32429885864258,-27.189512252807617,21.66961097717285,53.49134063720703,-50.333858489990234,10.604955673217773,31.22414207458496,-30.239097595214844,24.244672775268555,10.965652465820312,-17.29643440246582,7.382505893707275,25.46419906616211,-38.609458923339844,26.22140121459961,26.304189682006836,-30.679582595825195,46.85171127319336,7.725775241851807,-32.376930236816406,60.53483581542969,11.131778717041016,-25.58572006225586,-13.60309886932373,15.717703819274902,-27.140792846679688,17.618892669677734,24.13399887084961,-41.97621536254883,33.76369094848633,47.27128982543945,-37.61481857299805,23.783838272094727,29.130502700805664,-31.870275497436523,-28.598140716552734,24.420040130615234,-59.61793518066406,-31.29239845275879,40.76810073852539,-78.00091552734375,-27.935937881469727,53.884307861328125,-98.26703643798828,-31.689189910888672,45.63472366333008,-38.101776123046875,-37.57376480102539,54.23863220214844,-20.976579666137695,-46.914398193359375,46.30036544799805,-30.16644859313965,-32.087318420410156,43.09218978881836,-49.5709342956543,-29.63807487487793
86,90.687744140625,5.905709743499756,6.313684463500977,59.68256378173828,20.412914276123047,12.50409984588623,30.388078689575195,22.988994598388672,9.718185424804688,4.822410583496094,26.325519561767578,4.107446193695068,16.392589569091797,56.135799407958984,-8.69960880279541,9.59037971496582,-4.429867744445801,-8.22516918182373,8.496274948120117,19.396284103393555,-29.447792053222656,25.277379989624023,21.06777572631836,-15.141414642333984,15.598913192749023,28.31950569152832,-34.62006759643555,10.709553718566895,-26.944297790527344,-9.24057674407959,32.73318099975586,-10.683173179626465,-25.013961791992188,23.96487808227539,6.831323623657227,-12.057022094726562,22.956756591796875,23.271459579467773,9.32032585144043,27.53531265258789,-42.85649108886719,-2.035590887069702,6.166057586669922,-31.499937057495117,12.590639114379883,6.357999324798584,-10.600727081298828,25.9990177154541,24.39185333251953,2.526167869567871,26.038110733032227,41.85276412963867,-53.321083068847656,6.749419689178467,34.22356414794922,-34.57137680053711,0.08003181219100952,25.336936950683594,-17.7757511138916,-2.393125057220459,19.970760345458984,-4.468314170837402,7.079629421234131
87,90.6921157836914,5.907783508300781,6.312778949737549,56.50681686401367,8.406926155090332,0.3361548185348511,30.397235870361328,-5.035027980804443,-2.883875846862793,7.748380184173584,-16.729520797729492,-9.706812858581543,15.691876411437988,-35.21940231323242,-38.047813415527344,28.997726440429688,-29.703258514404297,-36.36457824707031,15.995990753173828,-17.69029998779297,-62.932865142822266,16.59835433959961,-5.467196941375732,-81.35066223144531,4.218052864074707,-10.95594310760498,-101.35991668701172,38.21467208862305,-50.30008316040039,-36.17453384399414,49.33650207519531,-31.251691818237305,-58.795955657958984,30.06578254699707,-17.903703689575195,-57.39786911010742,26.91537094116211,9.069964408874512,-58.36944580078125,55.86663818359375,-60.2307243347168,-22.83489418029785,30.259967803955078,-58.244415283203125,-11.002277374267578,25.154434204101562,-34.93247985839844,-4.133152484893799,33.36117935180664,-14.329105377197266,-9.253369331359863,68.87972259521484,-66.06298065185547,-9.114816665649414,67.68540954589844,-47.86907196044922,1.9111958742141724,53.017154693603516,-40.66474151611328,-8.090278625488281,34.570335388183594,-29.775650024414062,-8.264164924621582
88,90.68914031982422,5.9063720703125,6.313388347625732,74.92493438720703,-19.36560821533203,24.287763595581055,53.635162353515625,-39.7952880859375,22.872400283813477,36.779354095458984,-59.73741912841797,19.073545455932617,35.10444641113281,-59.198326110839844,-13.477228164672852,17.098575592041016,-31.326974868774414,15.973627090454102,21.162593841552734,-49.85932159423828,41.65048599243164,35.95065689086914,-54.74758529663086,25.9514102935791,34.35470962524414,-73.69636535644531,11.489264488220215,10.313645362854004,-27.626117706298828,-5.226892471313477,34.83156967163086,-44.42529296875,-15.94713306427002,43.421146392822266,-63.28545379638672,-4.900668621063232,51.725486755371094,-78.4375991821289,15.141610145568848,22.249467849731445,-21.408430099487305,-25.402944564819336,10.117814064025879,-38.39533615112305,-6.328143119812012,29.945926666259766,-50.92327880859375,-14.484536170959473,52.37077331542969,-49.10141372680664,-12.53458309173584,34.85684585571289,-18.50165557861328,-40.37804412841797,47.16189193725586,-14.753664016723633,-23.386720657348633,44.54208755493164,-32.140403747558594,-15.77158260345459,56.50004577636719,-25.424468994140625,2.6323981285095215
89,90.68565368652344,5.904719352722168,6.314105033874512,60.25533676147461,22.72454071044922,5.337047576904297,53.3703498840332,36.30001449584961,-19.976444244384766,50.72045135498047,50.0889892578125,2.362441301345825,50.452022552490234,30.325204849243164,-22.802310943603516,12.400500297546387,-2.0581352710723877,-20.193836212158203,19.74656867980957,12.411877632141113,-47.68856430053711,34.74844741821289,16.573509216308594,-63.396484375,22.84878921508789,23.598215103149414,-82.53002166748047,11.994741439819336,-24.527055740356445,-18.156831741333008,27.8045597076416,-0.7590558528900146,-31.699203491210938,30.244853973388672,22.196178436279297,-27.381275177001953,26.02019500732422,48.138877868652344,-23.16401481628418,26.233121871948242,-40.164581298828125,-6.283299446105957,5.711413860321045,-21.936851501464844,0.5062921047210693,4.301121234893799,-31.18346405029297,-22.49506950378418,25.874696731567383,-21.252737045288086,-22.551376342773438,38.15312576293945,-50.06635284423828,6.02846097946167,46.97474670410156,-39.200294494628906,22.104835510253906,40.758270263671875,-24.46446990966797,11.54845905303955,51.429988861083984,-6.001263618469238,19.574329376220703
90,90.69938659667969,5.908648490905762,6.31286096572876,58.762596130371094,19.550304412841797,8.397784233093262,29.989078521728516,14.416474342346191,12.676259994506836,36.81024932861328,39.286399841308594,18.25509262084961,36.23101043701172,19.52718162536621,-8.6508207321167,11.21626091003418,-10.67420768737793,-11.164416313171387,8.632952690124512,7.237573146820068,-37.47420883178711,19.28995704650879,12.654130935668945,-56.08558654785156,8.350831985473633,9.49380874633789,-77.3956298828125,13.3712739944458,-32.999351501464844,-8.683269500732422,38.698570251464844,-19.669784545898438,-22.05442237854004,23.885265350341797,-1.9922442436218262,-17.620193481445312,13.27922534942627,19.415117263793945,-5.069650650024414,30.355215072631836,-46.76713562011719,1.805258870124817,6.133519172668457,-34.314144134521484,9.365802764892578,6.505905628204346,-24.488828659057617,-13.428875923156738,23.501657485961914,-10.237380981445312,-16.09982681274414,44.49170684814453,-55.049278259277344,12.909114837646484,62.70082473754883,-66.12357330322266,13.580314636230469,52.708919525146484,-51.07449722290039,7.159411430358887,42.70690155029297,-33.97936248779297,4.561722278594971
91,90.72347259521484,5.915904998779297,6.310455322265625,61.366268157958984,21.500102996826172,16.643903732299805,31.98656463623047,23.451536178588867,19.06555938720703,8.38814640045166,34.75516891479492,15.672929763793945,4.7670745849609375,31.433473587036133,-19.17473602294922,8.122481346130371,1.8387311697006226,-1.7029139995574951,7.340037822723389,31.99197006225586,-12.21508502960205,19.788440704345703,43.35010528564453,-26.55289649963379,18.16790199279785,46.50834274291992,-50.61677169799805,7.6845808029174805,-20.47902488708496,-5.023860454559326,21.358402252197266,6.62342643737793,-13.735751152038574,24.61536407470703,27.964359283447266,-4.483158588409424,23.555910110473633,45.83693313598633,14.837421417236328,23.957767486572266,-37.99078369140625,-1.0060393810272217,2.9803030490875244,-27.274517059326172,14.588598251342773,3.7857954502105713,-6.271271228790283,1.3943639993667603,23.203689575195312,4.202686309814453,3.644008159637451,38.216957092285156,-50.12312316894531,5.413331985473633,53.113365173339844,-64.10222625732422,-0.7313145399093628,46.05933380126953,-46.26287841796875,-0.6833048462867737,53.872230529785156,-29.038421630859375,7.513832092285156
92,90.72571563720703,5.916506767272949,6.310277462005615,61.969791412353516,24.54155731201172,12.455865859985352,35.77513122558594,29.674182891845703,25.118602752685547,37.9981689453125,28.130422592163086,51.36429214477539,30.867979049682617,39.782684326171875,21.52621078491211,15.255935668945312,21.931100845336914,-24.547048568725586,39.51067352294922,42.715065002441406,-24.928844451904297,54.13351058959961,55.82970428466797,-35.115055084228516,48.103641510009766,70.77440643310547,-52.96200180053711,12.922861099243164,1.7176541090011597,-34.30834197998047,25.773319244384766,26.188623428344727,-19.03116226196289,25.736255645751953,44.245689392089844,-4.010985374450684,33.918216705322266,49.041404724121094,20.33697509765625,24.560420989990234,-19.348081588745117,-31.412649154663086,7.832243919372559,-11.607741355895996,-10.006248474121094,12.694962501525879,12.206646919250488,-5.001564025878906,13.823250770568848,6.455618858337402,18.746301651000977,34.257896423339844,-35.46958541870117,-25.26527214050293,43.323368072509766,-49.64887237548828,-38.37665939331055,41.35974884033203,-32.853939056396484,-29.313579559326172,38.74992752075195,-19.472911834716797,-13.852819442749023
93,90.73649597167969,5.9197821617126465,6.309184551239014,61.39444351196289,15.652660369873047,22.321048736572266,34.85230255126953,4.98907470703125,29.722015380859375,30.04361343383789,7.335222244262695,55.55875778198242,22.14084243774414,15.65644359588623,24.504852294921875,8.714057922363281,-7.465270042419434,6.538394927978516,-0.9732115864753723,22.938180923461914,8.111159324645996,12.65184211730957,20.45623207092285,25.370485305786133,6.713416576385498,31.284038543701172,6.988212585449219,10.31157398223877,-28.79268455505371,-0.6685382723808289,15.291511535644531,2.042999505996704,-5.303767681121826,13.32165241241455,21.93257713317871,7.033787727355957,9.231695175170898,29.95733070373535,31.55491065979004,28.776470184326172,-44.46272277832031,-1.6196887493133545,8.4886474609375,-45.60282897949219,17.99444580078125,2.2213962078094482,-22.760391235351562,10.605955123901367,19.656055450439453,-9.978376388549805,15.074200630187988,44.97148895263672,-55.539283752441406,0.9805988669395447,60.81671142578125,-60.6451530456543,-12.367700576782227,48.977943420410156,-46.30471420288086,-7.628265857696533,54.36500930786133,-26.023469924926758,0.14795735478401184
94,90.71143341064453,5.912021636962891,6.311818599700928,58.84006881713867,3.8804373741149902,20.129680633544922,39.00735855102539,-17.60888671875,15.942909240722656,17.05813217163086,-30.3187313079834,23.211605072021484,-6.701853275299072,-5.648165702819824,14.7169771194458,10.913118362426758,-4.220509052276611,-14.438044548034668,15.548834800720215,14.547921180725098,10.985076904296875,11.08663272857666,32.9631233215332,22.40578842163086,-9.965605735778809,24.15633773803711,29.264196395874023,15.318825721740723,-16.600292205810547,-32.78422546386719,16.446191787719727,-18.996559143066406,-1.3099536895751953,11.020087242126465,-23.887168884277344,21.012210845947266,32.32436752319336,-29.26544952392578,34.96596145629883,35.10715103149414,-28.494640350341797,-40.184295654296875,26.1375789642334,-53.179779052734375,-29.76282501220703,42.20438766479492,-56.45724105834961,-11.131376266479492,57.0820426940918,-43.73707580566406,0.9667184352874756,51.793434143066406,-38.90644836425781,-42.40153884887695,71.76091003417969,-37.96049118041992,-34.96023941040039,63.19387435913086,-37.750823974609375,-17.802339553833008,70.10900115966797,-30.225875854492188,-1.044280767440796
95,90.69776916503906,5.9077935218811035,6.313250541687012,57.042083740234375,14.447220802307129,8.447152137756348,36.710689544677734,-4.799018383026123,17.865232467651367,10.404709815979004,-4.796640872955322,19.89674186706543,-12.466593742370605,16.89613914489746,34.74729537963867,20.36224365234375,6.211655139923096,-37.8524284362793,24.710845947265625,36.099693298339844,-27.48208236694336,27.550457000732422,57.463356018066406,-32.469444274902344,5.622357368469238,64.93768310546875,-28.965747833251953,25.967918395996094,-11.669472694396973,-50.423797607421875,33.973472595214844,14.454889297485352,-34.56966018676758,30.9654598236084,37.194358825683594,-39.61745834350586,34.376373291015625,33.55646514892578,-14.356114387512207,42.80257797241211,-28.925485610961914,-47.804473876953125,24.366348266601562,-37.20513916015625,-28.04572105407715,39.244964599609375,-24.889249801635742,-12.452064514160156,20.654611587524414,-23.001270294189453,3.6571733951568604,55.785858154296875,-42.62763595581055,-41.85023880004883,59.67010498046875,-24.23821258544922,-31.77454376220703,47.25367736816406,-16.142309188842773,-19.61378288269043,34.615081787109375,-14.933090209960938,-7.084775924682617
96,90.69159698486328,5.905879020690918,6.313898086547852,66.2674331665039,30.669973373413086,6.030604362487793,43.33638381958008,49.26569747924805,6.909601211547852,34.47289276123047,73.42176055908203,1.0743956565856934,27.794082641601562,59.10494613647461,-30.03925132751465,14.448478698730469,22.241804122924805,-22.25987434387207,41.907989501953125,27.630590438842773,-37.639610290527344,58.14406967163086,24.604713439941406,-52.354312896728516,56.997947692871094,20.32903480529785,-75.97175598144531,7.68408203125,0.7165935635566711,-21.974300384521484,35.16696548461914,16.184675216674805,-20.10814094543457,40.331199645996094,37.28545379638672,-29.0349178314209,51.35836410522461,55.69451904296875,-14.366373062133789,16.473711013793945,-19.085975646972656,-11.07762336730957,5.9376397132873535,6.778677940368652,-6.711270332336426,18.850975036621094,24.609365463256836,4.761291980743408,28.29153060913086,27.820547103881836,26.03840446472168,24.620115280151367,-32.77314376831055,0.6727758049964905,26.56796646118164,-53.5821418762207,4.901747703552246,29.138708114624023,-35.29477310180664,-0.24146167933940887,30.049100875854492,-15.313089370727539,-0.48318132758140564
97,90.69430541992188,5.906708717346191,6.313616752624512,63.180564880371094,24.87283706665039,15.972213745117188,34.6239013671875,28.67149543762207,22.49345588684082,17.326080322265625,45.9863166809082,32.34791564941406,11.421002388000488,47.40757369995117,-2.113495111465454,8.995391845703125,13.789607048034668,-6.340365409851074,30.40686798095703,35.33064270019531,-16.19933319091797,44.399810791015625,44.54055404663086,-30.645408630371094,39.76553726196289,52.221595764160156,-53.17249298095703,5.696453094482422,-8.050787925720215,-10.955302238464355,29.986268997192383,11.368714332580566,-5.3979644775390625,41.162506103515625,23.632455825805664,-22.020174026489258,45.439117431640625,37.127197265625,-0.4532858729362488,19.158035278320312,-27.844085693359375,-7.068896293640137,1.0807942152023315,-13.529253005981445,9.279290199279785,10.994086265563965,1.122056484222412,26.695693969726562,32.875038146972656,5.266855239868164,28.706985473632812,31.228925704956055,-42.14907455444336,-0.6320332288742065,40.55622100830078,-60.02635955810547,-7.570154666900635,36.986454010009766,-41.37504959106445,-4.938982963562012,31.895376205444336,-24.019792556762695,5.3448567390441895
