frame_id,raw_joint_0,raw_joint_1,raw_joint_2,raw_joint_3,raw_joint_4,raw_joint_5,raw_joint_6,raw_joint_7,raw_joint_8,raw_joint_9,raw_joint_10,raw_joint_11,raw_joint_12,raw_joint_13,raw_joint_14,raw_joint_15,raw_joint_16,raw_joint_17,raw_joint_18,raw_joint_19,raw_joint_20,raw_joint_21,raw_joint_22,raw_joint_23,raw_joint_24,raw_joint_25,raw_joint_26,raw_joint_27,raw_joint_28,raw_joint_29,raw_joint_30,raw_joint_31,raw_joint_32,raw_joint_33,raw_joint_34,raw_joint_35,raw_joint_36,raw_joint_37,raw_joint_38,raw_joint_39,raw_joint_40,raw_joint_41,raw_joint_42,raw_joint_43,raw_joint_44,raw_joint_45,raw_joint_46,raw_joint_47,raw_joint_48,raw_joint_49,raw_joint_50,raw_joint_51,raw_joint_52,raw_joint_53,raw_joint_54,raw_joint_55,raw_joint_56,raw_joint_57,raw_joint_58,raw_joint_59,raw_joint_60,raw_joint_61,raw_joint_62
0,-0.42424336075782776,-0.19274577498435974,-0.20230919122695923,-0.40318554639816284,0.14595890045166016,0.8721166849136353,-0.08212891966104507,-1.9113982915878296,0.9099586009979248,0.2638126015663147,-0.49699294567108154,0.45426759123802185,-0.927941083908081,-2.746614456176758,-9.869888305664062,-0.2631402015686035,0.3899628818035126,0.2295314073562622,0.46596214175224304,-0.8211174011230469,1.3313207626342773,0.7261649966239929,-1.5986618995666504,0.6406586766242981,-1.6998333930969238,-2.268372058868408,-1.273110032081604,-0.12942810356616974,-0.1367807239294052,-0.0007243485888466239,2.471003293991089,-3.509965658187866,1.6117783784866333,-0.07939796894788742,-0.7518274784088135,0.29670795798301697,0.8731969594955444,-0.7595875263214111,0.8507841229438782,0.027775021269917488,1.2289600372314453,0.05539458245038986,1.6339648962020874,-3.182281017303467,3.684607744216919,0.29543808102607727,-0.15282434225082397,1.317331075668335,0.10552871227264404,0.16872504353523254,1.1558482646942139,0.19969508051872253,0.14525949954986572,0.1026315689086914,-0.02589472010731697,-0.3395252525806427,0.13760235905647278,-0.06176159158349037,-0.7764714956283569,0.4501088559627533,0.8457123041152954,0.280347615480423,1.706168532371521
1,-0.31333741545677185,-0.36209920048713684,-0.02588886022567749,0.4918365180492401,-0.22852864861488342,0.5902088284492493,-0.03594248741865158,-1.9435293674468994,0.9617468118667603,0.2662903070449829,-0.4644380807876587,0.5034789443016052,-0.44216227531433105,-3.2118053436279297,-1.8480606079101562,-0.259568452835083,0.30282050371170044,0.18781369924545288,0.4787515103816986,-0.5770755410194397,1.3670876026153564,-0.5314163565635681,-1.914915919303894,0.07972666621208191,-3.9302561283111572,-1.5580246448516846,-4.825951099395752,-0.13409624993801117,-0.14484594762325287,-0.0013513037702068686,2.0686709880828857,-3.4573981761932373,1.6787490844726562,-0.06566528230905533,-0.7853946685791016,0.31570959091186523,0.9316941499710083,-0.911458432674408,0.7783910632133484,0.02755335532128811,1.2657922506332397,0.09168291836977005,-0.2162761688232422,-4.232480525970459,4.884820461273193,0.275727778673172,-0.2413516342639923,1.3684738874435425,0.32775047421455383,0.27450549602508545,1.2532756328582764,0.2479797750711441,0.1293659806251526,0.03865540027618408,-0.014819320291280746,-0.35627996921539307,0.16432270407676697,-0.047093600034713745,-0.7790864706039429,0.4748798906803131,-0.537300705909729,-1.0529738664627075,0.8547738790512085
2,-0.3286990225315094,-0.2273898869752884,-0.07461875677108765,-0.2409554123878479,-0.6768283843994141,1.2765414714813232,-0.03705897182226181,-1.9700050354003906,0.9554587602615356,0.26585501432418823,-0.4878636598587036,0.48006904125213623,-0.4057226777076721,-3.1770341396331787,-1.7970199584960938,-0.23369690775871277,0.3971329629421234,0.2068144977092743,0.5114067792892456,-0.6527233123779297,1.3202613592147827,-0.4939975440502167,-1.8019514083862305,0.13213081657886505,-3.840646266937256,-1.6014115810394287,-4.67405366897583,-0.1341247260570526,-0.14551767706871033,0.001634585321880877,2.2109954357147217,-3.3954226970672607,1.6623362302780151,-0.06911502033472061,-0.7852985262870789,0.31634044647216797,-0.2151859551668167,-1.1141836643218994,0.2590586245059967,0.025008460506796837,1.2619261741638184,0.11071797460317612,-0.057884931564331055,-4.0992112159729,4.818525791168213,0.297951877117157,-0.28352200984954834,1.3794665336608887,0.3329008221626282,0.38350075483322144,1.1603319644927979,0.26825034618377686,0.13097847998142242,0.06507301330566406,-0.015244361013174057,-0.36568304896354675,0.19178912043571472,-0.06105929985642433,-0.8010934591293335,0.48322299122810364,-0.5742502212524414,-1.0869154930114746,0.8603055477142334
3,-0.27363160252571106,-0.33368441462516785,-0.04519301652908325,-0.2432180941104889,-0.05959360674023628,0.9606533646583557,-0.03768303245306015,-1.942136287689209,0.9635113477706909,0.26158028841018677,-0.4756142497062683,0.48648661375045776,-0.3727666139602661,-3.1353049278259277,-1.7867636680603027,-0.2277100682258606,0.31654033064842224,0.24691614508628845,0.4390474855899811,-0.5774531364440918,1.365251898765564,-0.5451601147651672,-1.8614835739135742,0.10038316249847412,-3.8890764713287354,-1.574952483177185,-4.695313453674316,-0.13208645582199097,-0.14370587468147278,0.0028433133848011494,2.116124391555786,-3.3577394485473633,1.6701675653457642,-0.06373368948698044,-0.7922760248184204,0.30953094363212585,0.911562442779541,-0.8929814696311951,0.8210278749465942,0.01595119573175907,1.2532325983047485,0.09907212108373642,-0.13172730803489685,-4.132384300231934,4.834778785705566,0.29344189167022705,-0.22793492674827576,1.353904366493225,0.33699238300323486,0.3192901015281677,1.1631567478179932,0.2854589819908142,0.14185214042663574,0.046331748366355896,-0.015636395663022995,-0.3663884103298187,0.1718735694885254,-0.05058779567480087,-0.7881196737289429,0.4714702069759369,-0.5498505234718323,-1.0648677349090576,0.8422614336013794
4,-0.31715625524520874,-0.37972891330718994,0.03389012813568115,-0.2408345639705658,-0.717947781085968,1.2456977367401123,-0.049012891948223114,-1.9318281412124634,0.9575256109237671,0.2558823227882385,-0.48082518577575684,0.4695410430431366,-0.30622145533561707,-3.134164810180664,-1.8002729415893555,-0.23497945070266724,0.3163619339466095,0.23612087965011597,0.5004369616508484,-0.6305899620056152,1.3461732864379883,-0.529271125793457,-1.863103985786438,0.17182733118534088,-3.788892984390259,-1.6215802431106567,-4.610598564147949,-0.12865400314331055,-0.13872268795967102,0.0036497176624834538,2.085115432739258,-3.4892425537109375,1.6398361921310425,-0.06529781967401505,-0.7984558343887329,0.30912458896636963,0.8901501297950745,-0.8762052655220032,0.8047746419906616,0.01779121346771717,1.2242478132247925,0.09521014988422394,-0.24744296073913574,-4.173011302947998,4.835143566131592,0.2773573696613312,-0.2538944482803345,1.3717396259307861,0.32660719752311707,0.3451099097728729,1.2773743867874146,0.29364049434661865,0.11018313467502594,0.04533278942108154,0.009928133338689804,-0.3484097421169281,0.18758049607276917,-0.02492421492934227,-0.764520525932312,0.48774614930152893,0.8616399765014648,0.22531592845916748,1.9003688097000122
5,-0.29937291145324707,-0.41724827885627747,0.0062253475189208984,-0.28604552149772644,-0.13461120426654816,0.966187059879303,-0.05896373838186264,-1.9180256128311157,0.9434460401535034,0.25338566303253174,-0.47619760036468506,0.4799509644508362,-0.35349416732788086,-3.169092893600464,-1.7633428573608398,-0.23687881231307983,0.3238268196582794,0.2296677827835083,0.49528756737709045,-0.675358235836029,1.3164927959442139,-0.5247669219970703,-1.8289602994918823,0.15204662084579468,-3.802166223526001,-1.608041763305664,-4.626867294311523,-0.1326839178800583,-0.14406795799732208,0.0019232170889154077,2.040133237838745,-3.501305103302002,1.6949048042297363,-0.06480640918016434,-0.7961047291755676,0.3129357397556305,0.8982563614845276,-0.8948531746864319,0.7960848808288574,-0.0033524297177791595,1.2299126386642456,0.08846873044967651,-0.2719400227069855,-4.207555770874023,4.857998371124268,0.28456130623817444,-0.27380555868148804,1.3577913045883179,0.35590502619743347,0.24754935503005981,1.157299518585205,0.2793245315551758,0.12629421055316925,0.04635205864906311,-0.004317503422498703,-0.3614879548549652,0.1818690001964569,-0.04065375030040741,-0.7875381708145142,0.46972623467445374,-0.5342381000518799,-1.0575429201126099,0.8388795852661133
6,-0.23794087767601013,-0.2639990746974945,-0.04385584592819214,-0.2754080593585968,-0.05873451009392738,0.9284860491752625,-0.015146948397159576,-1.9903059005737305,0.9486070871353149,0.2538105845451355,-0.5007177591323853,0.46913042664527893,-0.4030793309211731,-3.1986610889434814,-1.8157448768615723,-0.23644572496414185,0.34598299860954285,0.19335123896598816,0.46211954951286316,-0.5849011540412903,1.3427526950836182,-0.5271224975585938,-1.7872568368911743,0.17323079705238342,-3.796238899230957,-1.6217244863510132,-4.730287075042725,-0.13292714953422546,-0.14601296186447144,0.003857510630041361,2.0165817737579346,-3.362748622894287,1.6670889854431152,-0.05876947194337845,-0.791811466217041,0.3285118341445923,-0.22214986383914948,-1.086273193359375,0.23122334480285645,-0.01906180940568447,1.298044204711914,0.10283013433218002,-0.262222558259964,-4.119410037994385,4.865009784698486,0.28192150592803955,-0.2618252635002136,1.367719292640686,0.48251184821128845,0.33249586820602417,1.216610312461853,0.2959602475166321,0.10749364644289017,0.018479730933904648,-0.03448720648884773,-0.4064411520957947,0.16858962178230286,-0.07986953854560852,-0.8422161340713501,0.4491982161998749,-0.6029139757156372,-1.132285237312317,0.8176198601722717
7,-0.24643316864967346,-0.14791543781757355,-0.1050613522529602,-0.33690381050109863,-0.012647632509469986,0.8471624851226807,-0.09986170381307602,-1.9151040315628052,0.9367403984069824,0.24183057248592377,-0.4913618564605713,0.4770880341529846,-0.36592480540275574,-3.1198222637176514,-1.740985631942749,-0.25379475951194763,0.2955282926559448,0.20365753769874573,0.4357958137989044,-0.5680768489837646,1.3189820051193237,-0.5019333362579346,-1.850449562072754,0.21306270360946655,-3.5754077434539795,-1.759079098701477,-4.562264919281006,-0.08735895901918411,-0.057959090918302536,-0.09712487459182739,1.9891912937164307,-3.448622941970825,1.6145884990692139,-0.06108727306127548,-0.7892916202545166,0.3133910000324249,0.8525033593177795,-0.8918941020965576,0.8523815274238586,-0.018435033038258553,1.2932255268096924,0.12820756435394287,-0.34951555728912354,-4.181674003601074,4.802257061004639,0.2640342116355896,-0.2933013141155243,1.3588584661483765,0.42473477125167847,0.4276321828365326,1.2068125009536743,0.3114883303642273,0.07670694589614868,0.03107544779777527,-0.03598945587873459,-0.4005053639411926,0.16482612490653992,-0.09333953261375427,-0.8489567041397095,0.44574788212776184,-0.6424893140792847,-1.149680256843567,0.8186079859733582
8,-0.23447918891906738,-0.11687687039375305,-0.09297871589660645,-0.3279944956302643,0.0019805775955319405,0.8187441825866699,-0.05775470286607742,-1.9149631261825562,0.9495383501052856,0.2511783838272095,-0.4881235361099243,0.47439131140708923,-0.5018091797828674,-3.155637741088867,-1.7852108478546143,-0.25126373767852783,0.2849075198173523,0.2554447650909424,0.3598925769329071,-0.4955623745918274,1.353181004524231,-0.5111637711524963,-1.8858445882797241,0.20109911262989044,-3.5442004203796387,-1.8367091417312622,-4.554188251495361,-0.08375664800405502,-0.056133564561605453,-0.09290730208158493,2.024733781814575,-3.396167278289795,1.5616850852966309,0.034967198967933655,-0.853956937789917,0.1335815191268921,0.9080228209495544,-0.9400891065597534,0.8092566132545471,-0.021593786776065826,1.2932268381118774,0.11835921555757523,-0.32362619042396545,-4.155247688293457,4.830758094787598,0.26523083448410034,-0.27862632274627686,1.336794137954712,0.49330905079841614,0.5010250210762024,1.1254799365997314,0.27726835012435913,0.11182840913534164,0.04258376359939575,-0.051479898393154144,-0.4183000326156616,0.1697288453578949,-0.11159400641918182,-0.8485212326049805,0.44441160559654236,-0.6896705031394958,-1.1489572525024414,0.8082796931266785
9,-0.22098341584205627,-0.0791286751627922,0.01578730344772339,-0.20348632335662842,0.07840536534786224,0.8728594183921814,-0.07642055302858353,-1.9228060245513916,0.9758847951889038,0.23826608061790466,-0.4908408522605896,0.44505220651626587,-0.42590075731277466,-3.1222734451293945,-1.7305469512939453,-0.27653899788856506,0.22646310925483704,0.22196057438850403,0.26528218388557434,-0.46396952867507935,1.4700034856796265,-0.512486457824707,-1.9590682983398438,0.19647186994552612,1.226025938987732,-2.9956068992614746,-4.197348594665527,-0.12364926934242249,-0.13867147266864777,0.008249199949204922,2.0854103565216064,-3.5520665645599365,1.5162856578826904,-0.03472922742366791,-0.7535648345947266,0.30719125270843506,0.9391345381736755,-0.8768618702888489,0.8501814007759094,-0.004373644478619099,1.2198230028152466,0.10180673748254776,-0.2839767634868622,-4.213204383850098,4.773619651794434,0.2682802379131317,-0.26460155844688416,1.3139539957046509,0.4201033115386963,0.5920813083648682,0.9982669949531555,0.3058108687400818,0.1232530027627945,0.05150800198316574,0.007210005074739456,-0.39458686113357544,0.20382577180862427,-0.05988752469420433,-0.8024123907089233,0.47639861702919006,0.8706653118133545,0.015956595540046692,0.47838854789733887
10,-0.3149884343147278,-0.07379797101020813,-0.4347314238548279,-0.5119896531105042,-0.004792633932083845,0.6023046374320984,-0.04681099206209183,-1.99591064453125,0.9756087064743042,0.2599674463272095,-0.4856851100921631,0.4471222460269928,-0.3644448518753052,-3.1509807109832764,-1.8492779731750488,-0.29958227276802063,0.3486552834510803,0.21095404028892517,0.33959999680519104,-0.6109665036201477,1.4362930059432983,-0.4213401973247528,-2.185668468475342,0.13345369696617126,1.2283859252929688,-3.019684314727783,-4.27042818069458,-0.1621667593717575,-0.12740567326545715,-0.13629727065563202,1.971710205078125,-3.7553513050079346,1.5448250770568848,0.9474779367446899,-1.0627706050872803,-0.15853877365589142,0.9645376205444336,-1.0280343294143677,0.8480369448661804,0.04711713641881943,1.2180156707763672,0.18571019172668457,-0.5009520649909973,-4.399504661560059,4.808372497558594,0.18802951276302338,-1.0332229137420654,0.09587203711271286,0.058083511888980865,0.3390289545059204,1.0073480606079102,-0.5228669047355652,-0.6598736643791199,0.10711017996072769,0.001796480268239975,-0.47827738523483276,0.18137353658676147,-0.04918639361858368,-0.8713418245315552,0.44444388151168823,0.6359056234359741,0.017810866236686707,1.687277913093567
11,-0.3865962326526642,-0.08715508878231049,-0.3547632694244385,0.35462650656700134,-0.1288144737482071,0.7562752962112427,-5.113885879516602,-2.870551109313965,2.2330820560455322,0.298514723777771,-0.4316580295562744,0.5243656039237976,-1.9378474950790405,-3.770092725753784,-5.037711143493652,-0.23442381620407104,-0.034488141536712646,-0.8770621418952942,1.5075668096542358,-1.9626119136810303,-1.0079437494277954,-0.922569215297699,-2.874485492706299,0.3053160607814789,1.273629903793335,-3.121398448944092,-4.42515754699707,-0.09103724360466003,-0.06504280120134354,-0.09972752630710602,1.560935139656067,-2.9409375190734863,1.838736653327942,1.5155080556869507,2.7751126289367676,-1.8221609592437744,1.8370131254196167,-2.50045108795166,-0.08811423182487488,0.05889833718538284,1.1891134977340698,0.14804771542549133,-0.33010032773017883,-3.832746744155884,5.006062030792236,0.2134334295988083,-0.9588741064071655,0.13702502846717834,-0.07853984087705612,0.2242925465106964,0.8647704720497131,-0.584494411945343,-0.6698429584503174,0.17644093930721283,0.2847530245780945,0.07201085239648819,0.16721278429031372,0.04428766295313835,-0.7399035692214966,0.3598445951938629,-0.883556067943573,-1.1462136507034302,0.502651572227478
12,-0.671747624874115,0.09633828699588776,-0.9643407464027405,0.3197501301765442,-0.2207440584897995,0.7606215476989746,-5.247294902801514,-3.0331649780273438,2.201068162918091,-1.8825054168701172,-5.173925399780273,0.3848242163658142,-2.298095703125,-2.905367851257324,-6.880211353302002,-0.2734644412994385,0.048502929508686066,-0.7407880425453186,0.5677523016929626,-0.523221492767334,1.948221206665039,-0.8192387819290161,-2.8048150539398193,0.1646711230278015,1.3609344959259033,-3.110776662826538,-4.511979103088379,-0.08171764016151428,-0.059998348355293274,-0.09492102265357971,1.3520195484161377,-2.99357008934021,1.8661555051803589,0.8076078295707703,-1.1964737176895142,-4.682705402374268,2.0428452491760254,-2.5620598793029785,-0.24753406643867493,0.1247759759426117,1.3734769821166992,0.10361006110906601,-0.6203102469444275,-3.9921958446502686,5.185622215270996,0.5469267964363098,0.04274323582649231,0.530636191368103,0.04613979533314705,0.17386117577552795,0.7803264260292053,-0.5868746638298035,-0.7411075830459595,0.11171246320009232,0.16323593258857727,-0.7761539816856384,0.2971367835998535,-0.023669619113206863,-0.8345247507095337,0.3694528639316559,0.9939579367637634,0.09381222724914551,1.0008130073547363
13,-0.017841460183262825,-0.807874321937561,0.5206151008605957,0.3589271306991577,-0.18477021157741547,0.6686146259307861,-5.263367176055908,-3.1233935356140137,2.165097236633301,-1.8501183986663818,-4.466626167297363,2.198845863342285,-0.838297426700592,-1.638623595237732,-8.012741088867188,-0.23910468816757202,-0.0029659122228622437,-0.7275819182395935,0.6426489353179932,-0.7555453777313232,2.05222487449646,-0.06808572262525558,-0.37775346636772156,2.407442808151245,1.3686469793319702,-3.044715166091919,-4.49263858795166,-0.09882966428995132,-0.06708088517189026,-0.11166661232709885,1.4997518062591553,-2.9095611572265625,1.8016310930252075,0.7611497640609741,-1.103649616241455,-4.4596405029296875,1.1297889947891235,-0.9893434047698975,0.6388351917266846,0.14721515774726868,1.3255149126052856,0.09609640389680862,-0.42749425768852234,-3.950780153274536,5.016953468322754,0.33981412649154663,-0.94416344165802,0.9478686451911926,0.9436196684837341,-0.15841326117515564,1.943137288093567,-0.524772047996521,-0.6342452764511108,0.14808237552642822,0.19318285584449768,-0.8164727687835693,0.22678318619728088,0.02572641894221306,-0.7593115568161011,0.32802054286003113,0.902031421661377,0.3347131907939911,1.0017266273498535
14,0.11237192898988724,-0.22665935754776,0.6269277334213257,-0.16523990035057068,-0.1615971028804779,1.2204484939575195,-5.332123279571533,-3.0449960231781006,2.22922420501709,-1.963836908340454,-5.235604286193848,0.36125004291534424,-0.6360680460929871,-2.12271785736084,-8.321678161621094,-0.029582452028989792,-0.17612405121326447,0.34853771328926086,0.6200844049453735,-0.7276545763015747,1.869122862815857,0.10089000314474106,-0.2531588673591614,2.275043249130249,1.4994621276855469,-3.3077011108398438,-4.658539295196533,-0.1015797033905983,-0.06766529381275177,-0.10973124951124191,1.353800654411316,-3.2100133895874023,1.6477128267288208,0.9285978674888611,-0.5515606999397278,0.44133129715919495,0.08028343319892883,-1.1712976694107056,1.2669875621795654,0.06907308101654053,1.420244812965393,0.04687734693288803,-0.27862364053726196,-4.2475104331970215,4.788515090942383,0.3636745512485504,-0.7505574226379395,1.0182160139083862,0.9757362008094788,-0.1916424036026001,2.0350422859191895,-0.46579790115356445,-0.3394157290458679,0.5691652297973633,0.30852094292640686,-0.6764576435089111,0.2173515260219574,0.022644512355327606,-0.7478787899017334,0.3938829004764557,1.1403496265411377,-0.12053906917572021,1.0720539093017578
15,-0.674708366394043,-0.25052401423454285,-0.5263704657554626,-0.049030885100364685,-0.09106258302927017,1.2773663997650146,-5.315974712371826,-3.0078718662261963,2.255706787109375,-2.083277702331543,-5.2633280754089355,0.34609439969062805,-0.550898015499115,-2.239109516143799,-8.3201322555542,-0.019995104521512985,-0.054390303790569305,0.3013310432434082,0.5060548782348633,-0.7050549983978271,1.5494508743286133,0.6518134474754333,-0.4192269742488861,2.7029969692230225,1.4746321439743042,-3.208378791809082,-4.63896369934082,-0.0031152176670730114,-0.0035086858551949263,0.0014309888938441873,1.3590929508209229,-3.8708384037017822,1.2657155990600586,0.797220766544342,-0.7026590704917908,0.47275248169898987,0.06302930414676666,-1.2156509160995483,1.2069902420043945,-0.06066327542066574,-0.0442938469350338,-0.06861704587936401,-0.3314261734485626,-4.319409370422363,4.716521263122559,0.5386825799942017,0.2236604392528534,0.6238797307014465,0.9869862794876099,-0.32725682854652405,2.169070243835449,-0.2575499415397644,-0.2945788502693176,0.17442962527275085,0.024180367588996887,-0.5252823829650879,0.2814142405986786,-0.045678768306970596,-0.8104273080825806,0.42441198229789734,1.027337670326233,-0.08963388204574585,1.0493272542953491
16,0.6019396781921387,0.021175948902964592,0.7285493612289429,0.1402716040611267,0.06314987689256668,1.2776395082473755,-5.146297931671143,-2.72798228263855,2.725375175476074,-1.997380256652832,-4.251541614532471,3.4983181953430176,-2.1378026008605957,-3.0278401374816895,-5.420873165130615,0.08014531433582306,-0.030790239572525024,0.28019294142723083,1.4635508060455322,-3.496638298034668,-1.0423212051391602,0.6938173770904541,0.09209004789590836,3.1982572078704834,1.6974576711654663,-3.2597639560699463,-4.7821879386901855,-0.09422667324542999,-0.0633571669459343,-0.10650806128978729,0.9863263964653015,0.1487082540988922,0.05666143447160721,0.5741258859634399,-0.38281598687171936,0.6859740018844604,-0.06512676179409027,-0.6444843411445618,1.1615583896636963,-0.1251879781484604,0.18927457928657532,0.4569961726665497,-0.30619877576828003,-3.909022569656372,5.097600936889648,0.7855634093284607,-0.06767276674509048,-0.2374829351902008,0.5266847610473633,0.11498367786407471,1.7768630981445312,-0.2093740850687027,0.10195276886224747,1.1215769052505493,0.07034805417060852,-0.09789591282606125,0.3152903914451599,-0.00894308090209961,-0.17277607321739197,0.5353625416755676,2.1246495246887207,0.6057242155075073,-0.08426728844642639
17,0.6019396781921387,0.021175948902964592,0.7285493612289429,0.1402716040611267,0.06314987689256668,1.2776395082473755,-5.146297931671143,-2.72798228263855,2.725375175476074,-1.997380256652832,-4.251541614532471,3.4983181953430176,-2.1378026008605957,-3.0278401374816895,-5.420873165130615,0.08014531433582306,-0.030790239572525024,0.28019294142723083,1.4635508060455322,-3.496638298034668,-1.0423212051391602,0.6938173770904541,0.09209004789590836,3.1982572078704834,1.6974576711654663,-3.2597639560699463,-4.7821879386901855,-0.09422667324542999,-0.0633571669459343,-0.10650806128978729,0.9863263964653015,0.1487082540988922,0.05666143447160721,0.5741258859634399,-0.38281598687171936,0.6859740018844604,-0.06512676179409027,-0.6444843411445618,1.1615583896636963,-0.1251879781484604,0.18927457928657532,0.4569961726665497,-0.30619877576828003,-3.909022569656372,5.097600936889648,0.7855634093284607,-0.06767276674509048,-0.2374829351902008,0.5266847610473633,0.11498367786407471,1.7768630981445312,-0.2093740850687027,0.10195276886224747,1.1215769052505493,0.07034805417060852,-0.09789591282606125,0.3152903914451599,-0.00894308090209961,-0.17277607321739197,0.5353625416755676,2.1246495246887207,0.6057242155075073,-0.08426728844642639
18,0.9764935970306396,0.5183111429214478,0.692394495010376,-0.28108352422714233,-0.8131605982780457,0.9349244236946106,-5.774664878845215,-3.041379690170288,2.7392101287841797,-2.344189167022705,-4.434408664703369,3.5471701622009277,-1.633459448814392,-1.7443780899047852,-2.3257384300231934,-0.6818807721138,-0.3495759665966034,-0.08668025583028793,0.07605312764644623,-1.1061985492706299,-0.17386677861213684,-0.6089659929275513,0.5876944661140442,1.7749042510986328,1.8684922456741333,-3.1812362670898438,-4.8076043128967285,-0.01043974794447422,-0.02092764899134636,-0.016350172460079193,1.6780660152435303,-3.082458972930908,1.3496514558792114,0.9925470948219299,-0.288611501455307,0.723932147026062,-0.04012022912502289,-1.1194418668746948,1.3856507539749146,-0.09609884023666382,0.7079453468322754,-0.05720486119389534,-0.4209759831428528,-3.9467880725860596,4.863461494445801,-5.271240234375,1.0666109323501587,-7.345823764801025,17.259265899658203,-1.9856927394866943,2.11281418800354,0.2690451741218567,0.2782667279243469,-0.23717574775218964,-0.1407703310251236,-0.26333439350128174,0.22877207398414612,-0.18195714056491852,-0.4703349769115448,0.5604280829429626,-0.5637232065200806,-0.5953845977783203,0.9359725713729858
19,0.3880719840526581,0.15817055106163025,1.006204605102539,-0.26412343978881836,-0.7368468046188354,0.9064727425575256,-6.051724433898926,-3.323223829269409,2.7595009803771973,-2.5060272216796875,-4.5084452629089355,3.4916512966156006,-2.130037784576416,-3.6744048595428467,-5.765538215637207,-0.5269026756286621,-0.4609068036079407,-0.06560984998941422,0.08771205693483353,-0.048359163105487823,2.396034002304077,-0.9044774770736694,0.9567091464996338,1.6353129148483276,1.7328852415084839,-3.270965814590454,-5.003213405609131,-0.14709334075450897,-0.16211314499378204,-0.003208161797374487,1.2771211862564087,-3.023010730743408,1.7030638456344604,0.4690761864185333,-1.213809847831726,0.8531576991081238,0.31273841857910156,1.3380131721496582,0.7979952692985535,-1.5260858535766602,1.3469411134719849,-0.07458766549825668,-1.1798381805419922,-4.234851837158203,5.25679874420166,1.2600913047790527,-0.1974186897277832,-0.2339363396167755,0.4261249601840973,-0.1029902771115303,1.8164664506912231,0.3093261122703552,0.39436429738998413,-0.22932159900665283,-0.15137071907520294,-0.28061744570732117,0.226557195186615,-0.22530588507652283,-0.5027484893798828,0.557464599609375,0.9240691661834717,-0.028477385640144348,0.6743261814117432
20,0.3440825045108795,0.18878214061260223,0.9760505557060242,-0.1142205148935318,-0.3772158622741699,0.8248820304870605,-6.356565952301025,-3.9673964977264404,2.6109554767608643,0.13250672817230225,-0.5556467771530151,1.205822229385376,0.7135640978813171,-0.7042353749275208,-0.2446068376302719,0.13383954763412476,0.11502569168806076,0.45400020480155945,1.680650234222412,-3.876516103744507,-0.9791936874389648,1.7976325750350952,-2.4329380989074707,-1.6159275770187378,1.6646233797073364,-3.342905282974243,-5.354792594909668,-0.3060515224933624,-0.20410004258155823,-0.1290670782327652,2.0518381595611572,-0.9802178740501404,2.4246366024017334,0.39576178789138794,-0.6876555681228638,0.2003839910030365,0.5937754511833191,-1.1805646419525146,0.4885600209236145,-4.134841442108154,0.13797156512737274,1.2382146120071411,-2.3163886070251465,-4.272817134857178,5.65158224105835,0.8691591620445251,5.1909990310668945,-10.035345077514648,17.08172607421875,-1.561594009399414,2.117676019668579,-5.055690765380859,-2.0589590072631836,4.099958419799805,0.7399219274520874,-0.6442335844039917,-0.2663803994655609,-0.13203370571136475,-0.6440384387969971,0.7175078988075256,-0.6342334747314453,-0.9864292144775391,1.4374932050704956
21,0.6459358930587769,0.25345319509506226,0.8755356073379517,0.6293445825576782,-0.0692807137966156,1.050684928894043,-6.325145244598389,-3.6448287963867188,2.7091903686523438,0.08168581873178482,-0.2642661929130554,1.355369210243225,-1.9964975118637085,0.5189576745033264,-5.30120849609375,0.21759839355945587,-0.011767059564590454,0.479292094707489,-0.5512269735336304,-0.7758695483207703,0.5236007571220398,1.8880805969238281,-2.355525016784668,-1.6142184734344482,1.90572190284729,-3.19404935836792,-5.174923419952393,0.027867505326867104,0.014190293848514557,-0.006595874670892954,2.5495076179504395,-0.6311224699020386,2.7374989986419678,-2.2400641441345215,11.182921409606934,1.8659108877182007,1.0823326110839844,1.3871718645095825,1.6315510272979736,-4.184381484985352,0.19079719483852386,1.1592916250228882,-1.5527905225753784,-4.160527229309082,5.392491340637207,0.8728715181350708,5.20833683013916,-9.636966705322266,16.81565284729004,-1.5704805850982666,1.9865504503250122,0.4980756640434265,0.418302446603775,-0.33880627155303955,0.9454035758972168,-0.8078827261924744,-0.2502082884311676,-0.3173324763774872,-0.7752102613449097,0.7804161906242371,-0.9282391667366028,-1.202940583229065,1.6320140361785889
22,0.40422990918159485,0.1476687639951706,0.8563235402107239,0.5518635511398315,-0.12022344022989273,0.9198217391967773,-6.0912370681762695,-3.676722288131714,2.8191568851470947,0.15485219657421112,-0.34234684705734253,1.3764241933822632,-1.9510973691940308,0.2173008769750595,-5.135103702545166,0.21955643594264984,0.0136517733335495,0.3311784863471985,1.7611767053604126,-3.245021343231201,-1.3708657026290894,-0.6057853698730469,0.6631163954734802,2.4828274250030518,1.92434823513031,-3.2760000228881836,-5.2121052742004395,0.02883039601147175,0.01343785971403122,-0.008589076809585094,0.9941337704658508,-0.3526780307292938,2.437396287918091,-2.385955333709717,11.512601852416992,1.7411068677902222,1.1053999662399292,1.4969894886016846,1.6542847156524658,-4.132692813873291,0.1723596602678299,1.2337943315505981,-1.807428240776062,-4.285037040710449,5.485004901885986,0.9185974597930908,5.207919597625732,-9.85699462890625,17.989212036132812,-1.7936261892318726,2.211069107055664,0.42581743001937866,0.3594459295272827,-0.33266445994377136,0.8426567912101746,-0.8640207648277283,-0.30060046911239624,-0.37309059500694275,-0.7971352338790894,0.9242582321166992,-1.173240065574646,-1.2262113094329834,1.7245814800262451
23,0.642900288105011,0.22957758605480194,0.8895650506019592,0.5173122882843018,-0.44277286529541016,0.9823783040046692,-6.109425067901611,-3.6636428833007812,2.918030023574829,0.1914808303117752,-0.276641845703125,1.3268367052078247,-1.8834623098373413,0.7620593309402466,-5.316819667816162,0.19057229161262512,-0.12665307521820068,0.4065583348274231,-0.590186357498169,-0.738324761390686,0.41790688037872314,2.0139899253845215,-2.365368127822876,-1.6871379613876343,1.9812781810760498,-3.264841318130493,-5.1775054931640625,0.03311880677938461,0.015848718583583832,-0.002051273360848427,1.222956657409668,-0.2743673622608185,2.26196551322937,-1.9557557106018066,11.002893447875977,2.0601084232330322,1.405543327331543,1.4867855310440063,1.9917141199111938,-4.17927885055542,0.18847990036010742,1.2037041187286377,-1.9068913459777832,-4.151488780975342,5.433900833129883,0.6939718723297119,5.310552597045898,-9.806757926940918,15.54227066040039,-1.0784555673599243,1.832952618598938,0.3906453251838684,0.3102544844150543,-0.2956963777542114,0.8053943514823914,-0.9659445285797119,-0.25055286288261414,-0.422909140586853,-0.9028321504592896,1.0177085399627686,-1.2340439558029175,-1.39381742477417,1.8714929819107056
24,0.6501797437667847,0.26275762915611267,0.9090676307678223,0.4623258709907532,-0.3406943678855896,1.2017641067504883,-6.248140811920166,-3.6549150943756104,2.839184284210205,0.14821942150592804,-0.4113944172859192,1.3558787107467651,-2.162193775177002,-2.2425217628479004,-5.779428482055664,0.1203874945640564,-0.13025109469890594,0.5418619513511658,1.7774989604949951,-3.3633456230163574,-1.361737608909607,-0.042329736053943634,-0.591406524181366,1.3879725933074951,1.9641947746276855,-3.216885805130005,-5.237171649932861,0.0034546367824077606,0.012996034696698189,-0.013661081902682781,1.2986679077148438,-0.3209640383720398,2.223219633102417,-1.633331060409546,10.583915710449219,2.4482412338256836,2.0491297245025635,-1.713291883468628,0.24136774241924286,-4.196367263793945,0.1945592761039734,1.2053829431533813,-1.957287311553955,-4.013324737548828,5.348220348358154,0.9669830799102783,5.178528308868408,-9.720696449279785,11.410591125488281,0.13504204154014587,1.1814632415771484,0.4706553816795349,0.383377343416214,-0.3139272928237915,0.8971494436264038,-0.8861672878265381,-0.19295218586921692,-0.4890257716178894,-0.9821009635925293,0.9004867076873779,-1.3093507289886475,-1.557093858718872,1.8111344575881958
25,0.6045399904251099,0.3611539304256439,0.9010239839553833,-0.3011137545108795,-0.43818819522857666,0.8291791677474976,-6.295782089233398,-3.4389681816101074,2.741241455078125,0.10584992170333862,-0.511432409286499,1.359645962715149,-0.008778758347034454,-1.3682887554168701,-0.09822291135787964,0.22067376971244812,0.11180945485830307,0.544684648513794,0.5235134363174438,-0.8594434857368469,0.5639101266860962,2.0401041507720947,-2.3327624797821045,-1.7032344341278076,2.0411148071289062,-3.113476514816284,-5.15330696105957,-0.15668173134326935,-0.1751062124967575,-0.006416331510990858,1.334068775177002,-0.1511511355638504,2.1134369373321533,0.4371018707752228,-0.08572323620319366,0.264117032289505,1.1688039302825928,1.2550212144851685,1.3646818399429321,-1.702126145362854,1.2315419912338257,-0.014748737215995789,-1.9803364276885986,-3.903263568878174,5.549452781677246,0.47107943892478943,4.421348571777344,-9.972082138061523,13.672384262084961,-0.4494456946849823,1.4450985193252563,0.09576664865016937,0.85954749584198,0.8604894280433655,-0.17493276298046112,-0.645271360874176,0.16746598482131958,-0.40065398812294006,-0.727447509765625,0.9885285496711731,-0.996706485748291,-1.141277551651001,1.8665138483047485
26,0.6373463273048401,0.4465620517730713,0.9506796002388,0.49952536821365356,-0.011707466095685959,1.126265287399292,-5.931497097015381,-3.189218044281006,3.0106568336486816,-2.502828598022461,-4.4287567138671875,3.3339478969573975,-0.43782365322113037,-1.446600079536438,-7.909758567810059,0.26584094762802124,0.1654038429260254,0.46142578125,1.3856183290481567,-4.332213878631592,-0.8299477696418762,0.4198117256164551,0.011535494588315487,1.2390538454055786,0.6867091059684753,3.6330084800720215,4.212892532348633,-0.04955187067389488,-0.03495602309703827,-0.06744146347045898,1.2964322566986084,0.1875288337469101,2.110895872116089,-2.6096701622009277,11.405055046081543,2.2493181228637695,2.013465166091919,-1.6014522314071655,0.2326020747423172,0.3027414381504059,0.39250144362449646,-0.05229689180850983,-1.57334566116333,-3.5495545864105225,5.435043811798096,0.2877078056335449,4.524004936218262,-9.957385063171387,-0.20956295728683472,-1.5291234254837036,1.3720781803131104,-0.30454474687576294,-1.035585641860962,0.5414726138114929,-5.753410339355469,3.756667137145996,-1.4643357992172241,-0.14926274120807648,-0.5895833969116211,0.536069393157959,-0.9354414343833923,-0.9609572887420654,1.693501353263855
27,0.6629548072814941,0.41677114367485046,0.9878098964691162,-0.30459824204444885,-0.5028977990150452,0.7073692083358765,-6.6082963943481445,-3.678436279296875,2.7960681915283203,-2.9615955352783203,-4.522280216217041,3.22016978263855,0.661558985710144,-0.65503990650177,0.5998517870903015,0.21474771201610565,0.27243438363075256,0.5610958337783813,0.5698954463005066,-0.9310368299484253,0.75211501121521,2.216177225112915,-2.4235780239105225,-1.8930097818374634,-0.5040579438209534,0.19210456311702728,1.3311841487884521,-0.02987603284418583,-0.017573757097125053,-0.04811551794409752,1.3746740818023682,0.4111894369125366,1.9665427207946777,-2.419949531555176,11.507001876831055,2.6084766387939453,1.118975043296814,1.2979995012283325,1.505611777305603,0.14376980066299438,1.143629789352417,0.4152165651321411,-1.648471713066101,-3.582493543624878,5.47368049621582,-6.192620754241943,0.7799054384231567,-5.919955253601074,15.98255729675293,-1.083500862121582,1.7020584344863892,-0.042771272361278534,-0.17369872331619263,0.11820295453071594,0.8510249853134155,1.7666993141174316,0.6401665210723877,-0.33987292647361755,-0.5637092590332031,0.7119020223617554,-0.6258028745651245,-0.8585405349731445,1.5703343152999878
28,0.6821009516716003,0.37718290090560913,1.139864206314087,-0.43926823139190674,-1.1540571451187134,1.1196134090423584,-6.6489763259887695,-4.106329441070557,3.3253321647644043,-3.3681492805480957,-5.636207580566406,0.21698012948036194,-0.8863903284072876,-2.5042624473571777,-3.6830928325653076,2.468313694000244,-0.8064273595809937,0.22572427988052368,0.7082258462905884,-0.9884231686592102,0.5693141222000122,2.5397207736968994,-2.4523231983184814,-1.9457154273986816,-1.058268666267395,-1.7859035730361938,1.1055302619934082,-0.3359680473804474,-0.24335159361362457,-0.1094914898276329,1.1781895160675049,-0.056485019624233246,1.988443374633789,-2.4565484523773193,11.529461860656738,2.3361077308654785,2.098222255706787,-1.7223199605941772,0.025998350232839584,0.013238230720162392,0.9536154270172119,0.5446463823318481,-2.1470465660095215,-3.646782159805298,5.775825023651123,-6.9643378257751465,0.5128224492073059,-4.69624137878418,11.508569717407227,0.08532979339361191,1.107642412185669,0.025144822895526886,-0.1446625292301178,0.1739233285188675,0.11602142453193665,-0.5446908473968506,0.2937413156032562,0.2888086140155792,0.8239364624023438,0.13595476746559143,0.7317544221878052,-0.2928575575351715,0.6303853392601013
29,0.6583775877952576,-0.22363953292369843,0.6839855313301086,-0.17085149884223938,-0.845711350440979,0.8110384941101074,-6.424322605133057,-3.8242952823638916,3.343240261077881,-2.809401512145996,-4.8118896484375,3.550502061843872,-0.7735771536827087,-2.5085062980651855,-3.9413163661956787,2.47446346282959,-0.8706544637680054,0.317204087972641,2.8152997493743896,1.354572057723999,-7.389571666717529,0.5055670738220215,-0.014380714856088161,1.1210477352142334,-0.6298514008522034,-1.3602911233901978,1.78429114818573,-0.005418043117970228,0.0006470922380685806,-0.008157513104379177,0.9573515057563782,-1.0349440574645996,0.3216492831707001,-2.191685914993286,11.368709564208984,2.6138486862182617,0.3652139902114868,2.7128963470458984,0.9541800618171692,-0.023532699793577194,1.046690821647644,0.25812989473342896,-2.248286724090576,-3.621102809906006,5.881199359893799,-7.4036478996276855,0.2509506642818451,-4.754047870635986,11.104253768920898,0.3789852559566498,1.1269242763519287,-0.009410005062818527,-0.23719221353530884,0.20577192306518555,0.5939682126045227,-0.6803229451179504,-0.009963519871234894,-1.4005155563354492,1.8600435256958008,-0.5970502495765686,0.629875898361206,-0.5786970853805542,0.775352418422699
30,0.6870370507240295,0.36381545662879944,1.1448297500610352,-0.1790018081665039,-0.8369255065917969,0.8178237676620483,-6.272568702697754,-3.487550973892212,2.786825180053711,-0.0797048956155777,-0.16325294971466064,1.4763721227645874,-1.0279027223587036,-2.850994825363159,-3.687958240509033,2.010742425918579,-0.6677795648574829,0.13429570198059082,0.6618562340736389,-0.9918058514595032,0.5768829584121704,2.6120500564575195,-2.366734504699707,-2.069542646408081,-3.6775901317596436,-1.6080948114395142,0.6482982635498047,-0.324285089969635,-0.22131212055683136,-0.11939643323421478,0.7956480979919434,1.1575440168380737,1.1813944578170776,-2.3679351806640625,10.769508361816406,1.7681055068969727,0.027883347123861313,-0.7417594790458679,0.3736517131328583,-4.391422748565674,0.1845945119857788,1.142860770225525,-1.9948996305465698,-2.8984429836273193,5.148232460021973,0.558044970035553,4.5259599685668945,-8.00841999053955,-0.123232401907444,-1.898008108139038,0.3171981871128082,0.3211175203323364,0.1624007225036621,-0.26443660259246826,0.6296245455741882,-0.7456358075141907,0.0012200623750686646,-0.6107767224311829,0.12107536196708679,-0.01586916483938694,0.7295288443565369,-0.66031813621521,1.3147430419921875
31,0.7134791612625122,-0.1982717216014862,0.5908784866333008,0.4871591627597809,-0.5314225554466248,0.47800010442733765,-6.3586859703063965,-3.6486973762512207,2.4629504680633545,-0.08367522060871124,-0.2910659909248352,1.4762773513793945,-0.925208330154419,-2.870662212371826,-3.5221333503723145,1.8335835933685303,-0.4691638648509979,0.16151341795921326,2.105729103088379,0.6599646210670471,-5.567855358123779,2.546447992324829,-2.4170281887054443,-2.0802671909332275,-1.6304446458816528,-1.9043190479278564,0.8870012760162354,-0.31366997957229614,-0.20703177154064178,-0.11494366824626923,0.9693408608436584,1.1370574235916138,1.157458782196045,0.11626043170690536,-0.9690183401107788,0.6570143699645996,0.47986674308776855,-0.12976790964603424,-0.009786409325897694,-4.14786434173584,0.11398191750049591,1.103899598121643,-0.9404301643371582,-3.4437267780303955,5.532642364501953,0.3994934558868408,3.8358426094055176,-8.533774375915527,-0.1720796525478363,-1.5417109727859497,0.7958091497421265,-0.04024878144264221,-0.09576638787984848,0.34424564242362976,0.5315467119216919,-0.6405651569366455,0.12025455385446548,-1.3126412630081177,1.8986914157867432,-0.8791378140449524,0.6751065850257874,-0.5252969264984131,1.167840600013733
32,0.1625954955816269,-0.7224411368370056,0.8140947818756104,0.22769390046596527,-0.4018819034099579,0.9418593645095825,-5.180514335632324,-2.411756753921509,1.9716622829437256,-2.6544198989868164,-3.8415191173553467,2.3473143577575684,-0.6152684688568115,-0.6139053702354431,-1.896060824394226,1.8157981634140015,-0.3951227366924286,-0.06895158439874649,1.1865557432174683,0.04176497459411621,-3.815627336502075,2.3707962036132812,-2.3173258304595947,-1.9925086498260498,-3.3560426235198975,-0.47397270798683167,0.2534705102443695,-0.30236658453941345,-0.2026773989200592,-0.11194321513175964,1.715999960899353,0.7358428835868835,1.5333608388900757,0.2895967662334442,-1.1793277263641357,-1.0273793935775757,2.216843366622925,-1.834816575050354,0.039398860186338425,0.3645665943622589,0.3925410807132721,0.016872961074113846,-1.0764919519424438,-2.117058038711548,4.5487236976623535,0.2208874225616455,3.6475534439086914,-7.852317810058594,-0.12691941857337952,-1.4332846403121948,1.1156851053237915,-0.05171390250325203,-0.15086346864700317,0.4430023431777954,0.5489760637283325,-0.5841024518013,0.05828302353620529,-1.3381088972091675,1.9806287288665771,-1.3514163494110107,-1.0021371841430664,-1.3113932609558105,1.534708023071289
33,0.6746122241020203,-0.20445886254310608,0.5939585566520691,0.18146005272865295,-0.38347500562667847,0.8736139535903931,-5.236345291137695,-2.678091526031494,1.9429165124893188,-2.681553602218628,-3.8488595485687256,2.276176929473877,-1.250775694847107,-3.0956170558929443,-10.204912185668945,0.0556451715528965,0.371867299079895,-0.5302709937095642,1.9901764392852783,1.163254976272583,-5.892873764038086,2.1770989894866943,-2.358348846435547,-1.96601402759552,-4.31573486328125,-0.5166846513748169,0.8749732971191406,-0.06564807891845703,-0.03953283280134201,-0.07089290767908096,1.8881617784500122,1.4769458770751953,0.8486720323562622,0.36763274669647217,-1.1854488849639893,-1.1575021743774414,0.15688210725784302,1.0679059028625488,0.6709790229797363,0.349463552236557,0.4237797260284424,-0.170215904712677,-0.7151710391044617,-2.257636547088623,4.46127986907959,0.5543062686920166,3.4110710620880127,-8.267256736755371,-0.2283579707145691,-1.425858736038208,1.2337169647216797,-0.06040220335125923,-0.13059690594673157,0.37821531295776367,0.6504877209663391,-0.5905529260635376,0.013033576309680939,-0.34482666850090027,0.05287131667137146,0.5782588720321655,1.099670171737671,0.19604387879371643,1.0897971391677856
34,0.6938346028327942,0.38008856773376465,0.8488068580627441,-0.42826545238494873,-0.8602198362350464,1.0242044925689697,-4.813551425933838,-2.9187750816345215,1.3971774578094482,0.40856003761291504,-0.6534939408302307,1.2604953050613403,-1.0708922147750854,-1.9166892766952515,-3.8590891361236572,1.27927565574646,-0.38051676750183105,0.11222585290670395,1.409018635749817,-3.2429726123809814,-1.1553069353103638,0.23334914445877075,-0.7628310322761536,0.6724582314491272,-2.084716558456421,-1.2913944721221924,1.1810020208358765,-0.29237547516822815,-0.17061014473438263,-0.13846124708652496,1.6147358417510986,-0.008914045058190823,0.9348398447036743,0.4146839380264282,-0.335262268781662,-1.8516204357147217,1.6652697324752808,-1.3878834247589111,0.43721652030944824,-3.421320915222168,0.13051284849643707,0.8601441979408264,-0.828409731388092,-2.2701008319854736,4.534427642822266,1.1954516172409058,3.858076333999634,-8.038297653198242,14.54504108428955,-0.6864222884178162,1.4461151361465454,-3.8062362670898438,-2.0186054706573486,2.9434051513671875,1.0660699605941772,-1.1389868259429932,-0.1730414628982544,-0.26226165890693665,-0.9113445281982422,0.5556387901306152,-0.7222219705581665,-1.2570315599441528,1.8107832670211792
35,0.6675400733947754,0.3658331334590912,0.9181349873542786,-0.004066407680511475,-0.7609584927558899,0.7323132753372192,-4.924683570861816,-2.8260490894317627,1.460592269897461,0.35390573740005493,-0.5493526458740234,1.2559043169021606,2.4318675994873047,-3.607168197631836,-1.3211833238601685,1.537315011024475,-0.5161482691764832,0.09709864109754562,1.1358751058578491,-3.9794723987579346,-0.8111155033111572,0.2156166136264801,-0.4413708746433258,0.8763166666030884,1.9544682502746582,-3.0038819313049316,-5.260430335998535,-0.3031015694141388,-0.18720053136348724,-0.1327277272939682,1.7200064659118652,0.14115573465824127,0.8923006057739258,1.3780272006988525,-0.5156345367431641,0.4121842086315155,1.217316746711731,0.6301453113555908,1.2503126859664917,-3.8139491081237793,0.12563630938529968,0.911897599697113,-0.7755977511405945,-2.1823463439941406,4.627832889556885,1.4326250553131104,3.7945070266723633,-8.141613960266113,10.52489948272705,0.3476788103580475,1.1449310779571533,-4.411380767822266,-2.042933464050293,3.2019152641296387,1.0269169807434082,-0.9296969175338745,-0.20610523223876953,-0.37806472182273865,-0.5765280723571777,0.5954225659370422,-0.4053086042404175,-0.7319084405899048,1.367114543914795
36,0.46901223063468933,0.08413884788751602,0.9189236164093018,0.3802635967731476,0.11656461656093597,1.3556599617004395,-4.922994136810303,-2.7166168689727783,1.5373589992523193,0.30991679430007935,-0.46156126260757446,1.2287338972091675,2.3331480026245117,-3.454054117202759,-1.2453835010528564,1.5162230730056763,-0.3673332929611206,0.10452529042959213,1.193913459777832,-3.882477283477783,-0.7578738331794739,0.03674912825226784,-0.4080577492713928,0.7055615186691284,-3.777775526046753,-1.4198178052902222,0.5088397860527039,-0.30055922269821167,-0.1850174218416214,-0.13106007874011993,1.585970163345337,0.2773825526237488,0.7859880924224854,1.2215344905853271,-0.4735795855522156,0.3020910322666168,1.244094729423523,0.7115968465805054,1.3507295846939087,-3.7173354625701904,0.0827961266040802,0.9367449879646301,-0.7113186120986938,-2.159242868423462,4.581501007080078,1.2413336038589478,3.728672504425049,-7.822723388671875,11.027565956115723,0.34981945157051086,1.1263699531555176,-4.2857513427734375,-2.038271903991699,3.313803195953369,1.0555778741836548,-0.9422808885574341,-0.24008804559707642,-0.3941802680492401,-0.5273146629333496,0.6298647522926331,-0.8085348606109619,-1.242124080657959,1.360762357711792
37,0.6455733180046082,0.3186182975769043,0.8754691481590271,0.46054786443710327,0.04490745812654495,1.3556580543518066,-5.106624126434326,-2.7501769065856934,1.6256887912750244,-0.4881616234779358,-0.6848728060722351,0.6436365246772766,2.420790672302246,-3.7360827922821045,-1.2237497568130493,0.05819293111562729,0.06392946094274521,0.7455899715423584,1.2871417999267578,-3.9121181964874268,-0.7495277523994446,-0.055251456797122955,-0.4652371108531952,0.7088119983673096,1.910422921180725,-3.018113374710083,-5.282177925109863,-0.3095860481262207,-0.19723443686962128,-0.13329802453517914,1.5082151889801025,0.4195079803466797,0.38246479630470276,1.1624841690063477,-0.4646802246570587,0.1850288063287735,1.267248272895813,1.0660121440887451,1.630401611328125,-3.8891546726226807,0.11274674534797668,0.986273467540741,-0.692388653755188,-2.032121181488037,4.479191780090332,1.0233856439590454,3.6861793994903564,-7.744777202606201,10.868617057800293,0.4755326807498932,1.149044156074524,-4.557645797729492,-2.01516056060791,3.4212088584899902,1.1166012287139893,1.803602695465088,1.4763333797454834,-0.3825594484806061,-0.544410228729248,0.681908130645752,-0.7920265197753906,-1.1350374221801758,1.4413158893585205
38,0.6399033665657043,0.29047852754592896,0.8751006722450256,0.19179761409759521,-0.24974197149276733,0.8093496561050415,-4.938227653503418,-2.6879775524139404,1.7160170078277588,0.3725994825363159,-0.59629225730896,1.253173828125,0.1904575228691101,-1.7065378427505493,0.6382958292961121,0.10066616535186768,0.1580440104007721,0.7401831150054932,1.2936923503875732,-3.8259363174438477,-0.756941020488739,0.027533583343029022,-0.5920955538749695,0.7282158136367798,1.870488166809082,-2.9649770259857178,-5.3284711837768555,-0.3005794584751129,-0.19083182513713837,-0.1301279217004776,1.7661556005477905,-0.11810674518346786,1.1305118799209595,1.3332979679107666,-0.9145132303237915,-1.4079724550247192,0.48730701208114624,-0.04478269815444946,1.143170952796936,-3.7482054233551025,0.13208387792110443,0.9749205112457275,-2.8223302364349365,-3.3017680644989014,4.929720878601074,0.9921248555183411,3.777034044265747,-7.771214008331299,13.275030136108398,-0.19191506505012512,1.3519295454025269,-4.404440879821777,-1.9501804113388062,3.447047710418701,0.0007103905081748962,-0.01126774400472641,0.34289029240608215,-0.3628714084625244,-0.4978243410587311,0.6859965920448303,-0.6176879405975342,-1.0139471292495728,1.5161179304122925
39,0.6406404376029968,0.25553223490715027,0.8686366081237793,0.7526646852493286,0.24718965590000153,0.8645750880241394,-5.055939197540283,-2.983919620513916,1.6846344470977783,-0.532368004322052,-0.6837778687477112,0.5790161490440369,1.4794292449951172,-1.1495591402053833,0.8824914693832397,0.19946348667144775,0.22103416919708252,0.7716628909111023,1.1164610385894775,-4.059540748596191,-0.7829492092132568,-0.16053470969200134,-0.07475237548351288,2.2209246158599854,1.768110752105713,-3.048046588897705,-5.232568740844727,-0.29691699147224426,-0.18465854227542877,-0.13053911924362183,1.373248815536499,-0.023387186229228973,0.7940213680267334,0.6868752837181091,0.0010442547500133514,0.24349349737167358,1.275458574295044,0.9850791096687317,1.0159343481063843,-3.8445587158203125,0.20139852166175842,0.9170196056365967,-1.5447266101837158,-2.0586395263671875,4.632960319519043,0.48047852516174316,3.938768148422241,-9.216219902038574,10.865265846252441,0.35111454129219055,1.0558528900146484,-4.58115291595459,-1.918850302696228,3.3633875846862793,0.03226398676633835,-0.19201242923736572,0.2567940056324005,-0.027679074555635452,-1.050339937210083,0.4166341722011566,0.3580220639705658,-0.20005187392234802,1.766797423362732
40,0.6891340017318726,-0.2600153386592865,0.5414533615112305,0.8489184975624084,-0.1447392702102661,0.7980216145515442,-6.319053649902344,-3.2944869995117188,2.4217772483825684,0.003931894898414612,-0.31597840785980225,1.295693278312683,-2.166590690612793,-0.8472103476524353,-6.822137832641602,0.11942023038864136,-0.05416404455900192,0.6243997812271118,1.4567714929580688,-3.359220504760742,-1.3650603294372559,1.8802014589309692,-2.372692108154297,-1.6423008441925049,1.818101167678833,-3.13639497756958,-5.375276565551758,0.1828405261039734,0.015928413718938828,-0.00995252188295126,2.169728994369507,0.12956909835338593,2.31115984916687,-2.080728054046631,10.46605110168457,1.9882670640945435,1.4266752004623413,1.0099503993988037,1.7429038286209106,-4.048708438873291,0.23411934077739716,0.8641480803489685,-1.536454677581787,-3.9443867206573486,5.342639446258545,0.20712578296661377,3.937412977218628,-9.587011337280273,10.826311111450195,0.25780418515205383,1.0952696800231934,-4.809366226196289,-1.8869209289550781,3.230764150619507,-0.13967150449752808,-0.5993945598602295,0.2379360795021057,-0.31912490725517273,-0.8727929592132568,0.6984151005744934,-0.9069697856903076,-1.2999658584594727,1.5404736995697021
41,0.402635782957077,0.127336785197258,0.9502449035644531,0.8101695775985718,-0.28061598539352417,0.8158784508705139,-6.393661975860596,-3.425750494003296,2.3893604278564453,0.007381550967693329,-0.3622239828109741,1.2963354587554932,0.6191691160202026,-3.137446403503418,-11.518172264099121,0.12991882860660553,-0.10548166930675507,0.6188646554946899,-0.16837531328201294,-0.9635390043258667,-0.174630269408226,1.9114811420440674,-2.398900032043457,-1.6868528127670288,1.8795920610427856,-3.146838665008545,-5.327146530151367,0.17840619385242462,0.011191083118319511,-0.009657662361860275,2.217642307281494,0.15335284173488617,2.16740083694458,0.2136807143688202,-0.6642765402793884,0.5111727118492126,1.3200328350067139,1.0586745738983154,1.633774995803833,-1.6411895751953125,1.2876046895980835,-0.029272209852933884,-1.5371540784835815,-3.863112211227417,5.245270729064941,0.08829551935195923,3.7976152896881104,-9.711660385131836,11.268363952636719,0.1443338692188263,1.1685582399368286,-4.822255611419678,-1.8748986721038818,3.2380764484405518,0.8518774509429932,-1.1925721168518066,-0.26352810859680176,-0.3866942822933197,-0.8383207321166992,0.7747385501861572,-0.9990016222000122,-1.2826565504074097,1.6638153791427612
42,0.3593263626098633,0.07429132610559464,0.9045417904853821,0.665830671787262,0.12467347085475922,1.0679504871368408,-6.2616753578186035,-3.575127124786377,2.7838008403778076,0.144616037607193,-0.31799954175949097,1.3062028884887695,1.7864357233047485,-3.4335129261016846,-12.012301445007324,0.23890791833400726,0.05059943348169327,0.49081864953041077,1.4550491571426392,-4.057225704193115,-0.9090300798416138,1.9365029335021973,-2.3655238151550293,-1.679038405418396,1.893805980682373,-3.1743643283843994,-5.280631065368652,-0.3127198815345764,-0.21050013601779938,-0.12641683220863342,1.2950860261917114,-0.20837266743183136,2.1325430870056152,-1.93426513671875,10.887306213378906,2.198047637939453,0.9059642553329468,1.1546250581741333,1.5095458030700684,-4.338156223297119,0.19886824488639832,1.1673351526260376,-2.0561697483062744,-3.776641845703125,5.372800350189209,0.8700080513954163,4.706951141357422,-9.499798774719238,16.225107192993164,-1.4480620622634888,1.8174344301223755,-5.289234161376953,-1.9837595224380493,3.9514455795288086,0.9266164898872375,-0.7265203595161438,-0.24535343050956726,-0.24420146644115448,-0.713813066482544,0.754849910736084,0.5708166360855103,-0.00775068998336792,1.3784534931182861
43,0.35397106409072876,0.09007389098405838,0.8988022208213806,0.6995478868484497,0.025287915021181107,1.0591537952423096,-6.458054065704346,-3.7428793907165527,2.809443473815918,0.12183219939470291,-0.18618515133857727,1.151761531829834,0.2562249004840851,-0.6504858136177063,-2.0605976581573486,0.2292308509349823,-0.004815183579921722,0.4908249080181122,1.5087971687316895,-4.176684379577637,-0.9632982015609741,2.021740198135376,-2.356538772583008,-1.7858877182006836,1.9538300037384033,-3.2052314281463623,-5.220099925994873,-0.31498607993125916,-0.21117283403873444,-0.12760892510414124,1.1917539834976196,-0.09692760556936264,1.926912546157837,-1.7149734497070312,10.759271621704102,2.4333856105804443,1.9008915424346924,-1.543603777885437,0.4548488259315491,-0.11936750262975693,0.07668828964233398,0.004764119163155556,-2.13889479637146,-3.721719264984131,5.317503452301025,0.6995735764503479,5.0759477615356445,-9.66731071472168,16.157012939453125,-1.5000711679458618,1.875914216041565,0.24814586341381073,0.4484407305717468,0.5186665654182434,-0.03427897393703461,-0.4018968939781189,0.32501113414764404,-0.14723312854766846,-0.5325924158096313,0.6727584600448608,-0.5507520437240601,-0.8242813348770142,1.4125356674194336
44,0.7143674492835999,-0.11611562967300415,0.5605977177619934,-0.0336134135723114,-0.2664368450641632,0.9272210597991943,-6.450279235839844,-3.9703285694122314,3.076545238494873,-3.0075793266296387,-5.507307052612305,0.29975733160972595,1.7838398218154907,-3.482988119125366,-0.8852947354316711,2.155017137527466,-0.6131857633590698,0.11975245922803879,1.6118011474609375,-4.52338981628418,-0.6302202343940735,2.329604387283325,-2.2971878051757812,-1.903454303741455,2.573585033416748,-2.8323144912719727,-5.255087852478027,-0.0021500177681446075,-0.012227837927639484,-0.013616960495710373,0.37545791268348694,0.13455675542354584,0.25428202748298645,0.6222953200340271,-0.17268458008766174,0.243280291557312,0.19138270616531372,2.3357691764831543,0.5439339876174927,-4.613852500915527,0.20628315210342407,0.97968590259552,-2.1006739139556885,-4.11163330078125,5.577455520629883,0.2708158791065216,-0.3474333882331848,0.2819766402244568,0.03137077018618584,-0.7830416560173035,0.38771283626556396,0.3036549687385559,0.2418033480644226,-0.4423459470272064,0.8135005831718445,-0.9019807577133179,-0.4107353985309601,-0.2349047064781189,-0.09817084670066833,0.3904458284378052,0.6987298727035522,-0.28999266028404236,0.7588802576065063
45,0.7216533422470093,-0.1104169487953186,0.7242074608802795,-0.02082017809152603,-0.2379644811153412,0.8901614546775818,-6.395786762237549,-4.15255880355835,3.324474334716797,-3.261319875717163,-5.668943881988525,0.3471278250217438,1.6862246990203857,-3.4916913509368896,-0.8064995408058167,2.4266843795776367,-0.7587700486183167,0.15008842945098877,0.7990955710411072,-0.241872176527977,0.5531264543533325,2.3729805946350098,-2.4050495624542236,-1.8754750490188599,0.47883135080337524,-1.7355265617370605,0.7619445323944092,-0.32822829484939575,-0.2392638623714447,-0.10884863138198853,0.5215627551078796,0.12724919617176056,0.3169263005256653,0.6791195273399353,-0.7408871054649353,0.1259288489818573,0.5570434331893921,2.1718435287475586,0.756380558013916,-4.963204860687256,0.27138620615005493,1.0288352966308594,-1.9138696193695068,-3.9400298595428467,5.46300745010376,0.3409915864467621,-0.5418823957443237,0.37019896507263184,0.01329914852976799,-0.9414467215538025,0.38315916061401367,0.1755727082490921,0.23737555742263794,-0.1801362931728363,0.7762270569801331,-1.1308072805404663,-0.34150779247283936,0.5878657102584839,0.8107773065567017,0.11157633364200592,0.7190675139427185,-0.19998013973236084,0.9748989343643188
46,0.715564489364624,-0.11008425056934357,0.7375559210777283,-0.8359360694885254,-0.7747727632522583,2.1526713371276855,-6.505862712860107,-4.129119396209717,3.331177234649658,-3.3864893913269043,-5.813249588012695,0.34042030572891235,1.6779305934906006,-3.6974494457244873,-0.8695773482322693,2.406776189804077,-0.8216580748558044,0.18163403868675232,1.6903427839279175,-4.821480751037598,-0.5202959775924683,-0.5378522872924805,-0.2849411368370056,1.1980812549591064,0.5080563426017761,-1.7525192499160767,0.7936111688613892,-0.3322191536426544,-0.24284212291240692,-0.10866373032331467,1.4996918439865112,-1.597400188446045,2.6879916191101074,0.6655349135398865,-0.7439819574356079,0.05943788215517998,0.5965180397033691,2.152985095977783,0.7851030230522156,-4.989747047424316,0.2661795914173126,1.0503034591674805,-1.8757234811782837,-3.885122060775757,5.448153495788574,0.36399856209754944,-0.45931562781333923,0.362710177898407,-0.017114147543907166,-1.0178282260894775,0.3013053834438324,0.19720391929149628,0.27446800470352173,-0.19602812826633453,-0.03504243120551109,-0.309888631105423,0.14161726832389832,0.6458077430725098,0.9021197557449341,0.11054275929927826,0.7635887265205383,-0.21733728051185608,0.9107073545455933
47,0.6841721534729004,-0.1959865689277649,0.7273170351982117,0.1531573086977005,-0.30191904306411743,0.6024507284164429,-5.4860758781433105,-5.892230987548828,-0.8862260580062866,-3.233584403991699,-5.757108688354492,0.3702642619609833,1.7913836240768433,-3.7444100379943848,-0.9108826518058777,2.2961697578430176,-0.7381701469421387,0.23774677515029907,1.6098618507385254,-4.697446823120117,-0.446779727935791,-0.6762896180152893,-0.23223885893821716,1.2407697439193726,0.19975683093070984,-0.1564803421497345,1.0277957916259766,-0.3328899145126343,-0.2377365529537201,-0.11207014322280884,1.6153974533081055,-1.5027825832366943,2.7134294509887695,0.46701109409332275,0.35576990246772766,0.49922165274620056,0.5338981747627258,1.839221715927124,0.7653337717056274,-4.818410396575928,0.23869596421718597,1.0445470809936523,-1.8580478429794312,-3.7078824043273926,5.472879886627197,-7.05036735534668,1.1859208345413208,-4.027367115020752,0.034462280571460724,-0.8682132959365845,0.46264734864234924,0.15572546422481537,0.15040752291679382,-0.1784178763628006,0.4101892411708832,0.766333281993866,0.1858571171760559,-0.07238219678401947,-0.20443487167358398,0.7089561223983765,-0.05174766480922699,-0.6190651655197144,0.4994591772556305
48,0.6046574115753174,-0.1433524787425995,0.7792710065841675,-0.6702024340629578,-0.5377024412155151,2.066603183746338,-5.430698394775391,-5.734253406524658,-0.8989646434783936,-3.2646236419677734,-5.6638946533203125,0.27889442443847656,-2.0985631942749023,-0.3461776375770569,-0.8313379883766174,2.2268731594085693,-0.7603651285171509,0.319770485162735,1.556709885597229,-4.699261665344238,-0.39529949426651,0.4822785556316376,-0.5935772657394409,0.7439572215080261,0.2951011061668396,-1.9827380180358887,0.6790021061897278,-0.3362962603569031,-0.23773525655269623,-0.11452789604663849,1.471608281135559,-1.2787927389144897,2.806318759918213,0.9781727194786072,-0.5767182111740112,0.12771949172019958,-0.07893919944763184,0.015609148889780045,1.6190333366394043,-4.717228412628174,0.2486456036567688,0.9966186881065369,-2.208639144897461,-3.7149906158447266,5.681388854980469,-7.239443778991699,0.9941741228103638,-6.385869026184082,0.07296305894851685,-1.0251526832580566,0.615699052810669,0.1921568065881729,0.3536621034145355,0.5382434725761414,0.5052420496940613,0.8906092047691345,0.17307454347610474,0.7596927881240845,1.0621814727783203,-0.055242642760276794,0.14125776290893555,-0.6931968927383423,0.8104538917541504
49,0.660403847694397,-0.07661759853363037,0.6971597075462341,-0.6363334655761719,-0.49010151624679565,2.0657973289489746,-5.396255016326904,-5.7133307456970215,-0.8939042091369629,-3.2744200229644775,-5.668409824371338,0.2728622853755951,1.752267837524414,-3.76766300201416,-1.0545282363891602,2.221867084503174,-0.7801587581634521,0.36913079023361206,1.531775712966919,-4.713901519775391,-0.34088096022605896,1.2471425533294678,-0.7127087116241455,-0.2860327363014221,0.3640671372413635,-1.9718936681747437,0.5814337134361267,-0.3359612822532654,-0.23795104026794434,-0.11332273483276367,1.572160243988037,-1.23378324508667,2.9004933834075928,-1.5391849279403687,11.114879608154297,2.5333316326141357,-0.04946340620517731,-0.017452143132686615,1.6582566499710083,-4.691418647766113,0.23763775825500488,0.987183153629303,-2.0827035903930664,-3.6623916625976562,5.674670219421387,-7.462208271026611,1.1511739492416382,-5.072434902191162,0.0679534301161766,-1.0379610061645508,0.6421746015548706,0.18636541068553925,0.34548723697662354,0.5412466526031494,0.4943254888057709,0.8600380420684814,0.12839633226394653,0.7717272639274597,1.0269291400909424,-0.11427348852157593,0.17099149525165558,-0.6529011726379395,0.8352919816970825
50,0.536892831325531,0.1187826469540596,0.936896562576294,-0.5723387002944946,-0.4885426163673401,2.1128854751586914,0.308359295129776,-1.8148349523544312,1.1850576400756836,-3.2687697410583496,-5.72135591506958,0.09673471003770828,-1.9397975206375122,0.2506466209888458,-0.19646146893501282,2.136099338531494,-0.7751237750053406,0.34616878628730774,0.6554874181747437,-0.3373296558856964,0.8918169140815735,1.290681004524231,-0.7915602922439575,-0.02592691406607628,0.5023099184036255,-2.024527072906494,0.37786105275154114,-0.3395693004131317,-0.23581543564796448,-0.11861558258533478,1.4387762546539307,-1.2923741340637207,2.8620615005493164,-3.3982086181640625,12.135478973388672,4.180996417999268,-0.09178471565246582,0.27703046798706055,1.9717578887939453,-4.56117057800293,0.22196996212005615,0.9957155585289001,-2.4441537857055664,-3.775667667388916,5.811105728149414,-7.254738807678223,1.1257466077804565,-3.750422954559326,0.12283225357532501,-0.9952476620674133,0.39381566643714905,0.23575423657894135,0.3202299475669861,0.5112926363945007,-0.029317112639546394,-0.6725868582725525,0.2283574640750885,0.5516799688339233,0.6722866296768188,-0.16547033190727234,-0.11616022884845734,-0.7834398746490479,0.38600894808769226
51,0.5198495984077454,0.10698342323303223,0.9277635812759399,-0.5538428425788879,-0.4832824766635895,2.0851998329162598,0.05264722555875778,-1.809744119644165,1.49393892288208,-3.3021044731140137,-5.725125312805176,0.05412883311510086,-1.7957143783569336,0.5084812641143799,-0.048628970980644226,2.1141881942749023,-0.7862091064453125,0.3715825378894806,0.5882375836372375,-0.2623584568500519,0.9637033939361572,1.2336491346359253,-0.7433575987815857,0.0027751661837100983,0.48747923970222473,-2.0117616653442383,0.40664392709732056,-0.3371332585811615,-0.23485255241394043,-0.11624842882156372,0.5923346281051636,5.054599761962891,-1.3156931400299072,-3.3870255947113037,12.077333450317383,4.065457820892334,-0.09299829602241516,0.26079994440078735,1.8875737190246582,-0.06351945549249649,0.41983214020729065,0.6610172390937805,-2.5505666732788086,-3.74062442779541,5.885166645050049,-7.271018981933594,1.0949255228042603,-3.7094404697418213,0.16861417889595032,-0.8677892088890076,0.4319930374622345,0.21036718785762787,0.3012489378452301,0.5100780129432678,-0.06647588312625885,-0.6668131351470947,0.25278735160827637,0.5564590692520142,0.6472116708755493,-0.1321091651916504,0.021649859845638275,-0.6751902103424072,0.5132389068603516
52,0.6583831906318665,-0.028807392343878746,0.7274216413497925,-0.4866107702255249,-0.5257224440574646,2.151442527770996,-0.41399404406547546,-0.41163772344589233,1.444183111190796,-3.153402090072632,-5.704303741455078,0.0367305651307106,1.8352102041244507,-4.021500587463379,-1.3109370470046997,2.086824417114258,-0.8015584349632263,0.48052603006362915,0.5555862188339233,-0.11105392128229141,0.9487961530685425,-0.6071071624755859,0.6289549469947815,2.8045294284820557,0.10514426976442337,-0.45726677775382996,0.8909362554550171,-0.33861562609672546,-0.23100420832633972,-0.11577341705560684,1.5195361375808716,-0.40137413144111633,1.7482088804244995,-1.5666979551315308,11.139022827148438,2.7290611267089844,-0.19575344026088715,-0.5710715651512146,1.146040916442871,-0.0037049390375614166,0.32208937406539917,0.7253671288490295,-3.5526986122131348,-3.2484219074249268,6.06018590927124,-7.709580898284912,1.0499616861343384,-4.8407769203186035,0.1988075077533722,-1.0156553983688354,0.5161614418029785,0.27661430835723877,0.43773937225341797,0.4490632712841034,-0.042692191898822784,-0.5571291446685791,0.215565025806427,-1.4291504621505737,1.9691632986068726,-0.8939937353134155,0.4394948482513428,-0.7650001049041748,0.8693838119506836
53,0.5186483860015869,-0.042224153876304626,1.0259063243865967,0.04565706104040146,-0.4019390940666199,0.5918320417404175,0.7515379190444946,-1.9951727390289307,1.3380928039550781,-3.2096641063690186,-5.628082752227783,0.02107105404138565,-2.67788028717041,-2.4409425258636475,-5.646778106689453,2.12313175201416,-0.9449447989463806,0.7040072083473206,0.33922600746154785,-0.36240577697753906,1.0972111225128174,-0.5526585578918457,0.5177885293960571,3.1019504070281982,-1.3995903730392456,-1.9977068901062012,0.6775391697883606,-0.3499090075492859,-0.23209607601165771,-0.12472900748252869,0.9303633570671082,-1.0904016494750977,0.14695048332214355,-0.046538665890693665,-0.48323148488998413,0.3486403524875641,-1.216650128364563,-1.0933672189712524,-0.48563945293426514,-1.3375904560089111,1.3969899415969849,-0.31986454129219055,-3.397202968597412,-3.0491154193878174,5.960039138793945,-7.6682329177856445,0.5413696765899658,-4.736632347106934,-0.35621845722198486,0.285473108291626,1.5000361204147339,-0.7032721042633057,-1.2820688486099243,1.6651458740234375,0.945027768611908,-0.6272581219673157,-0.3087814450263977,-0.42594262957572937,-0.07329963147640228,0.2935613989830017,0.3902144134044647,-0.9768393039703369,0.961548924446106
54,0.44538047909736633,-0.004448680207133293,1.299760103225708,-1.0887064933776855,-0.6194347143173218,1.1963647603988647,0.5584182739257812,-2.0109431743621826,2.263040065765381,-2.831143856048584,-5.5693559646606445,1.4414794445037842,-4.042226791381836,-2.956361770629883,-7.224294662475586,-0.1617429554462433,-1.3074541091918945,1.0297558307647705,0.7897055745124817,-1.0787136554718018,0.7854174375534058,-1.2938685417175293,0.9238799214363098,3.645106554031372,-1.9371174573898315,-1.5524663925170898,0.407167911529541,-0.06689921766519547,-0.05185125395655632,-0.0799403041601181,1.0653153657913208,-1.2178527116775513,0.1317514330148697,-1.7440118789672852,6.621008396148682,3.1876394748687744,-0.3587517738342285,-0.9103556275367737,1.019811987876892,0.3933410942554474,0.43566954135894775,-0.5909065008163452,-2.4280190467834473,-1.0913610458374023,5.143853664398193,0.07985484600067139,4.111786365509033,-10.01480484008789,0.4529303014278412,-1.5797299146652222,2.0484671592712402,-0.046739399433135986,-0.45061448216438293,0.2570270001888275,4.04461145401001,7.324615955352783,-2.3690526485443115,-0.44487452507019043,-0.815353512763977,0.6781213879585266,5.061139106750488,4.135933876037598,2.4894766807556152
55,0.6376564502716064,-0.2259947806596756,1.1247837543487549,-0.07991203665733337,-0.8656942844390869,1.3750468492507935,0.7124928832054138,-1.8560587167739868,2.0560719966888428,-3.3408470153808594,-5.068684101104736,2.9067366123199463,-0.1836327314376831,-0.35038986802101135,1.2104203701019287,-0.12140224874019623,-1.6609858274459839,1.2347224950790405,1.4940977096557617,-1.3123753070831299,1.3225700855255127,0.8116025328636169,-0.6362897157669067,0.684260904788971,5.026983261108398,-2.8546247482299805,-3.497608184814453,-0.0888405442237854,-0.06722318381071091,-0.10375923663377762,0.32547053694725037,-0.4144752621650696,0.24233531951904297,-6.035957336425781,0.894365131855011,-1.437831163406372,-2.6748158931732178,-0.19013085961341858,2.9768848419189453,0.27151331305503845,0.36161476373672485,-0.22957175970077515,-3.3162050247192383,-1.323211431503296,4.503936290740967,-0.05298290774226189,4.647310256958008,-11.849931716918945,1.119493007659912,-0.1818804144859314,1.6691302061080933,0.02945554256439209,-0.06375493854284286,-0.01882462203502655,8.990141868591309,15.234649658203125,-1.6873819828033447,-1.4250397682189941,1.868982195854187,-0.6287070512771606,-0.14839152991771698,-0.2122805118560791,0.21467308700084686
56,0.7260707020759583,-0.07500123977661133,1.1147046089172363,0.12941400706768036,-0.6509285569190979,1.4398739337921143,0.6874500513076782,-1.732040286064148,2.100433111190796,0.8872166872024536,-1.8582767248153687,0.7812475562095642,-2.9697036743164062,-3.486754894256592,-6.038109302520752,-0.27986714243888855,-1.4870705604553223,1.1884719133377075,-0.6148510575294495,0.438931941986084,1.0962392091751099,-0.8901153802871704,0.530973494052887,0.05934280529618263,-8.69943904876709,3.264479875564575,-3.9091241359710693,-0.030733680352568626,-0.014955440536141396,-0.02080123871564865,1.0210044384002686,-1.2256134748458862,0.2056904137134552,2.9690377712249756,0.4580689072608948,-2.01812481880188,-7.513270854949951,0.6194395422935486,1.4496943950653076,-0.15966828167438507,-0.3697395920753479,0.6778590083122253,-5.6899542808532715,-2.3620309829711914,4.852548599243164,0.4250885248184204,-0.1274336576461792,0.6029224991798401,-0.4935949444770813,-3.2045176029205322,-1.5910282135009766,-1.102464199066162,-1.5514929294586182,1.3162578344345093,0.23609697818756104,-0.09013163298368454,0.2811352610588074,-0.3034323751926422,-0.22036507725715637,0.1376878023147583,-0.38590294122695923,-1.3506944179534912,2.1051385402679443
57,0.5708274841308594,-0.10993022471666336,0.7681736946105957,0.21298594772815704,-0.6260967254638672,1.4619650840759277,-5.612704753875732,-4.933473587036133,1.8732393980026245,0.8731783032417297,-1.797832727432251,0.7241619825363159,-1.6208949089050293,-1.5001200437545776,-2.494615077972412,-0.4122874140739441,-1.5362040996551514,1.018204689025879,0.6961144804954529,-1.0411759614944458,0.68931645154953,-1.9705253839492798,1.7887847423553467,1.4650298357009888,-0.9144396781921387,0.6195815205574036,0.854692280292511,-0.03372851759195328,-0.013247067108750343,-0.015318629331886768,0.29286161065101624,-0.402548611164093,0.1839391142129898,-5.8673481941223145,9.143132209777832,-2.6126670837402344,1.0310300588607788,-2.5253257751464844,-0.8677148818969727,-2.2291178703308105,1.5588971376419067,-0.39741840958595276,-5.598228931427002,-1.8901824951171875,4.810334205627441,0.2589193284511566,-0.11267798393964767,0.7438503503799438,13.780719757080078,-1.5401211977005005,1.6596421003341675,-1.1048310995101929,-1.46820068359375,0.9495208263397217,-8.071791648864746,3.712604284286499,-3.216749668121338,0.4731196165084839,0.49284252524375916,-0.02974732592701912,1.017911672592163,-0.3875352442264557,0.5551238656044006
58,0.6048774719238281,-0.09707999229431152,0.7154161334037781,0.25285136699676514,-0.6420189142227173,1.4460946321487427,0.7963589429855347,-1.9135879278182983,1.070207118988037,0.8471786975860596,-1.735248327255249,0.6837051510810852,-2.358060836791992,-0.05607889965176582,-3.5175182819366455,-0.40202632546424866,-1.651052713394165,1.1035672426223755,0.21955332159996033,-0.31206798553466797,0.6703684329986572,-1.7642250061035156,0.14508113265037537,1.5552321672439575,-3.233894109725952,-0.21264293789863586,2.536252737045288,-0.1456829011440277,-0.11250877380371094,-0.11208570748567581,0.27847301959991455,-0.4099525511264801,0.16557839512825012,-0.034565918147563934,0.5845251679420471,-2.1185052394866943,2.9879231452941895,-2.130739688873291,-2.709476947784424,0.8902854919433594,-0.5780649185180664,-0.22421488165855408,-5.67040491104126,-5.12907075881958,5.263031482696533,0.3393150866031647,-0.11276360601186752,0.7128327488899231,-0.1296243965625763,-0.42248573899269104,1.528748631477356,-0.2166588306427002,-1.0873624086380005,0.5301560163497925,0.7373620867729187,0.8760185241699219,-0.12659642100334167,0.9242740273475647,1.0560433864593506,-0.3085619807243347,7.3745551109313965,5.040910243988037,2.862794876098633
59,0.3230997323989868,0.2657028138637543,0.8412314653396606,-0.651199221611023,-1.2800798416137695,0.4502238631248474,-0.7444126605987549,-0.9611261487007141,1.3940881490707397,-0.1340719759464264,-0.8132942318916321,0.9049291014671326,-0.07191738486289978,-3.0957155227661133,-1.5982838869094849,0.15182888507843018,-0.5613174438476562,0.7035505175590515,0.332110732793808,-0.747038722038269,0.8086234331130981,0.4914911389350891,-0.7386389970779419,-0.03836015984416008,-1.3494563102722168,-2.039947748184204,-2.8317906856536865,-0.0074650589376688,-0.007719193585216999,-0.010041045024991035,0.05248317867517471,-0.5719751119613647,0.31252777576446533,-0.06615891307592392,-0.679009199142456,0.5865243673324585,1.347135066986084,-0.7836937308311462,0.5166730880737305,-0.09835518896579742,-0.06905637681484222,-0.0013378765434026718,-0.8854053616523743,-2.725679874420166,3.828768014907837,0.035746991634368896,-0.30468156933784485,1.1116033792495728,-0.8094356060028076,-1.0819814205169678,1.4096803665161133,-0.46906185150146484,-0.1567184329032898,0.36500102281570435,-0.2952761948108673,-0.47472578287124634,0.27846306562423706,-0.21024654805660248,-0.8134186267852783,0.6592075228691101,-0.23370273411273956,-1.9626824855804443,0.5053175687789917
60,0.19842560589313507,-0.18344978988170624,0.5795639157295227,-0.08358171582221985,-0.5076645016670227,0.9904581308364868,-3.753222703933716,-2.8089828491210938,2.347647190093994,0.32911860942840576,-1.5609655380249023,-0.528822660446167,0.9932456612586975,-0.5980594754219055,-1.3033078908920288,-0.28506219387054443,-0.1617295742034912,-0.6722990274429321,1.668727159500122,-1.2956900596618652,-0.7620406746864319,2.1634936332702637,-1.0311626195907593,-2.863318920135498,-0.7243636250495911,-2.432525634765625,-2.786020040512085,-0.03445282578468323,-0.02916547656059265,-0.03777747228741646,0.7140820026397705,-0.24455957114696503,0.4567200839519501,1.739607334136963,2.258380889892578,-0.8753483295440674,0.44864320755004883,-0.44835060834884644,0.7175431251525879,-0.12290387600660324,-0.42788782715797424,0.46799328923225403,-1.0475358963012695,-2.542937755584717,3.4944748878479004,0.40403953194618225,-0.37149128317832947,1.3052442073822021,17.72258186340332,-3.0431063175201416,2.4070777893066406,-0.30912351608276367,-0.17871195077896118,0.5560444593429565,0.26337993144989014,0.13520431518554688,0.49023622274398804,-0.07729323208332062,-0.5258278846740723,0.7076051831245422,-0.43249741196632385,-0.6201995611190796,1.066174030303955
61,0.6208577752113342,0.3563520014286041,0.6441141366958618,-0.09050360321998596,-0.360330730676651,1.500448226928711,-3.8120481967926025,-2.90752911567688,2.5028235912323,0.2619286775588989,-1.3602114915847778,-0.5476043820381165,0.027935542166233063,-1.6660685539245605,-2.0353450775146484,-0.6191107034683228,0.17336860299110413,-1.0547852516174316,1.653631567955017,-1.28810715675354,-0.5768320560455322,1.4672435522079468,-1.3767716884613037,-1.2967528104782104,-0.9127417802810669,-2.555117607116699,-2.6452064514160156,-0.04305809363722801,-0.036280352622270584,-0.045827921479940414,0.356415718793869,-3.53637433052063,2.1189239025115967,0.7385648488998413,-1.2001420259475708,1.1437575817108154,0.10465389490127563,-2.041276454925537,1.1046175956726074,-0.31723105907440186,-0.37348461151123047,0.35803860425949097,-1.1243888139724731,-2.4889938831329346,3.561335325241089,0.44924235343933105,-0.4724874198436737,1.3206696510314941,18.999046325683594,-3.313389301300049,2.756387233734131,-0.12970930337905884,-0.5907275080680847,0.9303121566772461,0.31075766682624817,0.32811492681503296,0.5758621096611023,-0.058746349066495895,-0.5415350198745728,0.5689501166343689,-0.5778629183769226,-0.8939313888549805,1.2090132236480713
62,-9.788846969604492,3.7273659706115723,-0.9618986248970032,-0.23665878176689148,-0.28397035598754883,1.258584976196289,-4.175166606903076,-4.359341144561768,0.9718084335327148,-2.7373766899108887,-3.0586202144622803,0.36137473583221436,-0.2801382839679718,-1.7364269495010376,-0.9980693459510803,-0.8448047637939453,0.20253759622573853,-0.9754369854927063,1.5996103286743164,-1.0768303871154785,-0.4651959240436554,1.4673798084259033,-1.4860514402389526,-1.1582096815109253,-0.33123382925987244,-1.9683036804199219,-1.3879872560501099,-0.2271764874458313,-0.1373501718044281,-0.10474888235330582,0.6426777243614197,-0.37431713938713074,0.5657069683074951,0.09622558951377869,-0.6990305781364441,0.28861838579177856,0.8988749980926514,-0.9017935395240784,0.8278098106384277,0.010536013171076775,-0.4580860137939453,0.6037409901618958,-2.6916379928588867,-3.9249768257141113,5.085908889770508,0.06741798669099808,-0.5055325627326965,0.2695510983467102,11.82078742980957,-0.3613584339618683,1.5528825521469116,0.17906251549720764,0.19720640778541565,0.023159649223089218,0.41503891348838806,0.21073615550994873,1.2119837999343872,0.05361565202474594,-1.0354574918746948,0.7087459564208984,0.09895703196525574,-1.0010885000228882,1.2134612798690796
63,0.7162532806396484,0.22827546298503876,0.6376432776451111,-0.2704223394393921,-0.31901663541793823,1.2289094924926758,-3.2726776599884033,-2.8814709186553955,2.7234699726104736,-3.0562806129455566,-3.0750935077667236,-0.0750594213604927,-0.9723447561264038,-0.6454535722732544,-8.419358253479004,0.22945702075958252,-0.8648452758789062,0.6184216737747192,1.727850079536438,-1.2599890232086182,-0.29011449217796326,1.6985948085784912,-1.2471532821655273,-1.9228379726409912,-1.3223150968551636,-2.625328540802002,-2.0652170181274414,-0.13963612914085388,-0.07325039803981781,-0.09183638542890549,0.2502925395965576,-0.4709441661834717,0.28917717933654785,4.33419942855835,-0.9845854043960571,-3.56172513961792,1.2366729974746704,-1.1470366716384888,0.617962121963501,-0.7666807174682617,0.8879446387290955,-0.2287173569202423,-0.7820722460746765,-2.6836843490600586,3.24501371383667,0.18097949028015137,-1.0773117542266846,0.12364199012517929,9.321427345275879,0.7884958982467651,1.2795528173446655,-0.48516255617141724,0.35102856159210205,0.2300967127084732,0.7254137396812439,-1.149827241897583,0.09405673295259476,-0.057507921010255814,-1.4139902591705322,0.6466702818870544,-0.0425761416554451,-1.270033597946167,1.476767897605896
64,0.14084123075008392,-0.2730097770690918,0.8116376399993896,0.29945454001426697,0.2015775442123413,0.8305683135986328,0.17087778449058533,-1.5065605640411377,0.4001971483230591,-2.94834041595459,-3.131441831588745,0.26125097274780273,-0.993867039680481,-0.9659292101860046,-7.53836727142334,-0.11844669282436371,-0.10073046386241913,0.3358891010284424,1.2571144104003906,-2.2976670265197754,-1.2190232276916504,0.664044976234436,-0.9402963519096375,0.8893885612487793,0.5381001234054565,-2.723144292831421,-0.16609282791614532,-0.22661881148815155,-0.13952143490314484,-0.09687456488609314,0.7487819194793701,-0.37764668464660645,0.4431518614292145,0.8079661130905151,-0.5137877464294434,1.2277097702026367,1.0405596494674683,-0.9023973345756531,1.0446926355361938,-0.04446417838335037,1.6959413290023804,-0.8826181888580322,-2.1593844890594482,-3.491729259490967,3.8036961555480957,0.5939926505088806,-0.5456252694129944,1.5188089609146118,13.280672073364258,-0.870418906211853,1.6180665493011475,-0.174406036734581,-0.24808624386787415,0.7221031785011292,0.5746389031410217,0.43677619099617004,1.5196542739868164,0.3188062012195587,-0.19367748498916626,1.0703052282333374,-0.7570450901985168,-0.5908166170120239,1.2667781114578247
65,0.019086241722106934,-0.5359498262405396,0.8745123147964478,-0.22132116556167603,-0.5712058544158936,1.1286334991455078,0.21422085165977478,-1.5383727550506592,0.5351448059082031,-3.297278881072998,-3.231638193130493,0.10816941410303116,3.2544713020324707,-3.1199724674224854,-6.4717607498168945,-0.078031525015831,-0.07946746796369553,0.46852806210517883,1.3427125215530396,-2.636957883834839,-1.327209711074829,3.7756497859954834,-2.2628026008605957,-3.1257359981536865,-0.7558673620223999,-2.233154296875,-2.2054624557495117,2.0315812435001135e-05,-0.003217990742996335,-0.00637022266164422,0.7665203213691711,-0.41519585251808167,0.28527334332466125,0.7277875542640686,-0.45627644658088684,1.0564842224121094,1.172835111618042,-0.7420844435691833,1.0562211275100708,0.16018934547901154,0.3152059316635132,-0.2533695101737976,-1.581638216972351,-3.1443026065826416,3.614367723464966,0.19321873784065247,-1.201058268547058,0.14949122071266174,14.872154235839844,-1.4094966650009155,1.8840891122817993,0.12463079392910004,-0.550573468208313,1.1370247602462769,0.4072250723838806,0.26857805252075195,0.7013449668884277,0.2729131579399109,-0.21755191683769226,0.9821177124977112,0.06086228787899017,-1.1539373397827148,1.4149290323257446
66,0.11491691321134567,-0.29896342754364014,0.8756892681121826,-0.18537560105323792,-0.7674056887626648,1.079276442527771,-0.5360580086708069,-1.263494610786438,0.6954814195632935,0.1201704666018486,-1.6589429378509521,-0.38975948095321655,2.8731837272644043,-3.948702573776245,-7.323448657989502,1.805538296699524,-0.37920427322387695,-0.36102673411369324,1.4163528680801392,-2.674057960510254,-1.215198040008545,3.738319158554077,-2.287170171737671,-3.0032432079315186,0.0637134313583374,-2.8974828720092773,-0.5498765707015991,-0.24089504778385162,-0.15478570759296417,-0.0949198380112648,0.8199565410614014,-0.44784092903137207,0.418571799993515,0.9560011029243469,-0.6608822345733643,0.9246340394020081,1.1358286142349243,-1.0355790853500366,1.1058931350708008,-0.3972647488117218,0.05621899664402008,0.45118001103401184,-1.753866195678711,-3.141522169113159,3.617800712585449,0.20876237750053406,-1.2523107528686523,0.13415062427520752,14.897504806518555,-1.3771257400512695,1.8287055492401123,-0.058429185301065445,-0.3397410809993744,0.7279487252235413,0.4457605481147766,0.13984233140945435,0.9682561159133911,0.8689255714416504,0.7673335075378418,0.9200946092605591,-0.00658491812646389,-1.467755675315857,1.1624952554702759
67,0.12667019665241241,-0.31874769926071167,0.878756046295166,-0.1371394693851471,-0.7742157578468323,1.1160849332809448,-0.5053368806838989,-1.2364455461502075,0.6882302761077881,-3.4613335132598877,-3.2284584045410156,-0.15449154376983643,2.9254345893859863,-3.841007947921753,-7.565210342407227,1.801192283630371,-0.3743245601654053,-0.3503933250904083,1.4203617572784424,-2.6957459449768066,-1.1953692436218262,0.6843942403793335,-0.8899038434028625,0.8690710067749023,0.04173794388771057,-2.8845534324645996,-0.512114405632019,-0.24188317358493805,-0.15879982709884644,-0.09543439000844955,0.8095377087593079,-0.42916637659072876,0.41169849038124084,0.9854333400726318,-0.6751087307929993,0.995442271232605,1.1376492977142334,-1.008331298828125,1.0501060485839844,-0.3742355704307556,0.061641253530979156,0.46086791157722473,-2.6294589042663574,-3.8846919536590576,3.8928775787353516,0.20779165625572205,-1.2209370136260986,0.1395587921142578,14.990471839904785,-1.3765487670898438,1.8486117124557495,-0.12647369503974915,-0.28158921003341675,0.7461398243904114,0.3923989236354828,0.06517503410577774,0.9568499326705933,0.9426302313804626,0.7871608734130859,0.8622671365737915,0.010036411695182323,-1.5075901746749878,1.1729724407196045
68,0.16851922869682312,-0.24060238897800446,0.8734185695648193,0.1281556487083435,0.16822268068790436,0.9847216010093689,-3.357177972793579,-2.712177038192749,2.758788824081421,-0.10505299270153046,-1.5575664043426514,-0.38996315002441406,2.3098554611206055,-3.7552359104156494,-7.4515180587768555,1.6544076204299927,-0.18287557363510132,-0.35472235083580017,1.4561147689819336,-2.6738104820251465,-1.275151252746582,0.0961172804236412,-1.6678780317306519,0.4059472978115082,-0.3272583782672882,-2.935499906539917,-1.7766088247299194,-0.23144781589508057,-0.15240590274333954,-0.08994977921247482,0.374752402305603,-0.3258608877658844,0.11728796362876892,1.1128829717636108,-0.6283261775970459,0.783257007598877,1.09793221950531,-0.9347602725028992,0.9814617037773132,0.22213630378246307,0.11992168426513672,0.9092639684677124,-2.016061305999756,-3.2180838584899902,3.8468148708343506,0.17334024608135223,-1.333143949508667,0.11650692671537399,11.212506294250488,-0.1260950267314911,1.2803144454956055,0.1507645845413208,0.28639522194862366,0.3190205693244934,0.4187450110912323,0.26586800813674927,1.5810190439224243,1.103453278541565,0.7609015703201294,1.530004858970642,-0.043732598423957825,-1.429254174232483,1.3401247262954712
69,0.04888475313782692,-0.3625510036945343,0.8759536147117615,-0.24334833025932312,-0.517541766166687,0.9772757887840271,-3.237886428833008,-2.8892464637756348,2.523780107498169,-3.0743982791900635,-3.178863525390625,0.05024588853120804,-1.4446817636489868,-0.818004846572876,-8.0523681640625,-0.11724652349948883,-0.41050660610198975,0.2663038969039917,1.4799617528915405,-2.6076080799102783,-1.1842420101165771,0.12419644743204117,-1.5936199426651,0.3803989589214325,-0.3970729112625122,-2.7854936122894287,-1.4739997386932373,-0.00561566511169076,-0.004167351871728897,-0.010828958824276924,0.8694187998771667,-0.3893894553184509,0.48673608899116516,1.16348135471344,-0.7099660634994507,0.9024123549461365,1.1261401176452637,-1.0443183183670044,0.8533238768577576,-0.1594436913728714,0.07595829665660858,0.028212379664182663,-2.275357246398926,-2.860424757003784,3.5973567962646484,0.5227171182632446,-0.47332116961479187,1.6015501022338867,11.027122497558594,0.3180527985095978,1.2897295951843262,0.1323247253894806,0.2969692647457123,0.45203840732574463,0.29265305399894714,0.04755187779664993,0.8910850286483765,0.050839152187108994,-0.16561904549598694,1.003693699836731,-0.09157251566648483,-1.4377883672714233,1.220645785331726
70,0.7186709046363831,0.246750608086586,0.6043261289596558,-0.2781451642513275,-0.5182270407676697,0.9594876766204834,-3.349846363067627,-2.8819968700408936,2.0663986206054688,0.21695461869239807,-1.4474766254425049,-0.4769912362098694,-0.8059797286987305,-0.7038974165916443,-9.155829429626465,-0.09457230567932129,-0.34460338950157166,0.19254927337169647,1.3676254749298096,-2.69208025932312,-1.17707097530365,0.03259315341711044,-1.7246122360229492,0.2994137704372406,-1.361825704574585,-1.78578782081604,-2.6165108680725098,-0.004892301745712757,-0.005009065847843885,-0.008046764880418777,0.457351952791214,-0.22572936117649078,-0.2125917226076126,0.13552391529083252,-0.5237847566604614,0.41914743185043335,-4.50639009475708,-1.3054136037826538,1.649941086769104,-0.05347433686256409,0.351444810628891,0.7707829475402832,-2.2964911460876465,-2.821958065032959,3.3384006023406982,0.2078627347946167,-0.5214322209358215,0.2020421326160431,10.475763320922852,0.37578949332237244,1.321216106414795,0.1365496814250946,0.22981172800064087,0.3358018696308136,0.060867439955472946,0.09760550409555435,1.1856811046600342,0.2383628636598587,0.03631390631198883,1.0398011207580566,-0.10074767470359802,-1.020683765411377,1.1940706968307495
71,-0.03967539221048355,-0.3804851174354553,0.797924280166626,-0.2985202670097351,-0.5589106678962708,0.9371312260627747,-3.5045807361602783,-3.107893705368042,2.0712733268737793,0.15759946405887604,-1.3735657930374146,-0.5523555278778076,-1.107354998588562,-0.8267257809638977,-9.403399467468262,-0.12307904660701752,-0.41200509667396545,0.2626514732837677,0.21544572710990906,-0.8105275630950928,0.5223713517189026,0.1295609176158905,-1.740835428237915,0.2067020833492279,-1.2458667755126953,-2.028369665145874,-2.6801340579986572,-0.007617581635713577,-0.006720709148794413,-0.01204841211438179,0.8864117860794067,-0.35415926575660706,0.41231781244277954,1.2488685846328735,-0.8349093198776245,0.9574863910675049,1.0998071432113647,-1.2298815250396729,0.7238985300064087,0.07129090279340744,0.26600557565689087,0.09979040175676346,-2.658078908920288,-2.9481289386749268,3.6145551204681396,0.3935672640800476,-0.41430985927581787,1.6011524200439453,11.185998916625977,-0.034510351717472076,1.2691649198532104,0.14225679636001587,0.2835215926170349,0.40048351883888245,0.812955379486084,-1.3199265003204346,0.060702644288539886,0.3134598135948181,-0.49132242798805237,0.4378735423088074,-0.035163551568984985,-1.3028000593185425,1.3501709699630737
72,-0.04606956988573074,-0.28123942017555237,0.83034747838974,-0.3043677806854248,-0.502119779586792,0.9485028386116028,-3.4561901092529297,-3.392643451690674,2.0750248432159424,-3.0792484283447266,-3.3427112102508545,0.06746108084917068,-1.5009616613388062,-0.7730783820152283,-9.183075904846191,-0.13899452984333038,-0.3614361584186554,0.26387035846710205,1.6546950340270996,-1.2066004276275635,-0.788306713104248,0.5716323256492615,-0.6733118295669556,1.0447567701339722,-0.5445817708969116,-2.914447069168091,-2.2759499549865723,-0.009189658798277378,-0.008572655729949474,-0.013242288492619991,0.8658204078674316,-0.4432608187198639,0.3407440483570099,0.11071615666151047,-0.6101735234260559,0.4474233388900757,1.1943179368972778,-0.9535599946975708,0.8307083249092102,-0.12951821088790894,0.3548944592475891,0.4553196132183075,-2.3288116455078125,-2.8975396156311035,3.6486878395080566,0.4407346546649933,-0.3674793541431427,1.5851877927780151,10.08339786529541,0.32895180583000183,1.2324212789535522,0.1423061490058899,0.2612342834472656,0.42738431692123413,0.33824360370635986,-0.04910264164209366,1.2136722803115845,-0.022852260619401932,-0.18996700644493103,0.894379198551178,-0.10352970659732819,-1.4280599355697632,1.1304703950881958
73,0.697812557220459,0.11655993014574051,0.5738924145698547,-0.04468372464179993,-0.5469378232955933,0.499813437461853,-3.5819530487060547,-3.3222453594207764,2.003167152404785,-3.1538052558898926,-3.383357048034668,-0.13354459404945374,-0.5682022571563721,-0.4580758512020111,-8.892380714416504,-0.06800150871276855,-0.3703887462615967,0.22129976749420166,1.3570438623428345,-2.5971670150756836,-1.078109860420227,1.6449329853057861,-1.1293487548828125,-1.4366910457611084,-0.6686144471168518,-2.6944785118103027,-2.092731475830078,-0.282778263092041,-0.17461802065372467,-0.11460618674755096,0.4641002416610718,-0.25782743096351624,-0.11503716558218002,2.664950132369995,-0.5098242163658142,-1.9366397857666016,0.6773071885108948,-1.79839289188385,1.7162028551101685,-0.17786267399787903,0.08643075823783875,0.4879050850868225,-2.5097270011901855,-2.9341981410980225,3.5385942459106445,0.39216339588165283,-0.544880747795105,1.7024757862091064,11.094165802001953,0.10998841375112534,1.4483715295791626,-0.18340352177619934,-0.26914116740226746,0.2617632746696472,0.20862142741680145,0.13192161917686462,1.2373234033584595,-0.12710072100162506,-1.1041357517242432,0.5231876969337463,-0.048907652497291565,-1.1296145915985107,1.3836225271224976
74,0.28717684745788574,0.015589216724038124,0.6984081268310547,-0.003745049238204956,-0.5570436120033264,0.5081580877304077,-3.430701732635498,-3.0541138648986816,2.0018112659454346,-1.5643293857574463,-3.676358461380005,2.3484609127044678,-0.7286175489425659,-0.38749459385871887,-8.784363746643066,-0.06492263078689575,-0.32657432556152344,0.23439782857894897,1.4500845670700073,-2.7797768115997314,-1.035560131072998,1.7299634218215942,-1.9665101766586304,-1.4371800422668457,-0.9028381109237671,-2.8979711532592773,-1.3127715587615967,-0.29001283645629883,-0.18252678215503693,-0.11650831252336502,0.442322313785553,-0.2818928062915802,-0.09957266598939896,0.25996455550193787,-0.5448676943778992,0.3281770646572113,0.6774272918701172,-1.7184393405914307,1.813720703125,-0.17056609690189362,0.04277404770255089,0.5632584095001221,-2.48115611076355,-3.0172579288482666,3.4913275241851807,0.34565791487693787,-0.5861902832984924,1.6946897506713867,11.1093111038208,0.09450402110815048,1.4076992273330688,0.1633249670267105,0.2273978292942047,0.3809677064418793,0.22038407623767853,0.1538236141204834,1.4808392524719238,-0.04390076920390129,-0.6629085540771484,0.669061541557312,-0.0391511470079422,-1.2570515871047974,1.3569953441619873
75,0.641119658946991,0.09773184359073639,0.45956724882125854,-0.3534673750400543,-0.624241828918457,1.1999690532684326,-4.383216381072998,-4.473186492919922,0.49717456102371216,0.23079848289489746,-0.35930097103118896,0.9951693415641785,-1.3511953353881836,-1.3592647314071655,-8.080876350402832,0.09159496426582336,-0.4718441963195801,0.43295207619667053,1.1116732358932495,-2.9252381324768066,-0.9233139157295227,1.6364643573760986,-1.4583325386047363,-0.9823674559593201,-0.645651638507843,-2.894723653793335,-1.2863731384277344,-0.2562245726585388,-0.15852981805801392,-0.10694713145494461,0.5297726988792419,-0.28054457902908325,-0.16322708129882812,0.3223404884338379,-0.6055728197097778,0.3118852376937866,1.1210424900054932,-0.9414776563644409,0.7020106911659241,-0.05236780643463135,0.1584400087594986,0.08114456385374069,-2.222850799560547,-2.577049970626831,3.200697660446167,0.165606290102005,-1.344534158706665,0.1888037621974945,9.701061248779297,0.24877431988716125,1.0929450988769531,-0.40295106172561646,-0.553112268447876,0.2596670687198639,0.0650181770324707,-1.0863393545150757,0.14255565404891968,0.004256002604961395,-1.0717980861663818,0.3647468090057373,0.15565349161624908,-1.4223512411117554,1.2648283243179321
76,0.3478854298591614,-1.0724903345108032,0.4383091926574707,-0.2941119968891144,-0.5745445489883423,1.2893341779708862,-0.6345052123069763,-1.2306889295578003,0.8650040626525879,0.2465372085571289,-0.48550599813461304,1.0089808702468872,-1.2844173908233643,-1.4706580638885498,-8.219186782836914,-0.0009728036820888519,0.24381616711616516,0.012722764164209366,1.11189603805542,-2.918645143508911,-0.8652802109718323,1.5848867893218994,-1.3897273540496826,-1.0584074258804321,-0.6445086598396301,-2.897707462310791,-1.1910513639450073,-0.2512350082397461,-0.15494565665721893,-0.10711364448070526,0.5882949233055115,-0.2524827718734741,-0.22032684087753296,0.36794513463974,-0.6511993408203125,0.32253897190093994,1.1205005645751953,-0.9692682027816772,0.6248043179512024,-0.4491637051105499,-0.20126643776893616,0.3237220346927643,-2.0413405895233154,-2.414363145828247,3.0390524864196777,-4.967240333557129,-0.13158246874809265,-5.828593730926514,0.031769171357154846,0.05400080978870392,1.1463005542755127,-0.6220983266830444,0.5038354396820068,0.2717578113079071,0.17403437197208405,0.2906841039657593,1.0710784196853638,-0.008279133588075638,-1.041769027709961,0.31570443511009216,0.1688508540391922,-1.5305089950561523,1.208233118057251
77,0.6341628432273865,0.08756426721811295,0.41619187593460083,-0.2625930905342102,-0.4005320072174072,1.0786491632461548,-3.809084892272949,-4.009456634521484,0.5026264190673828,0.21826690435409546,-0.5834242105484009,0.9074212908744812,-1.1458090543746948,-0.7951675057411194,-7.555055618286133,-0.012828316539525986,0.19664084911346436,0.12783607840538025,0.9638564586639404,-2.6881000995635986,-0.7438069581985474,1.3974096775054932,-1.3586490154266357,-0.8203095197677612,-0.43144291639328003,-2.3059897422790527,-1.73456871509552,-0.22496485710144043,-0.13461557030677795,-0.10102402418851852,0.6587576866149902,-0.3001140058040619,-0.3107092082500458,-0.055873848497867584,-0.8206241726875305,0.6503131985664368,1.0876539945602417,-0.8218628764152527,0.670171856880188,0.02113567478954792,0.34156885743141174,0.7017563581466675,-2.213074207305908,-2.9980084896087646,3.144510507583618,-5.41260290145874,-0.4172395169734955,-5.896286487579346,10.531982421875,0.10595383495092392,1.204304814338684,-0.2293543964624405,0.026168376207351685,0.8594553470611572,0.7758840918540955,1.4261964559555054,0.7973953485488892,0.017069723457098007,-0.9933680295944214,0.2871737778186798,-0.020709024742245674,-1.4730361700057983,1.370010495185852
78,0.6364840269088745,0.05025152117013931,0.40808212757110596,0.04253176599740982,-0.09320320934057236,1.2440906763076782,-0.620415449142456,-0.6637516021728516,0.7553081512451172,0.22315123677253723,-0.6492897868156433,0.8936135172843933,-1.1591103076934814,-0.7527102828025818,-7.733211994171143,-0.10104767978191376,-0.4939402937889099,0.3373516798019409,1.0206012725830078,-2.651771068572998,-0.6744974255561829,0.8164286017417908,-0.3777346909046173,1.004712462425232,-0.3478080928325653,-2.265665054321289,-1.7457157373428345,-0.006408079992979765,-0.0035312806721776724,-0.010919343680143356,0.6792900562286377,-0.35663145780563354,-0.23651383817195892,-0.04227729141712189,-0.8386510610580444,0.6283804774284363,1.1318098306655884,-0.8064970374107361,0.6443243026733398,0.059937313199043274,1.2598696947097778,0.03057686984539032,-2.4493868350982666,-3.0871338844299316,3.2671375274658203,-5.624120235443115,-0.3678520619869232,-5.877828598022461,10.727302551269531,0.07946797460317612,1.257123589515686,-0.4828925132751465,0.4643058776855469,0.4129149317741394,0.8045603632926941,1.590862512588501,0.7582500576972961,0.03507476672530174,-0.924965500831604,0.3012351095676422,-0.3123336136341095,-1.6767268180847168,1.037672519683838
79,0.48377248644828796,0.1325417160987854,0.601773738861084,-0.13291698694229126,-0.5196900963783264,0.9855332970619202,-0.5811046361923218,-0.8702173233032227,0.6751576662063599,0.1010810136795044,-0.4091252088546753,0.8698959350585938,0.8424991965293884,-1.1146031618118286,0.3213827610015869,0.056964799761772156,0.041575029492378235,0.23189795017242432,-0.34489232301712036,-0.8229448795318604,0.4849083125591278,0.7223345041275024,-0.13796928524971008,1.8936811685562134,-0.8995283842086792,-2.9953808784484863,-0.9279245138168335,-0.23638500273227692,-0.14115212857723236,-0.10348746925592422,0.40049272775650024,-0.3954639732837677,0.08431686460971832,1.0253584384918213,-0.6690358519554138,0.6446012258529663,1.2567678689956665,0.5241069793701172,1.1428885459899902,-0.28718459606170654,-0.10019469261169434,0.7148253321647644,-2.2496979236602783,-3.3149585723876953,3.2784812450408936,0.2794165313243866,-0.4569801390171051,1.2585878372192383,0.05223734676837921,0.023913994431495667,1.1867235898971558,-0.0920364111661911,-0.1709650754928589,-0.038628026843070984,-0.005120565183460712,-0.07264945656061172,0.34959784150123596,0.06852823495864868,-1.3745806217193604,0.39662179350852966,-0.036285266280174255,-1.2871109247207642,1.2035239934921265
80,0.5001410245895386,0.1266009360551834,0.5780069231987,0.09686217457056046,-0.7202607989311218,0.8052269220352173,-0.5705340504646301,-0.8492600321769714,0.6064325571060181,0.09290853142738342,-0.43335098028182983,0.8108037710189819,0.8823699355125427,-1.193104863166809,0.3106440305709839,0.06276014447212219,0.0962408259510994,0.22166204452514648,0.9026693105697632,-2.5551071166992188,-0.31596019864082336,0.6819353103637695,-0.20933155715465546,1.97833251953125,-0.7867841124534607,-2.965911626815796,-1.0273135900497437,-0.22661380469799042,-0.1340780258178711,-0.10300782322883606,0.38961881399154663,-0.40567442774772644,0.06310883164405823,0.12415366619825363,-0.8051839470863342,0.3110075294971466,1.3383162021636963,0.4786662757396698,1.1322284936904907,-0.2645260691642761,-0.006646409630775452,0.7264364957809448,-2.1228673458099365,-3.3231942653656006,3.1355133056640625,0.24705378711223602,-0.807563304901123,0.027212463319301605,0.11472108960151672,0.0018330663442611694,1.2701152563095093,-0.09088338911533356,-0.1104854866862297,-0.046675167977809906,0.003317980095744133,-0.14508962631225586,0.3245186507701874,0.08653272688388824,-1.3329694271087646,0.39543089270591736,-0.007037295028567314,-1.3781100511550903,1.200417399406433
81,0.4875890910625458,0.11760547012090683,0.5789291858673096,-0.1373346745967865,-0.49494075775146484,0.9954752922058105,-0.6041305661201477,-0.920263409614563,0.7362828254699707,0.11472214758396149,-0.4317496418952942,0.8400543928146362,-1.359826922416687,-0.46766915917396545,-8.045129776000977,0.05474002659320831,0.010206520557403564,0.26290833950042725,0.9947218894958496,-2.58310866355896,-0.4591832756996155,0.7379752993583679,-0.22989490628242493,1.9724781513214111,-0.8984379768371582,-2.990449905395508,-0.9600316882133484,-0.14459708333015442,-0.08218337595462799,-0.0866076871752739,0.43929165601730347,-0.40145519375801086,0.08515186607837677,1.0974987745285034,-0.6516568064689636,0.6233847737312317,1.2627935409545898,0.5128563642501831,1.330387830734253,-0.34990617632865906,-0.044485051184892654,0.6305615901947021,-2.355374336242676,-3.4412412643432617,3.3638908863067627,0.24796324968338013,-0.8682864308357239,0.06120724976062775,10.391082763671875,0.10940297693014145,1.2318569421768188,-0.5011694431304932,0.43996959924697876,0.5605403184890747,-0.07160422205924988,-0.0017490759491920471,0.3931454122066498,0.09340113401412964,-1.3793692588806152,0.3980235457420349,-0.06740971654653549,-1.3297804594039917,1.200228214263916
82,0.6263142228126526,0.07550816982984543,0.41146036982536316,0.20093047618865967,-0.5672208666801453,1.006718397140503,-0.4768093526363373,-0.6708628535270691,0.575215220451355,0.17104414105415344,-0.47981011867523193,0.8834084272384644,-1.243823766708374,-0.4868885576725006,-7.760860443115234,-0.07711897790431976,0.1043706163764,-0.0023970454931259155,0.9614563584327698,-2.399414539337158,-0.6991280913352966,0.7014507055282593,-0.20908446609973907,0.856085479259491,-0.37999358773231506,-2.316251754760742,-1.6665010452270508,-0.006238978356122971,-0.0022226290311664343,-0.012462398037314415,0.5764614343643188,-0.37188827991485596,-0.16625399887561798,-0.0637560710310936,-0.7885337471961975,0.44144266843795776,1.4529666900634766,0.5949264764785767,1.3368875980377197,0.033518657088279724,1.2163149118423462,0.16204515099525452,-2.289212703704834,-3.1079344749450684,3.3859691619873047,0.33164283633232117,-0.7783157229423523,1.4943273067474365,0.09115676581859589,-0.4221096932888031,1.2122304439544678,-0.6049020886421204,-0.6068015694618225,0.9733844995498657,0.669751763343811,1.4158930778503418,0.8640885949134827,0.019769471138715744,-0.8881871700286865,0.2691538631916046,-0.4580320119857788,-1.335674524307251,1.2658199071884155
83,0.5956532955169678,0.06854978203773499,0.40929651260375977,0.22939693927764893,-0.5902933478355408,1.012105107307434,-0.429713636636734,-0.7382962107658386,0.6930760741233826,0.15936735272407532,-0.47467708587646484,0.8806138634681702,-1.0352901220321655,-0.46030327677726746,-7.758064270019531,0.015456393361091614,-0.03702716529369354,0.13997550308704376,0.21668598055839539,-0.6340734958648682,0.3384689390659332,1.6660137176513672,-1.2359918355941772,-1.3137617111206055,-0.4959653615951538,-2.056887626647949,-1.6017670631408691,-0.24034520983695984,-0.1429349184036255,-0.10945509374141693,0.22498919069766998,-0.5515703558921814,0.08735182881355286,-0.06793326884508133,-0.7143933773040771,0.368838369846344,1.4140067100524902,0.8391615748405457,1.6756091117858887,-0.2769935727119446,-0.22344981133937836,0.6816241145133972,-2.097114086151123,-3.236196756362915,3.356257200241089,0.2639411687850952,-0.8388426899909973,0.03724367171525955,-0.006100974977016449,-0.4247860014438629,1.1646182537078857,-0.29554712772369385,0.42021554708480835,0.504173219203949,0.505890965461731,0.5076521039009094,1.2367891073226929,0.001927848905324936,-0.8612407445907593,0.27178770303726196,-0.43349337577819824,-1.1144365072250366,1.1654387712478638
84,0.5906209945678711,0.06402824819087982,0.4094879925251007,0.20964813232421875,-0.7608246207237244,0.8927933573722839,-0.37808576226234436,-0.8491076827049255,0.481408953666687,0.11760050058364868,-0.4662157893180847,0.7921005487442017,-1.007988691329956,-0.535020112991333,-7.687948703765869,-0.003201410174369812,-0.07777427136898041,0.03400538116693497,0.22881150245666504,-0.6036909222602844,0.3553828001022339,1.6585408449172974,-1.2013931274414062,-1.3060452938079834,-0.5183957815170288,-2.1757736206054688,-1.4597591161727905,-0.2415168136358261,-0.14512963593006134,-0.10912534594535828,0.23008228838443756,-0.5417318940162659,0.10382401943206787,0.23432746529579163,-0.6721649765968323,0.30095380544662476,1.3604907989501953,0.6613831520080566,1.5706855058670044,-0.00038294680416584015,0.8493971824645996,0.07239209115505219,-2.0338916778564453,-3.4168803691864014,3.2296574115753174,0.11684975028038025,-0.32529911398887634,1.0087307691574097,-0.3630673885345459,-0.6011322140693665,1.3674798011779785,0.025012508034706116,0.8892378211021423,0.6118529438972473,1.1256320476531982,1.1941566467285156,0.13195252418518066,0.07550279796123505,-1.3095717430114746,0.27383559942245483,-0.33077171444892883,-1.1639057397842407,1.1383296251296997
85,0.5922590494155884,0.0699768215417862,0.40592169761657715,0.2762259244918823,-0.663135826587677,0.9543305039405823,-0.36264297366142273,-0.7621793746948242,0.548180341720581,0.16608676314353943,-0.45014768838882446,0.818851113319397,-1.0009735822677612,-0.5531877279281616,-7.703650951385498,-0.013572607189416885,-0.005440965294837952,0.030527833849191666,0.2720884680747986,-0.5962627530097961,0.3529346287250519,1.6078439950942993,-1.2502131462097168,-1.2772822380065918,-0.5088669061660767,-2.083815336227417,-1.5790413618087769,-0.006483627483248711,-0.002616217592731118,-0.011413313448429108,0.26703107357025146,-0.5296847224235535,0.08596615493297577,0.2765815854072571,-0.6548604369163513,0.3009161055088043,1.4435847997665405,0.7803853154182434,1.5598632097244263,-0.2592758536338806,-0.11497700214385986,0.7882410883903503,-2.037092685699463,-3.1833574771881104,3.28780198097229,0.26726481318473816,-0.7023339867591858,1.4284480810165405,-0.01376032829284668,-0.483320027589798,1.172441005706787,-0.5375474691390991,-0.5709799528121948,0.8190658688545227,0.2528313398361206,0.8456980586051941,0.5384182333946228,0.03123987838625908,-0.8478734493255615,0.30267447233200073,-0.366412878036499,-1.0607587099075317,1.1930195093154907
86,0.604935348033905,0.061082690954208374,0.42829006910324097,-0.17631015181541443,-0.4408145546913147,0.932931661605835,-4.019033908843994,-4.337448596954346,0.6241486072540283,-2.428138494491577,-3.221717596054077,0.2033015489578247,1.7580351829528809,-2.0668163299560547,0.1832878738641739,-0.08419619500637054,-0.42863139510154724,0.2738577425479889,1.0317763090133667,-2.45206356048584,-0.914996862411499,0.708228588104248,-0.050407081842422485,0.8624927401542664,-0.05428094416856766,-2.126441478729248,-1.2867603302001953,-0.24275943636894226,-0.14955434203147888,-0.10837775468826294,0.3768295645713806,-0.32371073961257935,-0.10114965587854385,0.013637397438287735,-0.5240538716316223,0.358294278383255,0.4879112243652344,-1.0275870561599731,1.9690443277359009,-0.3510214388370514,-0.370349645614624,0.6758940815925598,-2.1002655029296875,-2.7143001556396484,3.120572328567505,0.15358442068099976,-0.8417608737945557,1.4217056035995483,12.136831283569336,-0.043793536722660065,1.4821292161941528,-0.40267956256866455,0.5374011993408203,0.3128902018070221,0.051214318722486496,-0.9082664251327515,0.23718097805976868,-0.04023643210530281,-0.9610271453857422,0.4200229048728943,0.05844831466674805,-1.0946382284164429,1.3010526895523071
87,0.2460964173078537,0.308099627494812,0.7104026675224304,-0.11187595129013062,-0.506243109703064,1.3111915588378906,-4.260282039642334,-4.500374794006348,0.6237413883209229,-2.6246800422668457,-3.274815320968628,0.13343751430511475,-1.0742141008377075,-0.41896864771842957,-7.31082820892334,-0.12894876301288605,-0.40226981043815613,0.26691606640815735,1.0494539737701416,-2.5393779277801514,-0.8548049926757812,1.4061660766601562,-1.3993721008300781,-0.6910997033119202,-0.18771123886108398,-2.2272613048553467,-1.2311418056488037,-0.006632429081946611,-0.004413241054862738,-0.010539770126342773,0.3574344515800476,-0.26168134808540344,-0.0537828728556633,0.04143109545111656,-0.534937858581543,0.3638016879558563,1.0090428590774536,-0.8274889588356018,0.7716138958930969,-0.44725561141967773,-0.23040266335010529,0.7323791980743408,-2.1168715953826904,-2.754380941390991,3.2000300884246826,0.4295424818992615,-0.49676427245140076,1.3964906930923462,11.983510971069336,-0.015481747686862946,1.4594961404800415,-0.4117248058319092,0.5476608872413635,0.37572795152664185,0.20216266810894012,0.19061914086341858,1.1931378841400146,-0.029180485755205154,-0.9721118211746216,0.44560396671295166,-0.04470660537481308,-1.2276135683059692,1.1969189643859863
88,0.5824016332626343,0.11984094977378845,0.4401935935020447,0.1378231793642044,-0.253387451171875,0.8081132173538208,-3.1087591648101807,-3.5399582386016846,0.41561609506607056,-1.861648440361023,-2.7933452129364014,0.17851829528808594,-0.8375442624092102,-0.5597367882728577,-6.687955856323242,-0.14708462357521057,-0.3789476156234741,0.28692448139190674,-0.0435982421040535,-1.3531830310821533,1.9943981170654297,1.6175845861434937,-1.1364555358886719,-1.1053539514541626,-0.21633216738700867,-2.4093832969665527,-0.7919604182243347,-0.233531653881073,-0.1375633031129837,-0.11473969370126724,0.14634136855602264,-0.6099016666412354,0.08894936740398407,0.030349180102348328,-0.6759586334228516,0.30569544434547424,0.3734443783760071,-1.310511589050293,1.1175692081451416,-0.4015812277793884,-0.29708582162857056,0.8415321111679077,-2.1905341148376465,-2.9675304889678955,3.1828298568725586,0.3110063672065735,-0.8138746619224548,0.02035883069038391,10.155892372131348,0.4010137617588043,1.17399001121521,0.11180335283279419,-0.1005949005484581,-0.006582821719348431,0.5034121870994568,0.009856559336185455,0.6840501427650452,-0.028932340443134308,-0.8239120244979858,0.40374404191970825,1.2436840534210205,0.3878833055496216,1.953299641609192
89,0.5921829342842102,0.09671519696712494,0.4143451750278473,0.1400442123413086,-0.21101956069469452,0.8201788067817688,0.4532647430896759,-1.1984728574752808,0.08779367059469223,0.3929368257522583,-0.47571223974227905,1.0500974655151367,-1.0436608791351318,-0.3484613001346588,-7.116365432739258,-0.15521791577339172,-0.3330884873867035,0.35971805453300476,0.8944006562232971,-1.9505562782287598,-0.8587280511856079,1.6520578861236572,-1.1815752983093262,-1.185652494430542,-0.2893008291721344,-2.519868850708008,-1.0251867771148682,-0.2412206381559372,-0.14140701293945312,-0.12030283361673355,0.3480464518070221,-0.6636673212051392,0.10139060020446777,0.11680978536605835,-0.5779619812965393,0.33028197288513184,0.37175172567367554,-1.3472793102264404,1.0902284383773804,-0.0675487071275711,-0.11887301504611969,-0.045476485043764114,-2.498579740524292,-3.214337110519409,3.484926700592041,-1.0516164302825928,-2.1059329509735107,-7.013566493988037,10.091796875,0.37449029088020325,1.1591174602508545,-0.179865762591362,0.45973077416419983,0.525063693523407,0.41700559854507446,0.6004636287689209,1.255259394645691,0.010441135615110397,-0.8470548391342163,0.3574375808238983,1.33491849899292,-0.22451791167259216,1.7154548168182373
90,0.5728234052658081,0.07032551616430283,0.4083206057548523,-0.2031383514404297,-0.5401641726493835,0.8810014724731445,-0.7737822532653809,-0.7900238633155823,0.8749476671218872,0.4829466938972473,-0.5187830924987793,0.9642642140388489,-1.176177740097046,-0.8503843545913696,-6.9346442222595215,-0.1183849573135376,-0.23322036862373352,0.34761837124824524,0.898618221282959,-2.40104341506958,-0.5948476791381836,2.7702901363372803,-1.8928706645965576,-2.547344923019409,-0.37561699748039246,-2.237741470336914,-1.48337984085083,-0.23110923171043396,-0.13644248247146606,-0.10874141752719879,0.30129319429397583,-0.271480917930603,0.025842532515525818,0.0031123682856559753,-0.5024659633636475,0.3147777318954468,0.14788275957107544,-1.1974290609359741,1.592103362083435,-0.09182044118642807,0.08939170837402344,0.6344870924949646,-2.2973203659057617,-3.0514426231384277,3.066930055618286,0.02206781879067421,-0.9418518543243408,-0.18736663460731506,10.887999534606934,0.012698613107204437,1.2070074081420898,-0.30810946226119995,-0.33575981855392456,0.21778830885887146,2.305582046508789,6.947208404541016,-3.017845630645752,0.01566469855606556,-0.7938039302825928,0.40681320428848267,0.1620388776063919,-1.5991746187210083,1.0643037557601929
91,0.5793567299842834,0.028642980381846428,0.3823893368244171,0.217060387134552,-0.7826372981071472,0.9147542119026184,-0.420503705739975,-0.8248786926269531,0.5823164582252502,-0.9875862002372742,-2.0987765789031982,0.2850063145160675,-0.9794944524765015,-0.40969929099082947,-7.0705461502075195,-0.07815024256706238,-0.416476309299469,0.2270948886871338,0.8336295485496521,-2.3169729709625244,-0.4409804046154022,1.5172327756881714,-1.03362238407135,-1.177729606628418,0.22565627098083496,-1.4383021593093872,-3.8790011405944824,-0.22921067476272583,-0.13737152516841888,-0.11047791689634323,0.1871073693037033,-0.5316125750541687,0.0798623263835907,0.15495067834854126,-0.6420565843582153,0.3240529000759125,0.4389422535896301,-1.2302663326263428,1.110499382019043,-0.26377028226852417,-0.25600048899650574,0.9042563438415527,-2.595547676086426,-3.471374750137329,3.1459834575653076,0.08033755421638489,-0.9513211250305176,-0.11555209010839462,10.941960334777832,0.22401776909828186,1.4333986043930054,0.031003519892692566,0.6857467889785767,0.17391502857208252,2.272761583328247,8.624184608459473,-2.351591110229492,0.08883984386920929,-1.1568479537963867,0.32146701216697693,0.6408084630966187,-0.34008583426475525,0.8071558475494385
92,0.5230991840362549,0.043029531836509705,0.44005075097084045,-0.3438464105129242,-0.8474045395851135,0.18696998059749603,-0.6301717162132263,-0.8055815100669861,0.7270606756210327,0.10581686347723007,-0.471771776676178,0.8199705481529236,-1.305881381034851,-0.32188090682029724,-7.672804355621338,0.054902464151382446,0.1542356312274933,0.156809002161026,1.5679388046264648,-0.9286496043205261,-0.4015015661716461,2.2847750186920166,-0.8146139979362488,-1.8279333114624023,-0.3140600621700287,-1.5771305561065674,-3.9904348850250244,-0.13514962792396545,-0.07650138437747955,-0.08596756309270859,0.20143932104110718,-0.5186097621917725,0.17003042995929718,0.09490294009447098,-0.8931681513786316,0.3137497305870056,0.6377044916152954,-1.1711674928665161,1.443488597869873,-0.47370561957359314,-0.3685057461261749,0.572165846824646,-2.8777339458465576,-3.578348159790039,3.28376841545105,0.14831438660621643,-0.8940832018852234,0.11059374362230301,-0.1818636953830719,-0.39730724692344666,1.5157922506332397,0.13201168179512024,0.97116619348526,0.11452317982912064,2.0262763500213623,8.80837631225586,-2.133155107498169,0.13944561779499054,-1.1328997611999512,0.3640305995941162,0.059016041457653046,-1.5212278366088867,1.1654330492019653
93,0.5752206444740295,0.04282238334417343,0.39658546447753906,0.25701022148132324,-0.5833528637886047,0.9851983785629272,-0.4290558397769928,-0.7178710699081421,0.7025033235549927,0.21659459173679352,-0.5067223310470581,0.7179285287857056,-0.8256901502609253,-0.480303019285202,-7.0056328773498535,-0.11259032785892487,-0.39938005805015564,0.21823108196258545,0.8184240460395813,-2.264594554901123,-0.40815994143486023,0.8889369964599609,-0.3035237193107605,1.7122057676315308,0.1624564528465271,-1.4497756958007812,-3.545947790145874,-0.12157783657312393,-0.06553546339273453,-0.08335524797439575,0.2467152178287506,-0.5423122644424438,0.046336375176906586,0.17191587388515472,-0.6232084631919861,0.254799485206604,0.38740718364715576,-1.2666040658950806,1.034590721130371,-0.2828102111816406,-0.38265788555145264,0.8892766237258911,-2.3115549087524414,-3.224327802658081,2.974959135055542,0.0930052250623703,-0.9318728446960449,-0.13571056723594666,9.905488967895508,0.5170689821243286,1.270181655883789,-0.36863142251968384,0.4139467179775238,0.535182535648346,2.407452344894409,7.641514778137207,-2.827066421508789,0.008118541911244392,-0.9538899660110474,0.2540258467197418,1.002260446548462,-0.5691440105438232,0.5294632315635681
94,0.5577632784843445,0.10652810335159302,0.49049460887908936,-0.09854213893413544,-0.8285959362983704,0.7425480484962463,-0.6675613522529602,-0.824950635433197,0.4831080436706543,-0.958469569683075,-1.9506571292877197,0.1915537416934967,-1.1801159381866455,-0.5922296047210693,-7.095253944396973,-0.10086087882518768,0.20371198654174805,-0.1780892312526703,1.5319664478302002,-0.9741312861442566,-0.48967310786247253,1.2491058111190796,-0.8607226014137268,-1.2473576068878174,-1.0282896757125854,-2.602543354034424,-0.800639808177948,-0.22796215116977692,-0.13611891865730286,-0.11479770392179489,-0.01985824666917324,-0.5563009977340698,0.22950518131256104,0.06440737098455429,-0.9793341159820557,0.286662220954895,0.6205142736434937,-0.6943535208702087,0.9741137623786926,-0.1660270392894745,-0.04090050235390663,1.146862506866455,-2.5603108406066895,-3.4647557735443115,3.029801368713379,0.4398188591003418,-0.5080761909484863,1.279639720916748,9.191286087036133,0.5861458778381348,1.1833046674728394,-0.20309098064899445,-0.15229961276054382,-0.0015289932489395142,0.46046173572540283,0.4228432774543762,1.1435168981552124,0.31665781140327454,-1.248823881149292,0.46195080876350403,0.5767417550086975,-0.2562118172645569,0.7006898522377014
95,0.5534688830375671,0.11722143739461899,0.5233538150787354,-0.45294618606567383,-1.0040287971496582,0.042686671018600464,-0.7511504292488098,-0.7523581385612488,0.9796875715255737,-1.2210520505905151,-2.1196858882904053,0.06122361868619919,0.1985815316438675,-2.0110230445861816,0.2900029718875885,-0.04470093175768852,0.2528623044490814,0.10157870501279831,1.4692556858062744,-1.0110516548156738,-0.37173378467559814,2.1824371814727783,-0.8924059867858887,-1.8066928386688232,-0.1842670440673828,-2.38248348236084,-0.9251036047935486,-0.1285654455423355,-0.07037337124347687,-0.0850953683257103,0.5142297148704529,-0.3250965476036072,-0.01603144407272339,1.903574824333191,-1.3682830333709717,-2.1879796981811523,0.6355727314949036,-0.7140213847160339,1.0283628702163696,-0.2644309103488922,0.03364843875169754,0.1189294084906578,-2.5639941692352295,-3.7407073974609375,3.1130452156066895,1.1912059783935547,-0.17426052689552307,0.9687901139259338,-0.48533695936203003,-1.7093746662139893,0.9205376505851746,-0.10045311599969864,-0.020842470228672028,0.10186012089252472,0.11522503197193146,0.15883579850196838,0.2691356837749481,0.11791166663169861,-1.11830735206604,0.44312503933906555,-0.4104893207550049,-1.9414186477661133,1.025748610496521
96,0.531707763671875,0.04756002873182297,0.405587375164032,0.11491827666759491,-0.2423306703567505,1.016653060913086,-0.6549142003059387,-0.6318802833557129,0.81201171875,-0.5351184010505676,-1.3648048639297485,0.8310493230819702,-1.3138264417648315,-0.4142387807369232,-7.611057281494141,0.06780485808849335,0.04636570066213608,0.23122555017471313,1.439023733139038,-1.0667226314544678,-0.4621199369430542,2.151862382888794,-1.0286498069763184,-1.747268557548523,-0.04961807280778885,-1.543960452079773,-4.258081436157227,-0.13745829463005066,-0.07896681874990463,-0.08219847083091736,0.5336960554122925,-0.4354762136936188,0.40769779682159424,0.0727483406662941,-0.9409614205360413,0.2626861035823822,0.8500855565071106,-1.3227614164352417,2.1427903175354004,-0.8843021392822266,0.8201965093612671,-0.21768838167190552,-2.923963785171509,-3.8145365715026855,3.2436587810516357,0.25021976232528687,-0.5059208869934082,1.1607521772384644,0.949457049369812,0.5284777283668518,2.8629212379455566,-0.591951310634613,0.48101913928985596,0.21719376742839813,1.829769492149353,8.730961799621582,-2.038271427154541,0.01118067093193531,-1.073405146598816,0.44500669836997986,-0.25152090191841125,-1.6869217157363892,1.1674760580062866
97,0.5414519906044006,0.06816621124744415,0.4209553599357605,0.0765991136431694,-0.32250091433525085,0.8803622722625732,-0.68744295835495,-0.6015434265136719,0.7248735427856445,-0.5233182311058044,-1.3753504753112793,0.9775598645210266,-1.3314250707626343,-0.4450341761112213,-7.500013828277588,0.012235287576913834,0.18671557307243347,0.17143887281417847,1.3871368169784546,-1.048624038696289,-0.36550652980804443,2.1624279022216797,-0.8867803812026978,-1.7827680110931396,-0.2898169755935669,-1.7215582132339478,-4.220348358154297,-0.06507828086614609,-0.051645055413246155,-0.07097014784812927,0.523638904094696,-0.3380342125892639,0.3844469487667084,2.104309558868408,-1.2993168830871582,-2.320056438446045,0.6893386244773865,-1.1126171350479126,1.4651882648468018,-0.302250474691391,-0.06810793280601501,1.0290627479553223,-2.9518725872039795,-3.746354341506958,3.3834803104400635,0.23604567348957062,-0.4650992453098297,1.086956262588501,9.74626636505127,0.4118180572986603,1.3232941627502441,-0.483220636844635,0.5841379165649414,0.08120884746313095,1.8002398014068604,8.774635314941406,-1.9469430446624756,0.05761360749602318,-1.0474038124084473,0.439497172832489,-0.0997670516371727,-1.177042007446289,1.1115801334381104
