frame_id,j3d_recon_0,j3d_recon_1,j3d_recon_2,j3d_recon_3,j3d_recon_4,j3d_recon_5,j3d_recon_6,j3d_recon_7,j3d_recon_8,j3d_recon_9,j3d_recon_10,j3d_recon_11,j3d_recon_12,j3d_recon_13,j3d_recon_14,j3d_recon_15,j3d_recon_16,j3d_recon_17,j3d_recon_18,j3d_recon_19,j3d_recon_20,j3d_recon_21,j3d_recon_22,j3d_recon_23,j3d_recon_24,j3d_recon_25,j3d_recon_26,j3d_recon_27,j3d_recon_28,j3d_recon_29,j3d_recon_30,j3d_recon_31,j3d_recon_32,j3d_recon_33,j3d_recon_34,j3d_recon_35,j3d_recon_36,j3d_recon_37,j3d_recon_38,j3d_recon_39,j3d_recon_40,j3d_recon_41,j3d_recon_42,j3d_recon_43,j3d_recon_44,j3d_recon_45,j3d_recon_46,j3d_recon_47,j3d_recon_48,j3d_recon_49,j3d_recon_50,j3d_recon_51,j3d_recon_52,j3d_recon_53,j3d_recon_54,j3d_recon_55,j3d_recon_56,j3d_recon_57,j3d_recon_58,j3d_recon_59,j3d_recon_60,j3d_recon_61,j3d_recon_62
0,90.68148040771484,5.902744770050049,6.314957618713379,92.84056854248047,-9.306839942932129,-24.884342193603516,99.42373657226562,-5.370497703552246,3.636667490005493,78.2981948852539,-9.297470092773438,-11.673765182495117,56.912139892578125,-19.409753799438477,-35.91489028930664,93.07154846191406,-68.7182388305664,-30.01624870300293,116.52429962158203,-75.42947387695312,-50.61438751220703,100.36271667480469,-73.74199676513672,-65.61956024169922,84.83777618408203,-78.69720458984375,-82.84029388427734,80.7999496459961,-78.96367645263672,-14.092294692993164,53.92304992675781,-62.565757751464844,-11.446004867553711,76.83757019042969,-65.46106719970703,-7.189034938812256,78.21029663085938,-70.09862518310547,-32.546295166015625,66.37081146240234,-70.48509979248047,3.463780403137207,82.27774810791016,-88.4915771484375,-11.439821243286133,68.6087646484375,-107.63697814941406,-19.381441116333008,59.297889709472656,-94.6263198852539,-34.36966323852539,53.73027038574219,-60.785675048828125,15.2078218460083,69.95685577392578,-49.92070770263672,6.6519880294799805,80.34127807617188,-38.1146354675293,-4.30676794052124,87.01254272460938,-40.386451721191406,-21.901018142700195
1,90.68148040771484,5.902744770050049,6.314957618713379,94.80990600585938,-8.399859428405762,-25.114023208618164,103.04801177978516,-10.306356430053711,3.1840243339538574,89.72433471679688,-24.614177703857422,-14.532769203186035,56.03348159790039,-30.296951293945312,-21.860288619995117,99.21668243408203,-67.5271987915039,-31.489192962646484,122.35858917236328,-75.00836944580078,-52.173484802246094,105.39469146728516,-72.77364349365234,-66.18887329101562,90.5306167602539,-80.10090637207031,-83.19900512695312,87.18946838378906,-78.9384536743164,-16.183565139770508,59.58699417114258,-63.62187194824219,-14.853604316711426,82.32720184326172,-65.80630493164062,-9.4046630859375,83.57536315917969,-70.0634536743164,-34.797279357910156,71.69396209716797,-71.85523223876953,1.0796785354614258,88.08831787109375,-88.97754669189453,-14.329163551330566,73.92298889160156,-108.0837173461914,-21.453378677368164,64.93917083740234,-95.07012176513672,-36.614505767822266,58.07572555541992,-63.299530029296875,12.61780071258545,74.13487243652344,-52.353355407714844,3.8521690368652344,84.53340911865234,-37.03291320800781,-1.094364047050476,91.06050109863281,-40.358760833740234,-19.058795928955078
2,90.68148040771484,5.902744770050049,6.314957618713379,94.08175659179688,-7.538184642791748,-25.578128814697266,103.26683044433594,-7.826175689697266,2.490220546722412,90.22920989990234,-22.346437454223633,-15.266498565673828,55.99233627319336,-27.087419509887695,-20.705121994018555,99.07012176513672,-66.41819763183594,-33.60084533691406,121.9471664428711,-74.19760131835938,-54.46893310546875,105.23355102539062,-72.64080810546875,-68.87137603759766,90.93939971923828,-79.33512878417969,-86.56639099121094,87.64152526855469,-78.37907409667969,-18.256208419799805,59.414974212646484,-64.20430755615234,-17.48101234436035,67.6382064819336,-67.92430114746094,-39.16326141357422,71.91386413574219,-73.07669830322266,-65.140380859375,72.56271362304688,-71.95060729980469,-0.37866270542144775,88.68043518066406,-88.97904968261719,-16.17841148376465,74.351806640625,-108.16622161865234,-22.735788345336914,65.66880798339844,-95.12792205810547,-38.01194763183594,59.17494201660156,-63.87893295288086,11.762192726135254,74.70896911621094,-52.23805618286133,2.945432424545288,84.98474884033203,-36.85700607299805,-2.0690886974334717,90.83525085449219,-39.44815444946289,-20.229768753051758
3,90.68148040771484,5.902744770050049,6.314957618713379,94.52764129638672,-8.276763916015625,-25.205476760864258,104.2351303100586,-8.99222183227539,2.6788077354431152,91.82304382324219,-24.031761169433594,-15.093950271606445,68.97781372070312,-3.1022205352783203,-27.828903198242188,101.69898223876953,-67.12861633300781,-31.619094848632812,124.46733093261719,-74.74266815185547,-52.66626739501953,107.19038391113281,-72.76846313476562,-66.33407592773438,92.13697052001953,-78.84040832519531,-83.61448669433594,90.75125122070312,-79.07958221435547,-15.92022705078125,62.30060577392578,-65.33829498291016,-15.907943725585938,84.92630767822266,-67.0376205444336,-9.844141006469727,85.99104309082031,-71.27183532714844,-35.182125091552734,75.47303771972656,-72.72732543945312,1.8146820068359375,92.2538833618164,-79.5146255493164,-19.904356002807617,78.35379028320312,-98.92086791992188,-26.733823776245117,68.64480590820312,-86.48887634277344,-41.808650970458984,61.81357955932617,-64.82880401611328,13.76529598236084,77.40616607666016,-53.31592559814453,4.884091377258301,87.6692123413086,-41.559913635253906,-6.241550445556641,94.90150451660156,-43.26616668701172,-23.849498748779297
4,90.68148040771484,5.902744770050049,6.314957618713379,90.83531188964844,-9.857626914978027,-24.684661865234375,95.70071411132812,-6.396492958068848,4.239877700805664,78.01200866699219,-18.39601707458496,-11.227513313293457,44.179725646972656,-22.112150192260742,-19.570232391357422,87.27039337158203,-69.23860931396484,-28.8432674407959,111.45199584960938,-74.80467224121094,-48.93366241455078,95.49288177490234,-73.6144027709961,-64.20092010498047,79.7413558959961,-77.7480697631836,-81.39452362060547,74.95275115966797,-78.48085021972656,-12.351153373718262,48.496498107910156,-61.29868698120117,-10.589791297912598,56.87535858154297,-66.20024871826172,-31.975507736206055,60.78644943237305,-71.89862060546875,-57.87666702270508,61.67949295043945,-68.8803939819336,5.536098003387451,77.44194793701172,-87.18273162841797,-9.15914535522461,63.667335510253906,-106.34013366699219,-16.886428833007812,54.395931243896484,-92.91118621826172,-31.520366668701172,50.064823150634766,-58.254920959472656,17.535411834716797,66.2039794921875,-47.55036544799805,8.61961841583252,76.17179107666016,-35.81686782836914,-2.7944817543029785,82.66027069091797,-38.06084060668945,-20.465234756469727
5,90.68148040771484,5.902744770050049,6.314957618713379,64.20211791992188,-14.349349021911621,16.218765258789062,89.4500732421875,-1.1613667011260986,8.415020942687988,95.64863586425781,-18.28816795349121,-10.673440933227539,121.09210968017578,-34.89048385620117,-28.03798484802246,55.14986801147461,-67.51124572753906,-9.236550331115723,29.570383071899414,-61.211524963378906,-27.274263381958008,39.036251068115234,-64.78559112548828,-46.94207763671875,47.59176254272461,-72.23819732666016,-67.95785522460938,74.30581665039062,-77.55494689941406,-15.663569450378418,105.21235656738281,-73.12938690185547,-20.507444381713867,90.62938690185547,-73.13203430175781,-38.9171257019043,78.97828674316406,-75.42829132080078,-62.72663116455078,97.66088104248047,-71.70438385009766,-12.728644371032715,71.91300201416016,-81.11353302001953,-19.649307250976562,74.54306030273438,-104.26605987548828,-28.222530364990234,85.53135681152344,-93.72014617919922,-48.407196044921875,115.53567504882812,-65.50580596923828,-6.9101881980896,101.80038452148438,-49.458919525146484,-9.8068208694458,93.3211898803711,-34.2192268371582,-17.754701614379883,79.20068359375,-33.1165885925293,-29.89189338684082
6,90.68148040771484,5.902744770050049,6.314957618713379,91.64698028564453,-7.4046711921691895,-25.79998779296875,90.78900146484375,-3.703415870666504,3.4890081882476807,73.85143280029297,-15.33958911895752,-13.05901050567627,40.27436065673828,-19.43840980529785,-22.20327377319336,84.334716796875,-65.87957000732422,-34.92790603637695,108.93915557861328,-71.10063171386719,-54.59303283691406,92.73516082763672,-70.58094787597656,-69.63829040527344,77.10054779052734,-74.7325439453125,-86.87844848632812,70.44424438476562,-75.44588470458984,-19.93878936767578,43.252967834472656,-59.38243103027344,-19.010086059570312,52.09111785888672,-64.24052429199219,-40.22011947631836,56.70691680908203,-69.9682388305664,-66.02662658691406,56.791297912597656,-66.31220245361328,-2.0929222106933594,73.65101623535156,-83.76445007324219,-16.603254318237305,59.94359588623047,-103.01214599609375,-24.224891662597656,50.81258010864258,-89.53094482421875,-39.004669189453125,45.21601104736328,-55.82752990722656,10.067218780517578,60.957801818847656,-44.89502716064453,0.7276376485824585,71.07946014404297,-33.566001892089844,-10.956491470336914,79.47278594970703,-33.7069206237793,-29.99550437927246
7,90.68148040771484,5.902744770050049,6.314957618713379,92.35974884033203,-9.586559295654297,-24.776100158691406,94.9168930053711,-11.789908409118652,4.56477689743042,77.53406524658203,-23.702116012573242,-11.311464309692383,55.18408966064453,-31.34229850769043,-35.92729949951172,90.48452758789062,-69.00213623046875,-29.50652503967285,114.68346405029297,-74.60214233398438,-49.566612243652344,97.76492309570312,-73.28562927246094,-63.75212097167969,81.65904235839844,-77.77570343017578,-80.5106201171875,77.823974609375,-78.69522857666016,-13.541335105895996,50.13648986816406,-63.49504852294922,-12.753583908081055,58.645198822021484,-68.26144409179688,-34.11857223510742,63.42007064819336,-73.79763793945312,-59.915245056152344,63.670963287353516,-69.58867645263672,3.9247703552246094,80.32818603515625,-77.67033386230469,-17.443531036376953,66.42337036132812,-97.03913116455078,-24.36901092529297,56.60254669189453,-84.39081573486328,-39.24394226074219,51.36050796508789,-59.36540603637695,15.574760437011719,67.25348663330078,-48.68564987182617,6.198873519897461,77.56367492675781,-37.46027374267578,-5.420277118682861,84.8735580444336,-39.27267837524414,-23.55649757385254
8,90.68148040771484,5.902744770050049,6.314957618713379,73.11202239990234,-14.631656646728516,28.201982498168945,89.88109588623047,9.603721618652344,26.271804809570312,76.09285736083984,-3.145810127258301,7.739322185516357,76.67650604248047,4.8417487144470215,-24.03376579284668,51.308349609375,-67.10005187988281,10.097524642944336,24.129257202148438,-66.55487823486328,26.84133529663086,11.226496696472168,-61.50731658935547,9.600680351257324,30.36493492126465,-53.98269271850586,-0.5894675850868225,64.07728576660156,-76.95042419433594,-5.684035778045654,72.435791015625,-68.92317199707031,-35.07726287841797,68.41472625732422,-63.97365951538086,-12.473880767822266,43.08628463745117,-63.14388656616211,-20.70226287841797,85.5558853149414,-71.15946197509766,-15.350275039672852,63.50686264038086,-84.21318817138672,-3.399470806121826,53.34989929199219,-104.51634979248047,-13.45307445526123,31.661998748779297,-96.57926940917969,-19.423336029052734,103.897705078125,-65.10291290283203,-19.672426223754883,96.54855346679688,-45.1938362121582,-17.630386352539062,83.48188781738281,-32.25716018676758,-23.035808563232422,68.0066146850586,-26.203655242919922,-14.674118995666504
9,90.68148040771484,5.902744770050049,6.314957618713379,64.45218658447266,0.25204941630363464,-15.809310913085938,87.5661849975586,18.053014755249023,-11.210406303405762,71.20451354980469,2.8308498859405518,-25.235395431518555,62.927730560302734,34.28256607055664,-31.986032485961914,68.39739990234375,-41.877445220947266,-57.828887939453125,88.66130828857422,-58.546993255615234,-76.01831817626953,90.37045288085938,-63.70778274536133,-97.45763397216797,98.70742797851562,-69.01915740966797,-119.22123718261719,80.778076171875,-59.60127639770508,-51.36997985839844,74.97236633300781,-49.61591720581055,-80.77828216552734,84.8300552368164,-50.494842529296875,-59.47962188720703,76.57243347167969,-56.19773864746094,-83.7273178100586,91.25109100341797,-65.4675064086914,-30.293798446655273,82.1816635131836,-89.24870300292969,-42.60563659667969,67.24368286132812,-107.42083740234375,-50.54838943481445,62.79323959350586,-99.98046112060547,-72.11585235595703,96.69757080078125,-68.51432800292969,-11.509828567504883,85.77983093261719,-52.096351623535156,-19.621826171875,92.18541717529297,-43.02334976196289,-35.24114227294922,109.79761505126953,-37.158905029296875,-41.79179382324219
10,90.68148040771484,5.902745246887207,6.314957618713379,61.706790924072266,-5.183617115020752,-9.399648666381836,88.6754150390625,1.2486451864242554,0.7787318825721741,91.0007553100586,-24.970808029174805,2.5819385051727295,100.43253326416016,-57.31263732910156,-1.487639307975769,62.41738510131836,-53.49734878540039,-44.3479118347168,72.58773803710938,-61.42361831665039,-73.55567932128906,87.69507598876953,-75.3796615600586,-81.6917724609375,102.92902374267578,-85.56155395507812,-96.48128509521484,77.38136291503906,-68.98949432373047,-37.62437438964844,93.97601318359375,-71.0309829711914,-64.43318939208984,113.6409683227539,-58.436439514160156,-61.93391418457031,126.55632019042969,-81.39492797851562,-65.48957061767578,91.84420776367188,-70.46129608154297,-18.20886993408203,75.63288879394531,-86.89940643310547,-34.529476165771484,68.51995849609375,-110.484130859375,-37.6317253112793,90.41280364990234,-123.2212905883789,-40.89924240112305,100.71205139160156,-69.88945007324219,-0.5221795439720154,114.21517944335938,-77.55258178710938,14.089231491088867,129.374267578125,-72.04888153076172,3.7342662811279297,129.45509338378906,-77.1102294921875,-13.887778282165527
11,90.68148040771484,5.902745723724365,6.314957618713379,67.34066009521484,-1.3064993619918823,31.06615447998047,52.84528350830078,-21.58207893371582,15.221095085144043,32.00449752807617,-17.32229995727539,-0.38770025968551636,1.8288567066192627,-6.4919328689575195,-13.447124481201172,18.40247917175293,-33.04704284667969,18.66876792907715,7.660699844360352,-7.786821365356445,34.97492980957031,-5.344150543212891,9.8867769241333,37.752838134765625,-22.2609920501709,25.919132232666016,31.753841400146484,21.765052795410156,-48.43378829956055,2.510969638824463,10.97694206237793,-34.838218688964844,28.912473678588867,4.972161293029785,-13.38114070892334,36.33647918701172,-12.04360294342041,7.816701889038086,36.25232696533203,41.627166748046875,-55.577022552490234,-9.43776798248291,32.32066345214844,-33.28290557861328,5.250391483306885,9.361724853515625,-41.53696060180664,9.85629653930664,-1.4931596517562866,-32.1172981262207,-10.861732482910156,59.6460075378418,-60.723445892333984,-15.811165809631348,48.769134521484375,-47.349586486816406,-28.356475830078125,48.06806182861328,-29.351295471191406,-34.90504837036133,56.185752868652344,-13.18351936340332,-26.3482666015625
12,91.04103088378906,6.013690948486328,6.277468681335449,69.41460418701172,5.927774429321289,33.83228302001953,85.99231719970703,-14.745948791503906,20.62051010131836,59.99091720581055,-11.882055282592773,17.12723731994629,28.431861877441406,-2.558791160583496,7.094547271728516,21.63538360595703,-29.952096939086914,35.74365997314453,13.292158126831055,0.6918441653251648,40.173397064208984,1.2895641326904297,17.976057052612305,33.12205123901367,-1.985888957977295,7.375094890594482,12.266657829284668,24.85497283935547,-49.17534255981445,24.310251235961914,19.42687225341797,-18.46591567993164,28.586286544799805,14.081526756286621,4.3937153816223145,27.461606979370117,-0.467691570520401,24.293563842773438,15.740189552307129,43.955810546875,-58.8638916015625,13.183101654052734,22.687868118286133,-50.08846664428711,29.259212493896484,4.160527229309082,-35.80011749267578,37.23907470703125,1.4550704956054688,-35.14719009399414,12.722492218017578,61.76984405517578,-65.31411743164062,7.467101097106934,56.43035125732422,-61.84228515625,-13.00661849975586,52.467769622802734,-50.586185455322266,-28.214771270751953,67.26002502441406,-32.42837905883789,-26.220951080322266
13,90.6303939819336,6.045182228088379,6.199004173278809,70.07378387451172,11.544709205627441,34.48456573486328,86.44053649902344,-12.850883483886719,34.32927703857422,62.145076751708984,-18.463048934936523,26.69196128845215,85.43013000488281,-25.405067443847656,8.006475448608398,24.087541580200195,-24.577878952026367,46.16001892089844,15.514137268066406,5.132794380187988,39.811214447021484,5.428897380828857,19.75737953186035,27.179996490478516,0.2432265281677246,38.54568862915039,14.413796424865723,27.344226837158203,-45.859596252441406,38.32729721069336,22.019636154174805,-15.309353828430176,34.78126525878906,17.078603744506836,6.071638107299805,27.106313705444336,4.859484672546387,21.516939163208008,8.664752960205078,46.13505554199219,-57.567039489746094,28.104467391967773,22.727815628051758,-51.474945068359375,41.611568450927734,0.6816815733909607,-44.440879821777344,34.34528732299805,-10.949836730957031,-50.22249221801758,13.484593391418457,64.18019104003906,-64.81316375732422,22.978609085083008,66.52867126464844,-81.12433624267578,9.388994216918945,72.94178771972656,-69.6926040649414,-4.559599876403809,62.1508674621582,-59.84059143066406,-16.056272506713867
14,91.00859832763672,6.09138298034668,6.213616847991943,69.52651977539062,7.097293376922607,34.29751968383789,83.66651916503906,-15.702646255493164,21.977569580078125,58.00448989868164,-15.056822776794434,16.617488861083984,30.20077896118164,-8.317623138427734,-1.5829559564590454,20.8569393157959,-27.48697280883789,37.318477630615234,12.610239028930664,3.175873279571533,40.0333366394043,0.7837209701538086,20.57918357849121,33.553733825683594,-13.471392631530762,34.262210845947266,20.02094268798828,23.241378784179688,-46.79672622680664,25.45097541809082,14.957635879516602,-18.683788299560547,36.34463882446289,9.673129081726074,3.9092936515808105,33.53012466430664,-5.253668785095215,23.941442489624023,22.953651428222656,41.59610366821289,-57.28470230102539,13.649724006652832,20.8637752532959,-49.06496047973633,30.170434951782227,-1.2058615684509277,-38.863346099853516,28.065208435058594,-15.732497215270996,-36.94755935668945,8.340057373046875,59.24365234375,-64.5840072631836,7.812680721282959,48.671321868896484,-63.434852600097656,-10.829632759094238,52.51613235473633,-47.336971282958984,-20.789670944213867,68.73951721191406,-32.64915084838867,-18.067472457885742
15,90.86243438720703,6.006301403045654,6.259505271911621,67.72442626953125,-19.36306381225586,13.538142204284668,72.94737243652344,-16.33770179748535,-15.366069793701172,58.643089294433594,-26.301958084106445,-35.051876068115234,31.286426544189453,-27.047176361083984,-56.59840393066406,30.857786178588867,-40.42302703857422,-28.449586868286133,12.353920936584473,-61.08370590209961,-12.701745986938477,-3.7826411724090576,-69.87532806396484,-24.91019630432129,3.676340103149414,-56.07735061645508,-42.800926208496094,39.81892776489258,-39.295955657958984,-49.26003646850586,21.709623336791992,-55.74724197387695,-29.5538387298584,6.147431373596191,-66.58971405029297,-15.809703826904297,-19.85228729248047,-74.70075988769531,-17.061159133911133,61.67024230957031,-33.13532638549805,-57.718994140625,54.708011627197266,-60.240577697753906,-58.145423889160156,44.86870574951172,-82.77963256835938,-57.75003433227539,29.10625648498535,-69.24727630615234,-70.58050537109375,81.04794311523438,-30.26468276977539,-61.13921356201172,75.10535430908203,-14.35734748840332,-48.118804931640625,58.12815475463867,-5.383174896240234,-46.80069351196289,47.43452835083008,-15.227251052856445,-37.05061340332031
16,91.00654602050781,6.029019355773926,6.2611565589904785,112.00157165527344,-20.38878059387207,-3.4405407905578613,104.50796508789062,7.553428649902344,-9.603161811828613,113.50594329833984,12.936068534851074,-33.766727447509766,104.01715850830078,7.96958065032959,-66.62003326416016,157.87408447265625,-11.480607032775879,-40.70878982543945,178.6417694091797,-21.322477340698242,-62.97309875488281,176.78704833984375,-19.056549072265625,-84.91368103027344,164.31683349609375,-5.725215911865234,-71.03915405273438,166.47222900390625,9.402515411376953,-38.96134948730469,183.43362426757812,3.4189107418060303,-64.72795867919922,169.33058166503906,15.817347526550293,-50.660423278808594,159.91014099121094,9.828446388244629,-74.39854431152344,162.275634765625,27.9847412109375,-24.093656539916992,163.2794189453125,0.8406434059143066,-30.843294143676758,165.1166229248047,-16.813690185546875,-47.92512130737305,148.6907958984375,-1.6171560287475586,-56.97773361206055,158.63478088378906,40.084407806396484,-8.795228004455566,167.25784301757812,28.660606384277344,-24.757020950317383,164.16212463378906,39.5262565612793,-40.42314910888672,172.96719360351562,28.503677368164062,-50.42531967163086
17,90.85836791992188,5.971457004547119,6.285682678222656,122.69163513183594,1.2725359201431274,19.94510269165039,129.7341766357422,29.66191291809082,24.203628540039062,112.8206558227539,42.87779235839844,8.903355598449707,115.19207000732422,77.17987823486328,7.699951648712158,170.9196014404297,26.121761322021484,-4.9850850105285645,191.09234619140625,16.408987045288086,-27.799009323120117,176.62132263183594,25.233402252197266,-42.02247619628906,182.80453491210938,24.783794403076172,-63.985107421875,166.29710388183594,45.76818084716797,-15.17843246459961,183.7104034423828,41.929439544677734,-41.14728546142578,196.09197998046875,39.887672424316406,-60.984107971191406,186.2736358642578,35.131103515625,-86.01871490478516,146.3743133544922,59.45387268066406,-16.47791290283203,152.48753356933594,32.01723861694336,-17.17106819152832,137.90225219726562,13.296211242675781,-24.098995208740234,129.72006225585938,15.353334426879883,-47.983543395996094,129.55111694335938,69.51538848876953,-13.560693740844727,147.91143798828125,80.47798156738281,-13.741622924804688,155.65000915527344,89.51045227050781,-28.873018264770508,172.07749938964844,93.14665222167969,-27.66986846923828
18,90.7777328491211,5.940133571624756,6.299027919769287,124.13970947265625,2.8942794799804688,15.990585327148438,130.19692993164062,30.34133529663086,25.101638793945312,112.38845825195312,45.72649002075195,13.203824996948242,92.49915313720703,46.960208892822266,-15.152074813842773,160.94639587402344,49.8440055847168,14.626477241516113,180.2119903564453,37.461116790771484,-7.647847652435303,165.09207153320312,42.568790435791016,-22.967845916748047,147.6775360107422,59.052162170410156,-23.753360748291016,150.35177612304688,69.3768310546875,18.688562393188477,164.8381805419922,54.26666259765625,-4.909338474273682,176.1476593017578,51.44279098510742,-25.289793014526367,168.63320922851562,49.594520568847656,-51.2741584777832,127.62203979492188,74.76593780517578,25.115304946899414,137.14205932617188,48.66632080078125,20.342529296875,122.94358825683594,29.650484085083008,13.243681907653809,110.20061492919922,43.891212463378906,-0.6368756294250488,109.29959106445312,75.78864288330078,32.56793975830078,127.0916748046875,86.23726654052734,27.061573028564453,136.0557403564453,94.04076385498047,11.969998359680176,153.12570190429688,97.76708221435547,10.759303092956543
19,90.73385620117188,5.92309045791626,6.306290149688721,67.89031219482422,4.633052349090576,32.5666618347168,51.831565856933594,-19.662405014038086,27.612733840942383,34.16494369506836,-38.128684997558594,21.084901809692383,10.324172973632812,-45.89457702636719,-3.573470115661621,23.458972930908203,-35.173179626464844,32.6425666809082,5.927529335021973,-10.192273139953613,23.22686004638672,-7.6200666427612305,3.7162275314331055,12.628573417663574,-16.109493255615234,24.125293731689453,4.573957920074463,29.002227783203125,-54.51224899291992,22.394325256347656,19.984230041503906,-75.25019073486328,0.36893969774246216,23.833606719970703,-62.84226608276367,19.929574966430664,10.629597663879395,-42.53106689453125,11.233955383300781,49.76609802246094,-62.77076721191406,13.000635147094727,29.054407119750977,-53.3580322265625,29.70997428894043,7.34104585647583,-63.463314056396484,36.13725662231445,7.1865997314453125,-62.60602951049805,11.096753120422363,68.40716552734375,-67.56219482421875,8.351716995239258,50.5984001159668,-58.94321060180664,0.3561806082725525,43.44020080566406,-41.162109375,-0.5519474148750305,29.412784576416016,-34.895816802978516,7.983913421630859
20,90.7099838256836,5.913815975189209,6.310240268707275,81.13040924072266,23.591617584228516,-22.099830627441406,70.45262908935547,16.53837776184082,4.522372245788574,62.75419998168945,23.269405364990234,-19.794937133789062,76.22469329833984,52.03308868408203,-23.368213653564453,29.827411651611328,11.355461120605469,-49.952728271484375,44.934444427490234,-4.22859001159668,-73.3759536743164,57.82238006591797,-9.375134468078613,-90.60010528564453,61.145713806152344,-9.715209007263184,-114.28530883789062,13.648539543151855,4.342625141143799,-35.862525939941406,43.072513580322266,3.54239821434021,-47.303443908691406,58.44797897338867,2.8820443153381348,-65.04142761230469,68.06391143798828,-2.1809134483337402,-89.73687744140625,12.59586238861084,2.467186212539673,-11.711233139038086,34.26611328125,-13.939117431640625,-19.405071258544922,23.697757720947266,-35.8888053894043,-24.109102249145508,17.515094757080078,-19.356868743896484,-37.89376449584961,13.950250625610352,4.190381050109863,7.964358806610107,25.227495193481445,18.775501251220703,-2.7637901306152344,38.44708251953125,25.219345092773438,-15.073646545410156,53.7515754699707,26.316871643066406,-24.788562774658203
21,90.69697570800781,5.908769130706787,6.31239128112793,122.68761444091797,-6.212090492248535,12.650294303894043,144.85089111328125,12.696725845336914,17.51316261291504,159.25003051757812,29.567724227905273,3.229052782058716,162.89048767089844,62.79090118408203,5.251251220703125,167.42953491210938,30.918132781982422,25.930774688720703,175.07476806640625,11.917080879211426,1.4344379901885986,180.59506225585938,7.4912428855896,-19.52192497253418,164.26829528808594,23.03748893737793,-16.693490982055664,160.5976104736328,49.20614242553711,37.25286865234375,169.75157165527344,38.41179656982422,9.014084815979004,178.4835205078125,34.91096878051758,-12.503840446472168,174.54376220703125,30.624441146850586,-38.72239303588867,139.1164093017578,55.756046295166016,46.40410614013672,153.9876251220703,35.218605041503906,33.92738723754883,141.2808074951172,14.199020385742188,30.36245346069336,138.49220275878906,26.035030364990234,9.465314865112305,121.14988708496094,57.27394485473633,54.57509994506836,131.09243774414062,61.550193786621094,36.19978713989258,136.56785583496094,69.15696716308594,19.47429656982422,146.8572235107422,58.972476959228516,10.7139310836792
22,90.68992614746094,5.906025409698486,6.313560485839844,122.75553894042969,-6.054749011993408,12.536338806152344,143.2826385498047,14.052623748779297,19.368486404418945,157.97216796875,33.55784606933594,9.377532005310059,161.6167755126953,67.0000228881836,11.142455101013184,167.54330444335938,31.364471435546875,24.799020767211914,186.7618408203125,19.263267517089844,2.3563075065612793,190.2145538330078,14.704489707946777,-19.009845733642578,172.40992736816406,27.745441436767578,-13.912357330322266,160.7896728515625,49.808067321777344,35.91004943847656,170.08204650878906,39.043853759765625,7.7007880210876465,178.6681365966797,35.83816146850586,-13.92215347290039,173.33981323242188,31.993091583251953,-39.97697067260742,139.38182067871094,56.44903564453125,45.17219161987305,154.45974731445312,35.688838958740234,33.31340408325195,141.80343627929688,14.648797035217285,29.661020278930664,139.0753936767578,27.85640525817871,9.68348217010498,121.48877716064453,58.060035705566406,53.48311233520508,132.2921905517578,61.986148834228516,35.52330780029297,137.88720703125,69.63105010986328,18.85858726501465,148.906982421875,59.155696868896484,11.6456937789917
23,90.68606567382812,5.904529571533203,6.314196586608887,124.17082214355469,2.9526357650756836,15.245670318603516,144.72824096679688,22.155261993408203,24.2439022064209,128.38917541503906,39.44561767578125,12.835030555725098,141.1016387939453,70.43987274169922,11.557657241821289,152.90577697753906,48.06332015991211,41.6209716796875,173.75975036621094,34.62741470336914,21.521102905273438,178.59872436523438,29.424095153808594,0.5754977464675903,161.22093200683594,42.765098571777344,5.696043491363525,139.49261474609375,60.49509811401367,54.8393440246582,153.5370635986328,50.347408294677734,28.42180061340332,163.810302734375,45.956092834472656,7.764123439788818,164.10536193847656,39.2870979309082,-18.15792465209961,116.32833862304688,58.063655853271484,61.60268783569336,131.31983947753906,37.40052795410156,49.46011734008789,118.15919494628906,16.35383415222168,49.06758117675781,112.00292205810547,31.784019470214844,33.212318420410156,98.20201110839844,52.25933837890625,67.03910827636719,109.67232513427734,56.982276916503906,49.696998596191406,118.38277435302734,62.74573516845703,33.62513732910156,132.56369018554688,58.545833587646484,25.2686767578125
24,90.68397521972656,5.903716087341309,6.314544200897217,124.08356475830078,6.061004161834717,16.01039695739746,141.08871459960938,29.641603469848633,21.214231491088867,123.74343872070312,46.73921203613281,11.069618225097656,109.73625183105469,50.986820220947266,-20.974777221679688,146.98863220214844,52.14369583129883,46.14289093017578,166.5773162841797,38.57746887207031,24.89130401611328,171.1590576171875,34.33209228515625,3.6736559867858887,164.98068237304688,34.6181755065918,-19.051603317260742,131.98190307617188,62.07215118408203,59.758567810058594,150.71372985839844,51.162086486816406,36.77448654174805,171.45704650878906,40.24711227416992,35.309059143066406,169.1892547607422,37.2330322265625,8.91377067565918,109.09605407714844,56.6297492980957,65.66497039794922,126.7988052368164,38.10427474975586,53.72026443481445,116.24723815917969,17.222450256347656,45.413875579833984,109.78032684326172,32.70844268798828,29.436405181884766,91.62169647216797,48.49584197998047,70.16881561279297,103.79002380371094,54.57733917236328,53.751224517822266,113.50120544433594,60.111690521240234,38.18132781982422,127.7245864868164,58.84934997558594,28.01736068725586
25,90.68283081054688,5.903273582458496,6.314732074737549,66.63703918457031,-4.037685394287109,29.389890670776367,56.664039611816406,9.3057861328125,5.001733303070068,37.283958435058594,6.829324245452881,-12.729251861572266,10.03730297088623,7.441252708435059,-33.47271728515625,17.051227569580078,-32.08440399169922,11.760442733764648,0.1133456826210022,-8.34294605255127,24.753686904907227,-12.556018829345703,7.751200199127197,33.100379943847656,8.015110969543457,14.887391090393066,28.1431827545166,20.29048728942871,-45.086360931396484,-6.394606113433838,9.095858573913574,-22.18740463256836,12.274484634399414,24.375137329101562,-21.28882598876953,30.087703704833984,3.6153085231781006,-4.692856311798096,36.093170166015625,40.173099517822266,-51.06892395019531,-18.931516647338867,25.665912628173828,-51.9310302734375,5.319489002227783,4.054261207580566,-61.96208953857422,12.30022144317627,-9.654864311218262,-44.3707389831543,1.8840022087097168,58.159488677978516,-55.821468353271484,-25.691308975219727,49.00360870361328,-36.605377197265625,-24.473060607910156,40.767784118652344,-23.450531005859375,-13.227669715881348,30.3705997467041,-5.748744964599609,-8.56296157836914
26,90.68228149414062,5.903053283691406,6.314827919006348,69.02940368652344,0.5226009488105774,-20.361907958984375,49.20209884643555,-20.209392547607422,-13.337018966674805,32.96097946166992,-25.844951629638672,-33.351505279541016,4.420553207397461,-18.670087814331055,-49.15483856201172,28.217702865600586,-42.912235260009766,-18.37161636352539,39.12400817871094,-50.03656005859375,-47.520591735839844,45.41474914550781,-55.185482025146484,-68.09038543701172,65.56343841552734,-47.038326263427734,-62.485382080078125,20.46482276916504,-46.73931884765625,2.4703726768493652,36.998680114746094,-54.28669357299805,-23.373485565185547,46.71555709838867,-56.6547966003418,-44.623226165771484,47.7977409362793,-63.39862060546875,-70.52813720703125,24.264617919921875,-35.590721130371094,23.67322540283203,30.499547958374023,-60.058197021484375,10.952781677246094,18.59620475769043,-80.30108642578125,2.892429828643799,8.136399269104004,-65.61041259765625,-9.515320777893066,27.551755905151367,-23.264434814453125,38.80747985839844,32.1271858215332,-19.17349624633789,18.38951301574707,40.57356262207031,-24.50885581970215,2.033458948135376,45.278289794921875,-21.973007202148438,-16.670637130737305
27,91.04305267333984,6.014347076416016,6.277233600616455,64.64102935791016,-3.4971609115600586,27.242733001708984,69.76018524169922,-12.842814445495605,-0.3842729926109314,47.23365020751953,-11.591168403625488,-14.076065063476562,14.340631484985352,-18.755626678466797,-12.68567180633545,15.36370849609375,-29.359535217285156,5.405666828155518,-0.24779513478279114,-10.282100677490234,25.915727615356445,-16.090574264526367,3.9609968662261963,32.13545608520508,-28.321441650390625,22.148534774780273,41.24003219604492,19.563838958740234,-41.5883674621582,-13.126699447631836,7.884390830993652,-22.389245986938477,8.913168907165527,22.902372360229492,-28.95244598388672,25.75917625427246,2.4622530937194824,-11.743754386901855,29.712390899658203,39.8250617980957,-47.75520324707031,-24.700172424316406,19.409896850585938,-56.278079986572266,-7.429244041442871,0.290893018245697,-44.3028678894043,2.676194429397583,-10.336708068847656,-32.71883010864258,-16.546995162963867,57.99336242675781,-53.33467483520508,-30.21407127380371,46.4457893371582,-45.36054229736328,-46.42621994018555,40.96150207519531,-29.03162956237793,-37.65038299560547,30.68509292602539,-18.129594802856445,-27.34600067138672
28,91.23936462402344,6.074907302856445,6.25677490234375,65.55956268310547,-2.2851574420928955,28.786968231201172,41.496402740478516,-11.461333274841309,14.087809562683105,21.34325408935547,-7.004144668579102,-2.366760730743408,-9.979904174804688,6.447054386138916,-7.514838218688965,14.647908210754395,-27.747026443481445,10.24811840057373,1.3476591110229492,-7.870521545410156,31.727787017822266,-13.756399154663086,7.067223072052002,38.29806900024414,-15.831642150878906,-2.9250197410583496,17.153396606445312,17.70155906677246,-40.3040657043457,-8.313075065612793,10.422454833984375,-38.937599182128906,22.21397590637207,1.2983064651489258,-21.29240608215332,34.79629135131836,-16.852468490600586,-1.690384030342102,39.69816207885742,37.06623840332031,-47.054054260253906,-20.917016983032227,16.94500160217285,-59.27825164794922,-5.8445353507995605,-0.8541867136955261,-46.527626037597656,5.503767013549805,-15.51195240020752,-33.77145767211914,-9.741250038146973,54.76602554321289,-53.32828140258789,-27.164342880249023,44.066810607910156,-50.29957962036133,-45.57554244995117,35.755313873291016,-32.9581184387207,-48.30620574951172,27.651872634887695,-21.54465103149414,-37.019107818603516
29,90.81227111816406,6.139559745788574,6.154163837432861,58.90043640136719,12.368786811828613,-8.635146141052246,49.731082916259766,34.18095397949219,8.947798728942871,25.131149291992188,25.530614852905273,8.074080467224121,20.619853973388672,58.04209899902344,3.8306219577789307,11.32345962524414,-20.036827087402344,7.010066032409668,24.63347625732422,-34.18470764160156,-17.82048797607422,26.859004974365234,-40.32423400878906,-38.53186798095703,9.09768009185791,-27.710460662841797,-42.34864044189453,12.788862228393555,-28.199752807617188,28.43508529663086,-16.069997787475586,-19.190977096557617,20.89311408996582,-10.19124698638916,-24.434276580810547,-0.9325388669967651,-11.006711959838867,-29.675413131713867,-27.01432991027832,28.21917152404785,-24.940715789794922,46.981475830078125,13.587676048278809,-47.45539093017578,40.2471923828125,6.6439032554626465,-57.27799987792969,19.195417404174805,-7.208969593048096,-50.174747467041016,3.938615322113037,40.81932067871094,-17.563682556152344,60.769161224365234,24.396934509277344,-8.162941932678223,51.161312103271484,16.572925567626953,0.7226150631904602,36.188690185546875,21.381092071533203,-7.335417747497559,21.60547637939453
30,91.04244995117188,6.121028423309326,6.19724702835083,67.27471923828125,7.051067352294922,32.541866302490234,76.14339447021484,-9.735369682312012,9.878506660461426,50.701236724853516,-14.251673698425293,5.363406658172607,55.72255325317383,-21.408870697021484,-28.195104598999023,14.850393295288086,-21.257251739501953,27.827533721923828,7.451666355133057,9.320478439331055,32.61525344848633,-2.142104387283325,28.78400421142578,29.2356014251709,-17.011646270751953,42.79240036010742,16.594449996948242,16.009889602661133,-39.46002197265625,14.122716903686523,-4.59259557723999,-47.66825866699219,-7.911868572235107,-9.247047424316406,-24.803062438964844,-7.129825592041016,-19.971073150634766,-0.9402409195899963,-12.524978637695312,33.99921417236328,-51.009620666503906,2.764909029006958,11.511322021484375,-43.95022964477539,17.480806350708008,3.558931827545166,-27.309309005737305,33.493377685546875,-4.227850437164307,-23.770042419433594,11.00132942199707,51.1180534362793,-59.831077575683594,-2.4430346488952637,37.81014633178711,-54.56254577636719,-18.304561614990234,31.56256675720215,-41.15409469604492,-30.63435935974121,31.300403594970703,-22.16958236694336,-30.969388961791992
31,90.87802124023438,6.02156400680542,6.25089168548584,69.107666015625,1.8138316869735718,33.541996002197266,72.88567352294922,5.7143635749816895,4.495156764984131,47.01224899291992,2.0965793132781982,1.4755157232284546,14.963885307312012,13.38300895690918,-1.5038982629776,17.40930938720703,-27.413103103637695,27.421802520751953,11.822125434875488,3.003295421600342,35.11844253540039,7.178793430328369,17.024105072021484,18.771543502807617,4.371628284454346,4.440083980560303,-1.25885009765625,18.311769485473633,-43.505332946777344,11.438379287719727,-2.2860188484191895,-44.54747772216797,-12.257179260253906,-5.191093444824219,-22.50331687927246,-4.936923503875732,-22.203561782836914,-2.5431065559387207,-1.1183228492736816,36.19495391845703,-52.494476318359375,-2.2121706008911133,14.560885429382324,-47.361305236816406,14.817251205444336,-6.485814094543457,-44.229000091552734,27.177377700805664,-19.0136661529541,-24.248004913330078,23.53017807006836,53.219581604003906,-59.447181701660156,-9.751398086547852,43.61198806762695,-42.139610290527344,-17.733823776245117,48.9022216796875,-24.487998962402344,-23.178686141967773,44.9966926574707,-8.188642501831055,-19.268352508544922
32,90.78936767578125,5.967689514160156,6.279998302459717,70.80436706542969,5.795113563537598,34.99626922607422,94.67459869384766,2.69856858253479,17.867189407348633,71.00430297851562,0.1854160726070404,6.595414161682129,39.69524002075195,3.306359052658081,-5.979928970336914,28.051406860351562,-35.16986846923828,42.38701629638672,14.099485397338867,-7.317885875701904,35.53706359863281,3.7930245399475098,-2.3430991172790527,16.665739059448242,-16.8221435546875,3.378849506378174,6.145767688751221,33.07392120361328,-54.941646575927734,32.57427215576172,22.330379486083984,-70.85377502441406,7.606495380401611,14.540095329284668,-48.9395866394043,4.661301136016846,-3.6197900772094727,-33.81196594238281,-7.24395751953125,52.859500885009766,-63.29339599609375,21.335901260375977,30.200260162353516,-52.33695983886719,33.892250061035156,6.1638617515563965,-51.26966857910156,39.51319885253906,-6.546765327453613,-36.91329574584961,24.946025848388672,71.08160400390625,-67.95259857177734,15.03135871887207,61.04763412475586,-58.90749740600586,-1.480047583580017,69.30426025390625,-42.63652038574219,-7.433211326599121,61.48673629760742,-27.55512237548828,-6.434105396270752
33,90.74019622802734,5.9380879402160645,6.295934200286865,69.08355712890625,-5.8492350578308105,30.98168182373047,88.79109954833984,-0.729008138179779,9.582050323486328,63.514747619628906,-0.7537254095077515,2.107278823852539,32.801090240478516,7.5564680099487305,11.62610149383545,18.411293029785156,-33.79887390136719,16.502592086791992,12.328071594238281,-14.799690246582031,41.4075927734375,-4.307247638702393,-0.8001132011413574,45.322628021240234,-26.282896041870117,4.469867706298828,53.63331604003906,20.034000396728516,-45.474979400634766,-2.7836804389953613,12.148229598999023,-37.79694366455078,26.7750301361084,21.515220642089844,-18.968605041503906,37.17912292480469,1.0661296844482422,-4.316847801208496,48.070960998535156,38.58306121826172,-50.23674392700195,-17.65399932861328,23.44047737121582,-61.22276306152344,3.4385547637939453,4.6515727043151855,-74.55787658691406,12.51325798034668,-9.916253089904785,-55.45656967163086,10.622379302978516,55.89375686645508,-54.30051803588867,-26.40218734741211,41.631038665771484,-44.90597152709961,-39.176292419433594,49.075008392333984,-27.413278579711914,-36.63219451904297,41.516563415527344,-21.53117561340332,-22.285930633544922
34,90.71351623535156,5.922013282775879,6.304591178894043,77.912353515625,5.637456893920898,38.70463562011719,101.21715545654297,-12.509562492370605,38.7086067199707,85.47693634033203,-24.60373306274414,21.348953247070312,55.378536224365234,-15.992860794067383,8.94123649597168,44.002079010009766,-39.5419921875,57.843929290771484,20.52903938293457,-18.737337112426758,63.75362014770508,8.484528541564941,-10.110020637512207,47.35029602050781,-9.475569725036621,-7.533917427062988,31.401016235351562,49.565975189208984,-59.30078125,48.423736572265625,30.89459991455078,-39.31785202026367,64.18666076660156,45.11027908325195,-20.742271423339844,62.22512435913086,25.69289207458496,-9.77664852142334,46.948856353759766,67.51664733886719,-65.9341049194336,33.52962112426758,49.09539031982422,-75.85491180419922,52.481353759765625,26.597492218017578,-81.09165954589844,61.48714828491211,16.37311363220215,-73.18580627441406,40.49573516845703,84.31436920166016,-68.70624542236328,23.408714294433594,101.09947204589844,-56.97947311401367,29.363500595092773,116.29975891113281,-48.667598724365234,21.14864158630371,99.8882827758789,-39.511775970458984,25.442218780517578
35,90.69890594482422,5.913229942321777,6.309316158294678,64.85248565673828,-11.174278259277344,22.174962997436523,88.39189147949219,-3.968137264251709,5.855391025543213,81.35797119140625,-22.049579620361328,-12.013642311096191,88.34243774414062,-38.63630294799805,-42.07960510253906,40.21371078491211,-59.425559997558594,-2.755958080291748,11.681631088256836,-45.53676986694336,0.7142668962478638,-2.1902854442596436,-38.93695068359375,-15.187582015991211,2.134519577026367,-24.580888748168945,-33.19697952270508,54.864078521728516,-71.40381622314453,-15.066551208496094,26.569225311279297,-57.50273513793945,-16.914142608642578,4.732610702514648,-53.322757720947266,-24.460369110107422,-11.555343627929688,-50.57247543334961,-46.09169006347656,78.76148986816406,-69.3980484008789,-18.680587768554688,51.85519027709961,-68.32545471191406,-10.139616012573242,42.0222282409668,-90.1589584350586,-16.628171920776367,32.89121627807617,-81.02263641357422,-37.845375061035156,98.34291076660156,-66.57234191894531,-17.882465362548828,90.26341247558594,-48.09960174560547,-10.945556640625,79.77851867675781,-33.23971176147461,-17.00615882873535,76.61155700683594,-23.121431350708008,-3.5534965991973877
36,90.69097137451172,5.908451080322266,6.311888694763184,117.39161682128906,-16.288909912109375,4.071256160736084,113.50336456298828,12.778581619262695,0.5661109685897827,98.54865264892578,13.301830291748047,-21.159046173095703,122.28384399414062,10.194074630737305,-44.96404266357422,166.92962646484375,-1.6733593940734863,-25.74239730834961,184.7320556640625,-17.297189712524414,-47.146663665771484,176.3977813720703,-3.790583372116089,-62.545494079589844,175.16140747070312,8.359107971191406,-42.36704635620117,171.556640625,20.397972106933594,-24.810630798339844,142.1060791015625,28.034278869628906,-16.32152557373047,162.50877380371094,26.566957473754883,-27.85321617126465,159.89218139648438,19.77137565612793,-53.990787506103516,161.3307647705078,38.806766510009766,-12.778253555297852,171.14430236816406,13.470770835876465,-20.55236053466797,155.3609619140625,-4.536343574523926,-27.07627296447754,150.62939453125,-2.2423691749572754,-51.81177520751953,152.3792724609375,51.160423278808594,-0.1612454652786255,173.328125,54.092735290527344,2.5121047496795654,188.42648315429688,65.8788833618164,3.2408242225646973,177.93234252929688,61.401432037353516,-14.058914184570312
37,90.68663787841797,5.905849456787109,6.313287258148193,124.92637634277344,10.09035873413086,10.809511184692383,99.75145721435547,23.561410903930664,3.2558441162109375,76.46305847167969,32.949974060058594,-4.837661266326904,90.99364471435547,43.68722915649414,-33.2060661315918,151.1337127685547,62.41447830200195,-0.6653009653091431,168.6162872314453,44.07905960083008,-20.092803955078125,158.67611694335938,53.59345626831055,-37.406578063964844,154.36349487304688,66.63636779785156,-18.314409255981445,137.6881103515625,80.06658935546875,3.4466922283172607,109.53941345214844,89.49879455566406,14.247018814086914,132.76651000976562,89.72102355957031,17.701784133911133,126.4729232788086,84.29938507080078,-6.322815895080566,115.51234436035156,81.88750457763672,13.099809646606445,130.20751953125,58.70830535888672,6.335049629211426,115.69761657714844,41.7371940612793,-4.509969234466553,109.95482635498047,43.51677322387695,-29.098541259765625,98.55826568603516,80.37899780273438,23.206623077392578,117.88948822021484,87.78260803222656,28.312318801879883,131.03378295898438,101.38216400146484,31.417577743530273,125.572265625,115.9823226928711,15.449905395507812
38,90.68428039550781,5.904434680938721,6.314049243927002,123.83284759521484,-3.162599563598633,11.673969268798828,118.42179870605469,21.296371459960938,-3.9712255001068115,100.56372833251953,19.14444923400879,-23.271818161010742,129.17901611328125,14.5302152633667,-38.68810272216797,158.41287231445312,27.92827796936035,49.00752258300781,175.6267852783203,13.893574714660645,26.072620391845703,173.87747192382812,17.725059509277344,4.360791206359863,175.34619140625,39.66950607299805,11.414915084838867,146.9388427734375,36.77012252807617,66.3103256225586,129.38809204101562,39.165313720703125,40.15054702758789,146.56736755371094,35.484195709228516,24.56694793701172,145.846923828125,27.71735191345215,-1.656264066696167,123.85246276855469,34.67985916137695,73.44686889648438,138.26345825195312,20.648181915283203,53.58230972290039,126.5096206665039,1.2264437675476074,43.53520584106445,129.65371704101562,2.317124128341675,18.997661590576172,105.33221435546875,29.32485008239746,77.93600463867188,125.46601867675781,33.406063079833984,72.23170471191406,140.51771545410156,43.060829162597656,65.33441162109375,144.0244598388672,45.763343811035156,48.0211067199707
39,90.68299865722656,5.903664588928223,6.314462661743164,87.12120056152344,-26.824153900146484,17.530471801757812,93.07479095458984,0.4499014616012573,7.888487339019775,96.0196533203125,9.495779991149902,-16.720111846923828,87.02106475830078,-15.404122352600098,-34.503089904785156,107.15607452392578,-72.65434265136719,-14.940447807312012,104.3439712524414,-102.30706787109375,-26.435413360595703,88.73711395263672,-99.58821105957031,-41.86923599243164,88.60028839111328,-86.23316955566406,-23.971893310546875,125.5660629272461,-67.53815460205078,-26.94363021850586,126.93710327148438,-35.99962615966797,-28.214609146118164,115.22479248046875,-54.469810485839844,-36.77177810668945,105.92709350585938,-61.831459045410156,-60.053226470947266,139.55311584472656,-47.7441291809082,-27.865337371826172,143.6092071533203,-75.5403060913086,-31.056589126586914,158.7195587158203,-76.58915710449219,-50.72761917114258,141.2567138671875,-63.44853973388672,-63.09388732910156,150.16433715820312,-31.315256118774414,-24.815311431884766,140.5007781982422,-41.046871185302734,-8.49138355255127,127.01457977294922,-43.310707092285156,4.937164306640625,110.69652557373047,-39.515846252441406,1.3810545206069946
40,90.68230438232422,5.903244972229004,6.3146891593933105,79.16686248779297,-21.183870315551758,24.83992576599121,94.5401382446289,-3.411296844482422,6.949098587036133,93.38068389892578,-5.112147808074951,-19.35418128967285,64.8616714477539,-19.21178436279297,-29.980749130249023,80.64283752441406,-76.42774200439453,2.4329824447631836,56.98856735229492,-97.43177032470703,6.750985145568848,39.32841873168945,-91.4443588256836,-5.142400741577148,45.889312744140625,-74.97154998779297,8.289161682128906,98.06565856933594,-79.79676818847656,-11.504487991333008,111.75389099121094,-54.921417236328125,-25.363183975219727,89.78329467773438,-62.96727752685547,-23.333173751831055,68.75496673583984,-69.83782196044922,-37.225669860839844,116.99169158935547,-65.96090698242188,-17.723033905029297,100.64175415039062,-87.15269470214844,-8.617853164672852,108.40473937988281,-101.6985855102539,-27.1803035736084,96.67965698242188,-85.64344787597656,-42.323490142822266,132.23721313476562,-53.41385269165039,-19.117033004760742,123.60054016113281,-50.118656158447266,0.09508244693279266,114.91942596435547,-40.10041809082031,13.936857223510742,101.13874816894531,-31.42844581604004,10.232831954956055
41,90.68193817138672,5.903017520904541,6.314810752868652,79.57862091064453,-22.86009407043457,22.403642654418945,75.63165283203125,-50.32044219970703,12.272830963134766,74.94248962402344,-46.52570343017578,-13.827614784240723,43.54769515991211,-59.15998840332031,-20.55738067626953,79.24720001220703,-75.45410919189453,-5.701169013977051,58.52849197387695,-99.6632308959961,-3.701155185699463,39.528995513916016,-92.61107635498047,-12.559853553771973,45.40621566772461,-76.59629821777344,1.752316951751709,95.99464416503906,-77.52041625976562,-20.681180953979492,70.22127532958984,-95.1300277709961,-15.795334815979004,48.03684997558594,-102.53832244873047,-13.664731979370117,26.85593032836914,-108.50231170654297,-29.820377349853516,114.8381576538086,-63.304527282714844,-26.26052474975586,102.54570770263672,-87.46704864501953,-18.234695434570312,109.08959197998047,-101.2621841430664,-37.81283950805664,88.14093017578125,-100.9697036743164,-49.73060607910156,130.19491577148438,-50.83903884887695,-27.0174560546875,122.46685028076172,-48.91639709472656,-7.240344047546387,113.70513153076172,-39.95554733276367,7.259795665740967,98.9637451171875,-32.7266845703125,3.8042943477630615
42,90.68172454833984,5.902893543243408,6.314878463745117,92.80484008789062,-28.808019638061523,6.053252220153809,101.12914276123047,-54.531776428222656,-5.832657337188721,78.30928039550781,-54.44137191772461,-19.074966430664062,83.57574462890625,-54.40735626220703,-52.12842559814453,125.75468444824219,-57.14537048339844,-34.780723571777344,143.4539794921875,-72.84305572509766,-56.220584869384766,137.7604522705078,-66.86766815185547,-76.74064636230469,136.6482696533203,-55.440956115722656,-57.00421905517578,143.96002197265625,-45.39664840698242,-41.07943344116211,115.52967071533203,-37.5466423034668,-29.750680923461914,128.52403259277344,-45.70869827270508,-47.52993392944336,123.2939224243164,-50.877967834472656,-72.95234680175781,153.46434020996094,-24.480710983276367,-33.3017692565918,162.7532501220703,-49.9513053894043,-41.32217788696289,146.32666015625,-67.7821273803711,-46.676841735839844,131.330078125,-53.53354263305664,-59.08100128173828,159.93150329589844,-8.5667724609375,-23.467592239379883,178.1515655517578,-1.26791512966156,-15.14238452911377,188.8981475830078,14.053133964538574,-11.008105278015137,170.02389526367188,21.486230850219727,-25.045923233032227
43,90.68161010742188,5.902825832366943,6.314914226531982,96.21443176269531,-28.30323600769043,9.27145767211914,66.96897888183594,-28.78057861328125,13.36488151550293,72.7697982788086,-15.925065040588379,-8.933151245117188,81.7768783569336,-30.21713638305664,-37.34510040283203,128.4029541015625,-57.725093841552734,-31.402379989624023,142.55551147460938,-71.9189453125,-56.253787994384766,124.92964172363281,-76.83397674560547,-68.67829132080078,121.31173706054688,-72.41315460205078,-47.195919036865234,144.7814483642578,-45.11420822143555,-40.44932556152344,125.15141296386719,-21.7545223236084,-32.249267578125,126.59746551513672,-42.450958251953125,-43.255794525146484,126.47749328613281,-46.402462005615234,-69.12069702148438,152.75904846191406,-22.715702056884766,-35.657039642333984,163.02008056640625,-48.62379837036133,-40.43742752075195,174.15728759765625,-38.05178451538086,-59.947540283203125,166.33067321777344,-43.15794372558594,-81.79917907714844,158.38766479492188,-5.326143264770508,-28.060405731201172,155.24734497070312,-23.982040405273438,-18.229433059692383,145.61947631835938,-37.97402572631836,-9.350030899047852,135.91787719726562,-48.742530822753906,-22.51719093322754
44,90.68156433105469,5.902797222137451,6.314930438995361,118.32231140136719,-15.186214447021484,7.117255687713623,134.31744384765625,-4.291351795196533,-15.19279670715332,130.91815185546875,-8.247678756713867,-41.05608367919922,156.0994415283203,-21.490245819091797,-23.803457260131836,157.64715576171875,-15.813896179199219,-37.70760726928711,173.2563018798828,2.173645496368408,-58.97159194946289,171.5775146484375,-16.995281219482422,-48.066001892089844,169.08230590820312,-7.150160312652588,-27.354658126831055,160.00140380859375,4.320477485656738,-47.617210388183594,142.4237060546875,-9.958106994628906,-25.58531379699707,160.60340881347656,-9.380467414855957,-40.44272232055664,159.3275146484375,-8.062675476074219,-67.65950012207031,150.9751739501953,26.248981475830078,-42.5212516784668,170.22750854492188,7.465189456939697,-51.232757568359375,153.22686767578125,18.250864028930664,-65.76203918457031,158.31019592285156,-1.5566684007644653,-74.22824096679688,143.9452667236328,42.99807357788086,-34.65777587890625,141.86495971679688,21.842756271362305,-33.021602630615234,150.2235565185547,4.6274847984313965,-34.06233596801758,167.08880615234375,0.265043705701828,-28.878738403320312
45,90.68281555175781,5.903170585632324,6.314810752868652,109.99417877197266,-20.071420669555664,-6.407174587249756,131.98471069335938,-14.198864936828613,-25.22806739807129,129.5392303466797,3.1865322589874268,-44.92290496826172,155.61692810058594,0.6334111094474792,-64.80194091796875,156.1858367919922,-9.039993286132812,-42.47383499145508,134.85829162597656,13.672341346740723,-49.45033645629883,155.10595703125,20.51654815673828,-55.142330169677734,148.78402709960938,24.576465606689453,-75.9022216796875,166.48179626464844,10.496947288513184,-37.84341049194336,139.7769012451172,21.855192184448242,-25.350542068481445,158.33248901367188,16.3695011138916,-38.66140365600586,176.06295776367188,18.765090942382812,-58.89464569091797,163.44265747070312,26.839967727661133,-20.181316375732422,166.8748321533203,1.2833549976348877,-31.77504539489746,151.58969116210938,-15.634223937988281,-41.60332489013672,157.5369110107422,-3.528136730194092,-63.0181884765625,160.1283721923828,37.07512283325195,-3.5668234825134277,164.08761596679688,30.463335037231445,-23.44593620300293,160.11105346679688,22.10338592529297,-40.22793197631836,175.45790100097656,19.039871215820312,-54.915000915527344
46,90.68310546875,5.903253078460693,6.314784049987793,117.70699310302734,-15.83849811553955,8.859509468078613,130.66514587402344,-6.48461389541626,-15.977788925170898,129.30210876464844,-10.314920425415039,-42.046756744384766,153.50753784179688,-10.043066024780273,-64.34967803955078,158.289794921875,-19.44688606262207,-34.68583297729492,166.1024932861328,-4.145609378814697,-61.597286224365234,170.9171905517578,-24.63029670715332,-54.784820556640625,167.94566345214844,-13.564680099487305,-35.69485855102539,161.47491455078125,0.1660417765378952,-45.37826156616211,138.0515899658203,-12.161872863769531,-28.127206802368164,155.4740447998047,-14.726947784423828,-43.66621398925781,175.31503295898438,-6.1294660568237305,-59.264896392822266,152.9016876220703,22.522274017333984,-41.50858688354492,169.41847229003906,1.5989280939102173,-50.92860412597656,154.2922821044922,8.577032089233398,-69.33881378173828,144.4620361328125,-11.724624633789062,-65.6950912475586,146.10409545898438,39.77644729614258,-34.58978271484375,141.45672607421875,19.12885856628418,-32.01033020019531,148.54086303710938,3.285618543624878,-40.14352798461914,156.46839904785156,-12.656163215637207,-41.52277374267578
47,90.68236541748047,5.903021335601807,6.314863681793213,84.55339050292969,-19.28846549987793,-16.863956451416016,94.1178207397461,-3.2914838790893555,-39.77485656738281,116.43019104003906,3.7790849208831787,-51.952064514160156,131.8070526123047,-23.409912109375,-58.50648880004883,119.61516571044922,-26.132904052734375,-64.61299133300781,136.21133422851562,-38.126155853271484,-89.11003112792969,138.91404724121094,-16.212539672851562,-90.41211700439453,120.90453338623047,-18.02480697631836,-76.29541015625,141.079345703125,-20.413894653320312,-60.64823532104492,131.22080993652344,4.5175347328186035,-43.930686950683594,124.97441864013672,-7.354894638061523,-63.20785140991211,145.82098388671875,-10.184428215026855,-78.06846618652344,152.79737854003906,-13.703431129455566,-40.50016403198242,138.682861328125,-27.761775970458984,-60.562416076660156,160.01551818847656,-35.779170989990234,-50.70939254760742,156.11997985839844,-12.628533363342285,-58.913692474365234,159.94766235351562,-10.717174530029297,-22.286441802978516,144.38267517089844,-13.944165229797363,-36.494937896728516,130.75958251953125,-12.043184280395508,-49.84135437011719,116.77232360839844,-17.056840896606445,-60.685386657714844
48,91.24727630615234,6.111035346984863,6.235339641571045,57.88602828979492,-5.455288887023926,8.203139305114746,70.00782775878906,-30.204172134399414,-3.0565075874328613,63.48917007446289,-43.37546920776367,-25.050453186035156,80.87751007080078,-53.199790954589844,-53.716026306152344,43.41971969604492,-61.12784194946289,-8.071285247802734,68.05709838867188,-71.90447998046875,-25.468141555786133,76.53570556640625,-66.61845397949219,-45.18158721923828,89.1841049194336,-55.729148864746094,-28.374958038330078,60.31575012207031,-75.81732940673828,-4.7579145431518555,72.84059143066406,-87.8099365234375,-31.02924156188965,92.65416717529297,-76.29203796386719,-36.070919036865234,96.5832290649414,-77.77188873291016,-61.547847747802734,81.96308898925781,-74.10830688476562,5.641129970550537,101.94670867919922,-88.8115005493164,-7.691961765289307,86.48574829101562,-106.99178314208984,-14.492342948913574,76.67730712890625,-91.96198272705078,-28.955123901367188,97.64734649658203,-70.21681213378906,16.902559280395508,111.67789459228516,-54.848045349121094,12.8311185836792,124.2705307006836,-40.338096618652344,12.318150520324707,140.75059509277344,-35.99482727050781,17.488061904907227
49,91.35049438476562,6.12752103805542,6.233978271484375,99.95451354980469,-25.391366958618164,-7.268408298492432,115.66940307617188,-7.862597465515137,-25.44057273864746,111.70516967773438,0.7944209575653076,-50.095733642578125,98.83750915527344,-22.533096313476562,-72.1535415649414,123.05180358886719,-30.606285095214844,-62.251102447509766,147.80162048339844,-33.5859375,-82.51119995117188,136.30174255371094,-18.709693908691406,-94.28689575195312,138.37347412109375,-13.31737232208252,-71.34131622314453,134.87074279785156,-12.280929565429688,-68.32434844970703,110.80354309082031,-28.65227699279785,-80.13741302490234,130.57582092285156,-16.85464859008789,-75.46268463134766,147.95660400390625,-16.917646408081055,-95.78118896484375,141.70619201660156,7.723783493041992,-56.88105010986328,147.82176208496094,-17.710575103759766,-66.89246368408203,131.015625,-34.05234909057617,-74.7191390991211,118.41117095947266,-15.30965805053711,-83.4573745727539,148.18460083007812,21.308456420898438,-44.10789489746094,134.3657989501953,10.03462028503418,-55.896575927734375,149.22483825683594,22.22342300415039,-58.24576950073242,149.50071716308594,5.134485721588135,-51.88350296020508
50,91.23383331298828,6.083163738250732,6.251258850097656,88.15076446533203,-17.84595489501953,-19.40934944152832,111.57010650634766,-23.575319290161133,-36.728633880615234,133.47068786621094,-9.327801704406738,-40.601165771484375,165.93856811523438,-0.6590355038642883,-43.83417892456055,125.60150146484375,-18.587947845458984,-66.0716552734375,144.03341674804688,-33.719627380371094,-87.56974792480469,147.62794494628906,-11.981546401977539,-84.90171813964844,127.03792572021484,-14.666342735290527,-74.28174591064453,146.10577392578125,-10.68067741394043,-60.71079635620117,122.63923645019531,-30.957958221435547,-55.58457946777344,138.1188201904297,-29.886117935180664,-73.2327880859375,159.27377319335938,-14.888145446777344,-81.69937133789062,156.48135375976562,-3.9155542850494385,-40.066734313964844,145.85745239257812,-22.203205108642578,-58.4489631652832,160.39073181152344,-41.695674896240234,-54.047882080078125,166.84347534179688,-22.56026840209961,-68.10404968261719,162.9413604736328,-1.9403915405273438,-21.494712829589844,149.04759216308594,-6.8660502433776855,-37.028812408447266,136.03175354003906,-6.078760147094727,-51.33756637573242,122.88668823242188,-13.187742233276367,-61.88382339477539
51,91.34303283691406,6.112307548522949,6.24265718460083,108.78910827636719,-23.58095932006836,-1.3922936916351318,124.45249938964844,-3.1074769496917725,-16.131114959716797,125.46022033691406,5.239169120788574,-41.165740966796875,145.7102508544922,3.79297137260437,-67.88806915283203,145.7769775390625,-27.092174530029297,-48.37276840209961,172.87142944335938,-18.288801193237305,-63.31055450439453,158.36105346679688,-23.01580238342285,-79.48399353027344,148.5410919189453,-19.854249954223633,-59.302635192871094,155.02310180664062,-7.055198669433594,-53.38672637939453,182.24229431152344,-7.655089855194092,-69.009765625,175.16001892089844,-14.578487396240234,-90.33452606201172,156.35760498046875,-10.181070327758789,-71.88542175292969,154.74969482421875,14.593506813049316,-42.94104766845703,172.98165893554688,-3.854400396347046,-53.3055305480957,169.1176300048828,18.78647804260254,-62.27003860473633,152.1898193359375,9.48338794708252,-76.53379821777344,155.1770782470703,29.952579498291016,-30.489505767822266,141.75025939941406,13.829987525939941,-35.1546516418457,138.16770935058594,-2.4623665809631348,-45.1328125,146.7517852783203,-16.0026912689209,-55.62746810913086
52,91.29286193847656,6.094353675842285,6.2494025230407715,113.5384521484375,-20.99814796447754,2.792217254638672,118.45738983154297,-8.873750686645508,-23.84221649169922,119.12789916992188,-5.634653568267822,-50.037132263183594,139.56048583984375,-6.087035179138184,-76.19507598876953,149.14190673828125,-26.463401794433594,-45.04420471191406,173.33558654785156,-16.909732818603516,-63.94995880126953,154.99221801757812,-25.776229858398438,-72.85699462890625,144.7954864501953,-16.58172607421875,-92.88104248046875,154.53541564941406,-6.3739118576049805,-53.9407958984375,178.73031616210938,-4.859155178070068,-73.89944458007812,174.09034729003906,-21.192834854125977,-90.1643295288086,156.56455993652344,-14.6959867477417,-71.27252197265625,150.69451904296875,16.427209854125977,-47.310218811035156,169.14910888671875,0.16516074538230896,-60.5699348449707,157.17340087890625,16.306032180786133,-74.85711669921875,143.9943389892578,-2.3324079513549805,-79.59368133544922,148.69134521484375,33.610496520996094,-37.71361541748047,150.42221069335938,12.207983016967773,-36.634857177734375,143.85679626464844,-3.8134567737579346,-45.451438903808594,150.57093811035156,-20.934221267700195,-40.1994514465332
53,91.37500762939453,6.118350028991699,6.241662502288818,112.06950378417969,-22.005006790161133,1.2104213237762451,122.9213638305664,-2.389507293701172,-18.253643035888672,121.78244018554688,0.005109235644340515,-44.52370071411133,141.47076416015625,-1.843489646911621,-71.35699462890625,147.9363555908203,-26.58194351196289,-46.57176208496094,172.85934448242188,-17.2689208984375,-64.69912719726562,153.5584716796875,-22.31648063659668,-74.57250213623047,151.203125,-22.98708724975586,-51.986106872558594,154.45950317382812,-6.292752265930176,-54.1870002746582,179.95606994628906,-5.711780548095703,-72.456787109375,172.57127380371094,-18.57889175415039,-90.70758819580078,148.65936279296875,-8.472583770751953,-99.22451782226562,151.79290771484375,16.242015838623047,-46.28755187988281,171.67518615722656,0.35513192415237427,-57.69326400756836,161.6660614013672,19.40059471130371,-69.67864227294922,146.57029724121094,3.524962902069092,-78.5665512084961,150.7494659423828,32.89369201660156,-35.64690017700195,140.77626037597656,13.872230529785156,-37.283203125,140.3165740966797,-4.655996322631836,-43.269554138183594,146.34930419921875,-21.53274917602539,-42.664302825927734
54,91.41999053955078,6.13149881362915,6.237420558929443,106.78285217285156,-23.158071517944336,-6.117098331451416,126.49901580810547,-1.7282534837722778,-11.935423851013184,132.5398406982422,12.059707641601562,-33.628082275390625,155.246826171875,14.592632293701172,-58.53868103027344,147.3599090576172,-21.334524154663086,-50.19991683959961,176.60997009277344,-11.964710235595703,-59.92019271850586,164.71749877929688,-6.951615333557129,-78.07244110107422,154.65663146972656,-15.051226615905762,-59.45497512817383,158.6091766357422,-1.6929614543914795,-50.4525032043457,187.47581481933594,-1.1358920335769653,-62.68362808227539,182.8609161376953,1.0383532047271729,-85.64764404296875,167.37640380859375,23.637100219726562,-83.47876739501953,159.25994873046875,17.485837936401367,-36.01707077026367,176.28445434570312,-2.2378246784210205,-45.879390716552734,177.2092742919922,22.280385971069336,-43.94527053833008,160.88426208496094,21.946775436401367,-62.463375091552734,160.0425567626953,29.990598678588867,-20.6959171295166,146.1484375,16.185672760009766,-29.711708068847656,141.7086944580078,4.94357967376709,-45.016807556152344,142.42103576660156,-11.383855819702148,-51.32477569580078
55,91.44447326660156,6.138651371002197,6.23511266708374,110.6138916015625,-22.78333282470703,-0.37494954466819763,124.69864654541016,-1.0481327772140503,-14.909598350524902,126.21675109863281,6.104000091552734,-40.2813835144043,146.6818389892578,2.8787403106689453,-66.74361419677734,149.59689331054688,-25.14737319946289,-45.86425018310547,175.0467071533203,-13.648523330688477,-61.94734573364258,162.2699432373047,-21.758594512939453,-78.29865264892578,155.91493225097656,-23.81089210510254,-56.87561798095703,157.85195922851562,-4.678049564361572,-50.901607513427734,182.99522399902344,-7.263118267059326,-69.44294738769531,176.6580047607422,-11.05109691619873,-91.78038787841797,159.2914276123047,-8.720962524414062,-71.52095794677734,156.01235961914062,17.105873107910156,-40.985416412353516,173.72720336914062,-0.29022619128227234,-53.58605194091797,167.8657989501953,21.966703414916992,-62.27882385253906,151.666748046875,10.739119529724121,-75.49208068847656,155.3258056640625,32.64849853515625,-28.74827766418457,142.910888671875,15.553135871887207,-33.11195373535156,140.99737548828125,-1.3495161533355713,-42.678863525390625,149.46615600585938,-14.763362884521484,-54.264404296875
56,91.41799926757812,6.130302429199219,6.237982749938965,100.2260513305664,-23.46245765686035,-10.876047134399414,126.91649627685547,-10.479619026184082,-10.015567779541016,138.8297576904297,9.369573593139648,-22.712099075317383,162.25863647460938,12.147836685180664,-47.673221588134766,143.26351928710938,-24.190635681152344,-52.59475326538086,173.9566650390625,-17.941146850585938,-60.13163757324219,167.11672973632812,-3.5662548542022705,-75.71139526367188,151.32933044433594,-12.14738941192627,-61.54840850830078,158.86190795898438,-8.221451759338379,-48.84558868408203,187.45594787597656,-11.005102157592773,-61.407169342041016,192.9796142578125,2.356808662414551,-79.96392059326172,183.7821044921875,27.201887130737305,-72.27137756347656,162.98312377929688,7.403262138366699,-31.08208656311035,176.6084747314453,-13.477399826049805,-43.504878997802734,188.085205078125,5.77226448059082,-33.33774948120117,174.67080688476562,21.078426361083984,-47.827049255371094,165.57608032226562,16.477760314941406,-13.68338680267334,147.76686096191406,17.373889923095703,-25.813325881958008,148.10147094726562,7.609385967254639,-42.69491958618164,151.53164672851562,1.8466134071350098,-61.20786666870117
57,91.10152435302734,6.0325164794921875,6.271062850952148,97.94801330566406,-22.868207931518555,-12.3819580078125,123.46688079833984,-16.327861785888672,-25.931358337402344,139.4901885986328,4.632834434509277,-26.6214542388916,157.82920837402344,33.33015060424805,-23.60769271850586,142.67416381835938,-24.4921817779541,-52.05331802368164,173.9358367919922,-17.932939529418945,-55.12983703613281,172.2196044921875,-1.087112307548523,-69.49468231201172,159.71588134765625,-12.235485076904297,-54.2232780456543,159.73069763183594,-10.822848320007324,-46.298553466796875,185.90289306640625,-15.178348541259766,-63.19948959350586,198.92001342773438,0.9448379278182983,-74.29633331298828,175.3832244873047,6.8421783447265625,-62.245479583740234,164.3912353515625,2.674053430557251,-26.864479064941406,174.17771911621094,-18.065664291381836,-42.9887809753418,188.41567993164062,-3.0579307079315186,-29.487319946289062,178.58770751953125,16.996078491210938,-41.122833251953125,166.67649841308594,10.286449432373047,-8.741689682006836,150.75711059570312,20.66168975830078,-18.715545654296875,149.3531036376953,12.024274826049805,-35.98286819458008,154.09283447265625,8.815927505493164,-54.221649169921875
58,91.2579574584961,6.080713748931885,6.254796981811523,87.07999420166016,-18.89990997314453,-18.167280197143555,107.2495346069336,-20.015918731689453,-39.8814697265625,131.38002014160156,-9.330497741699219,-40.47287368774414,140.59727478027344,24.227100372314453,-37.07420349121094,122.78011322021484,-22.17470932006836,-66.12250518798828,145.09776306152344,-37.18391418457031,-83.74227905273438,144.1715850830078,-16.94396209716797,-92.91238403320312,125.4604721069336,-17.17255210876465,-79.74685668945312,143.4713592529297,-14.092562675476074,-61.861080169677734,134.32330322265625,9.267851829528809,-42.96684265136719,124.18800354003906,-6.405174732208252,-57.27053451538086,141.71278381347656,-10.685844421386719,-76.71004486083984,154.62599182128906,-6.342379093170166,-41.9957275390625,141.99859619140625,-27.12183380126953,-55.76839828491211,164.877685546875,-30.20982551574707,-47.11188888549805,162.83193969726562,-7.186941623687744,-56.178993225097656,161.8480987548828,-3.6363298892974854,-23.769495010375977,146.40225219726562,8.922815322875977,-31.927167892456055,132.59217834472656,4.627893447875977,-44.904640197753906,128.7866973876953,-1.2128465175628662,-61.718299865722656
59,91.20061492919922,6.062979698181152,6.260801315307617,88.77371215820312,-17.91921615600586,-19.311969757080078,91.65769958496094,-4.175905227661133,-45.41984939575195,117.8062744140625,-7.029890060424805,-43.22489547729492,152.0958709716797,-6.043623924255371,-40.54642105102539,129.23056030273438,-20.959716796875,-63.3117561340332,152.13270568847656,-32.440738677978516,-82.70297241210938,155.30892944335938,-10.52412223815918,-80.79871368408203,133.7675018310547,-13.231477737426758,-72.50360870361328,149.6455078125,-13.915891647338867,-56.60688400268555,121.2851333618164,-27.4119815826416,-55.55923843383789,139.90655517578125,-26.846101760864258,-69.90262603759766,163.13124084472656,-14.110140800476074,-76.31753540039062,158.87562561035156,-7.332706928253174,-35.35877227783203,147.30511474609375,-23.74347496032715,-54.840293884277344,166.45736694335938,-38.85299301147461,-58.53485107421875,164.12635803222656,-14.648154258728027,-60.874874114990234,164.1686553955078,-5.476239204406738,-16.380138397216797,148.96961975097656,-4.336041450500488,-31.536794662475586,137.2863006591797,-3.0345299243927,-46.97561264038086,126.1931381225586,-9.132808685302734,-60.037235260009766
60,91.0985107421875,6.031454086303711,6.271459102630615,92.4594497680664,-19.328880310058594,-17.91240692138672,113.0331039428711,-18.237646102905273,-39.19720458984375,121.18463134765625,4.893381118774414,-48.94740295410156,148.15057373046875,-4.285015106201172,-64.59955596923828,132.76629638671875,-18.145357131958008,-62.07948303222656,158.74298095703125,-31.044424057006836,-75.81124114990234,159.91033935546875,-9.117914199829102,-72.50408172607422,138.46034240722656,-16.142467498779297,-66.0160903930664,151.8835906982422,-7.757198333740234,-55.9564094543457,132.83596801757812,9.536989212036133,-37.85280990600586,136.6769256591797,-5.340288162231445,-55.64208221435547,159.39649963378906,-1.3070563077926636,-67.83967590332031,159.9958953857422,1.182983160018921,-35.07866668701172,152.76730346679688,-21.265661239624023,-50.23641586303711,173.6862335205078,-32.73324966430664,-56.6510124206543,175.00709533691406,-8.880474090576172,-64.03450012207031,164.89096069335938,4.893266201019287,-16.266630172729492,149.42880249023438,1.3558149337768555,-30.722360610961914,138.67190551757812,-1.416223168373108,-46.5754508972168,129.47630310058594,-10.899678230285645,-59.11962890625
61,90.9085693359375,5.972830772399902,6.2912726402282715,114.13311767578125,25.397436141967773,23.719303131103516,96.8427505493164,6.795833110809326,8.549219131469727,75.47040557861328,17.876846313476562,-2.2560842037200928,48.01300811767578,15.59262752532959,-22.915401458740234,99.09049987792969,78.50122833251953,46.54341125488281,123.03780364990234,67.94261169433594,28.104467391967773,129.9417724609375,70.2533187866211,7.16946268081665,138.52593994140625,85.39344024658203,23.23456382751465,77.39878845214844,79.43533325195312,52.76031494140625,95.78765869140625,67.81610107421875,29.94818115234375,115.05712890625,70.83455657958984,16.84642219543457,120.81420135498047,66.03617095947266,-9.215436935424805,59.7475700378418,62.93495178222656,53.65684127807617,81.90508270263672,47.160194396972656,46.42989730834961,85.34719848632812,31.704370498657227,27.39479637145996,77.39655303955078,47.89291763305664,12.071043014526367,48.324710845947266,46.899559020996094,55.66225814819336,55.89534378051758,65.7925796508789,49.06268310546875,69.89093017578125,79.02963256835938,49.53780746459961,86.16028594970703,86.91290283203125,51.04512023925781
62,90.80565643310547,5.941069602966309,6.30200719833374,63.45805358886719,17.244037628173828,24.7342472076416,79.6264877319336,17.368881225585938,49.480682373046875,105.74801635742188,15.93004322052002,52.9178352355957,138.90350341796875,6.717046737670898,54.91637420654297,53.481990814208984,-2.419771671295166,80.19563293457031,48.114479064941406,-8.374218940734863,49.24190139770508,60.73374938964844,-10.896376609802246,31.221906661987305,78.01116180419922,-12.86877727508545,14.805387496948242,72.5301513671875,-7.359766483306885,91.25870513916016,71.64340209960938,-14.627639770507812,60.56550979614258,63.06592559814453,-16.419939041137695,38.7696418762207,81.91712188720703,-20.56723403930664,19.195775985717773,95.94835662841797,-4.651385307312012,85.73255157470703,82.19181823730469,-29.25575065612793,84.87821197509766,96.50205993652344,-49.00741958618164,80.44123840332031,117.28466796875,-35.475990295410156,74.5053482055664,113.85997772216797,0.9791306257247925,79.47496032714844,125.26993560791016,17.709928512573242,72.67589569091797,123.65998840332031,36.25892639160156,67.8966064453125,108.12784576416016,44.44670104980469,66.06484985351562
63,90.74905395507812,5.923600196838379,6.3079094886779785,92.88124084472656,39.77448654174805,14.195939064025879,94.53923797607422,67.1751708984375,25.130701065063477,71.25135040283203,68.6310806274414,12.813077926635742,43.163909912109375,62.99817657470703,-6.22116756439209,43.72320556640625,72.30184936523438,23.406879425048828,67.51262664794922,63.20417022705078,4.111737251281738,63.29862594604492,62.295928955078125,-17.596046447753906,56.16750717163086,61.363346099853516,-40.421173095703125,26.861085891723633,60.31862258911133,32.432987213134766,39.32779312133789,37.87882614135742,14.051124572753906,51.10675048828125,35.27916717529297,-6.103763580322266,44.59007263183594,33.512481689453125,-31.421133041381836,25.419673919677734,37.54009246826172,40.573238372802734,35.80300521850586,14.163591384887695,28.618846893310547,24.963436126708984,-3.6127920150756836,15.130037307739258,20.852981567382812,-2.8416757583618164,-8.40117073059082,27.966693878173828,19.55482292175293,48.43252944946289,18.208890914916992,34.154876708984375,36.30221939086914,22.363481521606445,41.841705322265625,19.209735870361328,26.030771255493164,49.233116149902344,1.3730340003967285
64,90.72097778320312,5.91494083404541,6.310836315155029,92.06535339355469,-28.851688385009766,5.434927940368652,100.29945373535156,-37.02262878417969,-21.73499298095703,98.14888763427734,-31.02081871032715,-47.33774185180664,107.27503967285156,-35.993202209472656,-79.0993423461914,117.8065414428711,-57.396793365478516,-40.17851257324219,112.23627471923828,-82.92135620117188,-58.557533264160156,102.86640930175781,-64.71809387207031,-66.94822692871094,94.32462310791016,-60.02745819091797,-88.48411560058594,135.03150939941406,-45.8862419128418,-49.128143310546875,125.076904296875,-74.6778335571289,-57.458213806152344,111.18155670166016,-88.35971069335938,-70.54971313476562,110.0303955078125,-72.37532806396484,-92.72904968261719,146.0167694091797,-25.225940704345703,-42.79298782348633,129.9450225830078,-48.45746612548828,-42.493778228759766,140.6168212890625,-45.25101852416992,-64.66799926757812,117.47930908203125,-41.48660659790039,-68.9324951171875,154.26441955566406,-9.559815406799316,-33.94438171386719,138.508056640625,-23.941837310791016,-33.833885192871094,122.33245849609375,-34.220985412597656,-34.6685676574707,106.7894287109375,-46.45085144042969,-39.28750991821289
65,90.7029800415039,5.909384250640869,6.312714099884033,84.827392578125,-21.354398727416992,-14.486053466796875,102.54145050048828,-16.05881118774414,-37.52328872680664,123.42701721191406,-5.049263000488281,-49.30112075805664,151.66970825195312,-11.011281967163086,-66.09141540527344,112.13465118408203,-26.036985397338867,-67.30205535888672,131.27012634277344,-39.13664245605469,-89.25910186767578,126.38214111328125,-21.092905044555664,-77.4301528930664,140.3228302001953,-26.16204261779785,-59.62459182739258,132.78726196289062,-16.943819046020508,-67.34291076660156,140.63302612304688,-35.965919494628906,-91.30992889404297,124.16581726074219,-25.125690460205078,-104.07489013671875,145.16941833496094,-9.684734344482422,-96.7210464477539,146.4820556640625,-7.270941734313965,-49.826087951660156,129.9484405517578,-28.54144287109375,-58.3634147644043,151.8545684814453,-28.30122184753418,-46.69301223754883,148.00148010253906,-18.799434661865234,-69.31652069091797,156.0070037841797,-2.1066582202911377,-33.26195526123047,140.53033447265625,-5.399029731750488,-47.56203842163086,130.20147705078125,-10.83018970489502,-62.77743148803711,114.90294647216797,-7.816549301147461,-74.96186828613281
66,90.88778686523438,6.040360927581787,5.939579486846924,72.3635025024414,6.350923538208008,-24.634920120239258,90.78569030761719,-14.189798355102539,-36.458160400390625,108.45427703857422,-10.359542846679688,-55.75819396972656,118.82416534423828,-20.946245193481445,-85.4169692993164,99.35134887695312,-3.9891068935394287,-77.86834716796875,125.15465545654297,-20.223413467407227,-87.84825134277344,139.5079803466797,-10.474043846130371,-74.19647216796875,137.95840454101562,-11.986663818359375,-50.120277404785156,117.15653228759766,-18.145097732543945,-75.0391616821289,139.21896362304688,-33.98281478881836,-60.22783660888672,144.0303497314453,-13.416282653808594,-69.40323638916016,127.10008239746094,-27.69188117980957,-82.33147430419922,125.65797424316406,-31.204309463500977,-55.913394927978516,143.5369415283203,-25.785564422607422,-75.90029907226562,128.0777130126953,-11.057472229003906,-64.46539306640625,130.7889862060547,-18.25632095336914,-85.00871276855469,128.64125061035156,-42.46230697631836,-39.75941848754883,128.90187072753906,-27.409391403198242,-54.312652587890625,132.14291381835938,-15.926746368408203,-69.02201843261719,153.8899383544922,-11.143242835998535,-59.633209228515625
67,90.79376220703125,5.977632999420166,6.110697269439697,83.9796371459961,-21.496789932250977,-14.989846229553223,105.4745101928711,-34.73672866821289,-30.818817138671875,113.64604187011719,-20.71645164489746,-51.66366195678711,142.66380310058594,-14.326505661010742,-65.2286148071289,112.46581268310547,-28.120065689086914,-67.54432678222656,126.82713317871094,-46.19031524658203,-89.71926879882812,123.86959838867188,-24.55525779724121,-86.343994140625,108.999755859375,-26.80367660522461,-68.49467468261719,133.54122924804688,-19.592180252075195,-66.67849731445312,113.35860443115234,-43.321964263916016,-68.94939422607422,119.40355682373047,-33.946598052978516,-89.3334732055664,130.1522216796875,-23.559995651245117,-67.21797943115234,147.13919067382812,-10.386506080627441,-48.5236701965332,132.5287322998047,-27.81067657470703,-64.47288513183594,156.6026611328125,-31.27744483947754,-61.547142028808594,142.37576293945312,-13.286486625671387,-69.51213073730469,156.48992919921875,-5.755184650421143,-31.62788200378418,142.6053924560547,-6.209903717041016,-47.5262336730957,127.46188354492188,-9.61667251586914,-58.55770492553711,114.57548522949219,-20.271203994750977,-63.16527557373047
68,90.74259948730469,5.94350528717041,6.203807353973389,65.5949478149414,6.376318454742432,30.63588523864746,85.32571411132812,-14.354471206665039,22.782278060913086,91.2569808959961,-27.519983291625977,0.6792601346969604,63.852996826171875,-40.08171081542969,-17.306547164916992,25.809236526489258,-38.226863861083984,34.7565803527832,7.737576961517334,-13.878913879394531,24.620954513549805,3.540137767791748,-1.4489144086837769,6.829586029052734,24.34389305114746,5.371737480163574,11.432671546936035,34.67103576660156,-58.14315414428711,28.553945541381836,9.26121711730957,-47.219512939453125,13.691620826721191,11.904948234558105,-25.22974395751953,6.296095848083496,11.443852424621582,-36.706398010253906,-18.432456970214844,57.23579788208008,-65.07288360595703,22.468244552612305,36.27956771850586,-46.577632904052734,20.77507781982422,13.098660469055176,-52.112178802490234,14.48576545715332,3.829557418823242,-41.790435791015625,-5.08043909072876,76.700439453125,-68.14615631103516,20.26585578918457,75.03437805175781,-61.47053146362305,0.20580925047397614,75.25273132324219,-46.13423538208008,-11.174429893493652,81.08218383789062,-28.394668579101562,1.044843316078186
69,90.71675109863281,5.9255452156066895,6.254266738891602,64.77093505859375,6.7363786697387695,29.633235931396484,89.76226806640625,-9.103464126586914,28.433799743652344,103.55833435058594,-23.804243087768555,11.39903450012207,87.43026733398438,-46.54262161254883,-10.172746658325195,30.504308700561523,-41.30923843383789,39.20784378051758,11.095752716064453,-22.44734764099121,22.224035263061523,6.962466716766357,-14.482969284057617,2.015017032623291,25.499805450439453,-4.592794895172119,9.628031730651855,41.80413818359375,-60.690982818603516,36.33774948120117,19.257831573486328,-61.96157455444336,14.39436149597168,18.581735610961914,-41.63749313354492,2.792673110961914,24.631006240844727,-57.150848388671875,-18.871822357177734,65.20508575439453,-65.64246368408203,31.937606811523438,44.12870407104492,-47.97260284423828,26.0601749420166,24.223121643066406,-58.468875885009766,15.805337905883789,16.919445037841797,-55.03107452392578,-6.840027809143066,84.953125,-66.59508514404297,30.657304763793945,88.2283706665039,-63.75372314453125,9.844807624816895,88.79415893554688,-53.539161682128906,-6.3199849128723145,90.08030700683594,-31.799598693847656,2.760741949081421
70,90.70066833496094,5.915151596069336,6.281932830810547,66.12435913085938,6.292694568634033,31.005346298217773,81.4016342163086,-15.347748756408691,17.848957061767578,83.25741577148438,-26.0539608001709,-6.1995015144348145,51.382080078125,-29.734664916992188,-20.039756774902344,22.14504051208496,-34.10242462158203,31.16402244567871,7.119406223297119,-6.1511640548706055,27.53667640686035,1.7086220979690552,9.737804412841797,13.138415336608887,22.954021453857422,12.167261123657227,19.396503448486328,28.6522216796875,-54.09238052368164,22.886863708496094,2.839909791946411,-37.092140197753906,16.62000274658203,8.588862419128418,-14.617208480834961,13.225167274475098,-4.308756351470947,-2.237424373626709,-7.515005588531494,50.198974609375,-62.676029205322266,15.669636726379395,32.088653564453125,-41.483856201171875,19.878211975097656,7.430724620819092,-42.778106689453125,17.852462768554688,-3.026388645172119,-28.636051177978516,1.4229379892349243,69.17898559570312,-67.4716796875,12.677882194519043,66.05538177490234,-57.0290641784668,-5.6069512367248535,79.09313201904297,-43.76964569091797,-10.165515899658203,88.85557556152344,-29.52035140991211,1.7139389514923096
71,90.59757232666016,6.089775085449219,6.151754379272461,58.59896469116211,19.329856872558594,-2.424931049346924,62.977909088134766,-9.652825355529785,-5.746910572052002,44.6782112121582,-19.547306060791016,-21.52199935913086,30.09706687927246,-37.27732467651367,-46.84782028198242,9.358912467956543,-12.866148948669434,6.900410175323486,32.882728576660156,-27.806102752685547,-7.56562614440918,49.40085983276367,-29.467004776000977,-21.40398406982422,64.34064483642578,-42.58216094970703,-33.94343185424805,11.274762153625488,-27.399206161499023,24.59037971496582,24.739763259887695,-45.61066818237305,3.0916500091552734,42.56060028076172,-48.080772399902344,-11.476456642150879,55.61809158325195,-46.43730926513672,-33.9622802734375,28.27146339416504,-31.09271240234375,41.757530212402344,42.90425491333008,-47.138893127441406,24.32509422302246,33.109703063964844,-67.60091400146484,15.494304656982422,35.956233978271484,-68.87603759765625,-7.235948085784912,42.71625900268555,-29.603717803955078,55.58139419555664,43.552574157714844,-22.406177520751953,35.86004638671875,54.595611572265625,-10.912984848022461,25.71457290649414,73.81900024414062,-9.382326126098633,25.285966873168945
72,90.54087829589844,6.184487819671631,6.081057071685791,59.66782760620117,23.082937240600586,-2.062558650970459,49.91203308105469,48.19886779785156,-13.978076934814453,31.967866897583008,51.347503662109375,-32.46852111816406,20.618131637573242,25.72945785522461,-51.291229248046875,8.083701133728027,-6.3757429122924805,1.1331406831741333,29.263416290283203,-21.060054779052734,-16.282041549682617,44.40067672729492,-22.236663818359375,-31.281169891357422,59.466590881347656,-34.567169189453125,-44.183631896972656,8.276917457580566,-23.65944480895996,16.582664489746094,20.627439498901367,-40.4572639465332,-6.440492153167725,37.693634033203125,-43.11152648925781,-21.61740493774414,50.452064514160156,-41.497135162353516,-44.022911071777344,24.055891036987305,-31.305112838745117,33.73250198364258,38.941776275634766,-45.519283294677734,15.24768352508545,27.287586212158203,-65.41761779785156,8.203864097595215,26.814199447631836,-54.30628967285156,-10.458488464355469,37.902557373046875,-32.786563873291016,48.345638275146484,38.932865142822266,-24.7130126953125,29.13643455505371,53.07362747192383,-12.612556457519531,26.8045654296875,72.80521392822266,-9.618897438049316,24.73096466064453
73,90.60499572753906,6.056064605712891,6.18767786026001,63.224082946777344,3.2293052673339844,28.61284828186035,77.09809112548828,0.6130319237709045,2.7209129333496094,77.91268157958984,-3.721579074859619,-23.05441665649414,50.26035690307617,-5.645684719085693,-39.44776916503906,20.294540405273438,-36.84239196777344,18.72721290588379,7.4144697189331055,-8.132576942443848,19.59170913696289,8.3977632522583,11.487824440002441,10.388259887695312,27.431413650512695,23.317567825317383,8.515544891357422,27.71805191040039,-55.48655319213867,7.696662902832031,11.80109977722168,-29.573230743408203,0.2770833671092987,16.694091796875,-7.082106590270996,-2.745178461074829,4.117347240447998,12.732878684997559,-15.496674537658691,49.776710510253906,-63.399932861328125,0.9101009964942932,35.18811798095703,-39.83900833129883,4.462892532348633,12.07470703125,-47.72713851928711,5.28411340713501,14.231890678405762,-36.29833221435547,-15.933699607849121,69.1683120727539,-67.98735046386719,-0.8537597060203552,68.37480163574219,-54.16150665283203,-16.733205795288086,80.7580795288086,-39.827083587646484,-16.860944747924805,87.98846435546875,-23.769906997680664,-9.427055358886719
74,90.639892578125,5.986180782318115,6.245696067810059,65.6012954711914,-3.5336310863494873,29.03709602355957,83.17749786376953,10.65522575378418,10.04809284210205,93.3679428100586,11.302680015563965,-14.141069412231445,69.02788543701172,-1.320488691329956,-30.59016990661621,39.635398864746094,-57.009925842285156,24.940439224243164,14.01387882232666,-38.998634338378906,20.151912689208984,7.755115985870361,-23.192712783813477,6.366854667663574,17.767131805419922,-3.9914846420288086,12.170977592468262,53.468536376953125,-73.02488708496094,16.60066032409668,32.70004653930664,-51.69186782836914,6.51097297668457,27.58338737487793,-28.944257736206055,5.506101131439209,12.869172096252441,-18.54631233215332,-14.826278686523438,77.09640502929688,-73.23583984375,10.795843124389648,54.0105094909668,-57.23660659790039,10.441141128540039,39.030887603759766,-75.84492492675781,4.507524013519287,42.12321472167969,-60.07368469238281,-13.529319763183594,96.80137634277344,-70.81581115722656,9.320123672485352,91.91850280761719,-52.852474212646484,-0.7904525995254517,93.85830688476562,-34.29423904418945,3.0197601318359375,87.90365600585938,-19.016578674316406,10.99036693572998
75,91.0206298828125,6.0598859786987305,6.239482879638672,76.46656799316406,10.638962745666504,-25.53400993347168,100.00248718261719,0.13939011096954346,-40.08879852294922,121.45841217041016,2.606095790863037,-55.136619567871094,123.62052154541016,-23.497642517089844,-73.26660919189453,107.4303207397461,0.07902365177869797,-75.54315948486328,136.60403442382812,-12.6710844039917,-78.02407836914062,153.04074096679688,-13.49477767944336,-92.72661590576172,149.9735565185547,-12.324835777282715,-70.28250122070312,123.19451904296875,-16.00808334350586,-72.7420883178711,147.63229370117188,-29.691442489624023,-58.568092346191406,156.06118774414062,-19.741687774658203,-78.02625274658203,146.52528381347656,-19.334789276123047,-102.1694107055664,128.7917938232422,-30.973711013793945,-54.59720230102539,154.3585662841797,-26.861366271972656,-65.16355895996094,139.5760955810547,-44.9492301940918,-72.8885498046875,132.91860961914062,-24.924884796142578,-76.22576904296875,128.95416259765625,-43.5941162109375,-39.27259063720703,138.39971923828125,-25.18050193786621,-44.58903884887695,142.39224243164062,-15.337526321411133,-60.662113189697266,162.80776977539062,-6.765277862548828,-49.47993850708008
76,90.76420593261719,6.164973735809326,6.130202770233154,57.38936996459961,18.509109497070312,1.5491880178451538,50.78025817871094,-6.190342903137207,-13.17698860168457,45.00379943847656,-7.203465461730957,-38.581085205078125,23.5667667388916,-24.865663528442383,-55.417240142822266,10.571866989135742,-17.248458862304688,10.545781135559082,29.515716552734375,-31.39565086364746,-10.112764358520508,37.114173889160156,-34.23454666137695,-30.12462615966797,60.304420471191406,-37.448631286621094,-30.85645866394043,14.775506973266602,-33.91793441772461,25.870777130126953,19.14485740661621,-55.07823181152344,3.4352242946624756,38.70586395263672,-54.995670318603516,-8.930306434631348,37.976776123046875,-58.86460494995117,-34.13496398925781,33.22465515136719,-39.05819320678711,40.96275329589844,53.47063446044922,-52.022342681884766,27.15195083618164,43.83796691894531,-71.6369400024414,16.639694213867188,36.268218994140625,-57.930267333984375,1.043189287185669,48.55915451049805,-38.456729888916016,53.91697311401367,63.27743148803711,-24.641714096069336,47.90261459350586,69.35317993164062,-10.458976745605469,36.8784065246582,86.93067932128906,-10.312318801879883,38.88574981689453
77,90.62752532958984,6.223524570465088,6.0701398849487305,56.84418869018555,17.777626037597656,-0.07887743413448334,51.336463928222656,-8.342180252075195,-12.546337127685547,33.891754150390625,8.076974868774414,-22.489309310913086,13.64158821105957,-12.854397773742676,-40.12065505981445,10.866939544677734,-18.92696189880371,8.850459098815918,33.60710144042969,-33.35806655883789,-6.711091995239258,41.3266716003418,-36.075984954833984,-26.413145065307617,60.56013107299805,-28.305885314941406,-17.325326919555664,15.096381187438965,-35.269493103027344,24.78412628173828,22.22726821899414,-56.444236755371094,3.2698848247528076,41.49000549316406,-56.5014762878418,-9.278081893920898,44.8990592956543,-60.38545227050781,-34.160457611083984,33.19093704223633,-39.718448638916016,40.690032958984375,53.42962646484375,-52.9972038269043,27.436071395874023,42.45443344116211,-72.5678939819336,18.754154205322266,35.161346435546875,-59.46904373168945,3.098256826400757,48.174560546875,-38.31795120239258,54.175254821777344,63.625797271728516,-25.65723419189453,48.04377365112305,77.73296356201172,-13.249151229858398,47.45494842529297,95.76441192626953,-13.258132934570312,45.755435943603516
78,90.5473403930664,6.252630710601807,6.038650989532471,56.55781173706055,18.237016677856445,0.8421279191970825,50.909637451171875,-6.980227470397949,-13.25033187866211,46.60560607910156,-10.46579360961914,-38.513484954833984,24.971824645996094,-27.742341995239258,-54.02658462524414,10.726749420166016,-18.649145126342773,9.451178550720215,33.26332473754883,-32.963401794433594,-6.200233459472656,40.63606643676758,-35.48149490356445,-25.91256332397461,63.292728424072266,-39.40089797973633,-29.2104434967041,15.239574432373047,-35.696441650390625,24.697898864746094,21.81405258178711,-56.53002166748047,2.779245376586914,40.963836669921875,-55.9410285949707,-9.77855396270752,40.34944534301758,-59.576820373535156,-34.68849563598633,33.613670349121094,-40.8957405090332,40.15045166015625,53.624717712402344,-53.50959777832031,26.077058792114258,43.07594680786133,-72.96493530273438,16.913257598876953,35.729217529296875,-60.08567810058594,1.2652539014816284,48.89337158203125,-40.01277542114258,53.45161437988281,63.06971740722656,-26.29205894470215,46.82630920410156,76.45784759521484,-13.26490592956543,45.7780876159668,94.2941665649414,-12.655713081359863,45.0135612487793
79,90.97026824951172,6.204871654510498,6.126821994781494,74.75668334960938,11.202298164367676,-25.53566551208496,98.1067886352539,0.7383618354797363,-40.322052001953125,117.26802062988281,-3.447216033935547,-57.55738830566406,123.4492416381836,-27.25571060180664,-78.09458923339844,103.42095947265625,-0.47666579484939575,-76.5727310180664,132.10122680664062,-13.307836532592773,-79.26734924316406,150.95240783691406,-11.608635902404785,-89.86721801757812,148.6265106201172,-12.011736869812012,-67.2800521850586,119.65901947021484,-16.590681076049805,-74.14411163330078,145.86878967285156,-27.740795135498047,-61.60010528564453,154.81820678710938,-18.096364974975586,-80.6964340209961,145.986328125,-19.898332595825195,-104.6738510131836,126.42866516113281,-31.597875595092773,-56.26945495605469,152.1138916015625,-27.385099411010742,-65.6288833618164,138.1504364013672,-44.8173713684082,-75.05704498291016,131.5032958984375,-25.294843673706055,-77.70872497558594,127.05293273925781,-44.419921875,-40.85816192626953,137.0498809814453,-26.457786560058594,-45.887882232666016,141.25038146972656,-16.558916091918945,-61.653987884521484,161.5679168701172,-7.711164474487305,-51.42125701904297
80,91.20069885253906,6.179022312164307,6.17473840713501,74.68460083007812,11.119033813476562,-25.038368225097656,97.5365982055664,0.14986097812652588,-40.363441467285156,116.431396484375,-4.176375389099121,-58.05647659301758,120.21094512939453,-30.22345733642578,-76.54816436767578,102.04163360595703,-1.0314244031906128,-76.82596588134766,129.7537384033203,-15.276795387268066,-83.4525375366211,151.2598114013672,-13.079936027526855,-87.33707427978516,145.34616088867188,-9.852208137512207,-65.12506103515625,117.92256927490234,-17.294292449951172,-74.6021499633789,144.608154296875,-27.211833953857422,-61.7879638671875,153.9220733642578,-18.13809585571289,-81.17508697509766,145.0157470703125,-20.550676345825195,-105.32219696044922,124.72787475585938,-32.11613464355469,-56.77707290649414,150.6748046875,-28.4594669342041,-65.86509704589844,136.56361389160156,-46.04108428955078,-75.20538330078125,136.73329162597656,-28.669696807861328,-87.8515853881836,125.47052001953125,-44.83926010131836,-41.44453430175781,135.698486328125,-26.857526779174805,-46.7445182800293,140.2167510986328,-17.05142593383789,-62.72748947143555,160.82745361328125,-8.624080657958984,-52.28303527832031
81,90.8136978149414,6.206856727600098,6.104910373687744,57.18900680541992,17.986539840698242,0.7775598168373108,43.3303337097168,-4.851603984832764,-11.693717956542969,43.11022186279297,-8.281608581542969,-37.48167419433594,21.618995666503906,-27.302125930786133,-50.948394775390625,10.814987182617188,-18.715396881103516,8.375865936279297,31.158281326293945,-32.03236389160156,-11.436286926269531,38.638511657714844,-33.75973892211914,-31.58216094970703,55.258079528808594,-29.45134735107422,-16.892343521118164,15.162139892578125,-35.671756744384766,23.44821548461914,21.774084091186523,-55.60086441040039,0.5677156448364258,35.26180648803711,-54.98788070678711,-18.185596466064453,40.110565185546875,-58.533775329589844,-43.47209930419922,33.383941650390625,-40.922088623046875,38.78786087036133,44.30631637573242,-57.98093795776367,20.076631546020508,33.959495544433594,-77.27935791015625,9.969366073608398,27.775291442871094,-64.30841827392578,-6.273921489715576,48.354454040527344,-40.188236236572266,52.25796890258789,64.15650939941406,-27.70944595336914,45.9069709777832,68.55581665039062,-23.371950149536133,27.937536239624023,85.22840118408203,-22.486806869506836,29.328737258911133
82,90.7537612915039,6.068329334259033,6.200625896453857,80.1160659790039,-20.732664108276367,-14.419097900390625,96.69522094726562,-28.140060424804688,-37.672142028808594,102.26010131835938,-12.917104721069336,-58.232181549072266,131.3455352783203,-20.315040588378906,-67.92802429199219,104.46852111816406,-29.214073181152344,-68.17967987060547,109.49703216552734,-47.79563903808594,-93.2635269165039,111.34540557861328,-26.14992332458496,-95.2061538696289,107.84252166748047,-37.070213317871094,-75.7691421508789,126.11603546142578,-21.986984252929688,-69.37782287597656,100.99610137939453,-40.321990966796875,-72.91722106933594,108.49539947509766,-19.791820526123047,-80.92353057861328,121.41883087158203,-26.112937927246094,-103.79000091552734,141.99778747558594,-13.46828556060791,-53.04256820678711,124.27070617675781,-30.057680130004883,-66.76807403564453,146.86647033691406,-38.44301986694336,-62.719390869140625,133.38613891601562,-21.02198028564453,-71.22325897216797,153.14305114746094,-9.603114128112793,-36.91206741333008,134.5472412109375,-13.027525901794434,-46.51459884643555,125.1611557006836,-13.569502830505371,-63.11290740966797,110.51376342773438,-20.664337158203125,-66.75819396972656
83,90.72142028808594,5.993029594421387,6.252685546875,80.95515441894531,-21.620567321777344,-13.163201332092285,89.38335418701172,-22.05672836303711,-41.447776794433594,100.26280975341797,-10.392050743103027,-62.32386779785156,128.92381286621094,-22.821746826171875,-68.17867279052734,105.02932739257812,-31.16288948059082,-66.8740463256836,111.34272766113281,-50.22488021850586,-91.47947692871094,109.8134536743164,-28.475196838378906,-94.01500701904297,108.74545288085938,-40.47919845581055,-75.00867462158203,126.43790435791016,-23.71200942993164,-68.42317199707031,100.49606323242188,-41.311710357666016,-70.74520111083984,95.65450286865234,-25.037019729614258,-86.80498504638672,115.75965118408203,-29.46316146850586,-104.7264175415039,142.04881286621094,-14.42046070098877,-52.298614501953125,124.13334655761719,-31.740434646606445,-65.20619201660156,147.3367156982422,-38.710235595703125,-60.85117721557617,132.408935546875,-22.563961029052734,-70.11398315429688,153.04122924804688,-9.600643157958984,-36.43133544921875,136.9058837890625,-12.604545593261719,-49.94277572631836,126.01195526123047,-13.910324096679688,-65.5976333618164,111.41263580322266,-21.8319149017334,-67.81291198730469
84,90.7045669555664,5.9522929191589355,6.280930042266846,66.11700439453125,10.292449951171875,30.772945404052734,36.62314224243164,11.64380168914795,30.84003448486328,55.276283264160156,-2.749150514602661,19.100948333740234,45.07114028930664,-26.779272079467773,-2.804029703140259,31.60110092163086,-35.252079010009766,47.80614471435547,14.390707015991211,-15.72120189666748,29.478858947753906,14.225614547729492,-7.802980899810791,8.925238609313965,1.0900311470031738,4.797875881195068,-6.338343143463135,42.14085006713867,-55.25985336303711,46.542991638183594,20.801603317260742,-50.56902313232422,23.841936111450195,23.580951690673828,-29.86944007873535,13.237467765808105,17.453054428100586,-28.301605224609375,-13.211607933044434,64.99493408203125,-61.61348342895508,41.392948150634766,43.61912536621094,-47.364986419677734,29.863540649414062,22.782087326049805,-59.21551513671875,23.857112884521484,36.62030792236328,-63.1358757019043,3.553882122039795,84.64032745361328,-63.36454391479492,39.16575622558594,89.3929672241211,-55.9784049987793,19.775053024291992,93.38667297363281,-41.85214614868164,7.494002342224121,110.59345245361328,-26.5168514251709,9.75617790222168
85,91.05835723876953,6.042679309844971,6.258065700531006,76.63650512695312,10.457975387573242,-25.485078811645508,99.97637939453125,-0.4790285527706146,-40.055049896240234,118.95304107666016,-5.493597030639648,-57.64950180053711,123.6305160522461,-30.97366714477539,-77.4615249633789,106.96263885498047,-2.257913827896118,-75.41082000732422,134.7443389892578,-16.725788116455078,-82.04390716552734,156.1564178466797,-13.938358306884766,-86.94965362548828,149.3459930419922,-13.70544147491455,-64.65623474121094,122.03719329833984,-18.873991012573242,-72.33786010742188,148.19711303710938,-30.310110092163086,-59.19865798950195,155.96176147460938,-20.416873931884766,-79.01387786865234,139.47311401367188,-21.029003143310547,-98.94085693359375,127.06938171386719,-33.620906829833984,-53.89392852783203,152.55636596679688,-28.61260414123535,-64.3652114868164,138.72689819335938,-46.7347412109375,-73.76548767089844,137.75552368164062,-28.91771125793457,-86.54505157470703,126.81248474121094,-45.89116287231445,-38.33183288574219,131.332763671875,-30.008625030517578,-51.97507858276367,138.1519775390625,-18.746164321899414,-66.10907745361328,156.95602416992188,-11.56106948852539,-53.838626861572266
86,90.77115631103516,6.149197578430176,6.143087863922119,57.4516487121582,18.260164260864258,1.1705482006072998,46.5113410949707,-6.223654270172119,-11.122623443603516,42.886077880859375,-10.125309944152832,-36.66124725341797,20.969058990478516,-28.25151824951172,-51.790809631347656,10.734804153442383,-18.000537872314453,8.62662124633789,29.80421257019043,-32.14122009277344,-11.993328094482422,37.18528747558594,-35.13451385498047,-32.11406707763672,54.25421142578125,-24.709470748901367,-21.76163101196289,14.773964881896973,-34.854923248291016,23.745651245117188,21.026878356933594,-55.95254135131836,1.6713812351226807,40.13393020629883,-55.24823760986328,-11.4137601852417,43.31943130493164,-58.865108489990234,-36.644412994384766,32.986541748046875,-40.07480239868164,39.072235107421875,52.725555419921875,-53.2607421875,24.721622467041016,41.33975601196289,-72.78626251220703,15.876255989074707,33.585487365722656,-58.75433349609375,0.8911862969398499,48.05887985229492,-39.57510757446289,52.31616973876953,61.989898681640625,-25.07741355895996,45.8919792175293,66.81888580322266,-20.270763397216797,28.157833099365234,84.22259521484375,-19.757110595703125,27.990083694458008
87,90.59253692626953,6.1965765953063965,6.085110664367676,56.82256317138672,18.130651473999023,1.3877041339874268,50.071903228759766,-6.960363864898682,-12.428778648376465,48.23804473876953,-11.128437042236328,-37.96039962768555,27.49793243408203,-29.84698486328125,-52.936344146728516,11.085756301879883,-19.727062225341797,5.465301513671875,30.625932693481445,-33.04449462890625,-14.794157028198242,38.92854690551758,-35.81657791137695,-34.29673385620117,55.835662841796875,-26.491056442260742,-23.03605842590332,15.415534019470215,-37.887001037597656,19.220989227294922,25.16103172302246,-57.31179428100586,-2.924501895904541,38.59577178955078,-56.24570083618164,-21.57533836364746,43.14769744873047,-59.60706329345703,-46.74503707885742,33.55198669433594,-44.1578369140625,34.45511245727539,54.20766067504883,-55.471309661865234,20.094030380249023,42.66884994506836,-74.53177642822266,11.034680366516113,35.54060745239258,-60.00579071044922,-3.3372976779937744,48.50606918334961,-44.35657501220703,48.06049728393555,63.75755310058594,-31.221860885620117,42.19831085205078,68.83790588378906,-26.236356735229492,24.757665634155273,85.26001739501953,-25.64788818359375,24.82526397705078
88,90.50633239746094,6.227564811706543,6.051304340362549,56.714595794677734,18.591121673583984,1.119003176689148,45.2197151184082,-5.179935932159424,-11.807937622070312,40.421661376953125,-8.916252136230469,-36.93717956542969,18.511213302612305,-25.45823097229004,-53.04046630859375,10.421045303344727,-17.275981903076172,11.419655799865723,33.539127349853516,-31.045028686523438,-3.9140079021453857,39.88190460205078,-34.177642822265625,-23.92962074279785,55.27600860595703,-28.35919761657715,-8.933387756347656,14.915853500366211,-33.969390869140625,27.033287048339844,17.316131591796875,-56.13673400878906,5.565961837768555,36.48503494262695,-56.29496383666992,-7.003089427947998,35.4825439453125,-60.13353729248047,-31.89419174194336,33.49201965332031,-39.06390380859375,42.289695739746094,52.38262176513672,-53.51262664794922,28.47021484375,42.87651062011719,-72.70673370361328,17.7799129486084,34.926761627197266,-59.56313705444336,2.552680730819702,49.010684967041016,-38.08185577392578,55.329307556152344,63.64432144165039,-23.97096061706543,50.59133529663086,67.55078887939453,-19.19037437438965,32.89354705810547,84.78874969482422,-18.207542419433594,35.9429931640625
89,90.47869110107422,6.2535505294799805,6.028956890106201,57.00221252441406,18.690242767333984,-1.305321216583252,51.209327697753906,-7.75673246383667,-12.763007164001465,31.364957809448242,6.456284046173096,-21.172090530395508,11.763551712036133,-15.476616859436035,-37.9617919921875,10.815329551696777,-18.673620223999023,0.44865721464157104,31.707794189453125,-34.023902893066406,-16.31829833984375,39.899410247802734,-36.04965591430664,-35.701141357421875,57.21939468383789,-27.27100944519043,-24.89168357849121,14.067456245422363,-36.88505935668945,14.705836296081543,22.331331253051758,-57.97172927856445,-6.330550670623779,41.7143440246582,-56.43807601928711,-18.375118255615234,55.408485412597656,-64.5473403930664,-38.39007568359375,31.037885665893555,-43.330543518066406,31.315631866455078,43.64995193481445,-60.81455993652344,14.284245491027832,31.600427627563477,-79.6558837890625,5.895025253295898,23.971773147583008,-65.98834228515625,-8.189666748046875,45.08952713012695,-43.46901321411133,46.001182556152344,58.64140319824219,-29.138404846191406,39.38846969604492,64.41036987304688,-24.283124923706055,22.295541763305664,79.91561889648438,-22.706645965576172,27.826343536376953
90,90.47267150878906,6.271960258483887,6.014944553375244,83.16647338867188,11.596096992492676,41.42675018310547,94.37773895263672,35.78813552856445,29.0273494720459,114.21358489990234,51.407283782958984,34.337181091308594,105.81124114990234,58.41324234008789,63.25507736206055,60.65564727783203,63.663246154785156,59.114524841308594,82.32368469238281,54.05479431152344,39.41366958618164,102.9843521118164,55.48896408081055,35.4425163269043,101.82354736328125,70.84187316894531,18.532089233398438,48.62017822265625,74.82811737060547,42.452693939208984,72.1236343383789,59.1394157409668,29.980148315429688,90.27821350097656,64.90003967285156,17.369768142700195,113.03984832763672,63.848018646240234,5.148112773895264,40.649627685546875,69.27099609375,19.82990074157715,61.613189697265625,57.80080032348633,6.299006938934326,59.57561111450195,35.587059020996094,14.773943901062012,70.21431732177734,46.81165313720703,29.71478271484375,33.383541107177734,59.88619613647461,3.313039779663086,46.33534240722656,75.53042602539062,-0.9566228985786438,63.58758544921875,82.25385284423828,-3.1344401836395264,69.68566131591797,94.18575286865234,-20.016647338867188
91,90.46472930908203,6.2797441482543945,6.00829553604126,56.888336181640625,18.335344314575195,-2.1180760860443115,55.20719528198242,-8.179789543151855,-14.720601081848145,49.4639778137207,-15.835797309875488,-38.66733169555664,22.51275634765625,-29.4569149017334,-45.889564514160156,11.33161735534668,-19.797697067260742,-1.8334537744522095,32.1364860534668,-35.677520751953125,-18.056921005249023,41.93854522705078,-36.81432342529297,-36.66354751586914,58.41694259643555,-33.980037689208984,-21.7997989654541,14.535419464111328,-38.169898986816406,12.314666748046875,23.629024505615234,-59.57516098022461,-7.995179653167725,43.20090103149414,-58.96343994140625,-19.7287654876709,59.01909637451172,-65.8486328125,-38.59700393676758,31.161598205566406,-44.57853698730469,29.3203182220459,44.21240997314453,-62.075927734375,12.673192024230957,32.12895584106445,-80.90383911132812,4.414949417114258,23.972421646118164,-67.3606185913086,-9.267922401428223,44.85004425048828,-44.64329147338867,44.37639617919922,57.8267822265625,-30.160634994506836,37.18598937988281,68.04501342773438,-24.53801918029785,22.66431427001953,83.22953796386719,-24.122312545776367,28.54901885986328
92,90.4599609375,6.2837958335876465,6.004748821258545,57.25693130493164,19.40229606628418,-2.1078948974609375,66.32398223876953,-3.7784054279327393,-17.76462745666504,44.92759704589844,9.263093948364258,-23.83452606201172,22.942007064819336,-10.46436882019043,-40.18061447143555,10.31690788269043,-16.966896057128906,-0.37114089727401733,29.007631301879883,-33.749847412109375,-18.15483856201172,39.318267822265625,-35.91437530517578,-36.3753547668457,57.443939208984375,-27.74394989013672,-26.343446731567383,12.987114906311035,-35.09397888183594,14.213353157043457,22.461830139160156,-56.757965087890625,-5.632676124572754,36.52719497680664,-56.809356689453125,-23.602144241333008,37.96406936645508,-62.371822357177734,-48.313602447509766,29.542949676513672,-41.703346252441406,31.21878433227539,44.41770553588867,-59.135711669921875,16.113386154174805,33.85953903198242,-78.61516571044922,7.317418098449707,25.73512840270996,-65.30616760253906,-6.681516647338867,43.38550567626953,-41.901573181152344,46.13935852050781,53.83152770996094,-26.546722412109375,36.947235107421875,65.17286682128906,-21.05432891845703,23.245073318481445,80.57674407958984,-21.35418701171875,29.688623428344727
93,90.44822692871094,6.281672477722168,6.004696369171143,57.69171142578125,21.02621841430664,-1.0475250482559204,59.51350784301758,-6.745492935180664,-10.51699161529541,52.6818962097168,-9.296964645385742,-35.24010467529297,26.48560333251953,-23.35727882385254,-44.653526306152344,9.647987365722656,-13.892154693603516,-2.1974494457244873,30.82453155517578,-29.635860443115234,-18.026458740234375,40.263893127441406,-31.578262329101562,-36.73346710205078,59.08319854736328,-29.27537727355957,-24.664844512939453,11.722728729248047,-33.196529388427734,10.903655052185059,20.223207473754883,-54.57780075073242,-9.67086124420166,40.04043960571289,-53.089500427246094,-20.881078720092773,56.79054260253906,-59.50475311279297,-39.1002311706543,28.028108596801758,-41.65021896362305,27.332454681396484,49.057193756103516,-55.21796417236328,16.081092834472656,36.699588775634766,-74.08295440673828,8.383184432983398,29.146272659301758,-61.470008850097656,-6.691675662994385,41.822967529296875,-43.458587646484375,42.19851303100586,54.497562408447266,-27.941072463989258,36.89517593383789,60.25923156738281,-22.102365493774414,20.1845703125,76.6240234375,-20.71367645263672,24.67239761352539
