frame_id,pose_R_0,pose_R_1,pose_R_2,pose_R_3,pose_R_4,pose_R_5,pose_R_6,pose_R_7,pose_R_8,pose_R_9,pose_R_10,pose_R_11,pose_R_12,pose_R_13,pose_R_14,pose_R_15,pose_R_16,pose_R_17,pose_R_18,pose_R_19,pose_R_20,pose_R_21,pose_R_22,pose_R_23,pose_R_24,pose_R_25,pose_R_26,pose_R_27,pose_R_28,pose_R_29,pose_R_30,pose_R_31,pose_R_32,pose_R_33,pose_R_34,pose_R_35,pose_R_36,pose_R_37,pose_R_38,pose_R_39,pose_R_40,pose_R_41,pose_R_42,pose_R_43,pose_R_44,pose_R_45,pose_R_46,pose_R_47,pose_R_48,pose_R_49,pose_R_50,pose_R_51,pose_R_52,pose_R_53,pose_R_54,pose_R_55,pose_R_56,pose_R_57,pose_R_58,pose_R_59,pose_R_60,pose_R_61,pose_R_62,pose_R_63,pose_R_64,pose_R_65,pose_R_66,pose_R_67,pose_R_68,pose_R_69,pose_R_70,pose_R_71,pose_R_72,pose_R_73,pose_R_74,pose_R_75,pose_R_76,pose_R_77,pose_R_78,pose_R_79,pose_R_80,pose_R_81,pose_R_82,pose_R_83,pose_R_84,pose_R_85,pose_R_86,pose_R_87,pose_R_88,pose_R_89,pose_R_90,pose_R_91,pose_R_92,pose_R_93,pose_R_94,pose_R_95,pose_R_96,pose_R_97,pose_R_98,pose_R_99,pose_R_100,pose_R_101,pose_R_102,pose_R_103,pose_R_104,pose_R_105,pose_R_106,pose_R_107,pose_R_108,pose_R_109,pose_R_110,pose_R_111,pose_R_112,pose_R_113,pose_R_114,pose_R_115,pose_R_116,pose_R_117,pose_R_118,pose_R_119,pose_R_120,pose_R_121,pose_R_122,pose_R_123,pose_R_124,pose_R_125,pose_R_126,pose_R_127,pose_R_128,pose_R_129,pose_R_130,pose_R_131,pose_R_132,pose_R_133,pose_R_134,pose_R_135,pose_R_136,pose_R_137,pose_R_138,pose_R_139,pose_R_140,pose_R_141,pose_R_142,pose_R_143
0,0.06717713922262192,0.7658980488777161,0.6394430994987488,0.9658103585243225,-0.21075616776943207,0.15097098052501678,0.25039494037628174,0.6074389219284058,-0.7538702487945557,0.41249582171440125,0.2385663539171219,0.8791662454605103,-0.10440105944871902,0.9711205959320068,-0.21453474462032318,-0.9049572348594666,-0.003291195724159479,0.42548978328704834,0.046749163419008255,-0.9906094074249268,0.12848152220249176,0.9951331615447998,0.0573551282286644,0.08012736588716507,-0.08674399554729462,0.12411033362150192,0.9884696006774902,0.9077131748199463,0.022700391709804535,-0.41897672414779663,-0.00806349515914917,0.9992948174476624,0.03667278215289116,0.4195137321949005,-0.029909951612353325,0.9072560667991638,-0.3917054533958435,-0.5397337079048157,-0.7451539039611816,0.810949444770813,0.18006744980812073,-0.5567196011543274,0.43465831875801086,-0.8223522305488586,0.36716336011886597,-0.8619959354400635,-0.20195315778255463,-0.4649493992328644,0.31039711833000183,0.5148717164993286,-0.7990999817848206,0.40077003836631775,-0.8331398963928223,-0.381131649017334,-0.08680882304906845,-0.9734224081039429,-0.21192704141139984,0.9815970063209534,-0.11989737302064896,0.14863374829292297,-0.17009291052818298,-0.19512422382831573,0.965916633605957,-0.6373045444488525,0.757214367389679,0.143071249127388,0.3592800796031952,0.4562089443206787,-0.8141199350357056,-0.6817336678504944,-0.4674396514892578,-0.5627960562705994,0.9769800305366516,-0.01577072963118553,0.2127470225095749,0.01135923806577921,0.9996947050094604,0.02194233052432537,-0.21302811801433563,-0.019020576030015945,0.9768609404563904,0.7060235738754272,-0.6075516939163208,-0.3638841509819031,0.7080203294754028,0.5943583250045776,0.3813730478286743,-0.015426275320351124,-0.5268957614898682,0.8497899174690247,0.599044680595398,0.2405775636434555,0.7637197971343994,-0.16452240943908691,0.9704273343086243,-0.17664434015750885,-0.7836312055587769,-0.01983117125928402,0.6209096908569336,0.5096295475959778,-0.5406740307807922,-0.6692901253700256,0.6581172347068787,0.7460357546806335,-0.1015496626496315,0.554219663143158,-0.3887186646461487,0.736028790473938,-0.20053730905056,-0.9178565144538879,0.3425261974334717,0.7295319437980652,0.09345054626464844,0.6775323748588562,-0.6538867354393005,0.3857543170452118,0.650865375995636,0.2648545801639557,0.6157998442649841,0.7420529723167419,-0.3403928875923157,-0.6602891087532043,0.6694408059120178,0.9022110104560852,-0.42989400029182434,0.03473329171538353,-0.6761744618415833,0.49761539697647095,-0.543292760848999,-0.1664629876613617,0.615166187286377,0.7706235647201538,0.7176894545555115,0.6115140914916992,-0.33312511444091797,0.9614692330360413,-0.14940690994262695,-0.23076944053173065,0.11407021433115005,0.9805704355239868,-0.1595921516418457,0.2501298487186432,0.1271190196275711,0.9598311185836792
1,-0.0059634107165038586,0.7596354484558105,0.6503217220306396,0.9620690941810608,-0.17301717400550842,0.21092204749584198,0.2727406919002533,0.6269122958183289,-0.7297900319099426,0.4960348904132843,0.18963566422462463,0.8473415374755859,-0.07014793902635574,0.981421947479248,-0.17857827246189117,-0.8654643893241882,0.02914178930222988,0.5001220703125,-0.008100837469100952,-0.9910246729850769,0.13343335688114166,0.9959437251091003,0.003962027374655008,0.08989090472459793,-0.08961277455091476,0.13362030684947968,0.9869727492332458,0.8522464036941528,0.12096177786588669,-0.508963942527771,-0.0891399011015892,0.9922508001327515,0.08655869215726852,0.5154901742935181,-0.02840033732354641,0.8564246892929077,-0.41359105706214905,-0.5512074828147888,-0.7246466279029846,0.8193856477737427,0.1216387003660202,-0.5601885318756104,0.3969251811504364,-0.8254539966583252,0.40134280920028687,-0.8621770739555359,-0.21036241948604584,-0.4608669877052307,0.33197280764579773,0.4525810778141022,-0.8276257514953613,0.3826810419559479,-0.8665552735328674,-0.3203704059123993,-0.1472296118736267,-0.9687425494194031,-0.19965298473834991,0.9680461883544922,-0.1825573891401291,0.1719285398721695,-0.20300261676311493,-0.16796033084392548,0.9646653532981873,-0.6577963829040527,0.7019330859184265,0.273118793964386,0.3184362053871155,0.5877872705459595,-0.7437099814414978,-0.6825703978538513,-0.4022388160228729,-0.6101652383804321,0.9350341558456421,0.2823542654514313,0.21444623172283173,-0.24175722897052765,0.9501470923423767,-0.19691094756126404,-0.2593541145324707,0.1322745382785797,0.9566811919212341,0.45823290944099426,-0.6366455554962158,-0.6202459335327148,0.8875084519386292,0.28966042399406433,0.35836517810821533,-0.04849090799689293,-0.714688241481781,0.697760283946991,0.6234592199325562,0.19376450777053833,0.7574654221534729,-0.1273019015789032,0.9810338020324707,-0.14617429673671722,-0.7714225649833679,-0.005293078720569611,0.6363011598587036,0.4544481635093689,-0.5251890420913696,-0.7194812893867493,0.6514421701431274,0.7468286752700806,-0.13367895781993866,0.6075359582901001,-0.4079503118991852,0.6815251708030701,-0.21971789002418518,-0.90985506772995,0.35197705030441284,0.7199957370758057,0.09221524745225906,0.6878244876861572,-0.658278226852417,0.4045493006706238,0.6348304152488708,0.2917136549949646,0.804993748664856,0.5166122317314148,-0.2756199538707733,-0.4464516341686249,0.8513016700744629,0.9159349203109741,-0.3907249867916107,0.0916363075375557,-0.2810628414154053,-0.7494803071022034,-0.599402129650116,-0.3086574077606201,0.6619900465011597,-0.6830078959465027,0.9086992144584656,-0.006958221085369587,-0.41739344596862793,0.7936004996299744,0.5794262886047363,-0.18564341962337494,-0.46377378702163696,0.7735660076141357,0.4318675100803375,0.39384281635284424,-0.2566336989402771,0.8826250433921814
2,-0.010555362328886986,0.7796933054924011,0.6260725855827332,0.9546518921852112,-0.17844301462173462,0.23832303285598755,0.2975371479988098,0.6001969575881958,-0.7424522042274475,0.5251333713531494,0.20563340187072754,0.8258025646209717,-0.09596122801303864,0.9784872531890869,-0.18263110518455505,-0.8455923199653625,0.016660651192069054,0.5335690975189209,0.029317602515220642,-0.9923848509788513,0.1196359321475029,0.9966493844985962,0.03816482052206993,0.07234299182891846,-0.07635796815156937,0.11711415648460388,0.990178644657135,0.8824352622032166,0.1346261352300644,-0.4507591724395752,-0.1073702797293663,0.9905238151550293,0.08564013242721558,0.4580170810222626,-0.027173737064003944,0.8885279893875122,-0.3817065358161926,-0.603838324546814,-0.6997709274291992,0.8515535593032837,0.06462900340557098,-0.5202688574790955,0.359383761882782,-0.7944824695587158,0.48953136801719666,-0.34024578332901,-0.5684159994125366,0.7490901947021484,0.3348914682865143,0.6711388826370239,0.6613776087760925,-0.8786811232566833,0.47589483857154846,-0.03799450770020485,0.9913562536239624,0.12818706035614014,-0.027944855391979218,-0.12877720594406128,0.9914627075195312,-0.020447002723813057,0.025085242465138435,0.023868924006819725,0.9994003176689148,-0.6610073447227478,0.705385148525238,0.25593191385269165,0.3259093165397644,0.5770987272262573,-0.7488258481025696,-0.675908625125885,-0.4115687608718872,-0.611358106136322,0.9450663924217224,0.2658061385154724,0.19025403261184692,-0.23161248862743378,0.9552364945411682,-0.18406206369400024,-0.23066242039203644,0.12988567352294922,0.9643259644508362,0.47213050723075867,-0.6568870544433594,-0.5878708958625793,0.8782321214675903,0.29288187623023987,0.3780589699745178,-0.0761653333902359,-0.6947802305221558,0.7151777744293213,0.6398363709449768,0.20536388456821442,0.7405640482902527,-0.1398286670446396,0.9786591529846191,-0.1505795270204544,-0.7556833624839783,-0.0072058262303471565,0.6548974514007568,0.44719237089157104,-0.5224941372871399,-0.7259606122970581,0.6496710181236267,0.747607946395874,-0.13787643611431122,0.6147735714912415,-0.40997830033302307,0.6737738847732544,-0.24274921417236328,-0.8899967670440674,0.3859773576259613,0.7019534707069397,0.11347425729036331,0.7031251192092896,-0.6695775985717773,0.44162121415138245,0.5971905589103699,0.30255186557769775,0.7220692038536072,0.6221563220024109,-0.3464474678039551,-0.5247889757156372,0.7775413990020752,0.887939453125,-0.4507910907268524,0.09138315171003342,-0.3702208697795868,-0.6804328560829163,-0.6324141621589661,-0.3557339906692505,0.7327395081520081,-0.5801259875297546,0.8581315875053406,0.010196450166404247,-0.5133285522460938,0.757568895816803,0.6311908960342407,-0.16639530658721924,-0.49898502230644226,0.7243202924728394,0.47578778862953186,0.4208364486694336,-0.2774132788181305,0.8636773228645325
3,-0.045714978128671646,0.7868306040763855,0.6154735684394836,0.9614388346672058,-0.13260622322559357,0.24093769490718842,0.2711927890777588,0.6027546525001526,-0.7504274249076843,0.5293377637863159,0.19096341729164124,0.8266404867172241,-0.08043429255485535,0.9812464714050293,-0.17517320811748505,-0.8445897698402405,0.02623555064201355,0.5347708463668823,-0.011999247595667839,-0.9868360161781311,0.1612783670425415,0.9927294850349426,0.007561751175671816,0.12012903392314911,-0.1197672039270401,0.16154725849628448,0.9795704483985901,0.8827303647994995,0.12487003207206726,-0.45298412442207336,-0.09833288192749023,0.9917879700660706,0.08177588135004044,0.459475576877594,-0.027642812579870224,0.8877601623535156,-0.3984837830066681,-0.6082311272621155,-0.6864878535270691,0.8535816073417664,0.027916796505451202,-0.5202106237411499,0.33557283878326416,-0.7932689189910889,0.5080505013465881,-0.8763116598129272,-0.21189384162425995,-0.43264174461364746,0.3579515814781189,0.3146444261074066,-0.8791300058364868,0.32241055369377136,-0.9252566695213318,-0.19987884163856506,-0.18356528878211975,-0.9730836749076843,-0.13932694494724274,0.9446953535079956,-0.21381409466266632,0.24866488575935364,-0.27176180481910706,-0.0859752669930458,0.9585164189338684,-0.6233896613121033,0.7445775866508484,0.23872493207454681,0.31853774189949036,0.5206589698791504,-0.792116105556488,-0.7140861749649048,-0.41775408387184143,-0.5617494583129883,0.984775960445404,-0.03108474239706993,0.1710265725851059,0.026166843250393867,0.9991788268089294,0.03093518130481243,-0.17184773087501526,-0.025988996028900146,0.9847806692123413,0.7291060090065002,-0.5726648569107056,-0.37477907538414,0.6836175322532654,0.6355641484260559,0.3587830662727356,0.03273368626832962,-0.5177964568138123,0.8548774123191833,0.30828574299812317,0.049302149564027786,0.9500153660774231,0.0291878804564476,0.9976956844329834,-0.06124822050333023,-0.9508458971977234,0.046610888093709946,0.3061363399028778,0.2341693788766861,-0.4604489207267761,-0.8562426567077637,0.6085799336433411,0.7562506794929504,-0.24024032056331635,0.7581524848937988,-0.46483519673347473,0.4573107063770294,-0.20196984708309174,-0.7552748918533325,0.6235126852989197,0.6410911083221436,0.37933650612831116,0.6671626567840576,-0.7404122948646545,0.5344751477241516,0.4075854420661926,0.30510109663009644,0.7739239931106567,0.554936945438385,-0.31607580184936523,-0.46739524602890015,0.8256135582923889,0.8983370065689087,-0.4272977411746979,0.10201583802700043,-0.30697137117385864,-0.7636194825172424,-0.5680263042449951,-0.32454606890678406,0.645058810710907,-0.6917868256568909,0.8946722745895386,-0.028008049353957176,-0.44584426283836365,0.20816338062286377,0.3340977728366852,-0.9192641973495483,-0.25014686584472656,0.9267809391021729,0.2801849842071533,0.9455657005310059,0.17162682116031647,0.2764953672885895
4,0.13445597887039185,0.7720860838890076,0.6211317777633667,0.9633582830429077,-0.24865706264972687,0.10055091977119446,0.2320827692747116,0.5848527550697327,-0.7772289514541626,0.31812918186187744,0.3028631806373596,0.8983694911003113,-0.15620461106300354,0.9513937830924988,-0.26542410254478455,-0.9350903630256653,-0.05589030683040619,0.34997478127479553,0.040333788841962814,-0.9909806847572327,0.1277909278869629,0.9955041408538818,0.05082480609416962,0.079926997423172,-0.08570105582475662,0.12399264425039291,0.9885753393173218,0.9267976880073547,-0.016620608046650887,-0.3751929700374603,0.025566846132278442,0.9994948506355286,0.018878506496548653,0.37468966841697693,-0.027089057490229607,0.9267544746398926,-0.35620325803756714,-0.5897970199584961,-0.724747359752655,0.8426992297172546,0.1323336660861969,-0.5218676328659058,0.403704434633255,-0.7966349720954895,0.4498837888240814,-0.3853011131286621,-0.6675972938537598,0.6370689868927002,0.41931280493736267,0.48832112550735474,0.7653229832649231,-0.8220217823982239,0.5620109438896179,0.09178142994642258,0.9883996248245239,0.1507687121629715,-0.01830238103866577,-0.15119951963424683,0.9881865978240967,-0.025020098313689232,0.014313919469714165,0.027497166767716408,0.999519407749176,-0.6425070762634277,0.7625320553779602,0.07569338381290436,0.38768279552459717,0.4086783826351166,-0.826246976852417,-0.6609740853309631,-0.5015245079994202,-0.5581993460655212,0.9727727770805359,-0.017725005745887756,0.2310822457075119,0.012452248483896255,0.9996282458305359,0.024256329983472824,-0.23142626881599426,-0.020718403160572052,0.9726318120956421,0.7149876356124878,-0.6014653444290161,-0.35641568899154663,0.6990463137626648,0.6068053245544434,0.3783141076564789,-0.011267879977822304,-0.5196409821510315,0.8543103933334351,0.5588144063949585,0.29080480337142944,0.7766331434249878,-0.20216511189937592,0.9560173153877258,-0.2125091701745987,-0.8042734265327454,-0.038254931569099426,0.593026876449585,0.5120025873184204,-0.5490376353263855,-0.6606141328811646,0.6668695211410522,0.7388110756874084,-0.09717646986246109,0.5414225459098816,-0.3907887935638428,0.7444096207618713,-0.22393345832824707,-0.9174141883850098,0.32894524931907654,0.7247374653816223,0.06891336292028427,0.685570240020752,-0.651620626449585,0.3919210433959961,0.6494524478912354,0.208467036485672,0.7194974422454834,0.6624687910079956,-0.1601056605577469,-0.6431074738502502,0.7488517761230469,0.9648355841636658,-0.26217591762542725,-0.01887110061943531,-0.46228012442588806,-0.3366466164588928,-0.8203451037406921,-0.35349079966545105,0.91840660572052,-0.17768949270248413,0.813228964805603,0.2078421413898468,-0.5435625910758972,0.91705322265625,0.368828684091568,0.15158742666244507,-0.3979574739933014,0.8706679344177246,0.2890799939632416,-0.0253613144159317,-0.3254271149635315,0.9452269673347473
5,0.22921419143676758,-0.044353798031806946,0.9723649621009827,0.9355805516242981,0.2857067286968231,-0.20751073956489563,0.26860731840133667,-0.9572901129722595,-0.10698459297418594,0.28728002309799194,0.637681245803833,0.7147256731987,-0.5744594931602478,0.7117922902107239,-0.40416330099105835,-0.7664636373519897,-0.29447290301322937,0.5708057880401611,0.07669715583324432,0.524605393409729,-0.8478836417198181,-0.550537109375,0.7312817573547363,0.4026610553264618,0.831279993057251,0.4359084665775299,0.3449019491672516,0.9435736536979675,-0.26624518632888794,-0.1969320923089981,0.2586514353752136,0.9638607501983643,-0.06381184607744217,0.20680470764636993,0.009274407289922237,0.9783383011817932,-0.1645648032426834,0.19610975682735443,-0.9666743874549866,-0.12231361120939255,0.9684144258499146,0.21728520095348358,0.9787532091140747,0.15399493277072906,-0.13538004457950592,-0.5397805571556091,0.8086443543434143,0.2339470535516739,-0.6678586006164551,-0.242195263504982,-0.7037800550460815,-0.5124468803405762,-0.5361303687095642,0.6707924008369446,0.9619833827018738,-0.27099478244781494,0.03390781953930855,0.26906871795654297,0.961696982383728,0.05235422030091286,-0.0467967689037323,-0.04124035686254501,0.9980527758598328,-0.3695005774497986,0.8719809055328369,-0.321120947599411,0.24437770247459412,-0.24222470819950104,-0.9389391541481018,-0.8965204358100891,-0.4254133701324463,-0.12359050661325455,0.9126740097999573,0.06744004040956497,-0.4030856192111969,-0.10002772510051727,0.9931545257568359,-0.06032050400972366,0.39625826478004456,0.09537269175052643,0.91317218542099,0.7100415825843811,-0.6456415057182312,-0.2810480296611786,0.6965730786323547,0.585589587688446,0.414573073387146,-0.10308677703142166,-0.490134596824646,0.8655294179916382,0.45151421427726746,0.18993987143039703,0.8718129396438599,-0.10008001327514648,0.9816946983337402,-0.1620478630065918,-0.8866334557533264,-0.01408413052558899,0.46225830912590027,0.4193480908870697,-0.11763494461774826,-0.9001717567443848,0.08798465132713318,0.992167592048645,-0.0886690616607666,0.9035518169403076,-0.042018093168735504,0.4264136552810669,0.1746332198381424,0.7680912613868713,-0.6160674095153809,-0.8969778418540955,0.3821680247783661,0.22221234440803528,0.406120628118515,0.5137931704521179,0.7557001113891602,0.08920447528362274,0.5964775681495667,0.7976572513580322,0.14801545441150665,-0.7998962998390198,0.5815989375114441,0.9849538207054138,0.06618436425924301,-0.15964221954345703,0.5892801284790039,-0.7851423025131226,-0.1905270218849182,0.4491218626499176,0.5143653750419617,-0.7305599451065063,0.671593964099884,0.3449345827102661,0.6557298302650452,0.9113457798957825,0.4089607000350952,0.04690425470471382,-0.40256038308143616,0.8616339564323425,0.3090825378894806,0.08598830550909042,-0.30056285858154297,0.9498778581619263
6,0.18496347963809967,0.7166662812232971,0.6724417805671692,0.9305100440979004,-0.34782591462135315,0.11475300788879395,0.3161322772502899,0.604488730430603,-0.7312002182006836,0.3084183633327484,0.2840130925178528,0.9078627228736877,-0.13109168410301208,0.9579723477363586,-0.25515487790107727,-0.9421746730804443,-0.0403188019990921,0.33268800377845764,0.02034926414489746,-0.9994268417358398,-0.02705319970846176,0.9964287877082825,0.02249125950038433,-0.08138690888881683,0.08194871991872787,-0.025300422683358192,0.9963153600692749,0.9434995055198669,0.021587306633591652,-0.33066996932029724,-0.012318338267505169,0.9994709491729736,0.03010113164782524,0.3311448395252228,-0.024327099323272705,0.9432662725448608,-0.25525251030921936,-0.631931483745575,-0.7317846417427063,0.8646510243415833,0.189517080783844,-0.46525460481643677,0.4326947331428528,-0.7514957189559937,0.4980255365371704,-0.38835957646369934,-0.579116702079773,0.7167989015579224,0.3353595435619354,0.6356951594352722,0.6952881217002869,-0.8583186268806458,0.5104071497917175,-0.05266599357128143,0.9897177219390869,0.1359899938106537,-0.04433392360806465,-0.1369919776916504,0.9903622269630432,-0.02039153501391411,0.04113360121846199,0.026255257427692413,0.9988086223602295,-0.8307257294654846,0.45445045828819275,0.3215113878250122,0.28430214524269104,0.8428964018821716,-0.45683473348617554,-0.47860953211784363,-0.28809797763824463,-0.8294169306755066,0.9880322813987732,-0.1386977583169937,0.0674917995929718,0.13158799707889557,0.9862129092216492,0.10034302622079849,-0.08047863095998764,-0.09026104211807251,0.9926611185073853,0.7597035765647888,-0.2922133803367615,-0.5809146165847778,0.4821644723415375,0.8525430560112,0.20171219110488892,0.4363117218017578,-0.43333786725997925,0.7885748744010925,0.5166494250297546,0.3434651494026184,0.784286379814148,-0.24144816398620605,0.9372804760932922,-0.25141218304634094,-0.8214476108551025,-0.05947254225611687,0.5671744346618652,0.4663790464401245,-0.4968396723270416,-0.731874942779541,0.6154331564903259,0.7765441536903381,-0.13498593866825104,0.635399580001831,-0.3874654769897461,0.6679355502128601,-0.22559629380702972,-0.9484500288963318,0.22259573638439178,0.7522159814834595,-0.02438247762620449,0.6584653258323669,-0.6190940737724304,0.31598740816116333,0.7189398407936096,0.12683552503585815,0.727577805519104,0.6741982102394104,0.026288555935025215,-0.6819144487380981,0.7309593558311462,0.9915753602981567,-0.07498791813850403,-0.1056179478764534,-0.34645137190818787,-0.37295398116111755,-0.8607419729232788,-0.32917141914367676,0.9075559973716736,-0.260745644569397,0.8784176707267761,0.19299599528312683,-0.43718981742858887,0.9157956838607788,0.317931592464447,0.2454337477684021,-0.37862423062324524,0.887276828289032,0.26340749859809875,-0.13402211666107178,-0.3341546058654785,0.9329409003257751
7,0.10103754699230194,0.7566891312599182,0.6459202766418457,0.9644916653633118,-0.23374487459659576,0.12295997142791748,0.24402302503585815,0.6105611324310303,-0.7534373998641968,0.34778910875320435,0.2690717875957489,0.8981330990791321,-0.12342564761638641,0.962736964225769,-0.24063165485858917,-0.9294131994247437,-0.02716359682381153,0.3680397868156433,-0.02451211027801037,-0.9944454431533813,0.10235916823148727,0.9981814622879028,-0.018705790862441063,0.05730454996228218,-0.05507154017686844,0.10357768833637238,0.9930955767631531,0.9223495125770569,0.031988177448511124,-0.38503003120422363,-0.018828945234417915,0.9991041421890259,0.037900034338235855,0.3858974575996399,-0.02770736813545227,0.922125518321991,-0.3131726384162903,-0.607274055480957,-0.7301651239395142,0.8521315455436707,0.15975087881088257,-0.4983487129211426,0.4192787706851959,-0.7782659530639648,0.46744781732559204,-0.3644740581512451,-0.6305663585662842,0.6852333545684814,0.3871413469314575,0.5666388273239136,0.7273527383804321,-0.8469240069389343,0.5303833484649658,0.03759315609931946,0.992393434047699,0.11807091534137726,-0.034850362688302994,-0.11875607818365097,0.9927550554275513,-0.01828533597290516,0.03243890777230263,0.022284939885139465,0.9992252588272095,-0.711868166923523,0.6668881177902222,0.2202361822128296,0.35245952010154724,0.6104721426963806,-0.7092926502227783,-0.6074668765068054,-0.42729851603507996,-0.6696267127990723,0.9845384359359741,-0.06467725336551666,0.1627911478281021,0.05644639953970909,0.9969064593315125,0.05469292029738426,-0.16582493484020233,-0.04465830326080322,0.9851434826850891,0.7388740181922913,-0.49440422654151917,-0.4578532874584198,0.6531853675842285,0.6924508810043335,0.30636686086654663,0.16557183861732483,-0.5254296064376831,0.8345715999603271,0.2396736741065979,0.07437118887901306,0.9680007696151733,0.016970453783869743,0.9965883493423462,-0.08076938986778259,-0.9707051515579224,0.03578570857644081,0.237593874335289,0.2637503743171692,-0.40472930669784546,-0.8755740523338318,0.5241047739982605,0.8221659660339355,-0.22216492891311646,0.8097838759422302,-0.40029647946357727,0.428967148065567,-0.2092657834291458,-0.8421350121498108,0.49700745940208435,0.6811767220497131,0.23911507427692413,0.6919698119163513,-0.7015740275382996,0.4833555221557617,0.5236042141914368,0.11872449517250061,0.9321473240852356,0.3420611321926117,0.027629025280475616,-0.3474656641483307,0.9372856020927429,0.9925427436828613,-0.1018279418349266,-0.06700700521469116,-0.14234593510627747,-0.7226393222808838,-0.6764097213745117,-0.2292245626449585,0.6888580322265625,-0.6876996159553528,0.9629089832305908,0.057158470153808594,-0.2637028098106384,0.9599162936210632,0.014005478471517563,-0.27993664145469666,-0.024213043972849846,0.9991607069969177,-0.03303880617022514,0.2792389690876007,0.038492608815431595,0.959449827671051
8,0.34873703122138977,-0.5377559661865234,0.7675942778587341,0.9282490611076355,0.311233252286911,-0.20368477702140808,0.1293681561946869,-0.7835511565208435,-0.607710063457489,0.2978766858577728,0.1151561588048935,0.9476331472396851,0.0676257386803627,0.9876576066017151,-0.1412772238254547,-0.952206015586853,0.10616758465766907,0.28641265630722046,-0.061219628900289536,0.9771267175674438,-0.20365533232688904,-0.9689511656761169,-0.009210207499563694,0.24708065390586853,0.23955340683460236,0.21245825290679932,0.9473519325256348,0.09942106902599335,0.9668340682983398,0.2352602332830429,-0.9894357919692993,0.07098767161369324,0.12640242278575897,0.10550959408283234,-0.245341956615448,0.9636778831481934,-0.06032248213887215,0.6245274543762207,-0.7786697745323181,-0.7139573693275452,0.5181776881217957,0.47091060876846313,0.697585940361023,0.5843434929847717,0.41462820768356323,-0.8936254978179932,0.08943729847669601,-0.4398118853569031,-0.4252626299858093,0.14453287422657013,0.8934550881385803,0.1434754878282547,0.9854497313499451,-0.09112391620874405,-0.056121475994586945,0.9616128206253052,0.26860979199409485,-0.8111435174942017,0.1129513755440712,-0.5738363265991211,-0.5821481943130493,-0.25008565187454224,0.7736669778823853,-0.20751629769802094,0.18668211996555328,-0.9602534770965576,-0.5012765526771545,-0.8632394671440125,-0.05949295312166214,-0.8400349617004395,0.46900683641433716,0.27271562814712524,0.9132885932922363,-0.3182402551174164,0.2542186379432678,0.2550188899040222,0.9334295988082886,0.25233811140060425,-0.317599356174469,-0.16562695801258087,0.933647871017456,0.793230414390564,0.43256494402885437,0.4285709857940674,-0.26990488171577454,0.8806713819503784,-0.38931897282600403,-0.5458359122276306,0.1931462585926056,0.8153266906738281,0.4997355341911316,-0.07139519602060318,0.8632306456565857,0.10745753347873688,0.9940084218978882,0.020002858713269234,-0.8594866394996643,0.08276449888944626,0.5044132471084595,0.5896756649017334,0.2786623537540436,-0.7580434679985046,-0.4149651527404785,0.9097628593444824,0.011637644842267036,0.692882776260376,0.30769917368888855,0.6521002054214478,0.46208974719047546,0.7249736189842224,0.510770320892334,-0.4269944727420807,0.6866742968559265,-0.5883486270904541,-0.7772700786590576,0.05377376452088356,0.6268649101257324,-0.8569192886352539,-0.0024538985453546047,0.515444815158844,-0.002094278344884515,0.9999969601631165,0.0012790191685780883,-0.5154464244842529,1.6531303117517382e-05,-0.8569217920303345,-0.18055927753448486,0.08199777454137802,0.9801401495933533,-0.7484209537506104,-0.6580324172973633,-0.08282198011875153,0.6381727457046509,-0.7485116720199585,0.18018271028995514,0.6753503084182739,-0.6940252184867859,0.2494613528251648,0.6961653828620911,0.4882766902446747,-0.5262506008148193,0.24342501163482666,0.5290698409080505,0.8129141330718994
9,0.11493764817714691,0.8473905324935913,-0.5183808207511902,0.7124106287956238,0.29335668683052063,0.637505292892456,0.6922863721847534,-0.44257333874702454,-0.5699722766876221,0.749784529209137,0.5586405992507935,-0.3546037971973419,-0.5198479890823364,0.8288885354995728,0.20664431154727936,0.4093669056892395,0.029401354491710663,0.9118959903717041,0.7155482172966003,-0.08304072171449661,0.6936101317405701,0.06405210494995117,0.9965260028839111,0.05322856456041336,-0.6956206560134888,0.006339582614600658,0.7183813452720642,0.9415791034698486,0.10541418194770813,-0.3198696970939636,-0.0913315936923027,0.9940855503082275,0.05875764787197113,0.3241717219352722,-0.02611076459288597,0.9456378221511841,0.34124624729156494,0.3841211795806885,0.8579055666923523,-0.255979061126709,0.9161717295646667,-0.3083895146846771,-0.9044477343559265,-0.11436909437179565,0.4109671413898468,-0.940947949886322,0.33760249614715576,-0.025326905772089958,-0.15283216536045074,-0.49033501744270325,-0.8580290675163269,-0.30209141969680786,-0.8034899830818176,0.5129762887954712,-0.9028159379959106,0.1601649969816208,-0.399087131023407,-0.4141577184200287,-0.5736380219459534,0.7066914439201355,-0.11574430018663406,0.8032973408699036,0.5842230916023254,-0.7759578227996826,0.007646172307431698,0.6307384371757507,0.05385518819093704,0.9970784783363342,0.0541674941778183,-0.6284815669059753,0.07600022852420807,-0.7741026282310486,0.5818923711776733,0.57373046875,-0.5763979554176331,-0.8066015243530273,0.4976876676082611,-0.31890588998794556,0.10390011221170425,0.6504923701286316,0.7523725628852844,0.8600646257400513,0.47801658511161804,0.17829470336437225,-0.3888168931007385,0.8403987884521484,-0.37755969166755676,-0.3303184509277344,0.25540173053741455,0.9086582064628601,0.927535355091095,-0.3723851144313812,0.03174084797501564,0.369488000869751,0.9264487624168396,0.07191217690706253,-0.056185293942689896,-0.05497322231531143,0.9969058036804199,0.9550182223320007,-0.18107403814792633,0.23484556376934052,0.16467438638210297,0.982430100440979,0.08782597631216049,-0.24662235379219055,-0.0452023521065712,0.9680569171905518,0.34543076157569885,0.5016778111457825,0.7930933237075806,-0.11645179986953735,0.8614978194236755,-0.49422720074653625,-0.9311909675598145,0.07836412638425827,0.3560091257095337,0.17529238760471344,0.043005917221307755,0.9835766553878784,-0.967596173286438,-0.17689870297908783,0.18017907440662384,0.18174220621585846,-0.9832890629768372,0.010603366419672966,-0.39961180090904236,-0.8771605491638184,-0.2662701904773712,-0.41007840633392334,0.4308438003063202,-0.8038714528083801,0.8198451995849609,-0.2120448648929596,-0.5318748354911804,-0.19788037240505219,-0.24667344987392426,0.9486809372901917,0.8782690167427063,0.3851739168167114,0.28334540128707886,-0.43530094623565674,0.8892655968666077,0.14042727649211884
10,0.16291289031505585,0.7261195778846741,0.6679893136024475,0.8260647058486938,0.26983311772346497,-0.49477994441986084,0.5395150780677795,-0.6324084401130676,0.5558624863624573,0.7491977214813232,0.6480991840362549,0.13663910329341888,-0.6523339748382568,0.7577348351478577,-0.01727316528558731,-0.11473092436790466,-0.07619331032037735,0.990470290184021,0.7352558374404907,0.09075120836496353,-0.6716867685317993,-0.10766996443271637,0.9940506815910339,0.016445662826299667,0.6691831350326538,0.06022872030735016,0.7406526803970337,0.9905428886413574,0.03719588369131088,0.13206517696380615,-0.036886636167764664,0.9993079900741577,-0.004788145422935486,-0.13215188682079315,-0.0001285767211811617,0.9912294745445251,0.47052001953125,0.8796932697296143,0.06892503052949905,-0.8517924547195435,0.47320815920829773,-0.22477467358112335,-0.2303486466407776,0.047051165252923965,0.9719700217247009,0.24108290672302246,0.8219001889228821,-0.5160998702049255,-0.9132816791534424,0.3720332980155945,0.16585476696491241,0.3283224105834961,0.43135982751846313,0.8403172492980957,-0.05477380380034447,-0.698154091835022,-0.7138492465019226,0.8863203525543213,0.2952357828617096,-0.35675209760665894,0.45982176065444946,-0.6522397398948669,0.6026169657707214,0.46439921855926514,-0.0016897061141207814,-0.885624349117279,0.09689916670322418,0.9940915107727051,0.0489148385822773,0.880308985710144,-0.10853227972984314,0.46181902289390564,0.27553996443748474,0.7760750651359558,-0.5672611594200134,-0.869070827960968,-0.05109374597668648,-0.49204203486442566,-0.4108450412750244,0.6285673379898071,0.6603858470916748,0.5971940159797668,0.5285077095031738,0.6033563613891602,-0.22810408473014832,0.83306884765625,-0.5039491653442383,-0.7689784169197083,0.1633274108171463,0.6180585026741028,0.7864500880241394,-0.25679001212120056,0.561742901802063,0.24802695214748383,0.964227020740509,0.09353572875261307,-0.5656667351722717,0.06576620042324066,0.8220072984695435,0.8679654002189636,-0.10745232552289963,-0.484860897064209,0.10923988372087479,0.9937093257904053,-0.024666741490364075,0.4844612777233124,-0.03155627101659775,0.8742433786392212,0.38650158047676086,0.5338208079338074,-0.7520983219146729,-0.533543586730957,0.7945788502693176,0.28978559374809265,0.7522950172424316,0.289274662733078,0.5919226408004761,0.17967207729816437,0.513742983341217,0.8389195799827576,-0.1464119255542755,-0.8293338418006897,0.5392299890518188,0.9727700352668762,-0.21971240639686584,-0.07379002869129181,0.16702288389205933,-0.06884295493364334,-0.9835466742515564,-0.23446694016456604,0.9661683440208435,-0.10744302719831467,0.9576683044433594,0.24855461716651917,0.14523082971572876,0.9637297987937927,-0.22182190418243408,0.14839127659797668,0.24222314357757568,0.9604402780532837,-0.13741345703601837,-0.11203964054584503,0.1683732271194458,0.9793352484703064
11,0.8134772181510925,-0.3630603849887848,0.45435890555381775,0.5806601047515869,0.5513142347335815,-0.5990713238716125,0.03299548476934433,-0.7511589527130127,-0.6592962741851807,-0.09553873538970947,0.3226287066936493,0.9416915774345398,-0.07580982893705368,0.9409132599830627,-0.33005326986312866,-0.9925347566604614,-0.10292235016822815,-0.06543523818254471,0.8405986428260803,0.46944746375083923,-0.27020925283432007,-0.4687536060810089,0.8804404139518738,0.07137759774923325,0.2714111804962158,0.06666164845228195,0.9601521492004395,0.8886955380439758,0.1816709190607071,-0.42097023129463196,-0.1529872715473175,0.9830264449119568,0.10126180946826935,0.4322211742401123,-0.025587834417819977,0.9014045000076294,-0.15445731580257416,-0.24616427719593048,0.9568417072296143,0.2803277373313904,0.9177441596984863,0.28135740756988525,-0.9473960399627686,0.31168699264526367,-0.07274562120437622,0.7035101652145386,0.559613823890686,0.4380705654621124,-0.5303179025650024,0.8237219452857971,-0.20061181485652924,-0.473113477230072,-0.09118423610925674,0.8762699961662292,0.9088965654373169,0.37243038415908813,-0.1876237392425537,-0.38413968682289124,0.9228165149688721,-0.029091795906424522,0.16230762004852295,0.09851515293121338,0.9818100929260254,0.33787545561790466,0.902384340763092,-0.2674747109413147,-0.6288526058197021,0.004997869487851858,-0.7775084972381592,-0.700274646282196,0.4309031665325165,0.5691553950309753,0.829129159450531,0.5038490891456604,-0.24224142730236053,-0.5586902499198914,0.7624551653862,-0.3263852298259735,0.02024933695793152,0.40595343708992004,0.9136694073677063,0.7954840064048767,0.5968872308731079,0.10455050319433212,-0.4936065077781677,0.7383385300636292,-0.4595746397972107,-0.35150790214538574,0.3139774799346924,0.8819639086723328,-0.3530327081680298,0.2879301607608795,0.8902045488357544,-0.05690089240670204,0.9431000351905823,-0.3276042938232422,-0.9338791370391846,-0.1663084626197815,-0.3165616989135742,0.28242650628089905,-0.2762354910373688,-0.9186562299728394,0.32749390602111816,0.9278730154037476,-0.17832404375076294,0.9016556739807129,-0.25049087405204773,0.3525213599205017,0.3816415071487427,0.7862781882286072,-0.4859181344509125,-0.8841568231582642,0.46381133794784546,0.0560871958732605,0.26947447657585144,0.40822261571884155,0.8722028732299805,0.14660368859767914,0.2652950882911682,-0.9529563784599304,-0.002464198274537921,0.9634602069854736,0.2678401470184326,0.9891922473907471,-0.03691808134317398,0.14190055429935455,0.5216111540794373,0.28226935863494873,0.8051371574401855,-0.7486424446105957,0.6040481925010681,0.2732402980327606,-0.4092142879962921,-0.7452850341796875,0.5263971090316772,0.973779022693634,-0.03812071308493614,0.2242792695760727,0.03527858108282089,0.9992384910583496,0.016667364165186882,-0.22474385797977448,-0.00831807591021061,0.9743824005126953
12,0.7810778617858887,-0.44383546710014343,0.439235121011734,0.5900560617446899,0.2944349944591522,-0.7517591714859009,-0.2043312042951584,-0.8463557958602905,-0.4918644428253174,-0.2281598001718521,0.42873355746269226,0.8741456866264343,-0.2069036364555359,0.8559691905975342,-0.47382238507270813,-0.9513853192329407,-0.2889711558818817,-0.10659122467041016,0.7800439596176147,0.519536018371582,-0.34873154759407043,-0.5220384001731873,0.847608208656311,0.09505903720855713,0.3449743092060089,0.10790102928876877,0.9323894381523132,0.06705823540687561,0.923281192779541,-0.3782261908054352,-0.7381934523582458,0.30094099044799805,0.6037424206733704,0.6712477803230286,0.2387181967496872,0.7017406821250916,-0.5119901895523071,0.4090327024459839,0.7553530931472778,-0.12569840252399445,0.8342074751853943,-0.5369336605072021,-0.8497446179389954,-0.3698514401912689,-0.375691294670105,0.9591415524482727,0.2657017111778259,-0.0972118154168129,-0.2696514129638672,0.962496817111969,-0.029799213632941246,0.08564836531877518,0.05479496717453003,0.9948174953460693,0.8869170546531677,0.26472267508506775,-0.37854987382888794,-0.28398802876472473,0.9588140249252319,0.005140619818121195,0.364319771528244,0.10294432193040848,0.9255666136741638,0.41759684681892395,0.6325980424880981,-0.6522518992424011,-0.8947180509567261,0.16113820672035217,-0.41655027866363525,-0.15840619802474976,0.7575316429138184,0.6332877278327942,0.9001712203025818,0.4239213168621063,-0.09991250187158585,-0.43400824069976807,0.8538929224014282,-0.28723451495170593,-0.03645025193691254,0.30192309617996216,0.9526352286338806,0.4619002044200897,0.5106679797172546,-0.7251664996147156,-0.822955846786499,0.551659107208252,-0.13570517301559448,0.3307444155216217,0.6594622731208801,0.6750686764717102,0.3600240647792816,-0.058781515806913376,0.9310893416404724,0.11752820760011673,0.9929198622703552,0.01724039763212204,-0.9255105257034302,0.1032223030924797,0.3643835484981537,0.8648118376731873,0.3991679251194,0.3045741617679596,-0.3652261197566986,0.9163689613342285,-0.16394439339637756,-0.3445436656475067,0.030542608350515366,0.9382733106613159,0.11629533767700195,0.9431799054145813,-0.31126686930656433,-0.966774582862854,0.03566697984933853,-0.2531300485134125,-0.22764521837234497,0.3303627371788025,0.9159902334213257,-0.8016329407691956,-0.2287454903125763,-0.552322506904602,-0.12771622836589813,0.9680992364883423,-0.21557477116584778,0.5840147733688354,-0.10227128863334656,-0.8052747249603271,-0.21468842029571533,-0.10499876737594604,0.9710221886634827,-0.914884090423584,-0.3264145255088806,-0.23757247626781464,0.3419005572795868,-0.9393768310546875,-0.025984283536672592,0.9676043391227722,0.08243398368358612,-0.23863451182842255,-0.07811439037322998,0.996564507484436,0.02751888334751129,0.24008317291736603,-0.007986601442098618,0.9707194566726685
13,0.7493584156036377,-0.4933924376964569,0.44161736965179443,0.5567553639411926,0.10844898968935013,-0.8235667943954468,-0.35844868421554565,-0.8630195260047913,-0.35596606135368347,-0.28539758920669556,0.5292186141014099,0.7990468740463257,-0.37123218178749084,0.7075963616371155,-0.6012437343597412,-0.8835920691490173,-0.4682254195213318,-0.005483321379870176,0.821209192276001,0.4763300120830536,-0.31420573592185974,-0.47907325625419617,0.8746616840362549,0.07386323064565659,0.3100069761276245,0.0898704007267952,0.9464771747589111,0.9931508898735046,-0.052314747124910355,0.10447224229574203,0.053810346871614456,0.9984844326972961,-0.011546951718628407,-0.10370982438325882,0.01708955317735672,0.9944607615470886,-0.5450328588485718,0.4668464958667755,0.6964147686958313,-0.15274198353290558,0.7614436149597168,-0.6299789547920227,-0.8243840336799622,-0.4497310221195221,-0.3437047302722931,0.946354329586029,0.3066909611225128,-0.10175509005784988,-0.3115538954734802,0.9495630264282227,-0.03555550426244736,0.08571832627058029,0.06535030156373978,0.9941738843917847,0.8852038383483887,0.30509620904922485,-0.3511844277381897,-0.32677868008613586,0.9450972676277161,-0.0026201684959232807,0.331104040145874,0.11707896739244461,0.936302661895752,0.6925232410430908,0.2329687774181366,-0.6827423572540283,-0.4071241617202759,0.9075136780738831,-0.10329023003578186,0.59553462266922,0.34949177503585815,0.7233215570449829,0.12966619431972504,0.2355353683233261,-0.9631769061088562,-0.8834071755409241,0.46858614683151245,-0.0043392120860517025,0.45030930638313293,0.8514400124549866,0.2688333988189697,0.7211389541625977,0.5445029735565186,0.42833995819091797,-0.31982332468032837,0.8101091384887695,-0.4913615584373474,-0.6145499348640442,0.21734686195850372,0.7583460211753845,0.5489523410797119,0.0013205436989665031,0.8358526229858398,0.056555941700935364,0.9976483583450317,-0.03871969133615494,-0.8339380621910095,0.0685276985168457,0.5475867390632629,0.6129530668258667,0.7901070713996887,-0.004405540879815817,-0.756720244884491,0.585429847240448,-0.290940523147583,-0.22729502618312836,0.18166665732860565,0.9567310214042664,0.7575710415840149,0.47931107878685,-0.4431106448173523,-0.5130521059036255,0.8569132089614868,0.049772173166275024,0.4035637080669403,0.18963289260864258,0.8950842022895813,-0.4724205732345581,-0.7557467818260193,-0.4535037577152252,-0.2810475528240204,0.6168525815010071,-0.7351905703544617,0.8353628516197205,-0.21986301243305206,-0.5038146376609802,-0.06535884737968445,0.7774277329444885,0.6255672574043274,-0.6529445052146912,-0.5073855519294739,0.5623373985290527,0.7545804381370544,-0.3717069625854492,0.5407792925834656,-0.04211917147040367,-0.9951421618461609,0.0889832079410553,0.08630307018756866,-0.09235314279794693,-0.99197918176651,0.9953781962394714,-0.03410181775689125,0.08977366238832474
14,0.796483039855957,-0.44971776008605957,0.40418893098831177,0.564341127872467,0.31287580728530884,-0.7639554142951965,-0.21710339188575745,-0.8365779519081116,-0.5029944777488708,-0.21797539293766022,0.46965980529785156,0.8555153012275696,-0.288285493850708,0.8064923882484436,-0.5161991119384766,-0.9324045181274414,-0.35915133357048035,-0.04039939120411873,0.8289274573326111,0.43497928977012634,-0.3516707122325897,-0.44001850485801697,0.8952445387840271,0.0701492503285408,0.34534478187561035,0.0965929850935936,0.9334917068481445,0.9098711013793945,0.16175970435142517,-0.38205811381340027,-0.14517126977443695,0.9867784380912781,0.07206714153289795,0.38866427540779114,-0.010107947513461113,0.9213240146636963,-0.3544120788574219,0.21632017195224762,0.9097239375114441,-0.021778525784611702,0.9707003831863403,-0.2393040806055069,-0.93483567237854,-0.10462470352649689,-0.33931681513786316,0.8373137712478638,0.54075026512146,0.0805903822183609,-0.5325044989585876,0.8400280475616455,-0.10388363152742386,-0.1238732859492302,0.04406845569610596,0.9913190007209778,0.9166483879089355,0.2657301723957062,-0.2985685467720032,-0.2819770276546478,0.959347665309906,-0.0118772704154253,0.28327488899230957,0.09507675468921661,0.9543142914772034,0.560752809047699,0.7297518253326416,-0.3911758065223694,-0.7728225588798523,0.2917439937591553,-0.5635873675346375,-0.2971557080745697,0.6183426976203918,0.7275649905204773,0.5118559002876282,0.6418688893318176,-0.5709710121154785,-0.85785311460495,0.34651556611061096,-0.3794931173324585,-0.04573448374867439,0.6840550303459167,0.7279952168464661,0.7826029658317566,0.4354802966117859,-0.4448477029800415,-0.5654639005661011,0.7961439490318298,-0.21541918814182281,0.2603520154953003,0.4201330244541168,0.8693130016326904,0.39416736364364624,-0.07730164378881454,0.9157819151878357,0.13768582046031952,0.99017733335495,0.024319197982549667,-0.9086664319038391,0.11650434881448746,0.4009389579296112,0.6825424432754517,0.7297563552856445,-0.03989376127719879,-0.7140296101570129,0.6542011499404907,-0.24936437606811523,-0.15587668120861053,0.1986870914697647,0.9675876498222351,0.7960304617881775,0.5075280070304871,-0.3297739326953888,-0.543084442615509,0.839463472366333,-0.018984228372573853,0.2671981453895569,0.1942071169614792,0.9438690543174744,-0.747269868850708,-0.26642313599586487,-0.6087745428085327,-0.12417469173669815,0.9559584856033325,-0.2659398913383484,0.6528157591819763,-0.12313447892665863,-0.7474420070648193,-0.15430088341236115,0.0012973652919754386,0.988023042678833,-0.9689552187919617,-0.19571615755558014,-0.15106604993343353,0.19317609071731567,-0.9806597232818604,0.03145626559853554,0.9047747254371643,0.10663669556379318,-0.41232433915138245,-0.10214073956012726,0.9942224621772766,0.032998885959386826,0.41346099972724915,0.012258554808795452,0.9104393124580383
15,0.6176080107688904,-0.43269139528274536,0.6567636132240295,0.4986056089401245,0.8612133860588074,0.09850852191448212,0.6082374453544617,-0.26662638783454895,-0.7476346492767334,0.387849360704422,-0.4087888300418854,0.8261141180992126,0.5516991019248962,0.8209477663040161,0.14721712470054626,-0.7383772730827332,0.3986683487892151,0.5439324975013733,0.3536733090877533,0.5494965314865112,-0.7569470405578613,-0.5762647390365601,0.7654348015785217,0.28640618920326233,0.7367727756500244,0.3349076509475708,0.5873693227767944,-0.09407077729701996,0.5954140424728394,-0.7978927493095398,-0.33632633090019226,0.7353228330612183,0.5883747935295105,0.9370353817939758,0.32370123267173767,0.13108102977275848,0.07772455364465714,-0.38274309039115906,0.9205794930458069,0.37081843614578247,0.8682240843772888,0.32966741919517517,-0.9254472255706787,0.3157446086406708,0.20941053330898285,0.9770050048828125,0.2120601087808609,-0.02217402309179306,-0.2126518189907074,0.9766971468925476,-0.029015913605690002,0.015504186041653156,0.033064041286706924,0.9993329644203186,0.7970988750457764,0.44390732049942017,-0.4093649387359619,-0.47984325885772705,0.8771918416023254,0.01687820442020893,0.3665839433670044,0.18297740817070007,0.9122145771980286,-0.10582492500543594,0.6504740715026855,-0.7521200180053711,-0.3299839198589325,-0.7364783883094788,-0.5905168652534485,-0.9380360841751099,0.18569611012935638,0.29258376359939575,0.7856355905532837,-0.5557447075843811,0.2718907594680786,0.4045242667198181,0.7939304709434509,0.453910231590271,-0.4681205749511719,-0.24662159383296967,0.8485522270202637,0.40605688095092773,0.38303110003471375,0.8297017216682434,-0.06596899777650833,0.917838454246521,-0.39143404364585876,-0.9114636182785034,0.10420989245176315,0.3979628086090088,0.5529137849807739,-0.7762309312820435,0.30290576815605164,0.7240765690803528,0.6274883151054382,0.2863067388534546,-0.4123099744319916,0.0610240213572979,0.9089975357055664,0.9458275437355042,0.22910287976264954,0.23004817962646484,-0.21598951518535614,0.9730296730995178,-0.0810050517320633,-0.24240218102931976,0.026928814128041267,0.9698020219802856,0.09345458447933197,0.967396080493927,-0.23539553582668304,-0.9311386942863464,0.0012188339605927467,-0.36466318368911743,-0.35248681902885437,0.2532653510570526,0.9008938670158386,-0.2888525724411011,0.4679732620716095,-0.8352037072181702,0.11234774440526962,0.8829320073127747,0.45586082339286804,0.9507587552070618,0.03784331679344177,-0.30761292576789856,0.46769341826438904,-0.30882298946380615,0.828185498714447,0.34209704399108887,0.9271982908248901,0.1525547206401825,-0.8150045871734619,0.2119709700345993,0.5392919778823853,0.9463077783584595,0.135158970952034,0.29365572333335876,-0.18359419703483582,0.9723857641220093,0.14408014714717865,-0.2660728991031647,-0.19025763869285583,0.9449905753135681
16,-0.8374776840209961,-0.5049638748168945,-0.20890827476978302,-0.011571358889341354,0.3985863924026489,-0.9170578122138977,0.546349048614502,-0.7655980587005615,-0.33965030312538147,0.945991575717926,-0.021571015939116478,0.32347285747528076,0.035079170018434525,0.9987363815307617,-0.035987064242362976,-0.32228782773017883,0.04539061710238457,0.9455528855323792,0.4595368504524231,0.8857638239860535,0.06517904996871948,-0.8871608972549438,0.46126049757003784,-0.013573947362601757,-0.04208783432841301,-0.0515865795314312,0.9977812767028809,-0.38116440176963806,0.9212321639060974,0.07774954289197922,-0.8100672364234924,-0.3733275532722473,0.4521256387233734,0.445538729429245,0.10935183614492416,0.8885591626167297,0.8514453768730164,0.2437492161989212,0.4643566906452179,-0.21304269134998322,0.9698363542556763,-0.1184491440653801,-0.4792218804359436,0.0019251764751970768,0.8776916861534119,-0.9136049747467041,0.010370939038693905,-0.4064706861972809,-0.3948679268360138,0.2158074975013733,0.8930321931838989,0.09698101133108139,0.9763808250427246,-0.19306765496730804,-0.4367028474807739,0.5917067527770996,0.6776236295700073,-0.3531680107116699,0.5800089240074158,-0.734072208404541,-0.8273832201957703,-0.5598863959312439,-0.04431964084506035,0.19146330654621124,0.19316475093364716,0.9623041152954102,0.0018843351863324642,0.9803683757781982,-0.19716572761535645,-0.9814979434013367,0.03956330567598343,0.18734058737754822,0.3520457446575165,0.4562529921531677,-0.8172496557235718,-0.9118311405181885,0.36425018310546875,-0.1894354224205017,0.2112528532743454,0.8118836283683777,0.5442584156990051,0.21469056606292725,-0.9726844429969788,0.08827780932188034,0.5427082777023315,0.19395476579666138,0.8172204494476318,-0.8120195269584656,-0.1275404393672943,0.5695241093635559,-0.0387430302798748,-0.20285865664482117,0.9784412980079651,0.24853190779685974,0.9464503526687622,0.2060670703649521,-0.9678485989570618,0.2511575520038605,0.01374849397689104,0.8388622999191284,0.5168465375900269,-0.17082057893276215,-0.5396196246147156,0.8308287858963013,-0.13614033162593842,0.07155899703502655,0.20638112723827362,0.9758514761924744,0.11978452652692795,0.9926827549934387,-0.015251962468028069,-0.7971778512001038,0.08701412379741669,-0.5974411964416504,-0.5917424559593201,0.08372274041175842,0.8017676472663879,0.03320228308439255,0.9893490672111511,0.14172503352165222,0.110170379281044,-0.1445620059967041,0.9833434224128723,0.9933580160140991,-0.0170353464782238,-0.11379675567150116,0.4676970839500427,-0.5969355702400208,0.6518645286560059,0.8518092036247253,0.5012816190719604,-0.15211111307144165,-0.23596715927124023,0.6264061331748962,0.7429232001304626,0.7840867638587952,-0.10238691419363022,0.6121477484703064,0.07522261887788773,0.9947052001953125,0.07002187520265579,-0.6160759329795837,-0.008855867199599743,0.7876369953155518
17,-0.8758798837661743,-0.09465731680393219,0.47315365076065063,-0.40981167554855347,-0.37172722816467285,-0.8329905271530151,0.25473272800445557,-0.923503577709198,0.2867967188358307,0.7153648734092712,0.6286998391151428,0.30494195222854614,-0.6298723220825195,0.7691375017166138,-0.10811258852481842,-0.30251264572143555,-0.11473454535007477,0.9462146162986755,-0.15000100433826447,0.6169853210449219,-0.7725470066070557,-0.6510706543922424,0.5264002680778503,0.5468178391456604,0.7440475225448608,0.5850058794021606,0.32274046540260315,0.5361868739128113,-0.4565645158290863,0.7099665403366089,0.5761135220527649,0.8126711845397949,0.08751437067985535,-0.6169252991676331,0.36209726333618164,0.6987766027450562,0.6666949391365051,0.7257219552993774,0.16983945667743683,-0.694053053855896,0.6875543594360352,-0.21344642341136932,-0.27167659997940063,0.024426056072115898,0.9620785713195801,0.9928038120269775,0.10383006185293198,-0.05966470390558243,-0.1048417016863823,0.9943893551826477,-0.014074284583330154,0.05786861106753349,0.020228352397680283,0.9981192350387573,0.6711538434028625,0.6420900225639343,-0.37050357460975647,-0.687707245349884,0.725885272026062,0.012216681614518166,0.27678731083869934,0.2465987354516983,0.9287506937980652,0.7795074582099915,-0.29541435837745667,0.5523572564125061,0.18908379971981049,0.9516433477401733,0.24212028086185455,-0.5971729159355164,-0.08429276198148727,0.7976711392402649,0.6380809545516968,0.5102697610855103,-0.5766085982322693,-0.7429097294807434,0.6047916412353516,-0.2869010865688324,0.20233111083507538,0.6114342212677002,0.7649903893470764,0.46575942635536194,-0.7552270293235779,0.4611944556236267,0.45680639147758484,0.651562511920929,0.605635404586792,-0.7578892111778259,-0.07140383869409561,0.6484639048576355,-0.3174998462200165,0.5244849920272827,0.7900059223175049,-0.21667224168777466,0.7709465622901917,-0.5989111065864563,-0.9231722354888916,-0.36132654547691345,-0.13113409280776978,0.5164269208908081,0.812974750995636,0.26902663707733154,-0.7072500586509705,0.5820520520210266,-0.40126392245292664,-0.48280495405197144,0.016954384744167328,0.8755638003349304,0.5657144784927368,0.5821805000305176,-0.5839803218841553,-0.6332319974899292,0.7603397965431213,0.1445707529783249,0.5281897187232971,0.28800925612449646,0.7987905144691467,0.053367529064416885,-0.7080060243606567,-0.7041870355606079,-0.030801590532064438,0.7036892771720886,-0.709839940071106,0.9980998039245605,0.059572480618953705,0.01574644446372986,0.44886377453804016,0.21935288608074188,-0.8662595748901367,-0.26422810554504395,0.9586361646652222,0.105831079185009,0.8536421060562134,0.18138638138771057,0.4882562458515167,0.533029317855835,-0.12649548053741455,0.8365874886512756,0.027773357927799225,0.9908440113067627,0.13212399184703827,-0.8456407785415649,-0.04719111695885658,0.531662106513977
18,-0.7049970626831055,-0.11673422157764435,0.6995372176170349,-0.7010852694511414,0.26358819007873535,-0.6625713109970093,-0.10704498738050461,-0.957546055316925,-0.26766952872276306,0.20424610376358032,0.5343074202537537,0.8202433586120605,-0.4254222810268402,0.8030927777290344,-0.4172024726867676,-0.8816458582878113,-0.26373782753944397,0.3913348317146301,-0.17475129663944244,0.9707261323928833,-0.16478084027767181,-0.9637669324874878,-0.1343843936920166,0.23042170703411102,0.20153240859508514,0.1990768164396286,0.9590376019477844,0.6739705204963684,0.5049262642860413,-0.5392710566520691,-0.41794466972351074,0.8625264167785645,0.2852551341056824,0.609168291091919,0.0331319235265255,0.7923485636711121,-0.1657487452030182,0.6598960161209106,0.7328469157218933,-0.4098369777202606,0.6298201680183411,-0.6598182916641235,-0.8969732522964478,-0.4097118377685547,0.16605789959430695,0.9154838919639587,0.12389379739761353,-0.38280487060546875,-0.13747075200080872,0.9904718995094299,-0.008199837990105152,0.3781415522098541,0.060131292790174484,0.923792839050293,0.7607842087745667,0.6484001874923706,-0.02801092341542244,-0.6464856863021851,0.7533257603645325,-0.12065040320158005,-0.05712839215993881,0.10989758372306824,0.9922997951507568,0.5426117181777954,0.28502342104911804,0.7901481986045837,-0.08962490409612656,0.9549462795257568,-0.28292226791381836,-0.8351885676383972,0.0826999768614769,0.5437102317810059,0.8168699741363525,0.5372241139411926,-0.21003252267837524,-0.5757293105125427,0.7369527816772461,-0.35416990518569946,-0.03548456355929375,0.41023266315460205,0.9112902879714966,0.645906925201416,-0.7579905390739441,0.09085437655448914,0.6048675775527954,0.5807352662086487,0.5448685884475708,-0.4657675623893738,-0.29697951674461365,0.8335848450660706,-0.5840521454811096,-0.03715533763170242,0.8108652830123901,0.1524314433336258,0.9761594533920288,0.15452313423156738,-0.797275185585022,0.2138509452342987,-0.5644643902778625,0.4501173496246338,0.172663614153862,0.8761173486709595,-0.17378871142864227,0.9793063998222351,-0.10371357202529907,-0.8758949041366577,-0.1055760309100151,0.47080978751182556,0.28299176692962646,0.767909824848175,0.57465660572052,-0.35682225227355957,0.6404342651367188,-0.6800895929336548,-0.8902772068977356,-0.012590506114065647,0.45524492859840393,0.13021856546401978,-0.09808545559644699,-0.9866216778755188,2.1174404537305236e-05,0.995094895362854,-0.09892503172159195,0.9914852976799011,0.012860984541475773,0.12958191335201263,0.3711256682872772,0.8012962937355042,-0.4692440330982208,-0.5083010792732239,0.5982058048248291,0.619499683380127,0.777107298374176,0.008605031296610832,0.6293092966079712,0.8165924549102783,0.48474252223968506,-0.3133711516857147,-0.37564390897750854,0.8584950566291809,0.3491102159023285,0.4382561147212982,-0.16736480593681335,0.8831311464309692
19,0.7358037233352661,-0.41350117325782776,0.536292552947998,0.6526758670806885,0.2218516767024994,-0.7244280576705933,-0.1805744469165802,-0.8830620646476746,-0.4331215023994446,-0.020226692780852318,0.7113218307495117,0.7025753855705261,-0.6373701095581055,0.532235860824585,-0.55721116065979,-0.7702922821044922,-0.4590710997581482,0.44260990619659424,0.9519760012626648,0.23934447765350342,-0.190934419631958,-0.23961910605430603,0.9706177115440369,0.0219989325851202,0.19058965146541595,0.024809079244732857,0.9813562631607056,0.9815302491188049,0.007335084490478039,0.19116634130477905,-0.005054639186710119,0.9999101758003235,-0.012414028868079185,-0.19124022126197815,0.011218467727303505,0.9814791679382324,0.6323488354682922,0.5357194542884827,-0.5595887899398804,-0.5699595808982849,0.8109528422355652,0.1322934329509735,0.524672269821167,0.23528741300106049,0.8181434869766235,-0.9146316647529602,-0.3932586908340454,-0.09378965944051743,0.1456954926252365,-0.5370178818702698,0.830893874168396,-0.3771229684352875,0.7462971210479736,0.548469603061676,0.015908733010292053,-0.05907583609223366,0.998126745223999,0.06254373490810394,0.9963570237159729,0.057974234223365784,-0.9979154467582703,0.06150427833199501,0.019545601680874825,0.16454951465129852,0.9382190108299255,0.30441510677337646,-0.2493555098772049,0.3381651043891907,-0.9074503779411316,-0.9543297290802002,0.0734129324555397,0.28959497809410095,0.742704451084137,0.5461006760597229,0.3875102400779724,-0.38614726066589355,0.8220774531364441,-0.41842442750930786,-0.5470653176307678,0.1611296683549881,0.821435809135437,0.6554608941078186,-0.7528138160705566,0.06035222113132477,0.6161019206047058,0.5792209506034851,0.5337803363800049,-0.4367944896221161,-0.31268900632858276,0.8434667587280273,0.2579040229320526,-0.1485079526901245,0.9546889066696167,0.18495811522006989,0.9774304032325745,0.10208010673522949,-0.9483016729354858,0.15025058388710022,0.2795509696006775,0.7220266461372375,0.20380043983459473,-0.6611678600311279,-0.28930068016052246,0.9570092558860779,-0.020938534289598465,0.6284764409065247,0.2063944786787033,0.7499457597732544,0.013453858904540539,0.8321897387504578,-0.5543277263641357,-0.9846254587173462,0.10758525878190994,0.13761594891548157,0.17416007816791534,0.5439537167549133,0.8208426237106323,0.3271147608757019,0.22725389897823334,-0.9172521829605103,-0.02367321588099003,0.9723191261291504,0.2324545532464981,0.9446880221366882,-0.05432501062750816,0.3234397768974304,0.9060630798339844,0.17205549776554108,0.3865831792354584,-0.2634015381336212,0.9443455338478088,0.1970561146736145,-0.33116352558135986,-0.28037187457084656,0.9009563326835632,0.8849560618400574,0.43599069118499756,0.1635996550321579,-0.4655036926269531,0.8187277317047119,0.3361416161060333,0.012611031532287598,-0.37362679839134216,0.9274933934211731
20,0.8535740971565247,0.13398604094982147,0.5034471154212952,0.03241245076060295,-0.9781480431556702,0.20536765456199646,0.5199621915817261,-0.15897855162620544,-0.8392646312713623,0.13326981663703918,0.6854391098022461,0.7158298492431641,-0.6167052984237671,0.622758686542511,-0.48150405287742615,-0.7758309841156006,-0.3772861361503601,0.5057088732719421,0.9585097432136536,0.020577726885676384,0.2843160927295685,-0.023846574127674103,0.9996833205223083,0.008040214888751507,-0.28406059741973877,-0.014486589469015598,0.9586969017982483,0.7613427639007568,-0.5734925270080566,-0.3024294078350067,0.5415321588516235,0.8189833760261536,-0.18976083397865295,0.35651108622550964,-0.019302213564515114,0.9340916872024536,-0.6814819574356079,0.40095412731170654,0.6122239232063293,-0.07586115598678589,0.7933507561683655,-0.6040195822715759,-0.7278924584388733,-0.4580724537372589,-0.5102373361587524,0.8975743651390076,-0.14988967776298523,-0.4146002531051636,0.15136738121509552,0.988037109375,-0.029505712911486626,0.414063036441803,-0.03627339005470276,0.9095251560211182,0.9410865902900696,-0.07854405790567398,-0.3289177119731903,0.08491925895214081,0.9963750839233398,0.005037830676883459,0.32732972502708435,-0.03267248347401619,0.9443451166152954,-0.4234545826911926,-0.8939473628997803,0.14677967131137848,-0.09163270890712738,0.20345838367938995,0.9747862219810486,-0.9012711048126221,0.3993278741836548,-0.1680702120065689,0.9338555932044983,0.15265049040317535,0.3234371542930603,-0.12654860317707062,0.9868680834770203,-0.10038357228040695,-0.33451342582702637,0.05281323567032814,0.9409099817276001,0.9292763471603394,-0.25183942914009094,0.27022650837898254,0.21634240448474884,0.9640230536460876,0.15445245802402496,-0.29940178990364075,-0.08506757020950317,0.9503273367881775,-0.4838961660861969,0.8598483204841614,0.16280485689640045,-0.5985305309295654,-0.18945595622062683,-0.7783750295639038,-0.6384400725364685,-0.4740963578224182,0.6063224673271179,0.3928707540035248,-0.3922645151615143,-0.8317338228225708,0.4902738034725189,0.8545409440994263,-0.1714392900466919,0.7780001163482666,-0.3404237926006317,0.5280411243438721,-0.5001496076583862,-0.8158949017524719,-0.290113627910614,0.6908106803894043,-0.5779538750648499,0.4344536364078522,-0.5221408009529114,0.016878211870789528,0.8526922464370728,-0.8386308550834656,0.13348142802715302,-0.5280917882919312,0.07873478531837463,0.9890332818031311,0.12495584040880203,0.5389796495437622,0.06321262568235397,-0.8399434685707092,-0.7011010646820068,0.027375083416700363,0.7125362157821655,0.7123668193817139,0.07100049406290054,0.6982066035270691,-0.031476959586143494,0.9971005916595459,-0.06927962601184845,0.41279301047325134,-0.8073142766952515,-0.42171740531921387,0.2445458620786667,0.5442406535148621,-0.8024957180023193,0.8773820400238037,0.2281353920698166,0.42208412289619446
21,-0.819618821144104,-0.05323375388979912,0.5704306960105896,-0.48078620433807373,0.6053796410560608,-0.6343185901641846,-0.3115599751472473,-0.7941546440124512,-0.5217745900154114,-0.21725121140480042,0.39994972944259644,0.8904168009757996,-0.15293999016284943,0.8869904279708862,-0.43572625517845154,-0.9640597701072693,-0.23084239661693573,-0.13153143227100372,0.8486366271972656,0.47895291447639465,-0.22454383969306946,-0.4779910445213318,0.876150906085968,0.0623231865465641,0.22658415138721466,0.0544402040541172,0.9724689722061157,-0.27016934752464294,0.8999617099761963,0.34216585755348206,-0.9547554850578308,-0.2962997853755951,0.025463715195655823,0.1243000477552414,-0.31980523467063904,0.9392944574356079,-0.2792143225669861,0.6296800374984741,0.7249430418014526,-0.35661983489990234,0.6329705119132996,-0.687146782875061,-0.8915501236915588,-0.4503902792930603,0.047821979969739914,0.9692784547805786,0.10447416454553604,-0.22267548739910126,-0.1097099632024765,0.9939001202583313,-0.011238905601203442,0.22014300525188446,0.03532334789633751,0.9748278260231018,0.8825121521949768,0.40083053708076477,0.2459820657968521,-0.38071587681770325,0.9159722924232483,-0.12668919563293457,-0.27609366178512573,0.018155481666326523,0.960959255695343,0.13323086500167847,0.9645029306411743,0.22799919545650482,-0.2529374361038208,0.2555221915245056,-0.9331297278404236,-0.9582651853561401,0.06665214896202087,0.2780023217201233,0.9413250088691711,0.10311489552259445,-0.3213635981082916,-0.13485223054885864,0.9877865314483643,-0.07805574685335159,0.3093899190425873,0.11681243032217026,0.9437333941459656,0.396627277135849,-0.11713726818561554,0.910475492477417,0.14839746057987213,0.9869614839553833,0.06233169883489609,-0.9059056043624878,0.11038980633020401,0.40883868932724,-0.23293223977088928,-0.070155069231987,0.9699591994285583,0.15451273322105408,0.9820552468299866,0.1081356331706047,-0.9601397514343262,0.17505931854248047,-0.2179124653339386,0.3685515224933624,-0.41621604561805725,0.8312243819236755,0.22531186044216156,0.9075005650520325,0.3545098900794983,-0.9018893241882324,0.05662955716252327,0.4282391369342804,0.13191883265972137,0.9796721339225769,0.15112872421741486,-0.6708526015281677,0.20047608017921448,-0.7139791250228882,-0.7297631502151489,-0.0071978033520281315,0.6836621761322021,0.6078288555145264,0.22304922342300415,-0.7620978355407715,-0.06335372477769852,0.9703011512756348,0.23345650732517242,0.7915366888046265,-0.09361986070871353,0.6039080619812012,0.6660378575325012,0.3971457779407501,0.6314022541046143,-0.6933781504631042,0.6417014598846436,0.3277895748615265,-0.274991512298584,-0.656120777130127,0.7027696967124939,0.6567287445068359,-0.04484149068593979,-0.7527925372123718,-0.06972267478704453,0.9903447031974792,-0.1198170930147171,0.7508968710899353,0.13117404282093048,0.647261381149292
22,-0.8215939998626709,-0.06217123568058014,0.5666727423667908,-0.4870723485946655,0.5930669903755188,-0.6411178708076477,-0.29621580243110657,-0.8027492165565491,-0.5175421833992004,0.2148205190896988,0.364459753036499,0.9061022400856018,-0.2065047025680542,0.9237363338470459,-0.32259413599967957,-0.9545721411705017,-0.11781451851129532,0.27370017766952515,0.7483311295509338,0.6284568905830383,0.21223220229148865,-0.6340150237083435,0.7717238068580627,-0.04967200756072998,-0.19500136375427246,-0.09738729149103165,0.9759560227394104,-0.2882935702800751,0.8562275171279907,0.42867377400398254,-0.9575213193893433,-0.2607329487800598,-0.12317174673080444,0.0063063474372029305,-0.4459739029407501,0.895023763179779,-0.26217392086982727,0.6357585191726685,0.7259999513626099,-0.36609581112861633,0.6305530071258545,-0.6843805313110352,-0.892882227897644,-0.4452122747898102,0.06743396818637848,0.9665185809135437,0.11528372019529343,-0.22924120724201202,-0.1210624948143959,0.9925810694694519,-0.011257645674049854,0.22624266147613525,0.03863323852419853,0.9733045697212219,0.8619600534439087,0.44280388951301575,0.24687977135181427,-0.4200604259967804,0.8964369297027588,-0.14124475419521332,-0.2838558554649353,0.01804290898144245,0.9586971998214722,0.13149629533290863,0.9433252811431885,0.30470672249794006,-0.22819384932518005,0.32792529463768005,-0.9167292714118958,-0.9646949172019958,0.05101430416107178,0.25838199257850647,0.9283562302589417,0.13037826120853424,-0.3480750322341919,-0.1729104369878769,0.980448842048645,-0.09392588585615158,0.3290238678455353,0.1473824828863144,0.9327495098114014,0.3176303505897522,-0.2329941987991333,0.9191434383392334,0.1949707269668579,0.9646764993667603,0.17715995013713837,-0.92795330286026,0.12293469160795212,0.3518376052379608,-0.2219323366880417,-0.08927537500858307,0.9709665179252625,0.1654502898454666,0.9779115915298462,0.12773066759109497,-0.9609225988388062,0.18899424374103546,-0.20225957036018372,0.3693518042564392,-0.40601393580436707,0.8359018564224243,0.217940554022789,0.9122651219367981,0.3468058109283447,-0.9033721089363098,0.05408356338739395,0.4254336655139923,0.07838886976242065,0.9808984994888306,0.17802608013153076,-0.6221028566360474,0.18767020106315613,-0.7601104378700256,-0.7790014147758484,-0.051166336983442307,0.6249310374259949,0.5261824727058411,0.18869470059871674,-0.8291720747947693,-0.04268472269177437,0.9797017574310303,0.1958635449409485,0.8492997288703918,-0.06766698509454727,0.5235562324523926,0.737442135810852,0.4089966118335724,0.5374950170516968,-0.6312538981437683,0.7003858089447021,0.33313384652137756,-0.24020329117774963,-0.584962785243988,0.7746747136116028,0.7662711143493652,-0.02275357022881508,-0.6421143412590027,-0.052852410823106766,0.9937537312507629,-0.09828579425811768,0.6403399109840393,0.10925085842609406,0.7602822184562683
23,-0.5857661366462708,-0.17804569005966187,0.7906818389892578,-0.6263129711151123,0.718625009059906,-0.30217570066452026,-0.5144026279449463,-0.6722185611724854,-0.5324585437774658,-0.11481320112943649,0.1754915714263916,0.9777630567550659,0.11320846527814865,0.9801710247993469,-0.16263031959533691,-0.9869152903556824,0.09201894700527191,-0.13240370154380798,0.7350848913192749,0.5998678207397461,0.3159253001213074,-0.6093989014625549,0.7888302803039551,-0.07987327128648758,-0.29712486267089844,-0.133810892701149,0.9454160332679749,-0.3499410152435303,0.7467895150184631,0.565549910068512,-0.9134187698364258,-0.1380542814731598,-0.3828931450843811,-0.20786401629447937,-0.6505739092826843,0.7304424047470093,-0.46782299876213074,0.4084959924221039,0.7837554812431335,-0.13105718791484833,0.8449133038520813,-0.5185995697975159,-0.8740512728691101,-0.3453295826911926,-0.34173354506492615,0.9756531119346619,0.18222898244857788,-0.12203928083181381,-0.1857781559228897,0.982421875,-0.018266992643475533,0.1165652871131897,0.04049447923898697,0.9923571348190308,0.9092786312103271,0.27278241515159607,0.31432807445526123,-0.25556838512420654,0.9620531797409058,-0.09559540450572968,-0.32847705483436584,0.006590536329895258,0.9444889426231384,-0.14821043610572815,0.9409773349761963,0.30429473519325256,-0.019739123061299324,0.30481696128845215,-0.9522063732147217,-0.9887588620185852,-0.14713342487812042,-0.026602987200021744,0.9798764586448669,0.09601741284132004,-0.17499351501464844,-0.10961449891328812,0.9915241599082947,-0.06974592804908752,0.16681347787380219,0.08752422779798508,0.9820961356163025,0.697931706905365,-0.4219469726085663,0.5786640644073486,0.3031277060508728,0.9061055183410645,0.29510393738746643,-0.6488489508628845,-0.03055325709283352,0.7603036165237427,-0.5312818884849548,-0.32366806268692017,0.7829294204711914,0.28726181387901306,0.8005731701850891,0.5258927941322327,-0.7970070242881775,0.5043030381202698,-0.33235257863998413,0.4093441665172577,-0.7973597645759583,0.44345778226852417,0.5947404503822327,0.6017835140228271,0.5330482125282288,-0.6918967366218567,0.04554210975766182,0.7205587029457092,-0.24578116834163666,0.6100139617919922,0.7533090710639954,0.10517800599336624,0.7893425226211548,-0.6048768162727356,-0.9636021852493286,-0.06943579018115997,-0.258165568113327,0.7882761359214783,0.127550408244133,-0.6019565463066101,-0.05619020760059357,0.9891135692596436,0.13600391149520874,0.6127507090568542,-0.07338457554578781,0.7868616580963135,0.03851833567023277,0.9974207878112793,0.060565035790205,-0.5521515607833862,-0.029272127896547318,0.8332297205924988,0.8328534960746765,-0.06553570181131363,0.5495999455451965,0.42215773463249207,-0.42963969707489014,0.7982434034347534,0.7525244355201721,0.6570711731910706,-0.04432252421975136,-0.5054600238800049,0.6194087862968445,0.6007020473480225
24,-0.500393807888031,-0.24300517141819,0.8309960961341858,-0.6501988172531128,0.7392527461051941,-0.1753476858139038,-0.5717057585716248,-0.6280555725097656,-0.5279192328453064,-0.26437315344810486,0.16769349575042725,0.9497292637825012,0.16573655605316162,0.9780162572860718,-0.126552551984787,-0.9500727653503418,0.12394776195287704,-0.2863541841506958,0.7448858618736267,0.6083179116249084,0.27403339743614197,-0.6161119937896729,0.7847731113433838,-0.06735827773809433,-0.25602930784225464,-0.11866104602813721,0.9593583941459656,0.9438409209251404,0.29902374744415283,0.14053146541118622,-0.30577024817466736,0.9516744017601013,0.028642922639846802,-0.12517528235912323,-0.07000470906496048,0.9896618127822876,-0.4656629264354706,0.1770012527704239,0.8670805096626282,0.024879178032279015,0.9820249676704407,-0.18710412085056305,-0.8846123814582825,-0.06555520743131638,-0.4616962969303131,0.7842610478401184,-0.5399165749549866,-0.3056546151638031,0.5598879456520081,0.828151285648346,-0.02628554403781891,0.2673202455043793,-0.15051761269569397,0.9517795443534851,0.10116282105445862,0.9288146495819092,0.35646793246269226,-0.7877079248428345,0.2936398983001709,-0.5415642857551575,-0.6076860427856445,-0.2260064333677292,0.7613400816917419,-0.2080603688955307,0.9047348499298096,0.3717065155506134,0.02948395535349846,0.38565143942832947,-0.9221733212471008,-0.9776715040206909,-0.18090833723545074,-0.10691393911838531,0.9880988001823425,0.11910391598939896,-0.09733998030424118,-0.12726949155330658,0.9884328842163086,-0.08247993141412735,0.08639035373926163,0.09388672560453415,0.9918276071548462,0.8407144546508789,-0.38090917468070984,0.3848472535610199,0.3017688989639282,0.9197235703468323,0.2510857880115509,-0.4495939612388611,-0.09495650976896286,0.8881714344024658,-0.5175030827522278,-0.37577351927757263,0.7687553763389587,0.3158961832523346,0.7510496377944946,0.5797706842422485,-0.7952359318733215,0.5428799986839294,-0.2699650824069977,0.4451122581958771,-0.6472380757331848,0.618835985660553,0.4436818063259125,0.7596842646598816,0.475422203540802,-0.7778313159942627,0.06294999271631241,0.6253125071525574,-0.003474804572761059,0.6646763682365417,0.7471233606338501,-0.0658668801188469,0.7453532218933105,-0.6634079217910767,-0.9978223443031311,-0.05151589587330818,0.04119019955396652,0.8176434636116028,0.299323171377182,-0.4917975068092346,-0.14832814037799835,0.9349071383476257,0.3224087953567505,0.5562894344329834,-0.1906680315732956,0.8088187575340271,0.22317083179950714,0.962580680847168,0.15373100340366364,-0.6698736548423767,0.03687553107738495,0.741558849811554,0.7081413269042969,-0.26847463846206665,0.6530369520187378,0.8326963782310486,0.3803952634334564,0.4023881256580353,-0.516660213470459,0.7951558828353882,0.3174734115600586,-0.19919590651988983,-0.4722568690776825,0.858658492565155
25,0.8293445110321045,-0.3312782347202301,0.44993603229522705,0.5435274243354797,0.6649509072303772,-0.5122677087783813,0.129482239484787,-0.6693990230560303,-0.7315321564674377,0.10711272060871124,0.47151392698287964,0.8753293752670288,-0.3196943402290344,0.8499742150306702,-0.4187353849411011,-0.9414469599723816,-0.23498596251010895,0.24178339540958405,0.9860049486160278,0.1664465069770813,-0.009474952705204487,-0.16640719771385193,0.9860454201698303,0.004802886862307787,0.010142157785594463,-0.0031589700374752283,0.9999435544013977,-0.19234159588813782,0.5930745005607605,0.7818359136581421,-0.7316374778747559,0.44429466128349304,-0.5170191526412964,-0.6539964079856873,-0.671464741230011,0.3484591841697693,-0.29308101534843445,0.3220300078392029,0.9002223014831543,-0.10029102116823196,0.9260192513465881,-0.36390945315361023,-0.9508129358291626,-0.19693917036056519,-0.23910194635391235,0.3102640211582184,-0.529876172542572,0.7892829179763794,0.4090695381164551,0.8238732814788818,0.39229440689086914,-0.8581365346908569,0.20115673542022705,0.47237443923950195,-0.23833437263965607,0.3720179498195648,-0.8971061110496521,-0.5213118195533752,0.7303615808486938,0.4413682520389557,0.8194087743759155,0.5728652477264404,0.01986708492040634,-0.08565670996904373,0.9944400191307068,-0.061253342777490616,-0.12620392441749573,-0.07181364297866821,-0.9894015192985535,-0.9882993102073669,-0.07701846212148666,0.1316535472869873,0.8702381253242493,0.04706218093633652,0.49037814140319824,-0.0445072315633297,0.9988664388656616,-0.01687869243323803,-0.4906166195869446,-0.007136892527341843,0.8713462948799133,0.9022902846336365,-0.0660923570394516,-0.4260329604148865,0.1156998947262764,0.9890512228012085,0.09160362184047699,0.41531410813331604,-0.13194502890110016,0.9000581502914429,0.15617026388645172,-0.45714929699897766,0.8755714297294617,0.41326120495796204,0.8353715538978577,0.36244943737983704,-0.8971209526062012,0.305235892534256,0.3193822503089905,0.7375577092170715,0.3591139316558838,-0.5718792080879211,-0.45525357127189636,0.8899112939834595,-0.02832108922302723,0.4987512528896332,0.28123849630355835,0.8198488354682922,0.4112854301929474,0.911037802696228,0.02923005074262619,-0.8007029294967651,0.3764271140098572,-0.46602296829223633,-0.4355675280094147,0.16826386749744415,0.8842896819114685,0.4979948103427887,0.8313083648681641,0.24683517217636108,-0.4355242848396301,-0.006376626901328564,0.9001544117927551,0.7498798370361328,-0.5557749271392822,0.3588794469833374,0.9450507164001465,-0.2758987545967102,-0.17538242042064667,0.22748807072639465,0.9402550458908081,-0.25331735610961914,0.23479413986206055,0.19950033724308014,0.9513523578643799,0.9901676177978516,-0.10305076092481613,0.09459710121154785,0.1089339479804039,0.9922798871994019,-0.05927956849336624,-0.08775798976421356,0.06900154054164886,0.9937491416931152
26,0.7781556248664856,0.5999748110771179,0.18575258553028107,0.6228464245796204,-0.7752304077148438,-0.1052621454000473,0.08084641396999359,0.1976056545972824,-0.9769421219825745,0.05435135215520859,0.30854249000549316,0.9496564865112305,-0.09599261730909348,0.9482718110084534,-0.3025987148284912,-0.9938970804214478,-0.07471336424350739,0.08115766197443008,0.9925631284713745,0.12164094299077988,0.004676805343478918,-0.12165592610836029,0.9925675988197327,0.0030639972537755966,-0.004269337747246027,-0.0036101718433201313,0.9999843835830688,0.13239789009094238,0.5630428791046143,0.8157533407211304,-0.6482788920402527,0.6717564463615417,-0.3584378957748413,-0.7498034834861755,-0.48137927055358887,0.45394793152809143,-0.2905051112174988,0.47189420461654663,0.832419753074646,-0.2164154350757599,0.8149929046630859,-0.5375415682792664,-0.9320789575576782,-0.3363070487976074,-0.13463442027568817,0.9939834475517273,-0.07891521602869034,0.07595554739236832,0.07787760347127914,0.9968258738517761,0.01653173379600048,-0.07701905816793442,-0.010517033748328686,0.9969741702079773,0.9141117930412292,-0.32195425033569336,-0.24646525084972382,0.33708620071411133,0.9412466883659363,0.020676735788583755,0.22532764077186584,-0.10198088735342026,0.9689310193061829,-0.7217354774475098,-0.39987027645111084,0.5649793148040771,-0.0846470445394516,0.861108124256134,0.5013259053230286,-0.6869736313819885,0.3140008747577667,-0.6553401350975037,0.8765433430671692,0.48131605982780457,0.002576029859483242,-0.45315608382225037,0.827040433883667,-0.3326463997364044,-0.16223853826522827,0.29041165113449097,0.9430481195449829,0.8824183344841003,-0.4020513892173767,-0.24432054162025452,0.4594913125038147,0.8480207920074463,0.26406145095825195,0.1010226309299469,-0.3452758193016052,0.9330482482910156,0.35386860370635986,0.7541283965110779,0.5532335638999939,-0.6068397164344788,0.6352261304855347,-0.4777377247810364,-0.7117040157318115,-0.16666769981384277,0.6824216246604919,0.8465995192527771,-0.47804173827171326,-0.2339773178100586,0.5073651671409607,0.8576797246932983,0.08346274495124817,0.1607789397239685,-0.18937145173549652,0.9686529636383057,-0.32570844888687134,-0.8496054410934448,0.4148307740688324,0.6595656275749207,0.11018283665180206,0.743527352809906,-0.6774121522903442,0.5157812833786011,0.5244830846786499,0.4175376892089844,0.215151846408844,-0.8828204870223999,-0.03409435972571373,0.9745888113975525,0.2213914543390274,0.9080197215080261,-0.06234007328748703,0.4142630398273468,0.30475977063179016,-0.39676448702812195,0.8658518195152283,0.5794849395751953,0.7987128496170044,0.16203375160694122,-0.7558562755584717,0.45236673951148987,0.4733346104621887,0.8633748888969421,-0.3538438379764557,-0.3596920669078827,0.2231547087430954,0.9071516394615173,-0.35676029324531555,0.45253267884254456,0.22775089740753174,0.862173855304718
27,0.8383861780166626,-0.258618026971817,0.47981804609298706,0.5039581060409546,0.7031846046447754,-0.5015552639961243,0.20768943428993225,-0.6623051762580872,-0.7198728919029236,0.06409631669521332,0.22866515815258026,0.9713927507400513,-0.01630849391222,0.973504364490509,-0.22808612883090973,-0.997810423374176,-0.001222470891661942,0.0661272332072258,0.8610190749168396,0.42854976654052734,-0.27384525537490845,-0.42992880940437317,0.900984525680542,0.05820732191205025,0.2716750502586365,0.06761633604764938,0.9600107669830322,0.9942378401756287,-0.06012808531522751,0.08874557912349701,0.06153098866343498,0.9980184435844421,-0.013155564665794373,-0.08777870237827301,0.018540361896157265,0.995967447757721,-0.2802671194076538,0.1494472473859787,0.9482172131538391,0.01386377215385437,0.9883336424827576,-0.15167218446731567,-0.9598219394683838,-0.029362857341766357,-0.27906930446624756,0.192478746175766,-0.8021273612976074,0.5652819275856018,0.6537455916404724,0.534420371055603,0.5357345938682556,-0.731825590133667,0.2664330303668976,0.6272517442703247,-0.47406870126724243,0.49358758330345154,-0.7291297316551208,-0.7577465176582336,0.19302812218666077,0.6233460903167725,0.44841843843460083,0.8480044007301331,0.28250569105148315,0.63874751329422,0.7644163370132446,-0.08757475018501282,-0.6238402724266052,0.4479069113731384,-0.6404707431793213,-0.4503609240055084,0.46373170614242554,0.7629730701446533,0.2561143636703491,0.9070721864700317,0.3341040015220642,-0.4459974467754364,0.41752952337265015,-0.7916788458824158,-0.8576081395149231,0.053750790655612946,0.5114871859550476,0.9053679704666138,-0.34575971961021423,0.24649356305599213,0.2906534671783447,0.9278049468994141,0.2338772863149643,-0.3095632791519165,-0.14010079205036163,0.9405010938644409,0.48238712549209595,-0.4837344288825989,0.7302764058113098,0.44588983058929443,0.8531972765922546,0.27062270045280457,-0.7539793848991394,0.19507792592048645,0.6272636651992798,0.544235348701477,0.634587824344635,0.5487313866615295,-0.5241466164588928,0.7679131627082825,-0.3682115077972412,-0.6550406217575073,-0.08722197264432907,0.7505425214767456,0.5256739854812622,0.8239068984985352,-0.21176475286483765,-0.8479958772659302,0.48773401975631714,-0.20740914344787598,-0.06760095804929733,0.2886052131652832,0.9550586938858032,-0.392866313457489,0.6746271848678589,-0.6249274015426636,0.209811732172966,0.727401077747345,0.6533504128456116,0.8953407406806946,0.12556226551532745,-0.4273160696029663,0.10911034792661667,-0.2711809575557709,0.9563241004943848,0.07415325194597244,0.9616078734397888,0.26421883702278137,-0.9912599325180054,0.04208553209900856,0.12503032386302948,0.8259961605072021,-0.4486444592475891,0.34124553203582764,0.5405661463737488,0.8020468950271606,-0.25398629903793335,-0.15974536538124084,0.39425748586654663,0.9050096273422241
28,0.8587369918823242,-0.2788359522819519,0.4299084544181824,0.4890260398387909,0.6965481638908386,-0.5250468850135803,0.1530499905347824,-0.6611136198043823,-0.7345097064971924,0.032350197434425354,0.2159845381975174,0.9758607149124146,-0.002403807360678911,0.976385772228241,-0.21602104604244232,-0.9994736909866333,0.004642542451620102,0.0321054570376873,0.8417249321937561,0.4542742073535919,-0.29177743196487427,-0.4569213092327118,0.8872554302215576,0.06325089186429977,0.2876143753528595,0.08007947355508804,0.9543926119804382,-0.4994731843471527,0.714011549949646,-0.49062615633010864,-0.37512922286987305,0.3322303593158722,0.8653907179832458,0.7808998823165894,0.6162876486778259,0.10190644860267639,-0.1255217343568802,-0.5813782215118408,0.8038928508758545,0.5022907257080078,0.6615301966667175,0.5568498969078064,-0.8555397987365723,0.473684698343277,0.20898446440696716,0.5907905101776123,0.6177477240562439,0.518993616104126,-0.5783495306968689,0.7727605700492859,-0.2614437937736511,-0.5625641345977783,-0.14570121467113495,0.8138136863708496,0.9247753024101257,0.38048917055130005,0.004313291981816292,-0.3791511356830597,0.9223632216453552,-0.07409816980361938,-0.03217197209596634,0.06688877195119858,0.9972416162490845,0.7679468393325806,0.623201847076416,-0.14790919423103333,-0.6024351716041565,0.6243363618850708,-0.49726855754852295,-0.21755360066890717,0.47098150849342346,0.854895830154419,0.5539860725402832,0.8199993371963501,0.14387698471546173,-0.5815862417221069,0.5048387050628662,-0.6378834247589111,-0.5956986546516418,0.26970165967941284,0.7565739154815674,0.7120633125305176,0.18177297711372375,0.6781772971153259,-0.05867186561226845,0.9779325127601624,-0.20051337778568268,-0.699659526348114,0.10298828780651093,0.707014799118042,0.6189336180686951,-0.5213983654975891,0.5874223113059998,0.4825977683067322,0.8425089716911316,0.23932833969593048,-0.61969393491745,0.13536034524440765,0.7730827927589417,0.40007859468460083,0.5712823271751404,0.7166405320167542,-0.4510454833507538,0.8034296631813049,-0.38866281509399414,-0.797806441783905,-0.1677417904138565,0.5791093111038208,0.660248339176178,0.7311651706695557,-0.17166727781295776,-0.7505050301551819,0.633621096611023,-0.18779371678829193,-0.02853621542453766,0.25282764434814453,0.9670904278755188,0.5255886912345886,0.3615858554840088,-0.7700728178024292,-0.08568378537893295,0.9230775833129883,0.374948114156723,0.8464128971099854,-0.13108573853969574,0.5161411762237549,0.7955547571182251,0.3626471161842346,0.48536553978919983,-0.5381216406822205,0.7910445928573608,0.2909872531890869,-0.278420090675354,-0.49268198013305664,0.8244675397872925,0.8695588111877441,-0.14255063235759735,0.472807377576828,0.15705429017543793,0.9875498414039612,0.008899841457605362,-0.468189537525177,0.06651749461889267,0.8811208605766296
29,0.8878531455993652,0.3599686324596405,-0.2865997552871704,0.40840205550193787,-0.9034285545349121,0.13047844171524048,-0.2119542509317398,-0.23289361596107483,-0.9491237998008728,-0.23609481751918793,0.7864832878112793,0.5707042217254639,-0.7627235054969788,0.21391279995441437,-0.6103230118751526,-0.6020897626876831,-0.5793836116790771,0.5493655800819397,0.9549289345741272,-0.182205930352211,0.23433248698711395,0.1794590801000595,0.9832057356834412,0.03318042308092117,-0.2364427149295807,0.010368146933615208,0.9715901017189026,0.0083584850654006,-0.7169671058654785,0.6970568895339966,0.9067969918251038,0.2992539405822754,0.2969280779361725,-0.42148470878601074,0.6296072602272034,0.6526448726654053,0.5313323736190796,-0.5904322862625122,0.6075159311294556,0.5472424030303955,0.7866321802139282,0.28589436411857605,-0.6466928124427795,0.18055357038974762,0.7410727143287659,-0.10877741873264313,0.3503137528896332,0.9302944540977478,-0.3492014408111572,0.862738311290741,-0.36570608615875244,-0.9307125210762024,-0.3646407425403595,0.028483623638749123,0.9663211107254028,-0.0527745746076107,-0.2518696188926697,0.054786134511232376,0.9984976649284363,0.0009755489882081747,0.2514397203922272,-0.014741655439138412,0.9677606821060181,-0.018269984051585197,-0.7731661796569824,0.6339402198791504,0.16175995767116547,0.623407244682312,0.7649818062782288,-0.9866610169410706,0.11652234941720963,0.11367768794298172,0.9212827086448669,-0.06157538294792175,0.38398781418800354,0.03738464415073395,0.9968352913856506,0.0701550617814064,-0.3870924413204193,-0.05027740076184273,0.9206691384315491,0.39312252402305603,0.34606632590293884,0.8518760204315186,-0.04692045599222183,0.9328129291534424,-0.35729336738586426,-0.9182881712913513,0.10048966109752655,0.3829473555088043,0.7413929104804993,0.562006950378418,0.36672157049179077,-0.5008068680763245,0.8271144032478333,-0.255096435546875,-0.44668668508529663,0.0054700011387467384,0.8946737051010132,0.5630897283554077,0.31626835465431213,0.7634816765785217,-0.2746632397174835,0.9429726600646973,-0.1880495399236679,-0.7794165015220642,-0.1038115918636322,0.6178454756736755,0.5144338607788086,-0.7642831802368164,0.38888174295425415,0.6787931323051453,0.640049397945404,0.35996755957603455,-0.5240206718444824,0.07879076153039932,0.8480532765388489,0.3764384984970093,-0.9001962542533875,0.21895381808280945,0.31501510739326477,-0.09788331389427185,-0.9440255761146545,0.8712402582168579,0.4243413507938385,0.24672836065292358,0.17908474802970886,0.9337155222892761,0.31000638008117676,-0.7264866828918457,-0.0869796872138977,0.6816535592079163,0.6634348034858704,-0.3472892642021179,0.6627551913261414,-0.16400134563446045,-0.2251841425895691,0.9604142904281616,0.48324790596961975,0.8304314017295837,0.2772275507450104,-0.8599854707717896,0.5095838904380798,-0.02737211063504219
30,0.8738635182380676,-0.33085712790489197,0.3562248647212982,0.47779303789138794,0.4490047097206116,-0.7550553679466248,-0.08986881375312805,-0.8300170302391052,-0.5504500865936279,-0.1360904723405838,0.4891603887081146,0.8615111708641052,-0.3263397812843323,0.7989338040351868,-0.505180299282074,-0.9354045987129211,-0.3498955965042114,0.05090522766113281,0.8961793184280396,0.35429486632347107,-0.2670912742614746,-0.3571895360946655,0.9332007169723511,0.039396125823259354,0.2632076144218445,0.06009620428085327,0.9628655910491943,0.8134992718696594,0.16008639335632324,-0.5590986013412476,-0.13199888169765472,0.9871029853820801,0.09057571738958359,0.5663878321647644,0.00011711025581462309,0.8241388201713562,0.7256064414978027,0.6285024285316467,-0.28014278411865234,-0.6535802483558655,0.7568399310112,0.005117926746606827,0.21523988246917725,0.17938219010829926,0.9599447250366211,-0.21625082194805145,0.7363500595092773,0.6411116719245911,-0.623619794845581,0.40106987953186035,-0.6710002422332764,-0.7512216567993164,-0.5449143052101135,0.37247076630592346,0.9480785131454468,-0.2242809683084488,-0.2254888415336609,0.2336728274822235,0.9721916317939758,0.0155045036226511,0.21574100852012634,-0.06739010661840439,0.9741223454475403,0.5717035531997681,0.8152817487716675,-0.09203658998012543,-0.6210498809814453,0.35671719908714294,-0.6978896260261536,-0.5361456274986267,0.4561452567577362,0.7102671265602112,0.8606642484664917,0.5000616312026978,-0.09589286893606186,-0.5003240704536438,0.7956150770187378,-0.3415735065937042,-0.09451398998498917,0.34195762872695923,0.9349502921104431,0.8318677544593811,0.43786340951919556,0.34098637104034424,-0.3018588125705719,0.872569739818573,-0.3840615749359131,-0.4657008945941925,0.21655869483947754,0.8580355644226074,0.47758856415748596,-0.07590343058109283,0.8752987384796143,0.1305696666240692,0.9913297891616821,0.014722696505486965,-0.868827223777771,0.10725606232881546,0.4833584725856781,0.7060457468032837,0.021017489954829216,0.7078542709350586,-0.05088268965482712,0.9984815716743469,0.0211059357970953,-0.7063359022140503,-0.05091928690671921,0.7060430645942688,-0.07045213878154755,0.9270444512367249,-0.3682730793952942,-0.9542222023010254,-0.17021796107292175,-0.2459387481212616,-0.290682852268219,0.33408743143081665,0.8965986371040344,-0.5535905957221985,0.7189089059829712,-0.4203657805919647,0.3439387381076813,0.6570760011672974,0.6707885265350342,0.7584481239318848,0.22676214575767517,-0.6110117435455322,-0.20331697165966034,-0.3318738639354706,0.9211525321006775,0.5526675581932068,0.7376977801322937,0.38776350021362305,-0.8082207441329956,0.5879300236701965,0.03342944383621216,0.3014105260372162,0.9528180360794067,-0.03590945899486542,-0.5822461843490601,0.21374797821044922,0.7844113707542419,0.7550768256187439,-0.2155217081308365,0.619200587272644
31,0.8491247296333313,-0.3960288465023041,0.34949731826782227,0.5238250494003296,0.5464797616004944,-0.653427243232727,-0.06778281927108765,-0.7379166483879089,-0.671479344367981,-0.21919091045856476,0.5337993502616882,0.816709041595459,-0.3650292456150055,0.73140949010849,-0.5760154128074646,-0.9048253893852234,-0.42438003420829773,0.03453405573964119,0.34648019075393677,0.8457135558128357,-0.4058572053909302,-0.8474739789962769,0.4676988124847412,0.2510890066623688,0.40216830372810364,0.2569560408592224,0.8787685632705688,0.3236645460128784,0.7324590682983398,-0.5989532470703125,-0.5695011615753174,0.6563289165496826,0.494874507188797,0.7555856704711914,0.18093125522136688,0.6295666694641113,0.6120359301567078,0.7449702620506287,-0.26538902521133423,-0.7729376554489136,0.6344801783561707,-0.0014949936885386705,0.16727034747600555,0.20604416728019714,0.9641402363777161,-0.24319152534008026,0.7057324051856995,0.6654319763183594,-0.595472514629364,0.43291348218917847,-0.6767557859420776,-0.7656829357147217,-0.5608277320861816,0.31496334075927734,0.8250470757484436,-0.5394765734672546,-0.16811418533325195,0.5546817183494568,0.8299837708473206,0.05877995118498802,0.10782164335250854,-0.14174608886241913,0.9840134978294373,0.16697606444358826,0.9496138095855713,-0.26524072885513306,-0.4678550958633423,-0.16048960387706757,-0.8691114187240601,-0.8678885698318481,0.26921501755714417,0.41748374700546265,0.7547558546066284,0.5271257162094116,-0.39048951864242554,-0.6491523385047913,0.6859576106071472,-0.3287299871444702,0.09457726031541824,0.501598060131073,0.8599154353141785,0.7208266854286194,-0.32085487246513367,0.6143785715103149,0.23269319534301758,0.9469805359840393,0.22154396772384644,-0.6528880596160889,-0.01673308201134205,0.757269561290741,0.4460981786251068,-0.053569309413433075,0.8933793902397156,0.10771724581718445,0.9941645264625549,0.005825340282171965,-0.88847815990448,0.09363368898630142,0.44926533102989197,0.9812057614326477,0.19275161623954773,-0.009057844057679176,-0.19294634461402893,0.979391872882843,-0.05969330668449402,-0.0026348030660301447,0.060319092124700546,0.9981756806373596,0.7064016461372375,0.6281592845916748,0.32620948553085327,-0.49750566482543945,0.7684624195098877,-0.4024346172809601,-0.5034727454185486,0.1219894215464592,0.8553559184074402,0.22183439135551453,0.8288959264755249,0.5135378241539001,-0.15897990763187408,-0.48886680603027344,0.8577497601509094,0.9620368480682373,-0.2719205915927887,0.023330319672822952,0.4697432219982147,-0.8529652953147888,0.22757749259471893,0.7150347828865051,0.21642345190048218,-0.6647452116012573,0.5177514553070068,0.47498536109924316,0.7115632891654968,0.8985875844955444,-0.17727692425251007,0.40138912200927734,0.20907658338546753,0.97721928358078,-0.036461327224969864,-0.3857814371585846,0.11668475717306137,0.915181577205658
32,0.690478503704071,-0.5145711898803711,0.5083855986595154,0.6593309640884399,0.1586315780878067,-0.7349276542663574,-0.29752662777900696,-0.8426461219787598,-0.44880443811416626,-0.20976445078849792,0.6408234238624573,0.7384742498397827,-0.5219288468360901,0.5652806758880615,-0.6387863755226135,-0.8267945051193237,-0.5194256901741028,0.21588845551013947,0.5138140916824341,0.6236167550086975,-0.5891495943069458,-0.6320196986198425,0.7395357489585876,0.23159873485565186,0.5801260471343994,0.2533554434776306,0.7741219401359558,0.7569786906242371,-0.6229054927825928,-0.19741331040859222,0.5956580638885498,0.78200763463974,-0.1834545135498047,0.26865354180336,0.021280327811837196,0.9630017876625061,0.45772674679756165,0.7070415019989014,-0.5390533804893494,-0.7634870409965515,0.6232655644416809,0.16919688880443573,0.45560264587402344,0.33411434292793274,0.8251023292541504,-0.32454824447631836,0.8775978684425354,0.35283204913139343,-0.7484521269798279,-0.010189361870288849,-0.6631105542182922,-0.578349232673645,-0.4792892634868622,0.6601468920707703,0.8076761960983276,-0.5769611597061157,-0.12155234068632126,0.5871835947036743,0.8057986497879028,0.0768372043967247,0.053614627569913864,-0.13343313336372375,0.989606499671936,0.23291604220867157,0.8009611368179321,-0.5515536665916443,-0.7281490564346313,-0.23231026530265808,-0.6448494791984558,-0.6446309685707092,0.5518090724945068,0.529110312461853,0.4989868402481079,0.5755887627601624,-0.6478500962257385,-0.8624778985977173,0.4027514159679413,-0.3064689636230469,0.08452244848012924,0.7116803526878357,0.6974002122879028,0.5309199690818787,-0.1814488023519516,0.8277682662010193,0.1613643318414688,0.9805818200111389,0.11144889146089554,-0.8319168090820312,0.07440183311700821,0.5498898029327393,0.27612802386283875,0.12616679072380066,0.952803909778595,-0.019011178985238075,0.9918696284294128,-0.12583017349243164,-0.9609327912330627,0.016631314530968666,0.27628159523010254,0.9196467995643616,0.25627854466438293,-0.29760900139808655,-0.28605422377586365,0.956305205821991,-0.06044284626841545,0.26911482214927673,0.14071838557720184,0.9527725577354431,0.6550869345664978,0.6960076093673706,0.2939974367618561,-0.5546720623970032,0.707229495048523,-0.43836671113967896,-0.5130302309989929,0.12409615516662598,0.8493527770042419,0.12356683611869812,-0.10678400099277496,0.9865740537643433,-0.184103861451149,-0.9794004559516907,-0.08294883370399475,0.9751087427139282,-0.1713823676109314,-0.14068076014518738,0.18480877578258514,-0.9756376147270203,-0.11822394281625748,0.24910101294517517,0.16287049651145935,-0.9546841979026794,0.9506810307502747,0.14698432385921478,0.27313220500946045,0.979568600654602,-0.19398623704910278,0.05305328592658043,0.19957421720027924,0.9701943397521973,-0.1374521106481552,-0.02480817772448063,0.14523184299468994,0.9890865683555603
33,0.8310737609863281,-0.4043840765953064,0.38182443380355835,0.5498171448707581,0.7007849216461182,-0.45453450083732605,0.08377029001712799,-0.5876853466033936,-0.8047412633895874,-0.14309586584568024,0.20689982175827026,0.9678409099578857,0.07646000385284424,0.9772931337356567,-0.19761580228805542,-0.9867509603500366,0.045723117887973785,-0.15566615760326385,0.5850469470024109,0.630833089351654,-0.5096760392189026,-0.6340340971946716,0.7476407885551453,0.1975702941417694,0.505688488483429,0.2075640857219696,0.8373746275901794,0.7847126126289368,-0.44458869099617004,-0.4319339990615845,0.4177286922931671,0.8941194415092468,-0.16140985488891602,0.4579615890979767,-0.05377087742090225,0.8873443007469177,-0.1609974056482315,-0.26122981309890747,0.9517556428909302,0.28943026065826416,0.9094410538673401,0.29857519268989563,-0.943562388420105,0.3235367238521576,-0.07080983370542526,0.512274444103241,0.11482390761375427,0.8511112332344055,-0.13614608347415924,0.9893478155136108,-0.051528654992580414,-0.8479617834091187,-0.08947865664958954,0.5224503874778748,0.39153197407722473,0.6181143522262573,-0.6816431283950806,-0.7196248769760132,0.6673469543457031,0.19180214405059814,0.573448121547699,0.4154306650161743,0.7060981392860413,0.5806113481521606,0.8073577880859375,-0.10518496483564377,-0.6346850991249084,0.36789628863334656,-0.6795786619186401,-0.5099659562110901,0.461330384016037,0.7260227203369141,0.29769936203956604,0.7652232050895691,-0.5707963705062866,-0.8772649765014648,-0.01654667966067791,-0.47972115874290466,-0.37653857469558716,0.6435523629188538,0.666377604007721,0.2913287878036499,0.09054870903491974,0.9523279070854187,0.0828782245516777,0.989378035068512,-0.11942495405673981,-0.9530261158943176,0.11371918022632599,0.2807298004627228,0.45040181279182434,-0.5467096567153931,0.7058659195899963,0.49555739760398865,0.8107153177261353,0.3117106854915619,-0.742671549320221,0.20940202474594116,0.636073648929596,0.8975120186805725,0.3444975018501282,-0.2753065228462219,-0.3777822256088257,0.9226864576339722,-0.07700837403535843,0.22749242186546326,0.1731218546628952,0.9582672119140625,0.3302572965621948,0.9007342457771301,0.2821487486362457,-0.6240874528884888,0.4326346218585968,-0.6506475210189819,-0.7081277966499329,0.0387955904006958,0.7050176858901978,0.11278036236763,0.4626367688179016,0.8793451189994812,0.09691713005304337,-0.8858934044837952,0.4536518156528473,0.9888820052146912,0.03406058996915817,-0.14474880695343018,0.22796228528022766,-0.9588247537612915,0.16937632858753204,0.47308990359306335,-0.04296793043613434,-0.8799657225608826,0.8510106801986694,0.2807292342185974,0.4438152313232422,0.8466095924377441,-0.5096507668495178,0.15332411229610443,0.5271731615066528,0.7634798288345337,-0.37307775020599365,0.07307950407266617,0.396679550409317,0.9150435328483582
34,0.5066723227500916,-0.7028704285621643,0.49925580620765686,0.7131284475326538,0.01624976471066475,-0.7008450627326965,-0.48449045419692993,-0.711132287979126,-0.5094701647758484,0.11960787326097488,0.4663155972957611,0.8764951229095459,-0.3174603283405304,0.8544474244117737,-0.411264568567276,-0.9406980872154236,-0.22906196117401123,0.25023534893989563,0.3699202537536621,0.9289692640304565,-0.013231910765171051,-0.9280558228492737,0.37014469504356384,0.041295114904642105,0.04325961694121361,-0.002995948074385524,0.9990593791007996,0.8582257032394409,-0.151667520403862,-0.4903525710105896,0.1538408249616623,0.9874337315559387,-0.03616069257259369,0.4896750748157501,-0.04440220817923546,0.8707736730575562,-0.047686152160167694,0.13406817615032196,0.989824116230011,0.004037968814373016,0.9909692406654358,-0.13402874767780304,-0.9988542199134827,-0.0023944363929331303,-0.04779687151312828,0.1396177113056183,-0.27440837025642395,0.9514236450195312,0.1572580337524414,0.9547848701477051,0.25230082869529724,-0.9776383638381958,0.11439334601163864,0.17645780742168427,0.03733163699507713,0.9618176817893982,-0.27113303542137146,-0.9973399639129639,0.018862800672650337,-0.07040735334157944,-0.06260470300912857,0.273040235042572,0.9599633812904358,-0.08239404112100601,-0.20475555956363678,-0.9753391146659851,0.9197939038276672,-0.39237403869628906,0.0046704113483428955,-0.38365402817726135,-0.896726131439209,0.2206622064113617,0.6960274577140808,0.10125134885311127,-0.7108402848243713,-0.2238479107618332,0.9712659120559692,-0.08083716034889221,0.6822300553321838,0.21538500487804413,0.6986926794052124,-0.08296716958284378,-0.5401198863983154,-0.8374884724617004,0.7982644438743591,-0.5390996336936951,0.26859915256500244,-0.5965654850006104,-0.6462523341178894,0.4758860468864441,0.8160198926925659,-0.06844168901443481,0.5739575028419495,0.08054359257221222,0.9967415928840637,0.004344413056969643,-0.5723847150802612,0.042683474719524384,0.8188735246658325,0.8497556447982788,0.49665582180023193,0.17677201330661774,-0.46614471077919006,0.864488959312439,-0.1880636364221573,-0.24622035026550293,0.07740679383277893,0.9661178588867188,0.3421854078769684,0.938183069229126,-0.052169378846883774,-0.8522050976753235,0.28648144006729126,-0.4378068447113037,-0.39579740166664124,0.19427013397216797,0.8975542187690735,-0.14715498685836792,-0.9727628231048584,-0.17910292744636536,-0.23111385107040405,0.2098773717880249,-0.9500199556350708,0.9617337584495544,-0.09840700775384903,-0.25570347905158997,-0.056378889828920364,0.6631948351860046,-0.746320366859436,-0.37205299735069275,0.6797134876251221,0.632112443447113,0.9264976978302002,0.3133085072040558,0.20842212438583374,0.6452117562294006,0.17737427353858948,-0.7431286573410034,-0.17626264691352844,0.9809955954551697,0.08111200481653214,0.743393063545227,0.07865139842033386,0.6642143130302429
35,0.45075756311416626,-0.25652194023132324,0.8549936413764954,0.8575663566589355,0.3903209865093231,-0.3350067138671875,0.24778538942337036,-0.8842206001281738,-0.3959246873855591,0.11791709065437317,0.38649865984916687,0.914720892906189,-0.21212148666381836,0.909689724445343,-0.35702812671661377,-0.9701030850410461,-0.1519322395324707,0.18925262987613678,0.5209508538246155,0.7187779545783997,-0.4604002833366394,-0.7181457281112671,0.6606144309043884,0.2187584787607193,0.4613858461380005,0.21667207777500153,0.8603349924087524,0.7341757416725159,0.6695128083229065,0.1128653958439827,-0.6788151860237122,0.7272341847419739,0.10168799757957458,-0.01399815920740366,-0.15127159655094147,0.9883931279182434,-0.049824103713035583,0.5551793575286865,0.8302369713783264,-0.3359070122241974,0.7735299468040466,-0.5374178290367126,-0.940576434135437,-0.3056587874889374,0.14794820547103882,0.9225420355796814,0.07284403592348099,-0.3789590001106262,-0.08299372345209122,0.9964948296546936,-0.010493212379515171,0.37686631083488464,0.041131649166345596,0.9253539443016052,0.8705883622169495,0.30761370062828064,-0.3839917480945587,-0.3280271291732788,0.9445789456367493,0.012991958297789097,0.3667070269584656,0.11464906483888626,0.9232451319694519,-0.5670631527900696,0.771278440952301,-0.28908300399780273,0.490737646818161,0.03448357433080673,-0.8706247210502625,-0.6615254282951355,-0.6355631351470947,-0.3980497419834137,0.7412856817245483,-0.06461305171251297,-0.6680723428726196,0.07254582643508911,0.997237503528595,-0.015952426940202713,0.66725754737854,-0.036640554666519165,0.7439252734184265,0.3486306369304657,0.0759056955575943,0.9341814517974854,0.0812128558754921,0.9905199408531189,-0.11079152673482895,-0.9337350726127625,0.11449286341667175,0.33916106820106506,0.1525556743144989,0.017630962654948235,0.9881376028060913,0.0690542459487915,0.9972070455551147,-0.028453867882490158,-0.9858794212341309,0.0725758969783783,0.1509121060371399,0.38069948554039,-0.057841647416353226,-0.9228879809379578,-0.006696252152323723,0.9978430867195129,-0.06530169397592545,0.9246745705604553,0.031040210276842117,0.37949103116989136,0.36889219284057617,0.9024413228034973,-0.2225269228219986,-0.9156182408332825,0.3116438090801239,-0.25401052832603455,-0.15988045930862427,0.2974522113800049,0.941254734992981,-0.07701343297958374,0.8593042492866516,0.5056334137916565,0.36164236068725586,-0.4485269784927368,0.8173361420631409,0.9291306138038635,0.2458043098449707,-0.2762182056903839,0.47207728028297424,-0.8208755850791931,0.3214130699634552,0.7686300277709961,0.20473472774028778,-0.6060458421707153,0.4316837787628174,0.5331481695175171,0.7276002168655396,0.926421046257019,0.34980475902557373,0.139214426279068,-0.37549105286598206,0.8853840827941895,0.27404654026031494,-0.027395443990826607,-0.3061562478542328,0.9515870213508606
36,-0.9129408597946167,-0.40737637877464294,0.02415582723915577,-0.1296384036540985,0.23337899148464203,-0.9637054204940796,0.38695335388183594,-0.8829375505447388,-0.2658728361129761,0.7789309024810791,0.17962214350700378,0.600834846496582,-0.13259641826152802,0.9836138486862183,-0.12215565890073776,-0.6129313707351685,0.015482264570891857,0.7899844646453857,-0.17259342968463898,0.8865979909896851,-0.42913347482681274,-0.8796312212944031,0.05731374770402908,0.47219064831733704,0.4432385265827179,0.45897620916366577,0.7699872851371765,-0.2791730463504791,0.6813887357711792,-0.6765883564949036,-0.32623976469039917,0.5953859686851501,0.7342228293418884,0.9031223654747009,0.425705224275589,0.056080397218465805,-0.8530164957046509,0.21466794610023499,-0.47568953037261963,-0.2816517651081085,0.5779902935028076,0.7658978700637817,0.4393576383590698,0.7873023152351379,-0.4325736463069916,-0.9470528364181519,-0.15323397517204285,0.2821528911590576,-0.07112489640712738,0.957058310508728,0.2810349464416504,-0.3131008744239807,0.24608683586120605,-0.9172835350036621,0.49013692140579224,0.8429569005966187,-0.2217869758605957,-0.8702630996704102,0.48757776618003845,-0.07007193565368652,0.049070779234170914,0.2273578643798828,0.9725741147994995,0.8044098019599915,-0.48071208596229553,0.34905701875686646,0.3380579650402069,0.8535560965538025,0.3964326083660126,-0.4885097146034241,-0.20089277625083923,0.8491173982620239,0.833687961101532,0.2226313203573227,-0.5053708553314209,-0.33425992727279663,0.931891143321991,-0.1408872753381729,0.4395847022533417,0.28638124465942383,0.851323127746582,-0.03876355662941933,0.8807350993156433,-0.4720202088356018,-0.5043135285377502,-0.425044447183609,-0.7516682147979736,-0.8626501560211182,0.2089088410139084,0.46064287424087524,0.13190017640590668,-0.0943368598818779,0.9867638349533081,0.1510884016752243,0.9857432842254639,0.0740433931350708,-0.9796808958053589,0.13932223618030548,0.14427292346954346,0.36800044775009155,0.4281095862388611,0.8254076838493347,-0.34669506549835205,0.8868626356124878,-0.30541324615478516,-0.8627735376358032,-0.17377255856990814,0.4747893214225769,0.5556660294532776,0.7328641414642334,-0.3926135003566742,-0.8011652231216431,0.5981935858726501,-0.017283426597714424,0.22219246625900269,0.3241521120071411,0.9195411205291748,-0.408880352973938,0.8072758316993713,-0.42558497190475464,0.29773926734924316,0.5588374137878418,0.7739845514297485,0.8626518249511719,0.1897537261247635,-0.4688553512096405,0.19553057849407196,0.12128119170665741,0.9731693863868713,-0.9112381339073181,0.38927483558654785,0.13457390666007996,-0.3625090718269348,-0.913102388381958,0.18663117289543152,0.209072545170784,-0.35232672095298767,0.912225067615509,0.7141938805580139,0.6922277808189392,0.10367178916931152,-0.6679938435554504,0.6298305988311768,0.39635542035102844
37,-0.561322808265686,-0.3029242753982544,0.7701646685600281,-0.8247353434562683,0.12742896378040314,-0.55097496509552,0.06876242160797119,-0.9444568753242493,-0.32136115431785583,-0.004264588933438063,0.4410354197025299,0.8974795341491699,-0.25532612204551697,0.867259681224823,-0.427398145198822,-0.9668455719947815,-0.23097266256809235,0.10890936106443405,-0.12847493588924408,0.8105995655059814,-0.5713340044021606,-0.8106129169464111,0.24605445563793182,0.5313792824745178,0.5713150501251221,0.531399667263031,0.6254706382751465,-0.322469562292099,0.7088239192962646,-0.6273611783981323,-0.3396776616573334,0.5319713950157166,0.7756452560424805,0.8835340738296509,0.46322256326675415,0.06922706216573715,-0.13144627213478088,0.06468649208545685,-0.9892105460166931,0.06315206736326218,0.99638831615448,0.05676421523094177,0.9893097281455994,-0.05500924959778786,-0.13505661487579346,-0.743914783000946,-0.6571953892707825,0.12118147313594818,0.4132675230503082,-0.3099142909049988,0.8562494516372681,-0.5251673460006714,0.6870570182800293,0.502147376537323,-0.39985913038253784,-0.7110726833343506,0.5783495903015137,0.4895675480365753,0.3677510619163513,0.7906217575073242,-0.7748782634735107,0.5992785096168518,0.20106950402259827,0.38704732060432434,-0.5503110885620117,0.7398324608802795,0.22691752016544342,0.8345411419868469,0.5020452737808228,-0.8937017321586609,-0.026434339582920074,0.44788214564323425,0.8815986514091492,0.22870197892189026,-0.41289135813713074,-0.31258782744407654,0.9383381605148315,-0.14768344163894653,0.35365620255470276,0.2592623233795166,0.8987270593643188,0.4856545031070709,0.7032256722450256,-0.5192431211471558,-0.8709475994110107,0.3384566605091095,-0.3562265932559967,-0.07476640492677689,0.6252365708351135,0.7768456935882568,-0.5219464302062988,0.06360901147127151,0.8506032228469849,0.09439310431480408,0.9953979849815369,-0.01651550456881523,-0.8477392792701721,0.07167086750268936,-0.5255486965179443,0.2203005850315094,0.64124596118927,0.7350314855575562,-0.48208069801330566,0.7266586422920227,-0.4894542396068573,-0.8479775190353394,-0.24651743471622467,0.46921560168266296,0.7026605606079102,0.5863925218582153,-0.40300363302230835,-0.633294939994812,0.7736128568649292,0.021462444216012955,0.32435423135757446,0.24013936519622803,0.9149466753005981,-0.12895269691944122,0.9916499257087708,0.0012778363889083266,0.2595578730106354,0.03250879794359207,0.9651802182197571,0.9570793509483337,0.12479427456855774,-0.2615826427936554,0.9359167814254761,0.16956433653831482,0.3087194859981537,-0.23267655074596405,0.9556598663330078,0.18048764765262604,-0.2644265592098236,-0.2407532036304474,0.9338718056678772,0.020496094599366188,-0.3027963936328888,0.9528348445892334,0.7058210372924805,0.6793621182441711,0.20070825517177582,-0.7080936431884766,0.6684171557426453,0.22764432430267334
38,-0.6698184013366699,-0.1115754097700119,0.7340942025184631,-0.3650500476360321,0.910398006439209,-0.19471505284309387,-0.6465924382209778,-0.3984048366546631,-0.6505318880081177,-0.19363932311534882,0.02829728275537491,0.9806646108627319,0.3039712607860565,0.952125072479248,0.03254755958914757,-0.9327943325042725,0.3043963611125946,-0.192970409989357,0.4494616687297821,0.7178882360458374,0.5316208004951477,-0.7446520328521729,0.6298268437385559,-0.22093328833580017,-0.49343445897102356,-0.2965714633464813,0.8176599740982056,0.0022617888171225786,0.9987170696258545,0.05058784410357475,-0.936522901058197,-0.015620634891092777,0.3502582907676697,0.35059913992881775,-0.048168882727622986,0.9352860450744629,-0.8215038776397705,0.49745696783065796,-0.2786896526813507,-0.5114801526069641,-0.8589181900024414,-0.025447290390729904,-0.25203055143356323,0.12163916975259781,0.9600440263748169,0.1368294656276703,0.07203502207994461,0.9879719614982605,-0.11821289360523224,0.9914128184318542,-0.05591396987438202,-0.9835158586502075,-0.10914035141468048,0.14416995644569397,0.7051472067832947,0.20111027359962463,-0.6799426674842834,-0.22279414534568787,0.9732095003128052,0.0567985437810421,0.6731494665145874,0.1114359200000763,0.7310621738433838,-0.06369505077600479,0.2665857672691345,0.9617041945457458,0.02783930115401745,0.9637606143951416,-0.26531198620796204,-0.9975810050964355,0.009874113835394382,-0.06880833953619003,0.9253451228141785,0.3199338912963867,-0.20341753959655762,-0.3603624701499939,0.9089297652244568,-0.209727481007576,0.11779332160949707,0.2673743665218353,0.9563658833503723,0.6665698289871216,0.29789742827415466,0.6833313703536987,-0.10627202689647675,0.9452911019325256,-0.3084331452846527,-0.7378284931182861,0.13297323882579803,0.661760687828064,-0.46334898471832275,-0.19260112941265106,0.8649927973747253,0.22548282146453857,0.9183464646339417,0.32526490092277527,-0.8570094704627991,0.34575217962265015,-0.3820866346359253,0.4491063952445984,-0.6421492099761963,0.6212469935417175,0.4400864243507385,0.7641028165817261,0.47166815400123596,-0.7775778770446777,0.061573177576065063,0.6257646083831787,0.5968070030212402,0.8003696203231812,-0.05683216452598572,-0.7748674750328064,0.5565023422241211,-0.29980921745300293,-0.2083309441804886,0.22296564280986786,0.9523048400878906,0.5242117047309875,0.5224521160125732,0.672492265701294,-0.7705778479576111,-0.04514777660369873,0.6357448101043701,0.36250776052474976,-0.8514725565910339,0.3789230287075043,0.31673815846443176,0.029047517105937004,0.9480681419372559,-0.6521133780479431,0.7325018644332886,0.19542038440704346,-0.688785195350647,-0.6801450252532959,0.2509535849094391,0.0010659131221473217,-0.42968863248825073,0.9029765129089355,0.9966779947280884,-0.07307835668325424,-0.03595144301652908,0.08143596351146698,0.900015115737915,0.42818331718444824
39,-0.3519008159637451,-0.47911420464515686,0.8041239976882935,0.853306770324707,0.18891341984272003,0.4859828054904938,0.3847510814666748,-0.8571822047233582,-0.34235262870788574,0.9417583346366882,0.06277867406606674,0.33037862181663513,-0.049189526587724686,0.9975699186325073,-0.049341779202222824,-0.3326733708381653,0.030216865241527557,0.9425578713417053,0.028477199375629425,0.9640295505523682,0.26426512002944946,-0.9793221950531006,0.07988031208515167,-0.1858687549829483,-0.20029254257678986,-0.25350767374038696,0.9463703036308289,-0.3012312948703766,0.6030870079994202,0.7386106848716736,-0.7669601440429688,0.30702096223831177,-0.5634804964065552,-0.5665967464447021,-0.7362229228019714,0.37005937099456787,-0.722079873085022,0.24673718214035034,-0.6463136672973633,-0.24471202492713928,0.7827399969100952,0.5722185969352722,0.6470831632614136,0.571348249912262,-0.504821240901947,-0.8194923400878906,0.5728088617324829,0.01795184426009655,-0.4239610433578491,-0.584870457649231,-0.6915082335472107,-0.38560256361961365,-0.5742965936660767,0.7221454977989197,0.7041612863540649,-0.6913565397262573,0.16181157529354095,0.6629438400268555,0.7217701077461243,0.19888032972812653,-0.254287987947464,-0.032771844416856766,0.9665731191635132,-0.3830733001232147,-0.8599376678466797,0.3372862637042999,-0.0351482592523098,0.37844526767730713,0.9249560832977295,-0.9230489730834961,0.3424709737300873,-0.17519758641719818,0.9480656385421753,-0.11250311136245728,0.29751402139663696,0.08662384748458862,0.9913272261619568,0.09882660210132599,-0.3060520589351654,-0.06792229413986206,0.9495887160301208,0.5314042568206787,0.03621528297662735,0.8463438749313354,0.06796230375766754,0.9940426349639893,-0.08520767837762833,-0.8443877100944519,0.10279920697212219,0.5257772207260132,0.8521803021430969,-0.20806841552257538,0.4801003038883209,0.2028500735759735,0.9771536588668823,0.06342420727014542,-0.4823283553123474,0.04333952069282532,0.87491774559021,0.2934126555919647,0.3160236179828644,-0.9022405743598938,-0.5571200847625732,0.8234761953353882,0.10725725442171097,0.7768694758415222,0.47118571400642395,0.4176814556121826,0.24754609167575836,0.8733833432197571,-0.4194311201572418,-0.9667856097221375,0.2510891258716583,-0.047747865319252014,0.06361240148544312,0.41731977462768555,0.9065305590629578,0.1604328155517578,0.34761059284210205,0.9238117933273315,-0.12066208571195602,-0.9220086932182312,0.3678867816925049,0.9796438217163086,-0.17049017548561096,-0.10597702860832214,0.8879411220550537,-0.4499884843826294,-0.09524168074131012,0.38682159781455994,0.8426012396812439,-0.3746894896030426,0.24885670840740204,0.2958606779575348,0.9222455024719238,0.4757952392101288,-0.8791089653968811,0.028041314333677292,0.537415623664856,0.26532888412475586,-0.8004904985427856,0.6962782144546509,0.3959394097328186,0.598689079284668
40,-0.03537488356232643,-0.5076932311058044,0.8608113527297974,0.9787079095840454,0.15666355192661285,0.1326175481081009,0.20218679308891296,-0.8471742272377014,-0.49134138226509094,0.6650319695472717,0.12088591605424881,0.7369661331176758,-0.0385216660797596,0.9910512566566467,-0.12780235707759857,-0.7458207011222839,0.05660348758101463,0.6637375354766846,0.17464958131313324,0.9378503561019897,0.299890398979187,-0.9538936018943787,0.23666509985923767,-0.18459858000278473,-0.2440994381904602,-0.253823459148407,0.9359428882598877,-0.17841732501983643,0.3540270924568176,0.9180588722229004,-0.36206015944480896,0.8439467549324036,-0.39581099152565,-0.9149205684661865,-0.40301209688186646,-0.022395610809326172,-0.5422643423080444,0.3068062961101532,-0.7821887731552124,-0.3110317885875702,0.7915102243423462,0.526090145111084,0.7805181741714478,0.5285654664039612,-0.33378127217292786,-0.7455139756202698,0.6276574730873108,-0.22417622804641724,-0.621532678604126,-0.7761601209640503,-0.10617255419492722,-0.2406366467475891,0.060179732739925385,0.9687478542327881,0.7674859166145325,-0.4090730547904968,0.49358344078063965,0.3738883435726166,0.9110624194145203,0.17370319366455078,-0.5207425951957703,0.05123034864664078,0.852175235748291,-0.3836444318294525,-0.9146603941917419,-0.12733139097690582,-0.09747134894132614,-0.09700577706098557,0.9904994964599609,-0.9183225631713867,0.3924107849597931,-0.05193745717406273,0.9645150899887085,-0.23983921110630035,0.11039817333221436,0.21837997436523438,0.9596811532974243,0.17698103189468384,-0.14839403331279755,-0.1465921252965927,0.9780030250549316,0.4773105978965759,-0.3105167746543884,0.8220425248146057,0.2271164059638977,0.9472920894622803,0.22595547139644623,-0.8488773107528687,0.07884839922189713,0.5226759910583496,0.5004069209098816,-0.11637885123491287,0.8579329252243042,0.14366167783737183,0.9883489608764648,0.05027621611952782,-0.8537881374359131,0.09809350967407227,0.5112958550453186,0.10457766801118851,0.23949408531188965,-0.965249240398407,-0.524002194404602,0.8381893038749695,0.1511966586112976,0.8452723026275635,0.48998090624809265,0.21315130591392517,0.25129514932632446,0.9049966931343079,-0.3432662785053253,-0.9658364057540894,0.21125291287899017,-0.1501074582338333,-0.0633307471871376,0.36926034092903137,0.9271655678749084,-0.11182967573404312,0.8601036667823792,0.49771052598953247,0.41062578558921814,-0.4160958528518677,0.8113265037536621,0.904920220375061,0.29510316252708435,-0.3066489100456238,0.5951665043830872,-0.4748540222644806,0.6482981443405151,0.6633965373039246,0.745620608329773,-0.06288845837116241,-0.45352160930633545,0.46750786900520325,0.7587848901748657,0.4242013692855835,-0.4493546187877655,0.7862147688865662,0.7824524641036987,0.6189399361610413,-0.06842135637998581,-0.4558742344379425,0.6442000865936279,0.6141538023948669
41,-0.011833286844193935,-0.5416510105133057,0.8405202031135559,0.9523432850837708,0.25012049078941345,0.17459110915660858,0.30479875206947327,-0.8025297522544861,-0.5128779411315918,0.7560742497444153,0.05121795833110809,0.6524786949157715,0.012084653601050377,0.9956707954406738,-0.09216104447841644,-0.6543742418289185,0.07756557315587997,0.7521820664405823,0.12438184767961502,0.8996038436889648,0.418619304895401,-0.9258316159248352,0.25696873664855957,-0.27713343501091003,-0.35688236355781555,-0.35310062766075134,0.8648438453674316,-0.06952805817127228,0.32682472467422485,0.9425239562988281,-0.31534937024116516,0.8891609311103821,-0.33158352971076965,-0.946425199508667,-0.32027870416641235,0.041242338716983795,0.35687118768692017,0.20012164115905762,0.9124660491943359,-0.09917580336332321,0.9793799519538879,-0.17600888013839722,-0.928874135017395,-0.02768205665051937,0.36935970187187195,0.9376768469810486,0.3134560286998749,0.1500249207019806,-0.307777464389801,0.949546217918396,-0.06029118224978447,-0.16135422885417938,0.010359355248510838,0.986842155456543,0.8027036190032959,0.4702499210834503,-0.3667858839035034,-0.5009987354278564,0.8653500080108643,0.01302468590438366,0.32352301478385925,0.17330430448055267,0.9302142262458801,-0.38448914885520935,-0.907929539680481,-0.16682954132556915,-0.10514388233423233,-0.1364736258983612,0.9850480556488037,-0.9171220660209656,0.3962813913822174,-0.042990606278181076,0.9603105187416077,-0.23353387415409088,0.1525307446718216,0.2059641182422638,0.9624469876289368,0.17684610188007355,-0.18810231983661652,-0.13841129839420319,0.9723475575447083,0.4483964443206787,-0.2135230302810669,0.8679565191268921,0.18530023097991943,0.9721583724021912,0.14342910051345825,-0.8744166493415833,0.09651945531368256,0.4754782021045685,0.5836977958679199,-0.2417476922273636,0.775148332118988,0.24141259491443634,0.963148832321167,0.11859279125928879,-0.7752527594566345,0.11790822446346283,0.6205487847328186,0.21479801833629608,0.3063925802707672,-0.9273539781570435,-0.5729767084121704,0.808476448059082,0.13440059125423431,0.7909231781959534,0.5024832487106323,0.34921497106552124,0.4522501826286316,0.8178699612617493,0.35575059056282043,-0.5665504932403564,0.571497917175293,-0.5936418175697327,-0.6888325810432434,0.06692395359277725,0.7218247056007385,0.7273752093315125,0.11095209419727325,-0.6772111654281616,-0.04219862446188927,0.9922071695327759,0.11723556369543076,0.684941291809082,-0.05669686198234558,0.7263889312744141,0.3225012421607971,0.9400970339775085,-0.11050119251012802,-0.6190840005874634,0.29779231548309326,0.7266737222671509,0.7160502076148987,-0.16594365239143372,0.6780374646186829,0.2719028890132904,-0.11269029974937439,0.9557037949562073,-0.19874291121959686,0.9651339650154114,0.17034567892551422,-0.9415785074234009,-0.23625683784484863,0.2400263100862503
42,-0.5670176148414612,-0.403247594833374,-0.7182495594024658,0.6051954030990601,0.38757023215293884,-0.6953616738319397,0.5587750673294067,-0.8289636373519897,0.024284454062581062,0.9899449944496155,0.013503063470125198,-0.14080695807933807,-0.010746312327682972,0.9997357726097107,0.020320281386375427,0.14104413986206055,-0.018602805212140083,0.9898285269737244,0.18635787069797516,0.9816656112670898,0.04004236310720444,-0.9824756383895874,0.18605588376522064,0.011173399165272713,0.0035184244625270367,-0.04142289608716965,0.9991354942321777,-0.5491631031036377,0.8346110582351685,0.04294523969292641,-0.6175602674484253,-0.43989571928977966,0.6520054340362549,0.5630623698234558,0.33153602480888367,0.7569971084594727,-0.8826599717140198,0.4085456132888794,0.2323831170797348,-0.007646516431123018,0.4818720817565918,-0.8762081861495972,-0.46994996070861816,-0.7751708030700684,-0.42220523953437805,-0.8514145612716675,-0.15332458913326263,-0.5015823245048523,0.16043470799922943,0.8343473076820374,-0.5273758172988892,0.4993535578250885,-0.5294866561889648,-0.6857768297195435,0.6893507838249207,0.41898512840270996,0.5909711718559265,-0.36289724707603455,0.9057634472846985,-0.21885649859905243,-0.6269777417182922,-0.06359291076660156,0.7764372825622559,0.6268934607505798,-0.2788732051849365,-0.727484941482544,0.57108473777771,0.7996371388435364,0.18558724224567413,0.5299686789512634,-0.5317989587783813,0.6605475544929504,0.8087547421455383,0.24203172326087952,-0.5360376834869385,-0.37253326177597046,0.9160699844360352,-0.1484411358833313,0.4551205635070801,0.319744348526001,0.8310407996177673,-0.11869039386510849,0.332181453704834,-0.9357179403305054,-0.9249622225761414,0.30567941069602966,0.22584280371665955,0.36105048656463623,0.8923091292381287,0.2709740996360779,0.7950559258460999,-0.2969754934310913,0.5288588404655457,0.28372645378112793,0.952750563621521,0.10846972465515137,-0.5360834002494812,0.06381174176931381,0.8417497277259827,0.3608083426952362,0.32167232036590576,0.8754109144210815,-0.27422958612442017,0.9337356686592102,-0.2300778031349182,-0.891412079334259,-0.15704956650733948,0.42511171102523804,0.40407565236091614,0.8388451337814331,0.3647761940956116,-0.5603625774383545,0.5421972274780273,-0.6261117458343506,-0.7229914665222168,0.04858959838747978,0.689146101474762,0.8994371294975281,-0.09624341875314713,-0.4263215661048889,0.056175075471401215,0.9928190112113953,-0.10561593621969223,0.43342500925064087,0.07104624807834625,0.8983847498893738,0.060032352805137634,0.0793914645910263,0.9950342178344727,-0.9845443367958069,0.1690097600221634,0.045914579182863235,-0.16452527046203613,-0.9824116826057434,0.08831047266721725,0.34625229239463806,0.14599193632602692,-0.9267123341560364,-0.19548703730106354,0.9773613214492798,0.08093023300170898,0.9175479412078857,0.1531379669904709,0.36695313453674316
43,-0.577244758605957,-0.5055082440376282,0.6412877440452576,0.6073952317237854,0.2590826451778412,0.7509641647338867,0.5457651019096375,-0.8230052590370178,-0.15748919546604156,0.9749284982681274,0.1760561764240265,-0.13608318567276,-0.1717493236064911,0.9842078685760498,0.042860303074121475,0.141479954123497,-0.018413538113236427,0.9897698760032654,0.02640600875020027,0.762040913105011,0.6469902396202087,-0.8135561943054199,0.3924722671508789,-0.4290592074394226,-0.5808864235877991,-0.5150331854820251,0.6303267478942871,-0.2785411775112152,0.4545736312866211,0.846036434173584,-0.540471076965332,0.6539904475212097,-0.529327392578125,-0.7939180135726929,-0.6046977043151855,0.06352062523365021,-0.8910127878189087,0.2463366538286209,-0.38133254647254944,-0.43678411841392517,-0.2361840456724167,0.8680073618888855,0.12375735491514206,0.9399656057357788,0.3180389404296875,-0.831352710723877,0.29042115807533264,0.4738229811191559,-0.20936745405197144,0.6261023283004761,-0.7511066198348999,-0.5147989392280579,-0.7236376404762268,-0.4597071409225464,0.5845211744308472,-0.8112509846687317,-0.01438047643750906,0.8009207844734192,0.5740604400634766,0.17023657262325287,-0.12984932959079742,-0.11102450639009476,0.9852982759475708,-0.23128965497016907,-0.7889212369918823,0.5693051815032959,0.06472142040729523,0.5713986754417419,0.8181165456771851,-0.9707297682762146,0.22606812417507172,-0.08109850436449051,0.9520308375358582,0.001997141633182764,0.3059956133365631,-0.006222621072083712,0.9998982548713684,0.012834133580327034,-0.30593883991241455,-0.014122584834694862,0.9519464373588562,0.6098861694335938,0.7670744061470032,0.19908708333969116,-0.507394552230835,0.5709357261657715,-0.6454325318336487,-0.6087607145309448,0.29262468218803406,0.7374151945114136,0.7542586922645569,-0.33176863193511963,0.5665892958641052,0.3147996962070465,0.9400236010551453,0.13136492669582367,-0.5761901140213013,0.07927900552749634,0.8134616017341614,-0.017320729792118073,0.35823753476142883,-0.9334697723388672,-0.7257982492446899,0.6376251578330994,0.25816863775253296,0.6876895427703857,0.6819823980331421,0.24896404147148132,0.6682888269424438,0.4964754581451416,0.5539875030517578,-0.29917603731155396,0.8611986041069031,-0.4108900725841522,-0.6810901165008545,0.10885346680879593,0.724062979221344,0.16313590109348297,0.005232905503362417,0.9865897297859192,-0.4951455295085907,0.8653658628463745,0.07728403061628342,-0.853356659412384,-0.5011132955551147,0.14376328885555267,-0.0692029520869255,0.8813985586166382,0.46727675199508667,-0.561416506767273,-0.4215955138206482,0.7120875716209412,0.8246347308158875,-0.21305832266807556,0.5240073204040527,0.5942414999008179,-0.2162380963563919,-0.7746729254722595,-0.0073774391785264015,0.9616740942001343,-0.274095743894577,0.8042528629302979,0.16859416663646698,0.5698713660240173
44,-0.7779847383499146,-0.6250494718551636,-0.06366244703531265,0.06421046704053879,-0.17989778518676758,0.9815874099731445,0.6249934434890747,-0.7595722079277039,-0.1800924390554428,0.7247871160507202,0.03486742451786995,-0.6880900263786316,0.0377148799598217,0.9952132701873779,0.09015648066997528,0.6879398822784424,-0.09129548817873001,0.7200027108192444,-0.840409517288208,-0.3046588599681854,0.4482128918170929,0.24740372598171234,0.520159900188446,0.8174503445625305,-0.48218587040901184,0.797882616519928,-0.36177361011505127,0.004013048950582743,-0.9996281862258911,0.02696903422474861,0.9439770579338074,-0.0051126847974956036,-0.32997140288352966,0.3299866020679474,0.026782341301441193,0.9436056017875671,-0.9099618196487427,0.01815834827721119,0.4142942428588867,0.12301845848560333,0.9658902883529663,0.22786493599414825,-0.3960251212120056,0.25831422209739685,-0.8811571002006531,-0.8847194910049438,-0.11227632313966751,-0.4523996412754059,0.05791662633419037,0.9365571737289429,-0.34569692611694336,0.46251168847084045,-0.3320462703704834,-0.8220877051353455,0.659582793712616,0.4599785804748535,-0.594449520111084,-0.513109028339386,0.8534771800041199,0.09108149260282516,0.5492446422576904,0.24494163691997528,0.7989580035209656,-0.5823781490325928,0.44770950078964233,0.6785218715667725,0.15726271271705627,0.8809555768966675,-0.44630223512649536,-0.7975614070892334,-0.15321046113967896,-0.5834572911262512,0.870872437953949,-0.26534050703048706,-0.4137337803840637,0.3418865501880646,0.9317805171012878,0.12206026166677475,0.3531215488910675,-0.2477489411830902,0.9021782875061035,0.6758347153663635,-0.6987193822860718,-0.23460324108600616,0.7111346125602722,0.5344879627227783,0.4567386507987976,-0.19373953342437744,-0.47551432251930237,0.8581090569496155,0.6368125677108765,-0.10189034044742584,0.7642565965652466,0.12234720587730408,0.9920244216918945,0.030311111360788345,-0.7612496018409729,0.07420216500759125,0.644199550151825,-0.48926427960395813,0.4390486478805542,-0.7535626888275146,-0.8721275329589844,-0.24259208142757416,0.42490309476852417,0.0037447912618517876,0.8650926947593689,0.501598060131073,-0.41137048602104187,-0.15139667689800262,0.898806631565094,0.4367046058177948,0.8328168988227844,0.3401544690132141,-0.8000396490097046,0.5324425101280212,-0.27648067474365234,0.23388181626796722,0.21166206896305084,-0.9489459991455078,-0.011850976385176182,0.9765638709068298,0.2149013876914978,0.9721928238868713,-0.03901558741927147,0.23090893030166626,0.5825871825218201,0.43979477882385254,0.683500349521637,-0.7872366309165955,0.5144637823104858,0.3399786353111267,-0.20211535692214966,-0.7361437082290649,0.6459425687789917,-0.4457840621471405,-0.10327142477035522,0.8891634345054626,0.8239419460296631,0.3408857583999634,0.4526771306991577,-0.3498517572879791,0.9344152808189392,-0.0668717697262764
45,-0.8412963151931763,-0.46844032406806946,-0.2697853147983551,-0.029116053134202957,0.537614107131958,-0.8426881432533264,0.5397894978523254,-0.7010954022407532,-0.4659319221973419,-0.3149348497390747,0.9372419118881226,-0.1496448516845703,-0.8516466021537781,-0.2094632238149643,0.4804406464099884,0.41894403100013733,0.27875202894210815,0.8641662001609802,-0.1664200872182846,-0.9669166803359985,-0.1933300942182541,0.9482816457748413,-0.10319144278764725,-0.3001890778541565,0.2703078091144562,-0.23328886926174164,0.9340824484825134,0.2291179746389389,0.3740568161010742,0.8986581563949585,-0.3880157768726349,0.8817939162254333,-0.268110454082489,-0.8927198052406311,-0.2872646152973175,0.3471747934818268,-0.8414992094039917,0.28041404485702515,-0.46178680658340454,-0.4381822943687439,0.14575104415416718,0.8869909048080444,0.3160306215286255,0.9487489461898804,0.0002230897662229836,-0.955174446105957,-0.2395707368850708,0.17391854524612427,-0.06789496541023254,0.7490907311439514,0.658979058265686,-0.28815287351608276,0.617631733417511,-0.7317779660224915,0.9448079466819763,0.12118151783943176,-0.30438950657844543,-0.12656724452972412,0.9919558763504028,0.002053248230367899,0.30218976736068726,0.03658581152558327,0.9525454640388489,0.19597771763801575,0.5075714588165283,0.839025616645813,-0.07687699049711227,0.8609365820884705,-0.5028698444366455,-0.9775902628898621,0.03404952213168144,0.20774495601654053,0.9244521260261536,0.3065595328807831,0.22673667967319489,-0.2593659460544586,0.9414516687393188,-0.21540214121341705,-0.2794952094554901,0.14032119512557983,0.9498381018638611,0.5446925759315491,-0.3075646460056305,-0.780201256275177,0.6673369407653809,0.7223967909812927,0.1811196208000183,0.5079088807106018,-0.6193116307258606,0.5987333655357361,0.11779021471738815,-0.2627277970314026,0.9576531648635864,0.27142903208732605,0.9361613392829895,0.22344617545604706,-0.9552233815193176,0.23361510038375854,0.18158259987831116,0.5897859930992126,0.37736764550209045,0.7139650583267212,-0.32114624977111816,0.920787513256073,-0.2213943749666214,-0.7409572005271912,-0.09871189296245575,0.664257824420929,0.13232867419719696,0.8156677484512329,-0.5631831884384155,-0.9539141058921814,0.25918078422546387,0.15123891830444336,0.26932695508003235,0.5172151327133179,0.8123739957809448,0.6014415621757507,0.21180102229118347,-0.7703300714492798,-0.059159595519304276,0.9733780026435852,0.221439391374588,0.7967234253883362,-0.08761043101549149,0.5979600548744202,0.5814666152000427,0.7297642230987549,0.3596397936344147,-0.7774056792259216,0.36805295944213867,0.5100759267807007,0.2398686558008194,-0.5761781334877014,0.781333327293396,0.45107120275497437,-0.6085798740386963,0.6528133749961853,0.8915584683418274,0.3406358063220978,-0.2984807789325714,-0.04072222113609314,0.7166573405265808,0.6962355375289917
46,-0.7938095927238464,-0.6073359847068787,-0.03177032247185707,0.11163646727800369,-0.1968664973974228,0.9740538597106934,0.597832441329956,-0.7696665525436401,-0.22407536208629608,0.6528953313827515,0.3642621338367462,-0.6641089916229248,-0.2700616121292114,0.9310973286628723,0.24520297348499298,0.7076682448387146,0.019258467480540276,0.7062823176383972,-0.6552727222442627,-0.2574484050273895,0.7101675868034363,0.16954255104064941,0.8660213351249695,0.47038534283638,-0.7361202239990234,0.42863428592681885,-0.5238316655158997,-0.1284348964691162,-0.6170739531517029,0.776353120803833,0.894566535949707,0.2658309042453766,0.3592835068702698,-0.4280831515789032,0.740644097328186,0.5178717374801636,-0.9007110595703125,0.34805020689964294,0.2599627375602722,0.039548359811306,0.6616262793540955,-0.7487900853157043,-0.4326147139072418,-0.6641624569892883,-0.6096988916397095,-0.84398353099823,-0.24435487389564514,-0.4774751663208008,0.3852284252643585,0.3432686924934387,-0.8566012382507324,0.3732169568538666,-0.906894326210022,-0.19558067619800568,0.9025088548660278,-0.32328128814697266,-0.28454703092575073,0.34124118089675903,0.9398635625839233,0.014524483121931553,0.262739896774292,-0.11020764708518982,0.9585520625114441,-0.5906679034233093,0.5705205202102661,0.5706292390823364,0.19758957624435425,0.7879089713096619,-0.5832305550575256,-0.7823488712310791,-0.2317451536655426,-0.5781214237213135,0.6616882085800171,-0.2024316042661667,-0.7219350337982178,0.32096076011657715,0.9466565847396851,0.028732148930430412,0.6776082515716553,-0.25072455406188965,0.691364049911499,0.9150533080101013,-0.29546067118644714,0.27455487847328186,0.2510555386543274,0.9500097036361694,0.18561425805091858,-0.31567153334617615,-0.10091841965913773,0.9434865713119507,0.6207112669944763,0.02765241451561451,0.7835514545440674,0.015074439346790314,0.9987722039222717,-0.047189418226480484,-0.7838943004608154,0.04110260307788849,0.6195323467254639,-0.25977790355682373,0.6454802751541138,-0.7182413935661316,-0.9648913741111755,-0.14367136359214783,0.2198709398508072,0.03873162716627121,0.750142514705658,0.6601409316062927,0.01294624712318182,0.4324781894683838,0.9015514254570007,0.09543590247631073,0.8969764709472656,-0.4316540062427521,-0.9953513741493225,0.09162867069244385,-0.02966146543622017,0.2195851057767868,0.4008394181728363,-0.8894436955451965,-0.01881565898656845,0.913265585899353,0.4069298803806305,0.9754118919372559,-0.07262026518583298,0.20808157324790955,0.671339213848114,0.30750909447669983,0.6743454933166504,-0.6266400218009949,0.721357524394989,0.29489925503730774,-0.3957599997520447,-0.6205493211746216,0.6769731044769287,0.7282673716545105,-0.6540355086326599,0.20460747182369232,0.6527635455131531,0.5711608529090881,-0.4976695775985718,0.2086297869682312,0.4959968030452728,0.842888355255127
47,-0.5369943380355835,-0.06262341141700745,0.8412582278251648,0.2888813614845276,0.9232945442199707,0.253129780292511,0.7925810217857361,-0.37895306944847107,0.4777132272720337,0.9749624729156494,-0.21784371137619019,-0.04463506489992142,0.21740984916687012,0.9759739637374878,-0.014413747005164623,0.046702608466148376,0.004348759539425373,0.9988994002342224,-0.39662522077560425,0.8594642877578735,-0.3225052058696747,-0.8483290076255798,-0.20893099904060364,0.48650363087654114,0.3507511615753174,0.4665501117706299,0.8119757771492004,-0.06829649955034256,0.9958423376083374,0.06027914956212044,-0.9266664385795593,-0.08570557087659836,0.36598336696624756,0.369627982378006,-0.030863286927342415,0.9286671280860901,-0.7278792262077332,0.5030784010887146,-0.46594417095184326,-0.6698858141899109,-0.37658241391181946,0.6398739218711853,0.14644037187099457,0.7778803706169128,0.611111581325531,-0.771256685256958,0.30661970376968384,0.5578059554100037,-0.2382664531469345,0.6735503673553467,-0.6996849179267883,-0.5902475714683533,-0.6725431084632874,-0.4464230239391327,0.27791154384613037,-0.5469586849212646,0.7896843552589417,0.4499688446521759,0.8004245162010193,0.39604124426841736,-0.8487008810043335,0.24526891112327576,0.468561589717865,-0.41552814841270447,0.32834306359291077,0.8482494950294495,0.0910860002040863,0.942905604839325,-0.32036295533180237,-0.9050081372261047,-0.05585616081953049,-0.4217112362384796,0.9571976661682129,0.25260770320892334,-0.14128679037094116,-0.27470967173576355,0.9466218948364258,-0.16864629089832306,0.09114381670951843,0.20024068653583527,0.9754980802536011,0.907360851764679,-0.4163946807384491,0.057547520846128464,0.38668474555015564,0.8805125951766968,0.27417609095573425,-0.16483677923679352,-0.22652390599250793,0.9599561095237732,0.2678837776184082,-0.16495506465435028,0.9492250084877014,0.19482484459877014,0.9741548299789429,0.11430519819259644,-0.9435473084449768,0.1543121188879013,0.2930976152420044,-0.37757420539855957,-0.4309641122817993,-0.8195777535438538,0.745520830154419,0.38348209857940674,-0.5451056361198425,0.5492143630981445,-0.8168300986289978,0.17649975419044495,-0.5069589614868164,0.432513564825058,-0.7456035614013672,-0.14218461513519287,0.8111894726753235,0.5672346949577332,0.8501624464988708,0.39357805252075195,-0.34974297881126404,0.6308426260948181,0.7203673124313354,-0.288285493850708,-0.2964809238910675,0.5671449899673462,0.7684046030044556,0.7170332074165344,-0.3992712199687958,0.5713543891906738,0.9065709114074707,0.10411456227302551,-0.4090101420879364,-0.11383532732725143,0.9934994578361511,0.0005817956989631057,0.40641191601753235,0.046032361686229706,0.9125296473503113,0.5063104033470154,-0.8605263829231262,-0.056072335690259933,0.4988026022911072,0.34528255462646484,-0.7949691414833069,0.7034527063369751,0.37453213334083557,0.6040529608726501
48,0.37566304206848145,0.35411348938941956,-0.8564350008964539,0.9125562906265259,0.019810501486063004,0.4084709584712982,0.16161148250102997,-0.9349926114082336,-0.31570643186569214,0.17455734312534332,0.8227326273918152,-0.540962815284729,-0.6821556687355042,0.4972372353076935,0.536114513874054,0.7100657820701599,0.2754381000995636,0.6480281352996826,0.5627357363700867,0.6982419490814209,0.44247791171073914,-0.7159581184387207,0.6792476177215576,-0.1613277941942215,-0.41319790482521057,-0.22601072490215302,0.8821488618850708,-0.35538604855537415,0.5947676301002502,-0.7210771441459656,-0.29097941517829895,0.6627092361450195,0.6900343894958496,0.888274610042572,0.4550471901893616,-0.06245246157050133,0.4290953576564789,0.8657711744308472,-0.25752177834510803,-0.897788405418396,0.4401266574859619,-0.016262290999293327,0.0992627739906311,0.23817814886569977,0.9661356210708618,0.25850194692611694,0.6808261871337891,-0.6853119730949402,-0.8166916966438293,0.5329233407974243,0.2213762104511261,0.5159374475479126,0.5024623870849609,0.6937867999076843,0.2777644693851471,-0.38912898302078247,0.8783083558082581,0.29919615387916565,0.9038539528846741,0.30582621693611145,-0.912868320941925,0.17783883213996887,0.3674844205379486,-0.40196219086647034,-0.0021041857544332743,-0.9156538248062134,-0.770209550857544,0.5415685176849365,0.33686918020248413,0.4951804578304291,0.8406539559364319,-0.2193107306957245,0.9822376370429993,-0.013721304945647717,-0.18713875114917755,0.013264112174510956,0.9999052286148071,-0.003695085644721985,0.18717171251773834,0.0011472228216007352,0.9823265671730042,0.7914034128189087,-0.6032839417457581,0.09863609820604324,0.5128979682922363,0.7431049346923828,0.42980313301086426,-0.3325903117656708,-0.28955742716789246,0.8975188732147217,0.4592905640602112,0.6159384250640869,-0.6400562524795532,-0.6827302575111389,0.7057403922080994,0.18923501670360565,0.5682706832885742,0.3500719368457794,0.7446597218513489,0.06677015125751495,-0.5830447673797607,0.8096916675567627,0.2489827424287796,0.7955666780471802,0.5523415803909302,-0.9662035703659058,0.16471931338310242,0.1982881873846054,0.18235783278942108,0.6826173663139343,0.707657516002655,-0.20672926306724548,0.7302564382553101,-0.6511440277099609,-0.9612537026405334,-0.027552304789423943,0.2742849588394165,0.14756529033184052,0.6285213828086853,-0.7636657357215881,-0.005381997674703598,0.772617518901825,0.634848952293396,0.9890376925468445,-0.08957161754369736,0.11739422380924225,0.43492960929870605,-0.11442620307207108,0.8931645154953003,-0.17190365493297577,0.9630995988845825,0.20709490776062012,-0.8839035034179688,-0.2436099499464035,0.39921024441719055,0.7478665113449097,0.5880959630012512,-0.30795902013778687,-0.4458467662334442,0.7886638641357422,0.4233556091785431,0.4918498694896698,-0.17931096255779266,0.852016031742096
49,-0.455247700214386,-0.7334858179092407,-0.5047257542610168,0.2306525558233261,0.4503694474697113,-0.8625350594520569,0.8599703311920166,-0.5090833902359009,-0.03584928810596466,0.8551769256591797,-0.3891042470932007,-0.34244754910469055,0.3952583372592926,0.9169337749481201,-0.054802630096673965,0.3353256583213806,-0.08848930895328522,0.9379372596740723,-0.2750513255596161,0.9095670580863953,-0.31150364875793457,-0.9136102795600891,-0.14636161923408508,0.37933430075645447,0.2994377911090851,0.3889293372631073,0.8712468147277832,-0.48033979535102844,0.44661447405815125,-0.754857063293457,-0.17328917980194092,0.7953553199768066,0.5808448791503906,0.8597933053970337,0.40981146693229675,-0.3046473264694214,0.005598501767963171,0.6154206991195679,0.7881789207458496,-0.3976152837276459,0.7245745658874512,-0.5629332065582275,-0.917535126209259,-0.31024041771888733,0.24875719845294952,-0.9535321593284607,-0.0988197922706604,-0.28462448716163635,0.2994261682033539,-0.20585963129997253,-0.9316468238830566,0.0334724560379982,-0.9735792279243469,0.22588300704956055,0.45055294036865234,0.8533944487571716,0.26214492321014404,-0.7797294855117798,0.5191680192947388,-0.3499807119369507,-0.4347688555717468,-0.04671730846166611,0.8993294835090637,-0.0690930038690567,0.7711554765701294,0.632886528968811,-0.014268324710428715,0.6335738301277161,-0.7735506296157837,-0.99750816822052,-0.06247716769576073,-0.03277242183685303,-0.627619743347168,0.08956868946552277,-0.7733504772186279,0.7221750617027283,0.43801307678222656,-0.5353575944900513,0.2907863259315491,-0.8944953680038452,-0.339589923620224,-0.2679392993450165,-0.9383160471916199,-0.2185671031475067,0.21478910744190216,-0.2793295979499817,0.9358635544776917,-0.9391880631446838,0.20380878448486328,0.2763834297657013,0.448248028755188,-0.43611255288124084,0.7803073525428772,0.41113802790641785,0.875690221786499,0.2532433867454529,-0.7937501072883606,0.2072981745004654,0.5718288421630859,0.4226205348968506,0.6396260857582092,0.6420828104019165,-0.5080704689025879,0.7538750767707825,-0.41657739877700806,-0.7505040168762207,-0.15016914904117584,0.6435782313346863,0.29972729086875916,0.9538725018501282,0.01705256476998329,-0.8091921806335449,0.26365232467651367,-0.5250670909881592,-0.5053430199623108,0.14357812702655792,0.8508899807929993,-0.11763318628072739,0.2860855758190155,-0.9509561061859131,0.03854280710220337,0.9581983685493469,0.28349658846855164,0.9923088550567627,-0.0033039108384400606,-0.1237424686551094,0.5640724301338196,0.22690840065479279,0.7939363121986389,-0.6356394290924072,0.7330410480499268,0.24210190773010254,-0.5270529389381409,-0.6412202715873718,0.5577201843261719,0.48591408133506775,-0.1383717805147171,0.8629836440086365,0.02581564337015152,0.9892295002937317,0.1440783590078354,-0.8736252188682556,-0.047731224447488785,0.4842526912689209
50,-0.5879911780357361,-0.14740817248821259,0.7953221201896667,0.17891432344913483,0.9351974129676819,0.3056067228317261,0.7888320684432983,-0.3219885528087616,0.5235143899917603,0.9069362878799438,-0.42101043462753296,-0.014724967069923878,0.42052483558654785,0.906858503818512,-0.027685673907399178,0.02500941976904869,0.01891692727804184,0.9995082020759583,-0.5480139851570129,0.645118772983551,-0.53244948387146,-0.6819460391998291,0.0240397360175848,0.7310072779655457,0.48438647389411926,0.7637040615081787,0.42676207423210144,-0.13945980370044708,0.9375432729721069,-0.3186904788017273,-0.731454610824585,0.11940333247184753,0.6713545918464661,0.6674766540527344,0.32673460245132446,0.6691184043884277,-0.5782809257507324,-0.5842193961143494,0.5694549083709717,0.4447580873966217,0.35940638184547424,0.8203763365745544,-0.6839454770088196,0.7276776432991028,0.051998455077409744,-0.6719849109649658,0.3166937530040741,-0.66943359375,-0.6527748703956604,0.17360535264015198,0.7373914122581482,0.3497445285320282,0.9325053691864014,0.09006953984498978,0.8138909935951233,0.3309485614299774,-0.4775504767894745,-0.3646630644798279,0.9308407306671143,0.023587901145219803,0.4523298144340515,0.15494704246520996,0.8782876133918762,-0.3888164162635803,0.24802613258361816,0.8873019814491272,0.08766458183526993,0.9686719179153442,-0.23235665261745453,-0.9171350598335266,-0.012559122405946255,-0.3983786702156067,0.9508658647537231,0.28455987572669983,-0.12198258191347122,-0.3039920926094055,0.9327837824821472,-0.19365762174129486,0.05867617949843407,0.22122415900230408,0.9734562039375305,0.8814287185668945,-0.4560135006904602,0.12302470952272415,0.3996196985244751,0.858863890171051,0.320401132106781,-0.25176873803138733,-0.23324768245220184,0.9392592906951904,0.22470210492610931,-0.3686741292476654,0.9019913077354431,0.3605553209781647,0.8914210796356201,0.2745329439640045,-0.9052672386169434,0.2635296583175659,0.3332315981388092,0.3689150810241699,-0.6209100484848022,-0.6916447281837463,0.7804351449012756,0.6110774874687195,-0.13230758905410767,0.5047996044158936,-0.490973562002182,0.7100157141685486,-0.4423578083515167,0.5160898566246033,-0.7334649562835693,-0.6155078411102295,0.42011481523513794,0.6668235659599304,0.652280330657959,0.7464280128479004,0.1318162977695465,0.44479262828826904,-0.1244921013712883,-0.8869392275810242,0.024478768929839134,0.9916123747825623,-0.12690827250480652,0.8952990174293518,0.03473668545484543,0.4441092908382416,0.709305465221405,0.6126082539558411,-0.3487074673175812,-0.4731924831867218,0.7804685235023499,0.4086046516895294,0.5224698185920715,-0.12481974810361862,0.8434721827507019,0.9546892046928406,-0.2894064784049988,0.06937185674905777,0.29754412174224854,0.9329040050506592,-0.20287351310253143,-0.006004380527883768,0.21432232856750488,0.976744532585144
51,-0.6944267749786377,-0.6507875919342041,0.3069966733455658,0.17954018712043762,0.2564416229724884,0.9497383832931519,0.6968047022819519,-0.7146419882774353,0.06123737990856171,0.8086902499198914,-0.23021183907985687,-0.5413155555725098,0.25894367694854736,0.965599000453949,-0.023806989192962646,0.5281744003295898,-0.12091775983572006,0.8404824137687683,-0.43034401535987854,0.778742790222168,0.45646870136260986,-0.8274176716804504,-0.13818253576755524,-0.5443211793899536,-0.36081022024154663,-0.6119356155395508,0.7038115859031677,-0.23812945187091827,0.8575860857963562,0.45589521527290344,-0.9691673517227173,-0.17921671271324158,-0.16910362243652344,-0.06331688165664673,-0.4821073114871979,0.8738211989402771,0.963463306427002,-0.2577435076236725,-0.07284750044345856,0.26076212525367737,0.9647555947303772,0.035351138561964035,0.06116851046681404,-0.05305539444088936,0.9967163801193237,0.11929835379123688,0.888558566570282,0.4429803192615509,-0.7993150949478149,0.35061392188072205,-0.4880218207836151,-0.588951051235199,-0.2958606481552124,0.7520659565925598,-0.39903074502944946,0.8834196329116821,0.24565069377422333,-0.6620147228240967,-0.09219814091920853,-0.7437983751296997,-0.6344375610351562,-0.4594227969646454,0.6216266751289368,-0.45913779735565186,0.7968307733535767,0.3927508294582367,0.205908864736557,0.5255210399627686,-0.8254872560501099,-0.8641724586486816,-0.2981415092945099,-0.4053611159324646,0.8982834815979004,-0.2853042781352997,-0.334197998046875,0.3479567766189575,0.9263115525245667,0.14447472989559174,0.268352210521698,-0.24606572091579437,0.9313639402389526,0.8190889954566956,-0.5076305270195007,-0.2672162353992462,0.5732489228248596,0.7420440912246704,0.3475000262260437,0.021884610876441002,-0.437814861536026,0.8987987637519836,0.7082974314689636,-0.3910869359970093,0.5876783132553101,0.37080997228622437,0.9145269393920898,0.1616799384355545,-0.600678563117981,0.10339950025081635,0.7927760481834412,-0.48956507444381714,0.1154349073767662,-0.8642920851707458,-0.6608532667160034,0.5975231528282166,0.4541355073451996,0.5688576102256775,0.7934991717338562,-0.21624091267585754,0.30852240324020386,0.9488109946250916,0.06761349737644196,-0.7792006134986877,0.29285991191864014,-0.5541475415229797,-0.5455825328826904,0.11828245222568512,0.8296679854393005,-0.16857701539993286,0.29386621713638306,-0.9408636689186096,0.04578808695077896,0.9558285474777222,0.29033634066581726,0.984624445438385,0.005863686092197895,-0.17458629608154297,0.5918457508087158,0.24917764961719513,0.7665697336196899,-0.6316683888435364,0.7341434359550476,0.24905511736869812,-0.5007131695747375,-0.6316201090812683,0.5918973088264465,0.7926042675971985,-0.47412940859794617,0.38337942957878113,0.5835510492324829,0.772141695022583,-0.2515261769294739,-0.1767672747373581,0.423082172870636,0.8886814713478088
52,-0.6951236128807068,-0.7063006162643433,0.1339500993490219,0.1794082224369049,0.009994366206228733,0.9837239384651184,0.6961435675621033,-0.7078414559364319,-0.11976881325244904,0.8331851363182068,-0.2005443423986435,-0.5153489112854004,0.22704321146011353,0.9738122224807739,-0.011882229708135128,0.5042359828948975,-0.10710638016462326,0.8568980693817139,-0.645154595375061,0.6920010447502136,0.32389822602272034,-0.7310989499092102,-0.43595921993255615,-0.524817943572998,-0.2219681590795517,-0.5753903985023499,0.7871823310852051,0.35846248269081116,-0.4530847370624542,-0.8162223100662231,0.3947700560092926,0.8658746480941772,-0.30727455019950867,0.8459676504135132,-0.21207372844219208,0.4892478585243225,0.9870865345001221,-0.1409638226032257,-0.07608804851770401,0.1429082155227661,0.9895190596580505,0.020717881619930267,0.07237010449171066,-0.03132394701242447,0.9968858361244202,0.19403047859668732,0.7074918150901794,0.6795641779899597,-0.6362735629081726,0.6180180907249451,-0.46174630522727966,-0.7466647028923035,-0.34279584884643555,0.5700726509094238,-0.49273017048835754,0.7558943629264832,0.4310924708843231,-0.4849216043949127,0.1728338599205017,-0.8573094606399536,-0.7225427031517029,-0.6314682960510254,0.2813890278339386,-0.4484535753726959,-0.13150212168693542,0.8840795159339905,0.04396521672606468,0.9846749901771545,0.16876673698425293,-0.8927241563796997,0.11455278843641281,-0.4357995092868805,0.7996883988380432,0.571894645690918,-0.18285228312015533,-0.5932596921920776,0.705747127532959,-0.3872517943382263,-0.09241977334022522,0.4181596636772156,0.9036598205566406,0.6231327652931213,-0.6764147877693176,-0.3926430940628052,0.7713170647621155,0.44833967089653015,0.45173174142837524,-0.12952055037021637,-0.5843411684036255,0.8011053800582886,0.7885774374008179,-0.19390936195850372,0.5835621356964111,0.1967690885066986,0.9786551594734192,0.059295713901519775,-0.5826041102409363,0.06806772947311401,0.8099007606506348,-0.35049429535865784,0.3670389652252197,-0.861647367477417,-0.8749879002571106,0.19975925981998444,0.441012978553772,0.33399099111557007,0.908503532409668,0.25114017724990845,0.15717707574367523,0.8531897664070129,0.4973556399345398,-0.39964067935943604,0.5154874920845032,-0.7579973936080933,-0.9030961990356445,-0.07962372899055481,0.42199212312698364,0.19398905336856842,0.6638222336769104,-0.7222937941551208,-0.029011178761720657,0.7398403286933899,0.6721566915512085,0.9805746078491211,-0.10943645238876343,0.16277919709682465,0.8323043584823608,0.07371865957975388,0.5493951439857483,-0.2004333734512329,0.9640806317329407,0.17428410053253174,-0.5168132185935974,-0.25517454743385315,0.8171842098236084,0.8437644839286804,-0.5332667231559753,0.06072979420423508,0.5086241960525513,0.7583442330360413,-0.4076952636241913,0.1713562309741974,0.3748874366283417,0.9110962748527527
53,-0.6910944581031799,-0.6974833607673645,0.1894870400428772,0.1759529709815979,0.09192417562007904,0.9800971746444702,0.7010199427604675,-0.7106805443763733,-0.05919598788022995,0.8345069885253906,-0.1997591257095337,-0.5135118365287781,0.22567161917686462,0.9741269946098328,-0.012202653102576733,0.5026633143424988,-0.10570184886455536,0.8579957485198975,-0.632184624671936,0.7432241439819336,0.2189989686012268,-0.7626229524612427,-0.546913206577301,-0.3453870713710785,-0.1369265764951706,-0.38536199927330017,0.9125498533248901,-0.19429312646389008,0.9025450348854065,0.38426899909973145,-0.9807436466217041,-0.186635822057724,-0.05752355605363846,0.019800759851932526,-0.3880458176136017,0.9214273691177368,0.9788438081741333,-0.19651612639427185,-0.0569753497838974,0.19834843277931213,0.9797182083129883,0.02846337854862213,0.05022627115249634,-0.03916217386722565,0.9979697465896606,0.11607342958450317,0.8156838417053223,0.5667334794998169,-0.727211594581604,0.45843952894210815,-0.5108782052993774,-0.6765280961990356,-0.3528357446193695,0.6463873982429504,0.40407171845436096,0.8846575617790222,-0.23260927200317383,-0.9146612882614136,0.3938155472278595,-0.0911264717578888,0.010989426635205746,0.24958032369613647,0.9682917594909668,-0.5231262445449829,0.673615038394928,0.5220935940742493,0.20163603127002716,0.6930345892906189,-0.6921314597129822,-0.8280590772628784,-0.25679925084114075,-0.49836963415145874,0.9067569375038147,-0.2518630623817444,-0.33816689252853394,0.3077366352081299,0.9435652494430542,0.12240435183048248,0.28825339674949646,-0.2150573432445526,0.9330918192863464,0.8610043525695801,-0.45655643939971924,0.2241153120994568,0.3736429512500763,0.8667747378349304,0.3302915096282959,-0.3450542092323303,-0.20064331591129303,0.9168859720230103,0.7704308032989502,-0.32222679257392883,0.5500965714454651,0.3099750876426697,0.9433382153511047,0.11844190955162048,-0.5570923089981079,0.07926494628190994,0.826659083366394,-0.44788676500320435,0.22939950227737427,-0.8641604781150818,-0.790585994720459,0.34979531168937683,0.5026102066040039,0.4175778031349182,0.9083056449890137,0.024691352620720863,0.24794310331344604,0.9281894564628601,0.277468204498291,-0.6169069409370422,0.37210720777511597,-0.6935142278671265,-0.7469605207443237,0.0007800154271535575,0.6648679375648499,-0.11476664245128632,0.4116137623786926,-0.9041032791137695,0.05181894823908806,0.9113584160804749,0.4083389341831207,0.9920400381088257,1.4008627658768091e-05,-0.12592293322086334,0.5489648580551147,0.140692338347435,0.823919415473938,-0.5404883623123169,0.811665952205658,0.22151914238929749,-0.6375812888145447,-0.5669251084327698,0.521618664264679,0.8141882419586182,-0.5321134924888611,0.23227734863758087,0.5803482532501221,0.7340648174285889,-0.3526255786418915,0.017130190506577492,0.4219053387641907,0.9064780473709106
54,-0.7335988879203796,-0.5629497170448303,0.380683958530426,0.11093524843454361,0.4534587860107422,0.8843463659286499,0.6704670190811157,-0.6909868121147156,0.27020591497421265,0.7836042642593384,-0.24821236729621887,-0.5695217251777649,0.27959129214286804,0.9595344662666321,-0.03350072726607323,0.5547910332679749,-0.1329820156097412,0.821293294429779,-0.34328120946884155,0.9016443490982056,0.26305025815963745,-0.9187717437744141,-0.2642236351966858,-0.29333311319351196,-0.19497807323932648,-0.3423789143562317,0.9191083908081055,-0.3650672137737274,0.8073155879974365,0.4636458158493042,-0.9306187629699707,-0.30255675315856934,-0.20593222975730896,-0.025973135605454445,-0.5066565871238708,0.8617566227912903,0.95246422290802,-0.28059104084968567,-0.11866167187690735,0.28634360432624817,0.9575153589248657,0.03423018008470535,0.10401568561792374,-0.06658103317022324,0.9923445582389832,0.1190725564956665,0.9542739391326904,0.2741950750350952,-0.8773205280303955,0.23042792081832886,-0.42096513509750366,-0.4648982584476471,-0.19043156504631042,0.8646417856216431,0.20893417298793793,0.7605669498443604,-0.6147230863571167,-0.8971838355064392,0.3991919457912445,0.1889628767967224,0.3891114294528961,0.5120387673377991,0.7657731771469116,-0.46335041522979736,0.7721379995346069,0.4348670244216919,0.19691945612430573,0.5681672692298889,-0.7990047931671143,-0.8640191555023193,-0.2845854163169861,-0.4153095483779907,0.8554377555847168,-0.20787747204303741,-0.4743556082248688,0.2723277509212494,0.9596128463745117,0.07057478278875351,0.4405268430709839,-0.18955253064632416,0.8774998188018799,0.7891871333122253,-0.4694705605506897,0.395955890417099,0.34266233444213867,0.8716292381286621,0.3504924774169922,-0.5096726417541504,-0.14092496037483215,0.8487484455108643,0.6292874217033386,-0.483237624168396,0.608669638633728,0.4506179094314575,0.864970326423645,0.22083903849124908,-0.6331988573074341,0.1353061944246292,0.7620704770088196,-0.6279645562171936,-0.08162343502044678,-0.7739496827125549,-0.23492100834846497,0.9679750800132751,0.08852335810661316,0.7419384121894836,0.23740658164024353,-0.6270291209220886,0.17187196016311646,0.8279353976249695,-0.5338379740715027,-0.9661219716072083,0.2475719153881073,0.07291403412818909,0.19253139197826385,0.5032207369804382,0.8424372673034668,-0.2575650215148926,0.14701049029827118,-0.9550121426582336,0.030987655743956566,0.9891067147254944,0.14390155673027039,0.9657639861106873,0.007470419164747,-0.25931480526924133,0.5864143371582031,0.2971448600292206,0.7535403966903687,-0.6795685887336731,0.6867292523384094,0.25804945826530457,-0.44080018997192383,-0.663406252861023,0.6046381592750549,0.8138040900230408,-0.4009303152561188,0.42068731784820557,0.5082206726074219,0.8420771956443787,-0.18060383200645447,-0.2818416357040405,0.3607781231403351,0.8890469074249268
55,-0.7275940179824829,-0.6372368931770325,0.25403958559036255,0.15386253595352173,0.2092934250831604,0.9656720757484436,0.6685307025909424,-0.7417044043540955,0.054233767092227936,0.8143209218978882,-0.13679493963718414,-0.5640643239021301,0.1708022952079773,0.9852757453918457,0.007635929621756077,0.5547143220901489,-0.1025615781545639,0.8256955742835999,-0.37225979566574097,0.7287181615829468,0.5747977495193481,-0.7964194416999817,0.06721043586730957,-0.6009981632232666,-0.47659072279930115,-0.6815075874328613,0.5553455948829651,-0.33858776092529297,0.5853648781776428,0.7366859912872314,-0.7946744561195374,0.2413334846496582,-0.5570014715194702,-0.5038360953330994,-0.7740194201469421,0.38346198201179504,0.9884811639785767,-0.13758669793605804,0.06304648518562317,0.1363876760005951,0.990389347076416,0.02296305261552334,-0.06559997797012329,-0.014099781401455402,0.9977464079856873,0.276220440864563,0.9327824711799622,0.23155808448791504,-0.874585747718811,0.3438510298728943,-0.34185701608657837,-0.3984997272491455,-0.10808949917554855,0.9107769131660461,-0.48163902759552,0.8730619549751282,0.07606983929872513,-0.6830977201461792,-0.31962645053863525,-0.6566706895828247,-0.5490003228187561,-0.3682413697242737,0.7503312230110168,-0.48616889119148254,0.7776927947998047,0.3985394835472107,0.21623043715953827,0.5489420890808105,-0.807407557964325,-0.8466901183128357,-0.3063600957393646,-0.4350394308567047,0.8870067000389099,-0.2950938642024994,-0.35516008734703064,0.3643380403518677,0.9198002815246582,0.14568889141082764,0.28368446230888367,-0.2586253583431244,0.9233829379081726,0.8521639108657837,-0.41869598627090454,-0.3138636350631714,0.5059161186218262,0.8124461770057678,0.28979307413101196,0.1336621344089508,-0.4057398736476898,0.9041623473167419,0.7433435916900635,-0.2600898742675781,0.6162739396095276,0.2576330900192261,0.9615557193756104,0.09505677968263626,-0.6173050403594971,0.0881127119064331,0.7817740440368652,-0.47289055585861206,0.1447286605834961,-0.8691536784172058,-0.6994889378547668,0.5381752252578735,0.4701942801475525,0.5358076095581055,0.8303138017654419,-0.15326189994812012,0.26334136724472046,0.9459328055381775,0.18937376141548157,-0.6887402534484863,0.3218044340610504,-0.6496758460998535,-0.6754910349845886,0.040657199919223785,0.7362464666366577,-0.18768589198589325,0.3384404480457306,-0.9220802783966064,0.055360518395900726,0.9409156441688538,0.3340853452682495,0.980667769908905,0.011656259186565876,-0.1953328251838684,0.5616941452026367,0.19464229047298431,0.8041231632232666,-0.5954458713531494,0.7698967456817627,0.22957181930541992,-0.5744073987007141,-0.6077609658241272,0.5483454465866089,0.7913802266120911,-0.46265655755996704,0.3995826542377472,0.5763809084892273,0.782511293888092,-0.23550182580947876,-0.20372147858142853,0.41668328642845154,0.8859303593635559
56,-0.7341992259025574,-0.3847634196281433,0.5593823790550232,0.17212779819965363,0.691506028175354,0.7015635967254639,0.6567522883415222,-0.611372709274292,0.44147467613220215,0.7748382091522217,-0.16108669340610504,-0.6112911105155945,0.20143093168735504,0.9794987440109253,-0.002793817315250635,0.5992088913917542,-0.12096817791461945,0.7914009094238281,-0.17762939631938934,0.9771744012832642,0.11652477830648422,-0.9812573194503784,-0.16688135266304016,-0.09635692089796066,-0.07471169531345367,-0.13145661354064941,0.988502562046051,-0.334860622882843,0.907188355922699,0.25471100211143494,-0.9144790172576904,-0.37805062532424927,0.1442423164844513,0.22714859247207642,-0.18462678790092468,0.9561989903450012,0.9700075387954712,-0.2092759907245636,-0.12364839762449265,0.2140575498342514,0.9764590263366699,0.026591584086418152,0.1151726171374321,-0.05226191133260727,0.9919697642326355,0.39691346883773804,0.9109154939651489,-0.11266171932220459,-0.9152527451515198,0.3835567533969879,-0.12327466905117035,-0.0690806433558464,0.15204331278800964,0.9859567284584045,0.29758012294769287,0.5668822526931763,-0.7681735157966614,-0.7063954472541809,0.6720126271247864,0.222271129488945,0.6422238945960999,0.47649085521698,0.6004206538200378,-0.09141916781663895,0.9706766605377197,-0.22232721745967865,-0.1289123147726059,-0.2329193502664566,-0.9639139771461487,-0.987433135509491,-0.05945950374007225,0.14642545580863953,0.6677091121673584,-0.6807773113250732,0.30117568373680115,0.43707138299942017,0.6860160231590271,0.5816791653633118,-0.6026053428649902,-0.2567571699619293,0.7556074261665344,0.9515671133995056,-0.22958175837993622,-0.20448054373264313,0.26521366834640503,0.9493957757949829,0.16825388371944427,0.15550494194030762,-0.21433588862419128,0.9643020033836365,0.6526252031326294,-0.49829283356666565,0.5707754492759705,0.46420201659202576,0.8583379983901978,0.21856889128684998,-0.5988295674324036,0.1223115622997284,0.7914815545082092,-0.43017587065696716,-0.14371293783187866,-0.8912324905395508,0.056090738624334335,0.9810845255851746,-0.1852753609418869,0.9010008573532104,-0.12969087064266205,-0.4139779210090637,0.14933474361896515,0.6206274032592773,-0.7697536945343018,-0.7089196443557739,0.6098946332931519,0.354205459356308,0.6892982721328735,0.4927983283996582,0.531053364276886,-0.23191815614700317,-0.09747236222028732,-0.9678394198417664,-0.012935533188283443,0.9951879382133484,-0.09712699055671692,0.9726492762565613,-0.010005994699895382,-0.23206301033496857,0.6934847831726074,0.5777133107185364,0.4304952025413513,-0.7200864553451538,0.5753036141395569,0.38794490694999695,-0.02354450337588787,-0.5790276527404785,0.8149678707122803,0.7371941208839417,-0.21508283913135529,0.6405343413352966,0.26324230432510376,0.9645033478736877,0.020900418981909752,-0.6222928166389465,0.15320807695388794,0.7676450610160828
57,-0.7492592334747314,-0.2762138843536377,0.6019273400306702,0.19665957987308502,0.7750879526138306,0.6004695296287537,0.6324046850204468,-0.5682821273803711,0.5264216661453247,0.7001808881759644,-0.11480499058961868,-0.7046747207641602,0.17729444801807404,0.9840302467346191,0.015846464782953262,0.6916020512580872,-0.13603031635284424,0.709353506565094,-0.030819421634078026,0.9906627535820007,0.13280633091926575,-0.995917022228241,-0.019156640395522118,-0.08821731060743332,-0.08484947681427002,-0.1349828839302063,0.9872083067893982,-0.6567894220352173,0.7042856216430664,0.26946133375167847,-0.6641987562179565,-0.7095001339912415,0.2354772686958313,0.3570261001586914,-0.024316901341080666,0.9337778091430664,0.9964090585708618,-0.08306383341550827,0.016411956399679184,0.08286336809396744,0.9964820146560669,0.012540069408714771,-0.01739584468305111,-0.011135089211165905,0.9997866749763489,0.553715169429779,0.6825258731842041,-0.47703033685684204,-0.7495795488357544,0.6580473184585571,0.0714436024427414,0.3626706600189209,0.3180127739906311,0.8759782314300537,-0.4429311752319336,0.6516344547271729,-0.6157795786857605,-0.8722093105316162,-0.15421630442142487,0.4641856253147125,0.20751608908176422,0.7426909804344177,0.636668860912323,0.07183917611837387,0.7772809267044067,-0.625038743019104,-0.5750433802604675,-0.47974926233291626,-0.6626958250999451,-0.8149627447128296,0.40703192353248596,0.41250547766685486,0.35479241609573364,-0.26120877265930176,0.8977150321006775,0.03742079809308052,0.9633774161338806,0.2655252516269684,-0.9341959357261658,-0.060613133013248444,0.351573646068573,0.9015588164329529,-0.4015894830226898,-0.16098934412002563,0.4317401647567749,0.8592547178268433,0.2743752598762512,0.02814462222158909,-0.3168710172176361,0.9480509757995605,0.638093113899231,-0.39717257022857666,0.6596143841743469,0.37474751472473145,0.9085720777511597,0.18455646932125092,-0.672607958316803,0.12942464649677277,0.7285929918289185,-0.44492992758750916,-0.17876337468624115,-0.8775426149368286,0.17539536952972412,0.943505585193634,-0.28112924098968506,0.8782219886779785,-0.2789997160434723,-0.3884396255016327,0.15809424221515656,0.5977955460548401,-0.7859050035476685,-0.6487464904785156,0.6629095673561096,0.37373635172843933,0.7444018721580505,0.4507675766944885,0.49261996150016785,0.3001605272293091,0.23323969542980194,-0.9249339699745178,-0.021110989153385162,0.971032440662384,0.23801332712173462,0.9536550641059875,-0.051915936172008514,0.29638952016830444,0.7720448970794678,0.5651607513427734,-0.2907577157020569,-0.45439934730529785,0.8106833696365356,0.36920684576034546,0.4443736672401428,-0.15292413532733917,0.8826926350593567,0.9853910207748413,0.006917429156601429,-0.1701664924621582,-0.01087882835417986,0.99969083070755,-0.022358158603310585,0.16995921730995178,0.02388274110853672,0.9851616621017456
58,-0.557269811630249,-0.15565070509910583,0.8156121969223022,0.21903768181800842,0.9199225306510925,0.3252154290676117,0.8009200096130371,-0.35988253355026245,0.4785516560077667,0.8717036843299866,-0.44583502411842346,-0.20338095724582672,0.4454667866230011,0.893889307975769,-0.05021170526742935,0.20418620109558105,-0.04682973772287369,0.977811336517334,-0.386166512966156,0.9196135997772217,-0.07201588153839111,-0.917007565498352,-0.37427300214767456,0.1379014253616333,0.09986241906881332,0.11929202079772949,0.9878243207931519,-0.0628657415509224,0.9526103138923645,0.29762643575668335,-0.9948139190673828,-0.08370409160852432,0.05778271704912186,0.07995696365833282,-0.2924503982067108,0.9529321193695068,-0.7105941772460938,0.4508403539657593,-0.5401840806007385,-0.6434422135353088,-0.1057676300406456,0.7581526041030884,0.2846717834472656,0.8863160610198975,0.36524757742881775,-0.7715398669242859,0.6347453594207764,-0.042715054005384445,-0.5097875595092773,-0.6570256352424622,-0.5553683042526245,-0.380582332611084,-0.4067131578922272,0.8305067420005798,0.2813069522380829,0.638410747051239,0.7164482474327087,-0.5137302279472351,0.7307882308959961,-0.44947725534439087,-0.8105230331420898,-0.24162006378173828,0.5335467457771301,0.012623392976820469,0.9459327459335327,-0.32411715388298035,-0.3029184341430664,-0.3052934408187866,-0.9027936458587646,-0.9529328942298889,0.10957738757133484,0.28268662095069885,0.6971955895423889,-0.07050877809524536,0.7134051322937012,0.005245758220553398,0.9956265091896057,0.09327532351016998,-0.7168617844581604,-0.06128879263997078,0.6945163011550903,0.8397583961486816,-0.5391718745231628,0.06402724236249924,0.4778676927089691,0.7899124622344971,0.38429251313209534,-0.2577756345272064,-0.29211631417274475,0.9209885001182556,0.11611982434988022,-0.46648281812667847,0.876875102519989,0.4309000074863434,0.8190987706184387,0.37868502736091614,-0.8948974013328552,0.33387264609336853,0.2961210608482361,-0.32879793643951416,-0.37497803568840027,-0.8667660355567932,0.6292595267295837,0.5973935127258301,-0.49714529514312744,0.7042189836502075,-0.708881139755249,0.0395367294549942,-0.27733343839645386,0.36386629939079285,-0.8892061114311218,-0.04441042244434357,0.9196661710739136,0.3901817798614502,0.959746778011322,0.1477004736661911,-0.2388947308063507,0.5103090405464172,0.13257385790348053,-0.8497110605239868,-0.027886107563972473,0.9900776147842407,0.13772666454315186,0.8595388531684875,-0.04658803343772888,0.5089425444602966,0.7415831089019775,0.3975899815559387,-0.5403487086296082,-0.3241618275642395,0.9175525903701782,0.23025275766849518,0.5873445272445679,0.004408861510455608,0.8093249797821045,0.7249795794487,0.6687899231910706,-0.16469541192054749,-0.524554431438446,0.6910773515701294,0.49724721908569336,0.4463711977005005,-0.2741023898124695,0.851833701133728
59,-0.6315531730651855,-0.08174349367618561,0.7710114121437073,0.21474160254001617,0.9370823502540588,0.27525031566619873,0.7450010776519775,-0.3394034504890442,0.5742636322975159,0.9396831393241882,-0.30180826783180237,-0.16095755994319916,0.30203360319137573,0.9530035853385925,-0.023661505430936813,0.16053436696529388,-0.02638026885688305,0.9866776466369629,-0.420310914516449,0.7669134736061096,-0.48495617508888245,-0.7861718535423279,-0.04092740640044212,0.6166512966156006,0.45307016372680664,0.6404441595077515,0.6201279759407043,-0.12962721288204193,0.9776403307914734,-0.16557838022708893,-0.8202804923057556,-0.011913154274225235,0.5718373656272888,0.5570786595344543,0.2099463939666748,0.8034835457801819,-0.6345468163490295,-0.33183804154396057,0.698021411895752,0.2878625690937042,0.736686646938324,0.6119051575660706,-0.7172764539718628,0.5892167091369629,-0.37193840742111206,-0.7613528370857239,0.06349977105855942,-0.6452206373214722,-0.4004231095314026,0.7366445064544678,0.5449919700622559,0.5099050998687744,0.6732923984527588,-0.5354195833206177,0.8643698692321777,0.2134857177734375,-0.4552895724773407,-0.23401807248592377,0.9721634984016418,0.011563741602003574,0.4450846016407013,0.09655063599348068,0.8902683258056641,-0.3868328034877777,0.664695680141449,0.6391714215278625,0.12465750426054001,0.7244625091552734,-0.6779487729072571,-0.9136853218078613,-0.1825753152370453,-0.3631051480770111,0.9809490442276001,0.02124854177236557,-0.1930994987487793,-0.02709188312292099,0.9992499351501465,-0.027670474722981453,0.19236668944358826,0.032374754548072815,0.9807889461517334,0.8973537683486938,-0.3981078565120697,0.19043734669685364,0.33958274126052856,0.8985008001327515,0.2781723737716675,-0.2818507254123688,-0.18494978547096252,0.9414636492729187,0.1976087987422943,-0.29379549622535706,0.9352192282676697,0.3055899441242218,0.9249533414840698,0.2260003387928009,-0.9314320087432861,0.2411339282989502,0.27255985140800476,0.3025200366973877,-0.34664613008499146,-0.8878727555274963,0.4343402683734894,0.8793180584907532,-0.19531577825546265,0.8484280705451965,-0.32655197381973267,0.41657373309135437,-0.552498459815979,0.4823184609413147,-0.6797899603843689,-0.6165175437927246,0.3123883605003357,0.7227168679237366,0.5609381794929504,0.8184023499488831,0.12476371228694916,0.817294180393219,0.5672415494918823,-0.10132715851068497,-0.39503058791160583,0.6795896887779236,0.6181493997573853,0.4195009469985962,-0.4651826024055481,0.7795024514198303,0.2657965123653412,-0.10099830478429794,-0.9587239027023315,-0.19157050549983978,0.9691295027732849,-0.15520548820495605,0.9448031187057495,0.22491629421710968,0.23824293911457062,0.9978170990943909,0.06600799411535263,-0.00200069323182106,-0.06583567708730698,0.9966703057289124,0.04810331389307976,0.005169234704226255,-0.047866590321063995,0.9988403916358948
60,-0.6566320657730103,-0.22630883753299713,0.71945720911026,0.15168951451778412,0.8948005437850952,0.41990748047828674,0.7387994527816772,-0.3848588168621063,0.5532260537147522,0.8440605998039246,-0.48443734645843506,-0.22996124625205994,0.48402994871139526,0.8728430867195129,-0.06212864816188812,0.2308175265789032,-0.05886778607964516,0.9712146520614624,-0.5019375085830688,0.5861527323722839,-0.6359903216362,-0.6330966353416443,0.2519986927509308,0.7319052815437317,0.5892770290374756,0.7700140476226807,0.2446037232875824,-0.3019891679286957,0.7729193568229675,-0.5580306649208069,-0.46337103843688965,0.3925493657588959,0.7944760918617249,0.8331205248832703,0.49849843978881836,0.23960278928279877,-0.8344171643257141,0.35279566049575806,-0.4234185218811035,-0.5459762215614319,-0.42428115010261536,0.7224233150482178,0.07521932572126389,0.8339788317680359,0.5466455221176147,-0.90526282787323,0.37908509373664856,0.1918168067932129,-0.20116101205348969,0.015219416469335556,-0.9794399738311768,-0.3742104470729828,-0.9252366423606873,0.062479570508003235,0.36691322922706604,0.03318442776799202,0.9296631217002869,-0.024739686399698257,0.9993581771850586,-0.025908105075359344,-0.9299261569976807,-0.013493547216057777,0.3674986958503723,-0.4524880349636078,0.5651437044143677,0.6898312568664551,0.1365755796432495,0.808343768119812,-0.5726495385169983,-0.8812500834465027,-0.1649029701948166,-0.4429507255554199,0.9634440541267395,-0.004546588286757469,-0.26787105202674866,0.00010750535147963092,0.9998624920845032,-0.01658405177295208,0.26790961623191833,0.015949008986353874,0.963312029838562,0.9008865356445312,-0.40295976400375366,0.1613285392522812,0.35023847222328186,0.8943951725959778,0.2781910300254822,-0.2563912570476532,-0.19411508738994598,0.946880578994751,0.16888481378555298,-0.48561760783195496,0.8577024340629578,0.44280847907066345,0.8148212432861328,0.37414830923080444,-0.880567193031311,0.3166099488735199,0.35264652967453003,0.41637834906578064,-0.10834603011608124,-0.9027127027511597,0.07016189396381378,0.9937424659729004,-0.08690933138132095,0.9064801931381226,-0.027148865163326263,0.4213746190071106,-0.14769290387630463,0.6450358629226685,-0.749743640422821,-0.7812004089355469,0.38882172107696533,0.48840922117233276,0.606558084487915,0.6578346490859985,0.4464761018753052,0.5708609223365784,0.15944519639015198,-0.8054160475730896,-0.04069240391254425,0.9852513074874878,0.16620464622974396,0.8200377225875854,-0.06210542842745781,0.5689296722412109,0.5689181685447693,0.8128248453140259,0.12509164214134216,-0.7147799134254456,0.4134933650493622,0.5640150308609009,0.4067208468914032,-0.4102913737297058,0.8162347078323364,0.375368595123291,-0.6826814413070679,0.6269326210021973,0.9107053279876709,0.14585672318935394,-0.3864474594593048,0.17237816751003265,0.716011106967926,0.6764716506004333
61,0.12338998168706894,-0.3369058072566986,0.9334180951118469,-0.8577257394790649,0.4368455708026886,0.2710581421852112,-0.499080628156662,-0.8340626358985901,-0.23507040739059448,-0.5780953168869019,0.3359088897705078,0.7436202168464661,0.003243389306589961,0.9122723937034607,-0.40957120060920715,-0.8159627914428711,-0.23435933887958527,-0.5284699201583862,0.6459634304046631,0.708225429058075,-0.28486478328704834,-0.7071847915649414,0.695705771446228,0.12602829933166504,0.2874385118484497,0.12004237622022629,0.9502467513084412,-0.6158382296562195,-0.5008643865585327,-0.6081761121749878,0.35198771953582764,0.5156989097595215,-0.7811269164085388,0.7048743963241577,-0.6951183080673218,-0.14128898084163666,-0.7913943529129028,0.4731121063232422,0.38711750507354736,-0.09347764402627945,0.5321569442749023,-0.8414694666862488,-0.604116678237915,-0.7021210193634033,-0.376920610666275,0.8708646893501282,-0.3499489426612854,-0.34515270590782166,0.36222410202026367,0.9315887093544006,-0.03059598244726658,0.33224740624427795,-0.09837767481803894,0.9380477070808411,0.7438837885856628,0.6658304333686829,-0.05750396102666855,-0.6674204468727112,0.7357041239738464,-0.11527960747480392,-0.034450773149728775,0.12413395196199417,0.9916672110557556,0.1767728328704834,0.6680415272712708,0.7228221893310547,-0.11686237901449203,0.7434383034706116,-0.658515453338623,-0.9772893786430359,0.03193693235516548,0.2094886153936386,0.9171029925346375,-0.21943849325180054,0.33281955122947693,0.16410590708255768,0.968658983707428,0.1864645630121231,-0.3633061647415161,-0.11638955026865005,0.9243711829185486,0.9390364289283752,-0.19097204506397247,0.2859025299549103,0.16477593779563904,0.9798052310943604,0.11327216774225235,-0.30176061391830444,-0.05925683677196503,0.9515404105186462,-0.8243095278739929,-0.29064908623695374,0.48583635687828064,0.2069127857685089,0.6441208720207214,0.7364071011543274,-0.5269733667373657,0.7075530886650085,-0.4708159565925598,0.5604354739189148,0.0654524713754654,0.8256076574325562,-0.09376044571399689,0.9954776167869568,-0.01527334749698639,-0.8228736519813538,-0.06884961575269699,0.5640378594398499,0.30100640654563904,0.7903465628623962,0.5336173176765442,-0.4016891121864319,0.6125872135162354,-0.6807222366333008,-0.8648936152458191,-0.009446495212614536,0.5018662810325623,-0.007521789986640215,-0.29392531514167786,0.9557988047599792,-0.755744993686676,-0.6242433190345764,-0.1979134976863861,0.654822826385498,-0.7238287925720215,-0.21743716299533844,0.6243544816970825,0.12905098497867584,-0.7704072594642639,-0.1949949413537979,0.9807842373847961,0.006263189483433962,0.7564115524291992,0.1463150680065155,0.6375213265419006,0.8828785419464111,-0.10479190200567245,0.45775988698005676,0.10331123322248459,0.9942449927330017,0.028350120410323143,-0.45809632539749146,0.022262023761868477,0.8886237740516663
62,0.24912242591381073,-0.018369585275650024,0.9682977795600891,0.17232418060302734,-0.9830245971679688,-0.06298431009054184,-0.95301753282547,-0.18255192041397095,0.24172794818878174,-0.7650139927864075,0.5138465762138367,0.3882206976413727,-0.4208085238933563,0.057491548359394073,-0.9053258895874023,-0.4875180125236511,-0.8559535145759583,0.1722491830587387,0.5848984122276306,0.80917888879776,0.05588690936565399,-0.810377836227417,0.5859041810035706,-0.002014660509303212,-0.03437459468841553,-0.04411114379763603,0.9984350800514221,0.9834644198417664,0.08910785615444183,-0.1576625257730484,-0.08478353917598724,0.9958205819129944,0.033957622945308685,0.16002948582172394,-0.02002892643213272,0.986909031867981,-0.8377368450164795,0.5201358199119568,-0.1663001924753189,-0.3752937316894531,-0.7696139812469482,-0.5165742039680481,-0.3966756761074066,-0.37034180760383606,0.839937686920166,0.9353649020195007,0.04004363715648651,0.35141006112098694,-0.04345043748617172,0.999053955078125,0.0018105966737493873,-0.35100510716438293,-0.01696249097585678,0.9362198710441589,0.48356765508651733,0.34702789783477783,-0.8035757541656494,-0.4096818268299103,0.9010179042816162,0.14257459342479706,0.7735134959220886,0.26026588678359985,0.5778741836547852,0.03725370019674301,-0.15375791490077972,-0.9874060153961182,0.9430030584335327,0.3323904871940613,-0.0161811001598835,0.3306923508644104,-0.9305240511894226,0.1573769450187683,0.8931780457496643,-0.44017308950424194,0.0920904353260994,0.39062267541885376,0.8608568906784058,0.32609716057777405,-0.2228158861398697,-0.2552902102470398,0.9408400654792786,0.6274388432502747,-0.7731431126594543,-0.09257548302412033,0.6850990056991577,0.49162307381629944,0.5375370383262634,-0.370080828666687,-0.40069499611854553,0.838142991065979,0.23961086571216583,0.9106675386428833,0.3365580439567566,-0.7757233381271362,0.38803327083587646,-0.49767813086509705,-0.5838150382041931,-0.1418268382549286,0.7994030117988586,0.4679957330226898,0.4453749358654022,-0.7632962465286255,-0.6424897909164429,0.7645169496536255,0.05216087028384209,0.6067840456962585,0.46599897742271423,0.6439394950866699,0.24609972536563873,0.5966908931732178,-0.7638029456138611,-0.6321068406105042,0.6962012052536011,0.3402128517627716,0.73476243019104,0.3990787863731384,0.5485073328018188,-0.09787238389253616,-0.24925227463245392,-0.9634802937507629,-0.03001989983022213,0.9684271812438965,-0.2474825531244278,0.9947460889816284,0.004701876547187567,-0.10226479917764664,0.8038151264190674,0.1718340516090393,-0.5695211291313171,-0.18069902062416077,0.9826646447181702,0.041449978947639465,0.5667707920074463,0.06959378719329834,0.8209309577941895,0.9813026785850525,0.14332295954227448,-0.12846608459949493,-0.13246221840381622,0.9871413111686707,0.08947478979825974,0.13963797688484192,-0.07078494876623154,0.9876693487167358
63,0.7176697850227356,-0.47569432854652405,0.5085911750793457,-0.6465966701507568,-0.18400205671787262,0.7403080463409424,-0.25857850909233093,-0.8601500988006592,-0.43963509798049927,-0.7987192273139954,0.4319814443588257,0.41885513067245483,-0.22413340210914612,0.4324183166027069,-0.873371958732605,-0.5584011077880859,-0.7914584279060364,-0.2485593557357788,0.4658397436141968,0.23206840455532074,-0.8538955450057983,-0.2629358470439911,0.9577125310897827,0.11683963239192963,0.8449012041091919,0.1700911968946457,0.5071596503257751,0.9623703956604004,-0.07034844905138016,-0.2624773383140564,0.0714544951915741,0.9974295496940613,-0.0053411684930324554,0.2621783912181854,-0.013615003786981106,0.9649233818054199,-0.8232343792915344,0.40766850113868713,-0.3950842618942261,-0.5676906704902649,-0.5868247747421265,0.5773767828941345,0.0035331009421497583,0.6996020674705505,0.7145239114761353,0.7508670091629028,0.3858291208744049,0.5360360145568848,-0.36821311712265015,0.9183311462402344,-0.14521373808383942,-0.5482862591743469,-0.08833927661180496,0.8316119313240051,0.6857526898384094,-0.6326466798782349,0.3598631024360657,0.5841618776321411,0.7733402848243713,0.24637308716773987,-0.43416374921798706,0.04126732051372528,0.8998882174491882,0.30954524874687195,0.6858552694320679,0.6586229801177979,-0.18501661717891693,0.7228467464447021,-0.6657788157463074,-0.9327114224433899,0.08423247188329697,0.3506484031677246,0.7270994186401367,0.6017259359359741,0.3305334150791168,-0.4322758615016937,0.7752960920333862,-0.46049270033836365,-0.5333516597747803,0.19194234907627106,0.823828935623169,0.9938556551933289,-0.09323962777853012,-0.05964299663901329,0.09718882292509079,0.9929982423782349,0.06714750081300735,0.05296458303928375,-0.072531558573246,0.9959588050842285,-0.8192127346992493,0.27643170952796936,-0.5024699568748474,-0.4960281252861023,0.09820185601711273,0.8627354502677917,0.2878309190273285,0.9560030698776245,0.0566696971654892,0.6296638250350952,-0.32762059569358826,0.7044063210487366,0.2147381752729416,0.9447983503341675,0.24747440218925476,-0.7465996146202087,-0.004562738351523876,0.66525799036026,0.762006402015686,0.4543215334415436,0.46145227551460266,-0.31667959690093994,0.8830088376998901,-0.34642377495765686,-0.5648542046546936,0.1178446039557457,0.8167327642440796,0.9287627339363098,-0.36586901545524597,-0.059494566172361374,0.31097090244293213,0.8564189076423645,-0.4121210277080536,0.20173458755016327,0.36426159739494324,0.9091846346855164,-0.026315854862332344,0.9724521636962891,-0.23161225020885468,-0.46496495604515076,0.1931973695755005,0.8639920949935913,0.8849378824234009,0.1304282695055008,0.44707202911376953,0.9712933301925659,0.12575013935565948,-0.20193122327327728,-0.1144619882106781,0.9911869764328003,0.06668480485677719,0.20853722095489502,-0.04165705293416977,0.9771268963813782
64,-0.46204742789268494,-0.5188409090042114,0.7192469835281372,0.6096398234367371,0.40318652987480164,0.6824806928634644,0.6440896391868591,-0.7538200616836548,-0.1300147920846939,0.8383195400238037,0.11757716536521912,0.5323494672775269,-0.080654576420784,0.9924695491790771,-0.09219028800725937,-0.5391800999641418,0.0343485027551651,0.8414897322654724,-0.5113996267318726,0.8579480648040771,-0.048944223672151566,-0.8517317771911621,-0.49848371744155884,0.16145268082618713,0.11412012577056885,0.12425418943166733,0.985666036605835,0.5769122838973999,-0.8072252869606018,-0.12473812699317932,0.7723706960678101,0.5888120532035828,-0.23820970952510834,0.2657361924648285,0.04108203575015068,0.963170051574707,0.4550674259662628,-0.01013914030045271,0.8903992772102356,0.06459198147058487,0.9976768493652344,-0.021651098504662514,-0.8881112337112427,0.067365363240242,0.4546651542186737,0.8165796399116516,0.5766391158103943,0.02617364190518856,-0.5724893808364868,0.8148373961448669,-0.09108199179172516,-0.07384870201349258,0.0593915656208992,0.9954993724822998,0.23751002550125122,0.8259063959121704,-0.5113390684127808,-0.924637496471405,0.3535558581352234,0.14157605171203613,0.2977154850959778,0.439177542924881,0.8476370573043823,-0.5288609862327576,0.2694593667984009,0.8047966957092285,0.10461272299289703,0.9617260694503784,-0.2532571256160736,-0.8422364592552185,-0.0497458390891552,-0.5368082523345947,0.9782851338386536,0.20600886642932892,-0.022772233933210373,-0.20715643465518951,0.9683255553245544,-0.13939820230007172,-0.006666332483291626,0.141088604927063,0.9899744987487793,0.9702968597412109,-0.06719407439231873,-0.23239821195602417,0.0854668989777565,0.9939166903495789,0.06946244835853577,0.22631700336933136,-0.08726155012845993,0.9701371192932129,0.05708027258515358,-0.013328451663255692,0.9982806444168091,0.09933123737573624,0.9950253367424011,0.007605370134115219,-0.993415892124176,0.09872633218765259,0.0581202507019043,-0.27203860878944397,0.19496318697929382,-0.9423292279243469,-0.6214717626571655,0.7120530009269714,0.32673129439353943,0.734688937664032,0.6745145320892334,-0.07254178822040558,0.09526129812002182,0.9279195666313171,0.36040329933166504,-0.4755401909351349,0.36048683524131775,-0.8024405241012573,-0.8745208978652954,-0.09494472295045853,0.47560349106788635,0.5581538677215576,0.4559161365032196,-0.6932566165924072,-0.11991001665592194,0.871063768863678,0.4763081669807434,0.8210273385047913,-0.18272481858730316,0.5408565402030945,0.7774950861930847,0.5293539762496948,0.3395375609397888,-0.6283731460571289,0.6757665276527405,0.3853398263454437,-0.025466954335570335,-0.5129560828208923,0.858036994934082,0.8944525122642517,-0.4458082616329193,0.034781135618686676,0.42861407995224,0.8325818777084351,-0.3508523404598236,0.1274547278881073,0.32872843742370605,0.935784637928009
65,-0.4366716146469116,-0.26880040764808655,0.8585244417190552,0.2568710148334503,0.8773341178894043,0.4053420126438141,0.8621688485145569,-0.3975314199924469,0.31405988335609436,0.9079011678695679,-0.3697238266468048,-0.19753406941890717,0.36971762776374817,0.928354024887085,-0.038309983909130096,0.19754566252231598,-0.0382501482963562,0.9795471429824829,-0.863008975982666,0.1813439577817917,-0.4715186655521393,-0.25622209906578064,0.6472806930541992,0.7178982496261597,0.43539145588874817,0.7403661608695984,-0.5121447443962097,0.024769771844148636,-0.9989629983901978,0.03820231556892395,0.9490005373954773,0.011482210829854012,-0.31506526470184326,0.31429991126060486,0.04405811429023743,0.948300838470459,0.8509104251861572,-0.3469929099082947,0.3943949043750763,0.3350061774253845,0.9367458820343018,0.10138042271137238,-0.4046260714530945,0.04585906118154526,0.9133316278457642,-0.10093440860509872,0.8476036787033081,0.5209417343139648,-0.7378244400024414,0.2874844968318939,-0.610710859298706,-0.6674034595489502,-0.44600528478622437,0.5963656306266785,-0.3265390992164612,0.741656482219696,-0.5859333276748657,-0.9183461666107178,-0.10227525979280472,0.38233500719070435,0.2236347645521164,0.6629369258880615,0.7144942879676819,-0.22295676171779633,0.5425653457641602,0.8098846673965454,0.04945101588964462,0.8360224962234497,-0.5464622378349304,-0.9735732674598694,-0.0817878395318985,-0.2132272869348526,0.9706851243972778,-0.10643940418958664,-0.21550171077251434,0.12049975991249084,0.9912891983985901,0.05315547063946724,0.20796668529510498,-0.07756513357162476,0.9750556349754333,0.951547384262085,0.30347028374671936,0.04963245615363121,-0.28635373711586,0.9333096146583557,-0.21664418280124664,-0.11206752061843872,0.1919347643852234,0.9749881625175476,0.016667084768414497,-0.40347227454185486,0.914840042591095,0.3711213767528534,0.8521016836166382,0.36904147267341614,-0.9284347891807556,0.33336585760116577,0.16393925249576569,-0.47305795550346375,-0.49780339002609253,-0.7269167304039001,0.8557084798812866,-0.06321357190608978,-0.5135825872421265,0.20971214771270752,-0.8649831414222717,0.45587825775146484,-0.499218225479126,0.4387335777282715,-0.7471907138824463,-0.1790717989206314,0.791475772857666,0.5843794345855713,0.8477702736854553,0.425533652305603,-0.31655433773994446,0.36458414793014526,0.3576299548149109,-0.8597553372383118,-0.04604101553559303,0.9291001558303833,0.3669511675834656,0.9300315380096436,-0.09420056641101837,0.3552008271217346,0.9369563460350037,0.3126981258392334,-0.15598921477794647,-0.2817362844944,0.9400497078895569,0.19217483699321747,0.20673033595085144,-0.13611161708831787,0.9688839912414551,0.8513560891151428,-0.47792163491249084,0.21629548072814941,0.5244126319885254,0.7860293984413147,-0.32733649015426636,-0.013573406264185905,0.3921079933643341,0.9198190569877625
66,-0.28836628794670105,0.7124193906784058,-0.6397683024406433,0.2334456741809845,0.700298011302948,0.6746004819869995,0.9286269545555115,0.045180898159742355,-0.36825355887413025,0.624256432056427,0.1725458800792694,-0.7619263529777527,-0.07422512769699097,0.9839917421340942,0.16202117502689362,0.7776853442192078,-0.044588685035705566,0.627070426940918,-0.025191742926836014,0.8837311267852783,-0.4673164188861847,-0.891175389289856,0.19195698201656342,0.4110461473464966,0.45295894145965576,0.42681586742401123,0.7827237248420715,0.3894420564174652,-0.1570698618888855,-0.907559335231781,0.17990916967391968,0.9793440103530884,-0.09229285269975662,0.9033092260360718,-0.1273355334997177,0.4096560478210449,0.05166347324848175,0.19743531942367554,-0.9789535999298096,-0.1525518149137497,0.9703185558319092,0.18764300644397736,0.9869441986083984,0.13964687287807465,0.08024914562702179,-0.5460607409477234,0.8184597492218018,0.17872114479541779,-0.6763622760772705,-0.3048376142978668,-0.6705282330513,-0.49431946873664856,-0.48702940344810486,0.7200351357460022,-0.41695743799209595,0.5648083686828613,0.7121362090110779,-0.3057692050933838,0.6506649851799011,-0.69508296251297,-0.8559507727622986,-0.5075693130493164,-0.09859860688447952,0.04756035655736923,0.6577672958374023,0.7517181634902954,-0.07749079912900925,0.7527313828468323,-0.6537511944770813,-0.9958580136299133,-0.027158599346876144,0.08677109330892563,0.9652273654937744,-0.008772439323365688,-0.2612646520137787,0.006340993568301201,0.9999284148216248,-0.01014798879623413,0.26133495569229126,0.008138438686728477,0.9652138352394104,0.14377130568027496,0.4011058807373047,-0.9046788811683655,-0.8547780513763428,0.5110030174255371,0.09072142094373703,0.49868252873420715,0.7602565288543701,0.41632407903671265,0.8446617722511292,0.5239237546920776,0.10977422446012497,-0.5076453685760498,0.8490617275238037,-0.14625461399555206,-0.16983135044574738,0.06780930608510971,0.9831374287605286,-0.721339225769043,0.5773335099220276,0.3825646936893463,-0.19521686434745789,0.3604886531829834,-0.9121065139770508,-0.6644998788833618,-0.7326213121414185,-0.14732936024665833,-0.7621698975563049,-0.5903077721595764,-0.26577019691467285,0.3669060468673706,-0.7321184277534485,0.5739185810089111,-0.5333638787269592,0.3399108052253723,0.7745861411094666,-0.07220064103603363,-0.08727540075778961,-0.9935643076896667,0.001602549571543932,0.9961527585983276,-0.08761922270059586,0.9973888397216797,-0.007918399758636951,-0.07178300619125366,0.5027486681938171,0.2599134147167206,0.8244324326515198,-0.7370220422744751,0.6272547245025635,0.2516942620277405,-0.45171043276786804,-0.7341638207435608,0.506913423538208,0.847160279750824,-0.48226121068000793,0.22303275763988495,0.5308647155761719,0.785932183265686,-0.31700676679611206,-0.02240855246782303,0.38695576786994934,0.9218259453773499
67,-0.44580602645874023,-0.214351087808609,0.8690860867500305,0.2848803997039795,0.8864476680755615,0.3647652864456177,0.848587155342102,-0.4102001488208771,0.3341192901134491,0.9028076529502869,-0.4300028085708618,-0.005995175335556269,0.42969009280204773,0.9025416970252991,-0.028015930205583572,0.01745782420039177,0.022716928273439407,0.9995895028114319,-0.8042126893997192,0.5082429647445679,-0.30810874700546265,-0.5154187083244324,-0.33825427293777466,0.7873548269271851,0.29594844579696655,0.7920057773590088,0.5339863300323486,0.16451169550418854,0.8944240808486938,-0.4158623218536377,-0.7105761170387268,0.3998776972293854,0.5789468288421631,0.6841180324554443,0.2002583146095276,0.7013409733772278,-0.1699080914258957,-0.529865026473999,0.8308876752853394,0.46558138728141785,0.6999520659446716,0.5415728092193604,-0.8685420155525208,0.4788634181022644,0.12776777148246765,-0.4655517637729645,0.7084413170814514,-0.5304455757141113,-0.8731659054756165,-0.2699015140533447,0.40587493777275085,0.14437051117420197,0.6521227955818176,0.7442399263381958,-0.36163249611854553,0.7345237731933594,-0.5741922855377197,-0.9111205339431763,-0.147841215133667,0.3847106993198395,0.19768986105918884,0.6622822880744934,0.7227038741111755,-0.1110493615269661,0.6519637703895569,0.7500742077827454,-0.00701518077403307,0.7542093396186829,-0.6565966010093689,-0.9937901496887207,-0.07817653566598892,-0.07918082177639008,0.9786478877067566,0.03531140089035034,0.20248804986476898,-0.03283219784498215,0.9993392825126648,-0.015590604394674301,-0.20290479063987732,0.008609585464000702,0.9791606068611145,0.8303692936897278,-0.43729662895202637,0.34533819556236267,0.34539559483528137,0.8902755975723267,0.29683542251586914,-0.4372512996196747,-0.12720471620559692,0.8902978301048279,0.2525329291820526,-0.2201424539089203,0.9422125220298767,0.23447507619857788,0.9586730599403381,0.16114407777786255,-0.9387484192848206,0.18023116886615753,0.2937144339084625,-0.34452661871910095,-0.33821648359298706,-0.8757345676422119,0.5669398903846741,0.6685651540756226,-0.4812481701374054,0.7482516765594482,-0.6622916460037231,-0.038590092211961746,-0.6243526339530945,0.46564406156539917,-0.627183735370636,-0.5264292359352112,0.34236788749694824,0.778239369392395,0.5771101117134094,0.816063642501831,0.03137034922838211,0.41716107726097107,-0.37710803747177124,-0.8269015550613403,0.06335826218128204,0.9197037816047668,-0.38746702671051025,0.9066213965415955,0.10924512892961502,0.40755754709243774,0.48383522033691406,0.8362422585487366,0.2580743432044983,-0.7656106948852539,0.2615930736064911,0.5877153277397156,0.42396190762519836,-0.4819418787956238,0.7668039798736572,0.7877951264381409,-0.6105318665504456,-0.08142291009426117,0.48571306467056274,0.6970746517181396,-0.5274179577827454,0.3787633180618286,0.3759491443634033,0.8456953167915344
68,0.6724511384963989,-0.34732896089553833,0.6535840034484863,0.699174702167511,0.008385567925870419,-0.7149016857147217,-0.24282538890838623,-0.9377058744430542,-0.24848251044750214,-0.10158795863389969,0.5946479439735413,0.7975422739982605,-0.45386624336242676,0.6856910586357117,-0.5690634250640869,-0.8852600455284119,-0.4197874963283539,0.20023266971111298,0.6810370087623596,0.7307633757591248,-0.04662046954035759,-0.7298444509506226,0.6825788617134094,0.03759218752384186,0.05929314345121384,0.008424022234976292,0.9982050657272339,0.022226566448807716,0.49430060386657715,0.8690068125724792,-0.5713503956794739,0.7195703983306885,-0.39468610286712646,-0.8204051852226257,-0.4877348840236664,0.2984124422073364,0.14326156675815582,0.796425461769104,0.5875224471092224,-0.6199342608451843,0.5349650979042053,-0.5740155577659607,-0.7714646458625793,-0.2819909155368805,0.5703713297843933,0.33886590600013733,0.6843539476394653,0.6456233859062195,-0.6221820116043091,0.6777507066726685,-0.391846239566803,-0.7057332396507263,-0.2689119577407837,0.6554593443870544,-0.038767602294683456,0.4118390381336212,-0.9104315638542175,-0.5389987826347351,0.7585842609405518,0.3661014437675476,0.8414139151573181,0.5049143433570862,0.1925722360610962,0.1501578390598297,0.5656694173812866,-0.810845673084259,-0.9086124897003174,-0.2443285435438156,-0.3387136161327362,-0.38971269130706787,0.7876050472259521,0.4772864580154419,0.8337006568908691,0.4871121644973755,-0.26012492179870605,-0.5500586628913879,0.7741401195526123,-0.3132771849632263,0.04877199977636337,0.40426334738731384,0.9133413434028625,0.576408326625824,0.6507683992385864,-0.49422046542167664,-0.8166477680206299,0.48019805550575256,-0.32015037536621094,0.028979962691664696,0.5881413817405701,0.8082387447357178,-0.11190729588270187,0.4311453700065613,0.8953158259391785,-0.19899027049541473,0.8730034232139587,-0.44527286291122437,-0.9735910892486572,-0.22798842191696167,-0.011901721358299255,0.6551870703697205,0.07391930371522903,-0.7518416047096252,-0.14457809925079346,0.9890757203102112,-0.028747960925102234,0.7415032386779785,0.1275351196527481,0.6587167382240295,0.7072131037712097,0.6161298751831055,0.3467472195625305,-0.47759729623794556,0.7779622673988342,-0.40825915336608887,-0.5212969183921814,0.12312067300081253,0.8444470763206482,-0.7688042521476746,0.03529173880815506,-0.6385096311569214,0.02029765397310257,0.9993196129798889,0.030794844031333923,0.639162003993988,0.010714959353208542,-0.7689974904060364,0.7017790675163269,0.5791457295417786,0.4148450493812561,-0.7123830318450928,0.5671722292900085,0.4133112132549286,0.0040788366459310055,-0.5855817198753357,0.810603141784668,0.6416431069374084,0.27852460741996765,0.714645504951477,-0.6206832528114319,0.7359387874603271,0.27045586705207825,-0.45060673356056213,-0.6171046495437622,0.6450856328010559
69,0.5949807167053223,-0.3050878643989563,0.743585467338562,0.7347529530525208,-0.16853895783424377,-0.6570637226104736,-0.3257852792739868,-0.9372918605804443,-0.12388678640127182,-0.11080057919025421,0.6632021069526672,0.7401933073997498,-0.5559273958206177,0.5760010480880737,-0.5993058681488037,-0.8238130211830139,-0.47789719700813293,0.30487099289894104,0.7120336890220642,0.6934682130813599,-0.11004479229450226,-0.6917968392372131,0.7196785807609558,0.05899045243859291,0.12010488659143448,0.034125447273254395,0.992174506187439,-0.11787059903144836,0.5243823528289795,0.8432850241661072,-0.6269444823265076,0.6192627549171448,-0.47270944714546204,-0.7700955271720886,-0.5844114422798157,0.25576576590538025,0.23171848058700562,0.9114458560943604,0.3399602472782135,-0.797927975654602,0.37798166275024414,-0.4695112407207489,-0.556432843208313,-0.16246937215328217,0.8148534893989563,0.2733323276042938,0.7943662405014038,0.5424681305885315,-0.7213385701179504,0.5423480868339539,-0.43073102831840515,-0.636364758014679,-0.2735704779624939,0.7212482690811157,-0.05357911065220833,0.2004028856754303,-0.9782474040985107,-0.2507496774196625,0.9455647468566895,0.20744124054908752,0.966568112373352,0.25640973448753357,-0.0004115588963031769,0.08686531335115433,0.38003456592559814,-0.9208844304084778,-0.9941872954368591,-0.025952093303203583,-0.10448985546827316,-0.06360863149166107,0.9246081709861755,0.37557119131088257,0.9011914134025574,0.3777804672718048,-0.21245233714580536,-0.42349496483802795,0.8718153834342957,-0.24615025520324707,0.092228464782238,0.3118009865283966,0.9456606507301331,0.38478079438209534,0.5376060605049133,-0.7502822279930115,-0.8726135492324829,0.4767979085445404,-0.10587415099143982,0.3008144199848175,0.6954448223114014,0.6525850296020508,-0.21712236106395721,0.4452757239341736,0.8686699271202087,-0.19003106653690338,0.8535922169685364,-0.4850448966026306,-0.957468569278717,-0.2703883647918701,-0.10071773082017899,0.5057558417320251,0.173874631524086,-0.844972550868988,-0.30940505862236023,0.9508726596832275,0.01047277171164751,0.8052822351455688,0.25614213943481445,0.5347071290016174,0.7753376364707947,0.5265084505081177,0.34876981377601624,-0.4141518473625183,0.8408045768737793,-0.3486057221889496,-0.4767910838127136,0.12584349513053894,0.8699618577957153,-0.7693542242050171,-0.3886816203594208,-0.5069720149040222,-0.21895882487297058,0.905975341796875,-0.3623060882091522,0.6001258492469788,-0.1677357256412506,-0.7821212410926819,0.7766218185424805,0.625698447227478,0.07321202009916306,-0.5897866487503052,0.681320309638977,0.43353694677352905,0.22138255834579468,-0.37987372279167175,0.8981568217277527,0.7276976704597473,0.5918367505073547,0.34667766094207764,-0.6826334595680237,0.5756606459617615,0.4501403868198395,0.06684093177318573,-0.5642198920249939,0.8229144811630249
70,0.739212691783905,-0.35334381461143494,0.573334813117981,0.6485285758972168,0.14392811059951782,-0.7474592924118042,-0.18159110844135284,-0.9243553876876831,-0.3355470299720764,-0.11650848388671875,0.5137071013450623,0.8500180840492249,-0.3344498872756958,0.7855695486068726,-0.5205994248390198,-0.9351839423179626,-0.34494268894195557,0.08028377592563629,0.7144079804420471,0.6983014941215515,-0.044679928570985794,-0.6973715424537659,0.7157851457595825,0.03639371320605278,0.05739501491189003,0.005158554296940565,0.9983382225036621,-0.15416282415390015,0.38268598914146423,0.9109255075454712,-0.4110114276409149,0.8135542273521423,-0.411338210105896,-0.8985006809234619,-0.4378138482570648,0.03186849504709244,0.1429087370634079,0.6236300468444824,0.7685458064079285,-0.4392184913158417,0.7358265519142151,-0.5154089331626892,-0.8869409561157227,-0.26390308141708374,0.3790658712387085,0.30843424797058105,0.5499459505081177,0.7761622071266174,-0.5026726722717285,0.7869420647621155,-0.3578300178050995,-0.807581901550293,-0.2797884941101074,0.5191627144813538,0.4757673144340515,0.1695052683353424,-0.8630836606025696,-0.1911560744047165,0.9777277112007141,0.08664767444133759,0.858548104763031,0.12375956028699875,0.4975728690624237,0.14372828602790833,0.6521003842353821,-0.7443838119506836,-0.8207079172134399,-0.3417641818523407,-0.45785993337631226,-0.5529743432998657,0.676729142665863,0.48606279492378235,0.46837955713272095,0.34594547748565674,-0.8129835724830627,-0.7325209975242615,0.6665274500846863,-0.13839848339557648,0.4939975440502167,0.6603505611419678,0.5656001567840576,0.8286585807800293,0.537262499332428,-0.1570795476436615,-0.5561205148696899,0.7582740187644958,-0.34022122621536255,-0.06367877870798111,0.36928239464759827,0.9271329641342163,-0.13844960927963257,0.29227569699287415,0.9462592601776123,-0.09380843490362167,0.9472948312759399,-0.3063209056854248,-0.9859166741371155,-0.1311771124601364,-0.10373467206954956,0.6689813137054443,0.09416989237070084,-0.7372896075248718,-0.16744370758533478,0.9855373501777649,-0.026053233072161674,0.7241730093955994,0.1408836394548416,0.6750742197036743,0.689795970916748,0.6224831938743591,0.3697245419025421,-0.470793217420578,0.7736108899116516,-0.42412251234054565,-0.5500320792198181,0.1184941902756691,0.8266945481300354,-0.7077277898788452,0.3173624277114868,-0.6311913132667542,0.15545432269573212,0.941482663154602,0.29907238483428955,0.6891700029373169,0.11354042589664459,-0.7156488299369812,0.6815209984779358,0.42797958850860596,0.593601405620575,-0.6947077512741089,0.6333397626876831,0.340971976518631,-0.23002231121063232,-0.6447590589523315,0.728955090045929,0.5042678117752075,0.06475254893302917,0.8611161708831787,-0.4434233009815216,0.8750957250595093,0.19386398792266846,-0.7410058975219727,-0.47959834337234497,0.469995379447937
71,0.908520519733429,0.2462797462940216,-0.3375451862812042,0.38435041904449463,-0.8094611763954163,0.44390013813972473,-0.16390611231327057,-0.5330280065536499,-0.8300698399543762,-0.4667460024356842,0.8810900449752808,0.07634437829256058,-0.8707655668258667,-0.47293415665626526,0.13453836739063263,0.15464629232883453,-0.0036828098818659782,0.9879630208015442,0.8227857351303101,0.4344969093799591,0.3663823902606964,-0.4447082579135895,0.8935931324958801,-0.06103960797190666,-0.35391831398010254,-0.11271075904369354,0.9284600615501404,0.77408766746521,-0.5209130048751831,-0.35977479815483093,0.489522784948349,0.8528696298599243,-0.18160617351531982,0.4014420211315155,-0.03553885594010353,0.9151946902275085,-0.21044285595417023,0.9748511910438538,-0.07334107160568237,-0.9248685836791992,-0.22283676266670227,-0.3081587553024292,-0.31675204634666443,0.00298104714602232,0.9485036730766296,0.764948844909668,0.6425524353981018,0.04449307918548584,-0.634441614151001,0.7636014223098755,-0.11998626589775085,-0.11107244342565536,0.06355509907007217,0.9917780160903931,0.9050289392471313,-0.12070710957050323,0.40786322951316833,0.1114429160952568,0.9926824569702148,0.046497851610183716,-0.41049128770828247,0.0033715686295181513,0.9118582606315613,-0.623647153377533,0.7074669003486633,0.332497775554657,0.309127539396286,0.6138781309127808,-0.726356565952301,-0.7179863452911377,-0.3502059876918793,-0.6015408635139465,0.7627809643745422,0.42697831988334656,0.4856487810611725,-0.29654479026794434,0.8983569145202637,-0.3240618109703064,-0.5746533274650574,0.10317154228687286,0.8118677139282227,0.8180074691772461,0.5468887090682983,0.1782597452402115,-0.42726320028305054,0.7851862907409668,-0.4482506513595581,-0.3851103186607361,0.29050853848457336,0.8759536743164062,-0.25601550936698914,0.942935049533844,-0.21290728449821472,-0.9329442977905273,-0.2986871302127838,-0.200999915599823,-0.2531225383281708,0.14717154204845428,0.9561744332313538,0.6301349997520447,-0.7704307436943054,0.09677975624799728,0.7037281394004822,0.6193142533302307,0.34816160798072815,-0.3281714916229248,-0.1512821763753891,0.9324254393577576,0.5747964382171631,0.6088359951972961,0.546742856502533,-0.37379419803619385,0.7897207736968994,-0.4864349663257599,-0.7279332876205444,0.07523176819086075,0.6815080642700195,0.40268030762672424,0.9148842096328735,0.02890397235751152,-0.2442791759967804,0.0769786387681961,0.9666447043418884,0.8821430206298828,-0.39630940556526184,0.25448495149612427,0.45780500769615173,-0.5519355535507202,0.6969804167747498,0.8167021870613098,0.5708561539649963,-0.0843847393989563,-0.3513006269931793,0.6078571677207947,0.7121078372001648,0.9762860536575317,0.1656675785779953,0.13935497403144836,-0.18515165150165558,0.9725504517555237,0.14094145596027374,-0.11218030750751495,-0.16340097784996033,0.9801610708236694
72,0.9384180307388306,0.2158035933971405,-0.269815593957901,0.3374696373939514,-0.7399303317070007,0.5819083452224731,-0.07406681776046753,-0.6371278762817383,-0.7671911120414734,-0.41317665576934814,0.903287410736084,0.11557182669639587,-0.9057198166847229,-0.42080581188201904,0.05093197524547577,0.09463950991630554,-0.08363179117441177,0.9919924736022949,0.8246810436248779,0.37700310349464417,0.42162761092185974,-0.39027905464172363,0.9188528656959534,-0.05823774263262749,-0.409369558095932,-0.11652486771345139,0.9048969745635986,0.7686298489570618,-0.3810696005821228,-0.5138036012649536,0.35492512583732605,0.9222790002822876,-0.1530671864748001,0.532199501991272,-0.06470979005098343,0.8441423773765564,-0.1682220846414566,0.9819400906562805,-0.08657341450452805,-0.9394515156745911,-0.18630094826221466,-0.2876158058643341,-0.29855021834373474,0.03294818848371506,0.953825056552887,0.7817873358726501,0.619451642036438,0.07133179157972336,-0.6088399887084961,0.7830366492271423,-0.12715137004852295,-0.13461953401565552,0.05597568303346634,0.9893150925636292,0.9164283871650696,-0.143524169921875,0.3735770583152771,0.13192859292030334,0.9896435141563416,0.05657375603914261,-0.37782779335975647,-0.0025603012181818485,0.9258723258972168,-0.5122718214988708,0.7930437922477722,0.32963481545448303,0.27612271904945374,0.5155295133590698,-0.8111631274223328,-0.8132243156433105,-0.3245163559913635,-0.48306864500045776,0.4525783658027649,0.6254356503486633,0.6356123089790344,-0.33301180601119995,0.7797632813453674,-0.5301625728607178,-0.8272097706794739,0.028273699805140495,0.5611814856529236,0.9426085948944092,0.3085719347000122,-0.1275632530450821,-0.3291746973991394,0.9228242039680481,-0.20009881258010864,0.055973585695028305,0.23060545325279236,0.971436083316803,-0.26451054215431213,0.9343829154968262,-0.23866859078407288,-0.9357441663742065,-0.30853530764579773,-0.17084746062755585,-0.2332746535539627,0.178141787648201,0.9559541940689087,0.5435669422149658,-0.8352622389793396,-0.0828973799943924,0.8099188208580017,0.49600279331207275,0.3130698800086975,-0.220378115773201,-0.23731458187103271,0.9461053013801575,-0.009755262173712254,0.5181328654289246,0.855244517326355,-0.003930850885808468,0.8552587628364563,-0.5181863307952881,-0.9999446868896484,-0.008416881784796715,-0.006306570488959551,0.73892742395401,-0.1612711250782013,0.6542001962661743,0.41952499747276306,0.8698858022689819,-0.2594176232814789,-0.52724289894104,0.4661441147327423,0.7104397416114807,0.6670375466346741,0.7352133989334106,-0.12050798535346985,-0.5969871282577515,0.6242276430130005,0.5039307475090027,0.4457210600376129,-0.26419904828071594,0.8552961945533752,0.62376469373703,0.7176198959350586,-0.3097406327724457,-0.4942469298839569,0.6691370010375977,0.5549554824829102,0.6055060625076294,-0.19307328760623932,0.7720655202865601
73,0.7462154626846313,-0.26968806982040405,0.6086302995681763,0.6656377911567688,0.2893315851688385,-0.6879051923751831,-0.009423861280083656,-0.918452799320221,-0.395418256521225,-0.18298016488552094,0.4742414951324463,0.861169695854187,-0.2901495099067688,0.8108900189399719,-0.5082033276557922,-0.9393250346183777,-0.34285908937454224,-0.010775856673717499,0.6743313670158386,0.7055100798606873,0.2180200219154358,-0.7113208770751953,0.6998823285102844,-0.06471002101898193,-0.1982419341802597,-0.11144619435071945,0.9737966060638428,0.6956826448440552,0.2529059052467346,0.6723572015762329,-0.26149457693099976,0.9609168767929077,-0.09088069945573807,-0.6690636873245239,-0.1125936508178711,0.7346267700195312,-0.22776339948177338,0.7363613247871399,0.63709956407547,-0.4578400254249573,0.49646806716918945,-0.737497091293335,-0.8593639135360718,-0.459664523601532,0.22405841946601868,0.6725203394889832,0.585173487663269,0.45308759808540344,-0.5507815480232239,0.8046631217002869,-0.221713587641716,-0.4943237900733948,-0.10044539719820023,0.8634551167488098,0.692148745059967,-0.29308006167411804,-0.6595712304115295,0.3388823866844177,0.9388138651847839,-0.0615408755838871,0.6372510194778442,-0.18092164397239685,0.7491185069084167,0.11646533757448196,0.6158407330513,-0.7792149782180786,-0.8293593525886536,-0.3713478147983551,-0.4174492657184601,-0.5464420318603516,0.6948676109313965,0.4675041139125824,0.496440589427948,0.37399575114250183,-0.7833734154701233,-0.7440682053565979,0.6481408476829529,-0.16209861636161804,0.447112113237381,0.6633555889129639,0.6000417470932007,0.9516746401786804,0.25230973958969116,0.17508603632450104,-0.214943990111351,0.9544236660003662,-0.20706184208393097,-0.2193499654531479,0.15942181646823883,0.9625332355499268,-0.2992051839828491,0.4260128140449524,0.8538087010383606,-0.12390013784170151,0.8698792457580566,-0.4774503707885742,-0.9461104869842529,-0.24864263832569122,-0.20748932659626007,0.3870605230331421,-0.3144869804382324,-0.8667653203010559,0.37804269790649414,0.9115204811096191,-0.1619076430797577,0.8409922122955322,-0.26500624418258667,0.47170311212539673,0.058562856167554855,0.9158318638801575,-0.397268682718277,-0.9899013638496399,0.0018126146169379354,-0.141746386885643,-0.12909576296806335,0.40155789256095886,0.9066893458366394,0.17131935060024261,0.8313422799110413,0.5286962389945984,-0.0344276987016201,-0.5312505960464478,0.8465149402618408,0.984613835811615,-0.1632261872291565,-0.06239231303334236,0.9321544766426086,-0.22980540990829468,0.2797811031341553,0.2590586841106415,0.9631754159927368,-0.07198409736156464,-0.2529359459877014,0.13958002626895905,0.9573614001274109,0.6055734157562256,-0.6746925115585327,0.4219844341278076,0.7870474457740784,0.4293985664844513,-0.4429144263267517,0.11763156205415726,0.6003389358520508,0.7910473942756653
74,0.46486616134643555,-0.3200226426124573,0.8255209922790527,0.8788739442825317,0.053958162665367126,-0.4739927053451538,-0.107144795358181,-0.9458721280097961,-0.30634286999702454,-0.013611063361167908,0.5193192958831787,0.8544718623161316,-0.37164217233657837,0.7907055020332336,-0.48648422956466675,-0.9282763004302979,-0.32417935132980347,0.1822386085987091,0.6076489686965942,0.7683127522468567,0.20114251971244812,-0.7742404341697693,0.6294907331466675,-0.0655224472284317,-0.1769590824842453,-0.11591802537441254,0.977368175983429,0.48786231875419617,0.0459129773080349,0.871712327003479,0.014918053522706032,0.9980314373970032,-0.060915227979421616,-0.8727931380271912,0.042722493410110474,0.4862169921398163,-0.37396326661109924,0.7151922583580017,0.5904672145843506,-0.41220623254776,0.4421505331993103,-0.7966108918190002,-0.8308053612709045,-0.5412974953651428,0.12945865094661713,0.7977393865585327,0.3158259093761444,0.5136787295341492,-0.30390578508377075,0.9463444948196411,-0.10987894982099533,-0.5208196640014648,-0.06845516711473465,0.850917637348175,0.5613383650779724,0.0694519653916359,-0.8246670365333557,-0.0762970969080925,0.9965716600418091,0.03199518844485283,0.824061930179596,0.044959574937820435,0.5647128820419312,-0.13479836285114288,0.3525170087814331,-0.9260459542274475,-0.606149435043335,-0.7686462998390198,-0.20436666905879974,-0.783844530582428,0.5337739586830139,0.3172902464866638,0.7291781306266785,0.49284642934799194,-0.47476479411125183,-0.6583787202835083,0.6944626569747925,-0.29027408361434937,0.18664588034152985,0.5242365598678589,0.8308666348457336,0.9017789959907532,0.07903816550970078,0.42490890622138977,-0.038014139980077744,0.9938309192657471,-0.10418754816055298,-0.4305224120616913,0.07780159264802933,0.8992204070091248,-0.24834220111370087,0.4476410448551178,0.8590364456176758,-0.16787372529506683,0.8535107374191284,-0.4932928681373596,-0.9540149569511414,-0.26671507954597473,-0.13681556284427643,0.20544542372226715,-0.13019974529743195,-0.9699691534042358,0.08242373913526535,0.9898916482925415,-0.11541610211133957,0.9751915335655212,-0.05623677372932434,0.21410025656223297,-0.025991274043917656,0.9738495945930481,-0.22570210695266724,-0.8884590864181519,-0.125994473695755,-0.44132277369499207,-0.4582192301750183,0.18905656039714813,0.868500292301178,-0.09133414179086685,-0.32378485798835754,0.941711962223053,-0.918194055557251,-0.3386620283126831,-0.20549392700195312,0.3854579031467438,-0.8834429383277893,-0.2663659155368805,0.9002729058265686,0.3416597545146942,-0.2697726786136627,-0.29464298486709595,0.9344138503074646,0.20014074444770813,0.32045936584472656,-0.10069465637207031,0.9418951272964478,0.23339693248271942,-0.3911324739456177,-0.8902478814125061,-0.06538642942905426,0.9071483016014099,-0.41570013761520386,0.9701806306838989,0.1552332639694214,0.18615087866783142
75,-0.36401987075805664,0.7690543532371521,-0.5253997445106506,0.2055789977312088,0.6165327429771423,0.7600162625312805,0.9084199666976929,0.1686498522758484,-0.3825315833091736,0.4957157075405121,0.4429326355457306,-0.7470452189445496,-0.3198794722557068,0.8928179740905762,0.31710121035575867,0.8074299097061157,0.08177238702774048,0.5842689871788025,0.7236624360084534,0.007539272308349609,0.6901128888130188,-0.03602046146988869,0.9989900588989258,0.026857921853661537,-0.6892134547233582,-0.04429425299167633,0.723203182220459,-0.7041357755661011,0.7096739411354065,-0.023573588579893112,-0.41332563757896423,-0.382653146982193,0.8262799382209778,0.5773687958717346,0.5915567874908447,0.5627661943435669,0.12475810945034027,0.3929286003112793,-0.9110667109489441,-0.4126453697681427,0.8556079864501953,0.31250402331352234,0.9023077487945557,0.3369600474834442,0.26888421177864075,-0.28981032967567444,0.1385994404554367,0.9469953179359436,-0.20155566930770874,0.9584306478500366,-0.20195545256137848,-0.9356202483177185,-0.2494010478258133,-0.24982759356498718,0.6194842457771301,-0.5309963822364807,0.5781713128089905,0.4616846442222595,0.8421146273612976,0.278729647397995,-0.6348909735679626,0.09426421672105789,0.7668296694755554,0.19998840987682343,0.968761682510376,0.14664725959300995,-0.31888872385025024,0.20587776601314545,-0.9251617789268494,-0.9264526963233948,0.1382574737071991,0.3501003682613373,0.8612982630729675,-0.46024981141090393,0.21525657176971436,0.36611488461494446,0.855925977230072,0.36517199873924255,-0.3523140251636505,-0.23571336269378662,0.9057118892669678,0.030539439991116524,0.2524671256542206,-0.9671233892440796,-0.6239582300186157,0.7607089877128601,0.17887963354587555,0.7808607220649719,0.5979817509651184,0.18076057732105255,0.7312739491462708,0.665706992149353,-0.14856880903244019,-0.6796850562095642,0.729457676410675,-0.07694002240896225,0.057155147194862366,0.1572442203760147,0.9859044551849365,-0.2971929609775543,-0.7898333668708801,-0.5365068316459656,0.9299963712692261,-0.36673542857170105,0.024736903607845306,-0.2162940800189972,-0.4915977418422699,0.8435333371162415,-0.5982660055160522,-0.49404454231262207,0.6308706998825073,0.4424307942390442,0.4527546465396881,0.7741241455078125,-0.6680814623832703,0.7422487735748291,-0.05228719487786293,0.21023313701152802,0.3900390565395355,-0.8964772820472717,-0.010984813794493675,0.917854905128479,0.39676398038864136,0.9775895476341248,-0.07356530427932739,0.19724802672863007,0.7682346105575562,0.14984957873821259,0.6223830580711365,-0.35555166006088257,0.9083544611930847,0.2201707810163498,-0.5323519706726074,-0.3904321491718292,0.7511085867881775,0.5165698528289795,-0.8516418933868408,-0.08866619318723679,0.4980359375476837,0.3830816149711609,-0.7779515981674194,0.6965025663375854,0.3577073812484741,0.6220366954803467
76,0.8724596500396729,0.23852504789829254,-0.42652079463005066,0.45443397760391235,-0.7169973850250244,0.528587281703949,-0.17973297834396362,-0.6549966335296631,-0.7339451313018799,-0.32859063148498535,0.9382982850074768,0.10781731456518173,-0.9417322278022766,-0.33418500423431396,0.03822043165564537,0.07189309597015381,-0.0889761671423912,0.9934357404708862,0.843155562877655,0.12486599385738373,0.5229695439338684,-0.14303788542747498,0.9897008538246155,-0.005692099221050739,-0.5182941555976868,-0.0700051337480545,0.852332353591919,0.383972704410553,0.6407490372657776,-0.6648350358009338,-0.5064122676849365,0.7482131123542786,0.42863014340400696,0.7720826268196106,0.1720983237028122,0.61177659034729,0.1246275007724762,0.9918538331985474,-0.026342425495386124,-0.9574111104011536,0.11324591934680939,-0.26559245586395264,-0.2604457139968872,0.058320652693510056,0.9637254476547241,0.4108336269855499,0.8973361253738403,-0.1612563282251358,-0.9113386869430542,0.3991416394710541,-0.10073617100715637,-0.026030084118247032,0.18834494054317474,0.9817579388618469,0.4831360876560211,-0.6449031829833984,0.592181921005249,0.5416997671127319,0.7515389919281006,0.37649771571159363,-0.6878523826599121,0.13888521492481232,0.7124394774436951,-0.8761276006698608,0.23755425214767456,-0.4194859266281128,0.3238177001476288,0.9346234202384949,-0.14704152941703796,0.3571310043334961,-0.2646641135215759,-0.8957735896110535,0.8553810715675354,-0.04708024859428406,-0.5158553123474121,0.045979492366313934,0.9988309741020203,-0.0149174053221941,0.5159546136856079,-0.010958700440824032,0.8565458059310913,0.3891298174858093,0.5660300254821777,0.7267654538154602,-0.14115308225154877,0.816269040107727,-0.560161292552948,-0.9103042483329773,0.11539028584957123,0.39753150939941406,-0.36972811818122864,0.7950382232666016,-0.4808485507965088,-0.9251807332038879,-0.2672925889492035,0.26943516731262207,0.08568401634693146,0.5444895625114441,0.8343796133995056,0.36627674102783203,-0.7393736243247986,0.5649495124816895,0.4847111999988556,0.6698697209358215,0.5624318718910217,-0.7942898869514465,0.06783163547515869,0.603740394115448,0.11153417825698853,0.558730959892273,0.8218149542808533,-0.0838116928935051,0.8293171525001526,-0.5524569153785706,-0.9902200102806091,-0.007259875535964966,0.13932539522647858,0.6730427145957947,0.7353096604347229,-0.07958180457353592,-0.3919612765312195,0.44586336612701416,0.8047187328338623,0.6272000670433044,-0.5104170441627502,0.5882980227470398,0.3713521361351013,-0.22903533279895782,0.899800181388855,0.1093234270811081,0.9731430411338806,0.20258569717407227,-0.9220336079597473,0.023138608783483505,0.3864176869392395,0.6806762218475342,-0.2117832452058792,-0.7013043165206909,0.03185401111841202,0.9649525880813599,-0.2604839503765106,0.7318915128707886,0.1549658626317978,0.6635664105415344
77,0.8649059534072876,0.27570071816444397,-0.4194362759590149,0.47292837500572205,-0.7275725603103638,0.4969676733016968,-0.1681559830904007,-0.6281936168670654,-0.7596685886383057,-0.3987842798233032,0.9170424342155457,0.0020737238228321075,-0.8847918510437012,-0.3853522837162018,0.2620058059692383,0.24106957018375397,0.10264898836612701,0.9650640487670898,0.7274923324584961,0.15508055686950684,0.6683598756790161,-0.18847563862800598,0.9818163514137268,-0.02266150899231434,-0.6597210764884949,-0.10948348790407181,0.7434927821159363,-0.05730023235082626,0.9098268747329712,-0.411013126373291,-0.7178006768226624,0.24859145283699036,0.650357186794281,0.6938867568969727,0.3322911262512207,0.6388300061225891,0.08471350371837616,0.9945569038391113,-0.06066428869962692,-0.9663868546485901,0.0671771764755249,-0.2481606900691986,-0.24273468554019928,0.0796477273106575,0.9668174982070923,0.4806392788887024,0.8663204908370972,-0.13592177629470825,-0.8762290477752686,0.46831247210502625,-0.11360500007867813,-0.034764476120471954,0.17370162904262543,0.9841845035552979,0.6272028684616089,-0.5456056594848633,0.555815577507019,0.46834519505500793,0.8343981504440308,0.2905728220939636,-0.622309684753418,0.07806544750928879,0.7788686752319336,-0.8968542218208313,0.10283640772104263,-0.4302060008049011,0.07404816895723343,0.9937793016433716,0.08318405598402023,0.43608415126800537,0.04274800792336464,-0.8988900184631348,0.9920967817306519,-0.08157636225223541,0.09533757716417313,0.07573381066322327,0.9951118230819702,0.06337834149599075,-0.10004173219203949,-0.05565716698765755,0.9934253692626953,0.8410935997962952,0.3609375059604645,0.4028469920158386,-0.23206183314323425,0.9135587811470032,-0.3340024948120117,-0.4885784387588501,0.18744193017482758,0.8521482348442078,-0.337259441614151,0.8185999393463135,-0.4649195969104767,-0.9387386441230774,-0.25523969531059265,0.23156534135341644,0.07089342921972275,0.5145356059074402,0.8545333743095398,0.32036176323890686,-0.8030386567115784,0.5024910569190979,0.5284302830696106,0.5917415618896484,0.6087719798088074,-0.7862122654914856,0.07050425559282303,0.6139213442802429,0.06979526579380035,0.49547767639160156,0.8658120632171631,-0.030238255858421326,0.8685806393623352,-0.49462446570396423,-0.9971029162406921,0.008341800421476364,0.07560519129037857,0.6477411985397339,0.7480867505073547,-0.1442137211561203,-0.34598660469055176,0.4574891924858093,0.8191440105438232,0.6787669658660889,-0.48069730401039124,0.5551625490188599,-0.049596380442380905,-0.4919104278087616,0.8692320585250854,0.9936050176620483,0.06408804655075073,0.09296112507581711,-0.10143593698740005,0.8682838678359985,0.48558613657951355,0.4346432685852051,0.9005231857299805,0.011969223618507385,-0.635563850402832,0.2972886264324188,0.7125153541564941,0.6380782723426819,-0.31729719042778015,0.7015544176101685
78,0.8627307415008545,0.26095589995384216,-0.43312549591064453,0.47699761390686035,-0.7042856812477112,0.5257898569107056,-0.16783608496189117,-0.660214900970459,-0.7320842146873474,-0.39763641357421875,0.9172763228416443,-0.022123068571090698,-0.8745611906051636,-0.37160593271255493,0.3115313649177551,0.27753928303718567,0.14322419464588165,0.9499782919883728,0.7151206731796265,0.16893604397773743,0.678279459476471,-0.20462872087955475,0.9784404635429382,-0.027952533215284348,-0.6683782935142517,-0.11880602687597275,0.7342721819877625,0.42266300320625305,0.36562538146972656,-0.8292611837387085,-0.2708212435245514,0.9241552352905273,0.2694307863712311,0.8648768067359924,0.11070311814546585,0.48962533473968506,0.10103531926870346,0.9920423030853271,-0.07512584328651428,-0.9693301916122437,0.08115499466657639,-0.2319759726524353,-0.2240331470966339,0.09625951945781708,0.9698160886764526,0.4527934193611145,0.878162145614624,-0.15430296957492828,-0.8911287188529968,0.4400002062320709,-0.11085782945156097,-0.02945781499147415,0.18769949674606323,0.9817846417427063,0.5012902021408081,-0.6032325625419617,0.6203374862670898,0.49795618653297424,0.7874256372451782,0.36331871151924133,-0.7076353430747986,0.12677277624607086,0.6951121687889099,-0.9175480604171753,0.15463611483573914,-0.36632391810417175,0.15943795442581177,0.9870561361312866,0.0173140037804842,0.36425963044166565,-0.04251950606703758,-0.9303262829780579,0.9906175136566162,-0.054142605513334274,0.12548093497753143,0.04868835583329201,0.9977479577064514,0.04613557457923889,-0.12769624590873718,-0.039593249559402466,0.9910227060317993,0.8229817152023315,0.34662744402885437,0.4500560760498047,-0.20793811976909637,0.9210903644561768,-0.32917216420173645,-0.5286424160003662,0.17731885612010956,0.8301175832748413,-0.3412773013114929,0.8166652321815491,-0.46538981795310974,-0.9371560215950012,-0.2573930621147156,0.23555758595466614,0.07258358597755432,0.5165333151817322,0.8531851768493652,0.3415890336036682,-0.7981408834457397,0.4962741434574127,0.5291300415992737,0.5997170805931091,0.600300669670105,-0.7767485976219177,0.05753742530941963,0.6271770596504211,0.09629694372415543,0.5079621076583862,0.8559798002243042,-0.056565284729003906,0.8613793849945068,-0.5048028826713562,-0.9937440752983093,0.0001922314550029114,0.11168122291564941,0.6640297770500183,0.7389079928398132,-0.1143653616309166,-0.3621992766857147,0.45169126987457275,0.815344512462616,0.6541224122047424,-0.4999900162220001,0.5675684213638306,0.4041397273540497,-0.18128247559070587,0.8965532779693604,0.009736874140799046,0.9809610247612,0.19396057724952698,-0.9146454334259033,-0.06965754926204681,0.39821043610572815,0.6936447024345398,-0.36538368463516235,-0.6207670569419861,0.13285548985004425,0.9119075536727905,-0.3882963955402374,0.7079593539237976,0.18686743080615997,0.681083083152771
79,-0.3263415992259979,0.7755914926528931,-0.5403323173522949,0.21488115191459656,0.6175325512886047,0.7566238045692444,0.9205037951469421,0.13081058859825134,-0.3681865632534027,0.46727004647254944,0.44968143105506897,-0.7612130641937256,-0.3269164562225342,0.8878465294837952,0.32381191849708557,0.8214525580406189,0.09754547476768494,0.5618723630905151,0.7299527525901794,0.27081599831581116,0.6275568604469299,-0.300889790058136,0.9517237544059753,-0.06072228401899338,-0.6137053966522217,-0.14450106024742126,0.7761991620063782,-0.562457263469696,0.7492767572402954,-0.3496086001396179,-0.4405021071434021,0.08627694100141525,0.8935962319374084,0.6997140645980835,0.6566129922866821,0.28153088688850403,0.14898830652236938,0.4603201448917389,-0.8751615881919861,-0.49727845191955566,0.7998623847961426,0.3360569179058075,0.8547026515007019,0.38513046503067017,0.3480774462223053,-0.16986171901226044,0.1066838726401329,0.9796762466430664,-0.18921342492103577,0.972095787525177,-0.13866525888442993,-0.9671325087547302,-0.20892181992530823,-0.14493584632873535,0.5893324613571167,-0.5972798466682434,0.5440073609352112,0.5121172070503235,0.7969822883605957,0.32024234533309937,-0.6248385310173035,0.08986631780862808,0.7755648493766785,0.24039535224437714,0.9674153327941895,0.07948388904333115,-0.3623555600643158,0.1654045134782791,-0.9172457456588745,-0.9005045890808105,0.19170019030570984,0.39031079411506653,0.8642165064811707,-0.4323044419288635,0.2573765814304352,0.33352145552635193,0.8752648234367371,0.35024988651275635,-0.376687228679657,-0.2168511152267456,0.9006010890007019,0.09164812415838242,0.23595832288265228,-0.9674317836761475,-0.5840369462966919,0.7996154427528381,0.1396998018026352,0.8065367341041565,0.552212655544281,0.21109163761138916,0.6907549500465393,0.6950454115867615,-0.19942286610603333,-0.7164296507835388,0.6951940655708313,-0.05859833583235741,0.09790909290313721,0.18334954977035522,0.9781599044799805,-0.24364104866981506,-0.8336745500564575,-0.4956064522266388,0.9275830984115601,-0.34953582286834717,0.13196317851543427,-0.28324654698371887,-0.4275645315647125,0.858463704586029,-0.5697798728942871,-0.4696669578552246,0.6743618249893188,0.4218395948410034,0.5370813012123108,0.730475902557373,-0.7052674889564514,0.7006829977035522,-0.10789398849010468,0.20638999342918396,0.40969350934028625,-0.8885687589645386,0.00842352956533432,0.9073431491851807,0.42030638456344604,0.9784335494041443,-0.09423191845417023,0.18381547927856445,0.8655834794044495,0.04682996869087219,0.49857014417648315,-0.13614216446876526,0.9801239967346191,0.14429911971092224,-0.4819030463695526,-0.19277936220169067,0.8547546863555908,0.7634883522987366,-0.6127716302871704,-0.20395198464393616,0.4310004711151123,0.7186393737792969,-0.5457068681716919,0.4809616506099701,0.3287374675273895,0.8127776980400085
80,-0.3035585880279541,0.7868513464927673,-0.537324070930481,0.2224903255701065,0.6068814992904663,0.763015627861023,0.9264719486236572,0.11207053065299988,-0.3592908978462219,0.5589265823364258,0.3761810064315796,-0.7389783263206482,-0.27394944429397583,0.9249067306518555,0.2636271119117737,0.7826575040817261,0.05509450286626816,0.6200094819068909,0.736960768699646,0.6063920855522156,0.29862597584724426,-0.6145156621932983,0.7850738167762756,-0.07765088230371475,-0.28153032064437866,-0.12628468871116638,0.9512060284614563,-0.38789471983909607,0.8166422843933105,-0.4273558557033539,-0.5428153872489929,0.17232058942317963,0.8219836354255676,0.7449088096618652,0.5508184432983398,0.3764437735080719,0.11437790840864182,0.4934227168560028,-0.8622364401817322,-0.5488775968551636,0.754818320274353,0.35914161801338196,0.8280404806137085,0.4321844279766083,0.3571632206439972,-0.12902164459228516,0.06546079367399216,0.9894788265228271,-0.15978778898715973,0.9834073185920715,-0.08589442074298859,-0.9786834120750427,-0.16918887197971344,-0.11642099916934967,0.5808995366096497,-0.5990606546401978,0.5510735511779785,0.5131945013999939,0.7950483560562134,0.3233102560043335,-0.631812572479248,0.09499712288379669,0.7692778706550598,0.23367831110954285,0.9694526791572571,0.07453814148902893,-0.36304906010627747,0.15811175107955933,-0.9182570576667786,-0.90199214220047,0.1875157505273819,0.38890618085861206,0.8686884045600891,-0.4373330771923065,0.23263758420944214,0.3437376618385315,0.8703489303588867,0.3526148200035095,-0.35668596625328064,-0.22634610533714294,0.9063898324966431,0.08797577023506165,0.23548199236392975,-0.9678886532783508,-0.5984137058258057,0.7892767786979675,0.13763417303562164,0.7963424324989319,0.5670893788337708,0.21035288274288177,0.6697193384170532,0.7067680358886719,-0.22793617844581604,-0.7325449585914612,0.6791232228279114,-0.04657856002449989,0.12187651544809341,0.1981680691242218,0.9725612998008728,-0.25029462575912476,-0.8293203711509705,-0.49958014488220215,0.929934024810791,-0.3495124578475952,0.11429663747549057,-0.269398033618927,-0.4359687566757202,0.858694314956665,-0.34978893399238586,0.18023662269115448,0.9193271994590759,0.280043363571167,0.956565260887146,-0.08098533749580383,-0.8939929604530334,0.22912371158599854,-0.38506999611854553,0.2047489881515503,0.4074491262435913,-0.8899792432785034,-0.0035655188839882612,0.909546434879303,0.41558706760406494,0.9788080453872681,-0.08191779255867004,0.18768148124217987,0.8643988966941833,0.05105417221784592,0.5002080202102661,-0.1434497982263565,0.9785257577896118,0.1480184644460678,-0.48190945386886597,-0.199701726436615,0.8531603217124939,0.7082070112228394,-0.6641414761543274,-0.2394973486661911,0.42734238505363464,0.67328280210495,-0.6033810973167419,0.5619798302650452,0.32497134804725647,0.7606393694877625
81,0.8667528629302979,0.2659924030303955,-0.4218856394290924,0.4746628701686859,-0.6995962262153625,0.5340976715087891,-0.1530836671590805,-0.6631841659545898,-0.7326337099075317,-0.35384416580200195,0.9315442442893982,0.08378348499536514,-0.9301344156265259,-0.35987919569015503,0.07305449992418289,0.09820543229579926,-0.05207999423146248,0.9938024878501892,0.8094141483306885,0.11509935557842255,0.5758479833602905,-0.1390589475631714,0.9902809858322144,-0.0024736199993640184,-0.5705360770225525,-0.0780746340751648,0.8175530433654785,-0.31039300560951233,0.9150908589363098,-0.25741976499557495,-0.7022271156311035,-0.03820348158478737,0.7109272480010986,0.6407286524772644,0.4014339745044708,0.6544597148895264,0.07654856145381927,0.9960050582885742,-0.04598110914230347,-0.9626777768135071,0.0618228018283844,-0.2634946405887604,-0.25959932804107666,0.06443512439727783,0.963564395904541,0.6267534494400024,0.7524572014808655,0.20245563983917236,-0.7210319638252258,0.6585503816604614,-0.21546298265457153,-0.29545390605926514,-0.010934818536043167,0.9552944302558899,0.8793803453445435,-0.4315851330757141,0.20105834305286407,0.41165751218795776,0.9013773202896118,0.13437657058238983,-0.23922434449195862,-0.035400938242673874,0.9703187346458435,-0.901989758014679,0.02919105440378189,-0.43076950311660767,-0.04152952507138252,0.9872198700904846,0.15385767817497253,0.42975547909736633,0.15666770935058594,-0.8892499208450317,0.5978749394416809,0.3907260596752167,-0.6999133825302124,-0.693058967590332,0.6906883120536804,-0.20644357800483704,0.4027591049671173,0.6085086464881897,0.6837413907051086,0.13934800028800964,-0.3500407636165619,0.9263118505477905,0.18517737090587616,0.9281482696533203,0.3228779137134552,-0.9727751612663269,0.12653958797454834,0.1941552311182022,-0.0316227488219738,0.9751271605491638,-0.21937862038612366,-0.9862509369850159,-0.06606169044971466,-0.1514759510755539,-0.16220083832740784,0.2115722894668579,0.9638091325759888,0.7129908204078674,-0.6626164317131042,0.22931107878684998,0.5785239338874817,0.7407079339027405,0.34155797958374023,-0.39617446064949036,-0.1108657568693161,0.9114574193954468,0.07469955831766129,0.4143845736980438,0.9070310592651367,0.024258386343717575,0.9085480570793152,-0.4170754551887512,-0.9969109892845154,0.053158462047576904,0.05781583860516548,0.7317133545875549,0.599714994430542,-0.32394060492515564,-0.2830789387226105,0.6997050642967224,0.6559566259384155,0.6200498938560486,-0.3882714807987213,0.6817502379417419,0.3191797435283661,-0.02977784164249897,0.9472262263298035,-0.4560653865337372,0.8713313937187195,0.18106889724731445,-0.8307397961616516,-0.4897906184196472,0.2645307183265686,0.5764226317405701,-0.5267217755317688,-0.6247408390045166,0.17238745093345642,0.8257114887237549,-0.5371062159538269,0.798761248588562,0.20190271735191345,0.5667589902877808
82,-0.361715167760849,-0.1943855583667755,0.9117984175682068,0.30866342782974243,0.8978935480117798,0.31386956572532654,0.8797096014022827,-0.39497023820877075,0.26478198170661926,0.9169896245002747,-0.34954941272735596,0.19221137464046478,0.3584061861038208,0.9334853291511536,-0.01225475687533617,-0.17514285445213318,0.08012723177671432,0.9812770485877991,-0.6142355799674988,0.717568576335907,-0.3283442258834839,-0.7239925861358643,-0.3469141721725464,0.5962258577346802,0.31392568349838257,0.6039419174194336,0.7326014041900635,-0.5090780854225159,0.8431738615036011,-0.17290836572647095,-0.5629137754440308,-0.17418132722377777,0.8079535365104675,0.6511279344558716,0.5086439251899719,0.5633060932159424,-0.17303162813186646,-0.3136264681816101,0.9336479306221008,0.3270605802536011,0.8758587837219238,0.3548278510570526,-0.9290271401405334,0.366755872964859,-0.048976413905620575,-0.770452618598938,0.6164091229438782,-0.16261163353919983,-0.5484592318534851,-0.7709404826164246,-0.3237951099872589,-0.32495415210723877,-0.1602829545736313,0.9320483803749084,0.28014707565307617,0.09364087134599686,-0.9553790092468262,-0.12541218101978302,0.9902713894844055,0.060286037623882294,0.9517296552658081,0.10292720794677734,0.28916534781455994,-0.43122386932373047,0.4295273423194885,0.7934432625770569,0.11924916505813599,0.8988282680511475,-0.4217670261859894,-0.8943297266960144,-0.08725856989622116,-0.43881696462631226,0.7882756590843201,0.03454291820526123,-0.6143519282341003,-0.08957885205745697,0.9942284822463989,-0.05903663858771324,0.6087669134140015,0.10157008469104767,0.7868204116821289,0.6041070818901062,-0.36883819103240967,0.7064085006713867,0.24767358601093292,0.9294425249099731,0.27348557114601135,-0.757438063621521,0.009744158014655113,0.6528342962265015,0.20370812714099884,-0.22015859186649323,0.9539566040039062,0.25841352343559265,0.9519241452217102,0.16450785100460052,-0.9443121552467346,0.21300369501113892,0.25080665946006775,-0.26383596658706665,-0.47943392395973206,-0.8369789123535156,0.7830871939659119,0.40016594529151917,-0.47606897354125977,0.5631740689277649,-0.781031608581543,0.2698603868484497,-0.7985684275627136,0.32376912236213684,-0.5074071884155273,-0.31625184416770935,0.491566926240921,0.8113856911659241,0.5121262073516846,0.8084154725074768,-0.2901572287082672,0.470988929271698,-0.03705594688653946,-0.8813604712486267,0.019526973366737366,0.9993104338645935,-0.03158004954457283,0.8819229602813721,-0.002336450619623065,0.47138774394989014,0.606212317943573,0.6958875060081482,0.38502880930900574,-0.778053879737854,0.4186474680900574,0.46836572885513306,0.16473853588104248,-0.5835022330284119,0.7952272295951843,0.5153912901878357,-0.8560766577720642,-0.038788240402936935,0.5266187191009521,0.3521031439304352,-0.7737545371055603,0.6760506629943848,0.37835973501205444,0.6322969198226929
83,-0.36446911096572876,-0.21503351628780365,0.9060479402542114,0.33048784732818604,0.8797681331634521,0.34173935651779175,0.8705975413322449,-0.42399126291275024,0.24958233535289764,0.9217211008071899,-0.3536503314971924,0.15925338864326477,0.3605351746082306,0.9326142072677612,-0.01565769873559475,-0.14298461377620697,0.07184847444295883,0.9871135950088501,-0.6429531574249268,0.7417328953742981,-0.19090211391448975,-0.7340484261512756,-0.5256239175796509,0.42999112606048584,0.21859581768512726,0.4165955185890198,0.8824194073677063,-0.5206971764564514,0.8522154092788696,0.051023080945014954,-0.6729271411895752,-0.4464641213417053,0.5897786021232605,0.5253983736038208,0.2727612555027008,0.8059514760971069,-0.20973695814609528,-0.2621573209762573,0.9419575333595276,0.2922126352787018,0.9025493264198303,0.3162538707256317,-0.9330713748931885,0.3415820002555847,-0.11269226670265198,-0.2435748130083084,0.9495413303375244,-0.19759181141853333,-0.9572857022285461,-0.26809701323509216,-0.10829652100801468,-0.1558057963848114,0.1627735048532486,0.9742839932441711,0.2511517107486725,0.35835015773773193,-0.8991706967353821,-0.4539843201637268,0.8640438914299011,0.21754637360572815,0.8548807501792908,0.3535722494125366,0.3796914517879486,-0.2120201587677002,0.5135655999183655,0.8314432501792908,0.053279973566532135,0.8555947542190552,-0.5148969292640686,-0.9758118391036987,-0.06486926227807999,-0.20876610279083252,0.940955638885498,0.04460514709353447,-0.33557844161987305,-0.06396891921758652,0.9968507885932922,-0.04686605557799339,0.3324311673641205,0.06556546688079834,0.9408457279205322,0.6135448217391968,-0.3395503759384155,0.712929368019104,0.2391941398382187,0.9403294324874878,0.2420056015253067,-0.7525615692138672,0.022047247737646103,0.65815269947052,0.19191540777683258,-0.21470293402671814,0.9576383233070374,0.2458445429801941,0.9551825523376465,0.16488391160964966,-0.9501205086708069,0.20378638803958893,0.2360977977514267,-0.3203922510147095,-0.45753324031829834,-0.8294649720191956,0.7680291533470154,0.38709601759910583,-0.5101841688156128,0.5545088052749634,-0.8005123138427734,0.2273762971162796,-0.8016695976257324,0.3329508602619171,-0.4964570701122284,-0.33322781324386597,0.44058749079704285,0.83357173204422,0.49627119302749634,0.8336824178695679,-0.24225710332393646,0.6498552560806274,0.3236564099788666,-0.6877024173736572,-0.09973058849573135,0.9332904815673828,0.3449966013431549,0.7534865140914917,-0.15561290085315704,0.6387822031974792,0.8686736226081848,0.49197036027908325,0.05806312710046768,-0.4810113310813904,0.8096263408660889,0.3363528847694397,0.11846620589494705,-0.32010990381240845,0.9399443864822388,0.5238723754882812,-0.7875436544418335,-0.324550062417984,0.3494567573070526,0.5461877584457397,-0.7612876892089844,0.7768125534057617,0.2854013741016388,0.561345100402832
84,0.5918196439743042,-0.36562758684158325,0.7183772921562195,0.6748510599136353,-0.26263925433158875,-0.689635157585144,-0.4408237338066101,-0.8929373621940613,-0.09130910038948059,-0.21730546653270721,0.6468846797943115,0.7309709787368774,-0.5310152769088745,0.5500098466873169,-0.6446021795272827,-0.8190245032310486,-0.5282323360443115,0.2239854782819748,0.6426932215690613,0.765636146068573,0.027325192466378212,-0.7660608291625977,0.6426883339881897,0.010125079192221165,-0.009809455834329128,-0.027440080419182777,0.9995753169059753,0.7186606526374817,-0.679980993270874,-0.14543966948986053,0.6541999578475952,0.7320587635040283,-0.1900327354669571,0.23568904399871826,0.041422419250011444,0.9709453582763672,-0.020608380436897278,0.9259076714515686,0.3771872818470001,-0.7584329843521118,0.23133552074432373,-0.6093137860298157,-0.6514251232147217,-0.2986282706260681,0.6974714994430542,0.32013776898384094,0.7322073578834534,0.6011523604393005,-0.6655870676040649,0.6253929138183594,-0.40728071331977844,-0.6741703748703003,-0.2697333097457886,0.6875596046447754,0.4898104667663574,-0.14825725555419922,-0.8591306805610657,0.19312694668769836,0.9794039130210876,-0.05890622362494469,0.8501691818237305,-0.13706839084625244,0.5083547830581665,-0.21210873126983643,0.09199025481939316,-0.9729068279266357,-0.9769577980041504,-0.044140368700027466,0.20881834626197815,-0.02373521588742733,0.9947810769081116,0.09923315048217773,0.8650391697883606,0.2784182131290436,-0.41736137866973877,-0.37751585245132446,0.9091269373893738,-0.17598304152488708,0.3304376006126404,0.30979275703430176,0.8915376663208008,0.54462730884552,-0.006234145723283291,-0.8386549949645996,0.1821565330028534,0.9769806265830994,0.11103110015392303,0.8186574578285217,-0.21323706209659576,0.533225953578949,-0.16796369850635529,0.6496312618255615,0.7414630651473999,-0.3617444634437561,0.6590595245361328,-0.6593796014785767,-0.9170218706130981,-0.37897199392318726,0.12430243194103241,0.6101046800613403,-0.11303126811981201,-0.7842169404029846,0.09669625014066696,0.9929955005645752,-0.06789537519216537,0.7863982319831848,-0.03440755233168602,0.6167608499526978,0.09718699753284454,0.8578723073005676,-0.5045887231826782,-0.9884734749794006,0.14233063161373138,0.05159594863653183,0.11608116328716278,0.4937581419944763,0.8618167042732239,0.9704969525337219,0.21949619054794312,0.09978538006544113,-0.2381475567817688,0.937330961227417,0.2543548345565796,-0.037702012807130814,-0.2706142067909241,0.961949348449707,-0.6230657696723938,0.7325021624565125,-0.27428025007247925,-0.10628025233745575,0.26812827587127686,0.9575028419494629,0.7749152183532715,0.6257377862930298,-0.08921103179454803,0.48329421877861023,-0.24121125042438507,0.8415722250938416,0.31105566024780273,0.9458818435668945,0.09247682243585587,-0.8183343410491943,0.21708230674266815,0.5321693420410156
85,-0.3518516719341278,0.7933154106140137,-0.49684110283851624,0.2380634993314743,0.5891680121421814,0.7721443176269531,0.9052768349647522,0.15340052545070648,-0.39615917205810547,0.6060274243354797,0.3638732135295868,-0.7073379755020142,-0.26566174626350403,0.9307648539543152,0.25119832158088684,0.7497696876525879,0.03567957133054733,0.6607362031936646,0.7238735556602478,0.5855790376663208,0.36483457684516907,-0.5972229838371277,0.796593189239502,-0.09361594915390015,-0.34544429183006287,-0.15012148022651672,0.9263540506362915,-0.4719196856021881,0.7871965765953064,-0.39700552821159363,-0.4507870078086853,0.17154395580291748,0.875993013381958,0.7576825618743896,0.5923632979393005,0.2739030122756958,0.15953698754310608,0.4801187217235565,-0.86257404088974,-0.5266332030296326,0.780441403388977,0.3369995355606079,0.8349882364273071,0.400496244430542,0.37735575437545776,-0.2326498031616211,0.07474549114704132,0.9696840643882751,-0.15637712180614471,0.9811946749687195,-0.11315127462148666,-0.9599063992500305,-0.17796102166175842,-0.21658626198768616,0.398090660572052,-0.5211928486824036,0.7549051642417908,0.42357388138771057,0.8343803286552429,0.3526962995529175,-0.813700795173645,0.1793530136346817,0.5529226660728455,0.0690549835562706,0.6879979968070984,0.7224196195602417,-0.07332847267389297,0.7256898880004883,-0.6841031312942505,-0.9949142336845398,-0.005733197554945946,0.10056234896183014,0.9637499451637268,-0.02868622913956642,-0.2652604877948761,0.02927500754594803,0.9995698928833008,-0.001734535675495863,0.26519614458084106,-0.0060938443057239056,0.9641752243041992,0.32207220792770386,0.5018308758735657,-0.8027672171592712,-0.8996497392654419,0.42626968026161194,-0.094469353556633,0.2947876751422882,0.7526353001594543,0.5887616872787476,0.6947053670883179,0.7114388942718506,-0.10601487010717392,-0.7192886471748352,0.6865251660346985,-0.10633452236652374,-0.00286864023655653,0.15012645721435547,0.9886626601219177,-0.26191651821136475,-0.8218430876731873,-0.5059384107589722,0.9360247254371643,-0.34401318430900574,0.07424720376729965,-0.23506903648376465,-0.4541243016719818,0.8593681454658508,-0.3307267427444458,0.2122860997915268,0.9195403456687927,0.2944829761981964,0.9489337801933289,-0.11315660923719406,-0.8966044783592224,0.2333650439977646,-0.3763524293899536,0.2300950437784195,0.41475218534469604,-0.880361795425415,-0.020420415326952934,0.9064933657646179,0.4217260181903839,0.9729539155960083,-0.07905971258878708,0.21704904735088348,0.8758376240730286,0.020039891824126244,0.48218971490859985,-0.0975414514541626,0.9858678579330444,0.13619905710220337,-0.47264593839645386,-0.1663217395544052,0.8654148578643799,0.747380793094635,-0.6220244765281677,-0.2334684282541275,0.41333067417144775,0.7104242444038391,-0.5696096420288086,0.5201727747917175,0.3292156457901001,0.7880592346191406
86,0.8720847964286804,0.25676581263542175,-0.4165806472301483,0.46404504776000977,-0.7041482329368591,0.5374360084533691,-0.1553393304347992,-0.6620019674301147,-0.7332278490066528,-0.31006187200546265,0.9451001882553101,0.10318580269813538,-0.9479613900184631,-0.3155936598777771,0.042069099843502045,0.07232429832220078,-0.08477213233709335,0.993772029876709,0.8447715044021606,0.10427723824977875,0.5248688459396362,-0.1222333163022995,0.9925013184547424,-0.00044976724893786013,-0.5209799408912659,-0.06377650797367096,0.8511829972267151,-0.11400077491998672,0.9931514263153076,0.025574764236807823,-0.9194777011871338,-0.11522328108549118,0.37587809562683105,0.376250684261322,0.01933496817946434,0.9263161420822144,0.10222858935594559,0.992311418056488,-0.06976623088121414,-0.9699751734733582,0.08387772738933563,-0.2282819151878357,-0.22067491710186005,0.09100845456123352,0.971092164516449,0.45698633790016174,0.8824556469917297,-0.11151458323001862,-0.8875970244407654,0.4442842900753021,-0.12158527225255966,-0.0577494353055954,0.15454281866550446,0.9862968921661377,0.6304510235786438,-0.5744525194168091,0.5220496654510498,0.5012367367744446,0.8148101568222046,0.29128363728523254,-0.5927000045776367,0.07803041487932205,0.8016345500946045,-0.891238808631897,0.2610570788383484,-0.37086737155914307,0.3473118841648102,0.9187250733375549,-0.1879327893257141,0.2916639447212219,-0.29629963636398315,-0.9094716310501099,0.5820102095603943,0.18968206644058228,-0.7907494902610779,-0.44116711616516113,0.8905221223831177,-0.11109421402215958,0.6831073760986328,0.41351065039634705,0.6019744873046875,0.3415102958679199,0.3795296847820282,0.8598418235778809,-0.04066620022058487,0.9199540615081787,-0.3899112045764923,-0.9389978647232056,0.09819218516349792,0.3296078145503998,-0.33907008171081543,0.8220338225364685,-0.45748433470726013,-0.939093828201294,-0.26681414246559143,0.21659405529499054,0.05598434433341026,0.5030612945556641,0.8624355792999268,0.32992467284202576,-0.8266573548316956,0.4558369815349579,0.5722866058349609,0.5591716766357422,0.599845826625824,-0.7507581114768982,0.06296545267105103,0.6575694680213928,0.03398659825325012,0.4682011902332306,0.8829680681228638,0.01761273480951786,0.8830606341362,-0.4689282178878784,-0.9992671012878418,0.03148875758051872,0.021765923127532005,0.6784146428108215,0.678821325302124,-0.28098952770233154,-0.3010704517364502,0.6057518720626831,0.7364925146102905,0.6701567769050598,-0.4150497019290924,0.6153240203857422,0.36915916204452515,-0.10989563167095184,0.9228458404541016,-0.2241169959306717,0.9531521797180176,0.2031564563512802,-0.9019384980201721,-0.2818225026130676,0.3272353708744049,0.6793118119239807,-0.40637168288230896,-0.6110625863075256,0.14819186925888062,0.8914893269538879,-0.428119033575058,0.7187312841415405,0.2002718150615692,0.6658202409744263
87,0.8615455031394958,0.28217583894729614,-0.42203810811042786,0.4966634213924408,-0.6407110691070557,0.585503876209259,-0.10518944263458252,-0.7140491008758545,-0.6921481490135193,-0.28949588537216187,0.9551604390144348,0.06213405728340149,-0.9477243423461914,-0.29513314366340637,0.12130539864301682,0.1342039406299591,-0.02376854047179222,0.9906686544418335,0.852527379989624,0.13480651378631592,0.5049992203712463,-0.152496799826622,0.9882833957672119,-0.0063749272376298904,-0.49994173645973206,-0.07157596945762634,0.8630962371826172,-0.11856745928525925,0.9890245199203491,-0.08816063404083252,-0.8736588358879089,-0.06171779707074165,0.48260873556137085,0.4718707799911499,0.13424400985240936,0.8713877201080322,0.055546198040246964,0.9854306578636169,-0.16075146198272705,-0.9886270761489868,0.03174673020839691,-0.146998792886734,-0.1397537887096405,0.16708847880363464,0.9759868383407593,0.655626654624939,0.7285369038581848,0.1984633207321167,-0.6993025541305542,0.6849897503852844,-0.2043648213148117,-0.2848326563835144,-0.0047988793812692165,0.9585652351379395,0.8712664842605591,-0.4206210672855377,0.2529280483722687,0.3967791199684143,0.9069473743438721,0.1414664387702942,-0.28889620304107666,-0.02289840765297413,0.9570865631103516,-0.9130098223686218,-0.019558969885110855,-0.4074684679508209,-0.12655696272850037,0.9631468653678894,0.23734250664710999,0.38780978322029114,0.2682639956474304,-0.8818378448486328,0.6433547139167786,0.4886358976364136,-0.5893468260765076,-0.7278033494949341,0.6291733384132385,-0.2728428244590759,0.2374805063009262,0.6044633388519287,0.7604124546051025,0.25097861886024475,-0.4786759912967682,0.8413554430007935,0.24269546568393707,0.8725305199623108,0.4240158200263977,-0.9370745420455933,0.09777424484491348,0.3351590037345886,-0.34795787930488586,0.8081721663475037,-0.47516635060310364,-0.9332284331321716,-0.2501991391181946,0.25784698128700256,0.08949853479862213,0.5331586599349976,0.841268002986908,0.26867058873176575,-0.8579351902008057,0.4379079341888428,0.5761363506317139,0.5074678659439087,0.6407365202903748,-0.7719346284866333,0.0801476240158081,0.630629301071167,0.015137179754674435,0.4810969829559326,0.8765366673469543,0.004941038321703672,0.8765904307365417,-0.4812118113040924,-0.9998732209205627,0.011615190654993057,0.010891987942159176,0.6262837648391724,0.740689754486084,-0.24320217967033386,-0.2951318621635437,0.5140017867088318,0.8054187297821045,0.7215717434883118,-0.43264397978782654,0.5405121445655823,0.39680215716362,-0.10073866695165634,0.9123594760894775,-0.2118125706911087,0.9570847749710083,0.19779828190803528,-0.8931312561035156,-0.2717359960079193,0.35843557119369507,0.6636594533920288,-0.4966089725494385,-0.5594065189361572,0.20518885552883148,0.8400066494941711,-0.502281129360199,0.7193425297737122,0.2185596376657486,0.6593770384788513
88,0.8673836588859558,0.2383708506822586,-0.43683505058288574,0.45798709988594055,-0.72574782371521,0.5133594274520874,-0.1946621686220169,-0.6453444361686707,-0.7386726140975952,-0.4485645592212677,0.8935890197753906,-0.016986224800348282,-0.8495417237281799,-0.42039620876312256,0.3186626732349396,0.27761250734329224,0.15737128257751465,0.9477159976959229,0.7021898627281189,0.10718923062086105,0.7038748860359192,-0.14516806602478027,0.9893897175788879,-0.005848156753927469,-0.6970334649085999,-0.09807363897562027,0.7102999091148376,-0.43588948249816895,0.8268356919288635,-0.3554477095603943,-0.5515009760856628,0.06671466678380966,0.8315021395683289,0.7112292647361755,0.5584728121757507,0.42692047357559204,0.19575278460979462,0.9806382656097412,-0.005421544890850782,-0.9445713758468628,0.18706157803535461,-0.2698014974594116,-0.2635635435581207,0.0579354353249073,0.962900698184967,0.3519536256790161,0.9211961627006531,-0.16591037809848785,-0.9347308278083801,0.3366139531135559,-0.11388320475816727,-0.04906102642416954,0.19516314566135406,0.9795429110527039,0.4929640293121338,-0.6320708990097046,0.597890317440033,0.5255610346794128,0.7639795541763306,0.3743271827697754,-0.6933773159980774,0.1296980082988739,0.7088062763214111,-0.804180920124054,0.3087991178035736,-0.5078741908073425,0.4795997142791748,0.8418453335762024,-0.2475491762161255,0.35110852122306824,-0.4426506459712982,-0.8250958919525146,0.4699740409851074,0.07359321415424347,-0.8796069622039795,-0.2818254232406616,0.9568704962730408,-0.07052179425954819,0.8364800214767456,0.2810390293598175,0.4704447090625763,0.1826762557029724,0.6080437898635864,0.7726008892059326,-0.0627111941576004,0.7914298176765442,-0.6080346703529358,-0.9811710715293884,0.06262276321649551,0.1827065795660019,-0.30004674196243286,0.8328325748443604,-0.4651471674442291,-0.9497337341308594,-0.21515130996704102,0.22741086781024933,0.08931814879179001,0.5099998712539673,0.8555246591567993,0.42732784152030945,-0.6867420673370361,0.5880274176597595,0.4483412802219391,0.7257628440856934,0.5217838287353516,-0.7850993871688843,0.0406641960144043,0.6180335283279419,0.1306980550289154,0.512886643409729,0.8484487533569336,-0.07308404892683029,0.8584453463554382,-0.5076714158058167,-0.9887248277664185,0.0043435972183942795,0.1496809720993042,0.7246081233024597,0.6500141024589539,-0.2289644479751587,-0.3222963511943817,0.6132901310920715,0.721110463142395,0.6091535687446594,-0.448728084564209,0.6538922190666199,0.3944019079208374,-0.11704818904399872,0.9114531874656677,-0.16682615876197815,0.9662533402442932,0.19627422094345093,-0.9036681652069092,-0.22946514189243317,0.3615654408931732,0.7161526679992676,-0.3448924422264099,-0.6067739129066467,0.13140574097633362,0.9204550385475159,-0.36809659004211426,0.6854618191719055,0.1838797777891159,0.7045071125030518
89,0.8714883923530579,0.32219401001930237,-0.36972835659980774,0.4874008893966675,-0.652504026889801,0.5802403688430786,-0.05429926514625549,-0.6858786344528198,-0.7256873250007629,-0.27608007192611694,0.9611291289329529,-0.0032555297948420048,-0.933986246585846,-0.2674809396266937,0.23690424859523773,0.2268247902393341,0.06844516098499298,0.9715275764465332,0.7464799284934998,0.1741129457950592,0.6422246098518372,-0.2059180736541748,0.978227436542511,-0.025860674679279327,-0.6327444314956665,-0.11294116824865341,0.7660801410675049,-0.0968567281961441,0.9751954674720764,-0.19902893900871277,-0.8327964544296265,0.03009999915957451,0.5527604222297668,0.5450402498245239,0.2192891538143158,0.8092239499092102,0.15341946482658386,0.9797624349594116,-0.12856125831604004,-0.9771748185157776,0.13107793033123016,-0.16717635095119476,-0.14694155752658844,0.1512749344110489,0.9775091409683228,0.4415431320667267,0.8903232216835022,-0.1111946552991867,-0.8941383957862854,0.42632898688316345,-0.1369677037000656,-0.07454001903533936,0.15990056097507477,0.9843147993087769,0.8328486084938049,-0.5367993116378784,0.13494326174259186,0.5175502896308899,0.8416872620582581,0.15396201610565186,-0.19622673094272614,-0.05838713049888611,0.9788186550140381,-0.9616675972938538,-0.034173619002103806,-0.2720801532268524,-0.10939563810825348,0.9576404690742493,0.26637813448905945,0.25145184993743896,0.28593161702156067,-0.9246702790260315,0.6882203817367554,0.5177817940711975,-0.5081877112388611,-0.7055844068527222,0.6406932473182678,-0.30275869369506836,0.16882948577404022,0.5669339895248413,0.8062769174575806,0.0048107244074344635,-0.5846177935600281,0.8112946152687073,0.2216360718011856,0.7917492985725403,0.5692192316055298,-0.975117564201355,0.17707379162311554,0.13338127732276917,0.016844388097524643,0.9592350721359253,-0.2821069359779358,-0.9979191422462463,-0.0014341912465170026,-0.0644615963101387,-0.0622384175658226,0.28260573744773865,0.957214891910553,0.6158211827278137,-0.7499209642410278,0.24162529408931732,0.6326200366020203,0.6534368991851807,0.4157067537307739,-0.46963411569595337,-0.10314403474330902,0.8768153190612793,-0.03560486435890198,0.2360016405582428,0.9711001515388489,0.1530681550502777,0.9615384340286255,-0.22806574404239655,-0.98757404088974,0.1405242681503296,-0.07035978138446808,0.5725851655006409,0.7537309527397156,-0.3225460350513458,-0.233911395072937,0.5272613763809204,0.8168726563453674,0.7857682108879089,-0.3922819495201111,0.4782082736492157,0.0263537485152483,-0.5393094420433044,0.8416951894760132,0.9962897300720215,0.08317650109529495,0.022100521251559258,-0.08192828297615051,0.837989866733551,0.5395004749298096,0.49419325590133667,0.8616541028022766,0.11543483287096024,-0.6825118064880371,0.3023015856742859,0.665425717830658,0.5384706854820251,-0.40763452649116516,0.7374845147132874
90,0.43663984537124634,0.737943708896637,-0.5145723819732666,-0.7883159518241882,0.5894438028335571,0.17639143764972687,-0.433478444814682,-0.3286260962486267,-0.8391074538230896,-0.7601031064987183,0.6427419781684875,0.09553015977144241,-0.6162096261978149,-0.7596334218978882,0.20794908702373505,0.20622549951076508,0.09919614344835281,0.9734634757041931,0.8090694546699524,-0.25745582580566406,0.5283210873603821,0.23765553534030914,0.9654883146286011,0.10654651373624802,-0.5375188589096069,0.03935489431023598,0.8423328995704651,-0.04312010481953621,-0.6642701625823975,-0.7462478280067444,0.5290073156356812,0.618458092212677,-0.5810859203338623,0.8475210070610046,-0.41982704401016235,0.3247358202934265,-0.8402795791625977,0.4493456780910492,-0.3033459186553955,-0.45641028881073,-0.8882761597633362,-0.05152798816561699,-0.2926088273525238,0.09515228122472763,0.9514862895011902,0.790397047996521,-0.589177131652832,-0.1677582859992981,0.6031708121299744,0.7963377833366394,0.045067306607961655,0.10703963041305542,-0.13680796325206757,0.984797477722168,0.9594705700874329,0.23776283860206604,0.15127813816070557,-0.23081760108470917,0.9710080027580261,-0.062182992696762085,-0.16167707741260529,0.024745097383856773,0.9865334033966064,0.5254233479499817,0.8247576355934143,-0.2090577483177185,-0.6733838319778442,0.25289976596832275,-0.6946912407875061,-0.5200812220573425,0.5057830810546875,0.6882579326629639,0.872604250907898,0.4817482531070709,-0.08050128817558289,-0.4798291325569153,0.8147280216217041,-0.3255491852760315,-0.0912460908293724,0.32270246744155884,0.9420919418334961,0.5756223797798157,-0.18284371495246887,-0.7970113158226013,0.49485746026039124,0.8538309931755066,0.16152013838291168,0.6509800553321838,-0.48738160729408264,0.5819657444953918,-0.7728824615478516,0.49316704273223877,-0.3992981016635895,-0.6086821556091309,-0.7540267705917358,0.24687977135181427,-0.17932850122451782,0.43385469913482666,0.8829560279846191,0.08738750964403152,0.9440162777900696,-0.31811437010765076,-0.9501556158065796,-0.016950977966189384,-0.3113148808479309,-0.2992786467075348,0.3294631838798523,0.8954810500144958,-0.12842108309268951,0.542212724685669,0.8303694128990173,0.009922284632921219,0.8379631042480469,-0.5456367135047913,-0.9916700720787048,-0.06183209270238876,-0.11299211531877518,0.4867522716522217,0.873264491558075,-0.021940406411886215,-0.28386810421943665,0.18188002705574036,0.9414555430412292,0.826130211353302,-0.45202746987342834,0.3364224433898926,0.5479694604873657,-0.2301471084356308,0.8042150139808655,0.1970052570104599,0.9698702692985535,0.14331984519958496,-0.8129688501358032,0.07989968359470367,0.5767995119094849,0.36535346508026123,-0.7714824676513672,0.5208950638771057,0.8449110984802246,0.03997506573796272,-0.5334109663963318,0.39069435000419617,0.6349935531616211,0.6664391160011292
91,0.8643388748168945,0.34995439648628235,-0.3611789643764496,0.5021681189537048,-0.6395615935325623,0.5820550918579102,-0.02730344422161579,-0.6844654083251953,-0.7285338640213013,-0.23897747695446014,0.9708061218261719,-0.020622236654162407,-0.9395449161529541,-0.22581394016742706,0.25741684436798096,0.2452450543642044,0.08089234679937363,0.966080367565155,0.7280171513557434,0.2757488191127777,0.6276572346687317,-0.3072919547557831,0.9496714472770691,-0.06079268082976341,-0.6128316521644592,-0.14861589670181274,0.7761125564575195,-0.2264440357685089,0.8412829637527466,-0.4908829629421234,-0.6067109704017639,0.2724357545375824,0.7467801570892334,0.7619875073432922,0.46692797541618347,0.4487241208553314,0.17203159630298615,0.9733027815818787,-0.15194354951381683,-0.9782574772834778,0.15065674483776093,-0.14253033697605133,-0.11583384871482849,0.1731596291065216,0.978058397769928,0.47462761402130127,0.8699423670768738,-0.13389897346496582,-0.8790441751480103,0.4607461094856262,-0.12245132774114609,-0.04483215883374214,0.17582190036773682,0.9834005832672119,0.8900736570358276,-0.42957279086112976,0.15243393182754517,0.413831889629364,0.9017542600631714,0.12482935190200806,-0.191081240773201,-0.04802529886364937,0.9803986549377441,-0.931516706943512,-0.20958927273750305,-0.2972356081008911,-0.33841466903686523,0.7988829612731934,0.49725401401519775,0.13323736190795898,0.5637893080711365,-0.8151008486747742,0.835016131401062,0.5499307513237,-0.018006587401032448,-0.5144385099411011,0.7686784863471985,-0.3801136910915375,-0.19519491493701935,0.3266643285751343,0.9247645139694214,0.2961399257183075,-0.8416652083396912,0.4515537619590759,0.409803181886673,0.5389977097511292,0.7358959317207336,-0.8627644777297974,-0.032879993319511414,0.5045357942581177,0.037241555750370026,0.9572286009788513,-0.2869259715080261,-0.9980660676956177,0.021328475326299667,-0.058388955891132355,-0.049771882593631744,0.28854554891586304,0.9561716318130493,0.6057116389274597,-0.7579507827758789,0.24212393164634705,0.6360406875610352,0.644058346748352,0.4250189960002899,-0.4780854284763336,-0.10343830287456512,0.872201144695282,-0.04508426785469055,0.17831115424633026,0.9829407334327698,0.18021021783351898,0.9692508578300476,-0.1675620824098587,-0.98259437084198,0.1695815473794937,-0.07583145797252655,0.5600903034210205,0.8017058968544006,-0.2087259143590927,-0.26730260252952576,0.41336652636528015,0.8704466819763184,0.7841225266456604,-0.4317357838153839,0.4458206593990326,0.49978187680244446,-0.2123815268278122,0.8397095799446106,0.13946646451950073,0.976554274559021,0.16398441791534424,-0.8548492193222046,0.03515488654375076,0.5176842212677002,0.6362028121948242,-0.6354174017906189,-0.43759652972221375,0.3062077462673187,0.7285588979721069,-0.6127306222915649,0.708154559135437,0.2558254599571228,0.6580809354782104
92,0.8821690082550049,0.31823259592056274,-0.34713947772979736,0.4683891534805298,-0.6694174408912659,0.5766211152076721,-0.04888158291578293,-0.6712736487388611,-0.7395960092544556,-0.20325933396816254,0.9786859750747681,0.029315970838069916,-0.9631921648979187,-0.20524156093597412,0.17359942197799683,0.1759161651134491,0.007048788946121931,0.9843798875808716,0.7765887379646301,0.29517585039138794,0.5565798282623291,-0.31956103444099426,0.9459224939346313,-0.05577993020415306,-0.5429462790489197,-0.13454315066337585,0.8289194703102112,0.05508808791637421,0.969896137714386,-0.23720631003379822,-0.8475580215454102,0.17100976407527924,0.5023953318595886,0.5278359055519104,0.1733701080083847,0.8314638137817383,0.12595511972904205,0.9771050810813904,-0.17146722972393036,-0.9859572649002075,0.10419442504644394,-0.1305057853460312,-0.10965193808078766,0.1854972392320633,0.9765076637268066,0.6092422604560852,0.7605376243591309,0.22451360523700714,-0.7237058877944946,0.648999810218811,-0.23462523519992828,-0.32415062189102173,-0.01953820511698723,0.945803701877594,0.7883577346801758,-0.5313898324966431,0.3100273907184601,0.49034935235977173,0.8470731377601624,0.20499910414218903,-0.3715502917766571,-0.00959089770913124,0.9283632636070251,-0.8641568422317505,-0.4287472665309906,-0.2634553611278534,-0.47281262278556824,0.5125347971916199,0.7167679667472839,-0.17228227853775024,0.7439649701118469,-0.6456275582313538,0.8646363615989685,0.3541716933250427,0.3563234806060791,-0.2752789556980133,0.927283525466919,-0.2537059485912323,-0.42026835680007935,0.12127503007650375,0.899259090423584,0.4221949577331543,-0.9048924446105957,0.05404701456427574,0.5961384773254395,0.32206669449806213,0.7354535460472107,-0.6829131245613098,-0.27828529477119446,0.675416111946106,-0.05382454767823219,0.9327601790428162,-0.3564566969871521,-0.998513400554657,-0.04720425233244896,0.02725236490368843,0.008593648672103882,0.35739362239837646,0.933914303779602,0.5991421341896057,-0.7350232005119324,0.31744223833084106,0.592723548412323,0.6737408638000488,0.4413071572780609,-0.5382448434829712,-0.07625022530555725,0.839332103729248,-0.04510745406150818,0.22407777607440948,0.9735268354415894,0.15649814903736115,0.9640713930130005,-0.2146502137184143,-0.9866476655006409,0.1426728218793869,-0.07855456322431564,0.547688364982605,0.7662389278411865,0.3360287845134735,-0.5107171535491943,-0.011952619068324566,0.8596656918525696,0.6627257466316223,-0.6424446105957031,0.3847850561141968,0.034474100917577744,-0.7468377947807312,0.6641120910644531,0.8118675351142883,-0.366592675447464,-0.4544017016887665,0.5828229784965515,0.554836094379425,0.5936954021453857,0.5709542632102966,0.8157816529273987,0.09225795418024063,-0.6740630269050598,0.40165895223617554,0.6199266910552979,0.4686686098575592,-0.4161374866962433,0.7792171239852905
93,0.8963215947151184,0.2990614175796509,-0.3273681104183197,0.4432527720928192,-0.6236488223075867,0.6438859105110168,-0.011601293459534645,-0.7222356796264648,-0.6915497183799744,-0.30025914311408997,0.9528024196624756,-0.04485480859875679,-0.9090842008590698,-0.2716104984283447,0.3159012794494629,0.2888084650039673,0.13562904298305511,0.9477311968803406,0.7433420419692993,0.2172008901834488,0.6326661109924316,-0.24889113008975983,0.9677135944366455,-0.039795082062482834,-0.6208831071853638,-0.12788362801074982,0.7734015583992004,-0.09109199792146683,0.8323379158973694,-0.5467320084571838,-0.6213611364364624,0.3815275728702545,0.6843588352203369,0.7782111167907715,0.40205761790275574,0.48242831230163574,0.15593653917312622,0.9675889611244202,-0.19863390922546387,-0.9854645133018494,0.1386723518371582,-0.09813077747821808,-0.06740522384643555,0.21104884147644043,0.9751486778259277,0.42151176929473877,0.8949927687644958,-0.14599938690662384,-0.90537428855896,0.40625131130218506,-0.12352051585912704,-0.051237523555755615,0.18424943089485168,0.9815431237220764,0.8909596800804138,-0.43776601552963257,0.12063076347112656,0.4246624708175659,0.8973618745803833,0.12001420557498932,-0.16078759729862213,-0.05570045858621597,0.985416054725647,-0.9239956140518188,0.30993106961250305,-0.22399747371673584,0.35434696078300476,0.9141672849655151,-0.1968155950307846,0.14377190172672272,-0.26122957468032837,-0.9545096755027771,0.6107965111732483,0.2419961541891098,-0.7539001703262329,-0.5007055997848511,0.8556466102600098,-0.13100679218769073,0.6133689880371094,0.45750054717063904,0.6437947750091553,0.1300509124994278,0.34907054901123047,0.9280282855033875,0.03573278337717056,0.9337191581726074,-0.3562186062335968,-0.9908632040023804,0.07948759198188782,0.10895776748657227,-0.3059670925140381,0.7909026741981506,-0.529959499835968,-0.9299894571304321,-0.12917543947696686,0.3441413640975952,0.20372456312179565,0.5981526970863342,0.7750546336174011,0.2491907775402069,-0.8691408634185791,0.42719799280166626,0.5694274306297302,0.4882999360561371,0.661298394203186,-0.7833622097969055,0.07846879214048386,0.6165924668312073,0.02825215831398964,0.3065983057022095,0.9514196515083313,0.0901356190443039,0.9471407532691956,-0.3078959584236145,-0.9955286979675293,0.09445551782846451,-0.0008766560349613428,0.4052940905094147,0.8972773551940918,-0.17501430213451385,-0.16894428431987762,0.2616593837738037,0.9502590298652649,0.8984400629997253,-0.35556671023368835,0.2576389014720917,0.20000745356082916,-0.3108147084712982,0.9291884899139404,0.33624565601348877,0.9125307202339172,0.23286592960357666,-0.9202911853790283,0.2658606469631195,0.28702303767204285,0.6224356889724731,-0.5222336053848267,-0.5829630494117737,0.2004680186510086,0.8263677954673767,-0.5262402296066284,0.7565622329711914,0.21068525314331055,0.6190519332885742
