frame_id,raw_joint_0,raw_joint_1,raw_joint_2,raw_joint_3,raw_joint_4,raw_joint_5,raw_joint_6,raw_joint_7,raw_joint_8,raw_joint_9,raw_joint_10,raw_joint_11,raw_joint_12,raw_joint_13,raw_joint_14,raw_joint_15,raw_joint_16,raw_joint_17,raw_joint_18,raw_joint_19,raw_joint_20,raw_joint_21,raw_joint_22,raw_joint_23,raw_joint_24,raw_joint_25,raw_joint_26,raw_joint_27,raw_joint_28,raw_joint_29,raw_joint_30,raw_joint_31,raw_joint_32,raw_joint_33,raw_joint_34,raw_joint_35,raw_joint_36,raw_joint_37,raw_joint_38,raw_joint_39,raw_joint_40,raw_joint_41,raw_joint_42,raw_joint_43,raw_joint_44,raw_joint_45,raw_joint_46,raw_joint_47,raw_joint_48,raw_joint_49,raw_joint_50,raw_joint_51,raw_joint_52,raw_joint_53,raw_joint_54,raw_joint_55,raw_joint_56,raw_joint_57,raw_joint_58,raw_joint_59,raw_joint_60,raw_joint_61,raw_joint_62
0,-1.1252397298812866,3.1989779472351074,4.274247169494629,-0.9555286169052124,-0.013850758783519268,3.6685776710510254,-3.4033803939819336,0.07998919486999512,-1.0776067972183228,-5.340712547302246,0.42596590518951416,-2.426687479019165,-4.000099182128906,-0.012658260762691498,-5.229520797729492,2.396904706954956,-0.1567794382572174,-5.125976085662842,4.790013790130615,-6.606505870819092,-9.654468536376953,-2.975616455078125,-1.3136426210403442,-3.477052927017212,-2.534108877182007,0.4653887450695038,-7.023767471313477,0.010478713549673557,0.12087436765432358,-0.08929140120744705,-4.040356636047363,3.285050868988037,2.1278724670410156,5.456352710723877,0.326213538646698,-6.293014049530029,-2.481351852416992,-1.349871039390564,-7.601668834686279,-4.946962833404541,0.4634397029876709,5.3585920333862305,0.8214783668518066,-1.1936190128326416,-0.8138285875320435,-6.377664089202881,-15.11107063293457,-4.215672492980957,-0.4524022936820984,-0.6283829808235168,-4.470776557922363,1.2173051834106445,-0.5237186551094055,-2.5154621601104736,-0.9070817232131958,0.6294285655021667,-1.130002737045288,1.2377955913543701,2.5687971115112305,-3.010104179382324,2.2087464332580566,2.7123377323150635,0.7963213324546814
1,-1.3929365873336792,3.3188464641571045,4.138740062713623,-0.6296722292900085,-1.5327610969543457,2.910893440246582,-3.0634772777557373,0.18725867569446564,-0.9102540016174316,-5.25288724899292,0.5871387124061584,-2.5174238681793213,-3.9669790267944336,-0.09068407863378525,-5.174681186676025,2.2832069396972656,-0.09234193712472916,-4.905973434448242,4.812595844268799,-6.657223224639893,-9.639399528503418,-3.147869110107422,-1.5104092359542847,-3.4447619915008545,-2.5716347694396973,0.5468876361846924,-6.42948055267334,0.012161904945969582,0.11102049797773361,-0.11828399449586868,-4.045770645141602,3.3602936267852783,2.0960018634796143,5.457919597625732,0.24512583017349243,-6.155471324920654,4.864680290222168,0.5879296064376831,-6.723527431488037,-4.643690586090088,0.4759717583656311,5.659794330596924,0.7231946587562561,-1.3338632583618164,-0.7389962673187256,-5.824709892272949,-14.68600845336914,-3.7737135887145996,-0.5903618335723877,-0.4184117913246155,-4.609519958496094,1.1656895875930786,-0.4340122640132904,-2.338226556777954,-0.8530594110488892,0.6025639772415161,-1.0784780979156494,1.1826655864715576,2.832467794418335,-3.023951530456543,2.243189573287964,2.4908816814422607,0.7316346168518066
2,-1.2241326570510864,3.3834738731384277,4.028145790100098,-0.4535467028617859,-2.154714345932007,2.828636646270752,-3.3886678218841553,0.22523893415927887,-0.8961958885192871,-5.359023094177246,0.5819464325904846,-2.594094753265381,-3.9823741912841797,0.04058799892663956,-5.1259565353393555,2.5230424404144287,0.02078651636838913,-4.903473854064941,5.095519542694092,-6.864774227142334,-9.653952598571777,-2.8649587631225586,-1.3799190521240234,-3.521500825881958,-2.5166375637054443,0.35785698890686035,-6.688408374786377,0.013989799655973911,0.10592614859342575,-0.12470965087413788,-3.967043876647949,3.254253625869751,2.0302491188049316,5.631563663482666,0.23457071185112,-6.440812587738037,5.147160530090332,0.5372896194458008,-6.9548845291137695,-4.51914644241333,0.41119545698165894,5.635124206542969,0.7168594598770142,-1.2869014739990234,-0.7625006437301636,-5.566858291625977,-14.352608680725098,-3.495107650756836,-0.6554793119430542,-0.4576364755630493,-4.309089183807373,1.1838550567626953,-0.5515103340148926,-2.3125364780426025,-0.8641858696937561,0.569522500038147,-1.1168354749679565,1.2315787076950073,2.817140817642212,-2.7327022552490234,2.2443742752075195,2.5305354595184326,0.8139666318893433
3,-1.3239952325820923,3.4555060863494873,4.0272626876831055,-0.4257071018218994,-2.0554239749908447,2.758451461791992,-3.2676258087158203,0.21863314509391785,-0.8555846214294434,-5.3279547691345215,0.503378689289093,-2.5881259441375732,-3.9732718467712402,-0.0448700413107872,-5.122283935546875,2.3555245399475098,-0.033237285912036896,-4.790563583374023,4.880223274230957,-6.6334943771362305,-9.51009464263916,-2.7485103607177734,-1.4012089967727661,-3.626946449279785,-2.46667742729187,0.3124470114707947,-6.349320888519287,0.01228537317365408,0.10852213948965073,-0.12266723811626434,-3.989778518676758,3.1142404079437256,1.9829647541046143,5.669593811035156,0.2072802484035492,-6.389705657958984,5.127352237701416,0.602677047252655,-6.975008487701416,-4.522550582885742,0.43094539642333984,5.639779567718506,0.7467787265777588,-1.2636812925338745,-0.78233802318573,-5.877134323120117,-14.33958625793457,-3.5159542560577393,-0.6854627728462219,-0.43684691190719604,-4.371617794036865,1.2985175848007202,-0.5222429633140564,-2.2217910289764404,-0.8831814527511597,0.6103239059448242,-1.0893434286117554,1.2266223430633545,2.85544753074646,-2.8982603549957275,2.186126708984375,2.5031020641326904,0.7501936554908752
4,-1.2688806056976318,3.4465856552124023,4.088747978210449,-0.4557272791862488,-1.4578444957733154,2.809396266937256,-3.487900495529175,0.2756660580635071,-0.8811784982681274,-5.546955108642578,0.43695783615112305,-2.6138453483581543,-3.8810620307922363,-0.17549791932106018,-5.305438041687012,2.3976242542266846,-0.0915147140622139,-4.870121479034424,4.728271961212158,-6.597393989562988,-9.451578140258789,-2.937513828277588,-1.4652502536773682,-3.5434823036193848,-2.4752471446990967,0.4177018702030182,-6.459932327270508,0.011343467980623245,0.11634301394224167,-0.1079203188419342,-4.189585208892822,3.5594544410705566,2.374746084213257,5.527393341064453,0.3813568353652954,-6.353975296020508,4.890862941741943,0.5794440507888794,-6.850052833557129,-4.664837837219238,0.4622500538825989,5.616885185241699,0.7922337651252747,-1.2611010074615479,-0.7851951122283936,-6.024745941162109,-14.756376266479492,-3.802786111831665,-0.5139939785003662,-0.47952598333358765,-4.334598541259766,1.2920911312103271,-0.538788378238678,-2.3515589237213135,-0.8536292910575867,0.5757428407669067,-1.1299304962158203,1.2122384309768677,2.792778730392456,-2.8773889541625977,2.2619788646698,2.54683518409729,0.8261129260063171
5,-1.2073756456375122,3.477083921432495,4.175148010253906,-0.8095012307167053,0.14110049605369568,3.6260502338409424,-3.5311479568481445,0.10694029927253723,-0.9911822080612183,-5.363566875457764,0.4534721374511719,-2.5004258155822754,-4.004299640655518,-0.06329860538244247,-5.31221342086792,2.3769326210021973,-0.171513170003891,-5.042032718658447,4.767017841339111,-6.65287971496582,-9.686579704284668,-2.711913824081421,-1.400376796722412,-3.5857622623443604,-2.629940986633301,0.4982656240463257,-6.282712459564209,0.012639714404940605,0.11715003848075867,-0.10210967063903809,-4.042077541351318,3.2716751098632812,2.0892770290374756,5.490076065063477,0.32368162274360657,-6.406988620758057,-2.644287347793579,-1.3433362245559692,-7.601323127746582,-4.652137756347656,0.5124149918556213,5.388644695281982,0.86481773853302,-1.2404686212539673,-0.8061034679412842,-5.760035514831543,-14.694534301757812,-3.694788932800293,-0.550578236579895,-0.44705528020858765,-4.351333141326904,1.2163846492767334,-0.35825496912002563,-2.4009640216827393,-0.8935279846191406,0.6058787703514099,-1.1224817037582397,1.1968045234680176,2.7590725421905518,-2.7513763904571533,2.123595952987671,2.6778628826141357,0.8939907550811768
6,-1.1882219314575195,3.383298397064209,4.175128936767578,1.3301066160202026,0.36394432187080383,3.130549192428589,-3.491671085357666,-0.12217584252357483,-1.0854021310806274,-5.456307411193848,0.4708791971206665,-2.6618857383728027,-4.06712007522583,-0.03373708575963974,-5.172103404998779,2.22802472114563,-0.16376841068267822,-5.113443851470947,4.722459316253662,-6.630593299865723,-9.713035583496094,-2.555574893951416,-1.4266376495361328,-3.5912179946899414,-2.3834996223449707,0.27473244071006775,-6.507979393005371,0.010390135459601879,0.11520106345415115,-0.10188637673854828,-4.0424604415893555,3.3949358463287354,2.2182042598724365,5.595525741577148,0.23391398787498474,-6.46432638168335,-1.1596986055374146,-0.6777242422103882,-5.286561965942383,-4.6548943519592285,0.475563645362854,5.496364116668701,0.8732904195785522,-1.2442213296890259,-0.7964551448822021,-6.0831990242004395,-14.982467651367188,-3.8977792263031006,-0.5948586463928223,-0.4917406439781189,-4.299713134765625,1.3436287641525269,-0.6258329153060913,-2.327354669570923,-0.8611489534378052,0.570534884929657,-1.1459053754806519,1.172434687614441,2.7281014919281006,-2.8156917095184326,2.1638758182525635,2.60845685005188,0.8330647349357605
7,-1.5496975183486938,3.567610025405884,4.056610107421875,-0.539797306060791,-1.372384786605835,2.9257662296295166,-3.9373748302459717,0.028986066579818726,-1.1449388265609741,-5.46414041519165,0.317017525434494,-2.203709125518799,-4.149792671203613,0.06581852585077286,-4.872465133666992,1.013710856437683,-0.2214655578136444,-7.254270076751709,4.792412757873535,-6.579838752746582,-9.493084907531738,-1.0890272855758667,1.7281439304351807,-2.3046905994415283,-2.3736720085144043,0.36046892404556274,-6.296725749969482,0.014686796814203262,0.11251484602689743,-0.08528214693069458,-3.960263729095459,3.211185932159424,2.110321044921875,5.570255279541016,0.34147021174430847,-6.664968967437744,-1.4387010335922241,-0.49963849782943726,-5.303950786590576,-4.475714206695557,0.44712984561920166,5.463682174682617,0.9245596528053284,-1.1298060417175293,-0.8565719127655029,-6.168578624725342,-14.617741584777832,-3.950263261795044,-0.39469823241233826,-0.3646576404571533,-3.8099677562713623,1.1516821384429932,-0.3049423396587372,-2.505753993988037,-0.8688658475875854,0.6204390525817871,-1.1034413576126099,1.3460155725479126,2.533829927444458,-2.7016189098358154,2.3948569297790527,2.7360801696777344,1.1326762437820435
8,-6.838877201080322,-0.7859734296798706,6.838896751403809,-0.5296369194984436,-2.302328586578369,3.0867629051208496,-3.014435291290283,-0.0029869377613067627,-1.4497078657150269,-4.915379524230957,0.6752257943153381,-1.8588284254074097,-4.900522708892822,-0.19436457753181458,-5.190030097961426,1.5569876432418823,-0.10572964698076248,-2.3885488510131836,2.19921875,-3.588578462600708,-8.571199417114258,0.21447743475437164,-0.2450324296951294,-2.7701244354248047,-2.210481643676758,-0.015164594165980816,-6.507669448852539,-0.0006896044942550361,0.010793125256896019,0.04316382110118866,-0.5285314321517944,-0.3789495825767517,-3.144225597381592,-1.139479637145996,1.2373874187469482,-2.778348922729492,5.225460052490234,-0.009703293442726135,-6.889012336730957,1.2078813314437866,-0.3556925058364868,2.1902496814727783,0.21045492589473724,-1.2708191871643066,-1.1428948640823364,-5.039073467254639,-7.951931476593018,-0.5550360679626465,-8.358121871948242,9.155721664428711,-4.224736213684082,1.657350778579712,-1.1396604776382446,-4.1898193359375,-0.7144671082496643,1.9526455402374268,-0.08843999356031418,1.6623764038085938,2.545271396636963,-3.073127269744873,2.991507053375244,1.5740952491760254,2.37762188911438
9,-0.41628390550613403,2.8348827362060547,-17.145401000976562,-0.18787699937820435,-1.4136978387832642,2.829604148864746,-3.3929524421691895,0.11128705739974976,-0.8299615383148193,-4.602281093597412,0.31414422392845154,-1.4312039613723755,-5.035464286804199,0.3893680274486542,-4.504183292388916,3.746140241622925,-0.9677771329879761,-4.5545654296875,3.159698247909546,-5.743255615234375,-7.974944591522217,1.358718991279602,-1.051046371459961,-6.031852722167969,-2.7068991661071777,0.591804563999176,-5.891278266906738,0.03193076699972153,0.10985594242811203,0.04651753604412079,-0.5795156955718994,-0.22164706885814667,-3.1675963401794434,5.756350517272949,0.20532327890396118,-6.353692054748535,5.041407108306885,0.6174551844596863,-7.209665775299072,1.4794154167175293,1.3000770807266235,-1.399538516998291,1.0628465414047241,-1.513718605041504,-2.050804615020752,0.4478726089000702,-1.426733374595642,-4.533357620239258,-0.8757274150848389,-1.2304667234420776,-4.808563232421875,-5.97137451171875,1.6683405637741089,0.14324705302715302,-0.2339228242635727,1.5147773027420044,-0.36392420530319214,1.8573987483978271,1.7893176078796387,-3.4469566345214844,3.0170178413391113,2.7201619148254395,1.3187824487686157
10,-0.3889491558074951,2.2812893390655518,-15.586495399475098,-0.6792992353439331,0.16697770357131958,3.144937515258789,-2.723097562789917,0.637832760810852,-0.5388413667678833,-4.623724937438965,0.9713131785392761,-1.0926417112350464,-4.931031227111816,0.8895323276519775,-4.0551042556762695,3.6647675037384033,-0.6633186340332031,-4.238415241241455,3.221118211746216,-5.374492645263672,-7.085683822631836,-1.9057167768478394,0.368936687707901,-2.481024742126465,-2.646059036254883,0.775417149066925,-6.085532188415527,0.021358149126172066,0.10555792599916458,0.0585431307554245,-0.7100563049316406,-0.3038260042667389,-3.0302741527557373,5.516997337341309,0.2932761311531067,-6.540651321411133,4.885171413421631,0.30471736192703247,-6.986499309539795,-8.28629207611084,0.6137951612472534,5.719038009643555,-1.1251709461212158,-2.02957820892334,-1.3263640403747559,-1.107177972793579,-4.187381744384766,-3.549609422683716,-1.0155327320098877,-0.9932616353034973,-2.9397451877593994,-5.703987121582031,1.7148312330245972,-0.04701259732246399,-0.16043289005756378,1.5010634660720825,-0.2718721926212311,2.0290749073028564,1.4127780199050903,-3.33683705329895,2.9997904300689697,2.252831220626831,0.4494152069091797
11,-0.2511869966983795,1.9449626207351685,-14.054625511169434,0.35900700092315674,-1.4335927963256836,2.0218539237976074,-2.5899407863616943,0.4126484990119934,-1.0667812824249268,-4.16826868057251,0.48391973972320557,-1.3866946697235107,-4.24195671081543,1.0527467727661133,-3.5203468799591064,3.918405532836914,-0.7849891781806946,-4.042967796325684,2.666160821914673,-5.516776084899902,-7.596490383148193,0.8314006924629211,-1.0067440271377563,-5.2098069190979,-3.685465097427368,0.6748788952827454,-9.585850715637207,0.014628114178776741,0.11380887031555176,0.0533604770898819,-0.5584495067596436,-0.28707268834114075,-2.9646081924438477,5.146422863006592,0.40380164980888367,-5.960607528686523,4.153171062469482,0.566734790802002,-6.974206447601318,-7.679972171783447,0.8071945905685425,5.256529808044434,-0.20495638251304626,-2.6169326305389404,0.12188665568828583,-14.116293907165527,-17.284095764160156,-6.623129367828369,-1.023085594177246,-1.3655551671981812,-3.081098794937134,-5.176424503326416,1.566664695739746,0.0062569305300712585,-0.17846165597438812,1.480182409286499,-0.33998340368270874,0.3851471245288849,2.4617719650268555,-4.429107666015625,2.7769827842712402,2.403658628463745,0.20239374041557312
12,-0.5806232690811157,2.031937837600708,-16.10801887512207,0.11000454425811768,-0.9523178339004517,2.348112106323242,-2.7534074783325195,0.19573798775672913,-0.7501837015151978,-4.164065837860107,0.44200849533081055,-1.429448127746582,-4.460748195648193,1.3184232711791992,-3.5921711921691895,3.624408721923828,-0.7164364457130432,-4.197878360748291,2.6570241451263428,-5.546991348266602,-7.336099624633789,0.7783331274986267,-0.9846505522727966,-5.451687335968018,-3.271320343017578,0.19846849143505096,-9.27692699432373,0.018700124695897102,0.1177804246544838,0.03493195027112961,-0.671200156211853,-0.1548822522163391,-3.0829524993896484,5.285989761352539,0.34792059659957886,-6.044219017028809,4.577027797698975,0.6676750779151917,-6.937728404998779,-6.378854274749756,0.5505695343017578,5.258949279785156,-0.7334283590316772,-3.441657543182373,-0.018899783492088318,-1.8798261880874634,-2.511280059814453,-3.1887710094451904,-1.2143170833587646,-1.8651105165481567,-3.3508810997009277,-5.428863525390625,1.4665471315383911,0.20828577876091003,1.066473126411438,2.2062559127807617,-0.6401169896125793,1.2780616283416748,3.1517369747161865,-3.026370048522949,3.0043890476226807,2.0486717224121094,0.46483954787254333
13,-0.698936939239502,1.6064367294311523,-15.441853523254395,-0.5141282081604004,-2.099191427230835,2.598172664642334,-2.3171885013580322,1.4767694473266602,0.08720943331718445,-3.7663097381591797,0.16622449457645416,-0.923696756362915,-3.7373924255371094,1.4669514894485474,-2.625887393951416,3.068467378616333,-0.2854245901107788,-3.7856860160827637,3.176016330718994,-4.365175247192383,-5.779153823852539,0.852272629737854,-1.0942789316177368,-5.852365016937256,-2.29496431350708,1.119334101676941,-7.066143989562988,0.0028670381288975477,0.1337175816297531,0.01664026454091072,1.7416441440582275,-1.1647701263427734,-3.151911735534668,4.773940086364746,0.30546602606773376,-5.843451023101807,0.5254523158073425,-1.2286818027496338,-5.895042896270752,-4.96845006942749,0.5408019423484802,4.140214443206787,-0.20644515752792358,-3.1742331981658936,0.02341480553150177,-14.356209754943848,-17.02423667907715,-1.6489964723587036,-1.765275478363037,1.2411428689956665,-5.256356716156006,-5.568024158477783,1.6990422010421753,0.07498116046190262,1.25767183303833,2.1681580543518066,-0.32099443674087524,0.7827178835868835,2.4029369354248047,-4.89238166809082,1.619394063949585,0.9636032581329346,-1.8820438385009766
14,-0.4914070963859558,1.7551727294921875,-14.865501403808594,-0.6964842081069946,-2.3422887325286865,2.978090763092041,-2.0670740604400635,1.395439624786377,0.12623167037963867,-3.800400495529175,-0.005624484270811081,-0.9844875335693359,-3.6900224685668945,1.5119166374206543,-2.472130537033081,3.047407627105713,-0.2095557153224945,-3.5768215656280518,2.9460556507110596,-4.192647933959961,-5.907670974731445,0.8617505431175232,-1.0903400182724,-5.702359676361084,-2.2135212421417236,-0.9244721531867981,-10.112614631652832,-0.0013414749410003424,0.13024039566516876,0.004681341350078583,1.7229788303375244,-1.2110165357589722,-3.348339080810547,5.145303726196289,0.12792974710464478,-6.146547794342041,0.4877781569957733,-1.1622323989868164,-5.775454044342041,-4.997715950012207,0.5949952602386475,4.105812072753906,-0.4797574579715729,-2.433572769165039,-0.07655863463878632,-1.1978554725646973,-2.0046095848083496,-2.6391186714172363,-1.7103688716888428,1.5048959255218506,-5.324594974517822,-5.695917129516602,1.7424217462539673,0.05259578675031662,1.2475498914718628,2.099864959716797,-0.34955310821533203,0.8863499760627747,2.2643823623657227,-5.171056270599365,1.554563283920288,0.7211281061172485,-2.090709924697876
15,-0.7055564522743225,1.652938723564148,-15.868525505065918,-0.827522337436676,-2.1972107887268066,3.08361554145813,-1.9898772239685059,1.5864355564117432,0.27124565839767456,-3.6785192489624023,0.03422968462109566,-0.9018431901931763,-3.4313266277313232,1.427709937095642,-2.6857829093933105,0.3634238839149475,-0.4539277255535126,-1.5011322498321533,3.0787696838378906,-4.089760780334473,-5.467672824859619,-2.337097644805908,1.2302645444869995,-2.671501636505127,-2.039994478225708,1.0038416385650635,-7.334651947021484,-0.000804817711468786,0.1264307200908661,0.011788910254836082,1.6890528202056885,-1.1070150136947632,-3.3387134075164795,4.728272914886475,0.2448587417602539,-5.939538478851318,0.6403638124465942,-1.1963506937026978,-5.753872394561768,-5.0241522789001465,0.5737981200218201,4.142874717712402,-0.4113362729549408,-2.373659372329712,0.17593252658843994,-13.016246795654297,-15.194173812866211,-1.1037763357162476,-1.8147450685501099,1.347898244857788,-5.120638370513916,-5.671787738800049,1.782334566116333,-0.02400153875350952,1.3363600969314575,2.2276523113250732,-0.30550456047058105,0.7692839503288269,2.6473140716552734,-5.037426948547363,1.255462646484375,2.585350275039673,-2.4053921699523926
16,-0.9567036032676697,1.512976050376892,-16.06247901916504,-0.6304894685745239,-1.915322184562683,2.7929325103759766,-1.8870619535446167,1.7122722864151,0.49915704131126404,-3.702726364135742,0.0345921628177166,-0.836980938911438,-3.4926681518554688,1.3950592279434204,-2.6135568618774414,0.4898886978626251,-0.4208046793937683,-1.665022373199463,3.138166666030884,-3.7924859523773193,-5.191953659057617,-2.135173797607422,1.8810142278671265,-3.102020025253296,-2.1078529357910156,1.5134963989257812,-7.179008483886719,0.005722647067159414,0.12395812571048737,0.026227645576000214,1.2376503944396973,-1.087347149848938,-2.910331964492798,-0.07841761410236359,0.9345585107803345,-0.5369014143943787,0.6065164804458618,-1.3788816928863525,-5.76760196685791,-4.826816082000732,0.3988730311393738,4.258882999420166,-0.13738985359668732,-2.506972074508667,0.43508151173591614,-9.453535079956055,-14.912619590759277,-1.9756450653076172,-1.8052862882614136,0.9002737998962402,-5.15737247467041,-5.840769290924072,1.903247594833374,-0.5748660564422607,-1.1351293325424194,0.8299335837364197,-0.67369544506073,0.7857460975646973,2.5318353176116943,-4.743671417236328,2.490410327911377,1.5745363235473633,-0.6343743205070496
17,-0.843669593334198,1.5355501174926758,-14.993851661682129,-0.9378273487091064,-1.9053200483322144,2.600499391555786,-1.9495849609375,1.4583810567855835,0.4683578908443451,-3.746562957763672,0.39077118039131165,-1.029391884803772,-3.0187971591949463,1.2103127241134644,-2.78641414642334,0.2478833794593811,-0.3278387486934662,-1.2992669343948364,2.915165901184082,-3.842991828918457,-5.146608829498291,0.7418216466903687,-1.087868332862854,-5.122777462005615,-3.082634925842285,0.42025402188301086,-9.042326927185059,-0.002230345970019698,0.12142731994390488,0.01387764886021614,1.8286731243133545,-1.3997135162353516,-3.3989763259887695,5.726383209228516,-1.404443621635437,-5.831164836883545,0.3913711607456207,-1.501878261566162,-6.075636386871338,-5.031775951385498,0.5100980401039124,4.336150646209717,1.0367079973220825,-1.4970735311508179,-2.473433494567871,-6.059482574462891,-5.123490810394287,1.7429583072662354,-2.037511110305786,1.2648675441741943,-5.524518966674805,-5.336889743804932,1.7207067012786865,-0.11249907314777374,1.1747751235961914,2.0766735076904297,-0.6248564124107361,1.3284504413604736,2.1241061687469482,-4.882305145263672,2.0177783966064453,0.83367919921875,-1.7750682830810547
18,-0.8609747290611267,1.4526094198226929,-14.846513748168945,-0.9332729578018188,-1.8460217714309692,2.6125314235687256,-2.0281646251678467,1.3778079748153687,0.5560526251792908,-3.740830183029175,0.41155263781547546,-1.0866172313690186,-2.9877126216888428,1.2019786834716797,-2.8966517448425293,0.26855990290641785,-0.31216156482696533,-1.2262276411056519,2.918811559677124,-3.8800790309906006,-5.320969104766846,0.7154282927513123,-1.1301321983337402,-5.13488245010376,-3.12956166267395,0.30899444222450256,-9.293323516845703,-0.004585173446685076,0.12300682812929153,0.004479290917515755,1.7590382099151611,-1.471989393234253,-3.394122838973999,5.682041168212891,-1.4344046115875244,-6.039834499359131,0.3810195326805115,-1.5915056467056274,-6.04179573059082,-4.977146148681641,0.5693235397338867,4.311528205871582,0.8823989629745483,-1.6059398651123047,-2.4406533241271973,-5.990191459655762,-4.919378757476807,1.420998215675354,-2.0710065364837646,1.365774154663086,-5.521572589874268,-5.411771297454834,1.7080528736114502,-0.06300757080316544,1.1656136512756348,2.0101680755615234,-0.6538397073745728,1.4469062089920044,2.0531039237976074,-4.883014678955078,2.166320562362671,0.7446696758270264,-1.7660130262374878
19,-0.3697771430015564,1.5041580200195312,-11.773716926574707,0.5025278329849243,-0.8459662199020386,2.388505697250366,-1.1412208080291748,1.2659708261489868,0.280997097492218,-3.92997407913208,0.6930087804794312,-1.172899603843689,-3.239434242248535,1.2982337474822998,-2.803919792175293,3.520310640335083,-0.037958063185214996,-4.137501239776611,1.5803837776184082,-2.2348134517669678,-6.80673885345459,0.7421534061431885,-1.0668457746505737,-4.980813980102539,-4.575857162475586,0.7309285402297974,-9.51552677154541,-0.00033511006040498614,0.10948991775512695,0.010299960151314735,2.383653402328491,-3.0753509998321533,-1.5880217552185059,4.904703617095947,0.4573904573917389,-6.012875080108643,0.15845730900764465,-2.1269712448120117,-6.099042892456055,-5.197550296783447,0.526374101638794,4.589388847351074,0.7719157338142395,-1.3687376976013184,-2.0022737979888916,-0.18998461961746216,-4.374941825866699,-6.48253059387207,-2.064643144607544,0.8798300623893738,-4.959927082061768,-5.434000015258789,1.7093452215194702,-0.24997888505458832,1.2186256647109985,2.021510124206543,-0.46394801139831543,1.5022013187408447,1.929018259048462,-4.611738681793213,2.347661256790161,2.1569652557373047,-0.09080854803323746
20,-0.669498085975647,1.6018218994140625,-14.591188430786133,-0.7750626802444458,-1.4019064903259277,2.61342453956604,-1.525959849357605,0.11821389198303223,1.62441086769104,-3.914151191711426,0.5609238743782043,-1.122204303741455,-3.3809027671813965,1.2188894748687744,-2.9631192684173584,0.5123077630996704,-0.38557305932044983,-1.4959582090377808,2.4854092597961426,-3.7140469551086426,-5.268075942993164,0.9224971532821655,-1.1405211687088013,-5.344021797180176,-3.709608554840088,0.25197911262512207,-9.102326393127441,0.000347347988281399,0.11682833731174469,0.014310101047158241,2.2404603958129883,-2.9838857650756836,-1.4914677143096924,5.038261413574219,0.47079920768737793,-6.134095668792725,0.1629343032836914,-1.8916106224060059,-5.912177085876465,-5.48090934753418,0.4924585819244385,4.401951789855957,0.7975128889083862,-1.3488739728927612,-2.1215362548828125,-4.584908962249756,-5.372466564178467,0.7354077100753784,-1.9332375526428223,1.2212154865264893,-5.410326957702637,-5.72039794921875,1.8272104263305664,-0.33891990780830383,1.3948124647140503,2.23896861076355,-0.3456440567970276,1.269193172454834,2.018867254257202,-4.730642795562744,1.9465965032577515,0.6985292434692383,-1.6319857835769653
21,-1.995900273323059,0.37658289074897766,3.078951358795166,-1.0851970911026,-2.067288637161255,2.912285566329956,0.1379505693912506,1.10824453830719,1.3307085037231445,-3.6780455112457275,0.01768561080098152,-0.5809942483901978,-4.7428107261657715,0.2618437707424164,-3.8470840454101562,0.414247065782547,-0.3909885883331299,-1.066420078277588,2.4505615234375,-3.4663145542144775,-4.628352165222168,0.8635958433151245,-1.0737882852554321,-5.195366382598877,-1.8271522521972656,0.8415455222129822,-7.13084077835083,0.07679971307516098,0.08219122141599655,0.042625412344932556,1.5453091859817505,-1.289720892906189,-3.44189190864563,5.122817516326904,0.4050181806087494,-6.348853588104248,0.4884323179721832,-1.4982292652130127,-5.495074272155762,-2.602829933166504,-0.14912162721157074,4.706334114074707,0.9730288982391357,-1.5096324682235718,-2.8681113719940186,-13.894539833068848,-17.055255889892578,-3.0321860313415527,-1.7881122827529907,2.0649399757385254,-5.321462154388428,-5.608502388000488,1.8197021484375,-0.5774633884429932,1.4111989736557007,2.303128480911255,-0.4224269390106201,0.8692179918289185,2.4699389934539795,-4.844736099243164,2.990591287612915,1.7087702751159668,-0.19418278336524963
22,-2.0966246128082275,0.48351386189460754,3.1479225158691406,-1.1632657051086426,-2.2334072589874268,3.049571990966797,0.13798120617866516,1.1914660930633545,1.497694969177246,-3.6744017601013184,-0.06505024433135986,-0.5833165049552917,-4.76859712600708,0.003220178186893463,-3.8311846256256104,0.4161371886730194,-0.3937162458896637,-1.0950372219085693,2.4717276096343994,-3.5337350368499756,-4.6969075202941895,0.8844693899154663,-1.1076738834381104,-5.21907901763916,-1.7936575412750244,0.914333164691925,-6.8208818435668945,0.0770275816321373,0.08965074270963669,0.05612187460064888,1.4982949495315552,-1.222596287727356,-3.5660064220428467,5.042654991149902,0.3511686325073242,-6.293155670166016,0.46236953139305115,-1.3849729299545288,-5.305274486541748,-2.8721048831939697,-0.18252579867839813,4.815306186676025,0.9889844655990601,-1.5213983058929443,-3.0023105144500732,-13.234074592590332,-16.390026092529297,-2.729509115219116,-1.709224820137024,2.0279767513275146,-5.359641075134277,-5.631812572479248,1.8646453619003296,-0.6328451633453369,1.4560468196868896,2.3690431118011475,-0.3357931971549988,1.8772366046905518,5.009915828704834,-3.164797306060791,2.884889841079712,1.7626854181289673,-0.0394560880959034
23,-1.6583682298660278,0.21760894358158112,2.1959288120269775,-1.043178677558899,-1.870030164718628,2.6758339405059814,0.2752777934074402,1.2543224096298218,1.987208366394043,-3.4326796531677246,0.022318262606859207,-0.2032802253961563,0.24867072701454163,2.4376442432403564,-1.266943335533142,0.30624234676361084,-0.1231338307261467,-6.5568132400512695,2.1087400913238525,-2.9505903720855713,-4.418577671051025,-1.9861937761306763,2.1258597373962402,-2.4678285121917725,-2.029696226119995,0.7775046229362488,-6.79815673828125,0.0897635668516159,0.09777680784463882,-0.00333955860696733,1.1262298822402954,-1.146360158920288,-2.405855655670166,4.947824954986572,0.38891562819480896,-6.013213634490967,0.39622077345848083,-2.006267547607422,-5.655893325805664,-2.292940616607666,-0.004904940724372864,4.672092914581299,0.35550159215927124,-1.4810603857040405,-1.9846199750900269,-12.825257301330566,-15.70775032043457,-0.8003011345863342,-1.6356679201126099,1.6238429546356201,-4.806147575378418,-6.080733776092529,1.9671103954315186,-0.8176891207695007,-1.0125998258590698,0.7835907340049744,-0.6435964703559875,1.2201571464538574,3.2727553844451904,-2.9842708110809326,2.917147636413574,1.9035040140151978,0.1835186630487442
24,-1.4894453287124634,0.0038547073490917683,2.104522466659546,-1.0380935668945312,-1.899129867553711,2.6616222858428955,0.1903759241104126,1.229166030883789,1.792105793952942,-3.5050973892211914,0.1204652190208435,-0.283755362033844,-4.921870231628418,-0.24058571457862854,-4.187986850738525,0.29407575726509094,-0.08370388299226761,-6.751736640930176,2.1781375408172607,-3.1150550842285156,-4.466087341308594,-2.1604456901550293,2.215017318725586,-2.45871901512146,-2.10973858833313,0.9771920442581177,-6.822316646575928,0.09289763122797012,0.09771858155727386,0.002478210488334298,1.1958115100860596,-1.1844877004623413,-2.4434428215026855,4.865591526031494,0.3814811110496521,-5.883922100067139,0.4200479984283447,-2.004192352294922,-5.632169246673584,-2.3417255878448486,-0.05165013670921326,4.7874369621276855,0.47588545083999634,-1.4882169961929321,-1.9579201936721802,-12.944962501525879,-15.956781387329102,-0.9349243640899658,-1.5106627941131592,1.719589114189148,-4.960838317871094,-6.069777488708496,1.8684414625167847,-0.6339949369430542,-0.9913914799690247,0.7044500112533569,-0.6527078747749329,1.1745039224624634,3.295508861541748,-2.945992946624756,2.8905680179595947,1.9711159467697144,0.21516838669776917
25,-1.5277601480484009,0.08569511026144028,2.0912058353424072,-1.1098684072494507,-1.8710260391235352,2.6701056957244873,0.13093626499176025,1.2379084825515747,1.8629639148712158,-3.458078145980835,0.06299592554569244,-0.271003782749176,-4.961421012878418,-0.1620742380619049,-3.9644174575805664,0.18174496293067932,-0.07362469285726547,-6.557618141174316,2.140591859817505,-3.124934434890747,-4.500399589538574,-2.270587921142578,2.0637197494506836,-2.2858011722564697,-2.115097999572754,0.9032661318778992,-6.788578033447266,0.08756295591592789,0.09781599044799805,-9.322515688836575e-05,1.1859549283981323,-1.161935567855835,-2.5274698734283447,4.947402477264404,0.43385371565818787,-5.916170597076416,0.4760711193084717,-2.0842483043670654,-5.629287242889404,-2.3838891983032227,0.003546968102455139,4.810793876647949,0.5135937929153442,-1.4421228170394897,-2.0373146533966064,-13.154337882995605,-15.920501708984375,-1.0868885517120361,-1.5424445867538452,1.645890474319458,-4.747207164764404,-6.179160118103027,1.9511405229568481,-0.6859637498855591,-0.976931095123291,0.7628876566886902,-0.6400437355041504,1.1196377277374268,3.291330099105835,-2.9354982376098633,2.812182664871216,1.9662083387374878,0.22441087663173676
26,-1.607624888420105,0.007940620183944702,1.9800069332122803,-0.8863336443901062,-1.8031400442123413,2.617966651916504,0.16645850241184235,1.2264728546142578,1.7941828966140747,-3.5346758365631104,0.19689524173736572,-0.28903454542160034,0.15839892625808716,2.3844332695007324,-1.377686619758606,0.2734081745147705,-0.09174057096242905,-6.582017421722412,0.5710580348968506,-2.9495849609375,-2.5054054260253906,1.2315452098846436,-1.3489645719528198,-5.639968395233154,-1.8742421865463257,0.8188039064407349,-6.95890474319458,0.08761786669492722,0.09720440208911896,-0.003461735090240836,1.2088099718093872,-1.182117223739624,-2.5508322715759277,4.886396884918213,0.4403643310070038,-5.93341064453125,0.43096718192100525,-2.179961919784546,-5.5897979736328125,-2.3607239723205566,0.040536314249038696,4.816183090209961,0.46918419003486633,-1.5180383920669556,-2.0461950302124023,-13.105489730834961,-16.068017959594727,-0.8701306581497192,-1.743026852607727,1.848162293434143,-4.758274078369141,-6.170799255371094,1.8666719198226929,-0.5858525633811951,-1.021476149559021,0.8367357850074768,-0.6151118874549866,1.1957448720932007,3.3645362854003906,-2.910674571990967,2.9055795669555664,2.020885467529297,0.2844749391078949
27,-2.103917121887207,0.44306260347366333,3.347407341003418,-0.8409957885742188,-2.002624273300171,2.9490890502929688,-1.7076823711395264,1.5870920419692993,0.4421641230583191,-2.335573434829712,0.3682730197906494,-1.411684513092041,-3.8291332721710205,1.4943991899490356,-3.129707098007202,0.5001636147499084,-0.41811373829841614,-1.165867567062378,2.7333266735076904,-4.178967475891113,-5.409608840942383,0.7687842845916748,-1.2358938455581665,-5.453834056854248,-1.7824500799179077,0.7627594470977783,-7.663035869598389,0.011683809570968151,0.1425718516111374,0.03562985733151436,1.549583077430725,-1.2339494228363037,-3.543854236602783,5.198082447052002,0.4059235751628876,-6.459997653961182,0.6635975241661072,-2.05587100982666,-5.298269271850586,-6.199985980987549,0.6022375822067261,4.757106781005859,1.0107343196868896,-1.5988394021987915,-2.9201672077178955,-13.168319702148438,-16.410673141479492,-3.070655107498169,-1.079891562461853,-1.45512056350708,-3.3307018280029297,-5.993115425109863,1.7342320680618286,-0.2548261284828186,1.2678978443145752,2.112070083618164,-0.42463213205337524,1.586592674255371,3.125131368637085,-3.3489599227905273,2.908346652984619,1.7527772188186646,-0.23271717131137848
28,-2.436861276626587,-0.24849747121334076,3.9256584644317627,-1.2764724493026733,-2.2542388439178467,3.5099375247955322,-2.1043925285339355,1.4735791683197021,0.27968865633010864,-3.9911632537841797,-0.3336043953895569,-0.6828868389129639,-3.8972833156585693,1.6116368770599365,-3.7103755474090576,0.4145033657550812,-0.3791123926639557,-1.35005784034729,3.0861268043518066,-4.763375759124756,-6.013045787811279,0.5825826525688171,-1.030460238456726,-5.3755011558532715,-1.5094904899597168,0.9241793155670166,-7.848837375640869,0.004132792353630066,0.13535472750663757,0.029394695535302162,1.5648804903030396,-1.3137825727462769,-3.79880690574646,-0.8682977557182312,-0.543060302734375,-1.1102432012557983,0.6166752576828003,-1.741770625114441,-5.219916343688965,-6.096291542053223,0.6614363193511963,4.681746006011963,0.8951528072357178,-1.7222766876220703,-3.1471996307373047,-12.547589302062988,-15.768909454345703,-2.4651246070861816,-1.1734708547592163,-1.468514323234558,-3.617948293685913,-5.759243488311768,1.7292603254318237,-0.37600231170654297,1.2128878831863403,2.262317180633545,-0.6294888854026794,1.5176539421081543,4.834038257598877,-3.308500289916992,2.918396234512329,1.6387059688568115,-0.13327114284038544
29,-0.6184857487678528,2.8845748901367188,-17.15755271911621,-0.6338353157043457,-1.432658076286316,2.6812491416931152,-3.348836898803711,0.6954675912857056,-0.2429651916027069,-4.519044876098633,0.5021992921829224,-1.2165038585662842,-4.1410956382751465,0.5311250686645508,-3.9778003692626953,3.4517228603363037,-0.5013734102249146,-4.394364833831787,3.3436119556427,-5.222475051879883,-7.659558296203613,-1.2445051670074463,-0.5055735111236572,-3.5399184226989746,-2.1743319034576416,0.6562526226043701,-6.91157865524292,0.018394451588392258,0.11860638111829758,0.04332807660102844,-0.8613775968551636,0.00013418681919574738,-3.2824878692626953,3.6431615352630615,-0.3677895665168762,-2.739487409591675,-1.3247566223144531,-2.4668335914611816,-7.460677623748779,-5.950353622436523,0.5534958839416504,4.828630447387695,1.16232430934906,-1.5780887603759766,-2.3517775535583496,-8.648289680480957,-10.116361618041992,-2.931474208831787,-1.931951642036438,-2.069422960281372,-4.13468074798584,-5.7438836097717285,1.6518898010253906,0.2527230978012085,-0.8908026814460754,0.8115450739860535,-0.9618058204650879,1.8152620792388916,2.162837028503418,-3.3173892498016357,2.860208749771118,2.8650028705596924,1.4590665102005005
30,-0.7123555541038513,2.6369881629943848,3.8233799934387207,-0.4818984866142273,-1.5664507150650024,2.9815988540649414,-4.017910480499268,0.44495487213134766,-0.3488917648792267,-6.068366527557373,-0.4972793161869049,-2.432323694229126,-3.9432568550109863,0.6220632791519165,-4.1085052490234375,1.456852912902832,-0.3382425904273987,-7.1519455909729,4.041684150695801,-5.935774326324463,-7.396895885467529,-1.5436549186706543,0.3352709710597992,-2.317328691482544,-2.3566970825195312,1.1032369136810303,-5.75894832611084,0.04312808811664581,0.088646300137043,0.014845985919237137,-0.4170527756214142,-0.14862635731697083,-3.161806583404541,5.711812496185303,-0.7976021766662598,-8.227197647094727,-1.210302710533142,-2.0666701793670654,-7.413898944854736,2.262155771255493,-0.9689134359359741,-2.0633137226104736,0.8868266940116882,-1.666710615158081,-1.814406156539917,-14.65985107421875,-17.716304779052734,-6.150207996368408,3.318711042404175,0.9644263386726379,-6.851622104644775,4.120331287384033,-1.0478655099868774,-3.2982521057128906,-0.7470777630805969,0.6067203879356384,-0.7899487614631653,-0.4120500683784485,3.388993263244629,-4.426338195800781,2.1324119567871094,2.6615419387817383,0.4500172436237335
31,-1.2660000324249268,2.3861849308013916,2.3673975467681885,-0.937779426574707,-2.161606550216675,3.0815227031707764,-0.9963277578353882,1.8191550970077515,2.015986442565918,-5.179758548736572,0.4293913245201111,-1.5458890199661255,-2.998070240020752,0.06811318546533585,-4.546030044555664,0.980053722858429,-0.0618877187371254,-6.136881351470947,2.1054928302764893,-1.1090182065963745,-3.3951218128204346,-0.7980005741119385,1.0120841264724731,-3.2412872314453125,-2.3266305923461914,0.016715634614229202,-4.45651388168335,0.006487842183560133,0.09662067145109177,-0.12012103945016861,-3.8077259063720703,2.8658053874969482,2.0209240913391113,3.292780876159668,-1.7768235206604004,-5.10697603225708,-2.394946336746216,-0.5122028589248657,-7.332946300506592,-1.4878097772598267,1.8672336339950562,2.456812858581543,-0.28402528166770935,-1.6786037683486938,-0.28599679470062256,-0.6879501342773438,-4.329377174377441,-2.8748767375946045,3.7566888332366943,-1.0572677850723267,-8.06246280670166,-8.020248413085938,1.128966212272644,1.8316130638122559,-0.8427073359489441,1.767249345779419,-0.33869242668151855,-1.4811090230941772,1.4831913709640503,0.07180207967758179,-3.4137046337127686,2.7982523441314697,-0.029345374554395676
32,-1.2474240064620972,1.8900178670883179,2.346522331237793,-0.9428520202636719,-1.6795146465301514,2.9583163261413574,-0.9099204540252686,0.11194708943367004,1.2713254690170288,-3.3242833614349365,0.5997905731201172,-2.620730400085449,-3.064837694168091,-0.03353156894445419,-5.110686779022217,0.8226005434989929,-0.22512021660804749,-6.13257360458374,2.153000831604004,-3.975602388381958,-7.327509880065918,-0.5515227913856506,1.5947813987731934,-2.7412009239196777,-2.432420492172241,0.2216462343931198,-4.171703815460205,0.011159800924360752,0.09470067173242569,-0.11212680488824844,-3.5827534198760986,2.827596426010132,1.9040616750717163,5.209997653961182,0.2480822652578354,-6.301090240478516,-2.338472604751587,-0.636654794216156,-7.530615329742432,-2.8870604038238525,1.2857129573822021,2.3794009685516357,0.01046790461987257,-1.5636762380599976,-0.20959484577178955,-1.0283352136611938,-0.3368620276451111,-2.5620174407958984,3.283970832824707,-1.4900860786437988,-7.585459232330322,-1.0143177509307861,2.3656973838806152,0.46147170662879944,-0.7785870432853699,1.5205377340316772,-0.35716331005096436,-1.3594697713851929,1.3206071853637695,0.04514042288064957,1.8658638000488281,2.875312328338623,2.2650949954986572
33,-1.2342429161071777,2.9908502101898193,1.722251057624817,1.4265192747116089,-0.07294627279043198,2.4108195304870605,-2.9037694931030273,2.585033655166626,4.44421911239624,-3.8162038326263428,0.958817720413208,-2.0834391117095947,-3.54266095161438,-0.4223591387271881,-5.850522518157959,1.1321402788162231,0.17429694533348083,-5.42981481552124,-0.6880747079849243,-2.8486833572387695,0.3820716440677643,-0.9215285778045654,1.352070927619934,-2.9228129386901855,-1.704269528388977,-0.22527454793453217,-3.587432384490967,0.035954561084508896,0.07687448710203171,-0.04323028773069382,-3.6774051189422607,2.0383574962615967,1.5107227563858032,5.0855536460876465,0.6113041043281555,-6.574833869934082,-2.2432990074157715,-1.0872271060943604,-7.679084300994873,-2.946101665496826,1.3547542095184326,2.580514430999756,0.4793182611465454,-1.2589677572250366,-0.008131079375743866,-2.666015625,-7.288148880004883,-3.923845052719116,3.14168643951416,-0.4807887673377991,-7.926629543304443,0.6306993961334229,1.765869140625,1.4062330722808838,3.645995855331421,6.130051136016846,1.6206629276275635,0.11835090816020966,5.882534027099609,-5.217191219329834,1.3931657075881958,0.43303826451301575,-2.81545352935791
34,-1.455316424369812,3.0788280963897705,1.7558404207229614,1.8825982809066772,0.12689507007598877,2.4903159141540527,-3.1139018535614014,2.451396942138672,4.400866985321045,-3.824321985244751,0.7633835077285767,-2.0735301971435547,-3.9505534172058105,-0.02079155296087265,-6.122544288635254,0.9776763916015625,0.12746122479438782,-5.677379131317139,2.2890689373016357,-1.1357290744781494,-5.253416538238525,0.04809705913066864,0.2714247405529022,-4.3721537590026855,-1.952276349067688,-0.25618162751197815,-3.5637152194976807,0.037817761301994324,0.07730591297149658,-0.03279169648885727,3.238713502883911,-2.914273500442505,-2.3542330265045166,5.273213863372803,0.498571515083313,-6.536631107330322,-1.864652156829834,-1.1603972911834717,-7.0103020668029785,-3.4286322593688965,1.2314705848693848,2.9222989082336426,0.530892550945282,-1.1757715940475464,-0.19554242491722107,-6.307728290557861,-8.173409461975098,-2.2592501640319824,3.294243097305298,-0.7856729626655579,-8.184581756591797,-0.21250110864639282,2.0480284690856934,1.353641152381897,-0.7369195818901062,1.3361070156097412,-0.7133665680885315,-0.0146740498021245,6.365231037139893,-4.647760391235352,1.4063024520874023,2.226539373397827,0.797068178653717
35,-1.1674569845199585,2.6649842262268066,1.8000379800796509,2.1885528564453125,0.035113994032144547,2.194859027862549,-1.6921602487564087,2.5255532264709473,3.8906733989715576,-3.416004180908203,0.010671976953744888,-2.1827492713928223,-3.1379969120025635,0.2526167333126068,-5.493363857269287,1.7979669570922852,0.38073933124542236,-4.968482494354248,2.8654801845550537,-1.33521568775177,-5.1163010597229,-0.30327337980270386,0.08834325522184372,-4.044559478759766,-2.0513384342193604,-0.4116281270980835,-3.4435176849365234,0.02331370674073696,0.07107380032539368,-0.09772566705942154,-3.705974817276001,1.7007741928100586,1.5762659311294556,2.8694705963134766,-1.5849542617797852,-2.6628201007843018,-1.9587455987930298,-1.3931398391723633,-7.852540969848633,-0.1908360868692398,0.4772176146507263,2.620884418487549,0.4091847240924835,-1.3822190761566162,-0.29519927501678467,-6.679226875305176,-8.276987075805664,-1.3820477724075317,3.4277594089508057,-0.6044223308563232,-7.543710231781006,-0.8039462566375732,2.361276149749756,0.4484125077724457,-0.42001625895500183,1.7652418613433838,-0.2873155176639557,0.1056835800409317,5.7938232421875,-4.30480432510376,-1.9367424249649048,1.6925560235977173,-0.8759302496910095
36,-0.9523206949234009,2.3100123405456543,1.4481947422027588,1.7391210794448853,0.21663375198841095,1.8157480955123901,-0.6184782981872559,-0.49498581886291504,1.0568064451217651,-3.864572525024414,0.4065738320350647,-2.534893751144409,-3.800733804702759,0.20181187987327576,-5.633492469787598,1.5452102422714233,0.35164910554885864,-5.876473426818848,5.818984508514404,-8.787663459777832,-11.684735298156738,-0.06127370893955231,0.08526814728975296,-3.3921260833740234,-2.0706610679626465,-0.3871845602989197,-4.027573108673096,0.029316473752260208,0.09100751578807831,-0.053039297461509705,-3.5197784900665283,1.6581134796142578,1.509419322013855,3.967294216156006,-1.7555081844329834,-5.476507663726807,-2.387730836868286,-1.0687819719314575,-7.702829360961914,-2.2013497352600098,1.4431793689727783,2.5426688194274902,0.2580065429210663,-1.487337589263916,-0.1951124370098114,-6.571150302886963,-13.721253395080566,-3.995640754699707,-0.29429739713668823,-0.4504935145378113,-5.192637920379639,-0.7600752115249634,2.4765818119049072,0.5962890386581421,-0.8276081085205078,1.221716284751892,-0.8435207605361938,-0.17436781525611877,5.564241886138916,-4.313465118408203,-1.980242371559143,2.699371337890625,0.883834719657898
37,-0.8755674958229065,2.2599661350250244,1.5505967140197754,1.957657814025879,0.32336437702178955,1.7341294288635254,-0.48265141248703003,-0.3908114433288574,1.0047930479049683,-3.8583106994628906,0.24038292467594147,-2.523975133895874,-3.6925015449523926,0.45009729266166687,-5.2565484046936035,1.4032365083694458,0.2733089029788971,-5.768373966217041,5.6754469871521,-8.522021293640137,-11.468282699584961,-0.042686864733695984,0.057938747107982635,-3.346989631652832,-1.9472960233688354,-0.38042446970939636,-4.01621675491333,0.030930975452065468,0.08581565320491791,-0.05594730004668236,-3.475656747817993,1.4939703941345215,1.3431501388549805,3.7163383960723877,-1.6386843919754028,-5.488836765289307,-2.3681881427764893,-0.983668863773346,-7.774003982543945,-2.546818494796753,1.3792763948440552,2.563554286956787,0.2804274559020996,-1.3748630285263062,-0.23910310864448547,-6.892204284667969,-13.731231689453125,-4.050760269165039,-0.26303908228874207,-0.4482957720756531,-5.2703471183776855,-0.9504806995391846,2.4994003772735596,0.45593100786209106,-0.8649104833602905,1.364263653755188,-0.8527141809463501,-0.12735982239246368,5.355250358581543,-4.287546157836914,-1.6641258001327515,1.7590893507003784,-0.5683862566947937
38,-1.148269772529602,2.9042108058929443,1.7108741998672485,1.92583429813385,0.4793608784675598,1.757391333580017,-0.7483905553817749,1.9270427227020264,2.5855512619018555,-3.5221359729766846,0.10595053434371948,-2.3269131183624268,-3.3184101581573486,0.5925039052963257,-4.745735168457031,1.878301978111267,0.4685935080051422,-5.378287315368652,2.950824737548828,-1.423055648803711,-4.395391941070557,-0.5682375431060791,1.6553460359573364,-2.5282983779907227,-2.0715420246124268,-0.45829811692237854,-3.616332769393921,0.0259797815233469,0.07866495102643967,-0.0737936794757843,-3.7211825847625732,1.6098469495773315,1.6708427667617798,3.307434558868408,-2.0116631984710693,-5.7303853034973145,-2.14821720123291,-1.139528512954712,-7.82456111907959,-2.4952540397644043,1.330909013748169,2.6976938247680664,0.13672183454036713,-1.537946105003357,-0.4433790147304535,-7.111634254455566,-13.495546340942383,-4.327673435211182,-0.8305090069770813,-0.20794667303562164,-5.530735015869141,-1.358750820159912,2.895247459411621,-0.15298500657081604,-0.8329237103462219,1.478049635887146,-0.8109787702560425,-0.2656887471675873,4.813908576965332,-4.125239849090576,-2.070930242538452,1.6153661012649536,-0.8991632461547852
39,-1.3138700723648071,2.831467866897583,1.7375248670578003,1.733862042427063,0.1658257693052292,1.8662147521972656,-1.6237337589263916,2.4548749923706055,3.96466326713562,-3.476351499557495,0.1698436141014099,-2.1320180892944336,-3.1169824600219727,0.4268566071987152,-4.766413688659668,2.2356884479522705,0.6489884257316589,-5.053741931915283,2.9027504920959473,-1.3921749591827393,-3.928194046020508,-0.4753997325897217,0.21065229177474976,-3.0632596015930176,-1.9204224348068237,-0.5039130449295044,-3.7600669860839844,0.014545098878443241,0.0988229364156723,-0.13995175063610077,-3.9247684478759766,1.7396693229675293,1.8085302114486694,3.244349479675293,-2.2421107292175293,-5.5857696533203125,-2.287688970565796,-1.2236907482147217,-7.961430549621582,-2.3473799228668213,1.3788357973098755,2.61726450920105,0.3565065264701843,-1.4731636047363281,-0.3443741202354431,-7.194936752319336,-13.469921112060547,-4.748676300048828,3.228130340576172,-0.6926852464675903,-7.524959087371826,-0.9470714926719666,2.788130521774292,-0.405911386013031,-0.7515021562576294,1.663111686706543,-0.6643420457839966,-1.2121533155441284,1.0341668128967285,-0.02670280449092388,2.2363834381103516,3.014791965484619,2.3495373725891113
40,-0.7526453137397766,1.951097011566162,1.8383324146270752,0.5471808910369873,0.11611909419298172,2.9889185428619385,-1.5069245100021362,1.4550094604492188,1.6982852220535278,-3.5520741939544678,0.44064438343048096,-2.1443350315093994,-2.1462788581848145,0.5948449373245239,-3.984631061553955,2.424132823944092,0.7053648829460144,-4.528311729431152,1.663127064704895,-0.8488091230392456,-4.277052402496338,-0.530813455581665,0.3041844069957733,-2.6754846572875977,-1.904227614402771,-0.5588393211364746,-3.740248441696167,-0.014780313707888126,0.08899717777967453,-0.17091132700443268,-3.451488733291626,1.5252938270568848,1.5910890102386475,11.03895378112793,-0.20827636122703552,-7.839285850524902,-2.110933780670166,-1.1665796041488647,-7.5400214195251465,-1.5297186374664307,1.9075195789337158,2.6013314723968506,0.4474968910217285,-1.5655204057693481,-1.5985099077224731,-3.233316421508789,-8.946130752563477,-3.577967643737793,3.250626802444458,-0.41983842849731445,-7.565011024475098,-8.46372127532959,0.8057000637054443,2.0025932788848877,-0.4232415556907654,1.552865743637085,-0.4527513384819031,-1.198381781578064,1.0045466423034668,0.15257543325424194,2.593099594116211,2.6922926902770996,2.407090663909912
41,-0.5573378801345825,1.871876835823059,1.4577232599258423,-0.9664132595062256,-0.9984155297279358,2.897559881210327,-1.451079249382019,0.8242012858390808,0.5456273555755615,-3.5021770000457764,0.4796903729438782,-1.8328813314437866,-3.2950568199157715,0.8401306867599487,-3.533693552017212,0.9032067656517029,-0.5212928056716919,-5.810299873352051,3.419316053390503,-5.177555561065674,-7.512102127075195,-0.2508379817008972,0.9924229383468628,-2.3387835025787354,-1.7117218971252441,-0.3763221502304077,-4.643868446350098,-0.011229594238102436,0.11708099395036697,-0.13816873729228973,-0.14733177423477173,-0.5204369425773621,-2.8303444385528564,6.943118572235107,0.10551334917545319,-11.202584266662598,-1.963502049446106,0.2587156891822815,-0.3862384855747223,-5.2678327560424805,0.20074065029621124,4.359295845031738,-3.117504358291626,-2.150771141052246,-1.4352476596832275,-6.9364213943481445,-14.407508850097656,-5.01480770111084,3.4132161140441895,-1.5060489177703857,-8.380208969116211,-7.860744476318359,0.6209915280342102,2.1411266326904297,-0.582201361656189,1.61579430103302,-0.5582831501960754,-0.38587260246276855,1.920468807220459,-1.3322930335998535,2.280674457550049,2.52048397064209,0.5186192989349365
42,-0.4450853168964386,1.701782464981079,1.404855489730835,0.36958324909210205,0.35920536518096924,2.790656566619873,-1.5855242013931274,0.9023655652999878,0.4463334381580353,-3.4047107696533203,0.39123860001564026,-1.7099214792251587,-2.9369473457336426,0.8994883298873901,-3.5891683101654053,3.1950604915618896,-0.057584188878536224,-4.918802261352539,3.4815890789031982,-5.242929935455322,-7.639834403991699,-0.12527142465114594,1.0997281074523926,-2.106459856033325,-1.6437785625457764,-0.2551960349082947,-4.820204734802246,-0.02063778042793274,0.10572206974029541,-0.15844039618968964,-3.6778404712677,1.8445546627044678,1.7092926502227783,6.166032314300537,0.46023058891296387,-7.719103813171387,-2.0273001194000244,0.17518927156925201,-0.20020392537117004,-5.215149879455566,0.3056262135505676,4.473635196685791,-3.035635471343994,-2.0006206035614014,-1.4406267404556274,-7.675244331359863,-14.865153312683105,-5.930752277374268,3.2496559619903564,-1.7449970245361328,-8.38143539428711,-8.005908012390137,0.712139368057251,2.055201768875122,-0.48662233352661133,1.5502837896347046,-0.5368825793266296,-0.39929232001304626,4.658682346343994,-3.6901493072509766,-0.6088414192199707,1.7007710933685303,-0.07828974723815918
43,0.016852524131536484,1.7449333667755127,1.7309812307357788,-0.9151002168655396,-0.9744841456413269,2.736753463745117,-2.4210410118103027,0.31502681970596313,-0.4718349874019623,-4.38245964050293,1.1172962188720703,-1.4731861352920532,-3.2975776195526123,0.661338210105896,-3.2866764068603516,0.8692197799682617,-0.3541305363178253,-5.978672504425049,3.1823558807373047,-5.785339832305908,-8.352254867553711,-0.12105117738246918,0.7115309238433838,-2.6458961963653564,-1.789992094039917,-0.20878705382347107,-5.270449161529541,-0.00017021031817421317,0.015786062926054,0.04421038180589676,-3.5575602054595947,2.6178998947143555,1.8287346363067627,5.705699443817139,0.47787925601005554,-7.039938449859619,-3.3175103664398193,1.7108999490737915,-0.25872528553009033,-4.520339012145996,0.40542757511138916,4.521205425262451,-3.058070659637451,-1.9794560670852661,-1.4532549381256104,-7.620259761810303,-14.641945838928223,-5.856327533721924,-0.7037248611450195,-0.4220394492149353,-3.706404209136963,-7.106947898864746,0.8391226530075073,1.8328849077224731,-0.2912508249282837,1.4459846019744873,-0.3418974280357361,-0.25963008403778076,4.753983020782471,-3.9738729000091553,2.2608513832092285,2.4280946254730225,0.5647710561752319
44,-0.206025630235672,1.749324917793274,1.9062446355819702,0.3210282623767853,0.2855657935142517,2.752037763595581,-2.9161536693573,-0.015294015407562256,-0.6350523233413696,-4.632305145263672,1.1599494218826294,-1.5354454517364502,-3.36584210395813,0.5626800060272217,-3.462885618209839,0.9371711015701294,-0.22710317373275757,-6.384223937988281,2.9415769577026367,-6.047032356262207,-8.70272445678711,2.064025402069092,-1.7291704416275024,-8.205570220947266,-2.0691537857055664,-0.24185119569301605,-4.726874828338623,-0.011665670201182365,0.10710577666759491,-0.10371597856283188,-3.5632574558258057,2.9880144596099854,1.9254437685012817,5.9140753746032715,0.39930862188339233,-6.573925495147705,-3.6995036602020264,1.8087929487228394,-0.11382601410150528,-4.657341003417969,0.3666863441467285,4.616693019866943,-1.6321941614151,-2.681513786315918,-0.6885209083557129,-8.377697944641113,-15.018643379211426,-5.795313358306885,-0.799644947052002,-0.4054243564605713,-3.790534257888794,-6.470666885375977,0.6897712349891663,1.9634780883789062,-0.25389209389686584,1.4288780689239502,-0.23311157524585724,0.6143089532852173,3.803445816040039,-2.6008739471435547,3.0871071815490723,2.462371826171875,2.911608934402466
45,-2.670480966567993,0.4644971489906311,4.612214088439941,0.29779595136642456,0.3382120430469513,3.6097099781036377,0.6354604363441467,2.9523708820343018,1.7394901514053345,-3.230513572692871,0.44568467140197754,-1.9231793880462646,-3.002326011657715,1.2849466800689697,-2.8063275814056396,0.9996829628944397,-0.3568926453590393,-5.0729475021362305,3.1499710083007812,-4.49052619934082,-6.1709208488464355,-0.546559751033783,0.2437102496623993,-3.082603693008423,-2.971827983856201,5.40726375579834,-2.3687243461608887,-0.0012392890639603138,0.00971290748566389,0.04787121340632439,-3.792308807373047,2.5490705966949463,1.663078784942627,6.3313307762146,-0.18345719575881958,-9.802058219909668,-0.7172191143035889,-0.9880527853965759,-6.9024786949157715,-5.235555648803711,0.35821104049682617,4.941438674926758,-1.2279914617538452,-2.8465230464935303,-0.5002713203430176,0.3679695427417755,-1.1439322233200073,-4.307339191436768,-1.6830949783325195,-1.2237082719802856,-3.7728655338287354,-5.542765140533447,1.0995122194290161,1.1836285591125488,-0.5711237788200378,1.6111425161361694,-0.4514045715332031,1.2152762413024902,1.501880168914795,-2.986253499984741,-0.5775041580200195,-0.22696936130523682,-1.8526508808135986
46,-2.56957745552063,0.12352309376001358,4.767073631286621,-1.0091376304626465,-1.0625412464141846,2.677595853805542,-2.5109572410583496,0.7065790295600891,-0.0962771475315094,-4.174577236175537,1.2516779899597168,-1.530072808265686,-2.9070639610290527,1.1265045404434204,-2.7557296752929688,1.2755175828933716,-0.23354044556617737,-5.501028060913086,2.7022314071655273,-4.130180835723877,-6.56742525100708,-0.70626300573349,0.1270841509103775,-3.672943353652954,-1.127995252609253,-1.9650423526763916,-7.861696243286133,-0.0015502383466809988,0.011619258671998978,0.04625575244426727,-4.2294182777404785,3.6061313152313232,2.6539411544799805,6.318140983581543,-0.7640971541404724,-8.239025115966797,-0.9866748452186584,-1.5047653913497925,-6.994011878967285,-3.019214391708374,0.3560394048690796,4.127460479736328,-2.4282238483428955,-2.063087224960327,-0.33428817987442017,-0.019387010484933853,-1.3663517236709595,-4.240968704223633,-2.6490437984466553,2.118608236312866,-5.897700786590576,-5.3472371101379395,1.310360074043274,0.9833797216415405,-0.3413252830505371,1.3389191627502441,-0.1900884062051773,0.8478485941886902,1.648738145828247,-2.7722697257995605,2.0810935497283936,1.151423692703247,1.6335135698318481
47,-2.339024782180786,-0.11408337205648422,4.432520866394043,-1.1245018243789673,-1.124538779258728,2.680694341659546,-2.6897356510162354,0.6274616718292236,-0.03687852621078491,-4.309435844421387,1.3034420013427734,-1.7061680555343628,-2.8727078437805176,1.344794511795044,-2.5715861320495605,1.2737362384796143,-0.16652587056159973,-5.392036437988281,2.7449355125427246,-4.096985816955566,-6.3163933753967285,-0.6548312902450562,0.02917296439409256,-3.5901618003845215,-0.9903039932250977,-2.196014642715454,-8.055671691894531,-0.001344325253739953,0.009366506710648537,0.04717867448925972,-4.153199195861816,3.3209621906280518,2.465534210205078,6.0838518142700195,-0.6145209670066833,-8.51644515991211,1.0425833463668823,0.259080171585083,-2.0756967067718506,-3.0867629051208496,0.38670486211776733,4.212060451507568,-2.4497385025024414,-2.072486162185669,-0.3330748677253723,-0.05196501687169075,-1.330172061920166,-4.248037338256836,-2.832585334777832,2.287813663482666,-6.051872253417969,-5.131811141967773,1.234546422958374,1.0623022317886353,-0.38464275002479553,1.3978655338287354,-0.20936892926692963,1.0019952058792114,1.5660160779953003,-2.8323802947998047,2.1186747550964355,1.070577621459961,1.473913550376892
48,-0.6367502212524414,1.732938289642334,1.3108134269714355,0.05320458486676216,0.19295838475227356,3.3954906463623047,0.4770134687423706,2.9472873210906982,1.8184971809387207,-3.2850849628448486,0.5180354118347168,-1.8210830688476562,-2.9639697074890137,1.3683778047561646,-2.9102582931518555,1.1046111583709717,-0.1513175666332245,-5.236841678619385,3.2195165157318115,-4.2726521492004395,-5.784125328063965,-0.5746541619300842,-0.040204934775829315,-3.2530813217163086,-0.7997056245803833,-2.5569186210632324,-7.857881546020508,-0.001068249111995101,0.010048740543425083,0.05150625482201576,-4.139516353607178,3.3305022716522217,2.503628969192505,6.329929351806641,-0.5134806632995605,-9.430434226989746,-1.4357677698135376,-2.2482833862304688,-7.665157318115234,-3.090808391571045,0.45254623889923096,4.264541149139404,-1.1783806085586548,-2.7920899391174316,-0.5315740704536438,0.17155063152313232,-1.088736891746521,-4.3639631271362305,-2.8864874839782715,1.9910738468170166,-5.964821815490723,-5.642704010009766,1.3370906114578247,0.5024747848510742,-0.4751817286014557,1.4487226009368896,-0.2656431794166565,0.9580893516540527,1.5861823558807373,-2.959050178527832,-0.737934410572052,-0.17105001211166382,-2.1109604835510254
49,-0.010439455509185791,-0.4048863351345062,1.9850761890411377,0.11221078038215637,0.16120295226573944,3.5462892055511475,0.4820975661277771,2.862423896789551,1.7334845066070557,-4.398747444152832,1.2929027080535889,-1.7931220531463623,-2.9087815284729004,1.4794254302978516,-2.8225104808807373,0.9985852241516113,-0.17091411352157593,-4.9681172370910645,3.1778204441070557,-4.202432632446289,-5.853355884552002,-0.6248161196708679,-0.05005989968776703,-3.327852964401245,-1.0068105459213257,-2.367401599884033,-8.010503768920898,-0.0012383521534502506,0.010355575010180473,0.05054087191820145,-4.054776191711426,3.1880545616149902,2.3702549934387207,6.151027202606201,-0.44983160495758057,-9.209074020385742,-1.4562225341796875,-2.196056604385376,-7.780734062194824,-2.992830753326416,0.5374535322189331,4.114893913269043,-1.1766111850738525,-2.7368319034576416,-0.5308141112327576,0.04822972044348717,-1.268020749092102,-4.3100972175598145,-2.8949851989746094,1.991267204284668,-6.071348667144775,-5.448139190673828,1.2770700454711914,0.7253637313842773,-0.47472283244132996,1.496546745300293,-0.27383530139923096,1.1086519956588745,1.5647772550582886,-2.9644341468811035,-0.6416471600532532,-0.23028206825256348,-2.147620916366577
50,-4.789583683013916,0.9148657917976379,5.095163345336914,-1.0533367395401,-1.0201454162597656,2.771540403366089,-2.8582396507263184,0.8443024754524231,0.2748483717441559,-2.107553243637085,2.150092840194702,-0.09630902111530304,-2.6892294883728027,1.3256586790084839,-2.5724987983703613,1.2018896341323853,-0.17939341068267822,-4.517670631408691,3.2052836418151855,-4.234973907470703,-6.1352128982543945,-0.5982216596603394,0.007316091097891331,-3.228525400161743,-1.2802549600601196,-2.3694770336151123,-8.037736892700195,-0.0011763526126742363,0.007236150559037924,0.047596365213394165,-4.073336124420166,3.0857291221618652,2.251282215118408,6.21400260925293,-0.46164101362228394,-9.160831451416016,0.9668890833854675,0.21254609525203705,-1.9791865348815918,-3.113787889480591,0.5853365659713745,3.829937219619751,-1.1404098272323608,-2.722062826156616,-0.5761896371841431,-0.16710799932479858,-1.5110626220703125,-4.239223003387451,-2.795555353164673,1.9882577657699585,-6.247547149658203,-5.266273498535156,1.2753721475601196,0.6760551929473877,-0.537058413028717,1.520153284072876,-0.3034796714782715,1.1772887706756592,1.5199412107467651,-2.9150607585906982,-0.6542615294456482,-0.1585470736026764,-2.2784616947174072
51,0.1409202218055725,-0.500220775604248,2.0225629806518555,-1.1093950271606445,-0.9252434372901917,2.7521350383758545,0.41365987062454224,2.9306442737579346,1.701095700263977,-4.106075286865234,1.1915961503982544,-1.636543869972229,-3.010084390640259,1.1613167524337769,-2.932025194168091,1.2741318941116333,-0.14750653505325317,-5.425769329071045,3.521641969680786,-4.248035430908203,-5.6413164138793945,-0.5589734315872192,-0.12548303604125977,-3.8350324630737305,-2.10671329498291,0.28177934885025024,-5.9064741134643555,-0.0007729443605057895,0.007877234369516373,0.04382249712944031,-4.208497047424316,3.594190835952759,2.7935245037078857,6.1049394607543945,-0.5000400543212891,-8.896905899047852,-1.5827704668045044,-2.0311245918273926,-7.783075332641602,-3.1051461696624756,0.40146929025650024,4.322018146514893,-1.3430637121200562,-2.836132287979126,-0.5816218852996826,0.1435818374156952,-1.0660665035247803,-4.541344165802002,-2.8819777965545654,1.9111260175704956,-6.046977519989014,-5.7665910720825195,1.3751468658447266,0.5600635409355164,-0.35105350613594055,1.3539015054702759,-0.2010936588048935,1.5214194059371948,1.9028655290603638,-3.741179943084717,2.4330780506134033,1.9734432697296143,0.37818893790245056
52,-0.030677907168865204,-0.5500509142875671,2.2244644165039062,-1.0669342279434204,-0.8976500034332275,2.7147586345672607,0.472442626953125,2.9349565505981445,1.8086304664611816,-1.569035291671753,2.1851730346679688,-0.7392556667327881,-3.531888008117676,1.4793224334716797,-2.7798702716827393,0.9373325705528259,-0.26168495416641235,-5.112977504730225,3.5828285217285156,-4.590607643127441,-5.975162506103516,-0.49141770601272583,-0.010322040878236294,-3.6125905513763428,-3.4493510723114014,5.3801445960998535,-2.1642284393310547,-0.0014032006729394197,0.014058231376111507,0.0538443960249424,-3.8983969688415527,2.8565640449523926,2.150632619857788,6.384078502655029,-0.4233796000480652,-9.730302810668945,-0.8081399202346802,-1.5125468969345093,-6.713284015655518,-2.743323564529419,0.4531617760658264,4.001636505126953,-1.4037895202636719,-2.822614908218384,-0.698415994644165,-8.26953125,-15.969640731811523,-5.198988914489746,-2.1303963661193848,-0.9798595309257507,-3.5541396141052246,-6.567885398864746,1.32119882106781,0.6001545786857605,-0.39939799904823303,1.4153683185577393,-0.21609467267990112,1.4969021081924438,2.277348279953003,-3.7215774059295654,2.481419563293457,2.004277467727661,0.6061837673187256
53,-0.28253424167633057,-0.46177342534065247,2.108440637588501,-0.8129026889801025,-0.8566575050354004,2.795372486114502,0.5904567241668701,2.9775540828704834,2.1290292739868164,-0.9816558361053467,2.1726176738739014,-0.49423110485076904,-3.2903854846954346,1.2879104614257812,-2.7677600383758545,-0.5680629014968872,-0.3211303949356079,-4.458623886108398,2.281381607055664,-4.328663349151611,-6.269838809967041,-0.3514225482940674,0.5149253010749817,-3.0682928562164307,-3.402916669845581,-1.9182050228118896,-1.6748385429382324,0.0009952080436050892,0.006463086232542992,0.04207528010010719,-3.211343288421631,3.4127986431121826,1.8603774309158325,4.625487327575684,0.5435024499893188,-5.89018440246582,-0.38370299339294434,0.2468010038137436,-1.5754231214523315,1.4760029315948486,1.2810344696044922,-0.4685819447040558,-0.45780688524246216,-2.002399206161499,0.5838044881820679,-8.854676246643066,-15.353373527526855,-5.356466293334961,-1.2821112871170044,-0.028042852878570557,-2.9323363304138184,-0.19245973229408264,2.529477119445801,-6.80418586730957,-0.817598819732666,0.7233654260635376,-0.9224883913993835,-0.47163283824920654,3.4397029876708984,-4.263871192932129,-0.8712927103042603,0.38522782921791077,-2.148498296737671
54,-0.9542970061302185,2.0842232704162598,-16.706356048583984,-1.0412001609802246,-0.9255257844924927,2.8832221031188965,0.6593215465545654,2.886011838912964,1.6206943988800049,-4.478901386260986,0.7148453593254089,-1.3717938661575317,-3.650918960571289,1.4580804109573364,-2.956437587738037,-0.45017310976982117,-0.12494722753763199,-6.078292369842529,2.420642852783203,-3.8645339012145996,-5.423687934875488,1.4768242835998535,-1.4599535465240479,-7.241988658905029,-3.23126220703125,-2.067689895629883,-2.4024224281311035,-0.0005481945700012147,0.012520013377070427,0.05421806871891022,-3.392958402633667,3.6062252521514893,1.8295286893844604,5.572737693786621,0.02067500352859497,-8.724249839782715,0.30312079191207886,-0.3893704414367676,-1.107401967048645,1.8568781614303589,1.2026431560516357,-0.6893767714500427,0.24986903369426727,-1.9236488342285156,0.4655286967754364,0.17963160574436188,-1.522070288658142,-4.0064697265625,-1.7299987077713013,-0.23010800778865814,-3.373532772064209,-5.996026992797852,0.9221965670585632,1.6002408266067505,-0.7795044779777527,1.510667324066162,-0.021305814385414124,-0.37006932497024536,3.2879669666290283,-4.169647216796875,-0.16696779429912567,1.2064628601074219,-1.3151754140853882
55,-2.4912729263305664,1.1824637651443481,4.562891006469727,-0.5103167295455933,-0.018961243331432343,2.88739275932312,-0.5361748933792114,-0.7165499925613403,0.7562744617462158,-1.4922678470611572,2.1105709075927734,-0.11565156280994415,-4.044269561767578,1.6315668821334839,-2.5345332622528076,1.7422927618026733,-0.4349971115589142,-6.308860778808594,0.44954776763916016,-3.370990514755249,-5.959055423736572,-0.22593341767787933,0.3192859888076782,-3.0060672760009766,-1.6373682022094727,-2.0816733837127686,-3.0059101581573486,-0.0026386857498437166,0.11525116115808487,-0.12764610350131989,-3.367220640182495,1.988722801208496,0.9645470380783081,6.002291202545166,-0.6210983991622925,-9.361687660217285,0.12208175659179688,0.1350325644016266,-1.5746761560440063,-1.614649772644043,1.8825181722640991,2.4488470554351807,1.368317723274231,-3.466512441635132,-0.24642759561538696,-3.034698009490967,-6.37479305267334,-2.680670738220215,-2.1184773445129395,0.696580708026886,-3.335824489593506,-7.040369987487793,1.018576741218567,1.8358237743377686,-0.9969000220298767,1.2100378274917603,-0.8744726777076721,0.26967719197273254,1.242100715637207,-0.7680924534797668,1.417202353477478,2.4727678298950195,0.27327829599380493
56,1.1368554830551147,2.933908700942993,-10.634243965148926,-1.469266414642334,0.07692931592464447,3.276549816131592,-2.2654058933258057,3.652162551879883,3.281226634979248,-3.958463191986084,1.4512161016464233,-1.3714712858200073,-2.7029151916503906,0.08222530037164688,-3.7549691200256348,1.2742596864700317,0.20057860016822815,-5.143954753875732,4.91008996963501,-7.280335903167725,-9.604366302490234,-1.7099145650863647,0.8263530135154724,-2.683637857437134,-1.6160832643508911,1.9185787439346313,-2.836024284362793,0.012646809220314026,0.08509712666273117,-0.07928751409053802,-3.0107555389404297,1.0287779569625854,0.9922749996185303,4.759902000427246,1.0357933044433594,-6.711928844451904,-0.8752989172935486,-0.004708960652351379,1.0477004051208496,-2.9352011680603027,0.7612739205360413,4.59951114654541,-0.6545528173446655,-2.086656332015991,0.2914179563522339,-6.564040184020996,-13.067229270935059,-3.7064504623413086,-0.7635706663131714,-0.8147363066673279,-3.697343587875366,2.771491050720215,1.6849712133407593,1.4395411014556885,4.137439250946045,6.152346134185791,1.8528724908828735,-1.0587290525436401,1.50608229637146,0.3022077679634094,1.6332658529281616,2.202803373336792,1.2357804775238037
57,0.8486554622650146,2.8229944705963135,-11.022903442382812,-1.4637943506240845,-0.19915956258773804,3.475008964538574,-2.2047195434570312,3.599543571472168,3.2697174549102783,-3.7854926586151123,1.5183494091033936,-1.0101147890090942,-2.6034297943115234,0.11098406463861465,-3.8939621448516846,1.2071714401245117,0.003493852913379669,-4.742209434509277,4.640851974487305,-6.698657512664795,-9.016273498535156,-1.389146089553833,0.7614167928695679,-2.9655661582946777,-2.8835456371307373,2.5788609981536865,-4.241687297821045,0.016455261036753654,0.08209067583084106,-0.10232049971818924,-3.1064159870147705,1.115540623664856,1.116207480430603,3.886181354522705,0.9109151363372803,-6.175365447998047,-1.159701943397522,-0.007097378373146057,1.2238539457321167,-2.7821152210235596,0.9245684146881104,4.039206504821777,-0.763192892074585,-2.005674362182617,0.1990675926208496,-4.701212406158447,-6.49724817276001,-3.5125112533569336,-0.3986678123474121,-1.0019367933273315,-3.5695505142211914,2.776196241378784,1.579747200012207,1.516628623008728,3.9035439491271973,5.758004665374756,1.9034080505371094,-1.1654491424560547,1.5320360660552979,0.24986468255519867,0.962721049785614,2.1943557262420654,0.6831701397895813
58,-1.3227182626724243,2.5482046604156494,3.6339101791381836,-0.8134971261024475,0.25388386845588684,3.239168643951416,-1.2780916690826416,2.299896478652954,1.4921096563339233,-5.0049309730529785,0.5598032474517822,-3.9085981845855713,-2.3955821990966797,0.2292030155658722,-3.3900158405303955,1.1985141038894653,0.038889460265636444,-4.8361310958862305,4.254337787628174,-4.158534526824951,-6.183867454528809,-1.331058382987976,1.0592713356018066,-2.5654523372650146,-4.811004638671875,1.687240481376648,0.037217624485492706,-0.001484591281041503,0.0886567234992981,-0.1294906735420227,-3.3931241035461426,1.8650978803634644,1.3150399923324585,4.730490207672119,0.8178586363792419,-7.31552267074585,1.7188575267791748,-0.4169365167617798,-3.1118125915527344,-2.8004586696624756,1.0718905925750732,4.242251873016357,-1.0090547800064087,-1.9986013174057007,-1.3975735902786255,-3.223496675491333,-4.810469627380371,-3.51153826713562,-0.7270762920379639,-0.8476247191429138,-4.374073505401611,1.918566346168518,2.4718406200408936,0.5730681419372559,-0.678364098072052,2.0302116870880127,-0.04348265752196312,-1.157820463180542,1.8516806364059448,0.2879297137260437,2.7923595905303955,3.2036490440368652,3.3536641597747803
59,-2.9904305934906006,1.504070520401001,4.7431640625,-0.6828662157058716,0.410824179649353,2.8230059146881104,-1.3097000122070312,2.2380378246307373,1.3337599039077759,-3.855846405029297,1.0958008766174316,-0.7409793138504028,-2.0671420097351074,0.14321550726890564,-3.444528102874756,1.329772710800171,0.16816097497940063,-4.755197048187256,4.15726900100708,-4.240819931030273,-6.479546070098877,-1.4563764333724976,0.8889724016189575,-2.512967586517334,1.075981855392456,-0.23085486888885498,-11.806400299072266,-0.0025528317783027887,0.08141843974590302,-0.1356430947780609,-3.5933001041412354,2.7030506134033203,1.744841456413269,4.671451091766357,1.0648400783538818,-7.415771961212158,-1.1799118518829346,0.18839780986309052,1.6101245880126953,-2.915132761001587,1.0942727327346802,4.2669453620910645,-0.991104006767273,-2.1009743213653564,-1.1661064624786377,-3.8545827865600586,-5.804473400115967,-3.0440080165863037,-0.7209442853927612,-0.6476714611053467,-4.0494608879089355,1.805338740348816,2.44874906539917,0.6369174718856812,4.50490140914917,6.953597068786621,1.9467633962631226,-1.1791143417358398,1.870229959487915,0.4150749444961548,3.062242031097412,3.3339951038360596,3.766571521759033
60,-2.992978572845459,1.5631685256958008,4.747881889343262,-0.8859327435493469,-1.0480494499206543,2.657054901123047,-1.3151538372039795,2.170421838760376,1.290989637374878,-3.6963798999786377,1.1370420455932617,-0.8059277534484863,-1.970537543296814,1.481020212173462,-2.729849100112915,1.4424257278442383,0.13160285353660583,-4.739188194274902,4.027975082397461,-4.190047740936279,-6.560635089874268,-1.400600790977478,0.9248765110969543,-2.5052945613861084,1.05842924118042,-0.3253753185272217,-11.12933349609375,0.0014988596085458994,0.07749083638191223,-0.13049568235874176,-3.4334611892700195,2.494140625,1.5657787322998047,4.614190101623535,1.1111228466033936,-7.097793102264404,-1.1370669603347778,0.29189813137054443,1.2052850723266602,-2.954213857650757,1.0492854118347168,4.273317337036133,-0.904893159866333,-2.0991833209991455,-1.28432297706604,-4.521578311920166,-6.269603729248047,-3.841707944869995,-0.47831642627716064,-0.7098041772842407,-3.9350271224975586,2.3366823196411133,2.331113338470459,0.6776928305625916,-0.6666935682296753,1.91783607006073,0.039750948548316956,-1.0993248224258423,1.7178566455841064,0.3535463213920593,0.5673388242721558,1.5957987308502197,-2.7433483600616455
61,-0.987245500087738,2.3137617111206055,3.706613302230835,-0.7525113821029663,0.6056277751922607,2.9663898944854736,-1.2646307945251465,3.2618277072906494,3.2504992485046387,-4.312955856323242,0.3136042356491089,-3.648993730545044,-2.737828016281128,0.2493492066860199,-3.1160566806793213,1.204026222229004,0.12969589233398438,-4.759710788726807,1.4311171770095825,-3.610365867614746,-6.193938255310059,-1.0633436441421509,0.8517443537712097,-2.793458938598633,1.4557077884674072,-0.4860406816005707,-10.651522636413574,0.0004359314334578812,0.08520783483982086,-0.10296206921339035,-3.307210683822632,2.2562272548675537,1.4905517101287842,4.5011396408081055,0.835178792476654,-7.039989471435547,-0.4755416810512543,-0.05159063637256622,-0.4531566798686981,-2.8625614643096924,0.9009730815887451,4.368229389190674,-0.7343166470527649,-1.9825550317764282,0.028865300118923187,-0.1353590339422226,-3.361691951751709,-3.127478837966919,-8.19374942779541,11.086724281311035,-6.661430358886719,-0.7377332448959351,0.3875375986099243,3.141498565673828,-0.19351713359355927,3.878586769104004,1.3254283666610718,-1.0364964008331299,1.728166937828064,0.3768656253814697,-0.3661266565322876,1.4022536277770996,-1.5928608179092407
62,-0.9632492661476135,2.403507947921753,3.787754535675049,-0.6974042057991028,0.7001004815101624,3.0304291248321533,-1.362311840057373,3.3053250312805176,3.38295578956604,-4.384517192840576,0.24494780600070953,-3.486253261566162,-2.69870924949646,0.12521907687187195,-3.144585371017456,1.2073243856430054,0.15772852301597595,-4.757874011993408,1.4603198766708374,-3.6423280239105225,-6.2672810554504395,-1.026774525642395,0.8855583667755127,-2.822638988494873,1.3247543573379517,-0.454685777425766,-10.726202011108398,0.002464396646246314,0.08240997046232224,-0.10070342570543289,-3.44183349609375,2.8932552337646484,1.807688593864441,4.611570835113525,0.8059484362602234,-7.209163665771484,-0.596826434135437,0.05151079595088959,-0.555679976940155,-2.8555498123168945,0.895565927028656,4.33289909362793,-0.6804158091545105,-1.9358915090560913,0.06027431786060333,-2.586205005645752,-8.769561767578125,-2.4989020824432373,-0.4749264121055603,-1.7051877975463867,-3.580355405807495,-0.8047685623168945,0.3973759412765503,2.9383089542388916,-0.14915303885936737,3.931647300720215,1.3460960388183594,-1.0332566499710083,1.7704180479049683,0.367977499961853,-0.3497086763381958,1.6431474685668945,-1.2544466257095337
63,-0.16136953234672546,2.6519644260406494,3.759836435317993,-0.9895844459533691,-1.6186610460281372,2.91859769821167,-0.22838254272937775,-1.0559262037277222,0.9843171834945679,-5.039669036865234,0.13542906939983368,-3.5861244201660156,-3.0686678886413574,0.7910926938056946,-2.353455066680908,1.151258945465088,-0.0009712204337120056,-4.536808490753174,4.997583866119385,-6.423824787139893,-9.016133308410645,1.589400291442871,-1.1339426040649414,-7.4760613441467285,1.0693453550338745,-0.1834879368543625,-10.703104972839355,0.0046152882277965546,0.07871585339307785,-0.12597081065177917,-3.4826676845550537,2.2874622344970703,1.6532552242279053,5.11572790145874,0.5485974550247192,-7.720822334289551,0.49263572692871094,0.20567487180233002,-2.1627745628356934,-2.7180800437927246,1.1147722005844116,3.9757697582244873,-0.793805718421936,-1.78616201877594,-2.2421224117279053,-5.437634468078613,-6.554066181182861,-3.885603666305542,-0.6792851686477661,-1.5632145404815674,-2.9603004455566406,-0.30494165420532227,0.47384241223335266,2.956892251968384,-0.5576935410499573,3.566364288330078,1.140960931777954,-1.2518808841705322,1.8166072368621826,0.32040369510650635,-0.491517573595047,1.7622333765029907,-0.902059018611908
64,0.5117042064666748,3.2032577991485596,4.2580952644348145,-0.9811801910400391,-1.669609785079956,2.9130136966705322,0.28635260462760925,-1.4608885049819946,1.405332088470459,-4.576761722564697,-0.03552794083952904,-3.5937395095825195,-3.9407296180725098,1.7961210012435913,-1.2463308572769165,1.1548353433609009,-0.13418641686439514,-4.843879699707031,1.8294538259506226,-1.27275550365448,-4.374373435974121,-1.2740986347198486,-0.14743377268314362,-2.8899402618408203,0.7057432532310486,-0.7689344882965088,-6.3323140144348145,0.007939291186630726,0.0888054147362709,-0.12533637881278992,-3.3411130905151367,1.2035528421401978,1.281508445739746,2.99153733253479,-1.343109130859375,-4.696605205535889,1.1365119218826294,-0.2526370882987976,-3.1073379516601562,-2.5922555923461914,1.1272398233413696,3.9515223503112793,-1.1047813892364502,-1.997144341468811,-2.4660284519195557,-4.280394077301025,-5.506857395172119,-2.284559965133667,-1.0528018474578857,-1.3598910570144653,-1.9729750156402588,-7.028775691986084,1.290845274925232,0.21543821692466736,-0.3954641819000244,4.2206315994262695,1.8569430112838745,-1.2000583410263062,1.655666708946228,0.29718518257141113,0.9259446263313293,1.6171220541000366,0.23789584636688232
65,-2.6077542304992676,0.1763153225183487,-1.6797735691070557,0.6908856630325317,0.4268202781677246,1.4447922706604004,-1.79915452003479,2.8785650730133057,2.4844372272491455,-2.550719738006592,0.6087160110473633,-2.035409688949585,-3.6960527896881104,0.6421099901199341,-3.1419906616210938,1.12506902217865,0.15417006611824036,-5.954281330108643,-2.9350104331970215,-1.434635043144226,4.675825119018555,-1.8232053518295288,2.425090789794922,-1.8747731447219849,1.4682116508483887,-0.5588597655296326,-6.0200629234313965,0.007349567022174597,0.07501446455717087,-0.038353707641363144,-3.5068979263305664,1.75143563747406,1.4868710041046143,3.388590097427368,-7.770371437072754,-5.796690940856934,-0.7883890271186829,0.3600178360939026,-0.42376378178596497,-3.307918071746826,0.8155672550201416,5.695306301116943,3.9591121673583984,-0.9360225200653076,-1.2783911228179932,-3.6004908084869385,-6.715667724609375,-3.6778640747070312,-1.0839450359344482,-0.07400037348270416,-5.5031208992004395,5.607015132904053,0.4217554032802582,2.5568015575408936,5.956642150878906,5.494606018066406,0.8914984464645386,0.5063009262084961,2.648655891418457,-4.706548690795898,-0.9994262456893921,-0.7235627174377441,-1.6404924392700195
66,-1.78018057346344,0.11163057386875153,0.9997216463088989,-0.3512938618659973,0.34132254123687744,2.481370449066162,-0.8576411008834839,1.4637750387191772,0.8467574119567871,-4.290258407592773,0.3587239384651184,-2.4847660064697266,-2.433173179626465,-0.33436712622642517,-3.3658108711242676,2.0087695121765137,0.3183785676956177,-0.4627627432346344,0.40663865208625793,0.38107138872146606,0.058152101933956146,-1.3877677917480469,2.817366600036621,-2.3641793727874756,-6.552524566650391,2.602628231048584,-7.314329624176025,0.01825944148004055,0.07242348045110703,0.07733622938394547,-3.24533748626709,2.5124094486236572,1.5734807252883911,3.1655402183532715,0.615707278251648,-4.922203063964844,0.4889184534549713,-0.43268465995788574,-0.4571378529071808,-3.353576421737671,0.26517632603645325,4.431120872497559,2.6995739936828613,-4.005949020385742,-1.8096531629562378,-5.816758632659912,-6.477634906768799,-1.7144955396652222,-2.6446588039398193,1.0858632326126099,-3.4751338958740234,-4.7532758712768555,1.2241506576538086,0.34656351804733276,0.4266919791698456,2.917137861251831,0.9416062235832214,0.7690308094024658,3.745918035507202,-1.2400169372558594,-1.9704357385635376,-1.0086673498153687,2.5963501930236816
67,-1.7164342403411865,-2.317436456680298,-0.5601249933242798,-20.83043098449707,1.373967170715332,4.87680196762085,-3.4480350017547607,2.2961223125457764,-1.4864332675933838,-2.7528481483459473,1.2759281396865845,-1.1525609493255615,-2.075559377670288,-0.4229906499385834,-5.099871635437012,-0.4678376615047455,1.1783392429351807,-0.9020318984985352,2.231903314590454,-2.3207027912139893,-6.183527946472168,-1.6630245447158813,-0.3041873574256897,-3.5857720375061035,-1.7012314796447754,0.026317819952964783,-1.9060523509979248,0.041211675852537155,0.06925684958696365,-0.023404119536280632,-3.7342512607574463,2.3736398220062256,1.5760176181793213,0.7076647877693176,-0.03706207871437073,1.6338958740234375,3.0976343154907227,0.3718775510787964,-3.9907925128936768,-3.1297900676727295,0.25069448351860046,4.059719562530518,2.58695125579834,-2.7993650436401367,-4.381396293640137,-6.715452194213867,-8.12546157836914,-0.41550546884536743,-3.9290390014648438,1.3283321857452393,-3.5745160579681396,-7.747365474700928,-0.01230863481760025,-4.712491989135742,-0.18127970397472382,1.8053451776504517,0.327800452709198,1.1685093641281128,2.7591347694396973,-1.975949764251709,2.2009880542755127,2.2472290992736816,-3.7523627281188965
68,-0.42920079827308655,-1.884157657623291,1.1256181001663208,-21.238569259643555,1.0922144651412964,4.731630802154541,-2.8434033393859863,1.2067651748657227,-0.9215809106826782,-3.1153416633605957,1.6663450002670288,-0.7820839881896973,-2.3211958408355713,-0.5140053033828735,-5.4217705726623535,1.3142441511154175,0.03454629331827164,-5.270472049713135,2.3703949451446533,-2.261094808578491,-6.418840408325195,-1.5242496728897095,-0.03518541902303696,-3.7104389667510986,-1.9494620561599731,-0.20735181868076324,-3.087489604949951,0.05355248600244522,0.07801401615142822,-0.01334691233932972,-3.9713706970214844,3.3984124660491943,2.128042221069336,0.7746365666389465,-0.03605017066001892,1.4823211431503296,2.9413931369781494,0.08516174554824829,-4.584092140197754,-0.4936451017856598,0.17062243819236755,-1.6795607805252075,2.4854114055633545,-3.0460617542266846,-3.601116418838501,-7.658056259155273,-8.71306324005127,-0.6313104033470154,-4.110911846160889,1.1098781824111938,-3.945932626724243,-7.238085746765137,0.6432497501373291,-4.799989700317383,0.06592663377523422,1.9010602235794067,-0.04103383421897888,1.425601601600647,2.8263254165649414,-2.4330825805664062,2.1349711418151855,2.178762912750244,-3.6779322624206543
69,-3.717299222946167,0.6558411121368408,2.6958396434783936,-2.4398891925811768,0.7236737608909607,3.848663806915283,-0.3255921006202698,-0.5354121923446655,1.6831649541854858,-2.8802847862243652,0.8415284752845764,-1.237316370010376,-3.078110694885254,0.870630145072937,-3.6201887130737305,1.0549319982528687,0.21384954452514648,-5.3295817375183105,0.03242623433470726,-2.923590898513794,-0.2780264616012573,-0.2770456075668335,0.5039294958114624,-5.241236686706543,-2.6238722801208496,-0.4173037111759186,-3.847320556640625,0.017734361812472343,0.07420255988836288,-0.02513510175049305,-3.6544880867004395,2.1698970794677734,1.4493210315704346,0.7013077139854431,0.046559132635593414,1.2872118949890137,-0.38068288564682007,1.1132566928863525,-0.9316591620445251,-2.0451765060424805,0.5518121719360352,2.1133790016174316,1.0891135931015015,-2.459651470184326,-4.437868118286133,-5.652214050292969,-8.440354347229004,-0.47720110416412354,-2.9539036750793457,1.012755036354065,-4.566146373748779,-4.848980903625488,0.9452303051948547,-0.8067978024482727,-0.8032150268554688,1.8988598585128784,-0.047293201088905334,0.4162771701812744,2.4645159244537354,-2.1729066371917725,-1.2951762676239014,0.337973415851593,-1.6513493061065674
70,-3.5778565406799316,0.9594356417655945,2.682316303253174,-1.520964503288269,0.20121866464614868,2.6776537895202637,-0.3511659502983093,-0.3944630026817322,1.4016602039337158,-2.8116447925567627,0.6961361169815063,-1.1707932949066162,-2.641355037689209,0.380754679441452,-3.783625602722168,1.0213212966918945,0.1914674937725067,-5.558393478393555,-0.06219691410660744,-2.6040499210357666,-0.7606319785118103,0.006491795182228088,-0.0032896986231207848,-5.394154071807861,-2.930243492126465,-0.4154687821865082,-4.935882091522217,0.017524177208542824,0.08240515738725662,-0.03512594476342201,-3.5346810817718506,2.0966522693634033,1.3765147924423218,1.9562138319015503,-7.71208381652832,-4.620431900024414,-1.6994307041168213,-1.269022822380066,-8.184664726257324,-2.6381797790527344,-0.0038262754678726196,1.8417658805847168,1.4396898746490479,-2.616197109222412,-3.9436256885528564,-6.014461517333984,-7.8683013916015625,-0.7344905734062195,-1.0746076107025146,0.7761977910995483,-4.7580885887146,-5.086479663848877,0.7116796374320984,-1.527980089187622,-0.9480311870574951,1.9551417827606201,-0.13939577341079712,0.4083922505378723,2.3404605388641357,-2.245302438735962,1.5639140605926514,1.5739343166351318,-3.58154034614563
71,-3.6514484882354736,0.8374304175376892,2.5279288291931152,1.9755406379699707,0.09186560660600662,2.452589273452759,0.046649057418107986,-0.5858781933784485,1.2469122409820557,-3.0079185962677,1.368959903717041,-1.2200045585632324,-2.01670503616333,-0.1047913059592247,-3.9817543029785156,1.1285585165023804,0.35517942905426025,-5.502768039703369,3.5296847820281982,-3.239675998687744,-6.3947529792785645,-0.09186230599880219,0.2952789068222046,-4.188188552856445,-2.478134870529175,-0.5812408924102783,-5.897557735443115,-0.02571604587137699,0.11496465653181076,-0.10884857177734375,-3.3005058765411377,1.9725292921066284,1.1140315532684326,1.5229113101959229,-7.641847610473633,-4.01559591293335,1.9231630563735962,-0.24222822487354279,-3.266235828399658,-2.021223545074463,0.34117424488067627,1.8998770713806152,1.9419240951538086,-2.673936605453491,-3.69002366065979,-6.852596759796143,-8.206279754638672,-1.209076166152954,-2.6606221199035645,1.2220083475112915,-4.564422130584717,-3.9303536415100098,0.963816225528717,-2.29058575630188,-1.24714195728302,1.9160640239715576,-0.7442960739135742,-0.2609211206436157,1.7356830835342407,-2.1043756008148193,-1.3951843976974487,2.0807950496673584,0.5090257525444031
72,-3.486790418624878,0.4048427641391754,2.4985239505767822,1.8061434030532837,-0.14373359084129333,2.8465640544891357,-0.5500420928001404,-1.2349777221679688,1.4404582977294922,-2.9813051223754883,1.5407397747039795,-1.469642162322998,-1.3451358079910278,-0.4809379279613495,-4.053214073181152,1.2267991304397583,0.28146886825561523,-5.248499870300293,3.568835735321045,-3.1542532444000244,-7.223085880279541,-0.6983729600906372,0.9049432277679443,-2.9318723678588867,-1.4702166318893433,-1.4262186288833618,-6.366541385650635,0.00724506052210927,0.07891426235437393,-0.04627455770969391,-3.3150112628936768,1.9335321187973022,1.0752183198928833,2.804978132247925,0.9980308413505554,-4.037062168121338,2.27681040763855,-0.009861886501312256,-2.968384027481079,-0.24735714495182037,0.06583371013402939,-1.1423758268356323,2.7519309520721436,-3.1156868934631348,-2.4262213706970215,-8.017102241516113,-9.679036140441895,-1.614688754081726,-3.1182026863098145,1.3376449346542358,-4.823171615600586,-3.4528756141662598,-0.13693895936012268,-2.5530507564544678,-0.9976840615272522,1.913342833518982,-0.7438793778419495,-0.04081760346889496,1.8349171876907349,-2.2060751914978027,-1.3355491161346436,2.3255455493927,0.32261547446250916
73,-3.6084861755371094,0.4717516601085663,2.6588640213012695,-1.10939359664917,0.24489226937294006,3.640828847885132,-0.6652315855026245,-1.1819894313812256,1.3877089023590088,-4.032599925994873,3.188953399658203,-1.4865413904190063,-1.4605796337127686,-0.38740304112434387,-4.158169269561768,1.4550451040267944,0.34464168548583984,-5.006474494934082,3.5502779483795166,-3.2154500484466553,-7.244828224182129,-0.6300358176231384,0.8749545216560364,-2.7760281562805176,-1.4437018632888794,-1.5342626571655273,-6.498575210571289,0.004803631454706192,0.07512442767620087,-0.04506941884756088,-3.3210606575012207,1.8341922760009766,1.0974897146224976,2.902117967605591,1.0690754652023315,-4.333499908447266,2.419189691543579,-0.0010357201099395752,-3.081705093383789,-0.1801718920469284,0.0015063993632793427,-1.1516224145889282,1.0423765182495117,-1.7484679222106934,-4.4169535636901855,-7.723593711853027,-9.68004322052002,-1.4995782375335693,-3.2530226707458496,1.2415931224822998,-4.627466678619385,-3.383011817932129,-0.31916746497154236,-2.554680585861206,-1.2471359968185425,2.026853561401367,-0.7616998553276062,-0.2738657593727112,1.7126370668411255,-2.1139891147613525,-1.368448257446289,2.4054503440856934,0.3035648763179779
74,-3.6390936374664307,0.4263741672039032,2.3117241859436035,2.3347201347351074,-0.2956969141960144,3.0369420051574707,-0.8697765469551086,-0.8358211517333984,1.2632768154144287,-3.8752119541168213,2.540391445159912,-1.4909541606903076,-1.8297204971313477,-0.21796920895576477,-4.405073165893555,1.0453624725341797,0.14950665831565857,-5.529346942901611,3.5831539630889893,-2.7720470428466797,-7.146932601928711,-0.9314625263214111,0.6959494352340698,-3.2085814476013184,-0.8415618538856506,2.910032033920288,-2.9809484481811523,0.042007092386484146,0.10040315985679626,-0.03985326737165451,-3.464611530303955,1.5880379676818848,1.2228292226791382,2.96909236907959,0.9921956658363342,-4.474558353424072,2.461059331893921,-0.2912289500236511,-3.2629940509796143,-3.162428379058838,0.28199246525764465,4.079548358917236,3.420654535293579,-2.4292168617248535,-1.72934091091156,-8.609169006347656,-10.143228530883789,-2.009808301925659,-3.524214029312134,1.2000081539154053,-5.195504665374756,-3.27634859085083,-0.9573177099227905,-0.8877078890800476,-0.8170855045318604,1.7070105075836182,-0.45597171783447266,0.3123759627342224,1.8916038274765015,-2.201235771179199,-3.5100841522216797,-0.8521983623504639,-0.6946125626564026
75,-3.5497868061065674,1.266154170036316,2.5805978775024414,1.4179607629776,-0.418265700340271,2.837019681930542,-1.5497665405273438,1.6520906686782837,1.9051553010940552,-3.9888768196105957,2.2246649265289307,-1.2398223876953125,-1.9565645456314087,-0.031610988080501556,-4.633732318878174,1.1593126058578491,0.18247610330581665,-5.207355499267578,2.1973280906677246,-2.7733583450317383,-7.468206405639648,-1.249246597290039,0.41647976636886597,-3.302561044692993,-0.9854106903076172,-1.8290419578552246,-5.175942420959473,0.036236755549907684,0.09508787840604782,-0.03757314383983612,-3.4922893047332764,1.5718342065811157,1.2374776601791382,3.2696421146392822,0.724608302116394,-5.011103630065918,2.8382904529571533,-0.7899066805839539,-3.502049684524536,-3.184631824493408,0.36034995317459106,3.875978708267212,3.461184501647949,-2.8782613277435303,-1.0690882205963135,-7.763526439666748,-9.27202033996582,-2.0078258514404297,-3.1697075366973877,0.2974727749824524,-5.140519142150879,-3.6017026901245117,-1.1264784336090088,-1.0411560535430908,-0.5327534079551697,1.882879376411438,-0.4493035078048706,-1.1731793880462646,1.4423828125,0.13573214411735535,-0.8458028435707092,-0.31546664237976074,-1.8899955749511719
76,5.01460075378418,6.747519016265869,-4.9288129806518555,1.167946219444275,-0.2217247635126114,2.1679935455322266,4.145514011383057,-1.6894153356552124,1.095820665359497,-3.9554758071899414,1.4049102067947388,-1.2012089490890503,-2.2518959045410156,0.049099959433078766,-4.579435348510742,2.5071351528167725,0.19293206930160522,-4.142331600189209,0.23406463861465454,-7.407976150512695,-8.74066162109375,-1.0173877477645874,0.9863993525505066,-2.7122702598571777,-4.819166660308838,0.5750951766967773,-3.371565580368042,-0.0021422358695417643,0.08351429551839828,-0.1327401101589203,-3.7154860496520996,2.6573574542999268,2.0637786388397217,0.7310137748718262,-1.1541882753372192,-3.7868247032165527,-0.6052157282829285,1.1868293285369873,-0.3237844407558441,-3.6211347579956055,0.9635758399963379,3.718411445617676,-1.9320322275161743,-2.1821906566619873,-0.9352577924728394,-3.006279230117798,-8.434289932250977,-3.3639214038848877,-5.3327555656433105,7.082028388977051,-9.128177642822266,3.813685894012451,2.1015453338623047,0.9759107828140259,-1.511008620262146,3.211913824081421,0.4985452890396118,4.868608474731445,9.57382869720459,0.460854172706604,0.7672613263130188,-0.12537133693695068,-0.8681519627571106
77,5.018679618835449,6.213863849639893,-5.320404052734375,1.1926177740097046,-0.364309161901474,2.356692314147949,4.09121561050415,-1.6272387504577637,1.096423864364624,-4.554586887359619,1.7360036373138428,-1.1162378787994385,-2.689012289047241,0.07194731384515762,-3.911454677581787,2.144979238510132,0.08385414630174637,-4.632077693939209,-0.6174498200416565,-4.7079925537109375,-5.952515602111816,-1.2958916425704956,1.1028761863708496,-2.3507375717163086,1.6793714761734009,1.5063083171844482,-10.786299705505371,0.008940530940890312,0.09752049297094345,-0.10231484472751617,-3.7272207736968994,2.4164981842041016,1.9551925659179688,0.827461838722229,-1.8809781074523926,-4.006135940551758,-0.7968103885650635,1.2278698682785034,0.053274355828762054,-3.3590545654296875,0.7717751860618591,3.8486456871032715,-0.4086954891681671,-1.6938334703445435,-0.20988692343235016,-2.767113447189331,-8.038761138916016,-3.1697282791137695,-2.234143018722534,0.03925482928752899,-2.7534003257751465,3.6387436389923096,2.5992953777313232,0.8751280307769775,-1.9304745197296143,3.358452081680298,0.5417670011520386,5.218976974487305,10.96728515625,0.3978438973426819,0.3884585499763489,-0.016373321413993835,-0.6967332363128662
78,-3.7477188110351562,1.1331548690795898,2.2958524227142334,-1.9471890926361084,0.16088174283504486,3.0276548862457275,-2.332733154296875,0.9647095203399658,1.227663278579712,-3.1343154907226562,0.9913892149925232,-1.0874732732772827,-1.865078330039978,-0.6746134757995605,-5.135096549987793,2.5644893646240234,0.586171567440033,-4.860927104949951,1.8833253383636475,-1.1109262704849243,-4.482208728790283,-1.531969666481018,0.7825936079025269,-2.586287498474121,-1.8903108835220337,-0.8638560771942139,-3.774887800216675,0.022339770570397377,0.0895894318819046,-0.07734589278697968,-3.542421340942383,2.7854392528533936,1.9702718257904053,3.5845963954925537,-1.4883501529693604,-3.53670072555542,-0.08885841816663742,-0.13073553144931793,-1.517662763595581,-1.8565083742141724,0.7108301520347595,1.771813988685608,-0.41466304659843445,-2.1815717220306396,0.13385707139968872,-7.238540172576904,-8.895736694335938,-2.367097854614258,-4.841007709503174,4.569775581359863,-7.3088860511779785,-1.6557365655899048,-0.7651069760322571,-5.655503273010254,-2.5374977588653564,3.105893135070801,-0.0764506608247757,-0.14807935059070587,2.1554698944091797,-3.5757436752319336,0.1823691427707672,0.478619784116745,-1.3228018283843994
79,2.2269558906555176,1.4949051141738892,-1.335183024406433,1.6498159170150757,0.26840758323669434,2.390766143798828,-1.061398983001709,1.5426359176635742,1.0467547178268433,-3.9011476039886475,0.8691853880882263,-1.166602611541748,-2.345871686935425,0.15825948119163513,-4.193114757537842,0.9655948877334595,-0.2977675199508667,-6.407084941864014,1.3361971378326416,-0.49131324887275696,-3.0543997287750244,-0.7504746317863464,1.024444580078125,-2.8091797828674316,-2.1956567764282227,-0.658269464969635,-6.172941207885742,0.041322655975818634,0.09461144357919693,-0.025485316291451454,-3.7124414443969727,2.979379177093506,2.19887375831604,1.1207269430160522,0.28616881370544434,0.4663214683532715,2.18414306640625,-0.3555390238761902,-2.2652411460876465,-3.38374924659729,-0.010873064398765564,2.801154613494873,-0.059268247336149216,-1.6762374639511108,0.04898352921009064,-1.9718894958496094,-1.6825475692749023,-2.760664224624634,-5.685505390167236,5.828869819641113,-4.640766620635986,-2.370255947113037,-0.9682139158248901,-0.4757292866706848,-2.2737157344818115,2.784480333328247,-0.6505874991416931,0.48082077503204346,3.4089035987854004,0.12840871512889862,-1.6196839809417725,3.1289539337158203,-1.9255878925323486
80,2.8743419647216797,1.9277715682983398,-1.4360086917877197,1.6877524852752686,0.27325639128685,2.3669912815093994,-3.6293013095855713,0.6941691040992737,1.2283482551574707,-4.095914363861084,1.1843167543411255,-1.451407551765442,-2.7707009315490723,0.47440311312675476,-4.0708231925964355,1.8944401741027832,0.3277377784252167,-5.684607028961182,4.652201175689697,-4.741691589355469,-6.159383773803711,-0.9005707502365112,1.2746800184249878,-2.971764326095581,-2.911921501159668,-0.35254132747650146,-6.573870658874512,0.04138991981744766,0.08986504375934601,-0.03403215482831001,-3.786807060241699,3.1364681720733643,2.369764804840088,1.0019447803497314,0.27817338705062866,0.4202960133552551,2.0823609828948975,-0.16218288242816925,-2.033649444580078,-3.6578919887542725,-0.11777044832706451,2.7940547466278076,0.01880836859345436,-1.7238529920578003,-0.15586231648921967,-1.9480706453323364,-1.5706396102905273,-2.940880060195923,-6.434025287628174,6.536741733551025,-4.828996658325195,-3.022135019302368,-0.9006601572036743,-0.11305144429206848,-2.9761745929718018,2.6318047046661377,-1.726829171180725,-2.1814165115356445,1.0604443550109863,-1.2361153364181519,-1.6671993732452393,3.0429000854492188,-1.6754051446914673
81,0.11288700252771378,5.5150370597839355,3.401122808456421,1.6044100522994995,-0.08080384880304337,2.3853657245635986,-1.8241240978240967,1.0592623949050903,0.9872127771377563,-2.113831043243408,2.3835551738739014,-0.7997697591781616,-3.1852123737335205,0.11752424389123917,-4.372630596160889,1.6059021949768066,-0.5994294881820679,-7.07520055770874,1.3317956924438477,-0.9066492915153503,-3.848454713821411,-1.4502029418945312,2.972343921661377,-3.2975966930389404,0.4336235523223877,-1.1909739971160889,-4.593860149383545,0.02173139527440071,0.07856937497854233,9.74463764578104e-05,-4.059747695922852,3.6494925022125244,2.5412561893463135,1.0295199155807495,1.0141099691390991,1.5765372514724731,-0.9635191559791565,1.258841872215271,-2.6655521392822266,-3.7434866428375244,-0.09792740643024445,2.838871955871582,0.8416782021522522,-0.0033697783946990967,-1.0524615049362183,-0.6841211915016174,-4.675506114959717,-2.965162754058838,-1.955198049545288,3.0763955116271973,-3.7427241802215576,-1.5749322175979614,0.00387641042470932,-0.7601060271263123,-1.6267937421798706,3.219998598098755,-0.7905141115188599,1.4657073020935059,3.2634778022766113,-4.309785842895508,-1.6178226470947266,2.9529411792755127,1.8685367107391357
82,-0.45149168372154236,-3.326162576675415,-0.3808668255805969,2.0206477642059326,0.3386083245277405,1.6517753601074219,-1.4205272197723389,1.3014812469482422,2.9115710258483887,-2.316148281097412,0.5859052538871765,-0.6809329986572266,-3.487889289855957,0.1559358537197113,-3.3180344104766846,0.716010332107544,-0.3535720109939575,-6.245234489440918,4.5466532707214355,-4.091960906982422,-5.494724750518799,0.9700645208358765,-1.0662431716918945,-6.2426066398620605,-0.9132553339004517,-1.0681952238082886,-3.4008843898773193,0.0982995256781578,0.07369363307952881,-0.0583077073097229,-3.8927879333496094,3.1216299533843994,2.142239809036255,0.35349857807159424,-0.11551821231842041,-3.5570778846740723,3.0970301628112793,-0.5929709672927856,-5.1895060539245605,-4.547454357147217,-0.3017604351043701,3.3621513843536377,0.1967788189649582,-1.3938707113265991,-0.6976664066314697,-2.188204765319824,-2.4971518516540527,2.9710607528686523,-4.779956817626953,3.444441318511963,-5.899248123168945,1.7017735242843628,1.5474698543548584,-1.9623353481292725,-0.10432405769824982,1.5154269933700562,-0.4017485976219177,1.258156657218933,3.1516568660736084,-4.312572479248047,-1.7497882843017578,3.846903085708618,1.373984456062317
