frame_id,filtered_joint_0,filtered_joint_1,filtered_joint_2,filtered_joint_3,filtered_joint_4,filtered_joint_5,filtered_joint_6,filtered_joint_7,filtered_joint_8,filtered_joint_9,filtered_joint_10,filtered_joint_11,filtered_joint_12,filtered_joint_13,filtered_joint_14,filtered_joint_15,filtered_joint_16,filtered_joint_17,filtered_joint_18,filtered_joint_19,filtered_joint_20,filtered_joint_21,filtered_joint_22,filtered_joint_23,filtered_joint_24,filtered_joint_25,filtered_joint_26,filtered_joint_27,filtered_joint_28,filtered_joint_29,filtered_joint_30,filtered_joint_31,filtered_joint_32,filtered_joint_33,filtered_joint_34,filtered_joint_35,filtered_joint_36,filtered_joint_37,filtered_joint_38,filtered_joint_39,filtered_joint_40,filtered_joint_41,filtered_joint_42,filtered_joint_43,filtered_joint_44,filtered_joint_45,filtered_joint_46,filtered_joint_47,filtered_joint_48,filtered_joint_49,filtered_joint_50,filtered_joint_51,filtered_joint_52,filtered_joint_53,filtered_joint_54,filtered_joint_55,filtered_joint_56,filtered_joint_57,filtered_joint_58,filtered_joint_59,filtered_joint_60,filtered_joint_61,filtered_joint_62
0,0.11735841631889343,0.7259218692779541,0.3753602206707001,-0.08000081032514572,0.6604413986206055,0.29278984665870667,-0.5161399841308594,0.5348259806632996,0.14816667139530182,-0.6500412225723267,0.39674004912376404,-0.17362797260284424,-0.8740025758743286,0.30324384570121765,-0.4571240544319153,-0.2387545108795166,0.10327871888875961,-0.060876622796058655,-0.2848894000053406,-0.2762124836444855,-0.10572599619626999,-0.3755064010620117,-0.48503944277763367,0.06895650923252106,-0.439918577671051,-0.6323274970054626,0.15551723539829254,0.001340998918749392,-0.0012891575461253524,0.006223256699740887,-0.007932733744382858,-0.4019225835800171,-0.057515647262334824,-0.07816438376903534,-0.6330885291099548,0.05860293656587601,-0.16649508476257324,-0.8957564234733582,0.14472335577011108,0.20353639125823975,-0.05113126337528229,0.07643009722232819,0.27630141377449036,-0.34781235456466675,0.086644247174263,0.21651822328567505,-0.5215169191360474,0.20009024441242218,0.16287419199943542,-0.8050299286842346,0.3482522666454315,0.4383789002895355,0.04144536331295967,0.20787760615348816,0.5521638989448547,-0.3298318088054657,0.2119465321302414,0.5136023759841919,-0.44018349051475525,0.37025898694992065,0.4500482678413391,-0.5362656116485596,0.5489522218704224
1,0.08418671041727066,0.7090154886245728,0.3517299294471741,-0.0912674069404602,0.6686849594116211,0.2879895269870758,-0.5013256072998047,0.5359673500061035,0.08467318117618561,-0.6469632387161255,0.4093684256076813,-0.17804951965808868,-0.866083025932312,0.32044559717178345,-0.48349496722221375,-0.24330639839172363,0.11346964538097382,-0.052924808114767075,-0.2912404537200928,-0.2687782943248749,-0.09444665908813477,-0.3812897205352783,-0.4793514013290405,0.05914969742298126,-0.42242464423179626,-0.6282140016555786,0.14299927651882172,0.0013832987751811743,-0.0012908142525702715,0.006415934767574072,-0.009063133969902992,-0.3972005844116211,-0.06049104034900665,-0.08558154106140137,-0.6357086896896362,0.05190570652484894,-0.1568591594696045,-0.8841028213500977,0.13220828771591187,0.20722812414169312,-0.0509403720498085,0.07992394268512726,0.2833287715911865,-0.3460420072078705,0.09079938381910324,0.21439877152442932,-0.5198051929473877,0.2022867053747177,0.16948555409908295,-0.8048477172851562,0.3554403781890869,0.45021092891693115,0.04046773910522461,0.22276145219802856,0.5608310103416443,-0.32875901460647583,0.22548501193523407,0.511027455329895,-0.4413524866104126,0.38090771436691284,0.4416859745979309,-0.5220789313316345,0.5630018711090088
2,0.07991927117109299,0.7025589346885681,0.3400132358074188,-0.09470072388648987,0.6707013845443726,0.28964072465896606,-0.5109885334968567,0.5422811508178711,0.09349313378334045,-0.6478850245475769,0.40799757838249207,-0.17417262494564056,-0.8650466203689575,0.324241578578949,-0.48046740889549255,-0.24165254831314087,0.11871202290058136,-0.04913139343261719,-0.2908310890197754,-0.26459169387817383,-0.0877419039607048,-0.3847272992134094,-0.4764281213283539,0.05937086418271065,-0.4159010648727417,-0.6263004541397095,0.14193159341812134,0.001374945044517517,-0.0012666175607591867,0.00642364751547575,-0.010387161746621132,-0.3933182954788208,-0.060953289270401,-0.09148368239402771,-0.637027382850647,0.05064327269792557,-0.1522219181060791,-0.8799445629119873,0.1307876706123352,0.20775267481803894,-0.05113058164715767,0.08092277497053146,0.2822093963623047,-0.3473859429359436,0.09259730577468872,0.21471798419952393,-0.5204259157180786,0.20299644768238068,0.16897045075893402,-0.8012466430664062,0.3587161898612976,0.4538610577583313,0.039515748620033264,0.22520899772644043,0.5636423230171204,-0.3334948420524597,0.22686251997947693,0.5077147483825684,-0.44538676738739014,0.3814396858215332,0.44005537033081055,-0.5170589089393616,0.5619988441467285
3,0.08568504452705383,0.7126904726028442,0.3455207943916321,-0.09692338109016418,0.6601265668869019,0.30787959694862366,-0.5121707916259766,0.5467715263366699,0.0929761677980423,-0.6528941988945007,0.41846969723701477,-0.1667032688856125,-0.8529688715934753,0.33847442269325256,-0.5014455914497375,-0.24502480030059814,0.12775221467018127,-0.043444063514471054,-0.2922872304916382,-0.2594301700592041,-0.08232355862855911,-0.4023429751396179,-0.5015161037445068,0.030196255072951317,-0.4059304893016815,-0.6275947093963623,0.14995090663433075,0.001399416010826826,-0.0012884389143437147,0.006490630563348532,-0.009790103882551193,-0.3914758265018463,-0.06212390214204788,-0.08878429234027863,-0.6411693096160889,0.05496001988649368,-0.14612115919589996,-0.8778613805770874,0.13892653584480286,0.2105075865983963,-0.05225813761353493,0.08050747215747833,0.2870146632194519,-0.34594497084617615,0.09329134970903397,0.21661794185638428,-0.5225754976272583,0.2049429714679718,0.17499195039272308,-0.8022618293762207,0.3627225160598755,0.45999258756637573,0.038186609745025635,0.23172402381896973,0.5728213787078857,-0.3337557315826416,0.23231446743011475,0.515035092830658,-0.44827282428741455,0.3838149905204773,0.44560474157333374,-0.510250449180603,0.5658970475196838
4,0.0903710424900055,0.7222473621368408,0.3444165587425232,-0.09323613345623016,0.66959148645401,0.29421210289001465,-0.5167049765586853,0.5456891059875488,0.11362726986408234,-0.649422824382782,0.41324740648269653,-0.1760445237159729,-0.8610302209854126,0.3329763412475586,-0.4898527264595032,-0.24366173148155212,0.11517184972763062,-0.044409383088350296,-0.2904486060142517,-0.2678975760936737,-0.08222953975200653,-0.41427117586135864,-0.5130547881126404,0.02309010550379753,-0.4249202013015747,-0.6347454786300659,0.1615380048751831,0.0014060785761103034,-0.0012811415363103151,0.0065460666082799435,-0.009965997189283371,-0.39315831661224365,-0.053473204374313354,-0.08619937300682068,-0.6403671503067017,0.05918806791305542,-0.14934968948364258,-0.8858875036239624,0.14636671543121338,0.2091594636440277,-0.05010475963354111,0.0784529596567154,0.28414666652679443,-0.34705767035484314,0.09306180477142334,0.2158895879983902,-0.5198374390602112,0.20437993109226227,0.17549769580364227,-0.8027511835098267,0.3709145188331604,0.4562397003173828,0.04409787058830261,0.21760150790214539,0.5660803318023682,-0.3323615789413452,0.2242591828107834,0.518973708152771,-0.44486868381500244,0.38330286741256714,0.4493598937988281,-0.5181072354316711,0.5622912645339966
5,0.08614043891429901,0.7191351652145386,0.3378181457519531,-0.09384375810623169,0.669120192527771,0.2926943898200989,-0.5039366483688354,0.533957839012146,0.05918508023023605,-0.6498216986656189,0.4212625026702881,-0.1785469651222229,-0.8588142395019531,0.34212440252304077,-0.4912053048610687,-0.2438145875930786,0.11950312554836273,-0.04356728494167328,-0.29142874479293823,-0.2630460262298584,-0.08092968165874481,-0.4018898606300354,-0.4948238432407379,0.04071398079395294,-0.4172590672969818,-0.6308762431144714,0.15372714400291443,0.0013930953573435545,-0.0012805717997252941,0.006524408236145973,-0.01028456725180149,-0.3916788697242737,-0.05664598196744919,-0.08837366104125977,-0.6386614441871643,0.05546506494283676,-0.1438380628824234,-0.8740634918212891,0.1353140026330948,0.20983338356018066,-0.051119234412908554,0.07805956155061722,0.28453999757766724,-0.34608614444732666,0.0926748514175415,0.21351972222328186,-0.5188596844673157,0.1978677213191986,0.1768132746219635,-0.8031352162361145,0.3611273765563965,0.45886969566345215,0.04125472158193588,0.22312474250793457,0.5640017986297607,-0.3306185007095337,0.22805704176425934,0.5150845050811768,-0.44645872712135315,0.37884432077407837,0.4445815682411194,-0.5152972936630249,0.5544777512550354
6,0.12355035543441772,0.7316449880599976,0.3534809947013855,-0.07922189682722092,0.6696984171867371,0.30123400688171387,-0.49910926818847656,0.5272077322006226,0.02914630062878132,-0.6502017974853516,0.4188126027584076,-0.1839158982038498,-0.8614270687103271,0.3298824727535248,-0.48793143033981323,-0.24228720366954803,0.10802970826625824,-0.046699777245521545,-0.29013800621032715,-0.27043330669403076,-0.08467532694339752,-0.4162260890007019,-0.5068715214729309,0.028035437688231468,-0.43502581119537354,-0.633597731590271,0.1666954606771469,0.0014021128881722689,-0.0013099267380312085,0.006401724182069302,-0.012885211035609245,-0.39495766162872314,-0.050250377506017685,-0.08875633031129837,-0.6323919296264648,0.058806680142879486,-0.15533193945884705,-0.8766462802886963,0.13400031626224518,0.20819509029388428,-0.05034927651286125,0.07515228539705276,0.281128466129303,-0.3486788868904114,0.09280157834291458,0.21124403178691864,-0.515750527381897,0.19892644882202148,0.171690434217453,-0.8042961359024048,0.35950231552124023,0.44864875078201294,0.04421483352780342,0.21594251692295074,0.5565125942230225,-0.3301222324371338,0.21861878037452698,0.516031801700592,-0.4471118152141571,0.3719836473464966,0.45127493143081665,-0.5254518389701843,0.5440372824668884
7,0.13419708609580994,0.7338175773620605,0.3433449864387512,-0.07413654029369354,0.6670593023300171,0.2876540422439575,-0.4945281744003296,0.5201645493507385,0.013435542583465576,-0.6480317115783691,0.41509896516799927,-0.19936101138591766,-0.860705554485321,0.3182927966117859,-0.4642789959907532,-0.23848369717597961,0.09941192716360092,-0.05021284893155098,-0.2874699831008911,-0.2757614254951477,-0.08943568915128708,-0.3960497975349426,-0.4939982295036316,0.047264665365219116,-0.44597023725509644,-0.6379010677337646,0.17766930162906647,0.0013876743614673615,-0.0013107189442962408,0.00627962127327919,-0.013812938705086708,-0.3946354389190674,-0.0480562299489975,-0.08496401458978653,-0.6297630071640015,0.058942072093486786,-0.16119492053985596,-0.8778180480003357,0.1346982717514038,0.20631754398345947,-0.050327613949775696,0.07327772676944733,0.2797270715236664,-0.34983164072036743,0.09090866893529892,0.21270926296710968,-0.51607346534729,0.19537055492401123,0.16597971320152283,-0.8044275045394897,0.34997230768203735,0.4441019892692566,0.045584797859191895,0.20940335094928741,0.5538839101791382,-0.3318890333175659,0.2122834324836731,0.5199466347694397,-0.4430813789367676,0.3676378130912781,0.4596303105354309,-0.5306190848350525,0.5336893200874329
8,0.1511625051498413,0.7178980708122253,0.36751919984817505,-0.09742522239685059,0.6635829210281372,0.3053283095359802,-0.5040696263313293,0.5285506248474121,0.061998412013053894,-0.646725058555603,0.4181634187698364,-0.17020092904567719,-0.8660264015197754,0.3519025444984436,-0.4701288938522339,-0.23920519649982452,0.10854065418243408,-0.042061030864715576,-0.28378450870513916,-0.2647275924682617,-0.07998669892549515,-0.41470152139663696,-0.4980051517486572,0.05804117023944855,-0.46627920866012573,-0.6815224885940552,0.20080946385860443,0.0014566695317626,-0.0013328350614756346,0.006641673389822245,-0.012378950603306293,-0.3949974477291107,-0.052657268941402435,-0.09482824057340622,-0.6291356086730957,0.06394200026988983,-0.16316471993923187,-0.8556740283966064,0.15859833359718323,0.2088196873664856,-0.04762891307473183,0.07572688907384872,0.283481240272522,-0.3497946262359619,0.09341978281736374,0.2113272249698639,-0.5181382298469543,0.20830947160720825,0.16499456763267517,-0.8044114112854004,0.3606099486351013,0.4487680494785309,0.03511327505111694,0.22718149423599243,0.5616772174835205,-0.3319728970527649,0.23368151485919952,0.5055416822433472,-0.45414626598358154,0.37501442432403564,0.4552379250526428,-0.525581955909729,0.5488998889923096
9,0.186891570687294,0.729093074798584,0.3941890001296997,-0.09499724209308624,0.6563805937767029,0.3540964126586914,-0.497623085975647,0.514758825302124,0.07320475578308105,-0.6387898921966553,0.4100012183189392,-0.14462706446647644,-0.8670313358306885,0.3540964126586914,-0.46739792823791504,-0.2411842942237854,0.10348846763372421,-0.03949543461203575,-0.285849392414093,-0.2661307454109192,-0.08757732808589935,-0.4125868082046509,-0.4980010390281677,0.0650060772895813,-0.4788995385169983,-0.6889381408691406,0.2267719805240631,0.0014744051732122898,-0.0013031074777245522,0.0066583119332790375,-0.012925298884510994,-0.39620500802993774,-0.05035223066806793,-0.09568049013614655,-0.6277837753295898,0.06967958807945251,-0.16001883149147034,-0.8680219650268555,0.18574415147304535,0.20705834031105042,-0.04714656248688698,0.075254887342453,0.2783747613430023,-0.3524318337440491,0.09554660320281982,0.2086963951587677,-0.5099717974662781,0.21637168526649475,0.16055846214294434,-0.8031244277954102,0.37538421154022217,0.4470917582511902,0.0315558984875679,0.22571107745170593,0.5642714500427246,-0.33190321922302246,0.24296075105667114,0.5019646286964417,-0.4505838453769684,0.3816514015197754,0.45192649960517883,-0.5145038366317749,0.5572565793991089
10,0.17800632119178772,0.6922507882118225,0.4014270305633545,-0.10937704890966415,0.642059862613678,0.37067097425460815,-0.49382472038269043,0.5113967657089233,0.09280231595039368,-0.6355074644088745,0.39853888750076294,-0.11417081207036972,-0.8837210536003113,0.3586350679397583,-0.46629324555397034,-0.24019594490528107,0.10395725816488266,-0.03701123222708702,-0.3134983479976654,-0.28427526354789734,-0.09062902629375458,-0.42629045248031616,-0.49832478165626526,0.06449320912361145,-0.4931497871875763,-0.7152853012084961,0.22120530903339386,0.0015661672223359346,-0.0013055333402007818,0.006812280975282192,-0.015704644843935966,-0.39249834418296814,-0.052115656435489655,-0.10567331314086914,-0.6339421272277832,0.07336744666099548,-0.17505644261837006,-0.8548015356063843,0.20368625223636627,0.21460679173469543,-0.047339748591184616,0.07353202998638153,0.281711220741272,-0.3535991609096527,0.09230079501867294,0.21187549829483032,-0.5116986632347107,0.22264418005943298,0.15681219100952148,-0.7964668869972229,0.3814404606819153,0.45698612928390503,0.032284658402204514,0.22186999022960663,0.5661559104919434,-0.3213450312614441,0.2438068389892578,0.5078930258750916,-0.43890154361724854,0.38613951206207275,0.46107232570648193,-0.5177549123764038,0.5508180856704712
11,0.19170480966567993,0.6561932563781738,0.3793134391307831,-0.11115890741348267,0.6314845085144043,0.35400986671447754,-0.5001831650733948,0.501011848449707,0.08887481689453125,-0.6256207823753357,0.40535497665405273,-0.14343424141407013,-0.8705744743347168,0.3457251191139221,-0.4499891996383667,-0.2447071075439453,0.10928018391132355,-0.04143782705068588,-0.3195970058441162,-0.2595367431640625,-0.10986007004976273,-0.4252917170524597,-0.4776303470134735,0.05826368182897568,-0.5131892561912537,-0.7192919254302979,0.21405944228172302,0.0015134483110159636,-0.0013624844141304493,0.006451096385717392,-0.017710622400045395,-0.3819078207015991,-0.061831582337617874,-0.10796312987804413,-0.6398766040802002,0.06008460372686386,-0.23431313037872314,-0.8222396969795227,0.2106708586215973,0.2191753387451172,-0.04907286912202835,0.06998395919799805,0.28229454159736633,-0.34426847100257874,0.07392528653144836,0.21434253454208374,-0.528915524482727,0.1863323450088501,0.17052239179611206,-0.8120794296264648,0.33626002073287964,0.4666828215122223,0.038018591701984406,0.2198292464017868,0.5634531378746033,-0.31381964683532715,0.23125562071800232,0.5115818977355957,-0.434065043926239,0.3616369366645813,0.4735814034938812,-0.5450206995010376,0.5173640251159668
12,0.21754181385040283,0.6463876962661743,0.39723971486091614,-0.11679410189390182,0.6275020837783813,0.3491092026233673,-0.4969213306903839,0.5033882260322571,0.0793982446193695,-0.6215754747390747,0.4057585299015045,-0.1602407693862915,-0.876568078994751,0.3384738266468048,-0.42694658041000366,-0.24445468187332153,0.11282775551080704,-0.0476401224732399,-0.3391188085079193,-0.27904924750328064,-0.1143488809466362,-0.4309607744216919,-0.46645355224609375,0.040752481669187546,-0.5312198400497437,-0.7271506786346436,0.20656415820121765,0.0014900634996592999,-0.001433537807315588,0.006230202503502369,-0.013151130639016628,-0.37366002798080444,-0.0671326145529747,-0.11505866050720215,-0.641670286655426,0.06769260764122009,-0.2765404284000397,-0.8174042701721191,0.1989358365535736,0.2214909791946411,-0.04763472080230713,0.0718679130077362,0.28624898195266724,-0.3426647186279297,0.07040172815322876,0.2182692587375641,-0.5411171913146973,0.1805531084537506,0.18150892853736877,-0.822088360786438,0.31398332118988037,0.4733235239982605,0.031859394162893295,0.2186419665813446,0.56620192527771,-0.3152514100074768,0.2320152372121811,0.5160520672798157,-0.4315647482872009,0.3576957583427429,0.48813414573669434,-0.5577188730239868,0.5134205222129822
13,0.1872725635766983,0.605546772480011,0.43211817741394043,-0.11995264887809753,0.6196366548538208,0.32714229822158813,-0.49083468317985535,0.4983658492565155,0.08549943566322327,-0.6257854700088501,0.42557674646377563,-0.15359057486057281,-0.8606696724891663,0.3511159420013428,-0.3559158742427826,-0.2466949075460434,0.11540080606937408,-0.05328136682510376,-0.3516356945037842,-0.28305137157440186,-0.11695443838834763,-0.44270679354667664,-0.4524673819541931,0.009647891856729984,-0.5460025668144226,-0.7250010371208191,0.198133647441864,0.0015484874602407217,-0.0015184305375441909,0.006086665205657482,-0.007357179187238216,-0.3619375228881836,-0.07031093537807465,-0.11643316596746445,-0.6349903345108032,0.052352309226989746,-0.2965099811553955,-0.8216115236282349,0.16726087033748627,0.21805861592292786,-0.04853394627571106,0.06643752008676529,0.2814846634864807,-0.32832393050193787,0.07266177237033844,0.21547125279903412,-0.5410208702087402,0.17397333681583405,0.16873259842395782,-0.8003239631652832,0.28616607189178467,0.4650404155254364,0.021909229457378387,0.2218640148639679,0.5514565706253052,-0.3042535185813904,0.22516275942325592,0.508030354976654,-0.43107128143310547,0.3461751937866211,0.476828396320343,-0.5774871110916138,0.5043421983718872
14,0.1502324640750885,0.60064697265625,0.4626850485801697,-0.14406335353851318,0.5970288515090942,0.35877150297164917,-0.49460792541503906,0.5051559209823608,0.10535445809364319,-0.6276353001594543,0.4141942858695984,-0.1440931260585785,-0.8322194814682007,0.35834163427352905,-0.2762261927127838,-0.23994331061840057,0.10195419937372208,-0.05034906417131424,-0.3572486639022827,-0.2657313644886017,-0.12954136729240417,-0.44276005029678345,-0.4450700283050537,-0.024041566997766495,-0.554638147354126,-0.6960206031799316,0.11571865528821945,0.0014656084822490811,-0.0013650525361299515,0.006160437129437923,0.0010412074625492096,-0.3443748950958252,-0.054400306195020676,-0.13486754894256592,-0.6290386915206909,-0.0024221092462539673,-0.28860342502593994,-0.8441280126571655,0.08699920773506165,0.2110196352005005,-0.049441009759902954,0.07671669870615005,0.256348192691803,-0.31500840187072754,0.07686308771371841,0.19524431228637695,-0.5598963499069214,0.11074692755937576,0.14820769429206848,-0.8134589195251465,0.1998463273048401,0.44764217734336853,0.006921978667378426,0.23076993227005005,0.5325348377227783,-0.30979686975479126,0.23158113658428192,0.5010663270950317,-0.4404487907886505,0.35427162051200867,0.4715786278247833,-0.5657937526702881,0.5170944333076477
15,0.10806803405284882,0.5775688290596008,0.4990938901901245,-0.13459137082099915,0.5723617076873779,0.3235366940498352,-0.4690262973308563,0.4058520197868347,0.092867910861969,-0.5253069996833801,0.2100187987089157,0.011466465890407562,-0.7236499786376953,0.33552950620651245,-0.1882261037826538,-0.2325754165649414,0.07615943253040314,-0.01961555890738964,-0.3424032926559448,-0.2501198351383209,-0.0666680634021759,-0.4480884075164795,-0.44113296270370483,-0.03745477646589279,-0.5335432291030884,-0.6788065433502197,0.08601821959018707,0.0014143561711534858,-0.0012873904779553413,0.005790648981928825,-0.029907984659075737,-0.3615127205848694,-0.05607987195253372,-0.15441974997520447,-0.6176363229751587,-0.0005327851977199316,-0.32582637667655945,-0.8227487802505493,0.047344502061605453,0.20049268007278442,-0.053049035370349884,0.056442487984895706,0.25029024481773376,-0.3153982162475586,0.056508831679821014,0.16901516914367676,-0.5688910484313965,0.07127762585878372,0.10481111705303192,-0.8093740940093994,0.1696649044752121,0.4390162229537964,0.0015641404315829277,0.2316291481256485,0.5200158357620239,-0.3334488272666931,0.21806156635284424,0.4857328534126282,-0.46411898732185364,0.32865405082702637,0.4585806131362915,-0.606112003326416,0.4723881483078003
16,0.09785771369934082,0.561410665512085,0.5109508633613586,-0.04757590591907501,0.5106525421142578,0.24831801652908325,-0.44999074935913086,0.42474108934402466,0.11153936386108398,-0.47615188360214233,0.08823904395103455,0.07949722558259964,-0.6638709306716919,0.37023866176605225,-0.10166078060865402,-0.2313118278980255,0.07294018566608429,-0.01023278757929802,-0.33481666445732117,-0.23903469741344452,-0.037514131516218185,-0.46263742446899414,-0.4418089985847473,-0.0349762998521328,-0.5272826552391052,-0.6741558313369751,0.08123067021369934,0.001385824871249497,-0.0012382970890030265,0.0052909282967448235,-0.041075922548770905,-0.3598891496658325,-0.04851774871349335,-0.16455702483654022,-0.6087470054626465,-0.007163344882428646,-0.3380942642688751,-0.8188111782073975,0.0451434850692749,0.1782698631286621,-0.058858320116996765,0.04635622724890709,0.21087417006492615,-0.32471394538879395,0.054950784891843796,0.14579036831855774,-0.5618826150894165,0.04786009341478348,0.07878817617893219,-0.7951563000679016,0.11554200947284698,0.4295063614845276,0.0027000149711966515,0.21949252486228943,0.5169274806976318,-0.3303714990615845,0.16737115383148193,0.47738322615623474,-0.4727857708930969,0.28014248609542847,0.4383677840232849,-0.5930438041687012,0.3742380142211914
17,0.11495223641395569,0.6522303223609924,0.540130078792572,-0.07910306006669998,0.48548969626426697,0.35451820492744446,-0.47769057750701904,0.4242151081562042,0.15534305572509766,-0.5591757297515869,0.25049251317977905,0.05723496526479721,-0.6027027368545532,0.35002729296684265,-0.0039085447788238525,-0.22542640566825867,0.08190120756626129,0.011212436482310295,-0.33639973402023315,-0.22973397374153137,-0.0658024400472641,-0.4605998992919922,-0.4216044843196869,0.019158709794282913,-0.26292842626571655,-0.5304575562477112,0.08675399422645569,0.0014503102283924818,-0.0011541943531483412,0.005602841265499592,-0.03646712377667427,-0.3484017550945282,-0.05063171312212944,-0.18188735842704773,-0.5743351578712463,-0.039288073778152466,-0.348946213722229,-0.8240059614181519,0.019021669402718544,0.20041978359222412,-0.05826786532998085,0.03163176774978638,0.23268723487854004,-0.34056949615478516,0.05694406107068062,0.18382206559181213,-0.5592001676559448,0.07897491753101349,0.08707620203495026,-0.7889317274093628,0.20290912687778473,0.4304983615875244,0.0018454609671607614,0.20119276642799377,0.5161186456680298,-0.3396795392036438,0.1177656427025795,0.4891236424446106,-0.45930036902427673,0.24746714532375336,0.463968962430954,-0.5960292220115662,0.3726004362106323
18,0.13275866210460663,0.6350080966949463,0.5556738376617432,-0.09670516848564148,0.5126467347145081,0.3766186535358429,-0.4473090171813965,0.4427761435508728,0.1516438126564026,-0.6154941916465759,0.3419780135154724,0.025235462933778763,-0.44276317954063416,0.2332409918308258,-0.07885504513978958,-0.23653876781463623,0.08112587779760361,0.005821379832923412,-0.33471471071243286,-0.23379942774772644,-0.10195565223693848,-0.4593319892883301,-0.4123145341873169,0.0354674756526947,-0.37894654273986816,-0.556259036064148,0.14168822765350342,0.0015000125858932734,-0.0010614469647407532,0.0062225209549069405,-0.038250427693128586,-0.35076043009757996,-0.06556599587202072,-0.18446284532546997,-0.5648338794708252,-0.02641952782869339,-0.3563674986362457,-0.8107300996780396,0.046113960444927216,0.20802262425422668,-0.05680282413959503,0.03813501074910164,0.23916848003864288,-0.3397034704685211,0.056514013558626175,0.19248053431510925,-0.5541622042655945,0.10096167027950287,0.09396992623806,-0.77912437915802,0.2795785963535309,0.4221113920211792,0.008126549422740936,0.2109874039888382,0.514417290687561,-0.32621145248413086,0.10994885861873627,0.4953436851501465,-0.4653700292110443,0.23645497858524323,0.466524600982666,-0.5961074829101562,0.3875185549259186
19,0.1255817413330078,0.5804522037506104,0.5947442054748535,-0.11336707323789597,0.5226140022277832,0.3715575933456421,-0.44152021408081055,0.4645264148712158,0.11111098527908325,-0.6424865126609802,0.3939281105995178,-0.04689029976725578,-0.40304672718048096,0.22217583656311035,-0.24445152282714844,-0.23928478360176086,0.0901276022195816,-0.012953038327395916,-0.32599660754203796,-0.24838906526565552,-0.14960044622421265,-0.44677823781967163,-0.4468570649623871,0.07418563961982727,-0.4663262367248535,-0.595553994178772,0.14711865782737732,0.0015244436217471957,-0.001025498379021883,0.006618766579777002,-0.05247270315885544,-0.3522004187107086,-0.06253203749656677,-0.17489996552467346,-0.5755029320716858,-0.03540624678134918,-0.2371513694524765,-0.68133544921875,0.006698766723275185,0.2113887071609497,-0.054097384214401245,0.05168787017464638,0.24832838773727417,-0.33542612195014954,0.05674038082361221,0.19984665513038635,-0.5470268130302429,0.11002601683139801,0.0989052802324295,-0.7868136167526245,0.2712847590446472,0.4256530702114105,-0.003267123829573393,0.20602291822433472,0.5276310443878174,-0.3478032946586609,0.13190406560897827,0.4938569664955139,-0.47285473346710205,0.23727592825889587,0.4757148325443268,-0.6113890409469604,0.4254691004753113
20,0.11444400995969772,0.5340885519981384,0.6004222631454468,-0.11476031690835953,0.5575611591339111,0.3555808365345001,-0.482468843460083,0.46514832973480225,0.10230576992034912,-0.6490468978881836,0.42337101697921753,-0.07135654240846634,-0.43573155999183655,0.2380782663822174,-0.3510529398918152,-0.24441078305244446,0.09802806377410889,-0.027802811935544014,-0.3227812349796295,-0.2573528289794922,-0.1661393940448761,-0.453474760055542,-0.4382670819759369,0.04969923570752144,-0.5129799842834473,-0.623516321182251,0.16934475302696228,0.0015698086936026812,-0.0010347478091716766,0.006910796742886305,-0.05710969120264053,-0.3536953628063202,-0.05167635530233383,-0.17170870304107666,-0.5801579356193542,-0.03236975893378258,-0.16441822052001953,-0.6056562066078186,-0.012786326929926872,0.21163317561149597,-0.050408780574798584,0.05712811276316643,0.24857404828071594,-0.3335817754268646,0.06194133311510086,0.19832903146743774,-0.5457714796066284,0.11948923766613007,0.11371736228466034,-0.7876635789871216,0.2889701724052429,0.4313046336174011,-0.0031843637116253376,0.20103836059570312,0.5306262969970703,-0.332102507352829,0.13125386834144592,0.4902387857437134,-0.4707671105861664,0.23900222778320312,0.48192834854125977,-0.6237497925758362,0.45177099108695984
21,0.11816821992397308,0.5090488791465759,0.6425694227218628,-0.14571818709373474,0.5296555757522583,0.3913276195526123,-0.4996984004974365,0.4533604383468628,0.09658725559711456,-0.6506953239440918,0.4310038089752197,-0.05171662196516991,-0.337401807308197,0.25653892755508423,-0.22013017535209656,-0.24101844429969788,0.10255703330039978,-0.028761763125658035,-0.3190304636955261,-0.26034414768218994,-0.17023681104183197,-0.4507312774658203,-0.4310183525085449,0.04565838351845741,-0.5348479747772217,-0.6323916912078857,0.19150540232658386,0.0015382899437099695,-0.0009264206164516509,0.006931927055120468,-0.06504042446613312,-0.352189302444458,-0.05222361907362938,-0.1749754697084427,-0.571919322013855,-0.0326998233795166,-0.23070335388183594,-0.6800192594528198,0.023723851889371872,0.20817317068576813,-0.04976014047861099,0.05153939127922058,0.2440454512834549,-0.34130024909973145,0.06059234216809273,0.19580619037151337,-0.5352039337158203,0.11866362392902374,0.11769315600395203,-0.7779935002326965,0.2939468324184418,0.4221775531768799,-0.009705091826617718,0.1868949979543686,0.5315952301025391,-0.32979616522789,0.12895146012306213,0.49361568689346313,-0.4712534248828888,0.23740220069885254,0.44937020540237427,-0.6173864603042603,0.41614794731140137
22,0.11755707859992981,0.5008074641227722,0.6906516551971436,-0.1678178906440735,0.4976838231086731,0.42999911308288574,-0.4498189091682434,0.44527506828308105,0.1080542653799057,-0.6431564092636108,0.4300282597541809,-0.05165757238864899,-0.11559785902500153,0.23270955681800842,-0.060705576092004776,-0.23794546723365784,0.09916845709085464,-0.01899290457367897,-0.314388632774353,-0.25796636939048767,-0.1768178641796112,-0.4457951784133911,-0.4215914011001587,0.04249794781208038,-0.5431416034698486,-0.6332067847251892,0.20559585094451904,0.0015088433865457773,-0.0008458085358142853,0.0067934454418718815,-0.07089289277791977,-0.3506229519844055,-0.05966169387102127,-0.175883948802948,-0.5605788230895996,-0.035639550536870956,-0.24159300327301025,-0.7186722159385681,0.024524878710508347,0.20661795139312744,-0.053079403936862946,0.04691575467586517,0.2422800362110138,-0.3417583107948303,0.03257133439183235,0.19683197140693665,-0.5316779017448425,0.11250615119934082,0.11706678569316864,-0.7820517420768738,0.3020375370979309,0.42653128504753113,-0.010105215013027191,0.19664758443832397,0.5201471447944641,-0.3543895184993744,0.12563447654247284,0.5048246383666992,-0.46016496419906616,0.24649912118911743,0.45041388273239136,-0.6072535514831543,0.44093942642211914
23,0.11722452938556671,0.49632298946380615,0.7168152332305908,-0.1798432469367981,0.4802866578102112,0.4510418772697449,-0.4226773977279663,0.44087547063827515,0.11429393291473389,-0.6390541791915894,0.4294974207878113,-0.051625438034534454,0.0050948187708854675,0.219743013381958,0.02604392170906067,-0.23627331852912903,0.09732459485530853,-0.013677265495061874,-0.3118628263473511,-0.25667253136634827,-0.1803988814353943,-0.4431092441082001,-0.4164618253707886,0.040778227150440216,-0.5476545095443726,-0.6336503028869629,0.21326303482055664,0.0014928202144801617,-0.0008019441738724709,0.006718091666698456,-0.07407745718955994,-0.3497706651687622,-0.06370905786752701,-0.1763782799243927,-0.5544080138206482,-0.03723917901515961,-0.24751850962638855,-0.7397048473358154,0.024960750713944435,0.20577168464660645,-0.05488555133342743,0.044399842619895935,0.24131938815116882,-0.342007577419281,0.017323946580290794,0.1973901391029358,-0.5297592282295227,0.10915561020374298,0.11672595143318176,-0.7842599749565125,0.30643999576568604,0.4289003312587738,-0.010322938673198223,0.20195436477661133,0.5139177441596985,-0.36777177453041077,0.12382955849170685,0.5109239220619202,-0.4541313052177429,0.2514491379261017,0.4509817957878113,-0.6017398834228516,0.4544295072555542
24,0.14356070756912231,0.5362880229949951,0.6994160413742065,-0.1904958188533783,0.481954962015152,0.4576331377029419,-0.4159258008003235,0.4453904628753662,0.12468890845775604,-0.6516982316970825,0.45108407735824585,-0.036569155752658844,-0.009577305987477303,0.18373967707157135,0.02419685572385788,-0.2361261248588562,0.09514999389648438,-0.014532076194882393,-0.3078692555427551,-0.25660496950149536,-0.17227768898010254,-0.4481821060180664,-0.41639938950538635,0.03817744553089142,-0.5548878312110901,-0.6431378126144409,0.21444940567016602,0.001515137031674385,-0.0008143074810504913,0.006826390046626329,-0.07227593660354614,-0.34841597080230713,-0.06646184623241425,-0.17912016808986664,-0.554384708404541,-0.04196815937757492,-0.2673346698284149,-0.7477542757987976,0.04067534580826759,0.20618879795074463,-0.05142878741025925,0.04091761261224747,0.23640647530555725,-0.3443590998649597,0.011598856188356876,0.19154563546180725,-0.5282374620437622,0.10745759308338165,0.12077303230762482,-0.778459906578064,0.30419641733169556,0.42783990502357483,-0.010425977408885956,0.202683687210083,0.5173873901367188,-0.3503414988517761,0.13261164724826813,0.5014711618423462,-0.45965027809143066,0.2505209743976593,0.4246595501899719,-0.6087108254432678,0.4221164584159851
25,0.15291827917099,0.5293419361114502,0.6622666120529175,-0.14995573461055756,0.5192912817001343,0.43729352951049805,-0.4645649194717407,0.4453505277633667,0.11837606132030487,-0.6552073955535889,0.44483622908592224,-0.06518054008483887,-0.08764347434043884,0.19121554493904114,-0.03830001503229141,-0.23237457871437073,0.0949612408876419,-0.018968913704156876,-0.30921292304992676,-0.26349955797195435,-0.17335310578346252,-0.44482696056365967,-0.41973647475242615,0.0296800434589386,-0.561004638671875,-0.6505354046821594,0.2079034149646759,0.0015231522265821695,-0.0008156936382874846,0.006912532262504101,-0.07695518434047699,-0.35085529088974,-0.06360922753810883,-0.17251265048980713,-0.5599383115768433,-0.040225740522146225,-0.28230276703834534,-0.748444139957428,0.06751035153865814,0.21212854981422424,-0.05268523842096329,0.04182887077331543,0.24044294655323029,-0.3452875018119812,0.03559386357665062,0.19135650992393494,-0.5279974937438965,0.11208546161651611,0.12340009212493896,-0.7815625667572021,0.2850955128669739,0.4263477921485901,-0.013509763404726982,0.1886197328567505,0.5215301513671875,-0.343736469745636,0.1322087049484253,0.5030521154403687,-0.46595436334609985,0.242788165807724,0.443736732006073,-0.6163628101348877,0.4278751015663147
26,0.15801012516021729,0.5255622863769531,0.6420521140098572,-0.12789620459079742,0.5396075248718262,0.4262259006500244,-0.4910314679145813,0.44532883167266846,0.11494097858667374,-0.6571168899536133,0.4414365291595459,-0.08074916899204254,-0.13012249767780304,0.19528347253799438,-0.07230713963508606,-0.23033320903778076,0.09485854208469391,-0.02138318121433258,-0.3099440932273865,-0.267251193523407,-0.1739383041858673,-0.44300130009651184,-0.42155230045318604,0.025056255981326103,-0.5643330216407776,-0.6545607447624207,0.20434147119522095,0.0015275136101990938,-0.0008164478931576014,0.006959405727684498,-0.07950136065483093,-0.35218262672424316,-0.062056995928287506,-0.1689172089099884,-0.5629602670669556,-0.03927762061357498,-0.29044753313064575,-0.7488195300102234,0.0821123868227005,0.2153606116771698,-0.05336892604827881,0.042324721813201904,0.24263936281204224,-0.3457927107810974,0.04865054041147232,0.19125360250473022,-0.5278668999671936,0.1146036684513092,0.12482959032058716,-0.7832508087158203,0.27470192313194275,0.4255358874797821,-0.015187779441475868,0.18096694350242615,0.5237843990325928,-0.3401424288749695,0.13198944926261902,0.5039124488830566,-0.46938467025756836,0.23858043551445007,0.45411741733551025,-0.6205266118049622,0.43100860714912415
27,0.2069026678800583,0.6280726790428162,0.5246318578720093,-0.10486230254173279,0.5640088319778442,0.4118189215660095,-0.4531906843185425,0.4527930021286011,0.12524349987506866,-0.6599063873291016,0.44288429617881775,-0.08255623281002045,-0.22077345848083496,0.1628517210483551,-0.143666073679924,-0.23580658435821533,0.09151450544595718,-0.01352525781840086,-0.3100384473800659,-0.26389849185943604,-0.17607402801513672,-0.4444239139556885,-0.41334277391433716,0.01793684810400009,-0.5412546396255493,-0.626336932182312,0.1962377279996872,0.0015420742565765977,-0.0008981009013950825,0.006929168477654457,-0.0797925591468811,-0.35320180654525757,-0.05512527376413345,-0.17407017946243286,-0.5545389652252197,-0.029789283871650696,-0.3177357614040375,-0.7709072828292847,0.08377227932214737,0.21361881494522095,-0.048651691526174545,0.04612300544977188,0.2507525086402893,-0.3359681963920593,0.058397989720106125,0.1914081573486328,-0.5342501997947693,0.12731832265853882,0.10737298429012299,-0.7885100245475769,0.2880880832672119,0.41473817825317383,-0.003508761990815401,0.21053263545036316,0.5176590085029602,-0.3221840262413025,0.1269640028476715,0.5038689970970154,-0.4719979166984558,0.23886223137378693,0.45948654413223267,-0.6158063411712646,0.4216049909591675
28,0.18025344610214233,0.6302220821380615,0.5797560214996338,-0.09784017503261566,0.5517579317092896,0.35667431354522705,-0.43809348344802856,0.45536720752716064,0.11115991324186325,-0.666350245475769,0.44105130434036255,-0.08978304266929626,-0.37601006031036377,0.28586578369140625,-0.2055785357952118,-0.23795759677886963,0.09112916141748428,-0.006713771726936102,-0.32314854860305786,-0.2616015672683716,-0.15150976181030273,-0.4444459080696106,-0.4085165560245514,0.00011010002344846725,-0.2513553202152252,-0.5027490854263306,0.12661349773406982,0.0015256738988682628,-0.001001893077045679,0.006515576969832182,-0.08123297989368439,-0.3462626338005066,-0.05467861890792847,-0.1806313395500183,-0.5431614518165588,-0.03193235397338867,-0.33354100584983826,-0.7913700938224792,0.07594914734363556,0.20912669599056244,-0.04633667320013046,0.04776119440793991,0.2571057677268982,-0.3290715217590332,0.06932365149259567,0.18617454171180725,-0.5390459299087524,0.12033352255821228,0.08759916573762894,-0.7894470691680908,0.27243688702583313,0.4009506106376648,-0.0013375813141465187,0.22725006937980652,0.5204834938049316,-0.3085955083370209,0.12790894508361816,0.5172426700592041,-0.47062891721725464,0.24457991123199463,0.46392256021499634,-0.615745484828949,0.4216739535331726
29,0.22535602748394012,0.6988025903701782,0.5064592361450195,-0.10094542056322098,0.5876415967941284,0.3502225875854492,-0.4279065728187561,0.48462364077568054,0.10582087188959122,-0.6398295760154724,0.4463613033294678,-0.03452713415026665,-0.4998343586921692,0.3642485737800598,-0.125442773103714,-0.22787758708000183,0.09400783479213715,-0.005067000165581703,-0.3347851634025574,-0.25728750228881836,-0.10542093217372894,-0.44158390164375305,-0.42126554250717163,-0.021175241097807884,-0.12494846433401108,-0.43730300664901733,0.12423649430274963,0.0014515212969854474,-0.0011996610555797815,0.006310625933110714,-0.05461762100458145,-0.3477625846862793,-0.034437887370586395,-0.16718050837516785,-0.5530619025230408,0.023892849683761597,-0.3321877717971802,-0.8083467483520508,0.07722437381744385,0.19233158230781555,-0.04203680902719498,0.04539382457733154,0.24295172095298767,-0.32209646701812744,0.08586377650499344,0.20109768211841583,-0.54887855052948,0.14372730255126953,0.0913083553314209,-0.7933105230331421,0.2612724304199219,0.41251474618911743,-0.005685984157025814,0.23540063202381134,0.5286651849746704,-0.3061252236366272,0.1291549801826477,0.5046743750572205,-0.4636409282684326,0.2512042224407196,0.4415919780731201,-0.6156405806541443,0.4164217710494995
30,0.23651772737503052,0.6864544749259949,0.462493360042572,-0.10609500110149384,0.600915789604187,0.3006209135055542,-0.45903992652893066,0.5042660236358643,0.07055915892124176,-0.6275961399078369,0.41463005542755127,-0.03217610716819763,-0.6445675492286682,0.319927453994751,-0.18326735496520996,-0.23722398281097412,0.09399097412824631,-0.018063873052597046,-0.3401690721511841,-0.26665955781936646,-0.10821633785963058,-0.43109792470932007,-0.4509661793708801,-0.026823293417692184,-0.04120894521474838,-0.4209887981414795,0.10519082844257355,0.0014697511214762926,-0.0011774655431509018,0.006520855240523815,-0.05269021540880203,-0.37158945202827454,-0.05161065608263016,-0.15029296278953552,-0.567942202091217,0.021551504731178284,-0.33484330773353577,-0.8290966153144836,0.06590862572193146,0.20747259259223938,-0.04411926865577698,0.05116639286279678,0.24719905853271484,-0.3140450119972229,0.07277566939592361,0.18785136938095093,-0.5513840913772583,0.1283586025238037,0.07520715892314911,-0.7929331064224243,0.25365737080574036,0.42076027393341064,0.0014599282294511795,0.23846615850925446,0.534184992313385,-0.3103681206703186,0.17742285132408142,0.4959195852279663,-0.4473581314086914,0.2673131823539734,0.44981643557548523,-0.5963260531425476,0.44437092542648315
31,0.2478148639202118,0.7062519788742065,0.5124411582946777,-0.1403077095746994,0.5964986085891724,0.35482165217399597,-0.47383058071136475,0.5138840675354004,0.03387107327580452,-0.6458755731582642,0.4096682667732239,-0.03639586269855499,-0.7190335988998413,0.2986024022102356,-0.15198108553886414,-0.22455677390098572,0.09280030429363251,-0.03856256604194641,-0.3187403380870819,-0.2448110282421112,-0.13033130764961243,-0.43941086530685425,-0.46848925948143005,-0.06674885004758835,-0.2641127109527588,-0.5287186503410339,0.059032198041677475,0.0011670449748635292,-0.00119561527390033,0.005531249567866325,-0.05370588228106499,-0.36761683225631714,-0.08251207321882248,-0.15893732011318207,-0.579308271408081,-0.05527320131659508,-0.3326794505119324,-0.8684809803962708,0.006490087136626244,0.20970314741134644,-0.05681106448173523,0.06517993658781052,0.24180833995342255,-0.32422110438346863,0.03905825316905975,0.1697424054145813,-0.5659968256950378,0.06402891874313354,0.05629468336701393,-0.8109928369522095,0.10821342468261719,0.4148367643356323,-0.013235650025308132,0.25568974018096924,0.5276341438293457,-0.334347128868103,0.1944105625152588,0.47472548484802246,-0.45439183712005615,0.2509974539279938,0.43139493465423584,-0.6181875467300415,0.37898731231689453
32,0.20051872730255127,0.7384382486343384,0.49135786294937134,-0.15901772677898407,0.5853545665740967,0.3791547119617462,-0.4787403643131256,0.5069987177848816,0.031259339302778244,-0.6822481155395508,0.36851513385772705,-0.06351306289434433,-0.7845748066902161,0.29583024978637695,-0.2152116596698761,-0.22123746573925018,0.09682366997003555,-0.046487875282764435,-0.3176090717315674,-0.24889498949050903,-0.16521093249320984,-0.4436829686164856,-0.48024582862854004,-0.09997192025184631,-0.2752326726913452,-0.45250988006591797,0.04633767530322075,0.0010641029803082347,-0.001188015565276146,0.005299537442624569,-0.05481283366680145,-0.35800957679748535,-0.09681284427642822,-0.1615191251039505,-0.599740743637085,-0.09928057342767715,-0.2979743182659149,-0.8590309619903564,-0.06576768308877945,0.1994844377040863,-0.046432074159383774,0.07948550581932068,0.23744067549705505,-0.3112384080886841,0.02801392786204815,0.15752732753753662,-0.5709139108657837,0.011512434110045433,0.07316596060991287,-0.8251506090164185,0.06396164745092392,0.4062705636024475,-0.009676549583673477,0.27004754543304443,0.5064741969108582,-0.3375241458415985,0.23184320330619812,0.4662274420261383,-0.45831865072250366,0.25713157653808594,0.4476667046546936,-0.619512677192688,0.3501477837562561
33,0.22747954726219177,0.7426555156707764,0.5089420080184937,-0.15849967300891876,0.6022347211837769,0.34553763270378113,-0.5010971426963806,0.5194136500358582,0.0561283677816391,-0.7144842147827148,0.3923337757587433,-0.09461313486099243,-0.839319109916687,0.3259187936782837,-0.3177938461303711,-0.22740823030471802,0.09589365124702454,-0.03879227489233017,-0.3152923882007599,-0.2543727457523346,-0.20824889838695526,-0.42517125606536865,-0.46581047773361206,-0.14646238088607788,-0.2767804265022278,-0.3635399639606476,0.06632094085216522,0.0009610046399757266,-0.0012960211606696248,0.004989506211131811,-0.04109582304954529,-0.3541751503944397,-0.12238148599863052,-0.15942305326461792,-0.6184319257736206,-0.13556379079818726,-0.1541767120361328,-0.7379553914070129,-0.05669015645980835,0.19874651730060577,-0.040939413011074066,0.08308397233486176,0.2524750828742981,-0.3090151846408844,0.03027304634451866,0.18621164560317993,-0.5806874632835388,-0.02795717678964138,0.09651169180870056,-0.8297165632247925,-0.013585872948169708,0.411664754152298,-0.003088872879743576,0.24418029189109802,0.5313571691513062,-0.344106525182724,0.20960623025894165,0.48680374026298523,-0.46720626950263977,0.2594965398311615,0.4831446409225464,-0.6346436142921448,0.33649277687072754
34,0.22760839760303497,0.760590136051178,0.46512943506240845,-0.17016014456748962,0.6187822818756104,0.28623905777931213,-0.5121642351150513,0.5182492733001709,0.0462166965007782,-0.7401332855224609,0.38317590951919556,-0.10317602008581161,-0.8786172866821289,0.2818744480609894,-0.36411088705062866,-0.2315734624862671,0.09426543116569519,-0.04147135093808174,-0.313804566860199,-0.2582637667655945,-0.2251465618610382,-0.4204179644584656,-0.46238836646080017,-0.18111298978328705,-0.26134806871414185,-0.30596303939819336,0.09064307808876038,0.0009926302591338754,-0.0014902743278071284,0.0048045748844742775,-0.030870981514453888,-0.3546702265739441,-0.13448187708854675,-0.14952664077281952,-0.6318309903144836,-0.1536782681941986,-0.04818584769964218,-0.6523089408874512,-0.0412258580327034,0.1964205652475357,-0.0343913733959198,0.09356850385665894,0.2557147741317749,-0.3091854453086853,0.02905944734811783,0.19786205887794495,-0.5945160388946533,-0.0520155243575573,0.09754793345928192,-0.8347010016441345,-0.0694313794374466,0.40469908714294434,0.0078055160120129585,0.2527344226837158,0.5324503183364868,-0.35384994745254517,0.22122938930988312,0.48772132396698,-0.49924421310424805,0.2949196398258209,0.5041338205337524,-0.6585781574249268,0.3546680510044098
35,0.21263012290000916,0.7542016506195068,0.4704551100730896,-0.16372150182724,0.6263418197631836,0.3028518259525299,-0.5215024948120117,0.5008906722068787,0.06356291472911835,-0.7440487146377563,0.39607709646224976,-0.07412007451057434,-0.8411126136779785,0.28000879287719727,-0.2695430815219879,-0.23934513330459595,0.08774374425411224,-0.04140126705169678,-0.3177769184112549,-0.247990220785141,-0.2089930772781372,-0.4191216230392456,-0.43820858001708984,-0.19816187024116516,-0.33849090337753296,-0.5208705067634583,-0.03855288773775101,0.0009795506484806538,-0.0015175198204815388,0.004605988040566444,-0.03412783145904541,-0.3494466543197632,-0.14104759693145752,-0.15483900904655457,-0.5970165729522705,-0.15099947154521942,-0.14454731345176697,-0.7390034198760986,-0.0719568282365799,0.19771955907344818,-0.03769697993993759,0.09688456356525421,0.24485017359256744,-0.31395870447158813,0.004497099667787552,0.1796046793460846,-0.5850067138671875,-0.0839804857969284,0.07685995101928711,-0.8412438631057739,-0.09181764721870422,0.40676215291023254,0.008573008701205254,0.26112765073776245,0.5273991823196411,-0.3565705418586731,0.2062583565711975,0.4803672432899475,-0.5243113040924072,0.2836436927318573,0.47946232557296753,-0.687016487121582,0.3020009994506836
36,0.12274190783500671,0.6453258991241455,0.5451071262359619,-0.27310746908187866,0.5137518048286438,0.3674255609512329,-0.5554795265197754,0.4688095152378082,0.08289727568626404,-0.7402451038360596,0.31890255212783813,-0.12867027521133423,-0.8320987820625305,0.3025287687778473,-0.2760130763053894,-0.2553008198738098,0.09983885288238525,-0.05244053155183792,-0.35531002283096313,-0.31421852111816406,-0.1508578211069107,-0.27604860067367554,-0.4589712917804718,-0.1211429014801979,-0.30231988430023193,-0.5413755178451538,-0.12754708528518677,0.00091364054242149,-0.0011765978997573256,0.005322979763150215,-0.03529101982712746,-0.338203489780426,-0.12275643646717072,-0.14892098307609558,-0.5837456583976746,-0.12715137004852295,-0.15380911529064178,-0.8504382371902466,-0.11034984141588211,0.1523658037185669,-0.044172488152980804,0.09678350389003754,0.2637311816215515,-0.3113339841365814,0.022419361397624016,0.1942395269870758,-0.5920966863632202,-0.06677722185850143,0.06445106863975525,-0.7969827651977539,0.01666358858346939,0.40370973944664,-0.014294929802417755,0.2593984007835388,0.5166119933128357,-0.368643581867218,0.22031617164611816,0.46460044384002686,-0.5211002230644226,0.28660762310028076,0.5086579918861389,-0.690125584602356,0.3239772319793701
37,0.09362690895795822,0.6273899078369141,0.5602364540100098,-0.2924802005290985,0.5442467927932739,0.3640533983707428,-0.5778142213821411,0.4564131498336792,0.1101086437702179,-0.7368454933166504,0.30558717250823975,-0.1427789330482483,-0.7482977509498596,0.2615308165550232,-0.28178590536117554,-0.2518576383590698,0.08157530426979065,-0.05168686434626579,-0.3713569939136505,-0.34675008058547974,-0.11604815721511841,-0.16845552623271942,-0.45751190185546875,-0.08677109330892563,-0.31815433502197266,-0.5738533139228821,-0.10731026530265808,0.0008996939286589622,-0.0010204913560301065,0.0056354571133852005,-0.029606562107801437,-0.3390570878982544,-0.1063818484544754,-0.1292213797569275,-0.5685818195343018,-0.12805519998073578,-0.15688036382198334,-0.9410381317138672,-0.10508039593696594,0.1330971121788025,-0.047045473009347916,0.10089915990829468,0.20494668185710907,-0.31762760877609253,0.057366885244846344,0.21711719036102295,-0.594231367111206,-0.05667039006948471,0.056523650884628296,-0.8016574382781982,0.07643602788448334,0.33516573905944824,-0.004188232123851776,0.25665900111198425,0.5223014950752258,-0.37569695711135864,0.20587317645549774,0.46498358249664307,-0.5178470015525818,0.2834855616092682,0.5230711698532104,-0.6849309206008911,0.3214870095252991
38,0.15867310762405396,0.7091241478919983,0.512971043586731,-0.22120386362075806,0.5858039855957031,0.3432619869709015,-0.5787582993507385,0.4625784456729889,0.13056141138076782,-0.679466962814331,0.34226030111312866,-0.09406688809394836,-0.7661926746368408,0.26953116059303284,-0.20656347274780273,-0.2433217465877533,0.08107602596282959,-0.036948349326848984,-0.34340906143188477,-0.3260716199874878,-0.12114408612251282,-0.11733114719390869,-0.4643787443637848,-0.0673082023859024,-0.37562859058380127,-0.6356384754180908,-0.12363499402999878,0.0009640808566473424,-0.0011731995036825538,0.005690404679626226,-0.025481335818767548,-0.3419654965400696,-0.12051808834075928,-0.1366192102432251,-0.5980207920074463,-0.11035317182540894,-0.17946581542491913,-0.936138927936554,-0.09490770101547241,0.16394785046577454,-0.04495030269026756,0.08657704293727875,0.21253249049186707,-0.3184199333190918,0.04576721787452698,0.22420629858970642,-0.5864746570587158,-0.06647073477506638,0.07295509427785873,-0.8300431966781616,0.03149271756410599,0.34742623567581177,0.0061512961983680725,0.2610240578651428,0.5384570360183716,-0.3705030083656311,0.20857296884059906,0.4808243215084076,-0.5183820724487305,0.28125208616256714,0.5027742385864258,-0.6890695095062256,0.3335800766944885
39,0.15841664373874664,0.6974769830703735,0.5393763780593872,-0.24863897264003754,0.5962626338005066,0.32682305574417114,-0.5838406085968018,0.46499037742614746,0.1348724663257599,-0.6476888656616211,0.36455798149108887,-0.0799473375082016,-0.777813732624054,0.24686376750469208,-0.27129900455474854,-0.24166785180568695,0.0868142694234848,-0.035493191331624985,-0.32616525888442993,-0.31233471632003784,-0.12320752441883087,-0.09710537642240524,-0.47314274311065674,-0.05251232907176018,-0.43709877133369446,-0.613953709602356,-0.09724777936935425,0.0009567420929670334,-0.0012106793001294136,0.005741612520068884,-0.02308550477027893,-0.34592288732528687,-0.12301290035247803,-0.13980016112327576,-0.61916184425354,-0.09104491770267487,-0.18732815980911255,-0.9188099503517151,-0.05622556805610657,0.18222174048423767,-0.045615196228027344,0.07924135029315948,0.22373953461647034,-0.31803232431411743,0.041036710143089294,0.22927320003509521,-0.5823869705200195,-0.06496316194534302,0.08205844461917877,-0.8422619104385376,0.027944311499595642,0.35508909821510315,0.005837457254528999,0.27336522936820984,0.5484942197799683,-0.36594706773757935,0.2022840976715088,0.49030089378356934,-0.5146036744117737,0.28788313269615173,0.48867732286453247,-0.6849747896194458,0.3507014214992523
40,0.17143630981445312,0.6916651725769043,0.5599405765533447,-0.20280829071998596,0.5976340770721436,0.34818756580352783,-0.5810737609863281,0.47329017519950867,0.14846673607826233,-0.6397307515144348,0.3643382787704468,-0.041775792837142944,-0.7848020792007446,0.25688058137893677,-0.18695983290672302,-0.23299889266490936,0.07887919247150421,-0.024781279265880585,-0.3183874487876892,-0.2905998229980469,-0.13043589890003204,-0.050156161189079285,-0.43874573707580566,-0.05115361511707306,-0.44480565190315247,-0.6689443588256836,-0.11345957219600677,0.0009599179611541331,-0.0011942600831389427,0.0054208277724683285,-0.018917696550488472,-0.33434510231018066,-0.12289445102214813,-0.14249368011951447,-0.6046651601791382,-0.09357704222202301,-0.2081894874572754,-0.8772237300872803,-0.08732431381940842,0.18805114924907684,-0.04835185408592224,0.0791645348072052,0.21458575129508972,-0.3162878751754761,0.03876014053821564,0.20511281490325928,-0.5761187076568604,-0.06771902740001678,0.07214005291461945,-0.8385528326034546,-0.007464678026735783,0.3651147782802582,0.015543380752205849,0.2776404917240143,0.524681806564331,-0.354709655046463,0.19570784270763397,0.4762752056121826,-0.5286358594894409,0.26972657442092896,0.47739866375923157,-0.696294903755188,0.30937325954437256
41,0.1535452902317047,0.7305712699890137,0.47287657856941223,-0.23252734541893005,0.6155565977096558,0.3133777678012848,-0.588306725025177,0.4801790118217468,0.15342123806476593,-0.6449159383773804,0.35981371998786926,-0.011505445465445518,-0.8071053624153137,0.25990980863571167,-0.14184780418872833,-0.22870054841041565,0.07956859469413757,-0.022355645895004272,-0.31483912467956543,-0.2780861258506775,-0.1523335576057434,-0.03622692823410034,-0.4221302270889282,-0.04346031695604324,-0.4624388813972473,-0.7062664031982422,-0.11905890703201294,0.0009953255066648126,-0.0011957826791331172,0.005396015010774136,-0.01771838217973709,-0.33707571029663086,-0.11425750702619553,-0.14653828740119934,-0.6060826778411865,-0.10806187987327576,-0.21965715289115906,-0.8647585511207581,-0.09052035957574844,0.18016940355300903,-0.04060884937644005,0.0942317396402359,0.20861190557479858,-0.31828123331069946,0.04243035614490509,0.20331710577011108,-0.5871432423591614,-0.03359842672944069,0.04916262626647949,-0.8396212458610535,-0.04819689691066742,0.37692177295684814,-0.0037514828145503998,0.27934420108795166,0.5110940933227539,-0.35994458198547363,0.21575459837913513,0.45615240931510925,-0.5211035013198853,0.30309754610061646,0.4725574254989624,-0.6943709850311279,0.33525460958480835
42,0.16229209303855896,0.7328703999519348,0.48180198669433594,-0.20175695419311523,0.6182674765586853,0.33923399448394775,-0.5841189026832581,0.4806944727897644,0.15867090225219727,-0.645664632320404,0.35332179069519043,0.0040628439746797085,-0.8191820383071899,0.2559257745742798,-0.12628799676895142,-0.22649726271629333,0.08159220963716507,-0.01987309567630291,-0.31106242537498474,-0.27183306217193604,-0.16656751930713654,-0.03579103946685791,-0.41689252853393555,-0.03616880252957344,-0.4826231598854065,-0.7215181589126587,-0.11657983064651489,0.000999778974801302,-0.0011428205762058496,0.005505979992449284,-0.01786964386701584,-0.3347349762916565,-0.11565827578306198,-0.14637410640716553,-0.6080314517021179,-0.10609849542379379,-0.22928652167320251,-0.8606058955192566,-0.07507964223623276,0.17839625477790833,-0.03581732511520386,0.10121539235115051,0.20528572797775269,-0.3201761245727539,0.0395997054874897,0.20356014370918274,-0.5963798761367798,-0.017628803849220276,0.03709479048848152,-0.8395441770553589,-0.06339791417121887,0.3861154317855835,-0.019348343834280968,0.2757209539413452,0.5095539093017578,-0.36377453804016113,0.22432349622249603,0.4466416835784912,-0.516575276851654,0.32433536648750305,0.46379175782203674,-0.6915037631988525,0.3524046838283539
43,0.19586554169654846,0.7553832530975342,0.4644532799720764,-0.17638269066810608,0.6240535378456116,0.34253472089767456,-0.554607093334198,0.4932156205177307,0.1380244791507721,-0.6622713804244995,0.36074191331863403,-0.03232938051223755,-0.7956134080886841,0.26385825872421265,-0.1637592613697052,-0.22508195042610168,0.07761836796998978,-0.022021867334842682,-0.3220783472061157,-0.2688177824020386,-0.17152220010757446,-0.21156083047389984,-0.4666988253593445,-0.053534332662820816,-0.49905094504356384,-0.7155457735061646,-0.12796397507190704,0.0009844257729128003,-0.0012632649159058928,0.0054291170090436935,-0.02965022623538971,-0.33784884214401245,-0.1123860776424408,-0.151163250207901,-0.5920861959457397,-0.11053697764873505,-0.23245984315872192,-0.8613131046295166,-0.07434934377670288,0.18973860144615173,-0.03132360056042671,0.10057969391345978,0.21217995882034302,-0.31416571140289307,0.036486126482486725,0.1849149763584137,-0.580971360206604,-0.037878528237342834,0.04162515699863434,-0.8464525938034058,-0.059253133833408356,0.40153059363365173,-0.0048576765693724155,0.26955145597457886,0.5209890007972717,-0.3520461618900299,0.21280187368392944,0.46397531032562256,-0.5101560354232788,0.3123696446418762,0.4663456082344055,-0.683466911315918,0.3578002452850342
44,0.20759832859039307,0.7625184059143066,0.4711712598800659,-0.1642826646566391,0.6257915496826172,0.35079750418663025,-0.5710471868515015,0.4821655750274658,0.14673981070518494,-0.6759438514709473,0.36418354511260986,-0.04947051778435707,-0.8492342233657837,0.2749383747577667,-0.21109649538993835,-0.22455468773841858,0.07807071506977081,-0.023174626752734184,-0.33196499943733215,-0.26545366644859314,-0.169569730758667,-0.3178728222846985,-0.47854816913604736,-0.05974358320236206,-0.5050101280212402,-0.7017788290977478,-0.13280272483825684,0.0009925707709044218,-0.0013143029063940048,0.0053923605009913445,-0.03874650225043297,-0.3368801474571228,-0.11416901648044586,-0.15088607370853424,-0.5872814655303955,-0.10741382837295532,-0.24281468987464905,-0.859201192855835,-0.06583912670612335,0.19268211722373962,-0.02985377423465252,0.0982152670621872,0.21675926446914673,-0.31260228157043457,0.03292330726981163,0.18015269935131073,-0.5731335282325745,-0.0399799719452858,0.042211271822452545,-0.8484722971916199,-0.05175454914569855,0.40793800354003906,0.0007435318548232317,0.26859962940216064,0.526391327381134,-0.3520723581314087,0.21237550675868988,0.4722548723220825,-0.512424111366272,0.30488717555999756,0.4660179018974304,-0.6756605505943298,0.34821444749832153
45,0.21398264169692993,0.766400933265686,0.4748268127441406,-0.15769854187965393,0.6267372369766235,0.3552936315536499,-0.5799928903579712,0.47615283727645874,0.15148219466209412,-0.683383584022522,0.36605626344680786,-0.05879771709442139,-0.8784115314483643,0.2809675335884094,-0.2368546426296234,-0.22426778078079224,0.07831685245037079,-0.023801889270544052,-0.3373447358608246,-0.26362311840057373,-0.16850732266902924,-0.3757215440273285,-0.48499590158462524,-0.06312229484319687,-0.508252739906311,-0.6942876577377319,-0.13543570041656494,0.000997002818621695,-0.0013420747127383947,0.0053723594173789024,-0.04369616135954857,-0.33635303378105164,-0.1151391863822937,-0.1507352590560913,-0.5846669673919678,-0.10571439564228058,-0.2484492063522339,-0.8580520153045654,-0.061208371073007584,0.19428381323814392,-0.029053982347249985,0.0969286859035492,0.21925106644630432,-0.3117515444755554,0.030984628945589066,0.17756134271621704,-0.5688686370849609,-0.04112345352768898,0.04253020137548447,-0.8495712876319885,-0.047674257308244705,0.41142454743385315,0.0037913802079856396,0.2680816948413849,0.5293309688568115,-0.3520866334438324,0.21214351058006287,0.4767601191997528,-0.5136582851409912,0.3008156418800354,0.46583959460258484,-0.6714128255844116,0.3429984152317047
46,0.20653954148292542,0.751489520072937,0.4979618787765503,-0.15161947906017303,0.620758056640625,0.3531849980354309,-0.5553903579711914,0.4829387068748474,0.14853203296661377,-0.686600923538208,0.36040598154067993,-0.05078931525349617,-0.8281664252281189,0.2757521867752075,-0.2205234169960022,-0.23115754127502441,0.08151476085186005,-0.02529172971844673,-0.3400495648384094,-0.2661409080028534,-0.1641165316104889,-0.3991423547267914,-0.5017713904380798,-0.052504315972328186,-0.5178364515304565,-0.6996831893920898,-0.12932482361793518,0.000996577669866383,-0.001330964034423232,0.005568464286625385,-0.050315435975790024,-0.3357638120651245,-0.11280015110969543,-0.15719975531101227,-0.5806386470794678,-0.10240617394447327,-0.25203272700309753,-0.8475934267044067,-0.061088234186172485,0.19631536304950714,-0.02758185938000679,0.09607551246881485,0.21567673981189728,-0.31297916173934937,0.038277484476566315,0.16395339369773865,-0.5653667449951172,-0.039492614567279816,0.030731625854969025,-0.8492634296417236,-0.03792674466967583,0.4133302569389343,0.0009333110647276044,0.2633320093154907,0.5236457586288452,-0.3477645814418793,0.20568770170211792,0.47192585468292236,-0.5092496275901794,0.30871057510375977,0.4363718628883362,-0.6779289245605469,0.3643302917480469
47,0.19936060905456543,0.7375757694244385,0.5108310580253601,-0.15488451719284058,0.6195074319839478,0.36150139570236206,-0.5411043167114258,0.48698514699935913,0.15788519382476807,-0.6905646324157715,0.3606904149055481,-0.04817071557044983,-0.7931152582168579,0.27652883529663086,-0.20463570952415466,-0.23499181866645813,0.08386953175067902,-0.021830549463629723,-0.3453361392021179,-0.2706644535064697,-0.15574204921722412,-0.4077482223510742,-0.5067087411880493,-0.04018310457468033,-0.5203535556793213,-0.699252724647522,-0.11967864632606506,0.0010050296550616622,-0.0012979687890037894,0.005719174165278673,-0.05445825308561325,-0.33380550146102905,-0.10711300373077393,-0.16157464683055878,-0.5789663791656494,-0.09564854204654694,-0.2520064115524292,-0.8401767015457153,-0.05841375142335892,0.19627463817596436,-0.02539430931210518,0.09478095173835754,0.2092362642288208,-0.3126823902130127,0.04091552644968033,0.15465421974658966,-0.5646899938583374,-0.03800562769174576,0.024990525096654892,-0.847463846206665,-0.03314606845378876,0.41388580203056335,-0.0038348613306879997,0.2583237290382385,0.516427755355835,-0.3485346734523773,0.19898641109466553,0.45757997035980225,-0.5090118050575256,0.30751121044158936,0.41825202107429504,-0.680181622505188,0.37745797634124756
48,0.13801079988479614,0.6129197478294373,0.5396257042884827,-0.22227150201797485,0.5927250385284424,0.3928748667240143,-0.5546181797981262,0.51050865650177,0.11978994309902191,-0.6729509830474854,0.3742513656616211,-0.10324949771165848,-0.7642804384231567,0.3687325119972229,-0.3938382863998413,-0.24332034587860107,0.11393909156322479,-0.05675533413887024,-0.3095232844352722,-0.27429431676864624,-0.20102286338806152,-0.3356877863407135,-0.4520271122455597,-0.022159142419695854,-0.40577569603919983,-0.6231812834739685,-0.010945726186037064,0.0011378966737538576,-0.0014467769069597125,0.006025392562150955,-0.0410647988319397,-0.33174648880958557,-0.13448315858840942,-0.14853760600090027,-0.5856782793998718,-0.07798141241073608,-0.23665714263916016,-0.7716880440711975,-0.012487268075346947,0.18860292434692383,-0.030858686193823814,0.10656215250492096,0.2233082801103592,-0.3275827169418335,0.05277593806385994,0.12598012387752533,-0.579234778881073,0.06189075857400894,0.0035464661195874214,-0.8043442368507385,0.09157601743936539,0.3994728922843933,-0.02686547487974167,0.2828638255596161,0.5049546360969543,-0.3723042905330658,0.2391936331987381,0.39810633659362793,-0.5060765147209167,0.3634658455848694,0.36107969284057617,-0.6687014698982239,0.4840468764305115
49,0.15738755464553833,0.5802438259124756,0.6079890727996826,-0.21637097001075745,0.5630377531051636,0.45172905921936035,-0.5403215289115906,0.4941270053386688,0.111885666847229,-0.6174421310424805,0.33027511835098267,-0.1306690275669098,-0.7696921825408936,0.31436479091644287,-0.47707629203796387,-0.22180292010307312,0.10923726856708527,-0.07500534504652023,-0.28699395060539246,-0.2698690891265869,-0.2395264208316803,-0.329279363155365,-0.473888099193573,-0.061320606619119644,-0.3335229754447937,-0.49548959732055664,0.00939645804464817,0.0011040375102311373,-0.001273248577490449,0.005951909348368645,-0.031114064157009125,-0.3511573076248169,-0.13552890717983246,-0.13455255329608917,-0.571790337562561,-0.06900576502084732,-0.21201789379119873,-0.7228761911392212,-0.034452926367521286,0.1779382824897766,-0.037163957953453064,0.1122669130563736,0.19859766960144043,-0.3417425751686096,0.06023535877466202,0.09303107857704163,-0.5648144483566284,0.09948071837425232,-0.02069871872663498,-0.799173891544342,0.15765392780303955,0.3646460771560669,-0.02977132424712181,0.2934809923171997,0.46118488907814026,-0.38952380418777466,0.24179430305957794,0.32375964522361755,-0.49680930376052856,0.3493160009384155,0.2741290032863617,-0.6290544867515564,0.49656927585601807
50,0.10223709046840668,0.563861072063446,0.7018053531646729,-0.2077910602092743,0.5678438544273376,0.4844203591346741,-0.4975336790084839,0.5252859592437744,0.09882773458957672,-0.6050726175308228,0.2740423381328583,-0.21268630027770996,-0.7625818252563477,0.22908639907836914,-0.49682489037513733,-0.19817200303077698,0.1214195042848587,-0.08875888586044312,-0.24154223501682281,-0.27028989791870117,-0.2894246280193329,-0.3055087924003601,-0.4245683550834656,-0.19432887434959412,-0.35379332304000854,-0.5243716239929199,-0.09611697494983673,0.0009318385273218155,-0.0008121893624775112,0.0059300437569618225,-0.044343505054712296,-0.31027549505233765,-0.13497458398342133,-0.16226786375045776,-0.5012246370315552,-0.09433862566947937,-0.2779555916786194,-0.661960780620575,0.01183198019862175,0.14214199781417847,-0.06961660832166672,0.12412649393081665,0.1135411262512207,-0.31194084882736206,0.0635005310177803,-0.04135860502719879,-0.5135679841041565,0.07399700582027435,-0.17075009644031525,-0.7252728343009949,0.17177200317382812,0.3046364188194275,-0.08487413823604584,0.32344019412994385,0.2871685326099396,-0.37243062257766724,0.2705380320549011,0.1145443320274353,-0.47590312361717224,0.3201987147331238,0.040496863424777985,-0.5872392654418945,0.471655011177063
51,0.027949491515755653,0.6409381031990051,0.404607892036438,-0.142093226313591,0.5985040664672852,0.13250626623630524,-0.3468189537525177,0.34708598256111145,-0.20105011761188507,-0.4573649764060974,0.08488953113555908,-0.3962216377258301,-0.5062345862388611,0.17161449790000916,-0.32325249910354614,-0.11620313674211502,0.0490814670920372,-0.1282355636358261,-0.16915881633758545,-0.2938380241394043,-0.2018042504787445,-0.27845442295074463,-0.4660343527793884,-0.09102168679237366,0.43498045206069946,-0.2680855393409729,-0.3956570625305176,0.0009050852386280894,-0.0008365747053176165,0.006856049410998821,-0.059078771620988846,-0.2825227379798889,-0.028908967971801758,-0.2060849815607071,-0.48840904235839844,0.014479059725999832,-0.31230250000953674,-0.6455997228622437,0.14471715688705444,0.07902933657169342,-0.02334573119878769,0.14025914669036865,-0.0333857499063015,-0.19761933386325836,0.10337939858436584,-0.19343705475330353,-0.3830733299255371,0.15180817246437073,-0.3226993680000305,-0.6207488179206848,0.2101304531097412,0.08573391288518906,-0.010943304747343063,0.3084307909011841,-0.0023754239082336426,-0.23619168996810913,0.3050673007965088,-0.13956429064273834,-0.31289994716644287,0.32968825101852417,-0.23238849639892578,-0.47169625759124756,0.43106725811958313
52,-0.0030447272583842278,0.480500727891922,0.27132970094680786,-0.07933376729488373,0.3294851779937744,0.19744059443473816,-0.0996280387043953,0.18280991911888123,-0.30802276730537415,-0.1752312183380127,-0.14656099677085876,-0.38868647813796997,-0.22780728340148926,-0.12058649957180023,-0.49110573530197144,-0.07613774389028549,0.012149072252213955,-0.1423017680644989,-0.1412290632724762,-0.2832159698009491,-0.15748924016952515,-0.2777792513370514,-0.4652944505214691,-0.07491371035575867,0.2725692689418793,-0.3599112331867218,-0.27736350893974304,0.0008535301312804222,-0.0009502122411504388,0.006047970615327358,-0.037038885056972504,-0.2064746618270874,0.002160804346203804,-0.1194385513663292,-0.3764127194881439,0.008497579023241997,0.27947258949279785,-0.3496880531311035,-0.26814472675323486,0.04510975256562233,0.0025885170325636864,0.12135909497737885,-0.011911112815141678,-0.1273595541715622,0.11118519306182861,-0.0893721878528595,-0.3080170154571533,0.12706181406974792,0.0068210214376449585,0.06561169028282166,0.043056316673755646,0.143709197640419,0.08444167673587799,0.25726184248924255,0.039986710995435715,-0.05120062083005905,0.3170388638973236,-0.13267570734024048,-0.283432275056839,0.2586800754070282,-0.056741952896118164,-0.3528059124946594,0.04326580464839935
53,0.0787670761346817,0.6187465190887451,0.2383597493171692,0.16173207759857178,0.3077813982963562,0.12392778694629669,0.17728713154792786,-0.008582323789596558,-0.32627731561660767,0.08368989825248718,-0.33678483963012695,-0.396038293838501,0.11627218127250671,-0.5147829651832581,-0.5456041097640991,0.03477967903017998,-0.05825969576835632,-0.1280844807624817,-0.04693581908941269,-0.3410135507583618,-0.16708704829216003,-0.20795023441314697,-0.5296000242233276,-0.1004825159907341,0.044969506561756134,-0.5318962931632996,-0.17325089871883392,0.0005638853763230145,-0.00032091684988699853,0.00452391617000103,-0.0819089487195015,-0.2182139754295349,-0.02839495614171028,-0.2211705446243286,-0.4155103266239166,-0.04578332230448723,-0.09399010241031647,-0.5360877513885498,-0.19344626367092133,-0.035641878843307495,0.05831320956349373,0.08877836912870407,-0.13675811886787415,-0.07994631677865982,0.09476122260093689,-0.28412652015686035,-0.2590067386627197,0.03028055652976036,-0.339622437953949,-0.1396988332271576,0.03949391096830368,-0.04989766329526901,0.18185719847679138,0.2103675901889801,-0.19917215406894684,0.04762702062726021,0.2262452393770218,-0.37509459257125854,-0.18507938086986542,0.17599228024482727,-0.4122682809829712,-0.2404964119195938,0.017000138759613037
54,0.11238062381744385,0.7211501598358154,0.2528247833251953,0.28862154483795166,0.3502649664878845,0.02372857555747032,0.35923486948013306,-0.11018417775630951,-0.32976585626602173,0.26344627141952515,-0.43945974111557007,-0.37220996618270874,0.3109219968318939,-0.6816002130508423,-0.5426137447357178,0.10359789431095123,-0.08792153745889664,-0.10348735004663467,-0.002164207398891449,-0.4053962528705597,-0.15846142172813416,-0.14314670860767365,-0.5911420583724976,-0.15765425562858582,-0.1021864265203476,-0.707617998123169,-0.13679011166095734,0.0003489828377496451,-0.0002629516529850662,0.0028489173855632544,-0.11367427557706833,-0.23089085519313812,-0.04511258006095886,-0.28777793049812317,-0.45543211698532104,-0.08315853029489517,-0.11551298201084137,-0.42339199781417847,-0.18811148405075073,-0.07571135461330414,0.08311812579631805,0.07529193162918091,-0.2265326976776123,-0.07227734476327896,0.049134451895952225,-0.4116167426109314,-0.2433432787656784,-0.05028379708528519,-0.5308586955070496,-0.2855067849159241,-0.027040675282478333,-0.179179847240448,0.22495906054973602,0.15892904996871948,-0.34410738945007324,0.06392591446638107,0.1479227989912033,-0.5132265090942383,-0.1580379605293274,0.06876245886087418,-0.6419075727462769,-0.2671876847743988,-0.0749739408493042
55,0.11787721514701843,0.7755077481269836,0.2981153428554535,0.3206682801246643,0.43213802576065063,0.022406665608286858,0.43619757890701294,-0.13658049702644348,-0.3003842234611511,0.3591727018356323,-0.47292983531951904,-0.33854106068611145,0.42572832107543945,-0.7841618061065674,-0.508992075920105,0.14616097509860992,-0.0955314189195633,-0.08941148221492767,0.03931490331888199,-0.42538440227508545,-0.17199784517288208,-0.10420125722885132,-0.6048732995986938,-0.20475462079048157,-0.18651182949543,-0.8078104257583618,-0.14589299261569977,0.00021981753525324166,-0.00014249849482439458,0.0017399298958480358,-0.12940311431884766,-0.23679062724113464,-0.06743551790714264,-0.32542067766189575,-0.43968507647514343,-0.14523154497146606,-0.12669938802719116,-0.34212741255760193,-0.19348746538162231,-0.09959736466407776,0.08982789516448975,0.07322676479816437,-0.27124494314193726,-0.0755615383386612,0.010677831247448921,-0.46920546889305115,-0.23634062707424164,-0.12007433921098709,-0.6142807006835938,-0.36237621307373047,-0.09701608121395111,-0.25404077768325806,0.23801273107528687,0.1424073576927185,-0.4255831241607666,0.057575907558202744,0.09113668650388718,-0.5910274982452393,-0.1436876356601715,0.0013162009418010712,-0.7602853775024414,-0.2513613700866699,-0.14799480140209198
56,0.18259796500205994,0.7933807373046875,0.26843535900115967,0.3876170516014099,0.38665175437927246,-0.05477960407733917,0.5459259748458862,-0.16688653826713562,-0.3120573163032532,0.4713898301124573,-0.496268093585968,-0.37617215514183044,0.5857074856758118,-0.7887883186340332,-0.5291990041732788,0.16896115243434906,-0.1057296171784401,-0.08038657903671265,0.04098161309957504,-0.4451654553413391,-0.130174919962883,-0.10096321254968643,-0.6421198844909668,-0.19415125250816345,-0.20719501376152039,-0.8722364902496338,-0.09687618911266327,0.0001973779289983213,-0.0005366659606806934,0.0010919977212324739,-0.15375712513923645,-0.2384522259235382,-0.05002406984567642,-0.37380167841911316,-0.4587312340736389,-0.13982893526554108,-0.3378307521343231,-0.508449912071228,-0.16932736337184906,-0.11483985185623169,0.09520529955625534,0.04454074800014496,-0.2968502342700958,-0.059179551899433136,-0.010066118091344833,-0.48871058225631714,-0.2463679015636444,-0.148948535323143,-0.6295501589775085,-0.40438228845596313,-0.09018871188163757,-0.2928244471549988,0.25030869245529175,0.11092521250247955,-0.4641133248806,0.052761420607566833,0.048164527863264084,-0.6357064247131348,-0.15248267352581024,-0.05447821319103241,-0.8211609721183777,-0.2936491370201111,-0.1933680772781372
57,0.21993836760520935,0.7970671653747559,0.21325910091400146,0.4228484034538269,0.3905729055404663,-0.1237868070602417,0.603187084197998,-0.19425448775291443,-0.36617588996887207,0.5319512486457825,-0.49589866399765015,-0.4260035753250122,0.613143801689148,-0.7473126649856567,-0.5352331399917603,0.17795342206954956,-0.11592221260070801,-0.07230575382709503,0.04490052908658981,-0.45641812682151794,-0.110308438539505,-0.10016335546970367,-0.6652724742889404,-0.1725073754787445,-0.21115174889564514,-0.9055908918380737,-0.06315971165895462,0.00018043939780909568,-0.0007694595260545611,0.000713330926373601,-0.16768774390220642,-0.2371073216199875,-0.043019987642765045,-0.39644166827201843,-0.4673493206501007,-0.1326587200164795,-0.45140340924263,-0.6013940572738647,-0.15439480543136597,-0.12196006625890732,0.09927116334438324,0.0290526133030653,-0.308788537979126,-0.04850023239850998,-0.020179444923996925,-0.49926817417144775,-0.25555169582366943,-0.16494321823120117,-0.6607465147972107,-0.4357529878616333,-0.08235745131969452,-0.30979713797569275,0.2596375048160553,0.09201241284608841,-0.47925806045532227,0.052523501217365265,0.02769806794822216,-0.603872537612915,-0.13121026754379272,-0.09233459085226059,-0.8487318158149719,-0.3251863121986389,-0.21288590133190155
58,0.2583271861076355,0.7966625690460205,0.127371683716774,0.44867563247680664,0.383004367351532,-0.2101689875125885,0.6391744613647461,-0.2123817503452301,-0.37275582551956177,0.5791542530059814,-0.5032443404197693,-0.4359898269176483,0.6487677097320557,-0.7183586359024048,-0.5603330731391907,0.18308395147323608,-0.11753447353839874,-0.06887512654066086,0.057489119470119476,-0.4669715166091919,-0.08705225586891174,-0.08758781850337982,-0.6922746896743774,-0.14791379868984222,-0.2036198079586029,-0.9368807077407837,-0.03298453614115715,0.00020505042630247772,-0.0010287920013070107,0.00019924399384763092,-0.16631761193275452,-0.2462678849697113,-0.021751224994659424,-0.40217483043670654,-0.4693979024887085,-0.10697104036808014,-0.5169327855110168,-0.6687160730361938,-0.10848890244960785,-0.1139756292104721,0.10740455240011215,0.0240501519292593,-0.3010872006416321,-0.028908174484968185,-0.019762789830565453,-0.5203835964202881,-0.26791149377822876,-0.1585191786289215,-0.6882424354553223,-0.4568595886230469,-0.08364351093769073,-0.29708021879196167,0.2967974841594696,0.05615060031414032,-0.49952149391174316,0.05447957664728165,0.014055328443646431,-0.5977933406829834,-0.12090110033750534,-0.11453808099031448,-0.8660552501678467,-0.3435477018356323,-0.21730896830558777
59,0.2727854251861572,0.7912827730178833,0.10827465355396271,0.47794681787490845,0.3581134080886841,-0.18154752254486084,0.6638578176498413,-0.21368250250816345,-0.37125155329704285,0.6067570447921753,-0.5065816640853882,-0.4495912194252014,0.6810084581375122,-0.7047111988067627,-0.594265341758728,0.18393833935260773,-0.11956661194562912,-0.0588403157889843,0.06092993915081024,-0.47188448905944824,-0.06647013872861862,-0.07609322667121887,-0.7094204425811768,-0.13253259658813477,-0.19331300258636475,-0.9423954486846924,-0.02057749591767788,0.00022455587168224156,-0.0012002626899629831,-8.922043343773112e-05,-0.1654883772134781,-0.25157108902931213,-0.0041332487016916275,-0.40783482789993286,-0.46858131885528564,-0.08756854385137558,-0.5511679649353027,-0.7083291411399841,-0.09396503120660782,-0.09977367520332336,0.11162154376506805,0.013421904295682907,-0.295234739780426,-0.015626344829797745,-0.017868101596832275,-0.5388648509979248,-0.2760881781578064,-0.15201187133789062,-0.7048517465591431,-0.4665874242782593,-0.10778113454580307,-0.2859329879283905,0.31743699312210083,0.03182128816843033,-0.5112992525100708,0.056513722985982895,0.005974212661385536,-0.6323479413986206,-0.13800102472305298,-0.11241805553436279,-0.8723183870315552,-0.34934908151626587,-0.22898244857788086
60,0.2983027398586273,0.7991122007369995,0.07406997680664062,0.5024542808532715,0.3463273048400879,-0.18710137903690338,0.6742634773254395,-0.22049105167388916,-0.3686423897743225,0.6348317861557007,-0.5071756839752197,-0.4509117007255554,0.6985852122306824,-0.6932641267776489,-0.6005260944366455,0.1826678216457367,-0.12125148624181747,-0.04686854034662247,0.0622369647026062,-0.47582244873046875,-0.0415564700961113,-0.06390206515789032,-0.722953736782074,-0.11711181700229645,-0.19383230805397034,-0.9542955160140991,0.005964132025837898,0.000241048212046735,-0.0013238661922514439,-0.0004345024353824556,-0.16688373684883118,-0.2565036714076996,0.004766789264976978,-0.4125380218029022,-0.47234025597572327,-0.06923824548721313,-0.571060299873352,-0.7425323724746704,-0.08552908897399902,-0.1003492921590805,0.11687523126602173,0.00776861235499382,-0.2922358512878418,-0.01021297462284565,-0.023742426186800003,-0.5519896745681763,-0.28461164236068726,-0.1487952321767807,-0.6894875764846802,-0.46774303913116455,-0.10607433319091797,-0.27318519353866577,0.32550695538520813,0.018779706209897995,-0.5269590020179749,0.049144841730594635,-0.010882467031478882,-0.6479784250259399,-0.15091565251350403,-0.11907607316970825,-0.878767728805542,-0.36369484663009644,-0.23614361882209778
61,0.30923789739608765,0.803084135055542,0.0997077003121376,0.5052056312561035,0.3383013606071472,-0.15922428667545319,0.6784830093383789,-0.2153710573911667,-0.3401717245578766,0.6601219773292542,-0.5064763426780701,-0.44800686836242676,0.6978681087493896,-0.6895154714584351,-0.6054949164390564,0.17952342331409454,-0.12414881587028503,-0.041128262877464294,0.07454411685466766,-0.47078222036361694,-0.04578177258372307,-0.05406194180250168,-0.7180224061012268,-0.10497178137302399,-0.1910422295331955,-0.9723920822143555,0.027064863592386246,0.00024840852711349726,-0.0013440361944958568,-0.0006939921295270324,-0.1632826328277588,-0.2635693848133087,-0.0017750090919435024,-0.4086490571498871,-0.4659159779548645,-0.08808404207229614,-0.5732481479644775,-0.764471173286438,-0.08975110948085785,-0.09302294254302979,0.11624856293201447,0.004570152144879103,-0.2920112609863281,-0.009127279743552208,-0.04165863245725632,-0.5568654537200928,-0.2916974425315857,-0.16038993000984192,-0.7395403385162354,-0.4902133345603943,-0.13264864683151245,-0.2553408145904541,0.3304012417793274,0.01576612889766693,-0.5416072607040405,0.040878184139728546,-0.035914741456508636,-0.6529459953308105,-0.15323199331760406,-0.13316580653190613,-0.8589085340499878,-0.3564821481704712,-0.2681294083595276
62,0.31330156326293945,0.8097168207168579,0.12927474081516266,0.5114559531211853,0.34288638830184937,-0.14171242713928223,0.6794951558113098,-0.20920239388942719,-0.3196015954017639,0.6730998754501343,-0.5009874105453491,-0.4347193241119385,0.7049911022186279,-0.7007514238357544,-0.6123238205909729,0.17938485741615295,-0.12423829734325409,-0.03490122780203819,0.0824139267206192,-0.46721452474594116,-0.05615418031811714,-0.048424795269966125,-0.7154463529586792,-0.10771991312503815,-0.18484565615653992,-0.9781104326248169,0.03959197178483009,0.0002538996923249215,-0.0013594425981864333,-0.0008094810182228684,-0.16075077652931213,-0.2652570605278015,-0.013667304068803787,-0.399813175201416,-0.45898911356925964,-0.10669772326946259,-0.5681453943252563,-0.7719799280166626,-0.09183501452207565,-0.08954279124736786,0.11428362876176834,0.003969457931816578,-0.29421234130859375,-0.014352627098560333,-0.05388922989368439,-0.5544423460960388,-0.294443279504776,-0.1754126399755478,-0.7566707134246826,-0.49942904710769653,-0.14968810975551605,-0.25596004724502563,0.33282965421676636,0.013576190918684006,-0.5484099388122559,0.03633502870798111,-0.049951814115047455,-0.6667873859405518,-0.12089797854423523,-0.1362493932247162,-0.8506060242652893,-0.3414199948310852,-0.288483202457428
63,0.3084478974342346,0.8048826456069946,0.16217580437660217,0.5119245648384094,0.3388257324695587,-0.11642474681138992,0.6782197952270508,-0.20458027720451355,-0.3185949921607971,0.6818292140960693,-0.5024689435958862,-0.4241791069507599,0.6998945474624634,-0.7006634473800659,-0.6497054100036621,0.17868977785110474,-0.1286396086215973,-0.03264377638697624,0.08402727544307709,-0.4620015025138855,-0.05639379844069481,-0.043200962245464325,-0.7113491296768188,-0.11644246429204941,-0.18134912848472595,-0.9714999198913574,0.030813323333859444,0.00025079530314542353,-0.0013488216791301966,-0.0007100275252014399,-0.16651055216789246,-0.2669559717178345,-0.012104718014597893,-0.40125295519828796,-0.4615305960178375,-0.10362961888313293,-0.5610538721084595,-0.7636969685554504,-0.0872296690940857,-0.09065920114517212,0.11364632844924927,0.004899065010249615,-0.2942482829093933,-0.012537115253508091,-0.05187033861875534,-0.5589694976806641,-0.298222154378891,-0.16272267699241638,-0.7916852235794067,-0.49554961919784546,-0.14090168476104736,-0.2461473047733307,0.3426772952079773,0.015170090831816196,-0.5540125370025635,0.03240411728620529,-0.04161789268255234,-0.6640480756759644,-0.13477569818496704,-0.13903623819351196,-0.8396478891372681,-0.3305286467075348,-0.28355586528778076
64,0.3051936626434326,0.8019659519195557,0.16949205100536346,0.5116958022117615,0.33221083879470825,-0.10959011316299438,0.6741710901260376,-0.20452263951301575,-0.32786795496940613,0.683016300201416,-0.5172767043113708,-0.42759057879447937,0.6849682331085205,-0.7022296786308289,-0.6728718876838684,0.17804063856601715,-0.13577823340892792,-0.031044071540236473,0.08298946917057037,-0.4592112898826599,-0.05172175541520119,-0.04047313332557678,-0.712742805480957,-0.11142364144325256,-0.17827960848808289,-0.9780061841011047,0.034395650029182434,0.0002429860323900357,-0.001068520126864314,-0.0003452684613876045,-0.1745639443397522,-0.2686077058315277,-0.0052960459142923355,-0.40641894936561584,-0.46796828508377075,-0.09268750250339508,-0.5558944344520569,-0.7705700397491455,-0.08264046162366867,-0.0882200375199318,0.11503321677446365,0.00609829556196928,-0.29594647884368896,-0.011502917855978012,-0.045100726187229156,-0.5683472156524658,-0.3001934885978699,-0.14350078999996185,-0.8127701282501221,-0.477239191532135,-0.10755569487810135,-0.24278368055820465,0.34854453802108765,0.013350331224501133,-0.5597673654556274,0.030312541872262955,-0.03036830574274063,-0.6650452613830566,-0.14564105868339539,-0.14060983061790466,-0.8413608074188232,-0.3268163800239563,-0.2780971825122833
65,0.3115631341934204,0.7441350817680359,0.2588822543621063,0.5109776258468628,0.33751028776168823,-0.08982037007808685,0.6747687458992004,-0.187074214220047,-0.29418814182281494,0.6853698492050171,-0.4957316815853119,-0.40975767374038696,0.6911945343017578,-0.7009446620941162,-0.6879477500915527,0.18071959912776947,-0.13191986083984375,-0.030961792916059494,0.0913485735654831,-0.4462745189666748,-0.07252528518438339,-0.034216493368148804,-0.6879130005836487,-0.11132705211639404,-0.16360998153686523,-0.9614481329917908,0.02489135041832924,0.00021214605658315122,-0.000750480976421386,0.0001058271445799619,-0.1748126745223999,-0.25920361280441284,-0.01791359670460224,-0.40107205510139465,-0.4595690667629242,-0.11199125647544861,-0.5619906187057495,-0.7590956687927246,-0.07201416045427322,-0.09830504655838013,0.11142626404762268,0.011557621881365776,-0.3008991777896881,-0.020228642970323563,-0.046176981180906296,-0.5599836111068726,-0.291104793548584,-0.14862245321273804,-0.8069655895233154,-0.46737945079803467,-0.1228809803724289,-0.24079343676567078,0.34964224696159363,0.022555796429514885,-0.5535997152328491,0.021774280816316605,-0.02868131920695305,-0.6784164905548096,-0.12004397809505463,-0.13738200068473816,-0.8255548477172852,-0.27874958515167236,-0.24763259291648865
66,0.3169211745262146,0.6907423734664917,0.2857602536678314,0.5170142650604248,0.3400633931159973,-0.10175301134586334,0.6704375743865967,-0.19240713119506836,-0.2978597581386566,0.6910978555679321,-0.5000508427619934,-0.40571630001068115,0.6802530288696289,-0.7033193111419678,-0.6491944789886475,0.1771443486213684,-0.13551685214042664,-0.023520853370428085,0.08511311560869217,-0.4526868462562561,-0.07127509266138077,-0.047645289450883865,-0.7024707794189453,-0.10204870998859406,-0.17196118831634521,-0.970732569694519,0.03092184290289879,0.00019991336739622056,-0.0007382683688774705,0.00012725466513074934,-0.1808321177959442,-0.25626641511917114,-0.014713922515511513,-0.405517041683197,-0.46439629793167114,-0.1072290688753128,-0.5689368844032288,-0.7535544633865356,-0.07337340712547302,-0.09759815782308578,0.11229415237903595,0.008981883525848389,-0.3143638074398041,-0.03095763549208641,-0.03956121578812599,-0.5709500312805176,-0.291780024766922,-0.14389237761497498,-0.822072446346283,-0.44606029987335205,-0.11118277907371521,-0.2476738691329956,0.34617704153060913,0.015941360965371132,-0.5622897744178772,0.02000926434993744,-0.028885090723633766,-0.6766715049743652,-0.14290198683738708,-0.13885638117790222,-0.8292008638381958,-0.23737722635269165,-0.22888275980949402
67,0.33979764580726624,0.6761355400085449,0.242364764213562,0.5222910642623901,0.32730597257614136,-0.13620448112487793,0.6702436208724976,-0.18303579092025757,-0.3345009684562683,0.6776124238967896,-0.48413532972335815,-0.4565299451351166,0.6917567253112793,-0.7176289558410645,-0.6689131259918213,0.17386409640312195,-0.1369379311800003,-0.02575250156223774,0.071292944252491,-0.4618068337440491,-0.08991381525993347,-0.05564286559820175,-0.6999503374099731,-0.08626899868249893,-0.17050699889659882,-0.9660127758979797,0.06126955896615982,0.00016423796478193253,-0.0007411956321448088,-0.00013527131523005664,-0.17597836256027222,-0.25121843814849854,-0.010787002742290497,-0.40422117710113525,-0.464354932308197,-0.0972709059715271,-0.577282190322876,-0.7682026028633118,-0.07353261858224869,-0.09446975588798523,0.11279719322919846,0.008352945558726788,-0.3122936487197876,-0.02984539046883583,-0.03364856541156769,-0.5604941844940186,-0.2842866778373718,-0.13982798159122467,-0.8271682262420654,-0.48012232780456543,-0.0628606379032135,-0.23969146609306335,0.3466019332408905,0.02088899165391922,-0.5516235828399658,0.06133285537362099,-0.018273869529366493,-0.6831280589103699,-0.12257928401231766,-0.13118433952331543,-0.8221259117126465,-0.2303968071937561,-0.21919023990631104
68,0.3379629850387573,0.7181663513183594,0.16484561562538147,0.5266695618629456,0.33662018179893494,-0.1588546335697174,0.6631672382354736,-0.1719191074371338,-0.37097930908203125,0.6645503044128418,-0.46545177698135376,-0.5024380683898926,0.6745554804801941,-0.7186949253082275,-0.7299131155014038,0.1742810606956482,-0.14176024496555328,-0.031299203634262085,0.06301817297935486,-0.46817129850387573,-0.10957947373390198,-0.06872860342264175,-0.6811599731445312,-0.07651706784963608,-0.17985785007476807,-0.9537754654884338,0.04682421684265137,0.00016533065354451537,-0.0009319749660789967,-0.00025636449572630227,-0.17569750547409058,-0.2446349561214447,-0.0180021021515131,-0.40992534160614014,-0.45677101612091064,-0.08869583904743195,-0.5917893648147583,-0.766193687915802,-0.07533670961856842,-0.10044212639331818,0.11112353950738907,0.00947071984410286,-0.31888431310653687,-0.030990159139037132,-0.029568873345851898,-0.5479252338409424,-0.277687132358551,-0.14632415771484375,-0.8307252526283264,-0.4918982982635498,-0.06446214765310287,-0.2503349184989929,0.32671213150024414,0.00480865640565753,-0.5462029576301575,0.07885557413101196,-0.008810974657535553,-0.6861890554428101,-0.1132245883345604,-0.12893520295619965,-0.8251146078109741,-0.22201299667358398,-0.21957287192344666
69,0.3424556255340576,0.7431579232215881,0.1251877099275589,0.5297540426254272,0.3436521291732788,-0.17668813467025757,0.6569856405258179,-0.16735413670539856,-0.39274725317955017,0.6557570099830627,-0.4523487985134125,-0.5248147249221802,0.6740379333496094,-0.7202390432357788,-0.7517852783203125,0.17605802416801453,-0.14685526490211487,-0.03411470726132393,0.06483393162488937,-0.4693748354911804,-0.1110120564699173,-0.06764405965805054,-0.6868269443511963,-0.08612075448036194,-0.18576060235500336,-0.9515538215637207,0.048646457493305206,0.000167270380188711,-0.0010412688134238124,-0.00048049859469756484,-0.17483609914779663,-0.24045100808143616,-0.017187707126140594,-0.41311246156692505,-0.4559432864189148,-0.08356036990880966,-0.601182222366333,-0.7685372829437256,-0.07060263305902481,-0.10059145092964172,0.1118960976600647,0.008283572271466255,-0.32397645711898804,-0.029415206983685493,-0.027885910123586655,-0.5672106146812439,-0.26382458209991455,-0.13630352914333344,-0.8349809646606445,-0.5014539957046509,-0.053959332406520844,-0.25545114278793335,0.3195757567882538,-0.005060327239334583,-0.5446096062660217,0.08955530822277069,7.646903395652771e-05,-0.6884980797767639,-0.10876721143722534,-0.12895771861076355,-0.8255405426025391,-0.21607255935668945,-0.21783336997032166
70,0.3438318967819214,0.7491898536682129,0.13082265853881836,0.5236835479736328,0.3553856611251831,-0.17310822010040283,0.6500309705734253,-0.1461542844772339,-0.38977348804473877,0.6502154469490051,-0.4272304177284241,-0.5360004901885986,0.67207932472229,-0.7205055952072144,-0.7712918519973755,0.17889100313186646,-0.1457788348197937,-0.0396258607506752,0.06953269988298416,-0.4704955816268921,-0.11870582401752472,-0.05729832872748375,-0.6857770681381226,-0.12311099469661713,-0.215962216258049,-0.9388665556907654,-0.05189214646816254,0.00017143701552413404,-0.001005509402602911,-0.0005554984672926366,-0.1734856367111206,-0.23717394471168518,-0.02894451841711998,-0.40924009680747986,-0.44861090183258057,-0.09145350009202957,-0.597923994064331,-0.7671153545379639,-0.07561247050762177,-0.10757292807102203,0.11679460853338242,0.009735429659485817,-0.32777827978134155,-0.025748442858457565,-0.028409190475940704,-0.5784489512443542,-0.25640249252319336,-0.1304626762866974,-0.8283898830413818,-0.506632924079895,-0.03620055690407753,-0.2672675549983978,0.31763559579849243,-0.00811212882399559,-0.5487619638442993,0.09253522753715515,-0.00017739072791300714,-0.6937381029129028,-0.10410116612911224,-0.13211657106876373,-0.8235098123550415,-0.2066028118133545,-0.2150636613368988
71,0.3467864990234375,0.7529342174530029,0.1531333327293396,0.5288776159286499,0.3392521142959595,-0.15427634119987488,0.6415808200836182,-0.12549220025539398,-0.39304429292678833,0.6219554543495178,-0.4134783148765564,-0.5455952286720276,0.6657899022102356,-0.7046800851821899,-0.7409572601318359,0.1787692904472351,-0.1457766443490982,-0.04285988211631775,0.0656290203332901,-0.47016873955726624,-0.12873885035514832,-0.06460217386484146,-0.6590158939361572,-0.15247198939323425,-0.22851604223251343,-0.9283406734466553,-0.11703291535377502,0.00016631168546155095,-0.0009272490860894322,-0.0004562586545944214,-0.17411375045776367,-0.2338915765285492,-0.04046420753002167,-0.4145756959915161,-0.4593685269355774,-0.09954468905925751,-0.5929663181304932,-0.7596471309661865,-0.08579447865486145,-0.11144737899303436,0.11846382170915604,0.012547533959150314,-0.3314865827560425,-0.02731446549296379,-0.029103543609380722,-0.5780887603759766,-0.24813267588615417,-0.13375231623649597,-0.8259074687957764,-0.49961382150650024,-0.046584587544202805,-0.27195221185684204,0.31301793456077576,-0.006019830238074064,-0.5507166385650635,0.09339633584022522,-0.0026349362451583147,-0.6935123801231384,-0.10433518886566162,-0.1332535594701767,-0.8239495754241943,-0.2114003598690033,-0.21788249909877777
72,0.34188827872276306,0.7277953028678894,0.1655435860157013,0.5284113883972168,0.3196147680282593,-0.14769849181175232,0.6509709358215332,-0.13562548160552979,-0.3834933638572693,0.5879097580909729,-0.438039630651474,-0.564507782459259,0.6573730111122131,-0.6846796274185181,-0.7272108793258667,0.17740407586097717,-0.1436251848936081,-0.047577567398548126,0.057656027376651764,-0.4640148878097534,-0.13154661655426025,-0.06553817540407181,-0.6534162163734436,-0.16901403665542603,-0.23292434215545654,-0.9185107946395874,-0.13398146629333496,0.00014659747830592096,-0.0007972288876771927,-2.865209535229951e-05,-0.17295892536640167,-0.22724217176437378,-0.05369473248720169,-0.4221036434173584,-0.45022132992744446,-0.1057504415512085,-0.5795962810516357,-0.7604509592056274,-0.08256752789020538,-0.11279654502868652,0.11784231662750244,0.01709660328924656,-0.3303987383842468,-0.031705569475889206,-0.029738612473011017,-0.5709986686706543,-0.2373879849910736,-0.12947922945022583,-0.7925971150398254,-0.5057218074798584,-0.06064322590827942,-0.2712530493736267,0.3081751763820648,0.03793815150856972,-0.5484077334403992,0.09075190126895905,-0.004872105084359646,-0.6845729351043701,-0.10017216950654984,-0.12733754515647888,-0.8189274072647095,-0.206434965133667,-0.20771446824073792
73,0.3267459273338318,0.7136470079421997,0.2003367841243744,0.524686336517334,0.32176750898361206,-0.13680042326450348,0.6505289077758789,-0.13730373978614807,-0.379164457321167,0.5701241493225098,-0.44461172819137573,-0.5872262716293335,0.6334353089332581,-0.6762868165969849,-0.747080385684967,0.17424330115318298,-0.14009642601013184,-0.05011094734072685,0.04631107300519943,-0.4556010663509369,-0.129754438996315,-0.07165057957172394,-0.6402921676635742,-0.18447457253932953,-0.2489965707063675,-0.9151603579521179,-0.12381517142057419,0.0001450205163564533,-0.0006930686067789793,-2.665279680513777e-05,-0.1966838836669922,-0.23261317610740662,-0.032718807458877563,-0.4346011281013489,-0.4415563941001892,-0.1105247437953949,-0.5648155212402344,-0.7589313983917236,-0.0901554673910141,-0.11253738403320312,0.1171596348285675,0.016312887892127037,-0.33779987692832947,-0.03265579044818878,-0.030068470165133476,-0.5713804960250854,-0.23239666223526,-0.13634231686592102,-0.7816270589828491,-0.4994017481803894,-0.10141541063785553,-0.2702537477016449,0.30186372995376587,0.051769234240055084,-0.551201581954956,0.07678103446960449,-0.011889370158314705,-0.6809169054031372,-0.10808597505092621,-0.13618026673793793,-0.7984637022018433,-0.2110002338886261,-0.2023617923259735
74,0.31229764223098755,0.6979712247848511,0.23287668824195862,0.5179094076156616,0.32600104808807373,-0.12994740903377533,0.6444133520126343,-0.13712754845619202,-0.3726181387901306,0.5553735494613647,-0.4500746428966522,-0.5928000211715698,0.6161825060844421,-0.6809670925140381,-0.7520146369934082,0.17141979932785034,-0.13909479975700378,-0.05108136683702469,0.037777915596961975,-0.455452561378479,-0.11857882142066956,-0.07741160690784454,-0.6361276507377625,-0.1822865903377533,-0.26094526052474976,-0.9107467532157898,-0.11257773637771606,0.00014064490096643567,-0.0006184633821249008,2.9332486519706436e-06,-0.20648130774497986,-0.23362800478935242,-0.01676529087126255,-0.4402046799659729,-0.43584394454956055,-0.11375012993812561,-0.5498800873756409,-0.7563297748565674,-0.09459784626960754,-0.11224330961704254,0.11787764728069305,0.015055196359753609,-0.3388119637966156,-0.03466476500034332,-0.03087788075208664,-0.5695526599884033,-0.23050329089164734,-0.14380401372909546,-0.7760931253433228,-0.5009666681289673,-0.12134267389774323,-0.25280576944351196,0.30907773971557617,0.06101851165294647,-0.5509215593338013,0.07015600055456161,-0.018473457545042038,-0.6756945252418518,-0.11878608167171478,-0.1447048783302307,-0.781453013420105,-0.21575739979743958,-0.1990479826927185
75,0.3071448504924774,0.6905034780502319,0.24331054091453552,0.5219983458518982,0.3229758143424988,-0.11948104202747345,0.6438325643539429,-0.13482321798801422,-0.3785954713821411,0.5567660331726074,-0.44031569361686707,-0.5962197780609131,0.6141871809959412,-0.6916792392730713,-0.7700434923171997,0.17074280977249146,-0.13985922932624817,-0.05262650176882744,0.04330521821975708,-0.45042112469673157,-0.12174549698829651,-0.0710664764046669,-0.6306051015853882,-0.20457017421722412,-0.2624537944793701,-0.9069122672080994,-0.10970938205718994,0.00014850316802039742,-0.0005991957150399685,-6.709715671604499e-05,-0.20991317927837372,-0.2325381636619568,-0.017001744359731674,-0.4381127953529358,-0.4344520568847656,-0.11558803915977478,-0.5388052463531494,-0.7626370787620544,-0.09890822321176529,-0.11049270629882812,0.11938130855560303,0.013436473906040192,-0.339935302734375,-0.035917751491069794,-0.030913982540369034,-0.5652316808700562,-0.23575109243392944,-0.14894510805606842,-0.7762743234634399,-0.5013532638549805,-0.12302331626415253,-0.25627535581588745,0.3034909963607788,0.06605736166238785,-0.5467046499252319,0.07088793814182281,-0.02756558358669281,-0.6795798540115356,-0.12620432674884796,-0.14559140801429749,-0.773098349571228,-0.2218899130821228,-0.19189605116844177
76,0.31409943103790283,0.6871466636657715,0.21534305810928345,0.5307737588882446,0.31233757734298706,-0.12507885694503784,0.6516529321670532,-0.14674663543701172,-0.3783797025680542,0.5639087557792664,-0.44561606645584106,-0.5937373042106628,0.6200923919677734,-0.7035068273544312,-0.7680841684341431,0.17125602066516876,-0.14263185858726501,-0.05509858578443527,0.04243285208940506,-0.4551765024662018,-0.10505107045173645,-0.075667604804039,-0.6366507411003113,-0.1995982825756073,-0.2582332193851471,-0.9043521881103516,-0.06060577556490898,0.0001654154621064663,-0.0004099268699064851,8.288373646792024e-05,-0.2154422104358673,-0.23292478919029236,0.0018306709825992584,-0.43869921565055847,-0.4448980689048767,-0.1127055287361145,-0.5644987225532532,-0.7742475271224976,-0.10871818661689758,-0.10860256850719452,0.12378795444965363,0.006124662701040506,-0.33553117513656616,-0.03600414842367172,-0.03105127066373825,-0.5749844908714294,-0.24454495310783386,-0.14609241485595703,-0.7944457530975342,-0.5226640105247498,-0.1111794114112854,-0.24325546622276306,0.3136554956436157,0.05170932784676552,-0.5456842184066772,0.07121312618255615,-0.0428587943315506,-0.6568093299865723,-0.10956628620624542,-0.1641780436038971,-0.7639296054840088,-0.22945311665534973,-0.19192978739738464
77,0.32644426822662354,0.7087059020996094,0.12117470055818558,0.5380373001098633,0.30869442224502563,-0.1394284963607788,0.6638535857200623,-0.1569591909646988,-0.3507356643676758,0.584540605545044,-0.4595206081867218,-0.5741012096405029,0.5936020612716675,-0.6918469667434692,-0.7143913507461548,0.1655123233795166,-0.14465653896331787,-0.04065128043293953,0.04531007632613182,-0.46164900064468384,-0.12054644525051117,-0.07198827713727951,-0.6294443607330322,-0.21664978563785553,-0.24046753346920013,-0.8751872181892395,-0.09630399942398071,0.0001664227165747434,-0.0003190329298377037,7.593851478304714e-05,-0.21368597447872162,-0.24069687724113464,0.008257290348410606,-0.43020695447921753,-0.4522749185562134,-0.11394186317920685,-0.5599802732467651,-0.7663909196853638,-0.11831635236740112,-0.10518095642328262,0.12249836325645447,0.0006836266256868839,-0.33063191175460815,-0.037886183708906174,-0.02703789249062538,-0.57171630859375,-0.2523116171360016,-0.14924737811088562,-0.7594603896141052,-0.5157507658004761,-0.08665914833545685,-0.22904065251350403,0.31932008266448975,0.04950921982526779,-0.5371371507644653,0.06847638636827469,-0.038928691297769547,-0.6276516914367676,-0.1007530689239502,-0.15432775020599365,-0.764496922492981,-0.21667034924030304,-0.2106255441904068
78,0.31805190443992615,0.7012096643447876,0.13352277874946594,0.5382826924324036,0.30461007356643677,-0.14003470540046692,0.664739727973938,-0.16405153274536133,-0.326688289642334,0.588765561580658,-0.47584736347198486,-0.5503318309783936,0.5840560793876648,-0.6902728080749512,-0.656037449836731,0.1640506386756897,-0.14177332818508148,-0.03606776148080826,0.046025656163692474,-0.46448707580566406,-0.12650619447231293,-0.07678460329771042,-0.6323670744895935,-0.20910605788230896,-0.23907624185085297,-0.8659265041351318,-0.10265069454908371,0.00015706333215348423,-0.0002288107934873551,0.00015688629355281591,-0.2129201591014862,-0.2444014549255371,0.0041946726851165295,-0.42815202474594116,-0.4573838710784912,-0.1170506477355957,-0.5711089372634888,-0.7496446371078491,-0.12863072752952576,-0.09912718087434769,0.12254337966442108,0.0007550810114480555,-0.3258521556854248,-0.03209899365901947,-0.025173041969537735,-0.5752042531967163,-0.2521260678768158,-0.14377181231975555,-0.7356240749359131,-0.517932116985321,-0.0780055969953537,-0.22665542364120483,0.32032448053359985,0.04793224483728409,-0.5344151258468628,0.06816922128200531,-0.036730628460645676,-0.6263136863708496,-0.0952562540769577,-0.1490059792995453,-0.7645462155342102,-0.2228049784898758,-0.17911690473556519
79,0.3184150457382202,0.6930088996887207,0.1384313404560089,0.5396259427070618,0.297602117061615,-0.1411815583705902,0.6690926551818848,-0.17175498604774475,-0.3193528652191162,0.5896165370941162,-0.48712360858917236,-0.5449026823043823,0.5800344944000244,-0.690062403678894,-0.6401649713516235,0.16204768419265747,-0.14092032611370087,-0.03324611485004425,0.04634413495659828,-0.46627581119537354,-0.12783509492874146,-0.07832631468772888,-0.636253297328949,-0.19561767578125,-0.2413659393787384,-0.8644711971282959,-0.09458892047405243,0.0001535351329948753,-0.0001612585037946701,0.0002884750720113516,-0.21276438236236572,-0.24549531936645508,0.0022811442613601685,-0.4269103705883026,-0.4587147831916809,-0.12037250399589539,-0.5549370646476746,-0.7671198844909668,-0.1338731348514557,-0.09410092979669571,0.12315206229686737,0.0011502484558150172,-0.32363665103912354,-0.029758764430880547,-0.023846544325351715,-0.5789480805397034,-0.25002580881118774,-0.13932786881923676,-0.7288652658462524,-0.5194317102432251,-0.07627256214618683,-0.22368329763412476,0.32072973251342773,0.044728681445121765,-0.5335112810134888,0.06660963594913483,-0.033759310841560364,-0.6264033913612366,-0.09342750906944275,-0.14472630620002747,-0.7682793140411377,-0.22796908020973206,-0.16118541359901428
80,0.3146039843559265,0.6980575919151306,0.116300567984581,0.5410023331642151,0.29084810614585876,-0.16010162234306335,0.6726553440093994,-0.18644621968269348,-0.3229523301124573,0.5976465940475464,-0.5127582550048828,-0.5428938269615173,0.5974816083908081,-0.7009130716323853,-0.6220570802688599,0.1590273678302765,-0.14618411660194397,-0.02529962733387947,0.04769987612962723,-0.47160208225250244,-0.11536522209644318,-0.08091546595096588,-0.6415375471115112,-0.18762435019016266,-0.2348690629005432,-0.8873149752616882,-0.07723985612392426,0.00018419575644657016,-0.00020167749607935548,0.00025319543783552945,-0.20911303162574768,-0.24872606992721558,0.015496989712119102,-0.42724695801734924,-0.4635539650917053,-0.1158011332154274,-0.4542902112007141,-0.6716225147247314,-0.18088623881340027,-0.09091699123382568,0.12272084504365921,-0.0016847734805196524,-0.3205878734588623,-0.028976306319236755,-0.01894587092101574,-0.5786764025688171,-0.24022439122200012,-0.13593943417072296,-0.7198002338409424,-0.5006809830665588,-0.07500392198562622,-0.22462816536426544,0.32418298721313477,0.04670620709657669,-0.534923255443573,0.06305575370788574,-0.03073304519057274,-0.6207460165023804,-0.0857180804014206,-0.13680687546730042,-0.7686135768890381,-0.22855651378631592,-0.1569054126739502
81,0.3240426480770111,0.7004271745681763,0.04708079248666763,0.5395561456680298,0.28536170721054077,-0.17536965012550354,0.6708112955093384,-0.1882491111755371,-0.3352128267288208,0.5911949872970581,-0.5239644050598145,-0.5558302402496338,0.6147998571395874,-0.7080623507499695,-0.6307497024536133,0.15903156995773315,-0.14491303265094757,-0.023088905960321426,0.04833385348320007,-0.4730761647224426,-0.10719850659370422,-0.08344666659832001,-0.6450843811035156,-0.19877226650714874,-0.22439256310462952,-0.9036317467689514,-0.05006957799196243,0.00019956438336521387,-0.000253655161941424,7.665614248253405e-05,-0.20220962166786194,-0.24747759103775024,0.03069290518760681,-0.4027933180332184,-0.47945308685302734,-0.09640158712863922,-0.39619338512420654,-0.6324102878570557,-0.2281995713710785,-0.08988523483276367,0.12096577882766724,-0.0035719391889870167,-0.32119089365005493,-0.029757559299468994,-0.009891456924378872,-0.5799360275268555,-0.23901112377643585,-0.12963750958442688,-0.7251238822937012,-0.491746723651886,-0.08290393650531769,-0.2287805676460266,0.3246215581893921,0.04577525705099106,-0.5363569259643555,0.0608159601688385,-0.024196704849600792,-0.6245701909065247,-0.09104754030704498,-0.1361140012741089,-0.7664051651954651,-0.23356160521507263,-0.1584751307964325
82,0.3252555727958679,0.6911779642105103,0.030508210882544518,0.5345186591148376,0.2797589898109436,-0.18704554438591003,0.6696083545684814,-0.19209161400794983,-0.3343689739704132,0.5820491313934326,-0.5206210017204285,-0.5615710616111755,0.5751311182975769,-0.6848336458206177,-0.655983030796051,0.15914610028266907,-0.14108330011367798,-0.02492043748497963,0.04977194219827652,-0.4737011790275574,-0.11277414858341217,-0.08463682234287262,-0.6433680057525635,-0.19944548606872559,-0.2187594175338745,-0.9086945056915283,-0.057080186903476715,0.00019962812075391412,-0.0005744483205489814,3.391745121916756e-05,-0.20238491892814636,-0.24805237352848053,0.03510025143623352,-0.4125385880470276,-0.48655152320861816,-0.10591167211532593,-0.36702126264572144,-0.5979974269866943,-0.23886525630950928,-0.0871465802192688,0.12011745572090149,-0.0028120828792452812,-0.3232790231704712,-0.03097018599510193,-0.006526108831167221,-0.5836364030838013,-0.23938356339931488,-0.12266823649406433,-0.5021611452102661,-0.29296281933784485,-0.1340646594762802,-0.23386526107788086,0.32169109582901,0.03769265487790108,-0.5414721369743347,0.057534605264663696,-0.022218095138669014,-0.6329992413520813,-0.09295426309108734,-0.13502106070518494,-0.7795835733413696,-0.21642239391803741,-0.19319771230220795
83,0.3069893717765808,0.6770572662353516,0.05775866657495499,0.5256874561309814,0.28069767355918884,-0.19695109128952026,0.6695148348808289,-0.19126088917255402,-0.32811206579208374,0.5820249319076538,-0.5196184515953064,-0.5621278882026672,0.5631217956542969,-0.6784656643867493,-0.6466704607009888,0.16159921884536743,-0.13671648502349854,-0.02584439143538475,0.04935123026371002,-0.47172659635543823,-0.1128542423248291,-0.08490918576717377,-0.638430118560791,-0.20013371109962463,-0.2097478210926056,-0.9076406359672546,-0.06477543711662292,0.00017934496281668544,-0.00038773001870140433,7.172030746005476e-05,-0.20075178146362305,-0.24764207005500793,0.0376434326171875,-0.4151908755302429,-0.48732757568359375,-0.109727643430233,-0.34542015194892883,-0.5778776407241821,-0.24690119922161102,-0.08731718361377716,0.118881456553936,-0.0020525469444692135,-0.32297971844673157,-0.031252048909664154,-0.007842686027288437,-0.5856596827507019,-0.2400297075510025,-0.1163824275135994,-0.3785478472709656,-0.18120652437210083,-0.1614215224981308,-0.2387651801109314,0.31644415855407715,0.037731558084487915,-0.5466505289077759,0.05301032215356827,-0.023413941264152527,-0.6390184164047241,-0.09207770228385925,-0.13809113204479218,-0.7818775177001953,-0.2224678099155426,-0.17108869552612305
84,0.30622246861457825,0.6715855598449707,-0.00526249036192894,0.51541668176651,0.2754822373390198,-0.23313754796981812,0.673943042755127,-0.19840650260448456,-0.3473086655139923,0.5704020857810974,-0.5313786864280701,-0.5625450611114502,0.5639024972915649,-0.6866365671157837,-0.6379289627075195,0.16268284618854523,-0.13708293437957764,-0.02925143949687481,0.05587932467460632,-0.47504669427871704,-0.10419271886348724,-0.08944648504257202,-0.6523880958557129,-0.18883055448532104,-0.21633709967136383,-0.9282631874084473,-0.04816378653049469,0.00020373455481603742,-0.0006791133200749755,-4.612057455233298e-05,-0.19891218841075897,-0.24763426184654236,0.0431705042719841,-0.39991044998168945,-0.501792848110199,-0.0877004936337471,-0.3448132872581482,-0.5866767168045044,-0.24920372664928436,-0.09008187055587769,0.11799712479114532,-0.0008813384920358658,-0.32555118203163147,-0.03660168498754501,-0.00107492133975029,-0.5860605239868164,-0.239723801612854,-0.11103881895542145,-0.32102471590042114,-0.13411910831928253,-0.1764199435710907,-0.25005799531936646,0.31634873151779175,0.033588703721761703,-0.5517171621322632,0.05076536536216736,-0.012555250898003578,-0.6497925519943237,-0.10621634125709534,-0.13305222988128662,-0.7979182004928589,-0.22234828770160675,-0.1947089433670044
85,0.29008954763412476,0.6751202344894409,0.008288241922855377,0.5067189335823059,0.2683558762073517,-0.24194954335689545,0.669257402420044,-0.203904926776886,-0.35249239206314087,0.554600715637207,-0.5317577123641968,-0.5620092153549194,0.5347137451171875,-0.6679341793060303,-0.6331495046615601,0.16542822122573853,-0.1379494071006775,-0.03204011172056198,0.061379462480545044,-0.47783565521240234,-0.09668487310409546,-0.07835911959409714,-0.6741273403167725,-0.15662315487861633,-0.21787434816360474,-0.939342737197876,-0.03575422242283821,0.00021456187823787332,-0.0008209818042814732,-6.931252573849633e-05,-0.19618205726146698,-0.2480895221233368,0.04557265341281891,-0.39336958527565,-0.5107042789459229,-0.07123758643865585,-0.349804162979126,-0.5877352952957153,-0.2549229860305786,-0.09212221950292587,0.12028776854276657,-0.002545812865719199,-0.3273007869720459,-0.04039537534117699,-0.0007953202002681792,-0.590522050857544,-0.2397076040506363,-0.10837473720312119,-0.2892572581768036,-0.10347529500722885,-0.1854570209980011,-0.25374144315719604,0.321082204580307,0.02760135382413864,-0.5570365190505981,0.05025378614664078,-0.009826929308474064,-0.6544633507728577,-0.11258402466773987,-0.14307010173797607,-0.7872738242149353,-0.2391379028558731,-0.17368604242801666
86,0.30059927701950073,0.6872349977493286,-0.035965073853731155,0.5077894330024719,0.2685825824737549,-0.2436169683933258,0.667438268661499,-0.2016541063785553,-0.3593795895576477,0.559482216835022,-0.5354218482971191,-0.5694429874420166,0.5536902546882629,-0.6775633096694946,-0.6311624050140381,0.166082501411438,-0.13627542555332184,-0.03406994789838791,0.05982010066509247,-0.47703099250793457,-0.0970427542924881,-0.08454977720975876,-0.6660193204879761,-0.1743682324886322,-0.22074592113494873,-0.9415806531906128,-0.020347554236650467,0.00021815000218339264,-0.0009029280045069754,1.7366710380883887e-05,-0.1948907971382141,-0.24902701377868652,0.049030378460884094,-0.38504666090011597,-0.5125603675842285,-0.06094413995742798,-0.33985233306884766,-0.5889220237731934,-0.2554537057876587,-0.09276805818080902,0.11864636093378067,-0.0006654758471995592,-0.3257824778556824,-0.03992883861064911,0.003351543564349413,-0.5842682123184204,-0.236736461520195,-0.10370931774377823,-0.2651267945766449,-0.08902247250080109,-0.18705204129219055,-0.2554885745048523,0.31742337346076965,0.0311922375112772,-0.5558773279190063,0.05439254269003868,-0.005119069945067167,-0.6541459560394287,-0.11171025037765503,-0.13551266491413116,-0.8004676103591919,-0.22592754662036896,-0.1901857554912567
87,0.2966703176498413,0.6975609064102173,-0.040931664407253265,0.5107892751693726,0.27060070633888245,-0.257228821516037,0.6661401987075806,-0.203656405210495,-0.3807623088359833,0.5664020776748657,-0.5334293842315674,-0.5943603515625,0.5467846393585205,-0.6845872402191162,-0.6836275458335876,0.1658652126789093,-0.1398257613182068,-0.03300486132502556,0.05819854140281677,-0.47637444734573364,-0.09777072072029114,-0.09244119375944138,-0.661235511302948,-0.1930173635482788,-0.21149756014347076,-0.948478102684021,-0.007480573374778032,0.0002337677142350003,-0.0009309114539064467,4.101359809283167e-05,-0.19198009371757507,-0.2501240670681,0.05426017940044403,-0.38226518034935,-0.513260006904602,-0.05071111023426056,-0.34363043308258057,-0.5851597189903259,-0.2469346970319748,-0.08967376500368118,0.11936502158641815,-0.0006648911512456834,-0.3236438035964966,-0.04307190328836441,0.010127377696335316,-0.5846565365791321,-0.241229847073555,-0.10537632554769516,-0.2672750949859619,-0.08079318702220917,-0.17668688297271729,-0.2516627907752991,0.3191658854484558,0.023488637059926987,-0.5499847531318665,0.05821540206670761,-0.0070794690400362015,-0.6475767493247986,-0.11037532985210419,-0.12928315997123718,-0.8118948340415955,-0.21824568510055542,-0.18485113978385925
88,0.29955464601516724,0.6921403408050537,0.010743893682956696,0.5145542621612549,0.2735718786716461,-0.2616770565509796,0.6688817739486694,-0.19448980689048767,-0.3724159002304077,0.5787127017974854,-0.5193619728088379,-0.5777312517166138,0.5290378332138062,-0.6740216016769409,-0.7007664442062378,0.1661069244146347,-0.14360132813453674,-0.03178146108984947,0.05477837473154068,-0.4661911427974701,-0.11036726832389832,-0.08627547323703766,-0.6730456352233887,-0.17717936635017395,-0.20509496331214905,-0.9384430050849915,-0.015707598999142647,0.0002440387906972319,-0.0009314392227679491,1.6845131540321745e-05,-0.19225841760635376,-0.24899064004421234,0.051928553730249405,-0.3837881088256836,-0.5055076479911804,-0.04981807991862297,-0.33959662914276123,-0.5717685222625732,-0.22534462809562683,-0.08962768316268921,0.1177058219909668,-0.0006701439851894975,-0.32699787616729736,-0.04076550900936127,0.006461040116846561,-0.585134744644165,-0.24549080431461334,-0.10784156620502472,-0.2648213505744934,-0.06880305707454681,-0.16123883426189423,-0.24636468291282654,0.31589198112487793,0.013440251350402832,-0.545879065990448,0.061946410685777664,-0.013523777946829796,-0.6404271125793457,-0.1023997887969017,-0.13355161249637604,-0.8148897886276245,-0.20334270596504211,-0.19740542769432068
89,0.32576003670692444,0.7180670499801636,0.11316550523042679,0.552947461605072,0.2784913182258606,-0.19150477647781372,0.6586827635765076,-0.19359084963798523,-0.39088767766952515,0.5654131174087524,-0.5058392882347107,-0.5791767835617065,0.5439396500587463,-0.6835161447525024,-0.7050614356994629,0.17353007197380066,-0.1508597880601883,-0.04334791749715805,0.05159471184015274,-0.4704040586948395,-0.10217417031526566,-0.07727014273405075,-0.6919028759002686,-0.1504238098859787,-0.2282896637916565,-0.9345923662185669,-0.05669789761304855,0.0002113455266226083,-0.0008734779548831284,-0.00019441645417828113,-0.19547578692436218,-0.2516986131668091,0.030902190133929253,-0.3835825026035309,-0.500659167766571,-0.07081986218690872,-0.34774258732795715,-0.5768747329711914,-0.222050279378891,-0.09075938165187836,0.11929284781217575,0.009619437158107758,-0.3319588303565979,-0.040896520018577576,0.011155339889228344,-0.5672173500061035,-0.22354857623577118,-0.09998838603496552,-0.24985557794570923,-0.06740906089544296,-0.165635347366333,-0.22525519132614136,0.3389359712600708,0.023360157385468483,-0.5179845690727234,0.11156556010246277,0.006178569048643112,-0.6342309713363647,-0.11523862183094025,-0.12897072732448578,-0.8265695571899414,-0.23353220522403717,-0.2036736011505127
